0,0,0,0,0,0,0,0,0,0,0,0,0,0,0,0,0,0,0,0,0,0,0,0,0,0,0,0,0,0,0,0,0,0,0,0,0,0,0,0,0,0,0,0,0,0,0,0,0,0,0,0,0,0,0,0,0,0,0,0,0,0,0,0,0,0,0,0,0,0,0,0,0,0,0,0,0,0,0,0,0,0,0,0,0,0,0,0,0,0,0,0,0,0,0,0,0,0,0,0,0,0,0,0,0,0,0,0,0,0,0,0,0,0,0,0,0,0,0,0,0,0,0,0,0,0,0,0,0,0,0,0,0,0,0,0,0,0,0,0,0,0,0,0,0,0,0,0,0,0,0,0,0,0,0,0,0,0,0,0,0,0,0,0,0,0,0,0,0,0,0,0,0,0,0,0,0,0,0,0,0,0,0,0,0,0,0,0,0,0,0,0,0,0,0,0,0,0,0,0
0,0,0,0,0,0,0,0,0,0,0,0,0,0,0,0,0,0,0,0,0,0,0,0,0,0,0,0,0,0,0,0,0,0,0,0,0,0,0,0,0,0,0,0,0,0,0,0,0,0,0,0,0,0,0,0,0,0,0,0,0,0,0,0,0,0,0,0,0,0,0,0,0,0,0,0,0,0,0,0,0,0,0,0,0,0,0,0,0,0,0,0,0,0,0,0,0,0,0,0,0,0,0,0,0,0,0,0,0,0,0,0,0,0,0,0,0,0,0,0,0,0,0,0,0,0,0,0,0,0,0,0,0,0,0,0,0,0,0,0,0,0,0,0,0,0,0,0,0,0,0,0,0,0,0,0,0,0,0,0,0,0,0,0,0,0,0,0,0,0,0,0,0,0,0,0,0,0,0,0,0,0,0,0,0,0,0,0,0,0,0,0,0,0,0,0,0,0,0,0
0,0,0,0,0,0,0,0,0,0,0,0,0,0,0,0,0,0,0,0,0,0,0,0,0,0,0,0,0,0,0,0,0,0,0,0,0,0,0,0,0,0,0,0,0,0,0,0,0,0,0,0,0,0,0,0,0,0,0,0,0,0,0,0,0,0,0,0,0,0,0,0,0,0,0,0,0,0,0,0,0,0,0,0,0,0,0,0,0,0,0,0,0,0,0,0,0,0,0,0,0,0,0,0,0,0,0,0,0,0,0,0,0,0,0,0,0,0,0,0,0,0,0,0,0,0,0,0,0,0,0,0,0,0,0,0,0,0,0,0,0,0,0,0,0,0,0,0,0,0,0,0,0,0,0,0,0,0,0,0,0,0,0,0,0,0,0,0,0,0,0,0,0,0,0,0,0,0,0,0,0,0,0,0,0,0,0,0,0,0,0,0,0,0,0,0,0,0,0,0
0,0,0,0,0,0,0,0,0,0,0,0,0,0,0,0,0,0,0,0,0,0,0,0,0,0,0,0,0,0,0,0,0,0,0,0,0,0,0,0,0,0,0,0,0,0,0,0,0,0,0,0,0,0,0,0,0,0,0,0,0,0,0,0,0,0,0,0,0,0,0,0,0,0,0,0,0,0,0,0,0,0,0,0,0,0,0,0,0,0,0,0,0,0,0,0,0,0,0,0,0,0,0,0,0,0,0,0,0,0,0,0,0,0,0,0,0,0,0,0,0,0,0,0,0,0,0,0,0,0,0,0,0,0,0,0,0,0,0,0,0,0,0,0,0,0,0,0,0,0,0,0,0,0,0,0,0,0,0,0,0,0,0,0,0,0,0,0,0,0,0,0,0,0,0,0,0,0,0,0,0,0,0,0,0,0,0,0,0,0,0,0,0,0,0,0,0,0,0,0
0,0,0,0,0,0,0,0,0,0,0,0,0,0,0,0,0,0,0,0,0,0,0,0,0,0,0,0,0,0,0,0,0,0,0,0,0,0,0,0,0,0,0,0,0,0,0,0,0,0,0,0,0,0,0,0,0,0,0,0,0,0,0,0,0,0,0,0,0,0,0,0,0,0,0,0,0,0,0,0,0,0,0,0,0,0,0,0,0,0,0,0,0,0,0,0,0,0,0,0,0,0,0,0,0,0,0,0,0,0,0,0,0,0,0,0,0,0,0,0,0,0,0,0,0,0,0,0,0,0,0,0,0,0,0,0,0,0,0,0,0,0,0,0,0,0,0,0,0,0,0,0,0,0,0,0,0,0,0,0,0,0,0,0,0,0,0,0,0,0,0,0,0,0,0,0,0,0,0,0,0,0,0,0,0,0,0,0,0,0,0,0,0,0,0,0,0,0,0,0
0,0,0,0,0,0,0,0,0,0,0,0,0,0,0,0,0,0,0,0,0,0,0,0,0,0,0,0,0,0,0,0,0,0,0,0,0,0,0,0,0,0,0,0,0,0,0,0,0,0,0,0,0,0,0,0,0,0,0,0,0,0,0,0,0,0,0,0,0,0,0,0,0,0,0,0,0,0,0,0,0,0,0,0,0,0,0,0,0,0,0,0,0,0,0,0,0,0,0,0,0,0,0,0,0,0,0,0,0,0,0,0,0,0,0,0,0,0,0,0,0,0,0,0,0,0,0,0,0,0,0,0,0,0,0,0,0,0,0,0,0,0,0,0,0,0,0,0,0,0,0,0,0,0,0,0,0,0,0,0,0,0,0,0,0,0,0,0,0,0,0,0,0,0,0,0,0,0,0,0,0,0,0,0,0,0,0,0,0,0,0,0,0,0,0,0,0,0,0,0
0,0,0,0,0,0,0,0,0,0,0,0,0,0,0,0,0,0,0,0,0,0,0,0,0,0,0,0,0,0,0,0,0,0,0,0,0,0,0,0,0,0,0,0,0,0,0,0,0,0,0,0,0,0,0,0,0,0,0,0,0,0,0,0,0,0,0,0,0,0,0,0,0,0,0,0,0,0,0,0,0,0,0,0,0,0,0,0,0,0,0,0,0,0,0,0,0,0,0,0,0,0,0,0,0,0,0,0,0,0,0,0,0,0,0,0,0,0,0,0,0,0,0,0,0,0,0,0,0,0,0,0,0,0,0,0,0,0,0,0,0,0,0,0,0,0,0,0,0,0,0,0,0,0,0,0,0,0,0,0,0,0,0,0,0,0,0,0,0,0,0,0,0,0,0,0,0,0,0,0,0,0,0,0,0,0,0,0,0,0,0,0,0,0,0,0,0,0,0,0
0,0,0,0,0,0,0,0,0,0,0,0,0,0,0,0,0,0,0,0,0,0,0,0,0,0,0,0,0,0,0,0,0,0,0,0,0,0,0,0,0,0,0,0,0,0,0,0,0,0,0,0,0,0,0,0,0,0,0,0,0,0,0,0,0,0,0,0,0,0,0,0,0,0,0,0,0,0,0,0,0,0,0,0,0,0,0,0,0,0,0,0,0,0,0,0,0,0,0,0,0,0,0,0,0,0,0,0,0,0,0,0,0,0,0,0,0,0,0,0,0,0,0,0,0,0,0,0,0,0,0,0,0,0,0,0,0,0,0,0,0,0,0,0,0,0,0,0,0,0,0,0,0,0,0,0,0,0,0,0,0,0,0,0,0,0,0,0,0,0,0,0,0,0,0,0,0,0,0,0,0,0,0,0,0,0,0,0,0,0,0,0,0,0,0,0,0,0,0,0
0,0,0,0,0,0,0,0,0,0,0,0,0,0,0,0,0,0,0,0,0,0,0,0,0,0,0,0,0,0,0,0,0,0,0,0,0,0,0,0,0,0,0,0,0,0,0,0,0,0,0,0,0,0,0,0,0,0,0,0,0,0,0,0,0,0,0,0,0,0,0,0,0,0,0,0,0,0,0,0,0,0,0,0,0,0,0,0,0,0,0,0,0,0,0,0,0,0,0,0,0,0,0,0,0,0,0,0,0,0,0,0,0,0,0,0,0,0,0,0,0,0,0,0,0,0,0,0,0,0,0,0,0,0,0,0,0,0,0,0,0,0,0,0,0,0,0,0,0,0,0,0,0,0,0,0,0,0,0,0,0,0,0,0,0,0,0,0,0,0,0,0,0,0,0,0,0,0,0,0,0,0,0,0,0,0,0,0,0,0,0,0,0,0,0,0,0,0,0,0
0,0,0,0,0,0,0,0,0,0,0,0,0,0,0,0,0,0,0,0,0,0,0,0,0,0,0,0,0,0,0,0,0,0,0,0,0,0,0,0,0,0,0,0,0,0,0,0,0,0,0,0,0,0,0,0,0,0,0,0,0,0,0,0,0,0,0,0,0,0,0,0,0,0,0,0,0,0,0,0,0,0,0,0,0,0,0,0,0,0,0,0,0,0,0,0,0,0,0,0,0,0,0,0,0,0,0,0,0,0,0,0,0,0,0,0,0,0,0,0,0,0,0,0,0,0,0,0,0,0,0,0,0,0,0,0,0,0,0,0,0,0,0,0,0,0,0,0,0,0,0,0,0,0,0,0,0,0,0,0,0,0,0,0,0,0,0,0,0,0,0,0,0,0,0,0,0,0,0,0,0,0,0,0,0,0,0,0,0,0,0,0,0,0,0,0,0,0,0,0
0,0,0,0,0,0,0,0,0,0,0,0,0,0,0,0,0,0,0,0,0,0,0,0,0,0,0,0,0,0,0,0,0,0,0,0,0,0,0,0,0,0,0,0,0,0,0,0,0,0,0,0,0,0,0,0,0,0,0,0,0,0,0,0,0,0,0,0,0,0,0,0,0,0,0,0,0,0,0,0,0,0,0,0,0,0,0,0,0,0,0,0,0,0,0,0,0,0,0,0,0,0,0,0,0,0,0,0,0,0,0,0,0,0,0,0,0,0,0,0,0,0,0,0,0,0,0,0,0,0,0,0,0,0,0,0,0,0,0,0,0,0,0,0,0,0,0,0,0,0,0,0,0,0,0,0,0,0,0,0,0,0,0,0,0,0,0,0,0,0,0,0,0,0,0,0,0,0,0,0,0,0,0,0,0,0,0,0,0,0,0,0,0,0,0,0,0,0,0,0
0,0,0,0,0,0,0,0,0,0,0,0,0,0,0,0,0,0,0,0,0,0,0,0,0,0,0,0,0,0,0,0,0,0,0,0,0,0,0,0,0,0,0,0,0,0,0,0,0,0,0,0,0,0,0,0,0,0,0,0,0,0,0,0,0,0,0,0,0,0,0,0,0,0,0,0,0,0,0,0,0,0,0,0,0,0,0,0,0,0,0,0,0,0,0,0,0,0,0,0,0,0,0,0,0,0,0,0,0,0,0,0,0,0,0,0,0,0,0,0,0,0,0,0,0,0,0,0,0,0,0,0,0,0,0,0,0,0,0,0,0,0,0,0,0,0,0,0,0,0,0,0,0,0,0,0,0,0,0,0,0,0,0,0,0,0,0,0,0,0,0,0,0,0,0,0,0,0,0,0,0,0,0,0,0,0,0,0,0,0,0,0,0,0,0,0,0,0,0,0
0,0,0,0,0,0,0,0,0,0,0,0,0,0,0,0,0,0,0,0,0,0,0,0,0,0,0,0,0,0,0,0,0,0,0,0,0,0,0,0,0,0,0,0,0,0,0,0,0,0,0,0,0,0,0,0,0,0,0,0,0,0,0,0,0,0,0,0,0,0,0,0,0,0,0,0,0,0,0,0,0,0,0,0,0,0,0,0,0,0,0,0,0,0,0,0,0,0,0,0,0,0,0,0,0,0,0,0,0,0,0,0,0,0,0,0,0,0,0,0,0,0,0,0,0,0,0,0,0,0,0,0,0,0,0,0,0,0,0,0,0,0,0,0,0,0,0,0,0,0,0,0,0,0,0,0,0,0,0,0,0,0,0,0,0,0,0,0,0,0,0,0,0,0,0,0,0,0,0,0,0,0,0,0,0,0,0,0,0,0,0,0,0,0,0,0,0,0,0,0
0,0,0,0,0,0,0,0,0,0,0,0,0,0,0,0,0,0,0,0,0,0,0,0,0,0,0,0,0,0,0,0,0,0,0,0,0,0,0,0,0,0,0,0,0,0,0,0,0,0,0,0,0,0,0,0,0,0,0,0,0,0,0,0,0,0,0,0,0,0,0,0,0,0,0,0,0,0,0,0,0,0,0,0,0,0,0,0,0,0,0,0,0,0,0,0,0,0,0,0,0,0,0,0,0,0,0,0,0,0,0,0,0,0,0,0,0,0,0,0,0,0,0,0,0,0,0,0,0,0,0,0,0,0,0,0,0,0,0,0,0,0,0,0,0,0,0,0,0,0,0,0,0,0,0,0,0,0,0,0,0,0,0,0,0,0,0,0,0,0,0,0,0,0,0,0,0,0,0,0,0,0,0,0,0,0,0,0,0,0,0,0,0,0,0,0,0,0,0,0
0,0,0,0,0,0,0,0,0,0,0,0,0,0,0,0,0,0,0,0,0,0,0,0,0,0,0,0,0,0,0,0,0,0,0,0,0,0,0,0,0,0,0,0,0,0,0,0,0,0,0,0,0,0,0,0,0,0,0,0,0,0,0,0,0,0,0,0,0,0,0,0,0,0,0,0,0,0,0,0,0,0,0,0,0,0,0,0,0,0,0,0,0,0,0,0,0,0,0,0,0,0,0,0,0,0,0,0,0,0,0,0,0,0,0,0,0,0,0,0,0,0,0,0,0,0,0,0,0,0,0,0,0,0,0,0,0,0,0,0,0,0,0,0,0,0,0,0,0,0,0,0,0,0,0,0,0,0,0,0,0,0,0,0,0,0,0,0,0,0,0,0,0,0,0,0,0,0,0,0,0,0,0,0,0,0,0,0,0,0,0,0,0,0,0,0,0,0,0,0
0,0,0,0,0,0,0,0,0,0,0,0,0,0,0,0,0,0,0,0,0,0,0,0,0,0,0,0,0,0,0,0,0,0,0,0,0,0,0,0,0,0,0,0,0,0,0,0,0,0,0,0,0,0,0,0,0,0,0,0,0,0,0,0,0,0,0,0,0,0,0,0,0,0,0,0,0,0,0,0,0,0,0,0,0,0,0,0,0,0,0,0,0,0,0,0,0,0,0,0,0,0,0,0,0,0,0,0,0,0,0,0,0,0,0,0,0,0,0,0,0,0,0,0,0,0,0,0,0,0,0,0,0,0,0,0,0,0,0,0,0,0,0,0,0,0,0,0,0,0,0,0,0,0,0,0,0,0,0,0,0,0,0,0,0,0,0,0,0,0,0,0,0,0,0,0,0,0,0,0,0,0,0,0,0,0,0,0,0,0,0,0,0,0,0,0,0,0,0,0
0,0,0,0,0,0,0,0,0,0,0,0,0,0,0,0,0,0,0,0,0,0,0,0,0,0,0,0,0,0,0,0,0,0,0,0,0,0,0,0,0,0,0,0,0,0,0,0,0,0,0,0,0,0,0,0,0,0,0,0,0,0,0,0,0,0,0,0,0,0,0,0,0,0,0,0,0,0,0,0,0,0,0,0,0,0,0,0,0,0,0,0,0,0,0,0,0,0,0,0,0,0,0,0,0,0,0,0,0,0,0,0,0,0,0,0,0,0,0,0,0,0,0,0,0,0,0,0,0,0,0,0,0,0,0,0,0,0,0,0,0,0,0,0,0,0,0,0,0,0,0,0,0,0,0,0,0,0,0,0,0,0,0,0,0,0,0,0,0,0,0,0,0,0,0,0,0,0,0,0,0,0,0,0,0,0,0,0,0,0,0,0,0,0,0,0,0,0,0,0
0,0,0,0,0,0,0,0,0,0,0,0,0,0,0,0,0,0,0,0,0,0,0,0,0,0,0,0,0,0,0,0,0,0,0,0,0,0,0,0,0,0,0,0,0,0,0,0,0,0,0,0,0,0,0,0,0,0,0,0,0,0,0,0,0,0,0,0,0,0,0,0,0,0,0,0,0,0,0,0,0,0,0,0,0,0,0,0,0,0,0,0,0,0,0,0,0,0,0,0,0,0,0,0,0,0,0,0,0,0,0,0,0,0,0,0,0,0,0,0,0,0,0,0,0,0,0,0,0,0,0,0,0,0,0,0,0,0,0,0,0,0,0,0,0,0,0,0,0,0,0,0,0,0,0,0,0,0,0,0,0,0,0,0,0,0,0,0,0,0,0,0,0,0,0,0,0,0,0,0,0,0,0,0,0,0,0,0,0,0,0,0,0,0,0,0,0,0,0,0
0,0,0,0,0,0,0,0,0,0,0,0,0,0,0,0,0,0,0,0,0,0,0,0,0,0,0,0,0,0,0,0,0,0,0,0,0,0,0,0,0,0,0,0,0,0,0,0,0,0,0,0,0,0,0,0,0,0,0,0,0,0,0,0,0,0,0,0,0,0,0,0,0,0,0,0,0,0,0,0,0,0,0,0,0,0,0,0,0,0,0,0,0,0,0,0,0,0,0,0,0,0,0,0,0,0,0,0,0,0,0,0,0,0,0,0,0,0,0,0,0,0,0,0,0,0,0,0,0,0,0,0,0,0,0,0,0,0,0,0,0,0,0,0,0,0,0,0,0,0,0,0,0,0,0,0,0,0,0,0,0,0,0,0,0,0,0,0,0,0,0,0,0,0,0,0,0,0,0,0,0,0,0,0,0,0,0,0,0,0,0,0,0,0,0,0,0,0,0,0
0,0,0,0,0,0,0,0,0,0,0,0,0,0,0,0,0,0,0,0,0,0,0,0,0,0,0,0,0,0,0,0,0,0,0,0,0,0,0,0,0,0,0,0,0,0,0,0,0,0,0,0,0,0,0,0,0,0,0,0,0,0,0,0,0,0,0,0,0,0,0,0,0,0,0,0,0,0,0,0,0,0,0,0,0,0,0,0,0,0,0,0,0,0,0,0,0,0,0,0,0,0,0,0,0,0,0,0,0,0,0,0,0,0,0,0,0,0,0,0,0,0,0,0,0,0,0,0,0,0,0,0,0,0,0,0,0,0,0,0,0,0,0,0,0,0,0,0,0,0,0,0,0,0,0,0,0,0,0,0,0,0,0,0,0,0,0,0,0,0,0,0,0,0,0,0,0,0,0,0,0,0,0,0,0,0,0,0,0,0,0,0,0,0,0,0,0,0,0,0
0,0,0,0,0,0,0,0,0,0,0,0,0,0,0,0,0,0,0,0,0,0,0,0,0,0,0,0,0,0,0,0,0,0,0,0,0,0,0,0,0,0,0,0,0,0,0,0,0,0,0,0,0,0,0,0,0,0,0,0,0,0,0,0,0,0,0,0,0,0,0,0,0,0,0,0,0,0,0,0,0,0,0,0,0,0,0,0,0,0,0,0,0,0,0,0,0,0,0,0,0,0,0,0,0,0,0,0,0,0,0,0,0,0,0,0,0,0,0,0,0,0,0,0,0,0,0,0,0,0,0,0,0,0,0,0,0,0,0,0,0,0,0,0,0,0,0,0,0,0,0,0,0,0,0,0,0,0,0,0,0,0,0,0,0,0,0,0,0,0,0,0,0,0,0,0,0,0,0,0,0,0,0,0,0,0,0,0,0,0,0,0,0,0,0,0,0,0,0,0
0,0,0,0,0,0,0,0,0,0,0,0,0,0,0,0,0,0,0,0,0,0,0,0,0,0,0,0,0,0,0,0,0,0,0,0,0,0,0,0,0,0,0,0,0,0,0,0,0,0,0,0,0,0,0,0,0,0,0,0,0,0,0,0,0,0,0,0,0,0,0,0,0,0,0,0,0,0,0,0,0,0,0,0,0,0,0,0,0,0,0,0,0,0,0,0,0,0,0,0,0,0,0,0,0,0,0,0,0,0,0,0,0,0,0,0,0,0,0,0,0,0,0,0,0,0,0,0,0,0,0,0,0,0,0,0,0,0,0,0,0,0,0,0,0,0,0,0,0,0,0,0,0,0,0,0,0,0,0,0,0,0,0,0,0,0,0,0,0,0,0,0,0,0,0,0,0,0,0,0,0,0,0,0,0,0,0,0,0,0,0,0,0,0,0,0,0,0,0,0
0,0,0,0,0,0,0,0,0,0,0,0,0,0,0,0,0,0,0,0,0,0,0,0,0,0,0,0,0,0,0,0,0,0,0,0,0,0,0,0,0,0,0,0,0,0,0,0,0,0,0,0,0,0,0,0,0,0,0,0,0,0,0,0,0,0,0,0,0,0,0,0,0,0,0,0,0,0,0,0,0,0,0,0,0,0,0,0,0,0,0,0,0,0,0,0,0,0,0,0,0,0,0,0,0,0,0,0,0,0,0,0,0,0,0,0,0,0,0,0,0,0,0,0,0,0,0,0,0,0,0,0,0,0,0,0,0,0,0,0,0,0,0,0,0,0,0,0,0,0,0,0,0,0,0,0,0,0,0,0,0,0,0,0,0,0,0,0,0,0,0,0,0,0,0,0,0,0,0,0,0,0,0,0,0,0,0,0,0,0,0,0,0,0,0,0,0,0,0,0
0,0,0,0,0,0,0,0,0,0,0,0,0,0,0,0,0,0,0,0,0,0,0,0,0,0,0,0,0,0,0,0,0,0,0,0,0,0,0,0,0,0,0,0,0,0,0,0,0,0,0,0,0,0,0,0,0,0,0,0,0,0,0,0,0,0,0,0,0,0,0,0,0,0,0,0,0,0,0,0,0,0,0,0,0,0,0,0,0,0,0,0,0,0,0,0,0,0,0,0,0,0,0,0,0,0,0,0,0,0,0,0,0,0,0,0,0,0,0,0,0,0,0,0,0,0,0,0,0,0,0,0,0,0,0,0,0,0,0,0,0,0,0,0,0,0,0,0,0,0,0,0,0,0,0,0,0,0,0,0,0,0,0,0,0,0,0,0,0,0,0,0,0,0,0,0,0,0,0,0,0,0,0,0,0,0,0,0,0,0,0,0,0,0,0,0,0,0,0,0
0,0,0,0,0,0,0,0,0,0,0,0,0,0,0,0,0,0,0,0,0,0,0,0,0,0,0,0,0,0,0,0,0,0,0,0,0,0,0,0,0,0,0,0,0,0,0,0,0,0,0,0,0,0,0,0,0,0,0,0,0,0,0,0,0,0,0,0,0,0,0,0,0,0,0,0,0,0,0,0,0,0,0,0,0,0,0,0,0,0,0,0,0,0,0,0,0,0,0,0,0,0,0,0,0,0,0,0,0,0,0,0,0,0,0,0,0,0,0,0,0,0,0,0,0,0,0,0,0,0,0,0,0,0,0,0,0,0,0,0,0,0,0,0,0,0,0,0,0,0,0,0,0,0,0,0,0,0,0,0,0,0,0,0,0,0,0,0,0,0,0,0,0,0,0,0,0,0,0,0,0,0,0,0,0,0,0,0,0,0,0,0,0,0,0,0,0,0,0,0
0,0,0,0,0,0,0,0,0,0,0,0,0,0,0,0,0,0,0,0,0,0,0,0,0,0,0,0,0,0,0,0,0,0,0,0,0,0,0,0,0,0,0,0,0,0,0,0,0,0,0,0,0,0,0,0,0,0,0,0,0,0,0,0,0,0,0,0,0,0,0,0,0,0,0,0,0,0,0,0,0,0,0,0,0,0,0,0,0,0,0,0,0,0,0,0,0,0,0,0,0,0,0,0,0,0,0,0,0,0,0,0,0,0,0,0,0,0,0,0,0,0,0,0,0,0,0,0,0,0,0,0,0,0,0,0,0,0,0,0,0,0,0,0,0,0,0,0,0,0,0,0,0,0,0,0,0,0,0,0,0,0,0,0,0,0,0,0,0,0,0,0,0,0,0,0,0,0,0,0,0,0,0,0,0,0,0,0,0,0,0,0,0,0,0,0,0,0,0,0
0,0,0,0,0,0,0,0,0,0,0,0,0,0,0,0,0,0,0,0,0,0,0,0,0,0,0,0,0,0,0,0,0,0,0,0,0,0,0,0,0,0,0,0,0,0,0,0,0,0,0,0,0,0,0,0,0,0,0,0,0,0,0,0,0,0,0,0,0,0,0,0,0,0,0,0,0,0,0,0,0,0,0,0,0,0,0,0,0,0,0,0,0,0,0,0,0,0,0,0,0,0,0,0,0,0,0,0,0,0,0,0,0,0,0,0,0,0,0,0,0,0,0,0,0,0,0,0,0,0,0,0,0,0,0,0,0,0,0,0,0,0,0,0,0,0,0,0,0,0,0,0,0,0,0,0,0,0,0,0,0,0,0,0,0,0,0,0,0,0,0,0,0,0,0,0,0,0,0,0,0,0,0,0,0,0,0,0,0,0,0,0,0,0,0,0,0,0,0,0
0,0,0,0,0,0,0,0,0,0,0,0,0,0,0,0,0,0,0,0,0,0,0,0,0,0,0,0,0,0,0,0,0,0,0,0,0,0,0,0,0,0,0,0,0,0,0,0,0,0,0,0,0,0,0,0,0,0,0,0,0,0,0,0,0,0,0,0,0,0,0,0,0,0,0,0,0,0.106764589471767,0.145015758269481,0,0,0,0,0,0,0,0,0,0,0,0,0,0,0,0,0,0,0,0,0,0,0,0,0,0,0,0,0,0,0,0,0,0,0,0,0,0,0,0,0,0,0,0.145015758269501,0.10676458947176,0,0,0,0,0,0,0,0,0,0,0,0,0,0,0,0,0,0,0,0,0,0,0,0,0,0,0,0,0,0,0,0,0,0,0,0,0,0,0,0,0,0,0,0,0,0,0,0,0,0,0,0,0,0,0,0,0,0,0,0,0,0,0,0,0,0,0,0,0,0,0,0,0,0,0,0
0,0,0,0,0,0,0,0,0,0,0,0,0,0,0,0,0,0,0,0,0,0,0,0,0,0,0,0,0,0,0,0,0,0,0,0,0,0,0,0,0,0,0,0,0,0,0,0,0,0,0,0,0,0,0,0,0,0,0,0,0,0,0,0,0,0,0,0,0,0,0,0,0,0,0,0,0,0.428779268963788,0.559119111200719,0.403827134648811,0.104917466122078,0,0,0,0,0,0,0,0,0,0,0,0,0,0,0,0,0,0,0,0,0,0,0,0,0,0,0,0,0,0,0,0,0,0,0,0,0,0,0,0.104917466122102,0.403827134648833,0.559119111200718,0.428779268963771,0,0,0,0,0,0,0,0,0,0,0,0,0,0,0,0,0,0,0,0,0,0,0,0,0,0,0,0,0,0,0,0,0,0,0,0,0,0,0,0,0,0,0,0,0,0,0,0,0,0,0,0,0,0,0,0,0,0,0,0,0,0,0,0,0,0,0,0,0,0,0,0,0,0,0,0
0,0,0,0,0,0,0,0,0,0,0,0,0,0,0,0,0,0,0,0,0,0,0,0,0,0,0,0,0,0,0,0,0,0,0,0,0,0,0,0,0,0,0,0,0,0,0,0,0,0,0,0,0,0,0,0,0,0,0,0,0,0,0,0,0,0,0,0,0,0,0,0,0,0,0,0,0.265535999401667,0.628101808157407,0.64757435963874,0.667046911120072,0.686519462601404,0.384148907599377,0.0221656695846568,0,0,0,0,0,0,0,0,0,0,0,0,0,0,0,0,0,0,0,0,0,0,0,0,0,0,0,0,0,0,0,0,0,0,0,0.0221656695846977,0.38414890759941,0.686519462601404,0.667046911120072,0.64757435963874,0.628101808157408,0.265535999401646,0,0,0,0,0,0,0,0,0,0,0,0,0,0,0,0,0,0,0,0,0,0,0,0,0,0,0,0,0,0,0,0,0,0,0,0,0,0,0,0,0,0,0,0,0,0,0,0,0,0,0,0,0,0,0,0,0,0,0,0,0,0,0,0,0,0,0,0,0,0,0,0,0,0,0
0,0,0,0,0,0,0,0,0,0,0,0,0,0,0,0,0,0,0,0,0,0,0,0,0,0,0,0,0,0,0,0,0,0,0,0,0,0,0,0,0,0,0,0,0,0,0,0,0,0,0,0,0,0,0,0,0,0,0,0,0,0,0,0,0,0,0,0,0,0,0,0,0,0,0,0.0349357483057892,0.627569249036375,0.700774359638739,0.720246911120072,0.771770830673308,0.813132533210195,0.864943345959236,0.858841637438905,0.395114314468176,0,0,0,0,0,0,0,0,0,0,0,0,0,0,0,0,0,0,0,0,0,0,0,0,0,0,0,0,0,0,0,0,0,0.395114314468203,0.858841637438944,0.864943345959238,0.813132533210193,0.771770830673309,0.720246911120072,0.70077435963874,0.627569249036353,0.034935748305764,0,0,0,0,0,0,0,0,0,0,0,0,0,0,0,0,0,0,0,0,0,0,0,0,0,0,0,0,0,0,0,0,0,0,0,0,0,0,0,0,0,0,0,0,0,0,0,0,0,0,0,0,0,0,0,0,0,0,0,0,0,0,0,0,0,0,0,0,0,0,0,0,0,0
0,0,0,0,0,0,0,0,0,0,0,0,0,0,0,0,0,0,0,0,0,0,0,0,0,0,0,0,0,0,0,0,0,0,0,0,0,0,0,0,0,0,0,0,0,0,0,0,0,0,0,0,0,0,0,0,0,0,0,0,0,0,0,0,0,0,0,0,0,0,0,0,0,0,0,0.438995454363359,0.804146797859841,0.847840809089608,0.919494827291371,0.971812092136127,0.986785711442658,1.000733237347,1.00578195662448,1.01733485651478,0.779397877972731,0.273859618708172,0,0,0,0,0,0,0,0,0,0,0,0,0,0,0,0,0,0,0,0,0,0,0,0,0,0,0,0,0,0.273859618708196,0.779397877972752,1.01733485651478,1.00578195662448,1.000733237347,0.986785711442658,0.971812092136129,0.919494827291377,0.847840809089611,0.804146797859839,0.438995454363335,0,0,0,0,0,0,0,0,0,0,0,0,0,0,0,0,0,0,0,0,0,0,0,0,0,0,0,0,0,0,0,0,0,0,0,0,0,0,0,0,0,0,0,0,0,0,0,0,0,0,0,0,0,0,0,0,0,0,0,0,0,0,0,0,0,0,0,0,0,0,0,0,0,0
0,0,0,0,0,0,0,0,0,0,0,0,0,0,0,0,0,0,0,0,0,0,0,0,0,0,0,0,0,0,0,0,0,0,0,0,0,0,0,0,0,0,0,0,0,0,0,0,0,0,0,0,0,0,0,0,0,0,0,0,0,0,0,0,0,0,0,0,0,0,0,0,0,0,0.181322677029283,0.966452398366264,0.98114193902106,1.00059119802113,1.00373012322394,1.01416903547132,1.02337521323118,1.02879986216435,1.0461936844045,1.06293866181922,1.06085993257803,1.064,0.663310648334815,0.131310648334815,0,0,0,0,0,0,0,0,0,0,0,0,0,0,0,0,0,0,0,0,0,0,0,0,0,0.131310648334849,0.663310648334849,1.064,1.06085993257803,1.06293866181922,1.0461936844045,1.02879986216435,1.02337521323118,1.01416903547133,1.00373012322394,1.00059119802113,0.98114193902106,0.966452398366265,0.181322677029248,0,0,0,0,0,0,0,0,0,0,0,0,0,0,0,0,0,0,0,0,0,0,0,0,0,0,0,0,0,0,0,0,0,0,0,0,0,0,0,0,0,0,0,0,0,0,0,0,0,0,0,0,0,0,0,0,0,0,0,0,0,0,0,0,0,0,0,0,0,0,0,0,0
0,0,0,0,0,0,0,0,0,0,0,0,0,0,0,0,0,0,0,0,0,0,0,0,0,0,0,0,0,0,0,0,0,0,0,0,0,0,0,0,0,0,0,0,0,0,0,0,0,0,0,0,0,0,0,0,0,0,0,0,0,0,0,0,0,0,0,0,0,0,0,0,0,0,0.690389239072667,1.01054659725022,1.02160745848238,1.02559598179824,1.04083399063463,1.06344546731877,1.06071789325217,1.06385681845498,1.064,1.064,1.05176904145339,1.064,1.06914610895408,1.05276167796146,0.519971364993004,0,0,0,0,0,0,0,0,0,0,0,0,0,0,0,0,0,0,0,0,0,0,0,0.519971364993033,1.05276167796149,1.06914610895408,1.064,1.05176904145339,1.064,1.064,1.06385681845498,1.06071789325217,1.06344546731878,1.04083399063463,1.02559598179824,1.02160745848238,1.01054659725022,0.690389239072631,0,0,0,0,0,0,0,0,0,0,0,0,0,0,0,0,0,0,0,0,0,0,0,0,0,0,0,0,0,0,0,0,0,0,0,0,0,0,0,0,0,0,0,0,0,0,0,0,0,0,0,0,0,0,0,0,0,0,0,0,0,0,0,0,0,0,0,0,0,0,0,0,0
0,0,0,0,0,0,0,0,0,0,0,0,0,0,0,0,0,0,0,0,0,0,0,0,0,0,0,0,0,0,0,0,0,0,0,0,0,0,0,0,0,0,0,0,0,0,0,0,0,0,0,0,0,0,0,0,0,0,0,0,0,0,0,0,0,0,0,0,0,0,0,0,0,0.334837054271441,1.03598602464479,1.05668770725426,1.06108758170632,1.06231671283445,1.064,1.064,1.05418807426754,1.0487300949932,1.04409957238613,1.00313964594351,1.0834435356403,1.13060092361909,1.20882487587261,1.26348723546662,1.24393875150904,1.1612708257405,0.503335708594692,0,0,0,0,0,0,0,0,0,0,0,0,0,0,0,0,0,0,0,0.503335708594721,1.16127082574053,1.24393875150904,1.26348723546662,1.20882487587261,1.13060092361909,1.08344353564031,1.00313964594351,1.04409957238613,1.0487300949932,1.05418807426754,1.064,1.064,1.06231671283445,1.06108758170632,1.05668770725426,1.03598602464479,0.334837054271411,0,0,0,0,0,0,0,0,0,0,0,0,0,0,0,0,0,0,0,0,0,0,0,0,0,0,0,0,0,0,0,0,0,0,0,0,0,0,0,0,0,0,0,0,0,0,0,0,0,0,0,0,0,0,0,0,0,0,0,0,0,0,0,0,0,0,0,0,0,0,0,0
0,0,0,0,0,0,0,0,0,0,0,0,0,0,0,0,0,0,0,0,0,0,0,0,0,0,0,0,0,0,0,0,0,0,0,0,0,0,0,0,0,0,0,0,0,0,0,0,0,0,0,0,0,0,0,0,0,0,0,0,0,0,0,0,0,0,0,0,0,0,0,0,0,0.869274485186689,1.064,1.064,1.05730736614908,1.04923598445678,1.04876566550352,1.01389400329568,1.05319449751591,1.14862787905533,1.20785246456051,1.28192398651059,1.34360354324944,1.36922500627165,1.416,1.41253009253366,1.416,1.40955977694956,1.416,1.02162768035346,0.313627680353457,0,0,0,0,0,0,0,0,0,0,0,0,0,0,0,0.3136276803535,1.0216276803535,1.416,1.40955977694956,1.416,1.41253009253366,1.416,1.36922500627165,1.34360354324944,1.28192398651058,1.20785246456051,1.14862787905533,1.05319449751592,1.01389400329567,1.04876566550352,1.04923598445678,1.05730736614908,1.064,1.064,0.869274485186659,0,0,0,0,0,0,0,0,0,0,0,0,0,0,0,0,0,0,0,0,0,0,0,0,0,0,0,0,0,0,0,0,0,0,0,0,0,0,0,0,0,0,0,0,0,0,0,0,0,0,0,0,0,0,0,0,0,0,0,0,0,0,0,0,0,0,0,0,0,0,0,0
0,0,0,0,0,0,0,0,0,0,0,0,0,0,0,0,0,0,0,0,0,0,0,0,0,0,0,0,0,0,0,0,0,0,0,0,0,0,0,0,0,0,0,0,0,0,0,0,0,0,0,0,0,0,0,0,0,0,0,0,0,0,0,0,0,0,0,0,0,0,0,0,0.479823455560051,1.064,1.05407850585484,1.02791557763293,1.01952111560043,1.1277343221508,1.19122768690102,1.2602159975546,1.33578314582108,1.37191306212291,1.416,1.41467071115855,1.416,1.416,1.416,1.416,1.416,1.416,1.416,1.416,1.416,0.831919652112223,0.123919652112223,0,0,0,0,0,0,0,0,0,0,0,0.123919652112279,0.831919652112278,1.416,1.416,1.416,1.416,1.416,1.416,1.416,1.416,1.416,1.41467071115855,1.416,1.37191306212292,1.33578314582108,1.2602159975546,1.19122768690101,1.1277343221508,1.01952111560044,1.02791557763293,1.05407850585484,1.064,0.479823455560013,0,0,0,0,0,0,0,0,0,0,0,0,0,0,0,0,0,0,0,0,0,0,0,0,0,0,0,0,0,0,0,0,0,0,0,0,0,0,0,0,0,0,0,0,0,0,0,0,0,0,0,0,0,0,0,0,0,0,0,0,0,0,0,0,0,0,0,0,0,0,0
0,0,0,0,0,0,0,0,0,0,0,0,0,0,0,0,0,0,0,0,0,0,0,0,0,0,0,0,0,0,0,0,0,0,0,0,0,0,0,0,0,0,0,0,0,0,0,0,0,0,0,0,0,0,0,0,0,0,0,0,0,0,0,0,0,0,0,0,0,0,0,0.090295381863477,1.01182345556005,1.11572680227416,1.15260842870421,1.2253894024376,1.32274595314168,1.36037149575991,1.41038900358937,1.416,1.41520504697676,1.416,1.416,1.416,1.416,1.416,1.416,1.416,1.416,1.416,1.416,1.416,1.416,1.416,1.35021162387099,0.642211623870988,0,0,0,0,0,0,0,0,0,0.642211623871037,1.35021162387104,1.416,1.416,1.416,1.416,1.416,1.416,1.416,1.416,1.416,1.416,1.416,1.416,1.416,1.41520504697676,1.416,1.41038900358938,1.36037149575991,1.32274595314168,1.2253894024376,1.15260842870421,1.11572680227416,1.01182345556001,0.0902953818634392,0,0,0,0,0,0,0,0,0,0,0,0,0,0,0,0,0,0,0,0,0,0,0,0,0,0,0,0,0,0,0,0,0,0,0,0,0,0,0,0,0,0,0,0,0,0,0,0,0,0,0,0,0,0,0,0,0,0,0,0,0,0,0,0,0,0,0,0,0,0
0,0,0,0,0,0,0,0,0,0,0,0,0,0,0,0,0,0,0,0,0,0,0,0,0,0,0,0,0,0,0,0,0,0,0,0,0,0,0,0,0,0,0,0,0,0,0,0,0,0,0,0,0,0,0,0,0,0,0,0,0,0,0,0,0,0,0,0,0,0,0,0.674139725989117,1.20455577094012,1.31728795763815,1.38468940243759,1.416,1.41382990320675,1.416,1.416,1.416,1.416,1.416,1.416,1.416,1.416,1.416,1.416,1.416,1.416,1.416,1.416,1.416,1.416,1.416,1.416,1.416,1.16050359562975,0.452503595629756,0,0,0,0,0,0.452503595629795,1.1605035956298,1.416,1.416,1.416,1.416,1.416,1.416,1.416,1.416,1.416,1.416,1.416,1.416,1.416,1.416,1.416,1.416,1.416,1.416,1.416,1.41382990320675,1.416,1.3846894024376,1.31728795763815,1.20455577094011,0.674139725989082,0,0,0,0,0,0,0,0,0,0,0,0,0,0,0,0,0,0,0,0,0,0,0,0,0,0,0,0,0,0,0,0,0,0,0,0,0,0,0,0,0,0,0,0,0,0,0,0,0,0,0,0,0,0,0,0,0,0,0,0,0,0,0,0,0,0,0,0,0,0
0,0,0,0,0,0,0,0,0,0,0,0,0,0,0,0,0,0,0,0,0,0,0,0,0,0,0,0,0,0,0,0,0,0,0,0,0,0,0,0,0,0,0,0,0,0,0,0,0,0,0,0,0,0,0,0,0,0,0,0,0,0,0,0,0,0,0,0,0,0,0.305105089535791,1.36323723523842,1.40816170571527,1.416,1.416,1.416,1.416,1.416,1.416,1.416,1.416,1.416,1.416,1.416,1.416,1.416,1.416,1.416,1.416,1.416,1.416,1.416,1.416,1.416,1.416,1.416,1.416,1.416,0.970795567388521,0.262795567388521,0,0.262795567388534,0.970795567388574,1.416,1.416,1.416,1.416,1.416,1.416,1.416,1.416,1.416,1.416,1.416,1.416,1.416,1.416,1.416,1.416,1.416,1.416,1.416,1.416,1.416,1.416,1.416,1.416,1.416,1.40816170571527,1.36323723523842,0.305105089535762,0,0,0,0,0,0,0,0,0,0,0,0,0,0,0,0,0,0,0,0,0,0,0,0,0,0,0,0,0,0,0,0,0,0,0,0,0,0,0,0,0,0,0,0,0,0,0,0,0,0,0,0,0,0,0,0,0,0,0,0,0,0,0,0,0,0,0,0,0
0,0,0,0,0,0,0,0,0,0,0,0,0,0,0,0,0,0,0,0,0,0,0,0,0,0,0,0,0,0,0,0,0,0,0,0,0,0,0,0,0,0,0,0,0,0,0,0,0,0,0,0,0,0,0,0,0,0,0,0,0,0,0,0,0,0,0,0,0,0,1.01797809884434,1.416,1.416,1.416,1.416,1.416,1.416,1.416,1.416,1.416,1.416,1.416,1.416,1.416,1.416,1.416,1.416,1.416,1.416,1.416,1.416,1.416,1.416,1.416,1.416,1.416,1.416,1.416,1.416,1.416,0.234581520927341,1.416,1.416,1.416,1.416,1.416,1.416,1.416,1.416,1.416,1.416,1.416,1.416,1.416,1.416,1.416,1.416,1.416,1.416,1.416,1.416,1.416,1.416,1.416,1.416,1.416,1.416,1.416,1.416,1.416,1.01797809884431,0,0,0,0,0,0,0,0,0,0,0,0,0,0,0,0,0,0,0,0,0,0,0,0,0,0,0,0,0,0,0,0,0,0,0,0,0,0,0,0,0,0,0,0,0,0,0,0,0,0,0,0,0,0,0,0,0,0,0,0,0,0,0,0,0,0,0,0,0
0,0,0,0,0,0,0,0,0,0,0,0,0,0,0,0,0,0,0,0,0,0,0,0,0,0,0,0,0,0,0,0,0,0,0,0,0,0,0,0,0,0,0,0,0,0,0,0,0,0,0,0,0,0,0,0,0,0,0,0,0,0,0,0,0,0,0,0,0,0.499686127085577,1.416,1.416,1.416,1.416,1.416,1.416,1.416,1.416,1.416,1.416,1.416,1.416,1.416,1.416,1.416,1.416,1.416,1.416,1.416,1.416,1.416,1.416,1.416,1.416,1.416,1.416,1.416,1.416,1.416,0.943554720151468,0,0.943554720151519,1.416,1.416,1.416,1.416,1.416,1.416,1.416,1.416,1.416,1.416,1.416,1.416,1.416,1.416,1.416,1.416,1.416,1.416,1.416,1.416,1.416,1.416,1.416,1.416,1.416,1.416,1.416,1.416,1.416,0.499686127085547,0,0,0,0,0,0,0,0,0,0,0,0,0,0,0,0,0,0,0,0,0,0,0,0,0,0,0,0,0,0,0,0,0,0,0,0,0,0,0,0,0,0,0,0,0,0,0,0,0,0,0,0,0,0,0,0,0,0,0,0,0,0,0,0,0,0,0,0
0,0,0,0,0,0,0,0,0,0,0,0,0,0,0,0,0,0,0,0,0,0,0,0,0,0,0,0,0,0,0,0,0,0,0,0,0,0,0,0,0,0,0,0,0,0,0,0,0,0,0,0,0,0,0,0,0,0,0,0,0,0,0,0,0,0,0,0,0,1.20768612708558,1.416,1.416,1.416,1.416,1.416,1.416,1.416,1.416,1.416,1.416,1.416,1.416,1.416,1.416,1.416,1.416,1.416,1.416,1.416,1.416,1.416,1.416,1.416,1.416,1.416,1.416,1.416,1.416,1.416,1.16062990651743,0.120632710924463,1.16062990651745,1.416,1.416,1.416,1.416,1.416,1.416,1.416,1.416,1.416,1.416,1.416,1.416,1.416,1.416,1.416,1.416,1.416,1.416,1.416,1.416,1.416,1.416,1.416,1.416,1.416,1.416,1.416,1.416,1.416,1.20768612708555,0,0,0,0,0,0,0,0,0,0,0,0,0,0,0,0,0,0,0,0,0,0,0,0,0,0,0,0,0,0,0,0,0,0,0,0,0,0,0,0,0,0,0,0,0,0,0,0,0,0,0,0,0,0,0,0,0,0,0,0,0,0,0,0,0,0,0,0
0,0,0,0,0,0,0,0,0,0,0,0,0,0,0,0,0,0,0,0,0,0,0,0,0,0,0,0,0,0,0,0,0,0,0,0,0,0,0,0,0,0,0,0,0,0,0,0,0,0,0,0,0,0,0,0,0,0,0,0,0,0,0,0,0,0,0,0,0.689394155326818,1.416,1.416,1.416,1.416,1.416,1.416,1.416,1.416,1.416,1.416,1.416,1.416,1.416,1.416,1.416,1.416,1.416,1.416,1.416,1.416,1.416,1.416,1.416,1.416,1.416,1.416,1.416,1.416,1.416,1.416,1.25049849958337,0.169640033134815,1.25049849958339,1.416,1.416,1.416,1.416,1.416,1.416,1.416,1.416,1.416,1.416,1.416,1.416,1.416,1.416,1.416,1.416,1.416,1.416,1.416,1.416,1.416,1.416,1.416,1.416,1.416,1.416,1.416,1.416,1.416,1.416,0.689394155326768,0,0,0,0,0,0,0,0,0,0,0,0,0,0,0,0,0,0,0,0,0,0,0,0,0,0,0,0,0,0,0,0,0,0,0,0,0,0,0,0,0,0,0,0,0,0,0,0,0,0,0,0,0,0,0,0,0,0,0,0,0,0,0,0,0,0,0
0,0,0,0,0,0,0,0,0,0,0,0,0,0,0,0,0,0,0,0,0,0,0,0,0,0,0,0,0,0,0,0,0,0,0,0,0,0,0,0,0,0,0,0,0,0,0,0,0,0,0,0,0,0,0,0,0,0,0,0,0,0,0,0,0,0,0,0.17110218356804,1.39739415532682,1.416,1.416,1.416,1.416,1.416,1.416,1.416,1.416,1.416,1.416,1.416,1.416,1.416,1.416,1.416,1.416,1.416,1.416,1.416,1.416,1.416,1.41649564421465,1.416,1.416,1.416,1.42233111271002,1.416,1.41896200340337,1.45791624432377,1.42816658120539,1.416,0.42526274839276,1.416,1.42816658120541,1.45791624432376,1.41896200340337,1.416,1.42233111271003,1.416,1.416,1.416,1.41649564421465,1.416,1.416,1.416,1.416,1.416,1.416,1.416,1.416,1.416,1.416,1.416,1.416,1.416,1.416,1.416,1.416,1.416,1.416,1.416,1.416,1.416,1.39739415532677,0.17110218356801,0,0,0,0,0,0,0,0,0,0,0,0,0,0,0,0,0,0,0,0,0,0,0,0,0,0,0,0,0,0,0,0,0,0,0,0,0,0,0,0,0,0,0,0,0,0,0,0,0,0,0,0,0,0,0,0,0,0,0,0,0,0,0,0,0,0
0,0,0,0,0,0,0,0,0,0,0,0,0,0,0,0,0,0,0,0,0,0,0,0,0,0,0,0,0,0,0,0,0,0,0,0,0,0,0,0,0,0,0,0,0,0,0,0,0,0,0,0,0,0,0,0,0,0,0,0,0,0,0,0,0,0,0,0.87910218356804,1.416,1.416,1.416,1.416,1.416,1.416,1.416,1.416,1.416,1.416,1.416,1.416,1.416,1.416,1.416,1.416,1.416,1.416,1.416,1.416,1.416,1.62165042035752,1.79650304614017,1.72139401013622,1.60749329077842,1.78940004559456,2.12139401013622,1.72139401013622,1.93486779019113,2.01894748434715,2.12139401013622,1.42930117851628,0,1.4293011785163,2.12139401013624,2.01894748434715,1.93486779019113,1.72139401013625,2.12139401013625,1.78940004559456,1.6074932907784,1.72139401013623,1.79650304614015,1.62165042035752,1.416,1.416,1.416,1.416,1.416,1.416,1.416,1.416,1.416,1.416,1.416,1.416,1.416,1.416,1.416,1.416,1.416,1.416,1.416,1.416,1.416,0.87910218356801,0,0,0,0,0,0,0,0,0,0,0,0,0,0,0,0,0,0,0,0,0,0,0,0,0,0,0,0,0,0,0,0,0,0,0,0,0,0,0,0,0,0,0,0,0,0,0,0,0,0,0,0,0,0,0,0,0,0,0,0,0,0,0,0,0,0
0,0,0,0,0,0,0,0,0,0,0,0,0,0,0,0,0,0,0,0,0,0,0,0,0,0,0,0,0,0,0,0,0,0,0,0,0,0,0,0,0,0,0,0,0,0,0,0,0,0,0,0,0,0,0,0,0,0,0,0,0,0,0,0,0,0,0.360810211809282,1.416,1.416,1.416,1.416,1.416,1.416,1.416,1.416,1.416,1.416,1.416,1.416,1.416,1.416,1.416,1.416,1.416,1.416,1.55659186924633,1.76016320291877,1.8798081952889,2.07623686161645,2.216,2.216,2.216,2.1698859155068,2.216,2.216,2.216,2.216,2.216,2.216,2.216,0.497657635532627,2.216,2.216,2.216,2.216,2.216,2.216,2.216,2.16988591550679,2.216,2.216,2.216,2.07623686161645,1.87980819528887,1.76016320291875,1.55659186924633,1.416,1.416,1.416,1.416,1.416,1.416,1.416,1.416,1.416,1.416,1.416,1.416,1.416,1.416,1.416,1.416,1.416,1.416,0.360810211809251,0,0,0,0,0,0,0,0,0,0,0,0,0,0,0,0,0,0,0,0,0,0,0,0,0,0,0,0,0,0,0,0,0,0,0,0,0,0,0,0,0,0,0,0,0,0,0,0,0,0,0,0,0,0,0,0,0,0,0,0,0,0,0,0,0
0,0,0,0,0,0,0,0,0,0,0,0,0,0,0,0,0,0,0,0,0,0,0,0,0,0,0,0,0,0,0,0,0,0,0,0,0,0,0,0,0,0,0,0,0,0,0,0,0,0,0,0,0,0,0,0,0,0,0,0,0,0,0,0,0,0,1.06881021180928,1.416,1.416,1.416,1.416,1.416,1.416,1.416,1.416,1.416,1.416,1.416,1.416,1.41719616996679,1.416,1.4838381635484,1.71612820511065,1.84538222401437,2.01309218245213,2.216,2.216,2.216,2.216,2.216,2.216,2.216,2.216,2.216,2.216,2.216,2.216,2.216,2.216,1.56077111241785,0,1.56077111241792,2.216,2.216,2.216,2.216,2.216,2.216,2.216,2.216,2.216,2.216,2.216,2.216,2.216,2.216,2.01309218245213,1.84538222401435,1.71612820511063,1.48383816354841,1.416,1.41719616996679,1.416,1.416,1.416,1.416,1.416,1.416,1.416,1.416,1.416,1.416,1.416,1.416,1.06881021180925,0,0,0,0,0,0,0,0,0,0,0,0,0,0,0,0,0,0,0,0,0,0,0,0,0,0,0,0,0,0,0,0,0,0,0,0,0,0,0,0,0,0,0,0,0,0,0,0,0,0,0,0,0,0,0,0,0,0,0,0,0,0,0,0,0
0,0,0,0,0,0,0,0,0,0,0,0,0,0,0,0,0,0,0,0,0,0,0,0,0,0,0,0,0,0,0,0,0,0,0,0,0,0,0,0,0,0,0,0,0,0,0,0,0,0,0,0,0,0,0,0,0,0,0,0,0,0,0,0,0,0.550518240050523,1.416,1.416,1.416,1.416,1.416,1.416,1.416,1.416,1.416,1.416,1.416,1.416,1.66439805271578,1.81822712519537,1.95764265787455,2.20381358539496,2.216,2.215632560896,2.216,2.216,2.216,2.216,2.216,2.216,2.216,2.216,2.216,2.216,2.216,2.216,2.216,2.216,2.216,2.17871784703365,0.319330966771061,2.17871784703364,2.216,2.216,2.216,2.216,2.216,2.216,2.216,2.216,2.216,2.216,2.216,2.216,2.216,2.216,2.216,2.215632560896,2.216,2.20381358539497,1.95764265787454,1.81822712519535,1.66439805271577,1.416,1.416,1.416,1.416,1.416,1.416,1.416,1.416,1.416,1.416,1.416,1.416,0.550518240050473,0,0,0,0,0,0,0,0,0,0,0,0,0,0,0,0,0,0,0,0,0,0,0,0,0,0,0,0,0,0,0,0,0,0,0,0,0,0,0,0,0,0,0,0,0,0,0,0,0,0,0,0,0,0,0,0,0,0,0,0,0,0,0,0
0,0,0,0,0,0,0,0,0,0,0,0,0,0,0,0,0,0,0,0,0,0,0,0,0,0,0,0,0,0,0,0,0,0,0,0,0,0,0,0,0,0,0,0,0,0,0,0,0,0,0,0,0,0,0,0,0,0,0,0,0,0,0,0,0.0322262682917343,1.25851824005052,1.416,1.416,1.416,1.416,1.416,1.416,1.416,1.416,1.416,1.78752052610357,1.9098882878837,2.12734050751431,2.216,2.216,2.216,2.216,2.216,2.216,2.216,2.216,2.216,2.216,2.216,2.216,2.216,2.216,2.216,2.216,2.216,2.216,2.216,2.216,2.216,1.47663648294891,0,1.47663648294899,2.216,2.216,2.216,2.216,2.216,2.216,2.216,2.216,2.216,2.216,2.216,2.216,2.216,2.216,2.216,2.216,2.216,2.216,2.216,2.216,2.216,2.12734050751432,1.90988828788369,1.78752052610355,1.416,1.416,1.416,1.416,1.416,1.416,1.416,1.416,1.416,1.25851824005047,0.0322262682917143,0,0,0,0,0,0,0,0,0,0,0,0,0,0,0,0,0,0,0,0,0,0,0,0,0,0,0,0,0,0,0,0,0,0,0,0,0,0,0,0,0,0,0,0,0,0,0,0,0,0,0,0,0,0,0,0,0,0,0,0,0,0,0
0,0,0,0,0,0,0,0,0,0,0,0,0,0,0,0,0,0,0,0,0,0,0,0,0,0,0,0,0,0,0,0,0,0,0,0,0,0,0,0,0,0,0,0,0,0,0,0,0,0,0,0,0,0,0,0,0,0,0,0,0,0,0,0,0.740226268291734,1.416,1.416,1.416,1.416,1.416,1.416,1.416,1.49243606825307,1.5965228795398,1.70088593444746,2.216,2.216,2.216,2.216,2.216,2.216,2.216,2.216,2.216,2.216,2.216,2.216,2.216,2.216,2.216,2.216,2.216,2.216,2.216,2.216,2.216,2.216,2.216,2.216,1.68371828451309,0.141004298009486,1.68371828451311,2.216,2.216,2.216,2.216,2.216,2.216,2.216,2.216,2.216,2.216,2.216,2.216,2.216,2.216,2.216,2.216,2.216,2.216,2.216,2.216,2.216,2.216,2.216,2.216,1.70088593444744,1.5965228795398,1.49243606825307,1.416,1.416,1.416,1.416,1.416,1.416,1.416,0.740226268291714,0,0,0,0,0,0,0,0,0,0,0,0,0,0,0,0,0,0,0,0,0,0,0,0,0,0,0,0,0,0,0,0,0,0,0,0,0,0,0,0,0,0,0,0,0,0,0,0,0,0,0,0,0,0,0,0,0,0,0,0,0,0,0
0,0,0,0,0,0,0,0,0,0,0,0,0,0,0,0,0,0,0,0,0,0,0,0,0,0,0,0,0,0,0,0,0,0,0,0,0,0,0,0,0,0,0,0,0,0,0,0,0,0,0,0,0,0,0,0,0,0,0,0,0,0,0,0.221934296532976,1.416,1.416,1.416,1.416,1.416,1.416,1.42964165196482,1.48394919243114,2.17676951545868,2.15419952931275,2.216,2.216,2.216,2.216,2.216,2.216,2.216,2.216,2.216,2.216,2.216,2.216,2.216,2.216,2.216,2.216,2.216,2.216,2.216,2.216,2.216,2.216,2.216,2.216,2.216,1.90391091485519,0.138148552026307,1.90391091485522,2.216,2.216,2.216,2.216,2.216,2.216,2.216,2.216,2.216,2.216,2.216,2.216,2.216,2.216,2.216,2.216,2.216,2.216,2.216,2.216,2.216,2.216,2.216,2.216,2.216,2.15419952931275,2.17676951545866,1.48394919243111,1.42964165196483,1.416,1.416,1.416,1.416,1.416,1.416,0.221934296532966,0,0,0,0,0,0,0,0,0,0,0,0,0,0,0,0,0,0,0,0,0,0,0,0,0,0,0,0,0,0,0,0,0,0,0,0,0,0,0,0,0,0,0,0,0,0,0,0,0,0,0,0,0,0,0,0,0,0,0,0,0,0
0,0,0,0,0,0,0,0,0,0,0,0,0,0,0,0,0,0,0,0,0,0,0,0,0,0,0,0,0,0,0,0,0,0,0,0,0,0,0,0,0,0,0,0,0,0,0,0,0,0,0,0,0,0,0,0,0,0,0,0,0,0,0,0.929934296532976,1.416,1.416,1.416,1.416,1.416,1.71889064131993,1.95887583746891,2.03135329954591,2.216,2.216,2.216,2.216,2.216,2.216,2.216,2.216,2.216,2.216,2.216,2.216,2.216,2.216,2.216,2.216,2.216,2.216,2.216,2.216,2.216,2.216,2.216,2.404984524225,2.216,2.26795631719289,2.216,2.64232434087466,0.628201817410601,2.64232434087463,2.216,2.26795631719288,2.216,2.40498452422498,2.216,2.216,2.216,2.216,2.216,2.216,2.216,2.216,2.216,2.216,2.216,2.216,2.216,2.216,2.216,2.216,2.216,2.216,2.216,2.216,2.216,2.216,2.216,2.0313532995459,1.95887583746891,1.71889064131994,1.416,1.416,1.416,1.416,1.416,0.929934296532966,0,0,0,0,0,0,0,0,0,0,0,0,0,0,0,0,0,0,0,0,0,0,0,0,0,0,0,0,0,0,0,0,0,0,0,0,0,0,0,0,0,0,0,0,0,0,0,0,0,0,0,0,0,0,0,0,0,0,0,0,0,0
0,0,0,0,0,0,0,0,0,0,0,0,0,0,0,0,0,0,0,0,0,0,0,0,0,0,0,0,0,0,0,0,0,0,0,0,0,0,0,0,0,0,0,0,0,0,0,0,0,0,0,0,0,0,0,0,0,0,0,0,0,0,0.411642324774197,1.416,1.416,1.416,1.416,1.56994010136229,1.80548822334848,2.216,2.216,2.216,2.216,2.216,2.216,2.216,2.216,2.216,2.216,2.216,2.216,2.216,2.216,2.216,2.216,2.216,2.216,2.216,2.216,2.45644028920359,2.71930909293551,2.57305749587354,2.46929709042439,2.68235841262519,3.14982834373361,3.26429671474179,3.14905749587355,3.05129251273193,3.251439913521,2.59256824269979,0,2.59256824269986,3.251439913521,3.05129251273192,3.14905749587358,3.26429671474176,3.14982834373363,2.68235841262518,2.46929709042436,2.57305749587354,2.71930909293547,2.45644028920359,2.216,2.216,2.216,2.216,2.216,2.216,2.216,2.216,2.216,2.216,2.216,2.216,2.216,2.216,2.216,2.216,2.216,2.216,2.216,2.216,1.80548822334846,1.5699401013623,1.416,1.416,1.416,1.416,0.411642324774187,0,0,0,0,0,0,0,0,0,0,0,0,0,0,0,0,0,0,0,0,0,0,0,0,0,0,0,0,0,0,0,0,0,0,0,0,0,0,0,0,0,0,0,0,0,0,0,0,0,0,0,0,0,0,0,0,0,0,0,0,0
0,0,0,0,0,0,0,0,0,0,0,0,0,0,0,0,0,0,0,0,0,0,0,0,0,0,0,0,0,0,0,0,0,0,0,0,0,0,0,0,0,0,0,0,0,0,0,0,0,0,0,0,0,0,0,0,0,0,0,0,0,0,1.1196423247742,1.416,1.416,1.47073182259751,1.61984757729338,2.216,2.21259388106578,2.216,2.216,2.216,2.216,2.216,2.216,2.216,2.216,2.216,2.216,2.216,2.216,2.216,2.216,2.216,2.216,2.35978682454519,2.66401056763841,2.83767734445313,3.10945360135991,3.368,3.368,3.368,3.28269402726501,3.368,3.368,3.368,3.368,3.368,3.368,3.368,0.683745262026137,3.368,3.368,3.368,3.368,3.368,3.368,3.368,3.282694027265,3.368,3.368,3.368,3.10945360135989,2.83767734445308,2.66401056763837,2.35978682454518,2.216,2.216,2.216,2.216,2.216,2.216,2.216,2.216,2.216,2.216,2.216,2.216,2.216,2.216,2.216,2.216,2.21259388106577,2.216,1.61984757729336,1.47073182259751,1.416,1.416,1.11964232477419,0,0,0,0,0,0,0,0,0,0,0,0,0,0,0,0,0,0,0,0,0,0,0,0,0,0,0,0,0,0,0,0,0,0,0,0,0,0,0,0,0,0,0,0,0,0,0,0,0,0,0,0,0,0,0,0,0,0,0,0,0
0,0,0,0,0,0,0,0,0,0,0,0,0,0,0,0,0,0,0,0,0,0,0,0,0,0,0,0,0,0,0,0,0,0,0,0,0,0,0,0,0,0,0,0,0,0,0,0,0,0,0,0,0,0,0,0,0,0,0,0,0,0.601350353015439,1.416,1.54138660821072,1.8579360777234,2.13076380267648,2.12616151377546,2.216,2.216,2.216,2.216,2.216,2.216,2.216,2.216,2.216,2.216,2.216,2.216,2.21663570003717,2.216,2.25205233728188,2.59763101973641,2.7910730968761,3.02149441442158,3.368,3.368,3.368,3.368,3.368,3.368,3.368,3.368,3.368,3.368,3.368,3.368,3.368,3.368,2.29146682780379,0,2.29146682780389,3.368,3.368,3.368,3.368,3.368,3.368,3.368,3.368,3.368,3.368,3.368,3.368,3.368,3.368,3.02149441442156,2.79107309687606,2.59763101973639,2.25205233728188,2.216,2.21663570003717,2.216,2.216,2.216,2.216,2.216,2.216,2.216,2.216,2.216,2.216,2.216,2.216,2.12616151377546,2.13076380267647,1.85793607772342,1.54138660821072,1.416,0.601350353015429,0,0,0,0,0,0,0,0,0,0,0,0,0,0,0,0,0,0,0,0,0,0,0,0,0,0,0,0,0,0,0,0,0,0,0,0,0,0,0,0,0,0,0,0,0,0,0,0,0,0,0,0,0,0,0,0,0,0,0,0
0,0,0,0,0,0,0,0,0,0,0,0,0,0,0,0,0,0,0,0,0,0,0,0,0,0,0,0,0,0,0,0,0,0,0,0,0,0,0,0,0,0,0,0,0,0,0,0,0,0,0,0,0,0,0,0,0,0,0,0,0.0830583812566805,1.30935035301544,1.416,1.94138660821072,2.216,2.216,2.216,2.216,2.216,2.216,2.216,2.216,2.216,2.216,2.216,2.216,2.216,2.216,2.216,2.75276533620502,2.94461625008815,3.28802136311264,3.368,3.36558852134695,3.368,3.368,3.368,3.368,3.368,3.368,3.368,3.368,3.368,3.368,3.368,3.368,3.368,3.368,3.368,3.10975087001825,0.412714476652061,3.10975087001821,3.368,3.368,3.368,3.368,3.368,3.368,3.368,3.368,3.368,3.368,3.368,3.368,3.368,3.368,3.368,3.36558852134695,3.368,3.28802136311265,2.94461625008814,2.75276533620498,2.216,2.216,2.216,2.216,2.216,2.216,2.216,2.216,2.216,2.216,2.216,2.216,2.216,2.216,2.216,1.94138660821071,1.416,1.30935035301543,0.0830583812566703,0,0,0,0,0,0,0,0,0,0,0,0,0,0,0,0,0,0,0,0,0,0,0,0,0,0,0,0,0,0,0,0,0,0,0,0,0,0,0,0,0,0,0,0,0,0,0,0,0,0,0,0,0,0,0,0,0,0,0
0,0,0,0,0,0,0,0,0,0,0,0,0,0,0,0,0,0,0,0,0,0,0,0,0,0,0,0,0,0,0,0,0,0,0,0,0,0,0,0,0,0,0,0,0,0,0,0,0,0,0,0,0,0,0,0,0,0,0,0,0.79105838125668,1.6789794644261,1.80406999561624,2.216,2.216,2.216,2.216,2.216,2.216,2.216,2.216,2.216,2.216,2.216,2.216,2.216,2.34703661105182,2.4666477025483,2.65473388374487,3.368,3.368,3.368,3.368,3.368,3.368,3.368,3.368,3.368,3.368,3.368,3.368,3.368,3.368,3.368,3.368,3.368,3.368,3.368,3.368,3.11409119153056,0.738694834977651,3.11409119153056,3.368,3.368,3.368,3.368,3.368,3.368,3.368,3.368,3.368,3.368,3.368,3.368,3.368,3.368,3.368,3.368,3.368,3.368,3.368,3.368,2.65473388374485,2.46664770254827,2.34703661105181,2.216,2.216,2.216,2.216,2.216,2.216,2.216,2.216,2.216,2.216,2.216,2.216,2.216,1.80406999561626,1.67897946442611,0.79105838125667,0,0,0,0,0,0,0,0,0,0,0,0,0,0,0,0,0,0,0,0,0,0,0,0,0,0,0,0,0,0,0,0,0,0,0,0,0,0,0,0,0,0,0,0,0,0,0,0,0,0,0,0,0,0,0,0,0,0,0
0,0,0,0,0,0,0,0,0,0,0,0,0,0,0,0,0,0,0,0,0,0,0,0,0,0,0,0,0,0,0,0,0,0,0,0,0,0,0,0,0,0,0,0,0,0,0,0,0,0,0,0,0,0,0,0,0,0,0,0.371405024792893,1.56841084474736,2.15574596215561,2.216,2.216,2.216,2.216,2.216,2.216,2.216,2.216,2.216,2.216,2.216,2.216,2.42683063257985,2.97369679440214,3.28385883961196,3.27723154359449,3.368,3.368,3.368,3.368,3.368,3.368,3.368,3.368,3.368,3.368,3.368,3.368,3.3748467231829,3.368,3.368,3.368,3.45545663700737,3.66130519173099,3.5416902247163,3.44863653697778,3.53606655083185,4.02965810694087,1.06366449076174,4.02965810694083,3.53606655083186,3.44863653697776,3.54169022471632,3.66130519173096,3.45545663700737,3.368,3.368,3.368,3.37484672318289,3.368,3.368,3.368,3.368,3.368,3.368,3.368,3.368,3.368,3.368,3.368,3.368,3.27723154359447,3.28385883961192,2.97369679440214,2.42683063257981,2.216,2.216,2.216,2.216,2.216,2.216,2.216,2.216,2.216,2.216,2.216,2.216,2.15574596215561,1.56841084474738,0.371405024792884,0,0,0,0,0,0,0,0,0,0,0,0,0,0,0,0,0,0,0,0,0,0,0,0,0,0,0,0,0,0,0,0,0,0,0,0,0,0,0,0,0,0,0,0,0,0,0,0,0,0,0,0,0,0,0,0,0,0
0,0,0,0,0,0,0,0,0,0,0,0,0,0,0,0,0,0,0,0,0,0,0,0,0,0,0,0,0,0,0,0,0,0,0,0,0,0,0,0,0,0,0,0,0,0,0,0,0,0,0,0,0,0,0,0,0,0,0,1.53487172559841,2.216,2.216,2.216,2.216,2.216,2.216,2.216,2.216,2.216,2.216,2.216,2.26552010477163,2.22268058988116,2.6923240904196,3.00505749587357,3.368,3.368,3.368,3.368,3.368,3.368,3.368,3.368,3.368,3.368,3.368,3.3685695306112,3.368,3.37410509780347,3.79059614906358,4.04036254725188,3.995561725409,3.71013170685402,4.07976915490121,4.608,4.52810508840165,4.608,4.36400274731108,4.608,3.84865109582304,0.0224894610464449,3.84865109582309,4.608,4.36400274731106,4.608,4.52810508840162,4.608,4.07976915490121,3.71013170685398,3.995561725409,4.04036254725183,3.79059614906355,3.37410509780347,3.368,3.3685695306112,3.368,3.368,3.368,3.368,3.368,3.368,3.368,3.368,3.368,3.368,3.368,3.00505749587353,2.6923240904196,2.22268058988117,2.26552010477161,2.216,2.216,2.216,2.216,2.216,2.216,2.216,2.216,2.216,2.216,2.216,1.5348717255984,0,0,0,0,0,0,0,0,0,0,0,0,0,0,0,0,0,0,0,0,0,0,0,0,0,0,0,0,0,0,0,0,0,0,0,0,0,0,0,0,0,0,0,0,0,0,0,0,0,0,0,0,0,0,0,0,0,0
0,0,0,0,0,0,0,0,0,0,0,0,0,0,0,0,0,0,0,0,0,0,0,0,0,0,0,0,0,0,0,0,0,0,0,0,0,0,0,0,0,0,0,0,0,0,0,0,0,0,0,0,0,0,0,0,0,0,0.723759430812106,2.216,2.216,2.216,2.216,2.216,2.216,2.216,2.216,2.216,2.216,2.216,2.216,2.88984683710084,3.28711919375697,3.368,3.368,3.368,3.368,3.368,3.368,3.368,3.368,3.368,3.368,3.368,3.368,3.69529096203352,3.9901675112155,4.17304818371455,4.49817163453256,4.608,4.608,4.608,4.57176273040594,4.608,4.608,4.608,4.608,4.608,4.608,4.608,1.20693694723304,4.608,4.608,4.608,4.608,4.608,4.608,4.608,4.57176273040594,4.608,4.608,4.608,4.49817163453255,4.17304818371451,3.99016751121546,3.69529096203349,3.368,3.368,3.368,3.368,3.368,3.368,3.368,3.368,3.368,3.368,3.368,3.368,3.28711919375697,2.8898468371008,2.216,2.216,2.216,2.216,2.216,2.216,2.216,2.216,2.216,2.216,2.216,2.216,0.72375943081209,0,0,0,0,0,0,0,0,0,0,0,0,0,0,0,0,0,0,0,0,0,0,0,0,0,0,0,0,0,0,0,0,0,0,0,0,0,0,0,0,0,0,0,0,0,0,0,0,0,0,0,0,0,0,0,0,0
0,0,0,0,0,0,0,0,0,0,0,0,0,0,0,0,0,0,0,0,0,0,0,0,0,0,0,0,0,0,0,0,0,0,0,0,0,0,0,0,0,0,0,0,0,0,0,0,0,0,0,0,0,0,0,0,0,0,1.83175943081211,2.216,2.216,2.216,2.216,2.216,2.216,2.216,2.216,2.216,2.216,2.62252430678149,3.1323826681025,3.368,3.368,3.368,3.368,3.368,3.368,3.368,3.368,3.368,3.368,3.368,3.92744883180519,4.11415236104675,4.39476181463558,4.608,4.608,4.608,4.608,4.608,4.608,4.608,4.608,4.608,4.608,4.608,4.608,4.608,4.608,3.43669286546651,0,3.43669286546659,4.608,4.608,4.608,4.608,4.608,4.608,4.608,4.608,4.608,4.608,4.608,4.608,4.608,4.608,4.39476181463556,4.11415236104671,3.92744883180515,3.368,3.368,3.368,3.368,3.368,3.368,3.368,3.368,3.368,3.368,3.368,3.1323826681025,2.62252430678146,2.216,2.216,2.216,2.216,2.216,2.216,2.216,2.216,2.216,2.216,1.83175943081209,0,0,0,0,0,0,0,0,0,0,0,0,0,0,0,0,0,0,0,0,0,0,0,0,0,0,0,0,0,0,0,0,0,0,0,0,0,0,0,0,0,0,0,0,0,0,0,0,0,0,0,0,0,0,0,0,0
0,0,0,0,0,0,0,0,0,0,0,0,0,0,0,0,0,0,0,0,0,0,0,0,0,0,0,0,0,0,0,0,0,0,0,0,0,0,0,0,0,0,0,0,0,0,0,0,0,0,0,0,0,0,0,0,0,1.0206471360258,2.216,2.216,2.216,2.216,2.216,2.216,2.216,2.216,2.216,2.35520177646213,2.90286351991271,3.21617933154014,3.368,3.368,3.368,3.368,3.368,3.368,3.368,3.368,3.368,3.4342854533086,3.65206149764166,3.76953969521029,4.608,4.608,4.608,4.608,4.608,4.608,4.608,4.608,4.608,4.608,4.608,4.608,4.608,4.608,4.608,4.6215472678757,4.608,4.608,0.836120480782978,4.608,4.608,4.6215472678757,4.608,4.608,4.608,4.608,4.608,4.608,4.608,4.608,4.608,4.608,4.608,4.608,4.608,4.608,4.608,3.76953969521024,3.65206149764163,3.43428545330859,3.368,3.368,3.368,3.368,3.368,3.368,3.368,3.368,3.368,3.21617933154012,2.9028635199127,2.35520177646211,2.216,2.216,2.216,2.216,2.216,2.216,2.216,2.216,2.216,1.02064713602578,0,0,0,0,0,0,0,0,0,0,0,0,0,0,0,0,0,0,0,0,0,0,0,0,0,0,0,0,0,0,0,0,0,0,0,0,0,0,0,0,0,0,0,0,0,0,0,0,0,0,0,0,0,0,0,0
0,0,0,0,0,0,0,0,0,0,0,0,0,0,0,0,0,0,0,0,0,0,0,0,0,0,0,0,0,0,0,0,0,0,0,0,0,0,0,0,0,0,0,0,0,0,0,0,0,0,0,0,0,0,0,0,0.209534841239463,2.1286471360258,2.216,2.216,2.216,2.216,2.216,2.216,2.216,2.216,2.62485775780259,2.93120177646213,3.368,3.368,3.368,3.368,3.368,3.368,3.368,3.368,3.368,3.70616337849659,4.04769481296995,4.571533270715,4.52861725409011,4.59858421114246,4.608,4.608,4.608,4.608,4.608,4.608,4.608,4.608,4.608,4.608,4.77138575410025,4.77874941634188,5.20985571941142,4.608,5.05070796555898,5.35509666148878,5.20985571941142,3.07055095371325,0,3.07055095371342,5.20985571941143,5.35509666148874,5.05070796555897,4.608,5.20985571941143,4.77874941634184,4.77138575410023,4.608,4.608,4.608,4.608,4.608,4.608,4.608,4.608,4.608,4.608,4.59858421114246,4.52861725409009,4.571533270715,4.04769481296993,3.70616337849655,3.368,3.368,3.368,3.368,3.368,3.368,3.368,3.368,3.368,2.93120177646211,2.6248577578026,2.216,2.216,2.216,2.216,2.216,2.216,2.216,2.216,2.12864713602578,0.209534841239479,0,0,0,0,0,0,0,0,0,0,0,0,0,0,0,0,0,0,0,0,0,0,0,0,0,0,0,0,0,0,0,0,0,0,0,0,0,0,0,0,0,0,0,0,0,0,0,0,0,0,0,0,0,0,0
0,0,0,0,0,0,0,0,0,0,0,0,0,0,0,0,0,0,0,0,0,0,0,0,0,0,0,0,0,0,0,0,0,0,0,0,0,0,0,0,0,0,0,0,0,0,0,0,0,0,0,0,0,0,0,0,1.31753484123946,2.216,2.216,2.216,2.216,2.216,2.216,2.216,2.216,2.66387924614279,3.368,3.368,3.368,3.368,3.368,3.368,3.368,3.368,3.44430151454679,3.41884855472362,3.74950757273391,4.33655025242448,4.608,4.608,4.608,4.608,4.608,4.608,4.608,4.608,4.608,4.608,4.74028157676804,4.79359517163335,5.0718600087675,5.57715910338027,5.69383362755283,5.81200751584344,5.888,5.75583685404019,5.888,5.888,5.888,5.04923562773388,0.594555129425417,5.04923562773376,5.888,5.888,5.888,5.75583685404018,5.888,5.81200751584343,5.69383362755279,5.57715910338021,5.07186000876745,4.79359517163331,4.74028157676802,4.608,4.608,4.608,4.608,4.608,4.608,4.608,4.608,4.608,4.608,4.33655025242443,3.7495075727339,3.41884855472359,3.44430151454677,3.368,3.368,3.368,3.368,3.368,3.368,3.368,3.368,2.66387924614276,2.216,2.216,2.216,2.216,2.216,2.216,2.216,2.216,1.31753484123948,0,0,0,0,0,0,0,0,0,0,0,0,0,0,0,0,0,0,0,0,0,0,0,0,0,0,0,0,0,0,0,0,0,0,0,0,0,0,0,0,0,0,0,0,0,0,0,0,0,0,0,0,0,0,0
0,0,0,0,0,0,0,0,0,0,0,0,0,0,0,0,0,0,0,0,0,0,0,0,0,0,0,0,0,0,0,0,0,0,0,0,0,0,0,0,0,0,0,0,0,0,0,0,0,0,0,0,0,0,0,0.506422546453158,2.216,2.216,2.216,2.216,2.216,2.216,2.216,2.34279605991919,2.46990805669331,3.23987924614279,3.368,3.368,3.368,3.368,3.368,3.368,3.368,3.368,4.21493575034637,4.441500688003,4.608,4.608,4.608,4.608,4.608,4.608,4.608,4.608,4.69686515209706,4.79612867958604,4.94378895028257,5.45415506080071,5.69130011960014,5.76352407526708,5.888,5.888,5.888,5.888,5.888,5.888,5.888,5.888,5.888,5.30306585410691,0.953070341322366,5.3030658541069,5.888,5.888,5.888,5.888,5.888,5.888,5.888,5.888,5.888,5.76352407526706,5.6913001196001,5.45415506080067,4.9437889502825,4.79612867958599,4.69686515209704,4.608,4.608,4.608,4.608,4.608,4.608,4.608,4.608,4.44150068800298,4.21493575034632,3.368,3.368,3.368,3.368,3.368,3.368,3.368,3.368,3.23987924614277,2.46990805669334,2.34279605991918,2.216,2.216,2.216,2.216,2.216,2.216,2.216,0.506422546453142,0,0,0,0,0,0,0,0,0,0,0,0,0,0,0,0,0,0,0,0,0,0,0,0,0,0,0,0,0,0,0,0,0,0,0,0,0,0,0,0,0,0,0,0,0,0,0,0,0,0,0,0,0,0
0,0,0,0,0,0,0,0,0,0,0,0,0,0,0,0,0,0,0,0,0,0,0,0,0,0,0,0,0,0,0,0,0,0,0,0,0,0,0,0,0,0,0,0,0,0,0,0,0,0,0,0,0,0,0,1.61442254645316,2.216,2.216,2.216,2.216,2.216,2.216,2.27819229063305,2.97255671582344,3.368,3.368,3.368,3.368,3.368,3.368,3.368,3.368,3.92719274896096,4.24235750346352,4.608,4.608,4.608,4.608,4.608,4.608,4.608,4.78634994019995,4.82803013913642,5.31883877088238,5.70107885898622,5.72735288202949,5.888,5.888,5.888,5.888,5.888,5.888,5.888,5.888,5.888,5.888,5.89829368556603,5.888,5.888,5.888,1.76832419670662,5.888,5.888,5.888,5.89829368556603,5.888,5.888,5.888,5.888,5.888,5.888,5.888,5.888,5.888,5.888,5.72735288202946,5.70107885898617,5.31883877088234,4.82803013913637,4.78634994019992,4.608,4.608,4.608,4.608,4.608,4.608,4.608,4.24235750346351,3.92719274896092,3.368,3.368,3.368,3.368,3.368,3.368,3.368,3.368,2.97255671582343,2.27819229063308,2.216,2.216,2.216,2.216,2.216,2.216,1.61442254645314,0,0,0,0,0,0,0,0,0,0,0,0,0,0,0,0,0,0,0,0,0,0,0,0,0,0,0,0,0,0,0,0,0,0,0,0,0,0,0,0,0,0,0,0,0,0,0,0,0,0,0,0,0,0
0,0,0,0,0,0,0,0,0,0,0,0,0,0,0,0,0,0,0,0,0,0,0,0,0,0,0,0,0,0,0,0,0,0,0,0,0,0,0,0,0,0,0,0,0,0,0,0,0,0,0,0,0,0,0.803310251666852,2.216,2.216,2.216,2.216,2.216,2.216,2.70523418550409,3.31431737172767,3.368,3.368,3.368,3.368,3.368,3.368,3.368,3.62161587808412,3.96611381407513,4.54719274896096,4.608,4.608,4.608,4.608,4.608,4.608,4.61530444683752,4.608,5.56184387633063,5.85530550970619,5.888,5.888,5.888,5.888,5.888,5.888,5.888,5.888,6.00069449029381,5.888,5.92621723697503,5.89010525914156,6.12969287705012,6.32783715763869,6.16595289339388,6.16761616274195,5.05462767537855,0,5.05462767537859,6.16761616274193,6.16595289339388,6.32783715763867,6.12969287705011,5.89010525914154,5.92621723697502,5.888,6.0006944902938,5.888,5.888,5.888,5.888,5.888,5.888,5.888,5.888,5.85530550970618,5.56184387633058,4.608,4.61530444683749,4.608,4.608,4.608,4.608,4.608,4.608,4.54719274896092,3.96611381407509,3.62161587808409,3.368,3.368,3.368,3.368,3.368,3.368,3.368,3.31431737172768,2.70523418550408,2.216,2.216,2.216,2.216,2.216,2.216,0.803310251666836,0,0,0,0,0,0,0,0,0,0,0,0,0,0,0,0,0,0,0,0,0,0,0,0,0,0,0,0,0,0,0,0,0,0,0,0,0,0,0,0,0,0,0,0,0,0,0,0,0,0,0,0,0
0,0,0,0,0,0,0,0,0,0,0,0,0,0,0,0,0,0,0,0,0,0,0,0,0,0,0,0,0,0,0,0,0,0,0,0,0,0,0,0,0,0,0,0,0,0,0,0,0,0,0,0,0,0,1.91131025166685,2.216,2.216,2.216,2.216,2.216,2.28357292034442,3.28123418550409,3.368,3.368,3.368,3.368,3.368,3.368,3.368,3.68561909033175,4.25944974757555,4.608,4.608,4.608,4.608,4.608,4.608,4.608,5.27091575090773,5.45197684527271,5.72932596938046,5.888,5.888,5.888,5.888,5.888,5.888,5.97283015428893,6.04543688434526,6.15785329007558,6.40524656001925,6.48565894211068,6.40020915181592,6.36567374596171,6.4645544990613,6.528,6.528,6.528,6.52386243810336,6.528,1.5690673805524,6.528,6.52386243810335,6.528,6.528,6.528,6.4645544990613,6.36567374596169,6.4002091518159,6.48565894211067,6.40524656001923,6.15785329007555,6.04543688434523,5.97283015428892,5.888,5.888,5.888,5.888,5.888,5.888,5.72932596938045,5.45197684527267,5.27091575090768,4.608,4.608,4.608,4.608,4.608,4.608,4.608,4.25944974757552,3.68561909033173,3.368,3.368,3.368,3.368,3.368,3.368,3.368,3.28123418550408,2.28357292034441,2.216,2.216,2.216,2.216,2.216,1.91131025166684,0,0,0,0,0,0,0,0,0,0,0,0,0,0,0,0,0,0,0,0,0,0,0,0,0,0,0,0,0,0,0,0,0,0,0,0,0,0,0,0,0,0,0,0,0,0,0,0,0,0,0,0,0
0,0,0,0,0,0,0,0,0,0,0,0,0,0,0,0,0,0,0,0,0,0,0,0,0,0,0,0,0,0,0,0,0,0,0,0,0,0,0,0,0,0,0,0,0,0,0,0,0,0,0,0,0,1.10019795688051,2.216,2.216,2.216,2.216,2.216,2.34873436203576,2.85957292034442,3.368,3.368,3.368,3.368,3.368,3.368,3.368,3.97170674619015,4.608,4.608,4.608,4.608,4.608,4.608,4.72490713431428,4.96202045967428,5.12087213650616,5.888,5.888,5.888,5.888,5.888,5.888,5.888,6.02194697185348,6.33054831180372,6.49670443547312,6.48686648068291,6.528,6.528,6.528,6.528,6.528,6.528,6.528,6.528,6.528,6.528,4.7122710696301,0,4.7122710696302,6.528,6.528,6.528,6.528,6.528,6.528,6.528,6.528,6.528,6.528,6.4868664806829,6.49670443547309,6.3305483118037,6.02194697185345,5.888,5.888,5.888,5.888,5.888,5.888,5.888,5.12087213650611,4.96202045967424,4.72490713431426,4.608,4.608,4.608,4.608,4.608,4.608,3.97170674619011,3.368,3.368,3.368,3.368,3.368,3.368,3.368,2.85957292034441,2.34873436203578,2.216,2.216,2.216,2.216,2.216,1.10019795688055,0,0,0,0,0,0,0,0,0,0,0,0,0,0,0,0,0,0,0,0,0,0,0,0,0,0,0,0,0,0,0,0,0,0,0,0,0,0,0,0,0,0,0,0,0,0,0,0,0,0,0,0
0,0,0,0,0,0,0,0,0,0,0,0,0,0,0,0,0,0,0,0,0,0,0,0,0,0,0,0,0,0,0,0,0,0,0,0,0,0,0,0,0,0,0,0,0,0,0,0,0,0,0,0,0.289085662094209,2.20819795688051,2.216,2.216,2.216,2.216,2.59225039002507,3.368,3.368,3.368,3.368,3.368,3.368,3.368,3.53621202244677,3.55313217179058,4.59170674619015,4.608,4.608,4.608,4.608,4.62113701152164,4.84225625842206,5.888,5.83716069768329,5.888,5.888,5.888,5.888,5.89308075688773,5.92589367798977,5.90825007116446,6.17531925068854,6.34797092373229,6.528,6.528,6.528,6.528,6.528,6.528,6.528,6.528,6.528,6.528,6.528,6.528,6.528,6.528,1.04374405308147,6.528,6.528,6.528,6.528,6.528,6.528,6.528,6.528,6.528,6.528,6.528,6.528,6.528,6.528,6.34797092373226,6.17531925068851,5.90825007116444,5.92589367798976,5.89308075688773,5.888,5.888,5.888,5.888,5.83716069768327,5.888,4.84225625842201,4.62113701152163,4.608,4.608,4.608,4.608,4.59170674619011,3.55313217179055,3.53621202244676,3.368,3.368,3.368,3.368,3.368,3.368,3.368,2.59225039002506,2.216,2.216,2.216,2.216,2.20819795688055,0.289085662094209,0,0,0,0,0,0,0,0,0,0,0,0,0,0,0,0,0,0,0,0,0,0,0,0,0,0,0,0,0,0,0,0,0,0,0,0,0,0,0,0,0,0,0,0,0,0,0,0,0,0,0
0,0,0,0,0,0,0,0,0,0,0,0,0,0,0,0,0,0,0,0,0,0,0,0,0,0,0,0,0,0,0,0,0,0,0,0,0,0,0,0,0,0,0,0,0,0,0,0,0,0,0,0,1.39708566209421,2.216,2.216,2.216,2.216,2.216,3.16825039002507,3.368,3.368,3.368,3.368,3.368,3.368,3.368,4.30396374480473,4.5602326766395,4.608,4.608,4.608,4.608,4.608,5.54749932623675,5.64390578678777,5.888,5.888,5.888,5.888,5.888,5.888,6.316468105291,6.37830955228575,6.49400914802779,6.528,6.528,6.528,6.528,6.528,6.528,6.528,6.528,6.528,6.528,6.528,6.528,6.528,6.528,6.528,4.34994718442711,0,4.34994718442734,6.528,6.528,6.528,6.528,6.528,6.528,6.528,6.528,6.528,6.528,6.528,6.528,6.528,6.528,6.528,6.49400914802777,6.37830955228573,6.31646810529097,5.888,5.888,5.888,5.888,5.888,5.888,5.64390578678773,5.54749932623672,4.608,4.608,4.608,4.608,4.608,4.56023267663949,4.30396374480471,3.368,3.368,3.368,3.368,3.368,3.368,3.368,3.16825039002506,2.216,2.216,2.216,2.216,2.216,1.39708566209421,0,0,0,0,0,0,0,0,0,0,0,0,0,0,0,0,0,0,0,0,0,0,0,0,0,0,0,0,0,0,0,0,0,0,0,0,0,0,0,0,0,0,0,0,0,0,0,0,0,0,0
0,0,0,0,0,0,0,0,0,0,0,0,0,0,0,0,0,0,0,0,0,0,0,0,0,0,0,0,0,0,0,0,0,0,0,0,0,0,0,0,0,0,0,0,0,0,0,0,0,0,0,0.585973367307904,2.216,2.216,2.216,2.216,2.39711438822866,2.7465891248654,3.368,3.368,3.368,3.368,3.368,3.368,3.53940798365534,3.85009224411203,4.608,4.608,4.608,4.608,4.608,4.608,5.1852312247339,5.888,5.888,5.888,5.888,5.888,5.9975138643706,6.13904549336244,6.23573216421431,6.528,6.528,6.528,6.528,6.528,6.528,6.528,6.528,6.528,6.528,6.528,6.528,6.528,6.78470394764339,7.07264380795249,7.03781798383105,6.67773546939449,7.02131129736566,6.47465210643372,0.671532729130373,6.47465210643343,7.02131129736561,6.67773546939444,7.03781798383102,7.07264380795242,6.78470394764336,6.528,6.528,6.528,6.528,6.528,6.528,6.528,6.528,6.528,6.528,6.528,6.528,6.528,6.23573216421429,6.13904549336241,5.99751386437058,5.888,5.888,5.888,5.888,5.888,5.18523122473385,4.608,4.608,4.608,4.608,4.608,4.608,3.850092244112,3.53940798365534,3.368,3.368,3.368,3.368,3.368,3.368,2.74658912486539,2.39711438822869,2.216,2.216,2.216,2.216,0.585973367307904,0,0,0,0,0,0,0,0,0,0,0,0,0,0,0,0,0,0,0,0,0,0,0,0,0,0,0,0,0,0,0,0,0,0,0,0,0,0,0,0,0,0,0,0,0,0,0,0,0,0
0,0,0,0,0,0,0,0,0,0,0,0,0,0,0,0,0,0,0,0,0,0,0,0,0,0,0,0,0,0,0,0,0,0,0,0,0,0,0,0,0,0,0,0,0,0,0,0,0,0,0,1.6939733673079,2.216,2.216,2.216,2.47926659454605,3.368,3.35121858450155,3.368,3.368,3.368,3.368,3.368,3.56234924272662,4.608,4.55703671543092,4.608,4.608,4.608,4.608,4.88820619104573,5.45515747119592,5.83341965115837,5.888,5.888,5.888,5.92265383666244,6.06789690447715,6.528,6.528,6.528,6.528,6.528,6.528,6.528,6.528,6.528,6.528,6.528,6.528,6.66367199032062,7.02082393664412,7.23463030523021,7.8414783589067,8.456,8.36305360611563,8.456,8.17214381565202,8.456,7.41338983633187,0.882854490777408,7.41338983633184,8.456,8.17214381565199,8.456,8.3630536061156,8.456,7.84147835890664,7.2346303052301,7.02082393664405,6.66367199032059,6.528,6.528,6.528,6.528,6.528,6.528,6.528,6.528,6.528,6.528,6.528,6.528,6.06789690447713,5.92265383666243,5.888,5.888,5.888,5.83341965115833,5.45515747119589,4.8882061910457,4.608,4.608,4.608,4.608,4.55703671543092,4.608,3.56234924272661,3.368,3.368,3.368,3.368,3.368,3.35121858450154,3.368,2.47926659454604,2.216,2.216,2.216,1.6939733673079,0,0,0,0,0,0,0,0,0,0,0,0,0,0,0,0,0,0,0,0,0,0,0,0,0,0,0,0,0,0,0,0,0,0,0,0,0,0,0,0,0,0,0,0,0,0,0,0,0,0
0,0,0,0,0,0,0,0,0,0,0,0,0,0,0,0,0,0,0,0,0,0,0,0,0,0,0,0,0,0,0,0,0,0,0,0,0,0,0,0,0,0,0,0,0,0,0,0,0,0,0.882861072521566,2.216,2.216,2.216,2.216,3.05526659454605,3.368,3.368,3.368,3.368,3.368,3.368,3.368,4.18234924272662,4.608,4.608,4.608,4.608,4.608,5.15000322648739,5.52820619104573,5.888,5.888,5.888,5.888,5.91938438763307,6.47157873559796,6.45745518040083,6.528,6.528,6.528,6.528,6.528,6.528,6.528,6.528,6.528,6.95045874278172,7.11851975361604,7.6535405312655,8.44947952043119,8.36420671396362,8.45444872463291,8.456,8.456,8.456,8.456,8.456,8.456,8.456,2.53062218041907,8.456,8.456,8.456,8.456,8.456,8.456,8.456,8.4544487246329,8.36420671396358,8.44947952043114,7.65354053126543,7.11851975361593,6.95045874278165,6.528,6.528,6.528,6.528,6.528,6.528,6.528,6.528,6.528,6.45745518040081,6.47157873559793,5.91938438763305,5.888,5.888,5.888,5.888,5.5282061910457,5.15000322648736,4.608,4.608,4.608,4.608,4.608,4.18234924272661,3.368,3.368,3.368,3.368,3.368,3.368,3.368,3.05526659454605,2.216,2.216,2.216,2.216,0.882861072521598,0,0,0,0,0,0,0,0,0,0,0,0,0,0,0,0,0,0,0,0,0,0,0,0,0,0,0,0,0,0,0,0,0,0,0,0,0,0,0,0,0,0,0,0,0,0,0,0,0
0,0,0,0,0,0,0,0,0,0,0,0,0,0,0,0,0,0,0,0,0,0,0,0,0,0,0,0,0,0,0,0,0,0,0,0,0,0,0,0,0,0,0,0,0,0,0,0,0,0.071748777735261,1.99086107252157,2.216,2.216,2.216,2.63360532938638,3.368,3.368,3.368,3.368,3.368,3.368,3.55889719867379,3.7284777420339,4.608,4.608,4.608,4.608,4.608,5.23118115735758,5.888,5.888,5.888,5.888,5.888,6.26502503368817,6.34400888231062,6.528,6.528,6.528,6.528,6.528,6.528,6.528,6.528,7.09882132321401,7.48414802617833,8.21087492932961,8.38390514436564,8.40493506902053,8.456,8.456,8.456,8.456,8.456,8.456,8.456,8.456,8.456,8.456,6.65741787541718,0,6.65741787541726,8.456,8.456,8.456,8.456,8.456,8.456,8.456,8.456,8.456,8.456,8.40493506902051,8.38390514436559,8.21087492932955,7.48414802617823,7.09882132321392,6.528,6.528,6.528,6.528,6.528,6.528,6.528,6.528,6.3440088823106,6.26502503368814,5.888,5.888,5.888,5.888,5.888,5.23118115735753,4.608,4.608,4.608,4.608,4.608,3.72847774203389,3.55889719867379,3.368,3.368,3.368,3.368,3.368,3.368,2.63360532938638,2.216,2.216,2.216,1.9908610725216,0.071748777735261,0,0,0,0,0,0,0,0,0,0,0,0,0,0,0,0,0,0,0,0,0,0,0,0,0,0,0,0,0,0,0,0,0,0,0,0,0,0,0,0,0,0,0,0,0,0,0,0
0,0,0,0,0,0,0,0,0,0,0,0,0,0,0,0,0,0,0,0,0,0,0,0,0,0,0,0,0,0,0,0,0,0,0,0,0,0,0,0,0,0,0,0,0,0,0,0,0,1.17974877773526,2.216,2.216,2.216,2.216,3.20960532938638,3.368,3.368,3.368,3.368,3.368,3.44073474064851,4.5146062413412,4.53754750041247,4.608,4.608,4.608,4.608,4.76266864051348,5.87118115735757,5.888,5.888,5.888,5.888,6.09087187078898,6.528,6.528,6.528,6.528,6.528,6.528,6.528,6.63603239289446,6.68421455425399,6.95857829621075,8.1538182742122,8.456,8.456,8.456,8.456,8.456,8.456,8.456,8.456,8.456,8.456,8.65057832939116,8.456,8.50949418658574,8.456,8.89494323287242,1.85014821333974,8.89494323287231,8.456,8.50949418658572,8.456,8.65057832939111,8.456,8.456,8.456,8.456,8.456,8.456,8.456,8.456,8.456,8.456,8.15381827421212,6.95857829621067,6.68421455425393,6.63603239289444,6.528,6.528,6.528,6.528,6.528,6.528,6.528,6.09087187078897,5.888,5.888,5.888,5.888,5.87118115735753,4.76266864051345,4.608,4.608,4.608,4.608,4.53754750041246,4.51460624134119,3.4407347406485,3.368,3.368,3.368,3.368,3.368,3.20960532938638,2.216,2.216,2.216,2.216,1.17974877773526,0,0,0,0,0,0,0,0,0,0,0,0,0,0,0,0,0,0,0,0,0,0,0,0,0,0,0,0,0,0,0,0,0,0,0,0,0,0,0,0,0,0,0,0,0,0,0,0
0,0,0,0,0,0,0,0,0,0,0,0,0,0,0,0,0,0,0,0,0,0,0,0,0,0,0,0,0,0,0,0,0,0,0,0,0,0,0,0,0,0,0,0,0,0,0,0,0.368636482948955,2.216,2.216,2.216,2.216,2.78794406422669,3.368,3.368,3.368,3.368,3.368,3.368,4.06073474064851,4.608,4.608,4.608,4.608,4.608,5.18243337320005,5.44855935773304,5.888,5.888,5.888,5.94235935394491,6.24985571941144,6.42194697185347,6.528,6.528,6.528,6.528,6.528,6.53039540889842,6.528,7.96472733872301,8.15208861244021,8.456,8.456,8.456,8.456,8.456,8.456,8.456,8.456,8.544328417657,8.82787469106957,8.96069090706454,9.82914463365197,10.4878545123746,9.82585571941144,9.92887383709608,10.2626825030448,7.50940847209639,0,7.50940847209653,10.2626825030447,9.928873837096,9.82585571941141,10.4878545123745,9.8291446336519,8.96069090706441,8.8278746910695,8.54432841765695,8.456,8.456,8.456,8.456,8.456,8.456,8.456,8.456,8.15208861244016,7.96472733872294,6.528,6.53039540889841,6.528,6.528,6.528,6.528,6.528,6.42194697185346,6.24985571941142,5.94235935394489,5.888,5.888,5.888,5.44855935773301,5.18243337320002,4.608,4.608,4.608,4.608,4.608,4.0607347406485,3.368,3.368,3.368,3.368,3.368,3.368,2.78794406422671,2.216,2.216,2.216,2.216,0.368636482948955,0,0,0,0,0,0,0,0,0,0,0,0,0,0,0,0,0,0,0,0,0,0,0,0,0,0,0,0,0,0,0,0,0,0,0,0,0,0,0,0,0,0,0,0,0,0,0
0,0,0,0,0,0,0,0,0,0,0,0,0,0,0,0,0,0,0,0,0,0,0,0,0,0,0,0,0,0,0,0,0,0,0,0,0,0,0,0,0,0,0,0,0,0,0,0,1.47663648294896,2.216,2.216,2.216,2.36628279906703,3.36394406422669,3.368,3.368,3.368,3.368,3.368,3.60686323995579,4.608,4.608,4.608,4.608,4.608,5.10564360682532,5.888,5.888,5.888,5.888,5.888,6.26235935394491,6.528,6.528,6.528,6.528,6.528,6.528,6.528,7.47833468844528,7.81033163944346,8.456,8.456,8.456,8.456,8.456,8.456,8.456,8.78217261284822,8.83975129530277,9.56616924219266,10.4599102203121,10.4759779081414,10.7270766953675,10.76,10.76,10.76,10.76,10.76,10.4064081304797,1.48837451392638,10.4064081304793,10.76,10.76,10.76,10.76,10.76,10.7270766953675,10.4759779081413,10.4599102203119,9.56616924219254,8.83975129530267,8.78217261284814,8.456,8.456,8.456,8.456,8.456,8.456,8.456,7.81033163944338,7.47833468844517,6.528,6.528,6.528,6.528,6.528,6.528,6.528,6.26235935394489,5.888,5.888,5.888,5.888,5.888,5.10564360682529,4.608,4.608,4.608,4.608,4.608,3.60686323995578,3.368,3.368,3.368,3.368,3.368,3.36394406422671,2.36628279906703,2.216,2.216,2.216,1.47663648294896,0,0,0,0,0,0,0,0,0,0,0,0,0,0,0,0,0,0,0,0,0,0,0,0,0,0,0,0,0,0,0,0,0,0,0,0,0,0,0,0,0,0,0,0,0,0,0
0,0,0,0,0,0,0,0,0,0,0,0,0,0,0,0,0,0,0,0,0,0,0,0,0,0,0,0,0,0,0,0,0,0,0,0,0,0,0,0,0,0,0,0,0,0,0,0.665524188162618,2.216,2.216,2.216,2.216,2.94228279906703,3.368,3.368,3.368,3.368,3.368,3.368,4.22686323995579,4.608,4.608,4.608,4.608,4.63713108998123,5.74564360682532,5.888,5.888,5.888,6.07468640513471,6.19137254455225,6.528,6.528,6.528,6.528,6.528,6.528,6.97597051091681,7.34869581697193,8.456,8.456,8.456,8.456,8.456,8.456,8.456,8.62953162899186,10.2487883846455,10.4611321528499,10.6295210613534,10.76,10.76,10.76,10.76,10.76,10.76,10.76,10.76,10.76,7.16994970962556,0,7.16994970962593,10.76,10.76,10.76,10.76,10.76,10.76,10.76,10.76,10.76,10.6295210613534,10.4611321528499,10.2487883846453,8.62953162899178,8.456,8.456,8.456,8.456,8.456,8.456,8.456,7.34869581697184,6.97597051091674,6.528,6.528,6.528,6.528,6.528,6.528,6.19137254455222,6.0746864051347,5.888,5.888,5.888,5.74564360682529,4.63713108998122,4.608,4.608,4.608,4.608,4.22686323995578,3.368,3.368,3.368,3.368,3.368,3.368,2.94228279906703,2.216,2.216,2.216,2.216,0.66552418816265,0,0,0,0,0,0,0,0,0,0,0,0,0,0,0,0,0,0,0,0,0,0,0,0,0,0,0,0,0,0,0,0,0,0,0,0,0,0,0,0,0,0,0,0,0,0
0,0,0,0,0,0,0,0,0,0,0,0,0,0,0,0,0,0,0,0,0,0,0,0,0,0,0,0,0,0,0,0,0,0,0,0,0,0,0,0,0,0,0,0,0,0,0,1.77352418816262,2.216,2.216,2.216,2.52062153390736,3.368,3.368,3.368,3.368,3.368,3.76357595040556,3.93384075422234,4.608,4.608,4.608,4.608,5.19023902523515,5.39480377307425,5.888,5.888,5.888,5.888,6.43384683710082,6.528,6.528,6.528,6.528,6.528,6.528,6.528,8.03393942473742,8.456,8.456,8.456,8.456,8.456,8.456,8.83026143595439,9.58790493649285,9.97001560100257,10.76,10.76,10.76,10.76,10.76,10.76,10.76,10.9089828388972,11.1531536069873,11.055882206913,10.8680872288032,11.0463022490161,8.88979345663935,0.711353669916034,8.88979345663884,11.046302249016,10.8680872288031,11.0558822069129,11.1531536069873,10.9089828388972,10.76,10.76,10.76,10.76,10.76,10.76,10.76,9.97001560100246,9.58790493649271,8.83026143595429,8.456,8.456,8.456,8.456,8.456,8.456,8.03393942473735,6.528,6.528,6.528,6.528,6.528,6.528,6.528,6.43384683710081,5.888,5.888,5.888,5.888,5.39480377307424,5.19023902523514,4.608,4.608,4.608,4.608,3.93384075422234,3.76357595040556,3.368,3.368,3.368,3.368,3.368,2.52062153390736,2.216,2.216,2.216,1.77352418816265,0,0,0,0,0,0,0,0,0,0,0,0,0,0,0,0,0,0,0,0,0,0,0,0,0,0,0,0,0,0,0,0,0,0,0,0,0,0,0,0,0,0,0,0,0,0
0,0,0,0,0,0,0,0,0,0,0,0,0,0,0,0,0,0,0,0,0,0,0,0,0,0,0,0,0,0,0,0,0,0,0,0,0,0,0,0,0,0,0,0,0,0,0.962411893376313,2.216,2.216,2.216,2.216,3.09662153390736,3.368,3.368,3.368,3.368,3.48524873787768,4.55912023857039,4.608,4.608,4.608,4.608,4.98010605629306,5.888,5.888,5.888,5.888,5.888,6.19959057867879,6.528,6.528,6.528,6.528,6.528,6.528,7.11936388714736,7.39439337623058,8.456,8.456,8.456,8.456,8.456,8.53860329099522,9.55556403803382,10.76,10.76,10.76,10.76,10.76,10.76,10.8086001707947,11.1079108580332,11.2426164095185,11.7113057222799,12.296,12.2075649946156,12.296,12.0259214940772,12.296,10.4853758438721,0.57723336205425,10.485375843872,12.296,12.0259214940771,12.296,12.2075649946156,12.296,11.7113057222799,11.2426164095184,11.1079108580332,10.8086001707947,10.76,10.76,10.76,10.76,10.76,10.76,9.55556403803374,8.53860329099516,8.456,8.456,8.456,8.456,8.456,7.39439337623048,7.11936388714728,6.528,6.528,6.528,6.528,6.528,6.528,6.19959057867876,5.888,5.888,5.888,5.888,5.888,4.98010605629305,4.608,4.608,4.608,4.608,4.55912023857038,3.48524873787769,3.368,3.368,3.368,3.368,3.09662153390736,2.216,2.216,2.216,2.216,0.962411893376313,0,0,0,0,0,0,0,0,0,0,0,0,0,0,0,0,0,0,0,0,0,0,0,0,0,0,0,0,0,0,0,0,0,0,0,0,0,0,0,0,0,0,0,0,0
0,0,0,0,0,0,0,0,0,0,0,0,0,0,0,0,0,0,0,0,0,0,0,0,0,0,0,0,0,0,0,0,0,0,0,0,0,0,0,0,0,0,0,0,0,0.151299598590007,2.07041189337631,2.216,2.216,2.216,2.67496026874767,3.368,3.368,3.368,3.368,3.368,4.10524873787768,4.608,4.608,4.608,4.608,4.608,5.62010605629306,5.888,5.888,5.888,5.888,5.96533432025674,6.51959057867879,6.528,6.528,6.528,6.528,6.528,6.88084848924822,8.456,8.44366618269813,8.456,8.456,8.456,8.456,9.02091897739513,10.6057678528871,10.729832670971,10.76,10.76,10.76,10.76,11.1965590388725,11.5655381882535,12.1848725616536,12.2124425212278,12.2695618744151,12.296,12.296,12.6977658334366,12.296,12.4064549336243,12.296,13.20233111271,3.4146843100586,13.2023311127099,12.296,12.4064549336243,12.296,12.6977658334365,12.296,12.296,12.2695618744151,12.2124425212278,12.1848725616536,11.5655381882534,11.1965590388724,10.76,10.76,10.76,10.76,10.729832670971,10.605767852887,9.02091897739505,8.456,8.456,8.456,8.456,8.44366618269812,8.456,6.88084848924815,6.528,6.528,6.528,6.528,6.528,6.51959057867876,5.96533432025673,5.888,5.888,5.888,5.888,5.62010605629305,4.608,4.608,4.608,4.608,4.608,4.10524873787769,3.368,3.368,3.368,3.368,3.368,2.67496026874769,2.216,2.216,2.216,2.07041189337631,0.151299598590007,0,0,0,0,0,0,0,0,0,0,0,0,0,0,0,0,0,0,0,0,0,0,0,0,0,0,0,0,0,0,0,0,0,0,0,0,0,0,0,0,0,0,0,0
0,0,0,0,0,0,0,0,0,0,0,0,0,0,0,0,0,0,0,0,0,0,0,0,0,0,0,0,0,0,0,0,0,0,0,0,0,0,0,0,0,0,0,0,0,1.25929959859001,2.216,2.216,2.216,2.25329900358801,3.25096026874767,3.368,3.368,3.368,3.368,3.65137723718498,4.608,4.608,4.608,4.608,4.608,5.15159353944898,5.888,5.888,5.888,5.888,6.26997361878532,6.35587913985591,6.528,6.528,6.528,6.528,6.528,6.98590891932026,7.84484848924822,8.456,8.456,8.456,8.456,8.48627391675644,10.0576550247587,10.3435880430561,10.76,10.76,10.76,10.8534546489665,10.8514752149276,11.1803352957792,12.000117793087,12.296,12.296,12.5977367571689,12.845512801502,13.2898745469014,14.3220985025683,14.6191235362565,14.3202121125861,14.1325846381977,14.5707585264883,11.3402717301074,0,11.3402717301075,14.5707585264883,14.1325846381976,14.3202121125861,14.6191235362564,14.3220985025682,13.2898745469013,12.8455128015019,12.5977367571688,12.296,12.296,12.000117793087,11.1803352957791,10.8514752149276,10.8534546489665,10.76,10.76,10.76,10.343588043056,10.0576550247586,8.48627391675635,8.456,8.456,8.456,8.456,7.84484848924815,6.9859089193202,6.528,6.528,6.528,6.528,6.528,6.3558791398559,6.26997361878531,5.888,5.888,5.888,5.888,5.15159353944897,4.608,4.608,4.608,4.608,4.608,3.65137723718497,3.368,3.368,3.368,3.368,3.25096026874769,2.25329900358801,2.216,2.216,2.216,1.25929959859001,0,0,0,0,0,0,0,0,0,0,0,0,0,0,0,0,0,0,0,0,0,0,0,0,0,0,0,0,0,0,0,0,0,0,0,0,0,0,0,0,0,0,0,0
0,0,0,0,0,0,0,0,0,0,0,0,0,0,0,0,0,0,0,0,0,0,0,0,0,0,0,0,0,0,0,0,0,0,0,0,0,0,0,0,0,0,0,0,0.44818730380367,2.216,2.216,2.216,2.216,2.82929900358801,3.368,3.368,3.368,3.368,3.368,4.27137723718498,4.608,4.608,4.608,4.608,4.68308102260491,5.79159353944898,5.888,5.888,5.888,6.13682180341266,6.528,6.528,6.528,6.528,6.528,6.528,7.39745453225543,8.456,8.456,8.456,8.456,8.456,9.43515736490907,9.8140857029057,10.76,10.76,10.76,10.76,10.76,11.8494727324483,12.0720829015658,12.296,12.296,12.7398880221666,14.0118772419544,14.6518772419544,14.6551762986858,14.856,14.856,14.856,14.856,14.856,14.856,14.856,2.9301171926357,14.856,14.856,14.856,14.856,14.856,14.856,14.856,14.6551762986858,14.6518772419543,14.0118772419543,12.7398880221665,12.296,12.296,12.0720829015657,11.8494727324483,10.76,10.76,10.76,10.76,10.76,9.81408570290558,9.43515736490894,8.456,8.456,8.456,8.456,8.456,7.39745453225536,6.528,6.528,6.528,6.528,6.528,6.528,6.13682180341264,5.888,5.888,5.888,5.79159353944897,4.6830810226049,4.608,4.608,4.608,4.608,4.27137723718498,3.368,3.368,3.368,3.368,3.368,2.82929900358801,2.216,2.216,2.216,2.216,0.448187303803717,0,0,0,0,0,0,0,0,0,0,0,0,0,0,0,0,0,0,0,0,0,0,0,0,0,0,0,0,0,0,0,0,0,0,0,0,0,0,0,0,0,0,0
0,0,0,0,0,0,0,0,0,0,0,0,0,0,0,0,0,0,0,0,0,0,0,0,0,0,0,0,0,0,0,0,0,0,0,0,0,0,0,0,0,0,0,0,1.55618730380367,2.216,2.216,2.216,2.40763773842834,3.368,3.368,3.368,3.368,3.368,3.81750573649228,4.608,4.608,4.608,4.608,4.608,5.32308102260491,5.888,5.888,5.888,5.90256554499061,6.45682180341266,6.528,6.528,6.528,6.528,6.528,6.69175755375904,8.36145453225543,8.456,8.456,8.456,8.456,9.10362885611774,10.76,10.76,10.76,10.76,10.76,11.4930426920225,11.8145864829558,12.296,12.3967946250465,12.3508446924228,13.3764705346269,14.0389168137765,14.856,14.856,14.856,14.856,14.856,14.856,14.856,14.856,14.856,10.0121355603643,0,10.0121355603644,14.856,14.856,14.856,14.856,14.856,14.856,14.856,14.856,14.856,14.0389168137763,13.3764705346268,12.3508446924227,12.3967946250464,12.296,11.8145864829557,11.4930426920225,10.76,10.76,10.76,10.76,10.76,9.10362885611766,8.456,8.456,8.456,8.456,8.36145453225536,6.69175755375897,6.528,6.528,6.528,6.528,6.528,6.45682180341265,5.90256554499061,5.888,5.888,5.888,5.3230810226049,4.608,4.608,4.608,4.608,4.608,3.81750573649228,3.368,3.368,3.368,3.368,3.368,2.40763773842834,2.216,2.216,2.216,1.55618730380372,0,0,0,0,0,0,0,0,0,0,0,0,0,0,0,0,0,0,0,0,0,0,0,0,0,0,0,0,0,0,0,0,0,0,0,0,0,0,0,0,0,0,0
0,0,0,0,0,0,0,0,0,0,0,0,0,0,0,0,0,0,0,0,0,0,0,0,0,0,0,0,0,0,0,0,0,0,0,0,0,0,0,0,0,0,0,0.745075009017364,2.216,2.216,2.216,2.216,2.98363773842834,3.368,3.368,3.368,3.368,3.368,4.43750573649228,4.608,4.608,4.608,4.608,4.85456850576082,5.888,5.888,5.888,5.888,6.22256554499061,6.528,6.528,6.528,6.528,6.528,6.528,7.65575755375904,8.456,8.456,8.456,8.456,8.456,10.2556288561177,10.76,10.76,10.76,11.0947273244833,11.4615849228556,12.2610426920225,12.296,12.296,13.7688129211021,14.6969431949911,14.856,14.856,14.856,14.856,14.856,14.856,14.856,14.856,15.0911940784322,15.0878847121485,15.8220717644748,13.4786271962023,1.73462035548681,13.4786271962017,15.8220717644746,15.0878847121484,15.0911940784322,14.856,14.856,14.856,14.856,14.856,14.856,14.856,14.856,14.696943194991,13.768812921102,12.296,12.296,12.2610426920225,11.4615849228555,11.0947273244832,10.76,10.76,10.76,10.2556288561177,8.456,8.456,8.456,8.456,8.456,7.65575755375897,6.528,6.528,6.528,6.528,6.528,6.528,6.22256554499061,5.888,5.888,5.888,5.888,4.85456850576081,4.608,4.608,4.608,4.608,4.43750573649228,3.368,3.368,3.368,3.368,3.368,2.98363773842834,2.216,2.216,2.216,2.216,0.74507500901738,0,0,0,0,0,0,0,0,0,0,0,0,0,0,0,0,0,0,0,0,0,0,0,0,0,0,0,0,0,0,0,0,0,0,0,0,0,0,0,0,0,0
0,0,0,0,0,0,0,0,0,0,0,0,0,0,0,0,0,0,0,0,0,0,0,0,0,0,0,0,0,0,0,0,0,0,0,0,0,0,0,0,0,0,0,1.85307500901736,2.216,2.216,2.216,2.56197647326865,3.368,3.368,3.368,3.368,3.368,3.98363423579957,4.608,4.608,4.608,4.608,4.608,5.49456850576081,5.888,5.888,5.888,5.98830928656858,6.528,6.528,6.528,6.528,6.528,7.04154488698238,7.33378820436675,8.456,8.456,8.456,8.456,9.41082175026925,9.7557114388229,10.76,10.76,10.76,10.76,11.9046126515968,12.296,12.296,13.1747628537257,14.3596823625552,14.856,14.856,14.856,14.856,14.856,14.856,15.0336365711806,15.1225142572231,15.5170882565837,16.5414854694288,16.9179767551334,17.1731458321724,17.7271293400634,15.5790217785843,3.55329111219824,15.579021778584,17.7271293400634,17.1731458321723,16.9179767551333,16.5414854694286,15.5170882565836,15.122514257223,15.0336365711805,14.856,14.856,14.856,14.856,14.856,14.856,14.359682362555,13.1747628537256,12.296,12.296,11.9046126515967,10.76,10.76,10.76,10.76,9.75571143882278,9.41082175026915,8.456,8.456,8.456,8.456,7.33378820436665,7.04154488698232,6.528,6.528,6.528,6.528,6.528,5.98830928656857,5.888,5.888,5.888,5.49456850576081,4.608,4.608,4.608,4.608,4.608,3.98363423579958,3.368,3.368,3.368,3.368,3.368,2.56197647326867,2.216,2.216,2.216,1.85307500901738,0,0,0,0,0,0,0,0,0,0,0,0,0,0,0,0,0,0,0,0,0,0,0,0,0,0,0,0,0,0,0,0,0,0,0,0,0,0,0,0,0,0
0,0,0,0,0,0,0,0,0,0,0,0,0,0,0,0,0,0,0,0,0,0,0,0,0,0,0,0,0,0,0,0,0,0,0,0,0,0,0,0,0,0,1.04196271423106,2.216,2.216,2.216,2.216,3.13797647326865,3.368,3.368,3.368,3.368,3.368,3.83650940897555,4.58739834691244,4.608,4.608,4.608,5.02605598891674,5.888,5.888,5.888,5.888,6.30830928656858,6.528,6.528,6.528,6.528,6.528,8.17236359676624,8.456,8.456,8.456,8.456,8.8776612651597,10.76,10.76,10.76,10.76,11.2493312531997,11.4576260547778,12.296,12.5807127863494,13.8491660877894,14.5032462943021,14.856,14.856,14.856,14.856,15.1324423560743,15.2553004469772,16.2995538575246,16.9080486562822,17.071030680995,17.5787842623508,18.0076626885859,18.2582824062146,19.1014039799795,19.8955843705728,19.0034039230205,5.32521579460854,19.0034039230204,19.8955843705727,19.1014039799794,18.2582824062145,18.0076626885858,17.5787842623507,17.0710306809949,16.9080486562821,16.2995538575244,15.255300446977,15.1324423560742,14.856,14.856,14.856,14.856,14.503246294302,13.8491660877892,12.5807127863493,12.296,11.4576260547777,11.2493312531996,10.76,10.76,10.76,10.76,8.87766126515962,8.456,8.456,8.456,8.456,8.1723635967662,6.528,6.528,6.528,6.528,6.528,6.30830928656857,5.888,5.888,5.888,5.888,5.02605598891673,4.608,4.608,4.608,4.58739834691244,3.83650940897556,3.368,3.368,3.368,3.368,3.368,3.13797647326867,2.216,2.216,2.216,2.216,1.04196271423107,0,0,0,0,0,0,0,0,0,0,0,0,0,0,0,0,0,0,0,0,0,0,0,0,0,0,0,0,0,0,0,0,0,0,0,0,0,0,0,0,0
0,0,0,0,0,0,0,0,0,0,0,0,0,0,0,0,0,0,0,0,0,0,0,0,0,0,0,0,0,0,0,0,0,0,0,0,0,0,0,0,0,0.230850419444722,2.14996271423106,2.216,2.216,2.216,2.71631520810899,3.368,3.368,3.368,3.368,3.368,3.368,3.98363423579957,4.608,4.608,4.608,4.608,5.66605598891674,5.888,5.888,5.888,6.07405302814653,6.528,6.528,6.528,6.528,6.528,7.46666661826985,8.456,8.456,8.456,8.456,8.456,10.0296612651597,10.76,10.76,10.76,10.9859675909581,12.296,12.2935612366939,12.296,13.8607127863494,14.856,14.856,14.856,14.856,14.856,14.856,16.5852751722358,17.4084587115091,17.9261725103769,18.1055450549292,18.8420627854161,19.9346902408638,19.7977020042295,19.9591608324496,19.968,19.968,16.5493199110289,0,16.5493199110287,19.968,19.968,19.9591608324496,19.7977020042294,19.9346902408637,18.8420627854159,18.105545054929,17.9261725103768,17.408458711509,16.5852751722357,14.856,14.856,14.856,14.856,14.856,14.856,13.8607127863493,12.296,12.2935612366939,12.296,10.985967590958,10.76,10.76,10.76,10.0296612651596,8.456,8.456,8.456,8.456,8.456,7.46666661826978,6.528,6.528,6.528,6.528,6.528,6.07405302814652,5.888,5.888,5.888,5.66605598891673,4.608,4.608,4.608,4.608,3.98363423579958,3.368,3.368,3.368,3.368,3.368,3.368,2.71631520810899,2.216,2.216,2.216,2.14996271423107,0.230850419444769,0,0,0,0,0,0,0,0,0,0,0,0,0,0,0,0,0,0,0,0,0,0,0,0,0,0,0,0,0,0,0,0,0,0,0,0,0,0,0,0
0,0,0,0,0,0,0,0,0,0,0,0,0,0,0,0,0,0,0,0,0,0,0,0,0,0,0,0,0,0,0,0,0,0,0,0,0,0,0,0,0,1.33885041944472,2.216,2.216,2.216,2.26689809257336,3.29231520810899,3.368,3.368,3.368,3.368,3.368,3.52976273510687,4.60363423579957,4.608,4.608,4.608,5.19754347207266,5.888,5.888,5.888,5.888,6.39405302814653,6.528,6.528,6.528,6.528,6.76096963977343,8.43066661826985,8.456,8.456,8.456,8.456,9.18633873484035,10.76,10.76,10.76,10.76,11.7539675909581,12.296,13.1238643360049,13.6055730797748,14.856,14.856,14.856,14.856,14.856,15.989368698399,17.162330991298,17.865113722028,19.6084941467967,19.8123372829347,19.8824706200653,19.968,19.968,19.968,19.968,20.078137721327,19.968,19.968,5.11469193205183,19.968,19.968,20.0781377213269,19.968,19.968,19.968,19.968,19.8824706200653,19.8123372829347,19.6084941467965,17.8651137220279,17.1623309912979,15.9893686983988,14.856,14.856,14.856,14.856,14.856,13.6055730797746,13.1238643360048,12.296,11.753967590958,10.76,10.76,10.76,10.76,9.1863387348403,8.456,8.456,8.456,8.456,8.43066661826978,6.76096963977339,6.528,6.528,6.528,6.528,6.39405302814652,5.888,5.888,5.888,5.888,5.19754347207265,4.608,4.608,4.608,4.60363423579958,3.52976273510687,3.368,3.368,3.368,3.368,3.368,3.29231520810899,2.26689809257337,2.216,2.216,2.216,1.33885041944477,0,0,0,0,0,0,0,0,0,0,0,0,0,0,0,0,0,0,0,0,0,0,0,0,0,0,0,0,0,0,0,0,0,0,0,0,0,0,0,0
0,0,0,0,0,0,0,0,0,0,0,0,0,0,0,0,0,0,0,0,0,0,0,0,0,0,0,0,0,0,0,0,0,0,0,0,0,0,0,0,0.5277381246584,2.216,2.216,2.216,2.216,2.216,2.89949657804029,3.368,3.368,3.368,3.368,3.368,4.14976273510687,4.608,4.608,4.608,4.72903095522857,5.83754347207266,5.888,5.888,5.888,6.15979676972449,6.528,6.528,6.528,6.528,6.528,7.72496963977343,8.456,8.456,8.456,8.456,8.456,10.3383387348403,10.76,10.76,11.2183328132999,11.4334845755292,12.296,12.3296376852849,14.5466627189731,14.856,14.856,14.856,14.856,15.3934622245621,16.7565306126579,17.3063435603317,18.900603900237,19.3190039401083,19.968,19.968,19.968,20.0604649319471,19.9757756191856,20.552765336205,21.5925060638694,22.0840299265627,22.1764948585097,15.4366624379936,0,15.4366624379934,22.1764948585096,22.0840299265626,21.5925060638692,20.5527653362049,19.9757756191855,20.060464931947,19.968,19.968,19.968,19.3190039401081,18.9006039002368,17.3063435603316,16.7565306126578,15.393462224562,14.856,14.856,14.856,14.856,14.546662718973,12.3296376852848,12.296,11.4334845755291,11.2183328132999,10.76,10.76,10.3383387348403,8.456,8.456,8.456,8.456,8.456,7.72496963977339,6.528,6.528,6.528,6.528,6.528,6.15979676972449,5.888,5.888,5.888,5.83754347207265,4.72903095522858,4.608,4.608,4.608,4.14976273510687,3.368,3.368,3.368,3.368,3.368,2.89949657804026,2.216,2.216,2.216,2.216,2.216,0.527738124658432,0,0,0,0,0,0,0,0,0,0,0,0,0,0,0,0,0,0,0,0,0,0,0,0,0,0,0,0,0,0,0,0,0,0,0,0,0,0,0
0,0,0,0,0,0,0,0,0,0,0,0,0,0,0,0,0,0,0,0,0,0,0,0,0,0,0,0,0,0,0,0,0,0,0,0,0,0,0,0,1.6357381246584,2.216,2.216,2.216,2.216,2.29465394294932,3.29231520810899,3.368,3.368,3.368,3.368,3.69589123441417,4.608,4.608,4.608,4.608,5.36903095522857,5.888,5.888,5.888,5.92554051130245,6.47979676972449,6.528,6.528,6.528,6.528,7.01927266127704,8.456,8.456,8.456,8.456,8.456,9.49501620452101,10.76,10.76,10.8353225303194,12.1655375505323,12.296,12.296,13.6096376852849,14.856,14.856,14.856,14.856,16.1226852274627,16.7408705232625,18.2801176336568,18.6674902066885,19.968,19.968,19.968,19.968,21.3542735978959,22.0209722712589,22.4069517052977,23.04,23.04,23.04,23.04,23.04,4.04748528165578,23.04,23.04,23.04,23.04,23.04,22.4069517052976,22.0209722712587,21.3542735978957,19.968,19.968,19.968,19.968,18.6674902066883,18.2801176336566,16.7408705232624,16.1226852274625,14.856,14.856,14.856,14.856,13.6096376852848,12.296,12.296,12.1655375505322,10.8353225303193,10.76,10.76,9.49501620452093,8.456,8.456,8.456,8.456,8.456,7.019272661277,6.528,6.528,6.528,6.528,6.47979676972449,5.92554051130245,5.888,5.888,5.888,5.36903095522858,4.608,4.608,4.608,4.608,3.69589123441417,3.368,3.368,3.368,3.368,3.29231520810899,2.29465394294933,2.216,2.216,2.216,2.216,1.63573812465843,0,0,0,0,0,0,0,0,0,0,0,0,0,0,0,0,0,0,0,0,0,0,0,0,0,0,0,0,0,0,0,0,0,0,0,0,0,0,0
0,0,0,0,0,0,0,0,0,0,0,0,0,0,0,0,0,0,0,0,0,0,0,0,0,0,0,0,0,0,0,0,0,0,0,0,0,0,0,0.824625829872095,2.216,2.216,2.216,2.216,2.216,2.87065394294932,3.368,3.368,3.368,3.368,3.368,4.31589123441417,4.608,4.608,4.608,4.62234455009387,5.36534912410776,5.888,5.888,5.888,6.24554051130245,6.528,6.528,6.528,6.528,6.528,7.98327266127703,8.456,8.456,8.456,8.456,8.65169367420168,10.647016204521,10.76,10.76,11.6033225303194,12.296,12.296,12.6726126515968,14.856,14.856,14.856,14.856,16.0815557507252,17.424,17.9564392131176,19.968,19.9606823606474,19.968,19.968,20.7152870010769,21.2135257074515,23.04,23.04,23.04,23.04,23.04,23.04,23.3639114957545,15.3527547685663,0,15.3527547685669,23.3639114957544,23.04,23.04,23.04,23.04,23.04,23.04,21.2135257074514,20.7152870010768,19.968,19.968,19.9606823606474,19.968,17.9564392131175,17.424,16.0815557507251,14.856,14.856,14.856,14.856,12.6726126515967,12.296,12.296,11.6033225303193,10.76,10.76,10.6470162045209,8.65169367420159,8.456,8.456,8.456,8.456,7.983272661277,6.528,6.528,6.528,6.528,6.528,6.24554051130245,5.888,5.888,5.888,5.36534912410778,4.62234455009387,4.608,4.608,4.608,4.31589123441417,3.368,3.368,3.368,3.368,3.368,2.87065394294933,2.216,2.216,2.216,2.216,2.216,0.824625829872126,0,0,0,0,0,0,0,0,0,0,0,0,0,0,0,0,0,0,0,0,0,0,0,0,0,0,0,0,0,0,0,0,0,0,0,0,0,0
0,0,0,0,0,0,0,0,0,0,0,0,0,0,0,0,0,0,0,0,0,0,0,0,0,0,0,0,0,0,0,0,0,0,0,0,0,0,0.0135135350857576,1.93262582987209,2.216,2.216,2.216,2.216,2.37513695837821,3.368,3.368,3.368,3.368,3.368,3.368,3.86281872402361,4.608,4.608,4.608,4.608,5.36903095522857,5.888,5.888,5.91056258422041,6.33702799445836,6.528,6.528,6.528,6.528,7.27757568278064,8.456,8.456,8.456,8.456,8.456,9.80369367420168,10.76,10.76,11.0411075101065,12.296,12.296,12.296,13.9526126515968,14.856,14.856,14.856,15.1416025138068,17.3655557507252,18.1040235267314,19.2284392131176,19.968,19.968,20.9122355861741,22.5752695553163,23.04,22.9868395148905,23.04,23.04,23.2851604851096,23.5037407276643,23.774032409042,24.3234521664872,24.542032409042,20.7797226441826,2.3396298126992,20.7797226441813,24.5420324090419,24.3234521664871,23.7740324090419,23.5037407276643,23.2851604851095,23.04,23.04,22.9868395148904,23.04,22.5752695553161,20.912235586174,19.968,19.968,19.2284392131175,18.1040235267312,17.3655557507251,15.1416025138067,14.856,14.856,14.856,13.9526126515967,12.296,12.296,12.296,11.0411075101064,10.76,10.76,9.80369367420159,8.456,8.456,8.456,8.456,8.456,7.27757568278059,6.528,6.528,6.528,6.528,6.33702799445838,5.91056258422041,5.888,5.888,5.36903095522858,4.608,4.608,4.608,4.608,3.86281872402361,3.368,3.368,3.368,3.368,3.368,3.368,2.37513695837821,2.216,2.216,2.216,2.216,1.93262582987213,0.0135135350858206,0,0,0,0,0,0,0,0,0,0,0,0,0,0,0,0,0,0,0,0,0,0,0,0,0,0,0,0,0,0,0,0,0,0,0,0,0
0,0,0,0,0,0,0,0,0,0,0,0,0,0,0,0,0,0,0,0,0,0,0,0,0,0,0,0,0,0,0,0,0,0,0,0,0,0,1.12151353508576,2.216,2.216,2.216,2.216,2.216,2.216,3.02830632579838,3.368,3.368,3.368,3.368,3.368,4.31589123441417,4.608,4.608,4.608,4.90051843838449,5.888,5.888,5.888,5.888,6.24554051130245,6.528,6.528,6.528,6.528,7.07118172578782,8.36948489248199,8.456,8.456,8.456,8.96037114388231,10.76,10.76,10.76,11.8091075101065,12.296,13.3585625842204,14.2726126515968,14.856,14.856,14.856,14.856,16.4256025138068,18.6381019586623,19.968,19.968,20.0103446563807,19.968,22.4482355861741,23.04,23.04,23.04,23.4569778739386,24.1560529750031,24.576,24.5124830154289,24.576,24.576,24.576,21.9767902978091,3.59964598301651,21.9767902978086,24.576,24.576,24.576,24.5124830154289,24.576,24.156052975003,23.4569778739386,23.04,23.04,23.04,22.448235586174,19.968,20.0103446563807,19.968,19.968,18.6381019586623,16.4256025138067,14.856,14.856,14.856,14.856,14.2726126515966,13.3585625842204,12.296,11.8091075101064,10.76,10.76,10.76,8.96037114388226,8.456,8.456,8.456,8.369484892482,7.07118172578786,6.528,6.528,6.528,6.528,6.24554051130245,5.888,5.888,5.888,5.888,4.90051843838449,4.608,4.608,4.608,4.31589123441417,3.368,3.368,3.368,3.368,3.368,3.02830632579837,2.216,2.216,2.216,2.216,2.216,2.216,1.12151353508582,0,0,0,0,0,0,0,0,0,0,0,0,0,0,0,0,0,0,0,0,0,0,0,0,0,0,0,0,0,0,0,0,0,0,0,0,0
0,0,0,0,0,0,0,0,0,0,0,0,0,0,0,0,0,0,0,0,0,0,0,0,0,0,0,0,0,0,0,0,0,0,0,0,0,0.310401240299452,2.216,2.216,2.216,2.216,2.216,2.216,2.44899267778963,3.368,3.368,3.368,3.368,3.368,3.86201973372145,4.608,4.608,4.608,4.608,5.54051843838449,5.888,5.888,5.888,6.01128425288041,6.528,6.528,6.528,6.528,6.528,7.27757568278064,8.456,8.456,8.456,8.456,10.1123711438823,10.76,10.76,11.2468924898936,12.296,12.4215375505323,14.6385625842205,14.856,14.856,14.856,15.8296960399699,16.5498776860426,17.7069333314347,19.9101019586623,19.968,19.968,21.7353755053225,22.2660616978835,23.04,23.04,23.1005478335128,23.8035818026551,24.2421913340513,24.576,24.576,24.576,24.576,24.576,24.576,24.576,7.38083142973175,24.576,24.576,24.576,24.576,24.576,24.576,24.576,24.2421913340512,23.8035818026549,23.1005478335128,23.04,23.04,22.2660616978833,21.7353755053224,19.968,19.968,19.9101019586623,17.7069333314346,16.5498776860424,15.8296960399698,14.856,14.856,14.856,14.6385625842204,12.4215375505322,12.296,11.2468924898935,10.76,10.76,10.1123711438823,8.456,8.456,8.456,8.456,7.27757568278059,6.528,6.528,6.528,6.528,6.528,6.0112842528804,5.888,5.888,5.888,5.54051843838449,4.608,4.608,4.608,4.608,3.86201973372147,3.368,3.368,3.368,3.368,3.368,2.44899267778966,2.216,2.216,2.216,2.216,2.216,2.216,0.310401240299515,0,0,0,0,0,0,0,0,0,0,0,0,0,0,0,0,0,0,0,0,0,0,0,0,0,0,0,0,0,0,0,0,0,0,0,0
0,0,0,0,0,0,0,0,0,0,0,0,0,0,0,0,0,0,0,0,0,0,0,0,0,0,0,0,0,0,0,0,0,0,0,0,0,1.41840124029945,2.216,2.216,2.216,2.216,2.216,2.216,3.02499267778963,3.368,3.368,3.368,3.368,3.39148416652918,4.48201973372145,4.608,4.608,4.608,4.64741103456492,5.47813243750776,5.888,5.888,5.888,6.33128425288041,6.528,6.528,6.528,6.528,6.57187870428422,8.24157568278064,8.456,8.456,8.456,9.26904861356297,10.76,10.76,10.76,12.0148924898936,12.296,13.118150202129,14.856,14.856,14.856,14.8897428030515,17.1136960399699,17.424,18.9789333314347,19.968,19.968,20.6109454648967,23.04,23.04,23.04,23.4693138074391,23.8685478335128,24.576,24.576,24.576,24.576,24.576,24.576,24.576,24.576,19.7796797359076,0,19.7796797359072,24.576,24.576,24.576,24.576,24.576,24.576,24.576,24.576,23.8685478335128,23.469313807439,23.04,23.04,23.04,20.6109454648966,19.968,19.968,18.9789333314346,17.424,17.1136960399698,14.8897428030513,14.856,14.856,14.856,13.118150202129,12.296,12.0148924898935,10.76,10.76,10.76,9.26904861356292,8.456,8.456,8.456,8.2415756827806,6.57187870428421,6.528,6.528,6.528,6.528,6.3312842528804,5.888,5.888,5.888,5.47813243750776,4.64741103456492,4.608,4.608,4.608,4.48201973372147,3.39148416652918,3.368,3.368,3.368,3.368,3.02499267778966,2.216,2.216,2.216,2.216,2.216,2.216,1.41840124029951,0,0,0,0,0,0,0,0,0,0,0,0,0,0,0,0,0,0,0,0,0,0,0,0,0,0,0,0,0,0,0,0,0,0,0,0
0,0,0,0,0,0,0,0,0,0,0,0,0,0,0,0,0,0,0,0,0,0,0,0,0,0,0,0,0,0,0,0,0,0,0,0,0.607288945513146,2.216,2.216,2.216,2.216,2.216,2.216,2.49445684678796,3.368,3.368,3.368,3.368,3.368,3.368,4.02532308450989,4.608,4.608,4.608,4.608,5.54051843838449,5.888,5.888,6.09702799445837,6.528,6.528,6.528,6.528,6.528,7.53587870428423,8.456,8.456,8.456,8.456,10.421048613563,10.76,10.76,11.4526774696807,12.296,12.296,12.4215375505323,14.6861620452098,14.856,14.856,16.1737428030515,17.424,18.0477647042071,19.968,19.968,19.968,22.1469454648967,23.04,23.04,23.512117793087,24.576,24.576,24.576,24.576,24.576,24.576,24.576,24.576,24.576,24.576,24.576,5.76508560029714,24.576,24.576,24.576,24.576,24.576,24.576,24.576,24.576,24.576,24.576,24.576,23.512117793087,23.04,23.04,22.1469454648966,19.968,19.968,19.968,18.047764704207,17.424,16.1737428030513,14.856,14.856,14.6861620452098,12.4215375505322,12.296,12.296,11.4526774696806,10.76,10.76,10.4210486135629,8.456,8.456,8.456,8.456,7.53587870428421,6.528,6.528,6.528,6.528,6.528,6.09702799445836,5.888,5.888,5.54051843838449,4.608,4.608,4.608,4.608,4.0253230845099,3.368,3.368,3.368,3.368,3.368,3.368,2.49445684678795,2.216,2.216,2.216,2.216,2.216,2.216,0.607288945513178,0,0,0,0,0,0,0,0,0,0,0,0,0,0,0,0,0,0,0,0,0,0,0,0,0,0,0,0,0,0,0,0,0,0,0
0,0,0,0,0,0,0,0,0,0,0,0,0,0,0,0,0,0,0,0,0,0,0,0,0,0,0,0,0,0,0,0,0,0,0,0,1.71528894551315,2.216,2.216,2.216,2.216,2.216,2.216,2.216,3.14603505095157,3.368,3.368,3.368,3.368,3.40814823302876,4.48201973372145,4.608,4.608,4.608,5.07200592154042,5.888,5.888,5.888,6.07468640513471,6.49906029721346,6.528,6.528,6.528,6.78572646757962,8.456,8.456,8.456,8.456,9.57772608324364,10.76,10.76,10.76,11.2754521664872,12.2546450606387,12.296,13.7015375505323,14.856,14.856,15.233789566133,17.424,17.424,19.3197647042071,19.968,19.968,21.0225154244709,23.04,23.04,23.04,24.280117793087,24.576,24.576,24.576,24.576,24.576,24.576,24.576,24.576,24.576,24.576,17.5825691740061,0,17.5825691740059,24.576,24.576,24.576,24.576,24.576,24.576,24.576,24.576,24.576,24.576,24.280117793087,23.04,23.04,23.04,21.0225154244708,19.968,19.968,19.319764704207,17.424,17.424,15.2337895661329,14.856,14.856,13.7015375505322,12.296,12.2546450606387,11.2754521664872,10.76,10.76,10.76,9.57772608324355,8.456,8.456,8.456,8.456,6.78572646757962,6.528,6.528,6.528,6.49906029721346,6.07468640513472,5.888,5.888,5.888,5.07200592154042,4.608,4.608,4.608,4.48201973372147,3.40814823302876,3.368,3.368,3.368,3.368,3.14603505095157,2.216,2.216,2.216,2.216,2.216,2.216,2.216,1.71528894551318,0,0,0,0,0,0,0,0,0,0,0,0,0,0,0,0,0,0,0,0,0,0,0,0,0,0,0,0,0,0,0,0,0,0,0
0,0,0,0,0,0,0,0,0,0,0,0,0,0,0,0,0,0,0,0,0,0,0,0,0,0,0,0,0,0,0,0,0,0,0,0.899887615074298,2.216,2.216,2.216,2.216,2.216,2.216,2.216,2.59824198600537,3.368,3.368,3.368,3.368,3.368,4.01947406955065,4.608,4.608,4.608,4.608,5.71200592154042,5.888,5.888,5.888,6.09702799445837,6.528,6.528,6.528,6.528,6.528,7.983849215201,8.456,8.456,8.456,9.56298691567953,10.7555462734126,10.76,10.76,11.4526774696807,12.296,12.7645125168441,14.856,14.856,14.856,15.6650593321152,17.4075719694859,18.3885960769795,19.968,19.968,19.968,22.5585154244709,23.04,23.4934552866877,23.7291779308702,24.576,24.576,24.576,24.576,24.576,24.576,24.576,24.576,24.576,24.576,24.576,24.576,3.78739777923032,24.576,24.576,24.576,24.576,24.576,24.576,24.576,24.576,24.576,24.576,24.576,24.576,23.7291779308701,23.4934552866876,23.04,22.5585154244708,19.968,19.968,19.968,18.3885960769794,17.4075719694859,15.6650593321153,14.856,14.856,14.856,12.764512516844,12.296,11.4526774696806,10.76,10.76,10.7555462734126,9.56298691567958,8.456,8.456,8.456,7.98384921520103,6.528,6.528,6.528,6.528,6.528,6.09702799445836,5.888,5.888,5.888,5.71200592154042,4.608,4.608,4.608,4.608,4.01947406955062,3.368,3.368,3.368,3.368,3.368,2.59824198600536,2.216,2.216,2.216,2.216,2.216,2.216,2.216,0.899887615074367,0,0,0,0,0,0,0,0,0,0,0,0,0,0,0,0,0,0,0,0,0,0,0,0,0,0,0,0,0,0,0,0,0,0
0,0,0,0,0,0,0,0,0,0,0,0,0,0,0,0,0,0,0,0,0,0,0,0,0,0,0,0,0,0,0,0,0,0,0.0594671155287696,1.37353566305493,2.14746131069945,2.216,2.216,2.216,2.216,2.216,2.216,2.33240403121518,3.2379435859358,3.368,3.368,3.368,3.368,3.5531321717906,4.5602326766395,4.608,4.608,4.68478976637475,5.57860350356897,5.888,5.888,5.888,6.41702799445837,6.528,6.528,6.528,6.528,6.83018172578784,8.456,8.456,8.456,8.456,9.57772608324364,10.76,10.76,10.8904624494678,12.2206774696807,12.296,14.0445125168441,14.856,14.856,14.856,15.233789566133,17.4574274497519,19.6605960769795,19.968,19.968,21.4340853840451,23.04,23.3614727324483,24.576,24.5651131127863,24.576,24.576,24.576,24.576,24.576,24.576,24.576,24.576,24.576,24.576,24.576,16.3762717531374,0,16.376271753138,24.576,24.576,24.576,24.576,24.576,24.576,24.576,24.576,24.576,24.576,24.576,24.5651131127862,24.576,23.3614727324483,23.04,21.434085384045,19.968,19.968,19.6605960769794,17.4574274497518,15.2337895661329,14.856,14.856,14.856,14.044512516844,12.296,12.2206774696806,10.8904624494677,10.76,10.76,9.57772608324355,8.456,8.456,8.456,8.456,6.83018172578782,6.528,6.528,6.528,6.528,6.41702799445836,5.888,5.888,5.888,5.57860350356897,4.68478976637474,4.608,4.608,4.56023267663951,3.55313217179057,3.368,3.368,3.368,3.368,3.23794358593579,2.33240403121514,2.216,2.216,2.216,2.216,2.216,2.216,2.14746131069945,1.37353566305495,0.0594671155288198,0,0,0,0,0,0,0,0,0,0,0,0,0,0,0,0,0,0,0,0,0,0,0,0,0,0,0,0,0,0,0,0,0
0,0,0,0,0,0,0,0,0,0,0,0,0,0,0,0,0,0,0,0,0,0,0,0,0,0,0,0,0,0,0,0,0,0,0.76746711552877,1.74241756343928,2.216,2.216,2.216,2.216,2.216,2.216,2.216,2.60333141262997,3.368,3.368,3.368,3.368,3.368,4.02814823302876,4.608,4.608,4.608,4.608,5.71200592154042,5.888,5.888,5.96311063030696,6.42232974624284,6.528,6.528,6.528,6.528,7.79418172578784,8.456,8.456,8.456,8.73440355292427,10.7297260832436,10.76,10.76,11.6584624494678,12.296,13.1074874831559,14.856,14.856,14.856,14.856,16.517789566133,18.7294274497519,19.968,19.968,20.3096553436193,22.9700853840451,23.04,24.1294727324483,24.576,24.576,24.576,24.576,24.576,24.576,24.576,24.576,24.576,24.576,24.576,24.576,24.576,19.3555327907905,1.80970995816338,19.3555327907889,24.576,24.576,24.576,24.576,24.576,24.576,24.576,24.576,24.576,24.576,24.576,24.576,24.576,24.1294727324483,23.04,22.970085384045,20.3096553436192,19.968,19.968,18.7294274497518,16.5177895661329,14.856,14.856,14.856,14.856,13.1074874831559,12.296,11.6584624494677,10.76,10.76,10.7297260832436,8.73440355292422,8.456,8.456,8.456,7.79418172578782,6.528,6.528,6.528,6.528,6.42232974624285,5.96311063030696,5.888,5.888,5.71200592154042,4.608,4.608,4.608,4.608,4.02814823302876,3.368,3.368,3.368,3.368,3.368,2.60333141262997,2.216,2.216,2.216,2.216,2.216,2.216,2.216,1.74241756343931,0.76746711552882,0,0,0,0,0,0,0,0,0,0,0,0,0,0,0,0,0,0,0,0,0,0,0,0,0,0,0,0,0,0,0,0,0
0,0,0,0,0,0,0,0,0,0,0,0,0,0,0,0,0,0,0,0,0,0,0,0,0,0,0,0,0,0,0,0,0,0.249175143769991,1.416,1.69841957525873,2.1958963730428,2.216,2.216,2.216,2.216,2.216,2.216,3.17933141262997,3.368,3.368,3.368,3.368,3.5513354732648,4.608,4.608,4.608,4.608,4.85506971095843,5.79724845792079,5.888,5.888,5.888,6.41702799445837,6.528,6.528,6.528,6.528,7.46227396799209,8.456,8.456,8.456,9.88640355292427,10.76,10.76,10.76,11.4369130558547,12.2876229345773,13.1091370115216,14.7657496631184,14.856,14.856,15.5778363292146,17.7566352787052,19.968,19.968,19.968,21.8456553436193,23.04,23.04,23.8336615840203,24.576,24.576,24.576,24.576,24.576,24.576,24.576,24.576,24.576,24.576,24.576,24.576,24.576,21.3880762970657,2.18748742210604,21.3880762970652,24.576,24.576,24.576,24.576,24.576,24.576,24.576,24.576,24.576,24.576,24.576,24.576,24.576,23.8336615840203,23.04,23.04,21.8456553436192,19.968,19.968,19.968,17.7566352787052,15.5778363292145,14.856,14.856,14.7657496631184,13.1091370115217,12.2876229345773,11.4369130558547,10.76,10.76,10.76,9.88640355292422,8.456,8.456,8.456,7.46227396799213,6.528,6.528,6.528,6.528,6.41702799445836,5.888,5.888,5.888,5.79724845792079,4.85506971095844,4.608,4.608,4.608,4.608,3.55133547326479,3.368,3.368,3.368,3.368,3.17933141262997,2.216,2.216,2.216,2.216,2.216,2.216,2.1958963730428,1.69841957525872,1.416,0.249175143770041,0,0,0,0,0,0,0,0,0,0,0,0,0,0,0,0,0,0,0,0,0,0,0,0,0,0,0,0,0,0,0,0
0,0,0,0,0,0,0,0,0,0,0,0,0,0,0,0,0,0,0,0,0,0,0,0,0,0,0,0,0,0,0,0,0,0.957175143769991,1.416,1.74241756343928,2.216,2.216,2.216,2.216,2.216,2.216,2.22832768891103,3.0030685418029,3.368,3.368,3.368,3.368,3.3868049545618,4.33127076807644,4.608,4.608,4.608,4.608,5.71601131164649,5.888,5.888,6.18277173603633,6.528,6.528,6.528,6.528,6.528,7.79418172578784,8.456,8.456,8.46936117976232,9.79330164549761,10.76,10.76,10.76,11.6584624494678,12.296,13.1074874831559,14.856,14.856,14.856,16.8618363292146,17.4614666514776,19.3769019814459,19.968,20.7212253031935,23.04,23.04,23.04,24.1294727324483,24.576,24.576,24.576,24.576,24.576,24.576,24.576,24.576,24.576,24.576,24.576,23.3844011156832,24.576,14.798409200842,7.21285356682823,14.7984092008442,24.576,23.3844011156836,24.576,24.576,24.576,24.576,24.576,24.576,24.576,24.576,24.576,24.576,24.576,24.1294727324483,23.04,23.04,23.04,20.7212253031934,19.968,19.3769019814459,17.4614666514777,16.8618363292145,14.856,14.856,14.856,13.1074874831559,12.296,11.6584624494677,10.76,10.76,10.76,9.79330164549767,8.46936117976234,8.456,8.456,7.79418172578782,6.528,6.528,6.528,6.528,6.528,6.18277173603633,5.888,5.888,5.71601131164649,4.608,4.608,4.608,4.608,4.33127076807642,3.38680495456177,3.368,3.368,3.368,3.368,3.00306854180287,2.22832768891101,2.216,2.216,2.216,2.216,2.216,2.216,1.74241756343931,1.416,0.957175143770041,0,0,0,0,0,0,0,0,0,0,0,0,0,0,0,0,0,0,0,0,0,0,0,0,0,0,0,0,0,0,0,0
0,0,0,0,0,0,0,0,0,0,0,0,0,0,0,0,0,0,0,0,0,0,0,0,0,0,0,0,0,0,0,0,0.438883172011233,1.416,1.44959724041173,2.14241756343928,2.216,2.216,2.216,2.216,2.216,2.216,2.216,3.17933141262997,3.368,3.368,3.368,3.368,3.57427673233606,4.608,4.608,4.608,4.608,5.24349340469633,5.888,5.888,5.89748478810288,6.29174104652493,6.528,6.528,6.528,6.528,7.08848474729142,8.456,8.456,8.456,8.456,9.88640355292427,10.76,10.76,11.0962474292549,12.296,12.296,14.3874874831559,14.856,14.856,15.0230593321152,16.7902734157093,17.7982588225243,19.968,19.968,21.4714103968437,23.04,23.04,23.5672577122354,24.576,24.576,24.576,24.576,24.576,24.576,24.576,24.576,24.576,24.576,24.576,24.576,9.79115239995006,2.05065285010395,0,0,0,2.05065285010508,9.79115239995063,24.576,24.576,24.576,24.576,24.576,24.576,24.576,24.576,24.576,24.576,24.576,24.576,23.5672577122354,23.04,23.04,21.4714103968438,19.968,19.968,17.7982588225242,16.7902734157094,15.0230593321152,14.856,14.856,14.3874874831559,12.296,12.296,11.0962474292548,10.76,10.76,9.88640355292422,8.456,8.456,8.456,8.456,7.08848474729141,6.528,6.528,6.528,6.528,6.29174104652494,5.89748478810288,5.888,5.888,5.24349340469634,4.608,4.608,4.608,4.608,3.57427673233606,3.368,3.368,3.368,3.368,3.17933141262997,2.216,2.216,2.216,2.216,2.216,2.216,2.216,2.14241756343931,1.44959724041176,1.416,0.438883172011283,0,0,0,0,0,0,0,0,0,0,0,0,0,0,0,0,0,0,0,0,0,0,0,0,0,0,0,0,0,0,0
0,0,0,0,0,0,0,0,0,0,0,0,0,0,0,0,0,0,0,0,0,0,0,0,0,0,0,0,0,0,0,0,1.14688317201123,1.416,1.54205012433529,2.1168829167183,2.216,2.216,2.216,2.216,2.216,2.216,2.37346776748975,3.20796087226614,3.368,3.368,3.368,3.368,3.60820513771588,4.48664158076614,4.608,4.608,4.65654265598049,5.61654265598052,5.888,5.888,5.888,6.18277173603633,6.528,6.528,6.528,6.528,6.97117969311998,8.31748663476874,8.456,8.456,8.62666906566096,10.3360585776829,10.76,10.76,11.0810134031811,12.1625683994739,12.6316113040702,14.4900500673763,14.856,14.856,14.856,16.8618363292146,19.0702588225243,19.968,19.968,20.7212253031935,23.04,23.04,24.3352577122354,24.576,24.576,24.576,24.576,24.576,24.576,24.576,24.576,24.576,24.576,22.6752156689695,18.7865927233565,0,0,0,0,0,0,0,18.7865927233571,22.6752156689704,24.576,24.576,24.576,24.576,24.576,24.576,24.576,24.576,24.576,24.576,24.3352577122354,23.04,23.04,20.7212253031934,19.968,19.968,19.0702588225242,16.8618363292145,14.856,14.856,14.856,14.4900500673764,12.6316113040703,12.162568399474,11.0810134031811,10.76,10.76,10.336058577683,8.62666906566096,8.456,8.456,8.31748663476877,6.97117969312,6.528,6.528,6.528,6.528,6.18277173603633,5.888,5.888,5.888,5.61654265598052,4.65654265598048,4.608,4.608,4.48664158076613,3.60820513771585,3.368,3.368,3.368,3.368,3.20796087226611,2.37346776748973,2.216,2.216,2.216,2.216,2.216,2.216,2.11688291671828,1.54205012433529,1.416,1.14688317201128,0,0,0,0,0,0,0,0,0,0,0,0,0,0,0,0,0,0,0,0,0,0,0,0,0,0,0,0,0,0,0
0,0,0,0,0,0,0,0,0,0,0,0,0,0,0,0,0,0,0,0,0,0,0,0,0,0,0,0,0,0,0,0.628591200252474,1.416,1.416,1.43026815846182,2.08770557424142,2.216,2.216,2.216,2.216,2.216,2.216,2.216,3.17933141262997,3.368,3.368,3.368,3.368,3.57427673233606,4.608,4.608,4.608,4.608,5.24349340469633,5.888,5.888,5.91369986145922,6.45646863672536,6.528,6.528,6.528,6.528,7.08848474729142,8.456,8.456,8.456,8.456,9.88640355292427,10.76,10.76,11.0962474292549,12.296,12.296,14.3874874831559,14.856,14.856,15.3086618459219,17.2849514803919,18.7197098274869,19.968,19.968,22.2572253031935,23.04,23.04,23.99565286114,24.576,24.576,24.576,24.576,24.576,24.576,24.576,24.576,24.576,24.53925365862,4.8155665436802,2.75983829681765,0,0,0,0,0,0,0,2.75983829681835,4.81556654367937,24.5392536586203,24.576,24.576,24.576,24.576,24.576,24.576,24.576,24.576,24.576,23.99565286114,23.04,23.04,22.2572253031934,19.968,19.968,18.719709827487,17.284951480392,15.308661845922,14.856,14.856,14.3874874831559,12.296,12.296,11.0962474292548,10.76,10.76,9.88640355292422,8.456,8.456,8.456,8.456,7.08848474729141,6.528,6.528,6.528,6.528,6.45646863672535,5.91369986145922,5.888,5.888,5.24349340469634,4.608,4.608,4.608,4.608,3.57427673233606,3.368,3.368,3.368,3.368,3.17933141262997,2.216,2.216,2.216,2.216,2.216,2.216,2.216,2.08770557424142,1.43026815846183,1.416,1.416,0.628591200252524,0,0,0,0,0,0,0,0,0,0,0,0,0,0,0,0,0,0,0,0,0,0,0,0,0,0,0,0,0,0
0,0,0,0,0,0,0,0,0,0,0,0,0,0,0,0,0,0,0,0,0,0,0,0,0,0,0,0,0,0,0.110299228493695,1.33659120025247,1.416,1.416,1.416,1.77019651158358,2.216,2.216,2.216,2.216,2.216,2.216,2.51860784606846,3.368,3.368,3.368,3.368,3.368,3.82960532086995,4.608,4.608,4.608,4.70128505003193,5.88349340469632,5.888,5.888,5.888,6.20302180720079,6.528,6.528,6.528,6.528,7.37966415003027,8.456,8.456,8.456,8.78397695155958,10.76,10.76,10.76,11.3768956100941,12.296,12.9409485850972,14.856,14.856,14.856,14.856,16.8948111911473,19.0702588225243,19.968,20.6187210840822,23.04,23.04,23.04,24.3352577122354,24.576,24.576,24.576,24.576,24.576,24.576,24.576,24.576,24.576,24.576,14.5851987925247,0,0,0,0,0,0,0,0,0,14.5851987925242,24.576,24.576,24.576,24.576,24.576,24.576,24.576,24.576,24.576,24.576,24.3352577122354,23.04,23.04,23.04,20.6187210840823,19.968,19.0702588225242,16.8948111911472,14.856,14.856,14.856,14.856,12.9409485850972,12.296,11.3768956100941,10.76,10.76,10.76,8.78397695155958,8.456,8.456,8.456,7.37966415003031,6.528,6.528,6.528,6.528,6.20302180720079,5.888,5.888,5.888,5.88349340469634,4.70128505003193,4.608,4.608,4.608,3.82960532086992,3.368,3.368,3.368,3.368,3.368,2.51860784606845,2.216,2.216,2.216,2.216,2.216,2.216,1.7701965115836,1.416,1.416,1.416,1.33659120025252,0.110299228493746,0,0,0,0,0,0,0,0,0,0,0,0,0,0,0,0,0,0,0,0,0,0,0,0,0,0,0,0,0
0,0,0,0,0,0,0,0,0,0,0,0,0,0,0,0,0,0,0,0,0,0,0,0,0,0,0,0,0,0,0.818299228493696,1.416,1.416,1.416,1.43927051189806,2.14241756343928,2.216,2.216,2.216,2.216,2.216,2.216,2.216,3.21567495299859,3.368,3.368,3.368,3.368,3.57427673233606,4.608,4.608,4.608,4.608,5.36764577044402,5.888,5.888,5.92991493481555,6.50277173603633,6.528,6.528,6.528,6.528,7.08848474729142,8.456,8.456,8.456,8.456,10.0546858737004,10.76,10.76,11.0962474292549,12.296,12.296,14.4777378200376,14.856,14.856,15.5942643597287,17.5617490007332,19.3010902237761,19.968,19.968,22.4080124808021,23.04,23.1812072197116,24.2659445425176,24.576,24.576,24.576,24.576,24.576,24.576,24.576,24.576,24.576,24.4894733701692,3.20603304676274,0,0,0,0,0,0,0,0,0,3.20603304676348,24.4894733701697,24.576,24.576,24.576,24.576,24.576,24.576,24.576,24.576,24.576,24.2659445425177,23.1812072197117,23.04,22.408012480802,19.968,19.968,19.3010902237762,17.5617490007332,15.5942643597287,14.856,14.856,14.4777378200376,12.296,12.296,11.0962474292548,10.76,10.76,10.0546858737004,8.456,8.456,8.456,8.456,7.08848474729141,6.528,6.528,6.528,6.528,6.50277173603633,5.92991493481555,5.888,5.888,5.36764577044402,4.608,4.608,4.608,4.608,3.57427673233606,3.368,3.368,3.368,3.368,3.21567495299859,2.216,2.216,2.216,2.216,2.216,2.216,2.216,2.14241756343931,1.43927051189808,1.416,1.416,1.416,0.818299228493746,0,0,0,0,0,0,0,0,0,0,0,0,0,0,0,0,0,0,0,0,0,0,0,0,0,0,0,0,0
0,0,0,0,0,0,0,0,0,0,0,0,0,0,0,0,0,0,0,0,0,0,0,0,0,0,0,0,0,0.300007256734937,1.416,1.416,1.416,1.416,1.416,1.8970925430096,2.216,2.216,2.216,2.216,2.216,2.216,2.66374792464718,3.368,3.368,3.368,3.368,3.368,4.05100550402403,4.608,4.608,4.608,4.608,5.02458410676341,5.85748372523421,5.888,5.888,6.29552544173426,6.528,6.528,6.528,6.528,7.78814860694059,8.456,8.456,8.456,8.94128483745822,10.76,10.76,10.76,11.672777817007,12.296,13.2502858661241,14.856,14.856,14.856,14.856,17.0454424927484,19.0702588225243,19.968,19.968,21.4785515914345,23.04,23.04,24.3352577122354,24.576,24.576,24.576,24.576,24.576,24.576,24.576,24.576,24.576,14.3471390541392,0,0,0,0,0,0,0,0,0,0,0,14.3471390541386,24.576,24.576,24.576,24.576,24.576,24.576,24.576,24.576,24.576,24.3352577122354,23.04,23.04,21.4785515914346,19.968,19.968,19.0702588225242,17.0454424927483,14.856,14.856,14.856,14.856,13.2502858661241,12.296,11.6727778170071,10.76,10.76,10.76,8.94128483745819,8.456,8.456,8.456,7.7881486069406,6.528,6.528,6.528,6.528,6.29552544173426,5.888,5.888,5.85748372523421,5.02458410676339,4.608,4.608,4.608,4.608,4.05100550402401,3.368,3.368,3.368,3.368,3.368,2.66374792464716,2.216,2.216,2.216,2.216,2.216,2.216,1.8970925430096,1.416,1.416,1.416,1.416,1.416,0.300007256734987,0,0,0,0,0,0,0,0,0,0,0,0,0,0,0,0,0,0,0,0,0,0,0,0,0,0,0,0
0,0,0,0,0,0,0,0,0,0,0,0,0,0,0,0,0,0,0,0,0,0,0,0,0,0,0,0,0,1.00800725673494,1.416,1.416,1.416,1.416,1.4482728653343,2.14241756343928,2.216,2.216,2.216,2.216,2.216,2.216,2.216,3.26622854862151,3.368,3.368,3.368,3.368,3.56614547631585,4.608,4.608,4.608,4.608,5.24349340469633,5.888,5.888,5.888,6.17115208108986,6.5236255764869,6.528,6.528,6.528,7.06639090799099,8.456,8.456,8.456,8.456,10.288765336205,10.76,10.76,11.08299283722,12.296,12.296,14.6032753705698,14.856,14.856,15.8798668735354,17.7533568410784,19.8824706200653,19.968,19.968,22.2572253031935,23.04,23.3776254170566,24.5362362238952,24.576,24.576,24.576,24.576,24.576,24.576,24.576,24.576,24.576,24.4928841774461,1.72939566085018,0,0,0,0,0,0,0,0,0,1.72939566085029,24.4928841774466,24.576,24.576,24.576,24.576,24.576,24.576,24.576,24.576,24.576,24.5362362238953,23.3776254170566,23.04,22.2572253031934,19.968,19.968,19.8824706200654,17.7533568410784,15.8798668735354,14.856,14.856,14.6032753705698,12.296,12.296,11.0829928372199,10.76,10.76,10.288765336205,8.456,8.456,8.456,8.456,7.06639090799099,6.528,6.528,6.528,6.52362557648691,6.17115208108985,5.888,5.888,5.888,5.24349340469634,4.608,4.608,4.608,4.608,3.56614547631585,3.368,3.368,3.368,3.368,3.26622854862151,2.216,2.216,2.216,2.216,2.216,2.216,2.216,2.14241756343931,1.44827286533433,1.416,1.416,1.416,1.416,1.00800725673499,0,0,0,0,0,0,0,0,0,0,0,0,0,0,0,0,0,0,0,0,0,0,0,0,0,0,0,0
0,0,0,0,0,0,0,0,0,0,0,0,0,0,0,0,0,0,0,0,0,0,0,0,0,0,0,0,0.489715284976179,1.416,1.416,1.416,1.416,1.416,1.45699897514962,2.0239885744356,2.216,2.216,2.216,2.216,2.216,2.216,2.26721785575559,3.05796927628586,3.368,3.368,3.368,3.368,3.44612895484204,4.37290225186402,4.608,4.608,4.62378895028256,5.366351534503,5.888,5.888,5.888,6.18277173603633,6.528,6.528,6.528,6.528,6.67214831655946,8.18766937689051,8.456,8.456,8.51151170075191,9.93873292716307,10.76,10.76,10.8644125946652,12.0375138643706,12.4051606976833,14.1470751010645,14.856,14.856,15.0781942151063,17.1960737943494,19.1551451289758,19.968,20.0781377213269,22.0998653988736,23.04,23.04,24.3580212036824,24.576,24.576,24.576,24.576,24.576,24.576,24.576,24.576,24.576,23.4059212667895,6.28197150776238,0,0,0,0,0,0,0,0,0,6.28197150776133,23.4059212667885,24.576,24.576,24.576,24.576,24.576,24.576,24.576,24.576,24.576,24.3580212036823,23.04,23.04,22.0998653988737,20.078137721327,19.968,19.1551451289758,17.1960737943494,15.0781942151064,14.856,14.856,14.1470751010646,12.4051606976833,12.0375138643706,10.8644125946652,10.76,10.76,9.93873292716313,8.51151170075193,8.456,8.456,8.18766937689053,6.6721483165595,6.528,6.528,6.528,6.528,6.18277173603633,5.888,5.888,5.888,5.36635153450301,4.62378895028256,4.608,4.608,4.37290225186399,3.44612895484202,3.368,3.368,3.368,3.368,3.05796927628583,2.26721785575557,2.216,2.216,2.216,2.216,2.216,2.216,2.0239885744356,1.45699897514961,1.416,1.416,1.416,1.416,1.416,0.489715284976229,0,0,0,0,0,0,0,0,0,0,0,0,0,0,0,0,0,0,0,0,0,0,0,0,0,0,0
0,0,0,0,0,0,0,0,0,0,0,0,0,0,0,0,0,0,0,0,0,0,0,0,0,0,0,0,1.19771528497618,1.416,1.416,1.416,1.416,1.416,1.4236779783588,1.94521700927615,2.216,2.216,2.216,2.216,2.216,2.216,2.216,3.17933141262997,3.368,3.368,3.368,3.368,3.57427673233606,4.608,4.608,4.608,4.608,5.07097602918054,5.888,5.888,5.90182960391392,6.33587967129027,6.528,6.528,6.528,6.528,7.08848474729142,8.456,8.456,8.456,8.456,9.88640355292427,10.76,10.76,11.0962474292549,12.296,12.296,14.3874874831559,14.856,14.856,15.099586295046,16.9228220036544,18.2941098388788,19.968,19.968,21.6357693787846,23.04,23.04,23.7977856175083,24.576,24.576,24.576,24.576,24.576,24.576,24.576,19.4290254735494,15.4425881688308,24.576,2.33569135170016,0,0,0,0,0,0,0,0,24.576,2.33569135170088,5.59658008367365,15.442588168833,19.4290254735505,24.576,24.576,24.576,24.576,24.576,24.576,24.576,23.7977856175084,23.04,23.04,21.6357693787847,19.968,19.968,18.2941098388788,16.9228220036545,15.0995862950461,14.856,14.856,14.3874874831559,12.296,12.296,11.0962474292548,10.76,10.76,9.88640355292422,8.456,8.456,8.456,8.456,7.08848474729141,6.528,6.528,6.528,6.528,6.33587967129027,5.90182960391393,5.888,5.888,5.07097602918055,4.608,4.608,4.608,4.608,3.57427673233606,3.368,3.368,3.368,3.368,3.17933141262997,2.216,2.216,2.216,2.216,2.216,2.216,2.216,1.94521700927615,1.42367797835881,1.416,1.416,1.416,1.416,1.416,1.19771528497623,0,0,0,0,0,0,0,0,0,0,0,0,0,0,0,0,0,0,0,0,0,0,0,0,0,0,0
0,0,0,0,0,0,0,0,0,0,0,0,0,0,0,0,0,0,0,0,0,0,0,0,0,0,0,0.6794233132174,1.416,1.416,1.416,1.416,1.416,1.416,1.416,1.74241756343928,2.216,2.216,2.216,2.216,2.216,2.216,2.41235793433431,3.26286160674911,3.368,3.368,3.368,3.368,3.66752913799612,4.52827306455372,4.608,4.608,4.608,4.608,5.77580458916643,5.888,5.888,6.14224198600536,6.528,6.528,6.528,6.528,7.08063277346977,8.36500304900182,8.456,8.456,8.66881958665055,10.4814898593484,10.76,10.76,11.1602948015782,12.2083415361802,12.7144979787102,14.6155876179086,14.856,14.856,14.856,16.5860431133545,18.0207764390933,19.7977020042295,19.968,20.6176603085779,23.04,23.04,23.509536912811,24.5146045664376,24.576,24.576,24.576,24.576,23.9584165798746,21.5164246650336,5.61635401698183,24.576,24.576,24.576,0,0,0,0,0,0,0,24.576,24.576,24.576,0,0,5.6163540169824,21.5164246650355,23.9584165798751,24.576,24.576,24.576,24.576,24.5146045664377,23.5095369128111,23.04,23.04,20.6176603085779,19.968,19.7977020042296,18.0207764390934,16.5860431133546,14.856,14.856,14.856,14.6155876179087,12.7144979787103,12.2083415361803,11.1602948015782,10.76,10.76,10.4814898593485,8.66881958665054,8.456,8.456,8.36500304900184,7.08063277346979,6.528,6.528,6.528,6.528,6.14224198600536,5.888,5.888,5.77580458916644,4.608,4.608,4.608,4.608,4.5282730645537,3.6675291379961,3.368,3.368,3.368,3.368,3.26286160674907,2.41235793433428,2.216,2.216,2.216,2.216,2.216,2.216,1.74241756343931,1.416,1.416,1.416,1.416,1.416,1.416,1.416,0.67942331321745,0,0,0,0,0,0,0,0,0,0,0,0,0,0,0,0,0,0,0,0,0,0,0,0,0,0
0,0,0,0,0,0,0,0,0,0,0,0,0,0,0,0,0,0,0,0,0,0,0,0,0,0,0.161131341458641,1.3874233132174,1.416,1.416,1.416,1.416,1.416,1.416,1.43268033179504,2.1398600087675,2.216,2.216,2.216,2.216,2.216,2.216,2.216,3.17593973698934,3.368,3.368,3.368,3.368,3.47041211167335,4.60377558879839,4.608,4.608,4.608,5.24125597376422,5.888,5.888,5.888,5.888,6.47212328947996,6.528,6.528,6.528,6.80626903151297,8.45027585546942,8.456,8.456,8.456,9.88136742016337,10.76,10.76,10.9269398622168,12.2910514149028,12.296,14.3801238209143,14.856,14.856,14.856,15.5752949040495,17.6098117291903,19.9591608324496,19.968,19.968,22.4386226499195,23.04,23.3017724989851,24.5717239196249,24.576,24.576,24.576,24.5177335075142,11.3192346637947,24.576,24.576,24.576,24.576,24.576,24.576,24.576,24.576,0,24.576,24.576,24.576,24.576,24.576,24.576,24.576,24.576,0,0,11.3192346637954,24.5177335075156,24.576,24.576,24.576,24.571723919625,23.3017724989851,23.04,22.4386226499195,19.968,19.968,19.9591608324498,17.6098117291903,15.5752949040495,14.856,14.856,14.856,14.3801238209144,12.296,12.2910514149029,10.9269398622169,10.76,10.76,9.8813674201634,8.456,8.456,8.456,8.45027585546946,6.80626903151298,6.528,6.528,6.528,6.47212328947996,5.888,5.888,5.888,5.888,5.24125597376424,4.608,4.608,4.608,4.60377558879835,3.47041211167334,3.368,3.368,3.368,3.368,3.17593973698932,2.216,2.216,2.216,2.216,2.216,2.216,2.216,2.1398600087675,1.43268033179506,1.416,1.416,1.416,1.416,1.416,1.416,1.38742331321745,0.161131341458702,0,0,0,0,0,0,0,0,0,0,0,0,0,0,0,0,0,0,0,0,0,0,0,0,0
0,0,0,0,0,0,0,0,0,0,0,0,0,0,0,0,0,0,0,0,0,0,0,0,0,0,0.869131341458642,1.416,1.416,1.416,1.416,1.416,1.416,1.416,1.416,1.8041982007269,2.216,2.216,2.216,2.216,2.216,2.216,2.216,2.70308534984233,3.368,3.368,3.368,3.368,3.368,4.10379211027219,4.608,4.608,4.608,4.77439298528589,5.82296206036234,5.888,5.888,5.92645409859149,6.3687359410767,6.528,6.528,6.528,6.528,7.88051844690097,8.456,8.456,8.456,8.99865034445793,10.7488123896677,10.76,10.76,11.7416316574576,12.296,13.3355876179086,14.856,14.856,14.856,15.117669008702,17.0891133946509,18.8910039685877,19.968,20.0662611170938,22.031011558423,23.04,23.04,24.1877239196249,24.576,24.576,17.0221153106073,24.576,24.576,24.576,24.576,24.576,24.576,24.576,24.576,24.576,24.576,24.576,24.576,24.576,24.576,24.576,24.576,24.576,24.576,24.576,24.576,24.576,0,2.65012692640223,17.0221153106081,24.576,24.576,24.1877239196249,23.04,23.04,22.0310115584231,20.0662611170938,19.968,18.8910039685877,17.089113394651,15.1176690087021,14.856,14.856,14.856,13.3355876179087,12.296,11.7416316574576,10.76,10.76,10.7488123896677,8.99865034445797,8.456,8.456,8.456,7.88051844690098,6.528,6.528,6.528,6.528,6.3687359410767,5.92645409859149,5.888,5.888,5.82296206036234,4.77439298528589,4.608,4.608,4.608,4.10379211027216,3.368,3.368,3.368,3.368,3.368,2.7030853498423,2.216,2.216,2.216,2.216,2.216,2.216,2.216,1.80419820072691,1.416,1.416,1.416,1.416,1.416,1.416,1.416,1.416,0.869131341458702,0,0,0,0,0,0,0,0,0,0,0,0,0,0,0,0,0,0,0,0,0,0,0,0,0
0,0,0,0,0,0,0,0,0,0,0,0,0,0,0,0,0,0,0,0,0,0,0,0,0,0.350839369699883,1.416,1.416,1.416,1.416,1.416,1.416,1.416,1.416,1.416,1.60808544481955,2.17341758237996,2.216,2.216,2.216,2.216,2.216,2.216,2.47073219841712,3.28719722138891,3.368,3.368,3.368,3.368,3.72542313382414,4.57832262897517,4.608,4.608,4.77604251365159,5.6957749814644,5.888,5.888,5.888,6.41702799445837,6.528,6.528,6.528,6.528,7.26009427487215,8.456,8.456,8.456,8.83423934409578,10.4814898593484,10.76,10.76,11.2621265159674,12.2782561521352,12.8490487198498,14.6648366072637,14.856,14.856,15.0468740363154,16.9080486562822,18.1212941695803,19.8955843705728,19.968,21.4033330979578,23.04,23.04,19.8991689343673,17.371632637206,24.576,24.576,24.576,24.576,24.576,24.576,24.576,24.576,24.576,24.576,24.576,24.576,24.576,24.576,24.576,24.576,24.576,24.576,24.576,24.576,24.576,24.576,24.576,24.576,24.576,3.61889226260611,7.55896008615225,17.3716326372087,19.8991689343685,23.04,23.04,21.4033330979578,19.968,19.8955843705728,18.1212941695804,16.9080486562823,15.0468740363155,14.856,14.856,14.6648366072637,12.8490487198499,12.2782561521352,11.2621265159674,10.76,10.76,10.4814898593484,8.83423934409583,8.456,8.456,8.456,7.26009427487222,6.528,6.528,6.528,6.528,6.41702799445836,5.888,5.888,5.888,5.6957749814644,4.77604251365158,4.608,4.608,4.57832262897517,3.7254231338241,3.368,3.368,3.368,3.368,3.2871972213889,2.47073219841707,2.216,2.216,2.216,2.216,2.216,2.216,2.17341758237995,1.60808544481954,1.416,1.416,1.416,1.416,1.416,1.416,1.416,1.416,1.416,0.350839369699943,0,0,0,0,0,0,0,0,0,0,0,0,0,0,0,0,0,0,0,0,0,0,0,0
0,0,0,0,0,0,0,0,0,0,0,0,0,0,0,0,0,0,0,0,0,0,0,0,0,1.05883936969988,1.416,1.416,1.416,1.416,1.416,1.416,1.416,1.416,1.416,1.74241756343928,2.216,2.216,2.216,2.216,2.216,2.216,2.216,2.60333141262997,3.368,3.368,3.368,3.368,3.368,4.02814823302876,4.608,4.608,4.608,4.608,5.5998422441463,5.888,5.888,6.00543794721394,6.484214541922,6.528,6.528,6.528,6.528,7.03245061211025,8.36251844690096,8.456,8.456,8.56691681377642,10.4987223595247,10.76,10.76,11.1179501451974,12.2103209702191,12.6192990567314,14.6435111693176,14.856,14.856,14.856,16.3489567499714,17.944086226709,19.8075373171101,19.968,19.968,21.1918940499938,21.0171683650518,6.69790901327475,24.576,24.576,24.576,24.576,24.576,24.576,24.576,24.576,24.576,24.576,24.576,24.576,24.576,24.576,24.576,24.576,24.576,24.576,24.576,24.576,24.576,24.576,24.576,24.576,24.576,24.576,24.576,0,0,6.69790901327557,21.0171683650536,21.191894049994,19.968,19.968,19.8075373171102,17.944086226709,16.3489567499715,14.856,14.856,14.856,14.6435111693177,12.6192990567315,12.2103209702192,11.1179501451975,10.76,10.76,10.4987223595248,8.56691681377641,8.456,8.456,8.36251844690099,7.0324506121103,6.528,6.528,6.528,6.528,6.48421454192201,6.00543794721394,5.888,5.888,5.59984224414631,4.608,4.608,4.608,4.608,4.02814823302876,3.368,3.368,3.368,3.368,3.368,2.60333141262997,2.216,2.216,2.216,2.216,2.216,2.216,2.216,1.74241756343931,1.416,1.416,1.416,1.416,1.416,1.416,1.416,1.416,1.416,1.05883936969994,0,0,0,0,0,0,0,0,0,0,0,0,0,0,0,0,0,0,0,0,0,0,0,0
0,0,0,0,0,0,0,0,0,0,0,0,0,0,0,0,0,0,0,0,0,0,0,0,0.540547397941105,1.416,1.416,1.416,1.416,1.416,1.416,1.416,1.416,1.416,1.41708779825579,1.8027284443109,2.216,2.216,2.216,2.216,2.216,2.216,2.216,2.72885607247485,3.368,3.368,3.368,3.368,3.37467874703085,4.04692244582115,4.608,4.608,4.608,4.608,5.09842585735664,5.888,5.888,5.888,6.42062100247301,6.528,6.528,6.528,6.528,6.68887478413905,8.456,8.456,8.456,8.456,9.61600528381925,10.76,10.76,10.8294552866877,12.2231162329868,12.296,14.0707865398874,14.856,14.856,14.856,15.304703339424,17.4417960257164,19.6705490804758,19.968,19.968,10.4384450037069,23.04,23.04,24.576,24.576,24.576,24.576,24.576,24.576,24.576,24.576,24.576,24.576,24.576,24.576,24.576,24.576,24.576,24.576,24.576,24.576,24.576,24.576,24.576,24.576,24.576,24.576,24.576,24.576,24.576,23.04,23.04,0,0.489909924619739,10.4384450037075,19.968,19.968,19.6705490804757,17.4417960257164,15.3047033394241,14.856,14.856,14.856,14.0707865398874,12.296,12.2231162329867,10.8294552866877,10.76,10.76,9.61600528381923,8.456,8.456,8.456,8.456,6.68887478413906,6.528,6.528,6.528,6.528,6.42062100247301,5.888,5.888,5.888,5.09842585735664,4.608,4.608,4.608,4.608,4.04692244582111,3.37467874703084,3.368,3.368,3.368,3.368,2.72885607247481,2.216,2.216,2.216,2.216,2.216,2.216,2.216,1.80272844431088,1.41708779825579,1.416,1.416,1.416,1.416,1.416,1.416,1.416,1.416,1.416,0.540547397941185,0,0,0,0,0,0,0,0,0,0,0,0,0,0,0,0,0,0,0,0,0,0,0
0,0,0,0,0,0,0,0,0,0,0,0,0,0,0,0,0,0,0,0,0,0,0,0.019657560092033,1.19650495858494,1.41004170713513,1.416,1.416,1.416,1.416,1.416,1.416,1.416,1.416,1.416,1.63350906265784,2.216,2.216,2.216,2.216,2.216,2.216,2.216,2.47409914028953,3.368,3.368,3.368,3.368,3.368,3.80789122971328,4.608,4.608,4.608,4.608,4.79165381772183,5.77206354264151,5.888,5.888,6.16872113722567,6.528,6.528,6.528,6.528,6.528,7.6889429093109,8.456,8.456,8.456,8.83423934409579,10.6469096167936,10.76,10.76,11.5929660308578,12.296,12.7218616409519,14.0437469680654,14.856,14.856,15.1324423560742,16.5671924585798,17.8472000056959,14.4313532540332,19.968,19.968,23.04,23.04,23.04,24.576,24.576,24.576,24.576,24.576,24.576,24.576,24.576,24.576,24.576,24.576,24.576,24.576,24.576,24.576,24.576,24.576,24.576,24.576,24.576,24.576,24.576,24.576,24.576,24.576,23.04,23.04,23.04,19.968,19.968,0.302820429588618,2.95229252431679,14.431353254034,17.8472000056961,16.56719245858,15.1324423560744,14.856,14.856,14.0437469680655,12.721861640952,12.296,11.5929660308578,10.76,10.76,10.6469096167936,8.83423934409587,8.456,8.456,8.456,7.68894290931093,6.528,6.528,6.528,6.528,6.528,6.16872113722567,5.888,5.888,5.77206354264151,4.79165381772182,4.608,4.608,4.608,4.608,3.80789122971324,3.368,3.368,3.368,3.368,3.368,2.47409914028952,2.216,2.216,2.216,2.216,2.216,2.216,2.216,1.63350906265784,1.416,1.416,1.416,1.416,1.416,1.416,1.416,1.416,1.416,1.41004170713513,1.19650495858501,0.0196575600920863,0,0,0,0,0,0,0,0,0,0,0,0,0,0,0,0,0,0,0,0,0,0
0,0,0,0,0,0,0,0,0,0,0,0,0,0,0,0,0,0,0,0,0,0,0,0.547897519407908,1.24972122514052,1.416,1.416,1.416,1.416,1.416,1.416,1.416,1.416,1.416,1.416,1.416,2.0895255935335,2.216,2.216,2.216,2.216,2.216,2.216,2.216,3.128006969147,3.368,3.368,3.368,3.368,3.40013170685401,4.51985498391981,4.608,4.608,4.608,4.74735341346385,5.69082639636726,5.888,5.888,6.04688128453395,6.48872113722567,6.528,6.528,6.528,6.528,7.13773082329651,8.41318521036133,8.456,8.456,8.79288440473448,10.4622969651969,10.76,10.76,11.1986805898812,11.9893019643582,12.296,13.4208893696931,14.856,14.856,13.3268430250132,11.7334281900813,17.424,19.968,19.968,19.968,23.04,23.04,23.04,23.04,24.576,24.576,24.576,24.576,24.576,24.576,24.576,24.576,24.576,24.576,24.576,24.576,24.576,24.576,24.576,24.576,24.576,24.576,24.576,24.576,24.576,24.576,24.576,23.04,23.04,23.04,23.04,19.968,19.968,19.968,17.424,3.5532911121995,6.4888935488111,11.7334281900827,13.3268430250136,14.856,14.856,13.4208893696931,12.296,11.9893019643583,11.1986805898812,10.76,10.76,10.4622969651969,8.7928844047345,8.456,8.456,8.41318521036132,7.13773082329656,6.528,6.528,6.528,6.528,6.48872113722567,6.04688128453396,5.888,5.888,5.69082639636725,4.74735341346384,4.608,4.608,4.608,4.51985498391982,3.40013170685401,3.368,3.368,3.368,3.368,3.128006969147,2.216,2.216,2.216,2.216,2.216,2.216,2.216,2.08952559353351,1.416,1.416,1.416,1.416,1.416,1.416,1.416,1.416,1.416,1.416,1.416,1.24972122514053,0.547897519407954,0,0,0,0,0,0,0,0,0,0,0,0,0,0,0,0,0,0,0,0,0,0
0,0,0,0,0,0,0,0,0,0,0,0,0,0,0,0,0,0,0,0,0,0,0.159271974227894,1.06604995854137,1.26832541765632,1.41248025677397,1.416,1.416,1.416,1.416,1.416,1.416,1.416,1.416,1.416,1.416,1.88746368307636,2.216,2.216,2.216,2.216,2.216,2.216,2.216,2.84811884069364,3.368,3.368,3.368,3.368,3.368,4.18600000470096,4.608,4.608,4.608,4.608,5.47925327871121,5.888,5.888,5.97878114978129,6.49405249671221,6.528,6.528,6.528,6.528,6.9657231281967,8.37857916735414,8.456,8.456,8.456,10.2919476627182,10.76,10.76,10.76,11.2149043329744,12.296,12.4132899087037,14.7329959574205,14.0936428001351,5.24246970620249,14.856,17.424,19.968,19.968,19.968,19.968,23.04,23.04,23.04,23.04,24.576,24.576,24.576,24.576,24.576,24.576,24.576,24.576,24.576,24.576,24.576,24.576,24.576,24.576,24.576,24.576,24.576,24.576,24.576,24.576,24.576,23.04,23.04,23.04,23.04,19.968,19.968,19.968,19.968,17.424,14.856,0,0,5.24246970620297,14.0936428001359,14.7329959574204,12.4132899087036,12.296,11.2149043329744,10.76,10.76,10.76,10.2919476627182,8.456,8.456,8.456,8.37857916735418,6.96572312819672,6.528,6.528,6.528,6.528,6.49405249671221,5.97878114978129,5.888,5.888,5.4792532787112,4.608,4.608,4.608,4.608,4.18600000470095,3.368,3.368,3.368,3.368,3.368,2.8481188406936,2.216,2.216,2.216,2.216,2.216,2.216,2.216,1.88746368307635,1.416,1.416,1.416,1.416,1.416,1.416,1.416,1.416,1.416,1.416,1.41248025677397,1.26832541765633,1.06604995854138,0.159271974227939,0,0,0,0,0,0,0,0,0,0,0,0,0,0,0,0,0,0,0,0,0
0,0,0,0,0,0,0,0,0,0,0,0,0,0,0,0,0,0,0,0,0,0,0.691271974227894,1.06891546917953,1.21241545892554,1.416,1.416,1.416,1.416,1.416,1.416,1.416,1.416,1.416,1.416,1.416,1.7678980243048,2.216,2.216,2.216,2.216,2.216,2.216,2.216,2.67573111660777,3.368,3.368,3.368,3.368,3.37074116044285,4.00107066944806,4.608,4.608,4.608,4.608,4.96793972172725,5.888,5.888,5.888,6.34471521568525,6.528,6.528,6.528,6.528,6.55293521421109,8.25621571577849,8.456,8.456,8.456,8.61330788589865,9.98305701758268,10.76,10.76,10.8456790297809,12.0857968228679,12.3919644707576,8.04333682079109,14.856,14.856,14.856,17.424,17.424,19.968,19.968,19.968,19.968,23.04,23.04,23.04,23.04,24.576,24.576,24.576,24.576,24.576,24.576,24.576,24.576,24.576,24.576,24.576,24.576,24.576,24.576,24.576,24.576,24.576,24.576,24.576,23.04,23.04,23.04,23.04,19.968,19.968,19.968,19.968,17.424,17.424,14.856,14.856,14.856,0,0.729197366717198,8.04333682079164,12.3919644707576,12.085796822868,10.845679029781,10.76,10.76,9.98305701758276,8.61330788589878,8.456,8.456,8.456,8.25621571577846,6.55293521421108,6.528,6.528,6.528,6.528,6.34471521568525,5.888,5.888,5.888,4.96793972172724,4.608,4.608,4.608,4.608,4.00107066944804,3.37074116044285,3.368,3.368,3.368,3.368,2.67573111660774,2.216,2.216,2.216,2.216,2.216,2.216,2.216,1.76789802430479,1.416,1.416,1.416,1.416,1.416,1.416,1.416,1.416,1.416,1.416,1.416,1.21241545892555,1.06891546917953,0.691271974227939,0,0,0,0,0,0,0,0,0,0,0,0,0,0,0,0,0,0,0,0,0
0,0,0,0,0,0,0,0,0,0,0,0,0,0,0,0,0,0,0,0,0,0.301820944601241,1.064,1.06353097042905,1.13132811679735,1.37326129759752,1.416,1.416,1.416,1.416,1.416,1.416,1.416,1.416,1.416,1.416,1.56995993476194,2.216,2.216,2.216,2.216,2.216,2.216,2.216,2.37961924506113,3.368,3.368,3.368,3.368,3.368,3.7149256486669,4.608,4.608,4.608,4.608,4.79660240281897,5.73347727225947,5.888,5.888,6.01744037654982,6.34861804170282,6.528,6.528,6.528,6.528,7.5159126942749,8.456,8.456,8.456,8.456,9.61918761033235,10.76,10.76,8.13752389968926,7.0545817533272,12.296,14.856,14.856,14.856,14.856,14.856,17.424,17.424,19.968,19.968,19.968,19.968,23.04,23.04,23.04,23.04,23.04,24.576,24.576,24.576,24.576,24.576,24.576,24.576,24.576,24.576,24.576,24.576,24.576,24.576,24.576,24.576,23.04,23.04,23.04,23.04,23.04,19.968,19.968,19.968,19.968,17.424,17.424,14.856,14.856,14.856,14.856,14.856,12.296,0.733415828783807,2.36492168198787,7.05458175332806,8.13752389968964,10.76,10.76,9.61918761033239,8.456,8.456,8.456,8.456,7.5159126942749,6.528,6.528,6.528,6.528,6.34861804170283,6.01744037654983,5.888,5.888,5.73347727225947,4.79660240281897,4.608,4.608,4.608,4.608,3.71492564866691,3.368,3.368,3.368,3.368,3.368,2.37961924506114,2.216,2.216,2.216,2.216,2.216,2.216,2.216,1.56995993476194,1.416,1.416,1.416,1.416,1.416,1.416,1.416,1.416,1.416,1.416,1.37326129759752,1.13132811679735,1.06353097042904,1.064,0.301820944601301,0,0,0,0,0,0,0,0,0,0,0,0,0,0,0,0,0,0,0,0
0,0,0,0,0,0,0,0,0,0,0,0,0,0,0,0,0,0,0,0,0,0.806147477421216,1.06094782681877,1.05137669256701,1.08897523395047,1.34529731992242,1.416,1.416,1.416,1.416,1.416,1.416,1.416,1.416,1.416,1.416,1.416,2.02487149115389,2.216,2.216,2.216,2.216,2.216,2.216,2.216,3.03787421277867,3.368,3.368,3.368,3.368,3.368,4.41410555803914,4.608,4.608,4.608,4.70635206593732,5.69819005860887,5.888,5.888,5.888,6.18698438005681,6.528,6.528,6.528,6.528,7.10414730022554,8.14024215585991,8.456,8.456,8.456,8.8777678528871,10.1533651521654,9.0841987701796,1.96921667236018,12.296,12.296,12.296,14.856,14.856,14.856,14.856,14.856,17.424,17.424,19.968,19.968,19.968,19.968,23.04,23.04,23.04,23.04,23.04,23.04,24.576,24.576,24.576,24.576,24.576,24.576,24.576,24.576,24.576,24.576,24.576,23.04,23.04,23.04,23.04,23.04,23.04,19.968,19.968,19.968,19.968,17.424,17.424,14.856,14.856,14.856,14.856,14.856,12.296,12.296,12.296,0,0,1.96921667236039,9.08419877018025,10.1533651521657,8.87776785288709,8.456,8.456,8.456,8.14024215585999,7.10414730022557,6.528,6.528,6.528,6.528,6.18698438005681,5.888,5.888,5.888,5.69819005860888,4.70635206593732,4.608,4.608,4.608,4.41410555803914,3.368,3.368,3.368,3.368,3.368,3.03787421277865,2.216,2.216,2.216,2.216,2.216,2.216,2.216,2.0248714911539,1.416,1.416,1.416,1.416,1.416,1.416,1.416,1.416,1.416,1.416,1.416,1.34529731992242,1.08897523395048,1.05137669256701,1.06094782681877,0.806147477421273,0,0,0,0,0,0,0,0,0,0,0,0,0,0,0,0,0,0,0,0
0,0,0,0,0,0,0,0,0,0,0,0,0,0,0,0,0,0,0,0,0.421489303182049,1.01789580709947,1.06265194532534,1.06346199481208,1.00172204662556,1.28634184790727,1.41437031940965,1.416,1.416,1.416,1.416,1.416,1.416,1.416,1.416,1.416,1.416,1.85152828858656,2.216,2.216,2.216,2.216,2.216,2.216,2.216,2.79934102368662,3.3657445766108,3.368,3.368,3.368,3.368,4.12476457604947,4.608,4.608,4.608,4.608,5.34635206593733,5.888,5.888,5.888,5.92442179583639,6.50246191803341,6.528,6.528,6.528,6.528,7.00463262827921,8.456,8.456,8.456,8.27484112534106,3.95943206076152,10.76,10.76,10.76,12.296,12.296,12.296,14.856,14.856,14.856,14.856,14.856,17.424,17.424,19.968,19.968,19.968,19.968,19.968,23.04,23.04,23.04,23.04,23.04,23.04,23.04,23.04,24.576,24.576,24.576,23.04,23.04,23.04,23.04,23.04,23.04,23.04,23.04,19.968,19.968,19.968,19.968,19.968,17.424,17.424,14.856,14.856,14.856,14.856,14.856,12.296,12.296,12.296,10.76,10.76,10.76,0,0,3.95943206076191,8.27484112534139,8.456,8.456,8.456,7.00463262827918,6.528,6.528,6.528,6.528,6.50246191803341,5.92442179583639,5.888,5.888,5.888,5.34635206593735,4.608,4.608,4.608,4.608,4.12476457604946,3.368,3.368,3.368,3.368,3.3657445766108,2.79934102368656,2.216,2.216,2.216,2.216,2.216,2.216,2.216,1.85152828858654,1.416,1.416,1.416,1.416,1.416,1.416,1.416,1.416,1.416,1.416,1.41437031940965,1.28634184790727,1.00172204662555,1.06346199481208,1.06265194532534,1.01789580709947,0.421489303182091,0,0,0,0,0,0,0,0,0,0,0,0,0,0,0,0,0,0,0
0,0,0,0,0,0,0,0,0,0,0,0,0,0,0,0,0,0,0,0.0450793364117671,0.883818559858125,1.00624446159983,1.04730503420526,1.064,1.0427825831141,1.21127324174626,1.416,1.416,1.416,1.416,1.416,1.416,1.416,1.416,1.416,1.416,1.416,1.72537244971197,2.216,2.216,2.216,2.216,2.216,2.216,2.216,2.61152513813579,3.368,3.368,3.368,3.368,3.368,3.94069159602144,4.608,4.608,4.608,4.608,4.84976583343663,5.86802801339904,5.888,5.888,5.92524656001926,6.38225572698771,6.528,6.528,6.528,6.528,6.67960212286207,8.16663945223562,8.456,5.47199866480534,8.456,10.76,10.76,10.76,10.76,10.76,12.296,12.296,14.856,14.856,14.856,14.856,14.856,14.856,17.424,17.424,19.968,19.968,19.968,19.968,19.968,23.04,23.04,23.04,23.04,23.04,23.04,23.04,23.04,23.04,23.04,23.04,23.04,23.04,23.04,23.04,23.04,23.04,19.968,19.968,19.968,19.968,19.968,17.424,17.424,14.856,14.856,14.856,14.856,14.856,14.856,12.296,12.296,10.76,10.76,10.76,10.76,10.76,8.456,0,0.688060077009152,5.47199866480552,8.456,8.16663945223564,6.6796021228621,6.528,6.528,6.528,6.528,6.38225572698772,5.92524656001927,5.888,5.888,5.86802801339903,4.84976583343663,4.608,4.608,4.608,4.608,3.94069159602142,3.368,3.368,3.368,3.368,3.368,2.61152513813576,2.216,2.216,2.216,2.216,2.216,2.216,2.216,1.72537244971195,1.416,1.416,1.416,1.416,1.416,1.416,1.416,1.416,1.416,1.416,1.416,1.21127324174626,1.0427825831141,1.064,1.04730503420527,1.00624446159983,0.883818559858164,0.0450793364118042,0,0,0,0,0,0,0,0,0,0,0,0,0,0,0,0,0,0
0,0,0,0,0,0,0,0,0,0,0,0,0,0,0,0,0,0,0,0.403158954105367,0.86847814864917,1.00082113158773,1.0295366012305,1.064,1.04871301381003,1.15232447705863,1.37433675509772,1.416,1.416,1.416,1.416,1.416,1.416,1.416,1.416,1.416,1.416,1.4987156522793,2.216,2.216,2.216,2.216,2.216,2.216,2.216,2.27405832722785,3.3103394635863,3.368,3.368,3.368,3.368,3.368,3.78654383263017,4.60685682016144,4.608,4.608,4.78923874057735,5.55283068572332,5.888,5.888,5.89694023422088,6.32483417792784,6.528,6.528,6.528,6.528,5.37773595354562,5.48756207642776,8.456,8.456,8.456,8.456,10.76,10.76,10.76,10.76,12.296,12.296,12.296,14.856,14.856,14.856,14.856,14.856,14.856,17.424,17.424,19.968,19.968,19.968,19.968,19.968,19.968,19.968,23.04,23.04,23.04,23.04,23.04,23.04,23.04,23.04,23.04,23.04,23.04,19.968,19.968,19.968,19.968,19.968,19.968,19.968,17.424,17.424,14.856,14.856,14.856,14.856,14.856,14.856,12.296,12.296,12.296,10.76,10.76,10.76,10.76,8.456,8.456,8.456,8.456,0.918256337114964,2.0984365883784,5.48756207642816,5.37773595354579,6.528,6.528,6.528,6.528,6.32483417792784,5.89694023422088,5.888,5.888,5.55283068572332,4.78923874057735,4.608,4.608,4.60685682016145,3.78654383263016,3.368,3.368,3.368,3.368,3.368,3.31033946358631,2.27405832722785,2.216,2.216,2.216,2.216,2.216,2.216,2.216,1.49871565227932,1.416,1.416,1.416,1.416,1.416,1.416,1.416,1.416,1.416,1.416,1.37433675509772,1.15232447705863,1.04871301381003,1.064,1.0295366012305,1.00082113158773,0.868478148649174,0.403158954105398,0,0,0,0,0,0,0,0,0,0,0,0,0,0,0,0,0,0
0,0,0,0,0,0,0,0,0,0,0,0,0,0,0,0,0,0,0.122154835598791,0.68754291816144,0.814715008320442,0.988072849724885,1.02366192972507,1.06070541084908,1.05365836786858,1.05939788915688,1.33720975458495,1.41563457152969,1.416,1.416,1.416,1.416,1.416,1.416,1.416,1.416,1.416,1.416,1.96791254336102,2.216,2.216,2.216,2.216,2.216,2.216,2.216,2.95882247901523,3.368,3.368,3.368,3.368,3.368,3.65891233944074,4.52815833470826,4.608,4.608,4.608,4.608,5.74864658653619,5.888,5.888,5.888,6.24297739564772,6.528,6.43471730354128,5.78606320116183,1.60060376928607,8.456,8.456,8.456,8.456,8.456,8.456,10.76,10.76,10.76,10.76,12.296,12.296,12.296,14.856,14.856,14.856,14.856,14.856,14.856,17.424,17.424,17.424,19.968,19.968,19.968,19.968,19.968,19.968,19.968,19.968,19.968,19.968,19.968,19.968,19.968,19.968,19.968,19.968,19.968,19.968,19.968,19.968,19.968,17.424,17.424,17.424,14.856,14.856,14.856,14.856,14.856,14.856,12.296,12.296,12.296,10.76,10.76,10.76,10.76,8.456,8.456,8.456,8.456,8.456,8.456,0,0,1.60060376928616,5.78606320116197,6.43471730354132,6.528,6.24297739564772,5.888,5.888,5.888,5.74864658653618,4.608,4.608,4.608,4.608,4.52815833470824,3.65891233944073,3.368,3.368,3.368,3.368,3.368,2.9588224790152,2.216,2.216,2.216,2.216,2.216,2.216,2.216,1.96791254336102,1.416,1.416,1.416,1.416,1.416,1.416,1.416,1.416,1.416,1.416,1.41563457152969,1.33720975458495,1.05939788915689,1.05365836786857,1.06070541084908,1.02366192972507,0.988072849724888,0.814715008320441,0.687542918161441,0.122154835598828,0,0,0,0,0,0,0,0,0,0,0,0,0,0,0,0,0
0,0,0,0,0,0,0,0,0,0,0,0,0,0,0,0,0,0,0.419666437830871,0.668070366680108,0.774477137987405,0.972923441936894,1.01483036269983,1.064,1.064,1.01074191371679,1.26436669104217,1.416,1.416,1.416,1.416,1.416,1.416,1.416,1.416,1.416,1.416,1.41668334952422,1.82328804868349,2.216,2.216,2.216,2.216,2.216,2.216,2.21647964477333,2.76072115248783,3.368,3.368,3.368,3.368,3.368,3.44986782350852,4.60366085895286,4.608,4.608,4.608,4.61159513375203,5.4622842718211,5.888,5.888,5.888,6.14411250926784,6.528,3.11543144109573,6.528,6.528,6.528,8.456,8.456,8.456,8.456,8.456,10.76,10.76,10.76,10.76,10.76,12.296,12.296,12.296,14.856,14.856,14.856,14.856,14.856,14.856,14.856,17.424,17.424,17.424,19.968,19.968,19.968,19.968,19.968,19.968,19.968,19.968,19.968,19.968,19.968,19.968,19.968,19.968,19.968,19.968,19.968,17.424,17.424,17.424,14.856,14.856,14.856,14.856,14.856,14.856,14.856,12.296,12.296,12.296,10.76,10.76,10.76,10.76,10.76,8.456,8.456,8.456,8.456,8.456,6.528,6.528,6.528,0,0.0243317883128157,3.11543144109578,6.528,6.14411250926784,5.888,5.888,5.888,5.46228427182111,4.61159513375202,4.608,4.608,4.608,4.60366085895288,3.44986782350851,3.368,3.368,3.368,3.368,3.368,2.76072115248777,2.21647964477332,2.216,2.216,2.216,2.216,2.216,2.216,1.82328804868346,1.41668334952421,1.416,1.416,1.416,1.416,1.416,1.416,1.416,1.416,1.416,1.416,1.26436669104218,1.01074191371678,1.064,1.064,1.01483036269983,0.972923441936896,0.774477137987409,0.668070366680109,0.419666437830904,0,0,0,0,0,0,0,0,0,0,0,0,0,0,0,0,0
0,0,0,0,0,0,0,0,0,0,0,0,0,0,0,0,0,0.157770281333871,0.560330837645302,0.648597815198776,0.721270366680108,0.923852332253706,1.00409225155547,1.04184496379158,1.064,1.0481203695623,1.19438129617766,1.41354261286601,1.416,1.416,1.416,1.416,1.416,1.416,1.416,1.416,1.416,1.416,1.67515172053239,2.216,2.216,2.216,2.216,2.216,2.216,2.216,2.216,2.67487841478854,3.368,3.368,3.368,3.368,3.368,4.07109087280697,4.608,4.608,4.608,4.608,5.28523281903696,5.888,5.888,5.888,4.17631214105192,6.528,6.528,6.528,6.528,6.528,6.528,8.456,8.456,8.456,8.456,8.456,10.76,10.76,10.76,10.76,10.76,12.296,12.296,12.296,14.856,14.856,14.856,14.856,14.856,14.856,14.856,14.856,17.424,17.424,17.424,17.424,19.968,19.968,19.968,19.968,19.968,19.968,19.968,19.968,19.968,19.968,19.968,17.424,17.424,17.424,17.424,14.856,14.856,14.856,14.856,14.856,14.856,14.856,14.856,12.296,12.296,12.296,10.76,10.76,10.76,10.76,10.76,8.456,8.456,8.456,8.456,8.456,6.528,6.528,6.528,6.528,6.528,6.528,0,0.771078881605728,4.17631214105197,5.888,5.888,5.888,5.28523281903695,4.608,4.608,4.608,4.608,4.07109087280697,3.368,3.368,3.368,3.368,3.368,2.67487841478851,2.216,2.216,2.216,2.216,2.216,2.216,2.216,2.216,1.67515172053238,1.416,1.416,1.416,1.416,1.416,1.416,1.416,1.416,1.416,1.416,1.41354261286601,1.19438129617766,1.0481203695623,1.064,1.04184496379158,1.00409225155547,0.923852332253715,0.721270366680109,0.648597815198777,0.560330837645302,0,0,0,0,0,0,0,0,0,0,0,0,0,0,0,0,0
0,0,0,0,0,0,0,0,0,0,0,0,0,0,0,0,0,0.107538258328047,0.427078141703207,0.629125263717443,0.701797815198776,0.851074481848092,1.00057871561805,1.02598632489149,1.06257846452217,1.04908154576102,1.13210261348491,1.36252802082561,1.416,1.416,1.416,1.416,1.416,1.416,1.416,1.416,1.416,1.416,1.41977621520993,2.14173421391508,2.216,2.216,2.216,2.216,2.216,2.216,2.216,2.46866521671453,3.28115233154492,3.368,3.368,3.368,3.368,3.70662229787853,4.32781872402367,4.608,4.608,4.608,4.608,4.3143912089334,4.29025601532429,5.888,5.888,6.528,6.528,6.528,6.528,6.528,6.528,8.456,8.456,8.456,8.456,8.456,8.456,10.76,10.76,10.76,10.76,10.76,12.296,12.296,12.296,12.296,14.856,14.856,14.856,14.856,14.856,14.856,14.856,14.856,17.424,17.424,17.424,17.424,17.424,17.424,17.424,17.424,17.424,17.424,17.424,17.424,17.424,17.424,17.424,14.856,14.856,14.856,14.856,14.856,14.856,14.856,14.856,12.296,12.296,12.296,12.296,10.76,10.76,10.76,10.76,10.76,8.456,8.456,8.456,8.456,8.456,8.456,6.528,6.528,6.528,6.528,6.528,6.528,5.888,5.888,0.953867957115632,1.93552885817639,4.29025601532432,4.31439120893345,4.608,4.608,4.608,4.608,4.32781872402365,3.70662229787851,3.368,3.368,3.368,3.368,3.28115233154491,2.46866521671447,2.216,2.216,2.216,2.216,2.216,2.216,2.216,2.14173421391508,1.41977621520995,1.416,1.416,1.416,1.416,1.416,1.416,1.416,1.416,1.416,1.416,1.36252802082561,1.13210261348491,1.04908154576102,1.06257846452217,1.02598632489149,1.00057871561805,0.851074481848097,0.701797815198777,0.629125263717445,0.42707814170319,0,0,0,0,0,0,0,0,0,0,0,0,0,0,0,0,0
0,0,0,0,0,0,0,0,0,0,0,0,0,0,0,0,0,0,0,0.261601621170936,0.62400948154026,0.806030402901535,0.982127947371839,1.02199455162008,1.06097472265942,1.05664030223753,1.0263962005722,1.32762656293108,1.41399225985057,1.416,1.416,1.416,1.416,1.416,1.416,1.416,1.416,1.416,1.416,1.91864875015489,2.216,2.216,2.216,2.216,2.216,2.216,2.216,2.35716599676462,3.27966775601583,3.368,3.368,3.368,3.368,3.368,3.77616107731841,4.608,4.608,4.608,4.25765548043052,1.41635337926106,5.888,5.888,5.888,5.888,6.528,6.528,6.528,6.528,6.528,6.528,8.456,8.456,8.456,8.456,8.456,8.456,10.76,10.76,10.76,10.76,10.76,12.296,12.296,12.296,12.296,14.856,14.856,14.856,14.856,14.856,14.856,14.856,14.856,14.856,14.856,14.856,14.856,17.424,17.424,17.424,17.424,17.424,14.856,14.856,14.856,14.856,14.856,14.856,14.856,14.856,14.856,14.856,14.856,14.856,12.296,12.296,12.296,12.296,10.76,10.76,10.76,10.76,10.76,8.456,8.456,8.456,8.456,8.456,8.456,6.528,6.528,6.528,6.528,6.528,6.528,5.888,5.888,5.888,5.888,0,0,1.4163533792611,4.25765548043052,4.608,4.608,4.608,3.7761610773184,3.368,3.368,3.368,3.368,3.368,3.27966775601576,2.3571659967646,2.216,2.216,2.216,2.216,2.216,2.216,2.216,1.91864875015487,1.416,1.416,1.416,1.416,1.416,1.416,1.416,1.416,1.416,1.416,1.41399225985057,1.32762656293109,1.02639620057221,1.05664030223753,1.06097472265941,1.02199455162008,0.982127947371839,0.806030402901539,0.624009481540252,0.261601621170927,0,0,0,0,0,0,0,0,0,0,0,0,0,0,0,0,0,0
0,0,0,0,0,0,0,0,0,0,0,0,0,0,0,0,0,0,0,0,0.0299779145150258,0.436396212992725,0.967463371523214,1.01125319052017,1.05797291450201,1.064,1.02543518138485,1.22819466548322,1.416,1.416,1.416,1.416,1.416,1.416,1.416,1.416,1.416,1.416,1.4162048815375,1.7941503730059,2.216,2.216,2.216,2.216,2.216,2.216,2.216,2.216,2.99977962756239,3.368,3.368,3.368,3.368,3.368,3.41291555168839,4.45382561345546,4.608,2.48564350053841,4.608,4.608,5.888,5.888,5.888,5.888,6.528,6.528,6.528,6.528,6.528,6.528,6.528,8.456,8.456,8.456,8.456,8.456,8.456,10.76,10.76,10.76,10.76,10.76,10.76,12.296,12.296,12.296,12.296,14.856,14.856,14.856,14.856,14.856,14.856,14.856,14.856,14.856,14.856,14.856,14.856,14.856,14.856,14.856,14.856,14.856,14.856,14.856,14.856,14.856,14.856,14.856,14.856,14.856,12.296,12.296,12.296,12.296,10.76,10.76,10.76,10.76,10.76,10.76,8.456,8.456,8.456,8.456,8.456,8.456,6.528,6.528,6.528,6.528,6.528,6.528,6.528,5.888,5.888,5.888,5.888,4.608,4.608,0,0.130315230728351,2.48564350053844,4.608,4.45382561345545,3.41291555168838,3.368,3.368,3.368,3.368,3.368,2.99977962756237,2.216,2.216,2.216,2.216,2.216,2.216,2.216,2.216,1.79415037300586,1.4162048815375,1.416,1.416,1.416,1.416,1.416,1.416,1.416,1.416,1.416,1.416,1.22819466548322,1.02543518138484,1.064,1.05797291450201,1.01125319052017,0.967463371523215,0.436396212992717,0.0299779145150114,0,0,0,0,0,0,0,0,0,0,0,0,0,0,0,0,0,0,0
0,0,0,0,0,0,0,0,0,0,0,0,0,0,0,0,0,0,0,0,0,0,0.174592166209254,0.683271635114935,1.03689662115792,1.064,1.05544247055764,1.15546801972342,1.38901906448889,1.416,1.416,1.416,1.416,1.416,1.416,1.416,1.416,1.416,1.416,1.416,1.71377021763296,2.216,2.216,2.216,2.216,2.216,2.216,2.216,2.41871876103331,3.00680471439403,3.368,3.368,3.368,3.368,3.44710003991239,3.24496024496916,4.608,4.608,4.608,4.608,5.888,5.888,5.888,5.888,5.888,6.528,6.528,6.528,6.528,6.528,6.528,6.528,8.456,8.456,8.456,8.456,8.456,8.456,10.76,10.76,10.76,10.76,10.76,10.76,12.296,12.296,12.296,12.296,12.296,14.856,14.856,14.856,14.856,14.856,14.856,14.856,14.856,14.856,14.856,14.856,14.856,14.856,14.856,14.856,14.856,14.856,14.856,14.856,14.856,14.856,12.296,12.296,12.296,12.296,12.296,10.76,10.76,10.76,10.76,10.76,10.76,8.456,8.456,8.456,8.456,8.456,8.456,6.528,6.528,6.528,6.528,6.528,6.528,6.528,5.888,5.888,5.888,5.888,5.888,4.608,4.608,4.608,4.608,0.122785765355071,0.734202402599937,3.24496024496919,3.44710003991238,3.368,3.368,3.368,3.368,3.00680471439398,2.41871876103325,2.216,2.216,2.216,2.216,2.216,2.216,2.216,1.71377021763293,1.416,1.416,1.416,1.416,1.416,1.416,1.416,1.416,1.416,1.416,1.416,1.3890190644889,1.15546801972342,1.05544247055764,1.064,1.03689662115792,0.68327163511491,0.17459216620923,0,0,0,0,0,0,0,0,0,0,0,0,0,0,0,0,0,0,0,0,0
0,0,0,0,0,0,0,0,0,0,0,0,0,0,0,0,0,0,0,0,0,0,0,0,0.327832309360603,0.861782270494331,1.064,1.11825234775404,1.32012199337304,1.416,1.416,1.416,1.416,1.416,1.416,1.416,1.416,1.416,1.416,1.416,1.59902890552783,2.15581732423906,2.216,2.216,2.216,2.216,2.216,2.216,2.216,2.71273891710905,3.368,3.368,3.06481192296036,2.73015092161028,3.368,4.608,4.608,4.608,4.608,4.608,4.608,5.888,5.888,5.888,5.888,5.888,6.528,6.528,6.528,6.528,6.528,6.528,6.528,8.456,8.456,8.456,8.456,8.456,8.456,10.76,10.76,10.76,10.76,10.76,10.76,10.76,12.296,12.296,12.296,12.296,12.296,12.296,14.856,14.856,14.856,14.856,14.856,14.856,14.856,14.856,14.856,14.856,14.856,14.856,14.856,14.856,14.856,12.296,12.296,12.296,12.296,12.296,12.296,10.76,10.76,10.76,10.76,10.76,10.76,10.76,8.456,8.456,8.456,8.456,8.456,8.456,6.528,6.528,6.528,6.528,6.528,6.528,6.528,5.888,5.888,5.888,5.888,5.888,4.608,4.608,4.608,4.608,4.608,4.608,3.368,0.740542187976849,1.36345063691125,2.7301509216102,3.06481192296035,3.368,3.368,2.71273891710901,2.216,2.216,2.216,2.216,2.216,2.216,2.216,2.15581732423905,1.5990289055278,1.416,1.416,1.416,1.416,1.416,1.416,1.416,1.416,1.416,1.416,1.416,1.32012199337304,1.11825234775404,1.064,0.861782270494315,0.327832309360589,0,0,0,0,0,0,0,0,0,0,0,0,0,0,0,0,0,0,0,0,0,0,0
0,0,0,0,0,0,0,0,0,0,0,0,0,0,0,0,0,0,0,0,0,0,0,0,0,0,0.472331240867693,1.00433124086769,1.20478409224431,1.40745354107924,1.416,1.416,1.416,1.416,1.416,1.416,1.416,1.416,1.416,1.416,1.50057533837068,2.17113627132914,2.216,2.216,2.216,2.216,2.216,2.216,2.216,2.25120728811717,3.30291658594057,3.22361759114312,1.24463153883876,3.368,3.368,3.368,4.608,4.608,4.608,4.608,4.608,4.608,5.888,5.888,5.888,5.888,5.888,6.528,6.528,6.528,6.528,6.528,6.528,6.528,8.456,8.456,8.456,8.456,8.456,8.456,8.456,10.76,10.76,10.76,10.76,10.76,10.76,10.76,12.296,12.296,12.296,12.296,12.296,12.296,12.296,12.296,12.296,12.296,14.856,14.856,14.856,12.296,12.296,12.296,12.296,12.296,12.296,12.296,12.296,12.296,12.296,10.76,10.76,10.76,10.76,10.76,10.76,10.76,8.456,8.456,8.456,8.456,8.456,8.456,8.456,6.528,6.528,6.528,6.528,6.528,6.528,6.528,5.888,5.888,5.888,5.888,5.888,4.608,4.608,4.608,4.608,4.608,4.608,3.368,3.368,3.368,0,0,1.24463153883876,3.22361759114303,3.30291658594057,2.25120728811717,2.216,2.216,2.216,2.216,2.216,2.216,2.216,2.17113627132908,1.50057533837067,1.416,1.416,1.416,1.416,1.416,1.416,1.416,1.416,1.416,1.416,1.40745354107924,1.2047840922443,1.00433124086767,0.472331240867673,0,0,0,0,0,0,0,0,0,0,0,0,0,0,0,0,0,0,0,0,0,0,0,0,0
0,0,0,0,0,0,0,0,0,0,0,0,0,0,0,0,0,0,0,0,0,0,0,0,0,0,0,0.0828054603440548,0.670325217963165,1.36454687196764,1.416,1.416,1.416,1.416,1.416,1.416,1.416,1.416,1.416,1.416,1.416,1.47831594830158,2.03709491538653,2.216,2.216,2.216,2.216,2.216,2.216,2.26377288625126,1.73364307818418,3.368,3.368,3.368,3.368,3.368,3.368,4.608,4.608,4.608,4.608,4.608,5.888,5.888,5.888,5.888,5.888,6.528,6.528,6.528,6.528,6.528,6.528,6.528,6.528,8.456,8.456,8.456,8.456,8.456,8.456,8.456,10.76,10.76,10.76,10.76,10.76,10.76,10.76,10.76,10.76,12.296,12.296,12.296,12.296,12.296,12.296,12.296,12.296,12.296,12.296,12.296,12.296,12.296,12.296,12.296,12.296,12.296,10.76,10.76,10.76,10.76,10.76,10.76,10.76,10.76,10.76,8.456,8.456,8.456,8.456,8.456,8.456,8.456,6.528,6.528,6.528,6.528,6.528,6.528,6.528,6.528,5.888,5.888,5.888,5.888,5.888,4.608,4.608,4.608,4.608,4.608,3.368,3.368,3.368,3.368,3.368,3.368,0,0.192977310072363,1.73364307818411,2.26377288625123,2.216,2.216,2.216,2.216,2.216,2.216,2.0370949153865,1.47831594830153,1.416,1.416,1.416,1.416,1.416,1.416,1.416,1.416,1.416,1.416,1.416,1.36454687196764,0.670325217963163,0.0828054603440293,0,0,0,0,0,0,0,0,0,0,0,0,0,0,0,0,0,0,0,0,0,0,0,0,0,0
0,0,0,0,0,0,0,0,0,0,0,0,0,0,0,0,0,0,0,0,0,0,0,0,0,0,0,0,0,0.295685195164522,1.00800725673496,1.416,1.416,1.416,1.416,1.416,1.416,1.416,1.416,1.416,1.416,1.43365710116812,1.96852453080184,2.216,2.216,2.216,2.216,1.69148010984691,1.3150818015643,2.216,3.368,3.368,3.368,3.368,3.368,3.368,3.368,4.608,4.608,4.608,4.608,4.608,4.608,5.888,5.888,5.888,5.888,5.888,6.528,6.528,6.528,6.528,6.528,6.528,6.528,6.528,8.456,8.456,8.456,8.456,8.456,8.456,8.456,8.456,10.76,10.76,10.76,10.76,10.76,10.76,10.76,10.76,10.76,10.76,10.76,12.296,12.296,12.296,12.296,12.296,12.296,12.296,12.296,12.296,10.76,10.76,10.76,10.76,10.76,10.76,10.76,10.76,10.76,10.76,10.76,8.456,8.456,8.456,8.456,8.456,8.456,8.456,8.456,6.528,6.528,6.528,6.528,6.528,6.528,6.528,6.528,5.888,5.888,5.888,5.888,5.888,4.608,4.608,4.608,4.608,4.608,4.608,3.368,3.368,3.368,3.368,3.368,3.368,3.368,2.216,0.160269542847291,0.454301502077879,1.3150818015642,1.69148010984684,2.216,2.216,2.216,2.216,1.9685245308018,1.43365710116812,1.416,1.416,1.416,1.416,1.416,1.416,1.416,1.416,1.416,1.416,1.00800725673494,0.295685195164503,0,0,0,0,0,0,0,0,0,0,0,0,0,0,0,0,0,0,0,0,0,0,0,0,0,0,0,0
0,0,0,0,0,0,0,0,0,0,0,0,0,0,0,0,0,0,0,0,0,0,0,0,0,0,0,0,0,0,0,0.489715284976199,1.1977152849762,1.416,1.416,1.416,1.416,1.416,1.416,1.416,1.416,1.416,1.73417257878243,2.216,2.216,2.11702647912207,1.89683384878013,0.442475811837382,2.216,2.216,2.216,3.368,3.368,3.368,3.368,3.368,3.368,3.368,4.608,4.608,4.608,4.608,4.608,4.608,5.888,5.888,5.888,5.888,5.888,6.528,6.528,6.528,6.528,6.528,6.528,6.528,6.528,8.456,8.456,8.456,8.456,8.456,8.456,8.456,8.456,8.456,10.76,10.76,10.76,10.76,10.76,10.76,10.76,10.76,10.76,10.76,10.76,10.76,10.76,10.76,10.76,10.76,10.76,10.76,10.76,10.76,10.76,10.76,10.76,10.76,10.76,10.76,10.76,8.456,8.456,8.456,8.456,8.456,8.456,8.456,8.456,8.456,6.528,6.528,6.528,6.528,6.528,6.528,6.528,6.528,5.888,5.888,5.888,5.888,5.888,4.608,4.608,4.608,4.608,4.608,4.608,3.368,3.368,3.368,3.368,3.368,3.368,3.368,2.216,2.216,2.216,0,0,0.44247581183735,1.89683384877999,2.11702647912205,2.216,2.216,1.73417257878242,1.416,1.416,1.416,1.416,1.416,1.416,1.416,1.416,1.416,1.19771528497617,0.489715284976172,0,0,0,0,0,0,0,0,0,0,0,0,0,0,0,0,0,0,0,0,0,0,0,0,0,0,0,0,0,0
0,0,0,0,0,0,0,0,0,0,0,0,0,0,0,0,0,0,0,0,0,0,0,0,0,0,0,0,0,0,0,0,0,0.67942331321742,1.38742331321742,1.416,1.416,1.416,1.416,1.416,1.416,1.416,1.416,1.79985497921894,2.17978698411259,0.956700401409993,2.216,2.216,2.216,2.216,2.216,2.216,3.368,3.368,3.368,3.368,3.368,3.368,3.368,4.608,4.608,4.608,4.608,4.608,4.608,5.888,5.888,5.888,5.888,5.888,6.528,6.528,6.528,6.528,6.528,6.528,6.528,6.528,6.528,8.456,8.456,8.456,8.456,8.456,8.456,8.456,8.456,8.456,10.76,10.76,10.76,10.76,10.76,10.76,10.76,10.76,10.76,10.76,10.76,10.76,10.76,10.76,10.76,10.76,10.76,10.76,10.76,10.76,10.76,10.76,10.76,8.456,8.456,8.456,8.456,8.456,8.456,8.456,8.456,8.456,6.528,6.528,6.528,6.528,6.528,6.528,6.528,6.528,6.528,5.888,5.888,5.888,5.888,5.888,4.608,4.608,4.608,4.608,4.608,4.608,3.368,3.368,3.368,3.368,3.368,3.368,3.368,2.216,2.216,2.216,2.216,2.216,2.216,0,0,0.956700401409977,2.17978698411246,1.79985497921888,1.416,1.416,1.416,1.416,1.416,1.416,1.416,1.416,1.38742331321741,0.679423313217408,0,0,0,0,0,0,0,0,0,0,0,0,0,0,0,0,0,0,0,0,0,0,0,0,0,0,0,0,0,0,0,0
0,0,0,0,0,0,0,0,0,0,0,0,0,0,0,0,0,0,0,0,0,0,0,0,0,0,0,0,0,0,0,0,0,0,0.161131341458662,0.869131341458662,1.416,1.416,1.416,1.416,1.416,1.416,1.416,0.939905138642334,2.216,2.216,2.216,2.216,2.216,2.216,2.216,2.216,3.368,3.368,3.368,3.368,3.368,3.368,3.368,3.368,4.608,4.608,4.608,4.608,4.608,4.608,5.888,5.888,5.888,5.888,5.888,6.528,6.528,6.528,6.528,6.528,6.528,6.528,6.528,6.528,8.456,8.456,8.456,8.456,8.456,8.456,8.456,8.456,8.456,8.456,8.456,8.456,10.76,10.76,10.76,10.76,10.76,10.76,10.76,10.76,10.76,10.76,10.76,10.76,10.76,10.76,10.76,8.456,8.456,8.456,8.456,8.456,8.456,8.456,8.456,8.456,8.456,8.456,8.456,6.528,6.528,6.528,6.528,6.528,6.528,6.528,6.528,6.528,5.888,5.888,5.888,5.888,5.888,4.608,4.608,4.608,4.608,4.608,4.608,3.368,3.368,3.368,3.368,3.368,3.368,3.368,3.368,2.216,2.216,2.216,2.216,2.216,2.216,2.216,2.216,0,0.201165276261124,0.939905138642324,1.416,1.416,1.416,1.416,1.416,1.416,1.416,0.869131341458643,0.161131341458643,0,0,0,0,0,0,0,0,0,0,0,0,0,0,0,0,0,0,0,0,0,0,0,0,0,0,0,0,0,0,0,0,0
0,0,0,0,0,0,0,0,0,0,0,0,0,0,0,0,0,0,0,0,0,0,0,0,0,0,0,0,0,0,0,0,0,0,0,0,0.350839369699903,1.0588393696999,1.416,1.416,1.1623330895783,0.948535438012362,1.416,1.416,2.216,2.216,2.216,2.216,2.216,2.216,2.216,2.216,2.216,3.368,3.368,3.368,3.368,3.368,3.368,3.368,4.608,4.608,4.608,4.608,4.608,4.608,4.608,5.888,5.888,5.888,5.888,5.888,5.888,6.528,6.528,6.528,6.528,6.528,6.528,6.528,6.528,6.528,8.456,8.456,8.456,8.456,8.456,8.456,8.456,8.456,8.456,8.456,8.456,8.456,8.456,8.456,8.456,8.456,8.456,8.456,8.456,8.456,8.456,8.456,8.456,8.456,8.456,8.456,8.456,8.456,8.456,8.456,8.456,8.456,8.456,8.456,8.456,6.528,6.528,6.528,6.528,6.528,6.528,6.528,6.528,6.528,5.888,5.888,5.888,5.888,5.888,5.888,4.608,4.608,4.608,4.608,4.608,4.608,4.608,3.368,3.368,3.368,3.368,3.368,3.368,3.368,2.216,2.216,2.216,2.216,2.216,2.216,2.216,2.216,2.216,1.416,1.416,0.173411222337716,0.382581389976494,0.948535438012237,1.16233308957826,1.416,1.416,1.05883936969988,0.350839369699878,0,0,0,0,0,0,0,0,0,0,0,0,0,0,0,0,0,0,0,0,0,0,0,0,0,0,0,0,0,0,0,0,0,0,0
0,0,0,0,0,0,0,0,0,0,0,0,0,0,0,0,0,0,0,0,0,0,0,0,0,0,0,0,0,0,0,0,0,0,0,0,0,0,0.540547397941125,1.24854739794112,0.370781053918639,1.416,1.416,1.416,2.216,2.216,2.216,2.216,2.216,2.216,2.216,2.216,2.216,2.216,3.368,3.368,3.368,3.368,3.368,3.368,3.368,4.608,4.608,4.608,4.608,4.608,4.608,4.608,5.888,5.888,5.888,5.888,5.888,5.888,6.528,6.528,6.528,6.528,6.528,6.528,6.528,6.528,6.528,6.528,8.456,8.456,8.456,8.456,8.456,8.456,8.456,8.456,8.456,8.456,8.456,8.456,8.456,8.456,8.456,8.456,8.456,8.456,8.456,8.456,8.456,8.456,8.456,8.456,8.456,8.456,8.456,8.456,8.456,8.456,8.456,6.528,6.528,6.528,6.528,6.528,6.528,6.528,6.528,6.528,6.528,5.888,5.888,5.888,5.888,5.888,5.888,4.608,4.608,4.608,4.608,4.608,4.608,4.608,3.368,3.368,3.368,3.368,3.368,3.368,3.368,2.216,2.216,2.216,2.216,2.216,2.216,2.216,2.216,2.216,2.216,1.416,1.416,1.416,0,0,0.370781053918619,1.24854739794111,0.540547397941113,0,0,0,0,0,0,0,0,0,0,0,0,0,0,0,0,0,0,0,0,0,0,0,0,0,0,0,0,0,0,0,0,0,0,0,0,0
0,0,0,0,0,0,0,0,0,0,0,0,0,0,0,0,0,0,0,0,0,0,0,0,0,0,0,0,0,0,0,0,0,0,0,0,0,0,0,1.416,1.416,1.416,1.416,1.416,1.416,2.216,2.216,2.216,2.216,2.216,2.216,2.216,2.216,2.216,2.216,3.368,3.368,3.368,3.368,3.368,3.368,3.368,4.608,4.608,4.608,4.608,4.608,4.608,4.608,5.888,5.888,5.888,5.888,5.888,5.888,6.528,6.528,6.528,6.528,6.528,6.528,6.528,6.528,6.528,6.528,6.528,6.528,8.456,8.456,8.456,8.456,8.456,8.456,8.456,8.456,8.456,8.456,8.456,8.456,8.456,8.456,8.456,8.456,8.456,8.456,8.456,8.456,8.456,8.456,8.456,8.456,8.456,6.528,6.528,6.528,6.528,6.528,6.528,6.528,6.528,6.528,6.528,6.528,6.528,5.888,5.888,5.888,5.888,5.888,5.888,4.608,4.608,4.608,4.608,4.608,4.608,4.608,3.368,3.368,3.368,3.368,3.368,3.368,3.368,2.216,2.216,2.216,2.216,2.216,2.216,2.216,2.216,2.216,2.216,1.416,1.416,1.416,1.416,1.416,1.416,0,0.0139736575520336,0,0,0,0,0,0,0,0,0,0,0,0,0,0,0,0,0,0,0,0,0,0,0,0,0,0,0,0,0,0,0,0,0,0,0,0,0,0
0,0,0,0,0,0,0,0,0,0,0,0,0,0,0,0,0,0,0,0,0,0,0,0,0,0,0,0,0,0,0,0,0,0,0,0,0,0,0,1.416,1.416,1.416,1.416,1.416,1.416,1.416,2.216,2.216,2.216,2.216,2.216,2.216,2.216,2.216,2.216,3.368,3.368,3.368,3.368,3.368,3.368,3.368,3.368,4.608,4.608,4.608,4.608,4.608,4.608,4.608,5.888,5.888,5.888,5.888,5.888,5.888,5.888,6.528,6.528,6.528,6.528,6.528,6.528,6.528,6.528,6.528,6.528,6.528,6.528,6.528,8.456,8.456,8.456,8.456,8.456,8.456,8.456,8.456,8.456,8.456,8.456,8.456,8.456,8.456,8.456,8.456,8.456,8.456,8.456,6.528,6.528,6.528,6.528,6.528,6.528,6.528,6.528,6.528,6.528,6.528,6.528,6.528,5.888,5.888,5.888,5.888,5.888,5.888,5.888,4.608,4.608,4.608,4.608,4.608,4.608,4.608,3.368,3.368,3.368,3.368,3.368,3.368,3.368,3.368,2.216,2.216,2.216,2.216,2.216,2.216,2.216,2.216,2.216,1.416,1.416,1.416,1.416,1.416,1.416,1.416,0,0,0,0,0,0,0,0,0,0,0,0,0,0,0,0,0,0,0,0,0,0,0,0,0,0,0,0,0,0,0,0,0,0,0,0,0,0,0,0
0,0,0,0,0,0,0,0,0,0,0,0,0,0,0,0,0,0,0,0,0,0,0,0,0,0,0,0,0,0,0,0,0,0,0,0,0,0,0,1.416,1.416,1.416,1.416,1.416,1.416,1.416,2.216,2.216,2.216,2.216,2.216,2.216,2.216,2.216,2.216,2.216,3.368,3.368,3.368,3.368,3.368,3.368,3.368,3.368,4.608,4.608,4.608,4.608,4.608,4.608,4.608,5.888,5.888,5.888,5.888,5.888,5.888,5.888,6.528,6.528,6.528,6.528,6.528,6.528,6.528,6.528,6.528,6.528,6.528,6.528,6.528,6.528,6.528,6.528,6.528,8.456,8.456,8.456,8.456,8.456,8.456,8.456,8.456,8.456,6.528,6.528,6.528,6.528,6.528,6.528,6.528,6.528,6.528,6.528,6.528,6.528,6.528,6.528,6.528,6.528,6.528,5.888,5.888,5.888,5.888,5.888,5.888,5.888,4.608,4.608,4.608,4.608,4.608,4.608,4.608,3.368,3.368,3.368,3.368,3.368,3.368,3.368,3.368,2.216,2.216,2.216,2.216,2.216,2.216,2.216,2.216,2.216,2.216,1.416,1.416,1.416,1.416,1.416,1.416,1.416,0,0,0,0,0,0,0,0,0,0,0,0,0,0,0,0,0,0,0,0,0,0,0,0,0,0,0,0,0,0,0,0,0,0,0,0,0,0,0,0
0,0,0,0,0,0,0,0,0,0,0,0,0,0,0,0,0,0,0,0,0,0,0,0,0,0,0,0,0,0,0,0,0,0,0,0,0,0,0,1.416,1.416,1.416,1.416,1.416,1.416,1.416,1.416,2.216,2.216,2.216,2.216,2.216,2.216,2.216,2.216,2.216,2.216,3.368,3.368,3.368,3.368,3.368,3.368,3.368,3.368,4.608,4.608,4.608,4.608,4.608,4.608,4.608,4.608,5.888,5.888,5.888,5.888,5.888,5.888,5.888,6.528,6.528,6.528,6.528,6.528,6.528,6.528,6.528,6.528,6.528,6.528,6.528,6.528,6.528,6.528,6.528,6.528,6.528,6.528,6.528,6.528,6.528,6.528,6.528,6.528,6.528,6.528,6.528,6.528,6.528,6.528,6.528,6.528,6.528,6.528,6.528,6.528,6.528,6.528,5.888,5.888,5.888,5.888,5.888,5.888,5.888,4.608,4.608,4.608,4.608,4.608,4.608,4.608,4.608,3.368,3.368,3.368,3.368,3.368,3.368,3.368,3.368,2.216,2.216,2.216,2.216,2.216,2.216,2.216,2.216,2.216,2.216,1.416,1.416,1.416,1.416,1.416,1.416,1.416,1.416,0,0,0,0,0,0,0,0,0,0,0,0,0,0,0,0,0,0,0,0,0,0,0,0,0,0,0,0,0,0,0,0,0,0,0,0,0,0,0,0
0,0,0,0,0,0,0,0,0,0,0,0,0,0,0,0,0,0,0,0,0,0,0,0,0,0,0,0,0,0,0,0,0,0,0,0,0,0,0,1.416,1.416,1.416,1.416,1.416,1.416,1.416,1.416,1.416,2.216,2.216,2.216,2.216,2.216,2.216,2.216,2.216,2.216,2.216,3.368,3.368,3.368,3.368,3.368,3.368,3.368,3.368,4.608,4.608,4.608,4.608,4.608,4.608,4.608,4.608,5.888,5.888,5.888,5.888,5.888,5.888,5.888,5.888,6.528,6.528,6.528,6.528,6.528,6.528,6.528,6.528,6.528,6.528,6.528,6.528,6.528,6.528,6.528,6.528,6.528,6.528,6.528,6.528,6.528,6.528,6.528,6.528,6.528,6.528,6.528,6.528,6.528,6.528,6.528,6.528,6.528,6.528,6.528,5.888,5.888,5.888,5.888,5.888,5.888,5.888,5.888,4.608,4.608,4.608,4.608,4.608,4.608,4.608,4.608,3.368,3.368,3.368,3.368,3.368,3.368,3.368,3.368,2.216,2.216,2.216,2.216,2.216,2.216,2.216,2.216,2.216,2.216,1.416,1.416,1.416,1.416,1.416,1.416,1.416,1.416,1.416,0,0,0,0,0,0,0,0,0,0,0,0,0,0,0,0,0,0,0,0,0,0,0,0,0,0,0,0,0,0,0,0,0,0,0,0,0,0,0,0
0,0,0,0,0,0,0,0,0,0,0,0,0,0,0,0,0,0,0,0,0,0,0,0,0,0,0,0,0,0,0,0,0,0,0,0,0,0,0,1.416,1.416,1.416,1.416,1.416,1.416,1.416,1.416,1.416,2.216,2.216,2.216,2.216,2.216,2.216,2.216,2.216,2.216,2.216,2.216,3.368,3.368,3.368,3.368,3.368,3.368,3.368,3.368,3.368,4.608,4.608,4.608,4.608,4.608,4.608,4.608,4.608,5.888,5.888,5.888,5.888,5.888,5.888,5.888,5.888,5.888,6.528,6.528,6.528,6.528,6.528,6.528,6.528,6.528,6.528,6.528,6.528,6.528,6.528,6.528,6.528,6.528,6.528,6.528,6.528,6.528,6.528,6.528,6.528,6.528,6.528,6.528,6.528,6.528,6.528,5.888,5.888,5.888,5.888,5.888,5.888,5.888,5.888,5.888,4.608,4.608,4.608,4.608,4.608,4.608,4.608,4.608,3.368,3.368,3.368,3.368,3.368,3.368,3.368,3.368,3.368,2.216,2.216,2.216,2.216,2.216,2.216,2.216,2.216,2.216,2.216,2.216,1.416,1.416,1.416,1.416,1.416,1.416,1.416,1.416,1.416,0,0,0,0,0,0,0,0,0,0,0,0,0,0,0,0,0,0,0,0,0,0,0,0,0,0,0,0,0,0,0,0,0,0,0,0,0,0,0,0
0,0,0,0,0,0,0,0,0,0,0,0,0,0,0,0,0,0,0,0,0,0,0,0,0,0,0,0,0,0,0,0,0,0,0,0,0,0,0,1.416,1.416,1.416,1.416,1.416,1.416,1.416,1.416,1.416,1.416,2.216,2.216,2.216,2.216,2.216,2.216,2.216,2.216,2.216,2.216,2.216,3.368,3.368,3.368,3.368,3.368,3.368,3.368,3.368,3.368,4.608,4.608,4.608,4.608,4.608,4.608,4.608,4.608,5.888,5.888,5.888,5.888,5.888,5.888,5.888,5.888,5.888,5.888,5.888,6.528,6.528,6.528,6.528,6.528,6.528,6.528,6.528,6.528,6.528,6.528,6.528,6.528,6.528,6.528,6.528,6.528,6.528,6.528,6.528,6.528,6.528,6.528,5.888,5.888,5.888,5.888,5.888,5.888,5.888,5.888,5.888,5.888,5.888,4.608,4.608,4.608,4.608,4.608,4.608,4.608,4.608,3.368,3.368,3.368,3.368,3.368,3.368,3.368,3.368,3.368,2.216,2.216,2.216,2.216,2.216,2.216,2.216,2.216,2.216,2.216,2.216,1.416,1.416,1.416,1.416,1.416,1.416,1.416,1.416,1.416,1.416,0,0,0,0,0,0,0,0,0,0,0,0,0,0,0,0,0,0,0,0,0,0,0,0,0,0,0,0,0,0,0,0,0,0,0,0,0,0,0,0
0,0,0,0,0,0,0,0,0,0,0,0,0,0,0,0,0,0,0,0,0,0,0,0,0,0,0,0,0,0,0,0,0,0,0,0,0,0,0,1.416,1.416,1.416,1.416,1.416,1.416,1.416,1.416,1.416,1.416,1.416,2.216,2.216,2.216,2.216,2.216,2.216,2.216,2.216,2.216,2.216,2.216,3.368,3.368,3.368,3.368,3.368,3.368,3.368,3.368,3.368,4.608,4.608,4.608,4.608,4.608,4.608,4.608,4.608,4.608,5.888,5.888,5.888,5.888,5.888,5.888,5.888,5.888,5.888,5.888,5.888,5.888,5.888,5.888,6.528,6.528,6.528,6.528,6.528,6.528,6.528,6.528,6.528,6.528,6.528,6.528,6.528,5.888,5.888,5.888,5.888,5.888,5.888,5.888,5.888,5.888,5.888,5.888,5.888,5.888,5.888,4.608,4.608,4.608,4.608,4.608,4.608,4.608,4.608,4.608,3.368,3.368,3.368,3.368,3.368,3.368,3.368,3.368,3.368,2.216,2.216,2.216,2.216,2.216,2.216,2.216,2.216,2.216,2.216,2.216,1.416,1.416,1.416,1.416,1.416,1.416,1.416,1.416,1.416,1.416,1.416,0,0,0,0,0,0,0,0,0,0,0,0,0,0,0,0,0,0,0,0,0,0,0,0,0,0,0,0,0,0,0,0,0,0,0,0,0,0,0,0
0,0,0,0,0,0,0,0,0,0,0,0,0,0,0,0,0,0,0,0,0,0,0,0,0,0,0,0,0,0,0,0,0,0,0,0,0,0,0,1.416,1.416,1.416,1.416,1.416,1.416,1.416,1.416,1.416,1.416,1.416,1.416,2.216,2.216,2.216,2.216,2.216,2.216,2.216,2.216,2.216,2.216,2.216,3.368,3.368,3.368,3.368,3.368,3.368,3.368,3.368,3.368,3.368,4.608,4.608,4.608,4.608,4.608,4.608,4.608,4.608,4.608,4.608,5.888,5.888,5.888,5.888,5.888,5.888,5.888,5.888,5.888,5.888,5.888,5.888,5.888,5.888,5.888,5.888,5.888,5.888,5.888,5.888,5.888,5.888,5.888,5.888,5.888,5.888,5.888,5.888,5.888,5.888,5.888,5.888,5.888,5.888,5.888,4.608,4.608,4.608,4.608,4.608,4.608,4.608,4.608,4.608,4.608,3.368,3.368,3.368,3.368,3.368,3.368,3.368,3.368,3.368,3.368,2.216,2.216,2.216,2.216,2.216,2.216,2.216,2.216,2.216,2.216,2.216,1.416,1.416,1.416,1.416,1.416,1.416,1.416,1.416,1.416,1.416,1.416,1.416,0,0,0,0,0,0,0,0,0,0,0,0,0,0,0,0,0,0,0,0,0,0,0,0,0,0,0,0,0,0,0,0,0,0,0,0,0,0,0,0
0,0,0,0,0,0,0,0,0,0,0,0,0,0,0,0,0,0,0,0,0,0,0,0,0,0,0,0,0,0,0,0,0,0,0,0,0,0,0,1.416,1.416,1.416,1.416,1.416,1.416,1.416,1.416,1.416,1.416,1.416,1.416,1.416,2.216,2.216,2.216,2.216,2.216,2.216,2.216,2.216,2.216,2.216,2.216,3.368,3.368,3.368,3.368,3.368,3.368,3.368,3.368,3.368,3.368,4.608,4.608,4.608,4.608,4.608,4.608,4.608,4.608,4.608,4.608,4.608,5.888,5.888,5.888,5.888,5.888,5.888,5.888,5.888,5.888,5.888,5.888,5.888,5.888,5.888,5.888,5.888,5.888,5.888,5.888,5.888,5.888,5.888,5.888,5.888,5.888,5.888,5.888,5.888,5.888,5.888,5.888,4.608,4.608,4.608,4.608,4.608,4.608,4.608,4.608,4.608,4.608,4.608,3.368,3.368,3.368,3.368,3.368,3.368,3.368,3.368,3.368,3.368,2.216,2.216,2.216,2.216,2.216,2.216,2.216,2.216,2.216,2.216,2.216,1.416,1.416,1.416,1.416,1.416,1.416,1.416,1.416,1.416,1.416,1.416,1.416,1.416,0,0,0,0,0,0,0,0,0,0,0,0,0,0,0,0,0,0,0,0,0,0,0,0,0,0,0,0,0,0,0,0,0,0,0,0,0,0,0,0
0,0,0,0,0,0,0,0,0,0,0,0,0,0,0,0,0,0,0,0,0,0,0,0,0,0,0,0,0,0,0,0,0,0,0,0,0,0,0,1.416,1.416,1.416,1.416,1.416,1.416,1.416,1.416,1.416,1.416,1.416,1.416,1.416,1.416,2.216,2.216,2.216,2.216,2.216,2.216,2.216,2.216,2.216,2.216,2.216,2.216,3.368,3.368,3.368,3.368,3.368,3.368,3.368,3.368,3.368,3.368,4.608,4.608,4.608,4.608,4.608,4.608,4.608,4.608,4.608,4.608,4.608,4.608,4.608,5.888,5.888,5.888,5.888,5.888,5.888,5.888,5.888,5.888,5.888,5.888,5.888,5.888,5.888,5.888,5.888,5.888,5.888,5.888,5.888,5.888,5.888,5.888,4.608,4.608,4.608,4.608,4.608,4.608,4.608,4.608,4.608,4.608,4.608,4.608,4.608,3.368,3.368,3.368,3.368,3.368,3.368,3.368,3.368,3.368,3.368,2.216,2.216,2.216,2.216,2.216,2.216,2.216,2.216,2.216,2.216,2.216,2.216,1.416,1.416,1.416,1.416,1.416,1.416,1.416,1.416,1.416,1.416,1.416,1.416,1.416,1.416,0,0,0,0,0,0,0,0,0,0,0,0,0,0,0,0,0,0,0,0,0,0,0,0,0,0,0,0,0,0,0,0,0,0,0,0,0,0,0,0
0,0,0,0,0,0,0,0,0,0,0,0,0,0,0,0,0,0,0,0,0,0,0,0,0,0,0,0,0,0,0,0,0,0,0,0,0,0,0,1.416,1.416,1.416,1.416,1.416,1.416,1.416,1.416,1.416,1.416,1.416,1.416,1.416,1.416,1.416,2.216,2.216,2.216,2.216,2.216,2.216,2.216,2.216,2.216,2.216,2.216,2.216,3.368,3.368,3.368,3.368,3.368,3.368,3.368,3.368,3.368,3.368,3.368,4.608,4.608,4.608,4.608,4.608,4.608,4.608,4.608,4.608,4.608,4.608,4.608,4.608,4.608,4.608,5.888,5.888,5.888,5.888,5.888,5.888,5.888,5.888,5.888,5.888,5.888,5.888,5.888,5.888,5.888,4.608,4.608,4.608,4.608,4.608,4.608,4.608,4.608,4.608,4.608,4.608,4.608,4.608,4.608,4.608,3.368,3.368,3.368,3.368,3.368,3.368,3.368,3.368,3.368,3.368,3.368,2.216,2.216,2.216,2.216,2.216,2.216,2.216,2.216,2.216,2.216,2.216,2.216,1.416,1.416,1.416,1.416,1.416,1.416,1.416,1.416,1.416,1.416,1.416,1.416,1.416,1.416,1.416,0,0,0,0,0,0,0,0,0,0,0,0,0,0,0,0,0,0,0,0,0,0,0,0,0,0,0,0,0,0,0,0,0,0,0,0,0,0,0,0
0,0,0,0,0,0,0,0,0,0,0,0,0,0,0,0,0,0,0,0,0,0,0,0,0,0,0,0,0,0,0,0,0,0,0,0,0,0,0,1.3452,1.416,1.416,1.416,1.416,1.416,1.416,1.416,1.416,1.416,1.416,1.416,1.416,1.416,1.416,1.416,2.216,2.216,2.216,2.216,2.216,2.216,2.216,2.216,2.216,2.216,2.216,2.216,3.368,3.368,3.368,3.368,3.368,3.368,3.368,3.368,3.368,3.368,3.368,3.368,4.608,4.608,4.608,4.608,4.608,4.608,4.608,4.608,4.608,4.608,4.608,4.608,4.608,4.608,4.608,4.608,4.608,4.608,4.608,4.608,4.608,4.608,4.608,4.608,4.608,4.608,4.608,4.608,4.608,4.608,4.608,4.608,4.608,4.608,4.608,4.608,4.608,4.608,4.608,4.608,4.608,3.368,3.368,3.368,3.368,3.368,3.368,3.368,3.368,3.368,3.368,3.368,3.368,2.216,2.216,2.216,2.216,2.216,2.216,2.216,2.216,2.216,2.216,2.216,2.216,1.416,1.416,1.416,1.416,1.416,1.416,1.416,1.416,1.416,1.416,1.416,1.416,1.416,1.416,1.416,1.3452,0,0,0,0,0,0,0,0,0,0,0,0,0,0,0,0,0,0,0,0,0,0,0,0,0,0,0,0,0,0,0,0,0,0,0,0,0,0,0,0
0,0,0,0,0,0,0,0,0,0,0,0,0,0,0,0,0,0,0,0,0,0,0,0,0,0,0,0,0,0,0,0,0,0,0,0,0,0,0,1.062,1.416,1.416,1.416,1.416,1.416,1.416,1.416,1.416,1.416,1.416,1.416,1.416,1.416,1.416,1.416,1.416,2.216,2.216,2.216,2.216,2.216,2.216,2.216,2.216,2.216,2.216,2.216,2.216,2.216,3.368,3.368,3.368,3.368,3.368,3.368,3.368,3.368,3.368,3.368,3.368,3.368,3.368,4.608,4.608,4.608,4.608,4.608,4.608,4.608,4.608,4.608,4.608,4.608,4.608,4.608,4.608,4.608,4.608,4.608,4.608,4.608,4.608,4.608,4.608,4.608,4.608,4.608,4.608,4.608,4.608,4.608,4.608,4.608,4.608,4.608,4.608,4.608,3.368,3.368,3.368,3.368,3.368,3.368,3.368,3.368,3.368,3.368,3.368,3.368,3.368,2.216,2.216,2.216,2.216,2.216,2.216,2.216,2.216,2.216,2.216,2.216,2.216,2.216,1.416,1.416,1.416,1.416,1.416,1.416,1.416,1.416,1.416,1.416,1.416,1.416,1.416,1.416,1.416,1.416,1.062,0,0,0,0,0,0,0,0,0,0,0,0,0,0,0,0,0,0,0,0,0,0,0,0,0,0,0,0,0,0,0,0,0,0,0,0,0,0,0,0
0,0,0,0,0,0,0,0,0,0,0,0,0,0,0,0,0,0,0,0,0,0,0,0,0,0,0,0,0,0,0,0,0,0,0,0,0,0,0,1.064,1.2036,1.416,1.416,1.416,1.416,1.416,1.416,1.416,1.416,1.416,1.416,1.416,1.416,1.416,1.416,1.416,1.416,2.216,2.216,2.216,2.216,2.216,2.216,2.216,2.216,2.216,2.216,2.216,2.216,2.216,3.368,3.368,3.368,3.368,3.368,3.368,3.368,3.368,3.368,3.368,3.368,3.368,3.368,3.368,3.368,4.608,4.608,4.608,4.608,4.608,4.608,4.608,4.608,4.608,4.608,4.608,4.608,4.608,4.608,4.608,4.608,4.608,4.608,4.608,4.608,4.608,4.608,4.608,4.608,4.608,4.608,4.608,4.608,4.608,3.368,3.368,3.368,3.368,3.368,3.368,3.368,3.368,3.368,3.368,3.368,3.368,3.368,3.368,3.368,2.216,2.216,2.216,2.216,2.216,2.216,2.216,2.216,2.216,2.216,2.216,2.216,2.216,1.416,1.416,1.416,1.416,1.416,1.416,1.416,1.416,1.416,1.416,1.416,1.416,1.416,1.416,1.416,1.416,1.2036,1.064,0,0,0,0,0,0,0,0,0,0,0,0,0,0,0,0,0,0,0,0,0,0,0,0,0,0,0,0,0,0,0,0,0,0,0,0,0,0,0,0
0,0,0,0,0,0,0,0,0,0,0,0,0,0,0,0,0,0,0,0,0,0,0,0,0,0,0,0,0,0,0,0,0,0,0,0,0,0,0,1.064,1.064,1.2036,1.416,1.416,1.416,1.416,1.416,1.416,1.416,1.416,1.416,1.416,1.416,1.416,1.416,1.416,1.416,1.416,2.216,2.216,2.216,2.216,2.216,2.216,2.216,2.216,2.216,2.216,2.216,2.216,2.216,2.216,3.368,3.368,3.368,3.368,3.368,3.368,3.368,3.368,3.368,3.368,3.368,3.368,3.368,3.368,3.368,3.368,3.368,4.608,4.608,4.608,4.608,4.608,4.608,4.608,4.608,4.608,4.608,4.608,4.608,4.608,4.608,4.608,4.608,4.608,4.608,4.608,4.608,4.608,3.368,3.368,3.368,3.368,3.368,3.368,3.368,3.368,3.368,3.368,3.368,3.368,3.368,3.368,3.368,3.368,3.368,2.216,2.216,2.216,2.216,2.216,2.216,2.216,2.216,2.216,2.216,2.216,2.216,2.216,2.216,1.416,1.416,1.416,1.416,1.416,1.416,1.416,1.416,1.416,1.416,1.416,1.416,1.416,1.416,1.416,1.416,1.2036,1.064,1.064,0,0,0,0,0,0,0,0,0,0,0,0,0,0,0,0,0,0,0,0,0,0,0,0,0,0,0,0,0,0,0,0,0,0,0,0,0,0,0,0
0,0,0,0,0,0,0,0,0,0,0,0,0,0,0,0,0,0,0,0,0,0,0,0,0,0,0,0,0,0,0,0,0,0,0,0,0,0,0,1.064,1.064,0.9912,1.2744,1.416,1.416,1.416,1.416,1.416,1.416,1.416,1.416,1.416,1.416,1.416,1.416,1.416,1.416,1.416,1.416,2.216,2.216,2.216,2.216,2.216,2.216,2.216,2.216,2.216,2.216,2.216,2.216,2.216,2.216,2.216,3.368,3.368,3.368,3.368,3.368,3.368,3.368,3.368,3.368,3.368,3.368,3.368,3.368,3.368,3.368,3.368,3.368,3.368,3.368,3.368,3.368,4.608,4.608,4.608,4.608,4.608,4.608,4.608,4.608,4.608,3.368,3.368,3.368,3.368,3.368,3.368,3.368,3.368,3.368,3.368,3.368,3.368,3.368,3.368,3.368,3.368,3.368,3.368,3.368,3.368,3.368,2.216,2.216,2.216,2.216,2.216,2.216,2.216,2.216,2.216,2.216,2.216,2.216,2.216,2.216,2.216,1.416,1.416,1.416,1.416,1.416,1.416,1.416,1.416,1.416,1.416,1.416,1.416,1.416,1.416,1.416,1.416,1.2744,0.9912,1.064,1.064,0,0,0,0,0,0,0,0,0,0,0,0,0,0,0,0,0,0,0,0,0,0,0,0,0,0,0,0,0,0,0,0,0,0,0,0,0,0,0,0
0,0,0,0,0,0,0,0,0,0,0,0,0,0,0,0,0,0,0,0,0,0,0,0,0,0,0,0,0,0,0,0,0,0,0,0,0,0,0,1.064,1.064,1.064,0.9912,1.2744,1.416,1.416,1.416,1.416,1.416,1.416,1.416,1.416,1.416,1.416,1.416,1.416,1.416,1.416,1.416,1.416,1.416,2.216,2.216,2.216,2.216,2.216,2.216,2.216,2.216,2.216,2.216,2.216,2.216,2.216,2.216,2.216,3.368,3.368,3.368,3.368,3.368,3.368,3.368,3.368,3.368,3.368,3.368,3.368,3.368,3.368,3.368,3.368,3.368,3.368,3.368,3.368,3.368,3.368,3.368,3.368,3.368,3.368,3.368,3.368,3.368,3.368,3.368,3.368,3.368,3.368,3.368,3.368,3.368,3.368,3.368,3.368,3.368,3.368,3.368,3.368,3.368,3.368,3.368,2.216,2.216,2.216,2.216,2.216,2.216,2.216,2.216,2.216,2.216,2.216,2.216,2.216,2.216,2.216,1.416,1.416,1.416,1.416,1.416,1.416,1.416,1.416,1.416,1.416,1.416,1.416,1.416,1.416,1.416,1.416,1.416,1.2744,0.9912,1.064,1.064,1.064,0,0,0,0,0,0,0,0,0,0,0,0,0,0,0,0,0,0,0,0,0,0,0,0,0,0,0,0,0,0,0,0,0,0,0,0,0,0,0,0
0,0,0,0,0,0,0,0,0,0,0,0,0,0,0,0,0,0,0,0,0,0,0,0,0,0,0,0,0,0,0,0,0,0,0,0,0,0,0,1.0108,1.064,1.064,1.064,0.9912,1.2744,1.416,1.416,1.416,1.416,1.416,1.416,1.416,1.416,1.416,1.416,1.416,1.416,1.416,1.416,1.416,1.416,1.416,2.216,2.216,2.216,2.216,2.216,2.216,2.216,2.216,2.216,2.216,2.216,2.216,2.216,2.216,2.216,2.216,2.216,3.368,3.368,3.368,3.368,3.368,3.368,3.368,3.368,3.368,3.368,3.368,3.368,3.368,3.368,3.368,3.368,3.368,3.368,3.368,3.368,3.368,3.368,3.368,3.368,3.368,3.368,3.368,3.368,3.368,3.368,3.368,3.368,3.368,3.368,3.368,3.368,3.368,3.368,3.368,3.368,3.368,2.216,2.216,2.216,2.216,2.216,2.216,2.216,2.216,2.216,2.216,2.216,2.216,2.216,2.216,2.216,2.216,2.216,1.416,1.416,1.416,1.416,1.416,1.416,1.416,1.416,1.416,1.416,1.416,1.416,1.416,1.416,1.416,1.416,1.416,1.2744,0.9912,1.064,1.064,1.064,1.0108,0,0,0,0,0,0,0,0,0,0,0,0,0,0,0,0,0,0,0,0,0,0,0,0,0,0,0,0,0,0,0,0,0,0,0,0,0,0,0,0
0,0,0,0,0,0,0,0,0,0,0,0,0,0,0,0,0,0,0,0,0,0,0,0,0,0,0,0,0,0,0,0,0,0,0,0,0,0,0,1.0108,1.0108,1.064,1.064,1.064,0.9912,1.2744,1.416,1.416,1.416,1.416,1.416,1.416,1.416,1.416,1.416,1.416,1.416,1.416,1.416,1.416,1.416,1.416,1.416,1.416,2.216,2.216,2.216,2.216,2.216,2.216,2.216,2.216,2.216,2.216,2.216,2.216,2.216,2.216,2.216,2.216,2.216,3.368,3.368,3.368,3.368,3.368,3.368,3.368,3.368,3.368,3.368,3.368,3.368,3.368,3.368,3.368,3.368,3.368,3.368,3.368,3.368,3.368,3.368,3.368,3.368,3.368,3.368,3.368,3.368,3.368,3.368,3.368,3.368,3.368,3.368,3.368,3.368,3.368,2.216,2.216,2.216,2.216,2.216,2.216,2.216,2.216,2.216,2.216,2.216,2.216,2.216,2.216,2.216,2.216,2.216,1.416,1.416,1.416,1.416,1.416,1.416,1.416,1.416,1.416,1.416,1.416,1.416,1.416,1.416,1.416,1.416,1.416,1.416,1.2744,0.9912,1.064,1.064,1.064,1.0108,1.0108,0,0,0,0,0,0,0,0,0,0,0,0,0,0,0,0,0,0,0,0,0,0,0,0,0,0,0,0,0,0,0,0,0,0,0,0,0,0,0,0
0,0,0,0,0,0,0,0,0,0,0,0,0,0,0,0,0,0,0,0,0,0,0,0,0,0,0,0,0,0,0,0,0,0,0,0,0,0,0,0.9576,1.0108,1.0108,1.064,1.064,1.064,0.9912,1.2744,1.416,1.416,1.416,1.416,1.416,1.416,1.416,1.416,1.416,1.416,1.416,1.416,1.416,1.416,1.416,1.416,1.416,1.416,2.216,2.216,2.216,2.216,2.216,2.216,2.216,2.216,2.216,2.216,2.216,2.216,2.216,2.216,2.216,2.216,2.216,2.216,2.216,2.216,3.368,3.368,3.368,3.368,3.368,3.368,3.368,3.368,3.368,3.368,3.368,3.368,3.368,3.368,3.368,3.368,3.368,3.368,3.368,3.368,3.368,3.368,3.368,3.368,3.368,3.368,3.368,3.368,3.368,2.216,2.216,2.216,2.216,2.216,2.216,2.216,2.216,2.216,2.216,2.216,2.216,2.216,2.216,2.216,2.216,2.216,2.216,2.216,2.216,1.416,1.416,1.416,1.416,1.416,1.416,1.416,1.416,1.416,1.416,1.416,1.416,1.416,1.416,1.416,1.416,1.416,1.416,1.2744,0.9912,1.064,1.064,1.064,1.0108,1.0108,0.9576,0,0,0,0,0,0,0,0,0,0,0,0,0,0,0,0,0,0,0,0,0,0,0,0,0,0,0,0,0,0,0,0,0,0,0,0,0,0,0,0
0,0,0,0,0,0,0,0,0,0,0,0,0,0,0,0,0,0,0,0,0,0,0,0,0,0,0,0,0,0,0,0,0,0,0,0,0,0,0,0.7448,0.9576,1.0108,1.0108,1.064,1.064,1.064,0.9912,1.2744,1.416,1.416,1.416,1.416,1.416,1.416,1.416,1.416,1.416,1.416,1.416,1.416,1.416,1.416,1.416,1.416,1.416,1.416,1.416,2.216,2.216,2.216,2.216,2.216,2.216,2.216,2.216,2.216,2.216,2.216,2.216,2.216,2.216,2.216,2.216,2.216,2.216,2.216,2.216,2.216,2.216,3.368,3.368,3.368,3.368,3.368,3.368,3.368,3.368,3.368,3.368,3.368,3.368,3.368,3.368,3.368,3.368,3.368,3.368,3.368,3.368,3.368,2.216,2.216,2.216,2.216,2.216,2.216,2.216,2.216,2.216,2.216,2.216,2.216,2.216,2.216,2.216,2.216,2.216,2.216,2.216,2.216,2.216,2.216,1.416,1.416,1.416,1.416,1.416,1.416,1.416,1.416,1.416,1.416,1.416,1.416,1.416,1.416,1.416,1.416,1.416,1.416,1.416,1.2744,0.9912,1.064,1.064,1.064,1.0108,1.0108,0.9576,0.7448,0,0,0,0,0,0,0,0,0,0,0,0,0,0,0,0,0,0,0,0,0,0,0,0,0,0,0,0,0,0,0,0,0,0,0,0,0,0,0,0
0,0,0,0,0,0,0,0,0,0,0,0,0,0,0,0,0,0,0,0,0,0,0,0,0,0,0,0,0,0,0,0,0,0,0,0,0,0,0,0.6916,0.7448,0.9576,1.0108,1.0108,1.064,1.064,1.064,0.9912,1.2744,1.416,1.416,1.416,1.416,1.416,1.416,1.416,1.416,1.416,1.416,1.416,1.416,1.416,1.416,1.416,1.416,1.416,1.416,1.416,1.416,2.216,2.216,2.216,2.216,2.216,2.216,2.216,2.216,2.216,2.216,2.216,2.216,2.216,2.216,2.216,2.216,2.216,2.216,2.216,2.216,2.216,2.216,2.216,2.216,2.216,2.216,2.216,2.216,2.216,2.216,2.216,2.216,2.216,2.216,2.216,2.216,2.216,2.216,2.216,2.216,2.216,2.216,2.216,2.216,2.216,2.216,2.216,2.216,2.216,2.216,2.216,2.216,2.216,2.216,2.216,2.216,2.216,2.216,2.216,2.216,2.216,1.416,1.416,1.416,1.416,1.416,1.416,1.416,1.416,1.416,1.416,1.416,1.416,1.416,1.416,1.416,1.416,1.416,1.416,1.416,1.416,1.2744,0.9912,1.064,1.064,1.064,1.0108,1.0108,0.9576,0.7448,0.6916,0,0,0,0,0,0,0,0,0,0,0,0,0,0,0,0,0,0,0,0,0,0,0,0,0,0,0,0,0,0,0,0,0,0,0,0,0,0,0,0
0,0,0,0,0,0,0,0,0,0,0,0,0,0,0,0,0,0,0,0,0,0,0,0,0,0,0,0,0,0,0,0,0,0,0,0,0,0,0,0.6384,0.6916,0.7448,0.9576,1.0108,1.0108,1.064,1.064,1.064,0.9912,1.2036,1.416,1.416,1.416,1.416,1.416,1.416,1.416,1.416,1.416,1.416,1.416,1.416,1.416,1.416,1.416,1.416,1.416,1.416,1.416,1.416,2.216,2.216,2.216,2.216,2.216,2.216,2.216,2.216,2.216,2.216,2.216,2.216,2.216,2.216,2.216,2.216,2.216,2.216,2.216,2.216,2.216,2.216,2.216,2.216,2.216,2.216,2.216,2.216,2.216,2.216,2.216,2.216,2.216,2.216,2.216,2.216,2.216,2.216,2.216,2.216,2.216,2.216,2.216,2.216,2.216,2.216,2.216,2.216,2.216,2.216,2.216,2.216,2.216,2.216,2.216,2.216,2.216,2.216,2.216,1.416,1.416,1.416,1.416,1.416,1.416,1.416,1.416,1.416,1.416,1.416,1.416,1.416,1.416,1.416,1.416,1.416,1.416,1.416,1.416,1.2036,0.9912,1.064,1.064,1.064,1.0108,1.0108,0.9576,0.7448,0.6916,0.6384,0,0,0,0,0,0,0,0,0,0,0,0,0,0,0,0,0,0,0,0,0,0,0,0,0,0,0,0,0,0,0,0,0,0,0,0,0,0,0,0
0,0,0,0,0,0,0,0,0,0,0,0,0,0,0,0,0,0,0,0,0,0,0,0,0,0,0,0,0,0,0,0,0,0,0,0,0,0,0,0.5852,0.6384,0.6916,0.7448,0.9576,1.0108,1.0108,1.064,1.064,1.064,1.064,1.2036,1.416,1.416,1.416,1.416,1.416,1.416,1.416,1.416,1.416,1.416,1.416,1.416,1.416,1.416,1.416,1.416,1.416,1.416,1.416,1.416,1.416,1.416,2.216,2.216,2.216,2.216,2.216,2.216,2.216,2.216,2.216,2.216,2.216,2.216,2.216,2.216,2.216,2.216,2.216,2.216,2.216,2.216,2.216,2.216,2.216,2.216,2.216,2.216,2.216,2.216,2.216,2.216,2.216,2.216,2.216,2.216,2.216,2.216,2.216,2.216,2.216,2.216,2.216,2.216,2.216,2.216,2.216,2.216,2.216,2.216,2.216,2.216,2.216,2.216,2.216,1.416,1.416,1.416,1.416,1.416,1.416,1.416,1.416,1.416,1.416,1.416,1.416,1.416,1.416,1.416,1.416,1.416,1.416,1.416,1.416,1.416,1.416,1.2036,1.064,1.064,1.064,1.064,1.0108,1.0108,0.9576,0.7448,0.6916,0.6384,0.5852,0,0,0,0,0,0,0,0,0,0,0,0,0,0,0,0,0,0,0,0,0,0,0,0,0,0,0,0,0,0,0,0,0,0,0,0,0,0,0,0
0,0,0,0,0,0,0,0,0,0,0,0,0,0,0,0,0,0,0,0,0,0,0,0,0,0,0,0,0,0,0,0,0,0,0,0,0,0,0,0.4788,0.5852,0.6384,0.6916,0.7448,0.9576,1.0108,1.0108,1.064,1.064,1.064,1.064,1.062,1.3452,1.416,1.416,1.416,1.416,1.416,1.416,1.416,1.416,1.416,1.416,1.416,1.416,1.416,1.416,1.416,1.416,1.416,1.416,1.416,1.416,1.416,1.416,2.216,2.216,2.216,2.216,2.216,2.216,2.216,2.216,2.216,2.216,2.216,2.216,2.216,2.216,2.216,2.216,2.216,2.216,2.216,2.216,2.216,2.216,2.216,2.216,2.216,2.216,2.216,2.216,2.216,2.216,2.216,2.216,2.216,2.216,2.216,2.216,2.216,2.216,2.216,2.216,2.216,2.216,2.216,2.216,2.216,2.216,2.216,2.216,2.216,1.416,1.416,1.416,1.416,1.416,1.416,1.416,1.416,1.416,1.416,1.416,1.416,1.416,1.416,1.416,1.416,1.416,1.416,1.416,1.416,1.416,1.416,1.3452,1.062,1.064,1.064,1.064,1.064,1.0108,1.0108,0.9576,0.7448,0.6916,0.6384,0.5852,0.4788,0,0,0,0,0,0,0,0,0,0,0,0,0,0,0,0,0,0,0,0,0,0,0,0,0,0,0,0,0,0,0,0,0,0,0,0,0,0,0,0
0,0,0,0,0,0,0,0,0,0,0,0,0,0,0,0,0,0,0,0,0,0,0,0,0,0,0,0,0,0,0,0,0,0,0,0,0,0,0,0,0,0,0,0,0,0,0,0,0,0,0,0,0,0,0,0,0,0,0,0,0,0,0,0,0,0,0,0,0,0,0,0,0,0,0,0,0,0,0,0,0,0,0,0,0,0,0,0,0,0,0,0,0,0,0,0,0,0,0,0,0,0,0,0,0,0,0,0,0,0,0,0,0,0,0,0,0,0,0,0,0,0,0,0,0,0,0,0,0,0,0,0,0,0,0,0,0,0,0,0,0,0,0,0,0,0,0,0,0,0,0,0,0,0,0,0,0,0,0,0,0,0,0,0,0,0,0,0,0,0,0,0,0,0,0,0,0,0,0,0,0,0,0,0,0,0,0,0,0,0,0,0,0,0,0,0,0,0,0,0
0,0,0,0,0,0,0,0,0,0,0,0,0,0,0,0,0,0,0,0,0,0,0,0,0,0,0,0,0,0,0,0,0,0,0,0,0,0,0,0,0,0,0,0,0,0,0,0,0,0,0,0,0,0,0,0,0,0,0,0,0,0,0,0,0,0,0,0,0,0,0,0,0,0,0,0,0,0,0,0,0,0,0,0,0,0,0,0,0,0,0,0,0,0,0,0,0,0,0,0,0,0,0,0,0,0,0,0,0,0,0,0,0,0,0,0,0,0,0,0,0,0,0,0,0,0,0,0,0,0,0,0,0,0,0,0,0,0,0,0,0,0,0,0,0,0,0,0,0,0,0,0,0,0,0,0,0,0,0,0,0,0,0,0,0,0,0,0,0,0,0,0,0,0,0,0,0,0,0,0,0,0,0,0,0,0,0,0,0,0,0,0,0,0,0,0,0,0,0,0
0,0,0,0,0,0,0,0,0,0,0,0,0,0,0,0,0,0,0,0,0,0,0,0,0,0,0,0,0,0,0,0,0,0,0,0,0,0,0,0,0,0,0,0,0,0,0,0,0,0,0,0,0,0,0,0,0,0,0,0,0,0,0,0,0,0,0,0,0,0,0,0,0,0,0,0,0,0,0,0,0,0,0,0,0,0,0,0,0,0,0,0,0,0,0,0,0,0,0,0,0,0,0,0,0,0,0,0,0,0,0,0,0,0,0,0,0,0,0,0,0,0,0,0,0,0,0,0,0,0,0,0,0,0,0,0,0,0,0,0,0,0,0,0,0,0,0,0,0,0,0,0,0,0,0,0,0,0,0,0,0,0,0,0,0,0,0,0,0,0,0,0,0,0,0,0,0,0,0,0,0,0,0,0,0,0,0,0,0,0,0,0,0,0,0,0,0,0,0,0
0,0,0,0,0,0,0,0,0,0,0,0,0,0,0,0,0,0,0,0,0,0,0,0,0,0,0,0,0,0,0,0,0,0,0,0,0,0,0,0,0,0,0,0,0,0,0,0,0,0,0,0,0,0,0,0,0,0,0,0,0,0,0,0,0,0,0,0,0,0,0,0,0,0,0,0,0,0,0,0,0,0,0,0,0,0,0,0,0,0,0,0,0,0,0,0,0,0,0,0,0,0,0,0,0,0,0,0,0,0,0,0,0,0,0,0,0,0,0,0,0,0,0,0,0,0,0,0,0,0,0,0,0,0,0,0,0,0,0,0,0,0,0,0,0,0,0,0,0,0,0,0,0,0,0,0,0,0,0,0,0,0,0,0,0,0,0,0,0,0,0,0,0,0,0,0,0,0,0,0,0,0,0,0,0,0,0,0,0,0,0,0,0,0,0,0,0,0,0,0
0,0,0,0,0,0,0,0,0,0,0,0,0,0,0,0,0,0,0,0,0,0,0,0,0,0,0,0,0,0,0,0,0,0,0,0,0,0,0,0,0,0,0,0,0,0,0,0,0,0,0,0,0,0,0,0,0,0,0,0,0,0,0,0,0,0,0,0,0,0,0,0,0,0,0,0,0,0,0,0,0,0,0,0,0,0,0,0,0,0,0,0,0,0,0,0,0,0,0,0,0,0,0,0,0,0,0,0,0,0,0,0,0,0,0,0,0,0,0,0,0,0,0,0,0,0,0,0,0,0,0,0,0,0,0,0,0,0,0,0,0,0,0,0,0,0,0,0,0,0,0,0,0,0,0,0,0,0,0,0,0,0,0,0,0,0,0,0,0,0,0,0,0,0,0,0,0,0,0,0,0,0,0,0,0,0,0,0,0,0,0,0,0,0,0,0,0,0,0,0
0,0,0,0,0,0,0,0,0,0,0,0,0,0,0,0,0,0,0,0,0,0,0,0,0,0,0,0,0,0,0,0,0,0,0,0,0,0,0,0,0,0,0,0,0,0,0,0,0,0,0,0,0,0,0,0,0,0,0,0,0,0,0,0,0,0,0,0,0,0,0,0,0,0,0,0,0,0,0,0,0,0,0,0,0,0,0,0,0,0,0,0,0,0,0,0,0,0,0,0,0,0,0,0,0,0,0,0,0,0,0,0,0,0,0,0,0,0,0,0,0,0,0,0,0,0,0,0,0,0,0,0,0,0,0,0,0,0,0,0,0,0,0,0,0,0,0,0,0,0,0,0,0,0,0,0,0,0,0,0,0,0,0,0,0,0,0,0,0,0,0,0,0,0,0,0,0,0,0,0,0,0,0,0,0,0,0,0,0,0,0,0,0,0,0,0,0,0,0,0
0,0,0,0,0,0,0,0,0,0,0,0,0,0,0,0,0,0,0,0,0,0,0,0,0,0,0,0,0,0,0,0,0,0,0,0,0,0,0,0,0,0,0,0,0,0,0,0,0,0,0,0,0,0,0,0,0,0,0,0,0,0,0,0,0,0,0,0,0,0,0,0,0,0,0,0,0,0,0,0,0,0,0,0,0,0,0,0,0,0,0,0,0,0,0,0,0,0,0,0,0,0,0,0,0,0,0,0,0,0,0,0,0,0,0,0,0,0,0,0,0,0,0,0,0,0,0,0,0,0,0,0,0,0,0,0,0,0,0,0,0,0,0,0,0,0,0,0,0,0,0,0,0,0,0,0,0,0,0,0,0,0,0,0,0,0,0,0,0,0,0,0,0,0,0,0,0,0,0,0,0,0,0,0,0,0,0,0,0,0,0,0,0,0,0,0,0,0,0,0
0,0,0,0,0,0,0,0,0,0,0,0,0,0,0,0,0,0,0,0,0,0,0,0,0,0,0,0,0,0,0,0,0,0,0,0,0,0,0,0,0,0,0,0,0,0,0,0,0,0,0,0,0,0,0,0,0,0,0,0,0,0,0,0,0,0,0,0,0,0,0,0,0,0,0,0,0,0,0,0,0,0,0,0,0,0,0,0,0,0,0,0,0,0,0,0,0,0,0,0,0,0,0,0,0,0,0,0,0,0,0,0,0,0,0,0,0,0,0,0,0,0,0,0,0,0,0,0,0,0,0,0,0,0,0,0,0,0,0,0,0,0,0,0,0,0,0,0,0,0,0,0,0,0,0,0,0,0,0,0,0,0,0,0,0,0,0,0,0,0,0,0,0,0,0,0,0,0,0,0,0,0,0,0,0,0,0,0,0,0,0,0,0,0,0,0,0,0,0,0
0,0,0,0,0,0,0,0,0,0,0,0,0,0,0,0,0,0,0,0,0,0,0,0,0,0,0,0,0,0,0,0,0,0,0,0,0,0,0,0,0,0,0,0,0,0,0,0,0,0,0,0,0,0,0,0,0,0,0,0,0,0,0,0,0,0,0,0,0,0,0,0,0,0,0,0,0,0,0,0,0,0,0,0,0,0,0,0,0,0,0,0,0,0,0,0,0,0,0,0,0,0,0,0,0,0,0,0,0,0,0,0,0,0,0,0,0,0,0,0,0,0,0,0,0,0,0,0,0,0,0,0,0,0,0,0,0,0,0,0,0,0,0,0,0,0,0,0,0,0,0,0,0,0,0,0,0,0,0,0,0,0,0,0,0,0,0,0,0,0,0,0,0,0,0,0,0,0,0,0,0,0,0,0,0,0,0,0,0,0,0,0,0,0,0,0,0,0,0,0
0,0,0,0,0,0,0,0,0,0,0,0,0,0,0,0,0,0,0,0,0,0,0,0,0,0,0,0,0,0,0,0,0,0,0,0,0,0,0,0,0,0,0,0,0,0,0,0,0,0,0,0,0,0,0,0,0,0,0,0,0,0,0,0,0,0,0,0,0,0,0,0,0,0,0,0,0,0,0,0,0,0,0,0,0,0,0,0,0,0,0,0,0,0,0,0,0,0,0,0,0,0,0,0,0,0,0,0,0,0,0,0,0,0,0,0,0,0,0,0,0,0,0,0,0,0,0,0,0,0,0,0,0,0,0,0,0,0,0,0,0,0,0,0,0,0,0,0,0,0,0,0,0,0,0,0,0,0,0,0,0,0,0,0,0,0,0,0,0,0,0,0,0,0,0,0,0,0,0,0,0,0,0,0,0,0,0,0,0,0,0,0,0,0,0,0,0,0,0,0
0,0,0,0,0,0,0,0,0,0,0,0,0,0,0,0,0,0,0,0,0,0,0,0,0,0,0,0,0,0,0,0,0,0,0,0,0,0,0,0,0,0,0,0,0,0,0,0,0,0,0,0,0,0,0,0,0,0,0,0,0,0,0,0,0,0,0,0,0,0,0,0,0,0,0,0,0,0,0,0,0,0,0,0,0,0,0,0,0,0,0,0,0,0,0,0,0,0,0,0,0,0,0,0,0,0,0,0,0,0,0,0,0,0,0,0,0,0,0,0,0,0,0,0,0,0,0,0,0,0,0,0,0,0,0,0,0,0,0,0,0,0,0,0,0,0,0,0,0,0,0,0,0,0,0,0,0,0,0,0,0,0,0,0,0,0,0,0,0,0,0,0,0,0,0,0,0,0,0,0,0,0,0,0,0,0,0,0,0,0,0,0,0,0,0,0,0,0,0,0
0,0,0,0,0,0,0,0,0,0,0,0,0,0,0,0,0,0,0,0,0,0,0,0,0,0,0,0,0,0,0,0,0,0,0,0,0,0,0,0,0,0,0,0,0,0,0,0,0,0,0,0,0,0,0,0,0,0,0,0,0,0,0,0,0,0,0,0,0,0,0,0,0,0,0,0,0,0,0,0,0,0,0,0,0,0,0,0,0,0,0,0,0,0,0,0,0,0,0,0,0,0,0,0,0,0,0,0,0,0,0,0,0,0,0,0,0,0,0,0,0,0,0,0,0,0,0,0,0,0,0,0,0,0,0,0,0,0,0,0,0,0,0,0,0,0,0,0,0,0,0,0,0,0,0,0,0,0,0,0,0,0,0,0,0,0,0,0,0,0,0,0,0,0,0,0,0,0,0,0,0,0,0,0,0,0,0,0,0,0,0,0,0,0,0,0,0,0,0,0
0,0,0,0,0,0,0,0,0,0,0,0,0,0,0,0,0,0,0,0,0,0,0,0,0,0,0,0,0,0,0,0,0,0,0,0,0,0,0,0,0,0,0,0,0,0,0,0,0,0,0,0,0,0,0,0,0,0,0,0,0,0,0,0,0,0,0,0,0,0,0,0,0,0,0,0,0,0,0,0,0,0,0,0,0,0,0,0,0,0,0,0,0,0,0,0,0,0,0,0,0,0,0,0,0,0,0,0,0,0,0,0,0,0,0,0,0,0,0,0,0,0,0,0,0,0,0,0,0,0,0,0,0,0,0,0,0,0,0,0,0,0,0,0,0,0,0,0,0,0,0,0,0,0,0,0,0,0,0,0,0,0,0,0,0,0,0,0,0,0,0,0,0,0,0,0,0,0,0,0,0,0,0,0,0,0,0,0,0,0,0,0,0,0,0,0,0,0,0,0
0,0,0,0,0,0,0,0,0,0,0,0,0,0,0,0,0,0,0,0,0,0,0,0,0,0,0,0,0,0,0,0,0,0,0,0,0,0,0,0,0,0,0,0,0,0,0,0,0,0,0,0,0,0,0,0,0,0,0,0,0,0,0,0,0,0,0,0,0,0,0,0,0,0,0,0,0,0,0,0,0,0,0,0,0,0,0,0,0,0,0,0,0,0,0,0,0,0,0,0,0,0,0,0,0,0,0,0,0,0,0,0,0,0,0,0,0,0,0,0,0,0,0,0,0,0,0,0,0,0,0,0,0,0,0,0,0,0,0,0,0,0,0,0,0,0,0,0,0,0,0,0,0,0,0,0,0,0,0,0,0,0,0,0,0,0,0,0,0,0,0,0,0,0,0,0,0,0,0,0,0,0,0,0,0,0,0,0,0,0,0,0,0,0,0,0,0,0,0,0
0,0,0,0,0,0,0,0,0,0,0,0,0,0,0,0,0,0,0,0,0,0,0,0,0,0,0,0,0,0,0,0,0,0,0,0,0,0,0,0,0,0,0,0,0,0,0,0,0,0,0,0,0,0,0,0,0,0,0,0,0,0,0,0,0,0,0,0,0,0,0,0,0,0,0,0,0,0,0,0,0,0,0,0,0,0,0,0,0,0,0,0,0,0,0,0,0,0,0,0,0,0,0,0,0,0,0,0,0,0,0,0,0,0,0,0,0,0,0,0,0,0,0,0,0,0,0,0,0,0,0,0,0,0,0,0,0,0,0,0,0,0,0,0,0,0,0,0,0,0,0,0,0,0,0,0,0,0,0,0,0,0,0,0,0,0,0,0,0,0,0,0,0,0,0,0,0,0,0,0,0,0,0,0,0,0,0,0,0,0,0,0,0,0,0,0,0,0,0,0
0,0,0,0,0,0,0,0,0,0,0,0,0,0,0,0,0,0,0,0,0,0,0,0,0,0,0,0,0,0,0,0,0,0,0,0,0,0,0,0,0,0,0,0,0,0,0,0,0,0,0,0,0,0,0,0,0,0,0,0,0,0,0,0,0,0,0,0,0,0,0,0,0,0,0,0,0,0,0,0,0,0,0,0,0,0,0,0,0,0,0,0,0,0,0,0,0,0,0,0,0,0,0,0,0,0,0,0,0,0,0,0,0,0,0,0,0,0,0,0,0,0,0,0,0,0,0,0,0,0,0,0,0,0,0,0,0,0,0,0,0,0,0,0,0,0,0,0,0,0,0,0,0,0,0,0,0,0,0,0,0,0,0,0,0,0,0,0,0,0,0,0,0,0,0,0,0,0,0,0,0,0,0,0,0,0,0,0,0,0,0,0,0,0,0,0,0,0,0,0
0,0,0,0,0,0,0,0,0,0,0,0,0,0,0,0,0,0,0,0,0,0,0,0,0,0,0,0,0,0,0,0,0,0,0,0,0,0,0,0,0,0,0,0,0,0,0,0,0,0,0,0,0,0,0,0,0,0,0,0,0,0,0,0,0,0,0,0,0,0,0,0,0,0,0,0,0,0,0,0,0,0,0,0,0,0,0,0,0,0,0,0,0,0,0,0,0,0,0,0,0,0,0,0,0,0,0,0,0,0,0,0,0,0,0,0,0,0,0,0,0,0,0,0,0,0,0,0,0,0,0,0,0,0,0,0,0,0,0,0,0,0,0,0,0,0,0,0,0,0,0,0,0,0,0,0,0,0,0,0,0,0,0,0,0,0,0,0,0,0,0,0,0,0,0,0,0,0,0,0,0,0,0,0,0,0,0,0,0,0,0,0,0,0,0,0,0,0,0,0
0,0,0,0,0,0,0,0,0,0,0,0,0,0,0,0,0,0,0,0,0,0,0,0,0,0,0,0,0,0,0,0,0,0,0,0,0,0,0,0,0,0,0,0,0,0,0,0,0,0,0,0,0,0,0,0,0,0,0,0,0,0,0,0,0,0,0,0,0,0,0,0,0,0,0,0,0,0,0,0,0,0,0,0,0,0,0,0,0,0,0,0,0,0,0,0,0,0,0,0,0,0,0,0,0,0,0,0,0,0,0,0,0,0,0,0,0,0,0,0,0,0,0,0,0,0,0,0,0,0,0,0,0,0,0,0,0,0,0,0,0,0,0,0,0,0,0,0,0,0,0,0,0,0,0,0,0,0,0,0,0,0,0,0,0,0,0,0,0,0,0,0,0,0,0,0,0,0,0,0,0,0,0,0,0,0,0,0,0,0,0,0,0,0,0,0,0,0,0,0
0,0,0,0,0,0,0,0,0,0,0,0,0,0,0,0,0,0,0,0,0,0,0,0,0,0,0,0,0,0,0,0,0,0,0,0,0,0,0,0,0,0,0,0,0,0,0,0,0,0,0,0,0,0,0,0,0,0,0,0,0,0,0,0,0,0,0,0,0,0,0,0,0,0,0,0,0,0,0,0,0,0,0,0,0,0,0,0,0,0,0,0,0,0,0,0,0,0,0,0,0,0,0,0,0,0,0,0,0,0,0,0,0,0,0,0,0,0,0,0,0,0,0,0,0,0,0,0,0,0,0,0,0,0,0,0,0,0,0,0,0,0,0,0,0,0,0,0,0,0,0,0,0,0,0,0,0,0,0,0,0,0,0,0,0,0,0,0,0,0,0,0,0,0,0,0,0,0,0,0,0,0,0,0,0,0,0,0,0,0,0,0,0,0,0,0,0,0,0,0
0,0,0,0,0,0,0,0,0,0,0,0,0,0,0,0,0,0,0,0,0,0,0,0,0,0,0,0,0,0,0,0,0,0,0,0,0,0,0,0,0,0,0,0,0,0,0,0,0,0,0,0,0,0,0,0,0,0,0,0,0,0,0,0,0,0,0,0,0,0,0,0,0,0,0,0,0,0,0,0,0,0,0,0,0,0,0,0,0,0,0,0,0,0,0,0,0,0,0,0,0,0,0,0,0,0,0,0,0,0,0,0,0,0,0,0,0,0,0,0,0,0,0,0,0,0,0,0,0,0,0,0,0,0,0,0,0,0,0,0,0,0,0,0,0,0,0,0,0,0,0,0,0,0,0,0,0,0,0,0,0,0,0,0,0,0,0,0,0,0,0,0,0,0,0,0,0,0,0,0,0,0,0,0,0,0,0,0,0,0,0,0,0,0,0,0,0,0,0,0
0,0,0,0,0,0,0,0,0,0,0,0,0,0,0,0,0,0,0,0,0,0,0,0,0,0,0,0,0,0,0,0,0,0,0,0,0,0,0,0,0,0,0,0,0,0,0,0,0,0,0,0,0,0,0,0,0,0,0,0,0,0,0,0,0,0,0,0,0,0,0,0,0,0,0,0,0,0,0,0,0,0,0,0,0,0,0,0,0,0,0,0,0,0,0,0,0,0,0,0,0,0,0,0,0,0,0,0,0,0,0,0,0,0,0,0,0,0,0,0,0,0,0,0,0,0,0,0,0,0,0,0,0,0,0,0,0,0,0,0,0,0,0,0,0,0,0,0,0,0,0,0,0,0,0,0,0,0,0,0,0,0,0,0,0,0,0,0,0,0,0,0,0,0,0,0,0,0,0,0,0,0,0,0,0,0,0,0,0,0,0,0,0,0,0,0,0,0,0,0
0,0,0,0,0,0,0,0,0,0,0,0,0,0,0,0,0,0,0,0,0,0,0,0,0,0,0,0,0,0,0,0,0,0,0,0,0,0,0,0,0,0,0,0,0,0,0,0,0,0,0,0,0,0,0,0,0,0,0,0,0,0,0,0,0,0,0,0,0,0,0,0,0,0,0,0,0,0,0,0,0,0,0,0,0,0,0,0,0,0,0,0,0,0,0,0,0,0,0,0,0,0,0,0,0,0,0,0,0,0,0,0,0,0,0,0,0,0,0,0,0,0,0,0,0,0,0,0,0,0,0,0,0,0,0,0,0,0,0,0,0,0,0,0,0,0,0,0,0,0,0,0,0,0,0,0,0,0,0,0,0,0,0,0,0,0,0,0,0,0,0,0,0,0,0,0,0,0,0,0,0,0,0,0,0,0,0,0,0,0,0,0,0,0,0,0,0,0,0,0
0,0,0,0,0,0,0,0,0,0,0,0,0,0,0,0,0,0,0,0,0,0,0,0,0,0,0,0,0,0,0,0,0,0,0,0,0,0,0,0,0,0,0,0,0,0,0,0,0,0,0,0,0,0,0,0,0,0,0,0,0,0,0,0,0,0,0,0,0,0,0,0,0,0,0,0,0,0,0,0,0,0,0,0,0,0,0,0,0,0,0,0,0,0,0,0,0,0,0,0,0,0,0,0,0,0,0,0,0,0,0,0,0,0,0,0,0,0,0,0,0,0,0,0,0,0,0,0,0,0,0,0,0,0,0,0,0,0,0,0,0,0,0,0,0,0,0,0,0,0,0,0,0,0,0,0,0,0,0,0,0,0,0,0,0,0,0,0,0,0,0,0,0,0,0,0,0,0,0,0,0,0,0,0,0,0,0,0,0,0,0,0,0,0,0,0,0,0,0,0
0,0,0,0,0,0,0,0,0,0,0,0,0,0,0,0,0,0,0,0,0,0,0,0,0,0,0,0,0,0,0,0,0,0,0,0,0,0,0,0,0,0,0,0,0,0,0,0,0,0,0,0,0,0,0,0,0,0,0,0,0,0,0,0,0,0,0,0,0,0,0,0,0,0,0,0,0,0,0,0,0,0,0,0,0,0,0,0,0,0,0,0,0,0,0,0,0,0,0,0,0,0,0,0,0,0,0,0,0,0,0,0,0,0,0,0,0,0,0,0,0,0,0,0,0,0,0,0,0,0,0,0,0,0,0,0,0,0,0,0,0,0,0,0,0,0,0,0,0,0,0,0,0,0,0,0,0,0,0,0,0,0,0,0,0,0,0,0,0,0,0,0,0,0,0,0,0,0,0,0,0,0,0,0,0,0,0,0,0,0,0,0,0,0,0,0,0,0,0,0
0,0,0,0,0,0,0,0,0,0,0,0,0,0,0,0,0,0,0,0,0,0,0,0,0,0,0,0,0,0,0,0,0,0,0,0,0,0,0,0,0,0,0,0,0,0,0,0,0,0,0,0,0,0,0,0,0,0,0,0,0,0,0,0,0,0,0,0,0,0,0,0,0,0,0,0,0,0,0,0,0,0,0,0,0,0,0,0,0,0,0,0,0,0,0,0,0,0,0,0,0,0,0,0,0,0,0,0,0,0,0,0,0,0,0,0,0,0,0,0,0,0,0,0,0,0,0,0,0,0,0,0,0,0,0,0,0,0,0,0,0,0,0,0,0,0,0,0,0,0,0,0,0,0,0,0,0,0,0,0,0,0,0,0,0,0,0,0,0,0,0,0,0,0,0,0,0,0,0,0,0,0,0,0,0,0,0,0,0,0,0,0,0,0,0,0,0,0,0,0
0,0,0,0,0,0,0,0,0,0,0,0,0,0,0,0,0,0,0,0,0,0,0,0,0,0,0,0,0,0,0,0,0,0,0,0,0,0,0,0,0,0,0,0,0,0,0,0,0,0,0,0,0,0,0,0,0,0,0,0,0,0,0,0,0,0,0,0,0,0,0,0,0,0,0,0,0,0,0,0,0,0,0,0,0,0,0,0,0,0,0,0,0,0,0,0,0,0,0,0,0,0,0,0,0,0,0,0,0,0,0,0,0,0,0,0,0,0,0,0,0,0,0,0,0,0,0,0,0,0,0,0,0,0,0,0,0,0,0,0,0,0,0,0,0,0,0,0,0,0,0,0,0,0,0,0,0,0,0,0,0,0,0,0,0,0,0,0,0,0,0,0,0,0,0,0,0,0,0,0,0,0,0,0,0,0,0,0,0,0,0,0,0,0,0,0,0,0,0,0
0,0,0,0,0,0,0,0,0,0,0,0,0,0,0,0,0,0,0,0,0,0,0,0,0,0,0,0,0,0,0,0,0,0,0,0,0,0,0,0,0,0,0,0,0,0,0,0,0,0,0,0,0,0,0,0,0,0,0,0,0,0,0,0,0,0,0,0,0,0,0,0,0,0,0,0,0,0,0,0,0,0,0,0,0,0,0,0,0,0,0,0,0,0,0,0,0,0,0,0,0,0,0,0,0,0,0,0,0,0,0,0,0,0,0,0,0,0,0,0,0,0,0,0,0,0,0,0,0,0,0,0,0,0,0,0,0,0,0,0,0,0,0,0,0,0,0,0,0,0,0,0,0,0,0,0,0,0,0,0,0,0,0,0,0,0,0,0,0,0,0,0,0,0,0,0,0,0,0,0,0,0,0,0,0,0,0,0,0,0,0,0,0,0,0,0,0,0,0,0
0,0,0,0,0,0,0,0,0,0,0,0,0,0,0,0,0,0,0,0,0,0,0,0,0,0,0,0,0,0,0,0,0,0,0,0,0,0,0,0,0,0,0,0,0,0,0,0,0,0,0,0,0,0,0,0,0,0,0,0,0,0,0,0,0,0,0,0,0,0,0,0,0,0,0,0,0,0,0,0,0,0,0,0,0,0,0,0,0,0,0,0,0,0,0,0,0,0,0,0,0,0,0,0,0,0,0,0,0,0,0,0,0,0,0,0,0,0,0,0,0,0,0,0,0,0,0,0,0,0,0,0,0,0,0,0,0,0,0,0,0,0,0,0,0,0,0,0,0,0,0,0,0,0,0,0,0,0,0,0,0,0,0,0,0,0,0,0,0,0,0,0,0,0,0,0,0,0,0,0,0,0,0,0,0,0,0,0,0,0,0,0,0,0,0,0,0,0,0,0
0,0,0,0,0,0,0,0,0,0,0,0,0,0,0,0,0,0,0,0,0,0,0,0,0,0,0,0,0,0,0,0,0,0,0,0,0,0,0,0,0,0,0,0,0,0,0,0,0,0,0,0,0,0,0,0,0,0,0,0,0,0,0,0,0,0,0,0,0,0,0,0,0,0,0,0,0,0,0,0,0,0,0,0,0,0,0,0,0,0,0,0,0,0,0,0,0,0,0,0,0,0,0,0,0,0,0,0,0,0,0,0,0,0,0,0,0,0,0,0,0,0,0,0,0,0,0,0,0,0,0,0,0,0,0,0,0,0,0,0,0,0,0,0,0,0,0,0,0,0,0,0,0,0,0,0,0,0,0,0,0,0,0,0,0,0,0,0,0,0,0,0,0,0,0,0,0,0,0,0,0,0,0,0,0,0,0,0,0,0,0,0,0,0,0,0,0,0,0,0
