0,0,0,0,0,0,0,0,0,0,0,0,0,0,0,0,0,0,0,0,0,0,0,0,0,0,0,0,0,0,0,0,0,0,0,0,0,0,0,0,0,0,0,0,0,0,0,0,0,0,0,0,0,0,0,0,0,0,0,0,0,0,0,0,0,0,0,0,0,0,0,0,0,0,0,0,0,0,0,0,0,0,0,0,0,0,0,0,0,0,0,0,0,0,0,0,0,0,0,0,0,0,0,0,0,0,0,0,0,0,0,0,0,0,0,0,0,0,0,0,0,0,0,0,0,0,0,0,0,0,0,0,0,0,0,0,0,0,0,0,0,0,0,0,0,0,0,0,0,0,0,0,0,0,0,0,0,0,0,0,0,0,0,0,0,0,0,0,0,0,0,0,0,0,0,0,0,0,0,0,0,0,0,0,0,0,0,0,0,0,0,0,0,0,0,0,0,0,0,0
0,0,0,0,0,0,0,0,0,0,0,0,0,0,0,0,0,0,0,0,0,0,0,0,0,0,0,0,0,0,0,0,0,0,0,0,0,0,0,0,0,0,0,0,0,0,0,0,0,0,0,0,0,0,0,0,0,0,0,0,0,0,0,0,0,0,0,0,0,0,0,0,0,0,0,0,0,0,0,0,0,0,0,0,0,0,0,0,0,0,0,0,0,0,0,0,0,0,0,0,0,0,0,0,0,0,0,0,0,0,0,0,0,0,0,0,0,0,0,0,0,0,0,0,0,0,0,0,0,0,0,0,0,0,0,0,0,0,0,0,0,0,0,0,0,0,0,0,0,0,0,0,0,0,0,0,0,0,0,0,0,0,0,0,0,0,0,0,0,0,0,0,0,0,0,0,0,0,0,0,0,0,0,0,0,0,0,0,0,0,0,0,0,0,0,0,0,0,0,0
0,0,0,0,0,0,0,0,0,0,0,0,0,0,0,0,0,0,0,0,0,0,0,0,0,0,0,0,0,0,0,0,0,0,0,0,0,0,0,0,0,0,0,0,0,0,0,0,0,0,0,0,0,0,0,0,0,0,0,0,0,0,0,0,0,0,0,0,0,0,0,0,0,0,0,0,0,0,0,0,0,0,0,0,0,0,0,0,0,0,0,0,0,0,0,0,0,0,0,0,0,0,0,0,0,0,0,0,0,0,0,0,0,0,0,0,0,0,0,0,0,0,0,0,0,0,0,0,0,0,0,0,0,0,0,0,0,0,0,0,0,0,0,0,0,0,0,0,0,0,0,0,0,0,0,0,0,0,0,0,0,0,0,0,0,0,0,0,0,0,0,0,0,0,0,0,0,0,0,0,0,0,0,0,0,0,0,0,0,0,0,0,0,0,0,0,0,0,0,0
0,0,0,0,0,0,0,0,0,0,0,0,0,0,0,0,0,0,0,0,0,0,0,0,0,0,0,0,0,0,0,0,0,0,0,0,0,0,0,0,0,0,0,0,0,0,0,0,0,0,0,0,0,0,0,0,0,0,0,0,0,0,0,0,0,0,0,0,0,0,0,0,0,0,0,0,0,0,0,0,0,0,0,0,0,0,0,0,0,0,0,0,0,0,0,0,0,0,0,0,0,0,0,0,0,0,0,0,0,0,0,0,0,0,0,0,0,0,0,0,0,0,0,0,0,0,0,0,0,0,0,0,0,0,0,0,0,0,0,0,0,0,0,0,0,0,0,0,0,0,0,0,0,0,0,0,0,0,0,0,0,0,0,0,0,0,0,0,0,0,0,0,0,0,0,0,0,0,0,0,0,0,0,0,0,0,0,0,0,0,0,0,0,0,0,0,0,0,0,0
0,0,0,0,0,0,0,0,0,0,0,0,0,0,0,0,0,0,0,0,0,0,0,0,0,0,0,0,0,0,0,0,0,0,0,0,0,0,0,0,0,0,0,0,0,0,0,0,0,0,0,0,0,0,0,0,0,0,0,0,0,0,0,0,0,0,0,0,0,0,0,0,0,0,0,0,0,0,0,0,0,0,0,0,0,0,0,0,0,0,0,0,0,0,0,0,0,0,0,0,0,0,0,0,0,0,0,0,0,0,0,0,0,0,0,0,0,0,0,0,0,0,0,0,0,0,0,0,0,0,0,0,0,0,0,0,0,0,0,0,0,0,0,0,0,0,0,0,0,0,0,0,0,0,0,0,0,0,0,0,0,0,0,0,0,0,0,0,0,0,0,0,0,0,0,0,0,0,0,0,0,0,0,0,0,0,0,0,0,0,0,0,0,0,0,0,0,0,0,0
0,0,0,0,0,0,0,0,0,0,0,0,0,0,0,0,0,0,0,0,0,0,0,0,0,0,0,0,0,0,0,0,0,0,0,0,0,0,0,0,0,0,0,0,0,0,0,0,0,0,0,0,0,0,0,0,0,0,0,0,0,0,0,0,0,0,0,0,0,0,0,0,0,0,0,0,0,0,0,0,0,0,0,0,0,0,0,0,0,0,0,0,0,0,0,0,0,0,0,0,0,0,0,0,0,0,0,0,0,0,0,0,0,0,0,0,0,0,0,0,0,0,0,0,0,0,0,0,0,0,0,0,0,0,0,0,0,0,0,0,0,0,0,0,0,0,0,0,0,0,0,0,0,0,0,0,0,0,0,0,0,0,0,0,0,0,0,0,0,0,0,0,0,0,0,0,0,0,0,0,0,0,0,0,0,0,0,0,0,0,0,0,0,0,0,0,0,0,0,0
0,0,0,0,0,0,0,0,0,0,0,0,0,0,0,0,0,0,0,0,0,0,0,0,0,0,0,0,0,0,0,0,0,0,0,0,0,0,0,0,0,0,0,0,0,0,0,0,0,0,0,0,0,0,0,0,0,0,0,0,0,0,0,0,0,0,0,0,0,0,0,0,0,0,0,0,0,0,0,0,0,0,0,0,0,0,0,0,0,0,0,0,0,0,0,0,0,0,0,0,0,0,0,0,0,0,0,0,0,0,0,0,0,0,0,0,0,0,0,0,0,0,0,0,0,0,0,0,0,0,0,0,0,0,0,0,0,0,0,0,0,0,0,0,0,0,0,0,0,0,0,0,0,0,0,0,0,0,0,0,0,0,0,0,0,0,0,0,0,0,0,0,0,0,0,0,0,0,0,0,0,0,0,0,0,0,0,0,0,0,0,0,0,0,0,0,0,0,0,0
0,0,0,0,0,0,0,0,0,0,0,0,0,0,0,0,0,0,0,0,0,0,0,0,0,0,0,0,0,0,0,0,0,0,0,0,0,0,0,0,0,0,0,0,0,0,0,0,0,0,0,0,0,0,0,0,0,0,0,0,0,0,0,0,0,0,0,0,0,0,0,0,0,0,0,0,0,0,0,0,0,0,0,0,0,0,0,0,0,0,0,0,0,0,0,0,0,0,0,0,0,0,0,0,0,0,0,0,0,0,0,0,0,0,0,0,0,0,0,0,0,0,0,0,0,0,0,0,0,0,0,0,0,0,0,0,0,0,0,0,0,0,0,0,0,0,0,0,0,0,0,0,0,0,0,0,0,0,0,0,0,0,0,0,0,0,0,0,0,0,0,0,0,0,0,0,0,0,0,0,0,0,0,0,0,0,0,0,0,0,0,0,0,0,0,0,0,0,0,0
0,0,0,0,0,0,0,0,0,0,0,0,0,0,0,0,0,0,0,0,0,0,0,0,0,0,0,0,0,0,0,0,0,0,0,0,0,0,0,0,0,0,0,0,0,0,0,0,0,0,0,0,0,0,0,0,0,0,0,0,0,0,0,0,0,0,0,0,0,0,0,0,0,0,0,0,0,0,0,0,0,0,0,0,0,0,0,0,0,0,0,0,0,0,0,0,0,0,0,0,0,0,0,0,0,0,0,0,0,0,0,0,0,0,0,0,0,0,0,0,0,0,0,0,0,0,0,0,0,0,0,0,0,0,0,0,0,0,0,0,0,0,0,0,0,0,0,0,0,0,0,0,0,0,0,0,0,0,0,0,0,0,0,0,0,0,0,0,0,0,0,0,0,0,0,0,0,0,0,0,0,0,0,0,0,0,0,0,0,0,0,0,0,0,0,0,0,0,0,0
0,0,0,0,0,0,0,0,0,0,0,0,0,0,0,0,0,0,0,0,0,0,0,0,0,0,0,0,0,0,0,0,0,0,0,0,0,0,0,0,0,0,0,0,0,0,0,0,0,0,0,0,0,0,0,0,0,0,0,0,0,0,0,0,0,0,0,0,0,0,0,0,0,0,0,0,0,0,0,0,0,0,0,0,0,0,0,0,0,0,0,0,0,0,0,0,0,0,0,0,0,0,0,0,0,0,0,0,0,0,0,0,0,0,0,0,0,0,0,0,0,0,0,0,0,0,0,0,0,0,0,0,0,0,0,0,0,0,0,0,0,0,0,0,0,0,0,0,0,0,0,0,0,0,0,0,0,0,0,0,0,0,0,0,0,0,0,0,0,0,0,0,0,0,0,0,0,0,0,0,0,0,0,0,0,0,0,0,0,0,0,0,0,0,0,0,0,0,0,0
0,0,0,0,0,0,0,0,0,0,0,0,0,0,0,0,0,0,0,0,0,0,0,0,0,0,0,0,0,0,0,0,0,0,0,0,0,0,0,0,0,0,0,0,0,0,0,0,0,0,0,0,0,0,0,0,0,0,0,0,0,0,0,0,0,0,0,0,0,0,0,0,0,0,0,0,0,0,0,0,0,0,0,0,0,0,0,0,0,0,0,0,0,0,0,0,0,0,0,0,0,0,0,0,0,0,0,0,0,0,0,0,0,0,0,0,0,0,0,0,0,0,0,0,0,0,0,0,0,0,0,0,0,0,0,0,0,0,0,0,0,0,0,0,0,0,0,0,0,0,0,0,0,0,0,0,0,0,0,0,0,0,0,0,0,0,0,0,0,0,0,0,0,0,0,0,0,0,0,0,0,0,0,0,0,0,0,0,0,0,0,0,0,0,0,0,0,0,0,0
0,0,0,0,0,0,0,0,0,0,0,0,0,0,0,0,0,0,0,0,0,0,0,0,0,0,0,0,0,0,0,0,0,0,0,0,0,0,0,0,0,0,0,0,0,0,0,0,0,0,0,0,0,0,0,0,0,0,0,0,0,0,0,0,0,0,0,0,0,0,0,0,0,0,0,0,0,0,0,0,0,0,0,0,0,0,0,0,0,0,0,0,0,0,0,0,0,0,0,0,0,0,0,0,0,0,0,0,0,0,0,0,0,0,0,0,0,0,0,0,0,0,0,0,0,0,0,0,0,0,0,0,0,0,0,0,0,0,0,0,0,0,0,0,0,0,0,0,0,0,0,0,0,0,0,0,0,0,0,0,0,0,0,0,0,0,0,0,0,0,0,0,0,0,0,0,0,0,0,0,0,0,0,0,0,0,0,0,0,0,0,0,0,0,0,0,0,0,0,0
0,0,0,0,0,0,0,0,0,0,0,0,0,0,0,0,0,0,0,0,0,0,0,0,0,0,0,0,0,0,0,0,0,0,0,0,0,0,0,0,0,0,0,0,0,0,0,0,0,0,0,0,0,0,0,0,0,0,0,0,0,0,0,0,0,0,0,0,0,0,0,0,0,0,0,0,0,0,0,0,0,0,0,0,0,0,0,0,0,0,0,0,0,0,0,0,0,0,0,0,0,0,0,0,0,0,0,0,0,0,0,0,0,0,0,0,0,0,0,0,0,0,0,0,0,0,0,0,0,0,0,0,0,0,0,0,0,0,0,0,0,0,0,0,0,0,0,0,0,0,0,0,0,0,0,0,0,0,0,0,0,0,0,0,0,0,0,0,0,0,0,0,0,0,0,0,0,0,0,0,0,0,0,0,0,0,0,0,0,0,0,0,0,0,0,0,0,0,0,0
0,0,0,0,0,0,0,0,0,0,0,0,0,0,0,0,0,0,0,0,0,0,0,0,0,0,0,0,0,0,0,0,0,0,0,0,0,0,0,0,0,0,0,0,0,0,0,0,0,0,0,0,0,0,0,0,0,0,0,0,0,0,0,0,0,0,0,0,0,0,0,0,0,0,0,0,0,0,0,0,0,0,0,0,0,0,0,0,0,0,0,0,0,0,0,0,0,0,0,0,0,0,0,0,0,0,0,0,0,0,0,0,0,0,0,0,0,0,0,0,0,0,0,0,0,0,0,0,0,0,0,0,0,0,0,0,0,0,0,0,0,0,0,0,0,0,0,0,0,0,0,0,0,0,0,0,0,0,0,0,0,0,0,0,0,0,0,0,0,0,0,0,0,0,0,0,0,0,0,0,0,0,0,0,0,0,0,0,0,0,0,0,0,0,0,0,0,0,0,0
0,0,0,0,0,0,0,0,0,0,0,0,0,0,0,0,0,0,0,0,0,0,0,0,0,0,0,0,0,0,0,0,0,0,0,0,0,0,0,0,0,0,0,0,0,0,0,0,0,0,0,0,0,0,0,0,0,0,0,0,0,0,0,0,0,0,0,0,0,0,0,0,0,0,0,0,0,0,0,0,0,0,0,0,0,0,0,0,0,0,0,0,0,0,0,0,0,0,0,0,0,0,0,0,0,0,0,0,0,0,0,0,0,0,0,0,0,0,0,0,0,0,0,0,0,0,0,0,0,0,0,0,0,0,0,0,0,0,0,0,0,0,0,0,0,0,0,0,0,0,0,0,0,0,0,0,0,0,0,0,0,0,0,0,0,0,0,0,0,0,0,0,0,0,0,0,0,0,0,0,0,0,0,0,0,0,0,0,0,0,0,0,0,0,0,0,0,0,0,0
0,0,0,0,0,0,0,0,0,0,0,0,0,0,0,0,0,0,0,0,0,0,0,0,0,0,0,0,0,0,0,0,0,0,0,0,0,0,0,0,0,0,0,0,0,0,0,0,0,0,0,0,0,0,0,0,0,0,0,0,0,0,0,0,0,0,0,0,0,0,0,0,0,0,0,0,0,0,0,0,0,0,0,0,0,0,0,0,0,0,0,0,0,0,0,0,0,0,0,0,0,0,0,0,0,0,0,0,0,0,0,0,0,0,0,0,0,0,0,0,0,0,0,0,0,0,0,0,0,0,0,0,0,0,0,0,0,0,0,0,0,0,0,0,0,0,0,0,0,0,0,0,0,0,0,0,0,0,0,0,0,0,0,0,0,0,0,0,0,0,0,0,0,0,0,0,0,0,0,0,0,0,0,0,0,0,0,0,0,0,0,0,0,0,0,0,0,0,0,0
0,0,0,0,0,0,0,0,0,0,0,0,0,0,0,0,0,0,0,0,0,0,0,0,0,0,0,0,0,0,0,0,0,0,0,0,0,0,0,0,0,0,0,0,0,0,0,0,0,0,0,0,0,0,0,0,0,0,0,0,0,0,0,0,0,0,0,0,0,0,0,0,0,0,0,0,0,0,0,0,0,0,0,0,0,0,0,0,0,0,0,0,0,0,0,0,0,0,0,0,0,0,0,0,0,0,0,0,0,0,0,0,0,0,0,0,0,0,0,0,0,0,0,0,0,0,0,0,0,0,0,0,0,0,0,0,0,0,0,0,0,0,0,0,0,0,0,0,0,0,0,0,0,0,0,0,0,0,0,0,0,0,0,0,0,0,0,0,0,0,0,0,0,0,0,0,0,0,0,0,0,0,0,0,0,0,0,0,0,0,0,0,0,0,0,0,0,0,0,0
0,0,0,0,0,0,0,0,0,0,0,0,0,0,0,0,0,0,0,0,0,0,0,0,0,0,0,0,0,0,0,0,0,0,0,0,0,0,0,0,0,0,0,0,0,0,0,0,0,0,0,0,0,0,0,0,0,0,0,0,0,0,0,0,0,0,0,0,0,0,0,0,0,0,0,0,0,0,0,0,0,0,0,0,0,0,0,0,0,0,0,0,0,0,0,0,0,0,0,0,0,0,0,0,0,0,0,0,0,0,0,0,0,0,0,0,0,0,0,0,0,0,0,0,0,0,0,0,0,0,0,0,0,0,0,0,0,0,0,0,0,0,0,0,0,0,0,0,0,0,0,0,0,0,0,0,0,0,0,0,0,0,0,0,0,0,0,0,0,0,0,0,0,0,0,0,0,0,0,0,0,0,0,0,0,0,0,0,0,0,0,0,0,0,0,0,0,0,0,0
0,0,0,0,0,0,0,0,0,0,0,0,0,0,0,0,0,0,0,0,0,0,0,0,0,0,0,0,0,0,0,0,0,0,0,0,0,0,0,0,0,0,0,0,0,0,0,0,0,0,0,0,0,0,0,0,0,0,0,0,0,0,0,0,0,0,0,0,0,0,0,0,0,0,0,0,0,0,0,0,0,0,0,0,0,0,0,0,0,0,0,0,0,0,0,0,0,0,0,0,0,0,0,0,0,0,0,0,0,0,0,0,0,0,0,0,0,0,0,0,0,0,0,0,0,0,0,0,0,0,0,0,0,0,0,0,0,0,0,0,0,0,0,0,0,0,0,0,0,0,0,0,0,0,0,0,0,0,0,0,0,0,0,0,0,0,0,0,0,0,0,0,0,0,0,0,0,0,0,0,0,0,0,0,0,0,0,0,0,0,0,0,0,0,0,0,0,0,0,0
0,0,0,0,0,0,0,0,0,0,0,0,0,0,0,0,0,0,0,0,0,0,0,0,0,0,0,0,0,0,0,0,0,0,0,0,0,0,0,0,0,0,0,0,0,0,0,0,0,0,0,0,0,0,0,0,0,0,0,0,0,0,0,0,0,0,0,0,0,0,0,0,0,0,0,0,0,0,0,0,0,0,0,0,0,0,0,0,0,0,0,0,0,0,0,0,0,0,0,0,0,0,0,0,0,0,0,0,0,0,0,0,0,0,0,0,0,0,0,0,0,0,0,0,0,0,0,0,0,0,0,0,0,0,0,0,0,0,0,0,0,0,0,0,0,0,0,0,0,0,0,0,0,0,0,0,0,0,0,0,0,0,0,0,0,0,0,0,0,0,0,0,0,0,0,0,0,0,0,0,0,0,0,0,0,0,0,0,0,0,0,0,0,0,0,0,0,0,0,0
0,0,0,0,0,0,0,0,0,0,0,0,0,0,0,0,0,0,0,0,0,0,0,0,0,0,0,0,0,0,0,0,0,0,0,0,0,0,0,0,0,0,0,0,0,0,0,0,0,0,0,0,0,0,0,0,0,0,0,0,0,0,0,0,0,0,0,0,0,0,0,0,0,0,0,0,0,0,0,0,0,0,0,0,0,0,0,0,0,0,0,0,0,0,0,0,0,0,0,0,0,0,0,0,0,0,0,0,0,0,0,0,0,0,0,0,0,0,0,0,0,0,0,0,0,0,0,0,0,0,0,0,0,0,0,0,0,0,0,0,0,0,0,0,0,0,0,0,0,0,0,0,0,0,0,0,0,0,0,0,0,0,0,0,0,0,0,0,0,0,0,0,0,0,0,0,0,0,0,0,0,0,0,0,0,0,0,0,0,0,0,0,0,0,0,0,0,0,0,0
0,0,0,0,0,0,0,0,0,0,0,0,0,0,0,0,0,0,0,0,0,0,0,0,0,0,0,0,0,0,0,0,0,0,0,0,0,0,0,0,0,0,0,0,0,0,0,0,0,0,0,0,0,0,0,0,0,0,0,0,0,0,0,0,0,0,0,0,0,0,0,0,0,0,0,0,0,0,0,0,0,0,0,0,0,0,0,0,0,0,0,0,0,0,0,0,0,0,0,0,0,0,0,0,0,0,0,0,0,0,0,0,0,0,0,0,0,0,0,0,0,0,0,0,0,0,0,0,0,0,0,0,0,0,0,0,0,0,0,0,0,0,0,0,0,0,0,0,0,0,0,0,0,0,0,0,0,0,0,0,0,0,0,0,0,0,0,0,0,0,0,0,0,0,0,0,0,0,0,0,0,0,0,0,0,0,0,0,0,0,0,0,0,0,0,0,0,0,0,0
0,0,0,0,0,0,0,0,0,0,0,0,0,0,0,0,0,0,0,0,0,0,0,0,0,0,0,0,0,0,0,0,0,0,0,0,0,0,0,0,0,0,0,0,0,0,0,0,0,0,0,0,0,0,0,0,0,0,0,0,0,0,0,0,0,0,0,0,0,0,0,0,0,0,0,0,0,0,0,0,0,0,0,0,0,0,0,0,0,0,0,0,0,0,0,0,0,0,0,0,0,0,0,0,0,0,0,0,0,0,0,0,0,0,0,0,0,0,0,0,0,0,0,0,0,0,0,0,0,0,0,0,0,0,0,0,0,0,0,0,0,0,0,0,0,0,0,0,0,0,0,0,0,0,0,0,0,0,0,0,0,0,0,0,0,0,0,0,0,0,0,0,0,0,0,0,0,0,0,0,0,0,0,0,0,0,0,0,0,0,0,0,0,0,0,0,0,0,0,0
0,0,0,0,0,0,0,0,0,0,0,0,0,0,0,0,0,0,0,0,0,0,0,0,0,0,0,0,0,0,0,0,0,0,0,0,0,0,0,0,0,0,0,0,0,0,0,0,0,0,0,0,0,0,0,0,0,0,0,0,0,0,0,0,0,0,0,0,0,0,0,0,0,0,0,0,0,0,0,0,0,0,0,0,0,0,0,0,0,0,0,0,0,0,0,0,0,0,0,0,0,0,0,0,0,0,0,0,0,0,0,0,0,0,0,0,0,0,0,0,0,0,0,0,0,0,0,0,0,0,0,0,0,0,0,0,0,0,0,0,0,0,0,0,0,0,0,0,0,0,0,0,0,0,0,0,0,0,0,0,0,0,0,0,0,0,0,0,0,0,0,0,0,0,0,0,0,0,0,0,0,0,0,0,0,0,0,0,0,0,0,0,0,0,0,0,0,0,0,0
0,0,0,0,0,0,0,0,0,0,0,0,0,0,0,0,0,0,0,0,0,0,0,0,0,0,0,0,0,0,0,0,0,0,0,0,0,0,0,0,0,0,0,0,0,0,0,0,0,0,0,0,0,0,0,0,0,0,0,0,0,0,0,0,0,0,0,0,0,0,0,0,0,0,0,0,0,0,0,0,0,0,0,0,0,0,0,0,0,0,0,0,0,0,0,0,0,0,0,0,0,0,0,0,0,0,0,0,0,0,0,0,0,0,0,0,0,0,0,0,0,0,0,0,0,0,0,0,0,0,0,0,0,0,0,0,0,0,0,0,0,0,0,0,0,0,0,0,0,0,0,0,0,0,0,0,0,0,0,0,0,0,0,0,0,0,0,0,0,0,0,0,0,0,0,0,0,0,0,0,0,0,0,0,0,0,0,0,0,0,0,0,0,0,0,0,0,0,0,0
0,0,0,0,0,0,0,0,0,0,0,0,0,0,0,0,0,0,0,0,0,0,0,0,0,0,0,0,0,0,0,0,0,0,0,0,0,0,0,0,0,0,0,0,0,0,0,0,0,0,0,0,0,0,0,0,0,0,0,0,0,0,0,0,0,0,0,0,0,0,0,0,0,0,0,0,0,0,0,0,0,0,0,0,0,0,0,0,0,0,0,0,0,0,0,0,0,0,0,0,0,0,0,0,0,0,0,0,0,0,0,0,0,0,0,0,0,0,0,0,0,0,0,0,0,0,0,0,0,0,0,0,0,0,0,0,0,0,0,0,0,0,0,0,0,0,0,0,0,0,0,0,0,0,0,0,0,0,0,0,0,0,0,0,0,0,0,0,0,0,0,0,0,0,0,0,0,0,0,0,0,0,0,0,0,0,0,0,0,0,0,0,0,0,0,0,0,0,0,0
0,0,0,0,0,0,0,0,0,0,0,0,0,0,0,0,0,0,0,0,0,0,0,0,0,0,0,0,0,0,0,0,0,0,0,0,0,0,0,0,0,0,0,0,0,0,0,0,0,0,0,0,0,0,0,0,0,0,0,0,0,0,0,0,0,0,0,0,0,0,0,0,0,0,0,0,0,0,0,0,0,0,0,0,0,0,0,0,0,0,0,0,0,0,0,0,0,0,0,0,0,0,0,0,0,0,0,0,0,0,0,0,0,0,0,0,0,0,0,0,0,0,0,0,0,0,0,0,0,0,0,0,0,0,0,0,0,0,0,0,0,0,0,0,0,0,0,0,0,0,0,0,0,0,0,0,0,0,0,0,0,0,0,0,0,0,0,0,0,0,0,0,0,0,0,0,0,0,0,0,0,0,0,0,0,0,0,0,0,0,0,0,0,0,0,0,0,0,0,0
0,0,0,0,0,0,0,0,0,0,0,0,0,0,0,0,0,0,0,0,0,0,0,0,0,0,0,0,0,0,0,0,0,0,0,0,0,0,0,0,0,0,0,0,0,0,0,0,0,0,0,0,0,0,0,0,0,0,0,0,0,0,0,0,0,0,0,0,0,0,0,0,0,0,0,0,0,0,0,0,0,0,0,0,0,0,0,0,0,0,0,0,0,0,0,0,0,0,0,0,0,0,0,0,0,0,0,0,0,0,0,0,0,0,0,0,0,0,0,0,0,0,0,0,0,0,0,0,0,0,0,0,0,0,0,0,0,0,0,0,0,0,0,0,0,0,0,0,0,0,0,0,0,0,0,0,0,0,0,0,0,0,0,0,0,0,0,0,0,0,0,0,0,0,0,0,0,0,0,0,0,0,0,0,0,0,0,0,0,0,0,0,0,0,0,0,0,0,0,0
0,0,0,0,0,0,0,0,0,0,0,0,0,0,0,0,0,0,0,0,0,0,0,0,0,0,0,0,0,0,0,0,0,0,0,0,0,0,0,0,0,0,0,0,0,0,0,0,0,0,0,0,0,0,0,0,0,0,0,0,0,0,0,0,0,0,0,0,0,0,0,0,0,0,0,0,0,0,0,0,0,0,0,0,0,0,0,0,0,0,0,0,0,0,0,0,0,0,0,0,0,0,0,0,0,0,0,0,0,0,0,0,0,0,0,0,0,0,0,0,0,0,0,0,0,0,0,0,0,0,0,0,0,0,0,0,0,0,0,0,0,0,0,0,0,0,0,0,0,0,0,0,0,0,0,0,0,0,0,0,0,0,0,0,0,0,0,0,0,0,0,0,0,0,0,0,0,0,0,0,0,0,0,0,0,0,0,0,0,0,0,0,0,0,0,0,0,0,0,0
0,0,0,0,0,0,0,0,0,0,0,0,0,0,0,0,0,0,0,0,0,0,0,0,0,0,0,0,0,0,0,0,0,0,0,0,0,0,0,0,0,0,0,0,0,0,0,0,0,0,0,0,0,0,0,0,0,0,0,0,0,0,0,0,0,0,0,0,0,0,0,0,0,0,0,0,0,0,0,0,0,0,0,0,0,0,0,0,0,0,0,0,0,0,0,0,0,0,0,0,0,0,0,0,0,0,0,0,0,0,0,0,0,0,0,0,0,0,0,0,0,0,0,0,0,0,0,0,0,0,0,0,0,0,0,0,0,0,0,0,0,0,0,0,0,0,0,0,0,0,0,0,0,0,0,0,0,0,0,0,0,0,0,0,0,0,0,0,0,0,0,0,0,0,0,0,0,0,0,0,0,0,0,0,0,0,0,0,0,0,0,0,0,0,0,0,0,0,0,0
0,0,0,0,0,0,0,0,0,0,0,0,0,0,0,0,0,0,0,0,0,0,0,0,0,0,0,0,0,0,0,0,0,0,0,0,0,0,0,0,0,0,0,0,0,0,0,0,0,0,0,0,0,0,0,0,0,0,0,0,0,0,0,0,0,0,0,0,0,0,0,0,0,0,0,0,0,0,0,0,0,0,0,0,0,0,0,0,0,0,0,0,0,0,0,0,0,0,0,0,0,0,0,0,0,0,0,0,0,0,0,0,0,0,0,0,0,0,0,0,0,0,0,0,0,0,0,0,0,0,0,0,0,0,0,0,0,0,0,0,0,0,0,0,0,0,0,0,0,0,0,0,0,0,0,0,0,0,0,0,0,0,0,0,0,0,0,0,0,0,0,0,0,0,0,0,0,0,0,0,0,0,0,0,0,0,0,0,0,0,0,0,0,0,0,0,0,0,0,0
0,0,0,0,0,0,0,0,0,0,0,0,0,0,0,0,0,0,0,0,0,0,0,0,0,0,0,0,0,0,0,0,0,0,0,0,0,0,0,0,0,0,0,0,0,0,0,0,0,0,0,0,0,0,0,0,0,0,0,0,0,0,0,0,0,0,0,0,0,0,0,0,0,0,0,0,0,0,0,0,0,0,0,0,0,0.00614107142392434,0,0,0,0,0,0,0,0,0,0,0,0,0,0,0,0,0,0,0,0,0,0,0,0,0,0,0,0,0,0.00614107142392362,0,0,0,0,0,0,0,0,0,0,0,0,0,0,0,0,0,0,0,0,0,0,0,0,0,0,0,0,0,0,0,0,0,0,0,0,0,0,0,0,0,0,0,0,0,0,0,0,0,0,0,0,0,0,0,0,0,0,0,0,0,0,0,0,0,0,0,0,0,0,0,0,0,0,0,0,0,0,0,0,0,0,0,0
0,0,0,0,0,0,0,0,0,0,0,0,0,0,0,0,0,0,0,0,0,0,0,0,0,0,0,0,0,0,0,0,0,0,0,0,0,0,0,0,0,0,0,0,0,0,0,0,0,0,0,0,0,0,0,0,0,0,0,0,0,0,0,0,0,0,0,0,0,0,0,0,0,0,0,0,0,0,0,0,0,0.00344958506223935,0.00790400486478727,0.0137488064360851,0.0599301222700589,0.084949272623216,0.071068998035873,0.014068998035873,0,0,0,0,0,0,0,0,0,0,0,0,0,0,0,0,0,0,0,0,0,0,0,0,0,0.0140689980358766,0.0710689980358766,0.0849492726232128,0.0599301222700589,0.0137488064360882,0.00790400486478483,0.00344958506224016,0,0,0,0,0,0,0,0,0,0,0,0,0,0,0,0,0,0,0,0,0,0,0,0,0,0,0,0,0,0,0,0,0,0,0,0,0,0,0,0,0,0,0,0,0,0,0,0,0,0,0,0,0,0,0,0,0,0,0,0,0,0,0,0,0,0,0,0,0,0,0,0,0,0,0,0,0,0,0,0
0,0,0,0,0,0,0,0,0,0,0,0,0,0,0,0,0,0,0,0,0,0,0,0,0,0,0,0,0,0,0,0,0,0,0,0,0,0,0,0,0,0,0,0,0,0,0,0,0,0,0,0,0,0,0,0,0,0,0,0,0,0,0,0,0,0,0,0,0,0,0,0,0,0,0,0,0,0,0.00820837484878824,0.00148210655705825,0.0490538041597819,0.0840544318994777,0.091371170930945,0.113370543191249,0.114,0.114,0.114,0.112795894067299,0.100843733269159,0,0,0,0,0,0,0,0,0,0,0,0,0,0,0,0,0,0,0,0,0,0,0,0.100843733269162,0.112795894067302,0.114,0.114,0.114,0.113370543191251,0.0913711709309444,0.0840544318994773,0.0490538041597841,0.0014821065570535,0.00820837484878698,0,0,0,0,0,0,0,0,0,0,0,0,0,0,0,0,0,0,0,0,0,0,0,0,0,0,0,0,0,0,0,0,0,0,0,0,0,0,0,0,0,0,0,0,0,0,0,0,0,0,0,0,0,0,0,0,0,0,0,0,0,0,0,0,0,0,0,0,0,0,0,0,0,0,0,0,0
0,0,0,0,0,0,0,0,0,0,0,0,0,0,0,0,0,0,0,0,0,0,0,0,0,0,0,0,0,0,0,0,0,0,0,0,0,0,0,0,0,0,0,0,0,0,0,0,0,0,0,0,0,0,0,0,0,0,0,0,0,0,0,0,0,0,0,0,0,0,0,0,0,0,0.00741618530417938,0.00478233288674519,0.0370809265208953,0.0761739701348867,0.0880709446012576,0.105977900987266,0.114,0.114,0.123013559749735,0.114,0.182343042183166,0.252344297662559,0.218359052407024,0.207354092404948,0.291107359226839,0.292568370296176,0.123165744741731,0,0,0,0,0,0,0,0,0,0,0,0,0,0,0,0,0,0,0,0.123165744741737,0.292568370296183,0.291107359226838,0.207354092404941,0.218359052407029,0.252344297662556,0.18234304218317,0.114,0.123013559749733,0.114,0.114,0.105977900987267,0.0880709446012565,0.0761739701348865,0.0370809265208992,0.00478233288674202,0.00741618530417874,0,0,0,0,0,0,0,0,0,0,0,0,0,0,0,0,0,0,0,0,0,0,0,0,0,0,0,0,0,0,0,0,0,0,0,0,0,0,0,0,0,0,0,0,0,0,0,0,0,0,0,0,0,0,0,0,0,0,0,0,0,0,0,0,0,0,0,0,0,0,0,0,0
0,0,0,0,0,0,0,0,0,0,0,0,0,0,0,0,0,0,0,0,0,0,0,0,0,0,0,0,0,0,0,0,0,0,0,0,0,0,0,0,0,0,0,0,0,0,0,0,0,0,0,0,0,0,0,0,0,0,0,0,0,0,0,0,0,0,0,0,0,0,0,0,0,0.0671969488416857,0.0858672778001801,0.0996818183118926,0.114,0.114,0.121429180660517,0.116161475825649,0.158397286905393,0.236583374133376,0.288423594349565,0.348057446766998,0.397714717022856,0.430894777377438,0.456,0.420524926703004,0.367249686130151,0.397386425291691,0.415123306104401,0.328998744520605,0.100998744520605,0,0,0,0,0,0,0,0,0,0,0,0,0,0,0,0.100998744520619,0.328998744520619,0.415123306104399,0.397386425291689,0.367249686130155,0.420524926703005,0.456,0.43089477737744,0.397714717022854,0.348057446766996,0.288423594349561,0.236583374133376,0.1583972869054,0.116161475825642,0.121429180660517,0.114,0.114,0.0996818183118939,0.0858672778001781,0.0671969488416865,0,0,0,0,0,0,0,0,0,0,0,0,0,0,0,0,0,0,0,0,0,0,0,0,0,0,0,0,0,0,0,0,0,0,0,0,0,0,0,0,0,0,0,0,0,0,0,0,0,0,0,0,0,0,0,0,0,0,0,0,0,0,0,0,0,0,0,0,0,0,0,0
0,0,0,0,0,0,0,0,0,0,0,0,0,0,0,0,0,0,0,0,0,0,0,0,0,0,0,0,0,0,0,0,0,0,0,0,0,0,0,0,0,0,0,0,0,0,0,0,0,0,0,0,0,0,0,0,0,0,0,0,0,0,0,0,0,0,0,0,0,0,0,0,0.0514096559528626,0.114,0.11765168251408,0.120568809427803,0.132258412570399,0.218629331546975,0.275039239454209,0.296212331325851,0.345782772018365,0.369951720235697,0.456,0.454929809831035,0.456,0.456,0.456,0.456,0.456,0.456,0.456,0.456,0.456,0.267906328646309,0.039906328646309,0,0,0,0,0,0,0,0,0,0,0,0.039906328646327,0.267906328646327,0.456,0.456,0.456,0.456,0.456,0.456,0.456,0.456,0.456,0.454929809831033,0.456,0.369951720235693,0.345782772018367,0.296212331325852,0.275039239454205,0.218629331546977,0.132258412570408,0.120568809427799,0.117651682514081,0.114,0.0514096559528586,0,0,0,0,0,0,0,0,0,0,0,0,0,0,0,0,0,0,0,0,0,0,0,0,0,0,0,0,0,0,0,0,0,0,0,0,0,0,0,0,0,0,0,0,0,0,0,0,0,0,0,0,0,0,0,0,0,0,0,0,0,0,0,0,0,0,0,0,0,0,0
0,0,0,0,0,0,0,0,0,0,0,0,0,0,0,0,0,0,0,0,0,0,0,0,0,0,0,0,0,0,0,0,0,0,0,0,0,0,0,0,0,0,0,0,0,0,0,0,0,0,0,0,0,0,0,0,0,0,0,0,0,0,0,0,0,0,0,0,0,0,0,0.0140742719078065,0.108409655952863,0.114,0.262491712691372,0.314200464756306,0.380922589393722,0.411214339806709,0.450703478193003,0.394522037097257,0.437568306949881,0.440126256194801,0.456,0.456,0.456,0.456,0.456,0.456,0.456,0.456,0.456,0.456,0.456,0.456,0.434813912772013,0.206813912772013,0,0,0,0,0,0,0,0,0,0.206813912772029,0.434813912772029,0.456,0.456,0.456,0.456,0.456,0.456,0.456,0.456,0.456,0.456,0.456,0.456,0.4401262561948,0.437568306949881,0.394522037097258,0.450703478193007,0.41121433980671,0.380922589393725,0.314200464756306,0.26249171269137,0.114,0.108409655952859,0.014074271907801,0,0,0,0,0,0,0,0,0,0,0,0,0,0,0,0,0,0,0,0,0,0,0,0,0,0,0,0,0,0,0,0,0,0,0,0,0,0,0,0,0,0,0,0,0,0,0,0,0,0,0,0,0,0,0,0,0,0,0,0,0,0,0,0,0,0,0,0,0,0
0,0,0,0,0,0,0,0,0,0,0,0,0,0,0,0,0,0,0,0,0,0,0,0,0,0,0,0,0,0,0,0,0,0,0,0,0,0,0,0,0,0,0,0,0,0,0,0,0,0,0,0,0,0,0,0,0,0,0,0,0,0,0,0,0,0,0,0,0,0,0,0.154674975090731,0.249563912772018,0.272174472612807,0.439194877014528,0.456,0.454252888174925,0.456,0.456,0.456,0.456,0.456,0.456,0.456,0.456,0.456,0.456,0.456,0.456,0.456,0.456,0.456,0.456,0.456,0.456,0.456,0.373721496897717,0.145721496897718,0,0,0,0,0,0.145721496897731,0.373721496897731,0.456,0.456,0.456,0.456,0.456,0.456,0.456,0.456,0.456,0.456,0.456,0.456,0.456,0.456,0.456,0.456,0.456,0.456,0.456,0.454252888174924,0.456,0.439194877014531,0.272174472612809,0.24956391277202,0.154674975090724,0,0,0,0,0,0,0,0,0,0,0,0,0,0,0,0,0,0,0,0,0,0,0,0,0,0,0,0,0,0,0,0,0,0,0,0,0,0,0,0,0,0,0,0,0,0,0,0,0,0,0,0,0,0,0,0,0,0,0,0,0,0,0,0,0,0,0,0,0,0
0,0,0,0,0,0,0,0,0,0,0,0,0,0,0,0,0,0,0,0,0,0,0,0,0,0,0,0,0,0,0,0,0,0,0,0,0,0,0,0,0,0,0,0,0,0,0,0,0,0,0,0,0,0,0,0,0,0,0,0,0,0,0,0,0,0,0,0,0,0,0.0748675916700302,0.343797024284916,0.340242340431067,0.435136551984288,0.456,0.456,0.456,0.456,0.456,0.456,0.456,0.456,0.456,0.456,0.456,0.456,0.456,0.456,0.456,0.456,0.456,0.456,0.456,0.456,0.456,0.456,0.456,0.456,0.312629081023422,0.0846290810234221,0,0.0846290810234261,0.312629081023439,0.456,0.456,0.456,0.456,0.456,0.456,0.456,0.456,0.456,0.456,0.456,0.456,0.456,0.456,0.456,0.456,0.456,0.456,0.456,0.456,0.456,0.456,0.456,0.456,0.435136551984286,0.340242340431066,0.343797024284915,0.0748675916700229,0,0,0,0,0,0,0,0,0,0,0,0,0,0,0,0,0,0,0,0,0,0,0,0,0,0,0,0,0,0,0,0,0,0,0,0,0,0,0,0,0,0,0,0,0,0,0,0,0,0,0,0,0,0,0,0,0,0,0,0,0,0,0,0,0,0,0,0,0
0,0,0,0,0,0,0,0,0,0,0,0,0,0,0,0,0,0,0,0,0,0,0,0,0,0,0,0,0,0,0,0,0,0,0,0,0,0,0,0,0,0,0,0,0,0,0,0,0,0,0,0,0,0,0,0,0,0,0,0,0,0,0,0,0,0,0,0,0,0,0.291075715995268,0.411125062630888,0.427935459488286,0.456,0.456,0.456,0.456,0.456,0.456,0.456,0.456,0.456,0.456,0.456,0.456,0.456,0.456,0.456,0.456,0.456,0.456,0.456,0.456,0.456,0.456,0.456,0.456,0.456,0.456,0.456,0.0755432016545675,0.456,0.456,0.456,0.456,0.456,0.456,0.456,0.456,0.456,0.456,0.456,0.456,0.456,0.456,0.456,0.456,0.456,0.456,0.456,0.456,0.456,0.456,0.456,0.456,0.456,0.456,0.456,0.427935459488287,0.411125062630886,0.291075715995263,0,0,0,0,0,0,0,0,0,0,0,0,0,0,0,0,0,0,0,0,0,0,0,0,0,0,0,0,0,0,0,0,0,0,0,0,0,0,0,0,0,0,0,0,0,0,0,0,0,0,0,0,0,0,0,0,0,0,0,0,0,0,0,0,0,0,0,0,0
0,0,0,0,0,0,0,0,0,0,0,0,0,0,0,0,0,0,0,0,0,0,0,0,0,0,0,0,0,0,0,0,0,0,0,0,0,0,0,0,0,0,0,0,0,0,0,0,0,0,0,0,0,0,0,0,0,0,0,0,0,0,0,0,0,0,0,0,0,0.160915871434338,0.456,0.456,0.456,0.456,0.456,0.456,0.456,0.456,0.456,0.456,0.456,0.456,0.456,0.456,0.456,0.456,0.456,0.456,0.456,0.456,0.456,0.456,0.456,0.456,0.456,0.456,0.456,0.456,0.456,0.303856604794541,0,0.303856604794557,0.456,0.456,0.456,0.456,0.456,0.456,0.456,0.456,0.456,0.456,0.456,0.456,0.456,0.456,0.456,0.456,0.456,0.456,0.456,0.456,0.456,0.456,0.456,0.456,0.456,0.456,0.456,0.456,0.456,0.160915871434329,0,0,0,0,0,0,0,0,0,0,0,0,0,0,0,0,0,0,0,0,0,0,0,0,0,0,0,0,0,0,0,0,0,0,0,0,0,0,0,0,0,0,0,0,0,0,0,0,0,0,0,0,0,0,0,0,0,0,0,0,0,0,0,0,0,0,0,0
0,0,0,0,0,0,0,0,0,0,0,0,0,0,0,0,0,0,0,0,0,0,0,0,0,0,0,0,0,0,0,0,0,0,0,0,0,0,0,0,0,0,0,0,0,0,0,0,0,0,0,0,0,0,0,0,0,0,0,0,0,0,0,0,0,0,0,0,0,0.388915871434338,0.456,0.456,0.456,0.456,0.456,0.456,0.456,0.456,0.456,0.456,0.456,0.456,0.456,0.456,0.456,0.456,0.456,0.456,0.456,0.456,0.456,0.456,0.456,0.456,0.456,0.456,0.456,0.456,0.456,0.373762173285275,0.0388478221621153,0.373762173285282,0.456,0.456,0.456,0.456,0.456,0.456,0.456,0.456,0.456,0.456,0.456,0.456,0.456,0.456,0.456,0.456,0.456,0.456,0.456,0.456,0.456,0.456,0.456,0.456,0.456,0.456,0.456,0.456,0.456,0.388915871434329,0,0,0,0,0,0,0,0,0,0,0,0,0,0,0,0,0,0,0,0,0,0,0,0,0,0,0,0,0,0,0,0,0,0,0,0,0,0,0,0,0,0,0,0,0,0,0,0,0,0,0,0,0,0,0,0,0,0,0,0,0,0,0,0,0,0,0,0
0,0,0,0,0,0,0,0,0,0,0,0,0,0,0,0,0,0,0,0,0,0,0,0,0,0,0,0,0,0,0,0,0,0,0,0,0,0,0,0,0,0,0,0,0,0,0,0,0,0,0,0,0,0,0,0,0,0,0,0,0,0,0,0,0,0,0,0,0.222008287308636,0.456,0.456,0.456,0.456,0.456,0.456,0.456,0.456,0.456,0.456,0.456,0.456,0.456,0.456,0.456,0.456,0.456,0.456,0.456,0.456,0.456,0.456,0.456,0.460632595507223,0.466183574838381,0.473064854381559,0.456,0.468552421987796,0.500557193381805,0.47306485438156,0.427414482108229,0.0682873014737604,0.427414482108233,0.473064854381563,0.500557193381805,0.468552421987798,0.456,0.473064854381563,0.466183574838379,0.460632595507223,0.456,0.456,0.456,0.456,0.456,0.456,0.456,0.456,0.456,0.456,0.456,0.456,0.456,0.456,0.456,0.456,0.456,0.456,0.456,0.456,0.456,0.456,0.456,0.22200828730862,0,0,0,0,0,0,0,0,0,0,0,0,0,0,0,0,0,0,0,0,0,0,0,0,0,0,0,0,0,0,0,0,0,0,0,0,0,0,0,0,0,0,0,0,0,0,0,0,0,0,0,0,0,0,0,0,0,0,0,0,0,0,0,0,0,0,0
0,0,0,0,0,0,0,0,0,0,0,0,0,0,0,0,0,0,0,0,0,0,0,0,0,0,0,0,0,0,0,0,0,0,0,0,0,0,0,0,0,0,0,0,0,0,0,0,0,0,0,0,0,0,0,0,0,0,0,0,0,0,0,0,0,0,0,0.0551007031829281,0.450008287308636,0.456,0.456,0.456,0.456,0.456,0.456,0.456,0.456,0.456,0.456,0.456,0.456,0.456,0.456,0.456,0.456,0.456,0.457030825452982,0.48194732462701,0.492281015491879,0.514791750412985,0.462214905630929,0.509232670950452,0.544357045356994,0.549986754120113,0.570902183561178,0.535193748227737,0.57042208548498,0.575973064816138,0.571733737821768,0.560815986029999,0.171186275836069,0.560815986029997,0.571733737821771,0.575973064816136,0.570422085484981,0.535193748227737,0.570902183561179,0.549986754120113,0.54435704535699,0.509232670950452,0.462214905630927,0.514791750412987,0.492281015491876,0.481947324627008,0.457030825452983,0.456,0.456,0.456,0.456,0.456,0.456,0.456,0.456,0.456,0.456,0.456,0.456,0.456,0.456,0.456,0.456,0.456,0.45000828730862,0.0551007031829184,0,0,0,0,0,0,0,0,0,0,0,0,0,0,0,0,0,0,0,0,0,0,0,0,0,0,0,0,0,0,0,0,0,0,0,0,0,0,0,0,0,0,0,0,0,0,0,0,0,0,0,0,0,0,0,0,0,0,0,0,0,0,0,0,0,0
0,0,0,0,0,0,0,0,0,0,0,0,0,0,0,0,0,0,0,0,0,0,0,0,0,0,0,0,0,0,0,0,0,0,0,0,0,0,0,0,0,0,0,0,0,0,0,0,0,0,0,0,0,0,0,0,0,0,0,0,0,0,0,0,0,0,0,0.283100703182928,0.456,0.456,0.456,0.456,0.456,0.456,0.456,0.456,0.456,0.456,0.456,0.456,0.456,0.456,0.456,0.476768896967961,0.490504708047711,0.514269840008326,0.557534028928576,0.565865771797242,0.567403064686067,0.599305184900946,0.563790746887968,0.587644398730471,0.597287793935925,0.623209506497225,0.670518646444411,0.613518646444411,0.643938660102236,0.655920016519469,0.670518646444412,0.495938904902486,0,0.495938904902497,0.670518646444414,0.655920016519468,0.643938660102236,0.613518646444416,0.670518646444416,0.623209506497225,0.597287793935921,0.58764439873047,0.563790746887969,0.599305184900946,0.567403064686067,0.565865771797239,0.557534028928577,0.514269840008324,0.490504708047707,0.47676889696796,0.456,0.456,0.456,0.456,0.456,0.456,0.456,0.456,0.456,0.456,0.456,0.456,0.456,0.456,0.456,0.283100703182918,0,0,0,0,0,0,0,0,0,0,0,0,0,0,0,0,0,0,0,0,0,0,0,0,0,0,0,0,0,0,0,0,0,0,0,0,0,0,0,0,0,0,0,0,0,0,0,0,0,0,0,0,0,0,0,0,0,0,0,0,0,0,0,0,0,0
0,0,0,0,0,0,0,0,0,0,0,0,0,0,0,0,0,0,0,0,0,0,0,0,0,0,0,0,0,0,0,0,0,0,0,0,0,0,0,0,0,0,0,0,0,0,0,0,0,0,0,0,0,0,0,0,0,0,0,0,0,0,0,0,0,0,0.116193119057226,0.456,0.456,0.456,0.456,0.456,0.456,0.456,0.456,0.456,0.456,0.456,0.456,0.470493909780303,0.488322136734348,0.50527172322741,0.544443496273365,0.568048343110604,0.565493220125133,0.590034341367602,0.619043256415925,0.636092667828668,0.664083752780344,0.684,0.65637901910795,0.675891450070894,0.677428742959718,0.66997396003426,0.684,0.675869322159705,0.668357624841772,0.661998209018821,0.684,0.665658255429416,0.153609125769096,0.665658255429417,0.684,0.661998209018818,0.668357624841774,0.675869322159705,0.684,0.669973960034259,0.677428742959718,0.675891450070891,0.656379019107951,0.684,0.664083752780344,0.636092667828665,0.619043256415923,0.590034341367602,0.565493220125132,0.568048343110601,0.544443496273367,0.505271723227409,0.488322136734346,0.470493909780303,0.456,0.456,0.456,0.456,0.456,0.456,0.456,0.456,0.456,0.456,0.456,0.456,0.116193119057217,0,0,0,0,0,0,0,0,0,0,0,0,0,0,0,0,0,0,0,0,0,0,0,0,0,0,0,0,0,0,0,0,0,0,0,0,0,0,0,0,0,0,0,0,0,0,0,0,0,0,0,0,0,0,0,0,0,0,0,0,0,0,0,0,0
0,0,0,0,0,0,0,0,0,0,0,0,0,0,0,0,0,0,0,0,0,0,0,0,0,0,0,0,0,0,0,0,0,0,0,0,0,0,0,0,0,0,0,0,0,0,0,0,0,0,0,0,0,0,0,0,0,0,0,0,0,0,0,0,0,0,0.344193119057226,0.456,0.456,0.456,0.456,0.456,0.456,0.456,0.456,0.456,0.485043005892377,0.497370165975104,0.532449523146763,0.570170454220268,0.564679935092809,0.579666938305647,0.612768269228267,0.631186966922048,0.655085635999429,0.681885134945483,0.679894828619958,0.674487873657924,0.63999451147634,0.673895153162763,0.65459904116996,0.641988630924465,0.620185048962106,0.597528132999153,0.62937440755637,0.605466083238113,0.604268612987871,0.605386508559927,0.613457971582135,0.424860198093901,0,0.424860198093918,0.613457971582135,0.605386508559929,0.604268612987872,0.605466083238116,0.629374407556369,0.597528132999153,0.620185048962107,0.641988630924467,0.654599041169961,0.673895153162762,0.639994511476341,0.674487873657923,0.679894828619959,0.681885134945483,0.655085635999428,0.631186966922044,0.612768269228265,0.579666938305648,0.564679935092808,0.570170454220267,0.532449523146764,0.497370165975103,0.485043005892375,0.456,0.456,0.456,0.456,0.456,0.456,0.456,0.456,0.456,0.344193119057217,0,0,0,0,0,0,0,0,0,0,0,0,0,0,0,0,0,0,0,0,0,0,0,0,0,0,0,0,0,0,0,0,0,0,0,0,0,0,0,0,0,0,0,0,0,0,0,0,0,0,0,0,0,0,0,0,0,0,0,0,0,0,0,0,0
0,0,0,0,0,0,0,0,0,0,0,0,0,0,0,0,0,0,0,0,0,0,0,0,0,0,0,0,0,0,0,0,0,0,0,0,0,0,0,0,0,0,0,0,0,0,0,0,0,0,0,0,0,0,0,0,0,0,0,0,0,0,0,0,0,0.177285534931524,0.456,0.456,0.456,0.456,0.456,0.456,0.456,0.456,0.466010673005632,0.461590344047141,0.560317240078567,0.569496358823606,0.605396722511999,0.627317365340341,0.647184078747123,0.682263435918781,0.679261322384253,0.68394763992768,0.64807017280881,0.622285978195401,0.614816973179315,0.596201167792723,0.617145186465949,0.596681358818813,0.598014410971169,0.595369452538198,0.650280661611101,0.688144929674175,0.666597026134711,0.649078734262521,0.684830967383472,0.740997026134711,0.666597026134711,0.706729679390901,0.107212201840104,0.706729679390892,0.666597026134714,0.740997026134714,0.684830967383472,0.649078734262516,0.666597026134714,0.688144929674172,0.650280661611099,0.595369452538198,0.598014410971167,0.596681358818812,0.617145186465946,0.596201167792723,0.614816973179316,0.622285978195404,0.648070172808811,0.683947639927679,0.679261322384254,0.682263435918783,0.647184078747122,0.627317365340337,0.605396722511998,0.569496358823606,0.560317240078563,0.461590344047137,0.466010673005631,0.456,0.456,0.456,0.456,0.456,0.456,0.456,0.456,0.177285534931508,0,0,0,0,0,0,0,0,0,0,0,0,0,0,0,0,0,0,0,0,0,0,0,0,0,0,0,0,0,0,0,0,0,0,0,0,0,0,0,0,0,0,0,0,0,0,0,0,0,0,0,0,0,0,0,0,0,0,0,0,0,0,0,0
0,0,0,0,0,0,0,0,0,0,0,0,0,0,0,0,0,0,0,0,0,0,0,0,0,0,0,0,0,0,0,0,0,0,0,0,0,0,0,0,0,0,0,0,0,0,0,0,0,0,0,0,0,0,0,0,0,0,0,0,0,0,0,0,0.0103779508058128,0.405285534931524,0.456,0.456,0.456,0.456,0.456,0.464190105620522,0.493492842908986,0.534779005580197,0.546361062318709,0.562074899647498,0.617317240078567,0.671366022320789,0.679481978307676,0.683013062974557,0.656999996300408,0.628028025111231,0.617784093831659,0.602356065020835,0.612865057788006,0.621541845352334,0.653992895296164,0.713678935826016,0.725249545071856,0.721061606217835,0.699167801065382,0.730361853334805,0.744,0.761305388593558,0.795461606217835,0.741007598937774,0.744,0.819717963323087,0.795461606217835,0.495766039401619,0,0.495766039401645,0.795461606217838,0.819717963323086,0.744,0.741007598937773,0.79546160621784,0.761305388593554,0.744,0.730361853334805,0.699167801065379,0.721061606217838,0.725249545071853,0.713678935826013,0.653992895296161,0.621541845352329,0.612865057788004,0.602356065020836,0.617784093831661,0.628028025111232,0.656999996300407,0.68301306297456,0.679481978307676,0.67136602232079,0.617317240078563,0.562074899647498,0.546361062318707,0.534779005580197,0.493492842908989,0.464190105620519,0.456,0.456,0.456,0.456,0.456,0.405285534931508,0.0103779508058063,0,0,0,0,0,0,0,0,0,0,0,0,0,0,0,0,0,0,0,0,0,0,0,0,0,0,0,0,0,0,0,0,0,0,0,0,0,0,0,0,0,0,0,0,0,0,0,0,0,0,0,0,0,0,0,0,0,0,0,0,0,0,0
0,0,0,0,0,0,0,0,0,0,0,0,0,0,0,0,0,0,0,0,0,0,0,0,0,0,0,0,0,0,0,0,0,0,0,0,0,0,0,0,0,0,0,0,0,0,0,0,0,0,0,0,0,0,0,0,0,0,0,0,0,0,0,0,0.238377950805813,0.456,0.456,0.456,0.456,0.456,0.473363950493633,0.522682759921437,0.580892139726063,0.595724510334422,0.610596245658763,0.652763875050403,0.676368721887643,0.684,0.626536248647737,0.607656800089819,0.60715363035693,0.621172097588761,0.639768902810365,0.698715447813069,0.725619292835429,0.731536245520475,0.744,0.790749775659768,0.785216338319749,0.762366939583118,0.782634493531529,0.839910289807426,0.799847692301158,0.838859311620929,0.956296359361692,0.928215421609209,0.888484958134476,0.935847126309896,1.01482177528733,0.759523016513274,0.0662771104723288,0.759523016513276,1.01482177528734,0.935847126309882,0.888484958134484,0.928215421609204,0.956296359361691,0.838859311620924,0.79984769230116,0.839910289807424,0.782634493531525,0.762366939583114,0.785216338319747,0.790749775659763,0.744,0.731536245520473,0.725619292835424,0.698715447813067,0.639768902810363,0.621172097588757,0.60715363035693,0.60765680008982,0.62653624864774,0.684,0.67636872188764,0.652763875050405,0.610596245658761,0.595724510334421,0.580892139726063,0.522682759921433,0.473363950493634,0.456,0.456,0.456,0.456,0.456,0.238377950805806,0,0,0,0,0,0,0,0,0,0,0,0,0,0,0,0,0,0,0,0,0,0,0,0,0,0,0,0,0,0,0,0,0,0,0,0,0,0,0,0,0,0,0,0,0,0,0,0,0,0,0,0,0,0,0,0,0,0,0,0,0,0,0
0,0,0,0,0,0,0,0,0,0,0,0,0,0,0,0,0,0,0,0,0,0,0,0,0,0,0,0,0,0,0,0,0,0,0,0,0,0,0,0,0,0,0,0,0,0,0,0,0,0,0,0,0,0,0,0,0,0,0,0,0,0,0,0.0714703666801109,0.456,0.456,0.456,0.456,0.511502071827159,0.538860873710636,0.571943935404987,0.579682759921437,0.678409655952863,0.675193432927067,0.679275553151536,0.655824972954766,0.643096313556298,0.622146893753068,0.617090610374062,0.682016062178366,0.727420339352135,0.727995612369679,0.744,0.785038348228692,0.80269013266918,0.829990766384084,0.771162957900342,0.884071831122183,1.04101046516706,1.0161825240566,1.08901723850124,1.22970515115139,1.22073802653384,1.31860031202005,1.53553327447574,1.49554000911069,1.56512222114724,1.62909257360131,1.68436769342938,1.4109325843194,0.139146014495812,1.4109325843194,1.68436769342938,1.62909257360131,1.56512222114724,1.4955400091107,1.53553327447574,1.31860031202005,1.22073802653383,1.22970515115138,1.08901723850123,1.0161825240566,1.04101046516706,0.884071831122176,0.771162957900337,0.829990766384085,0.802690132669175,0.785038348228689,0.744,0.727995612369677,0.727420339352131,0.682016062178366,0.617090610374057,0.622146893753068,0.643096313556301,0.655824972954767,0.679275553151535,0.675193432927067,0.678409655952859,0.579682759921433,0.571943935404988,0.538860873710636,0.511502071827155,0.456,0.456,0.456,0.456,0.0714703666801076,0,0,0,0,0,0,0,0,0,0,0,0,0,0,0,0,0,0,0,0,0,0,0,0,0,0,0,0,0,0,0,0,0,0,0,0,0,0,0,0,0,0,0,0,0,0,0,0,0,0,0,0,0,0,0,0,0,0,0,0,0,0
0,0,0,0,0,0,0,0,0,0,0,0,0,0,0,0,0,0,0,0,0,0,0,0,0,0,0,0,0,0,0,0,0,0,0,0,0,0,0,0,0,0,0,0,0,0,0,0,0,0,0,0,0,0,0,0,0,0,0,0,0,0,0,0.299470366680111,0.456,0.456,0.483419262087178,0.514267013748877,0.568502071827159,0.61316191638809,0.647359806839319,0.657687845185291,0.684,0.655851527928028,0.599268493708159,0.598439229060568,0.595622973010903,0.64679509878613,0.691490610374062,0.744,0.797255768943815,0.810055346467208,0.76054893070656,0.889413510789684,0.891492115246037,1.17391522972051,1.37409472468355,1.49351328020177,1.55187397938387,1.56927893582602,1.77568367135506,1.99354199168756,2.08826092694946,2.23982395660714,2.41183572508268,2.36413183854054,2.36995511869986,2.51315850940064,2.60960128677943,2.49900556113264,0.632737570604902,2.49900556113261,2.60960128677942,2.51315850940064,2.36995511869984,2.36413183854054,2.41183572508267,2.23982395660713,2.08826092694945,1.99354199168754,1.77568367135504,1.569278935826,1.55187397938386,1.49351328020175,1.37409472468353,1.1739152297205,0.891492115246037,0.889413510789679,0.760548930706554,0.810055346467211,0.797255768943812,0.744,0.691490610374057,0.64679509878613,0.595622973010904,0.598439229060566,0.599268493708157,0.65585152792803,0.684,0.65768784518529,0.64735980683932,0.613161916388091,0.568502071827155,0.514267013748879,0.483419262087177,0.456,0.456,0.299470366680108,0,0,0,0,0,0,0,0,0,0,0,0,0,0,0,0,0,0,0,0,0,0,0,0,0,0,0,0,0,0,0,0,0,0,0,0,0,0,0,0,0,0,0,0,0,0,0,0,0,0,0,0,0,0,0,0,0,0,0,0,0,0
0,0,0,0,0,0,0,0,0,0,0,0,0,0,0,0,0,0,0,0,0,0,0,0,0,0,0,0,0,0,0,0,0,0,0,0,0,0,0,0,0,0,0,0,0,0,0,0,0,0,0,0,0,0,0,0,0,0,0,0,0,0,0.132562782554403,0.456,0.458101394268917,0.487404131557382,0.542048279764306,0.591936464444127,0.625502071827159,0.684,0.668255218071322,0.651272180151858,0.615603794624635,0.606414436030371,0.677516640664996,0.69769519956788,0.72745795308417,0.756963800032998,0.761730206682957,0.794030307464707,0.98077668678258,1.04202432385546,1.32378735351314,1.50755928259651,1.75690617549793,1.97873534815955,2.08536341625562,2.3316421863968,2.59956842792604,2.50028001540084,2.64425116040039,2.73180401756144,2.87298558620828,2.976,2.94781949439892,2.96260499232082,2.9386097250293,2.976,2.94588864432626,2.29082039497464,0,2.2908203949747,2.94588864432626,2.976,2.9386097250293,2.96260499232081,2.94781949439893,2.976,2.87298558620827,2.73180401756143,2.64425116040037,2.50028001540083,2.59956842792603,2.33164218639679,2.08536341625559,1.97873534815953,1.75690617549792,1.50755928259649,1.32378735351312,1.04202432385546,0.980776686782572,0.794030307464696,0.761730206682953,0.756963800032996,0.72745795308417,0.697695199567877,0.677516640664993,0.606414436030372,0.615603794624636,0.651272180151858,0.668255218071324,0.684,0.625502071827155,0.591936464444128,0.542048279764304,0.487404131557386,0.458101394268917,0.456,0.132562782554399,0,0,0,0,0,0,0,0,0,0,0,0,0,0,0,0,0,0,0,0,0,0,0,0,0,0,0,0,0,0,0,0,0,0,0,0,0,0,0,0,0,0,0,0,0,0,0,0,0,0,0,0,0,0,0,0,0,0,0,0,0
0,0,0,0,0,0,0,0,0,0,0,0,0,0,0,0,0,0,0,0,0,0,0,0,0,0,0,0,0,0,0,0,0,0,0,0,0,0,0,0,0,0,0,0,0,0,0,0,0,0,0,0,0,0,0,0,0,0,0,0,0,0,0.360562782554402,0.469174535959105,0.515594487701453,0.577799284720145,0.599048279764307,0.684,0.683514628051874,0.670672605476412,0.620160695496203,0.610516273416668,0.640559779651004,0.660252060581872,0.762408242327486,0.770184506633458,0.744,0.880678458121136,1.00596479132143,1.1247520150284,1.34958195524478,1.71198718782831,2.06461327334753,2.2311503638212,2.57700347091978,2.76212827651383,2.85314235611533,2.976,2.976,2.976,2.976,2.976,2.976,2.976,2.976,2.976,2.976,2.976,2.976,2.976,0.604164459557537,2.976,2.976,2.976,2.976,2.976,2.976,2.976,2.976,2.976,2.976,2.976,2.976,2.976,2.85314235611531,2.7621282765138,2.57700347091976,2.23115036382119,2.06461327334751,1.71198718782829,1.34958195524476,1.12475201502839,1.00596479132142,0.88067845812113,0.744,0.770184506633461,0.762408242327483,0.660252060581871,0.640559779651001,0.610516273416669,0.620160695496205,0.67067260547641,0.683514628051873,0.684,0.599048279764304,0.577799284720146,0.515594487701452,0.469174535959107,0.360562782554399,0,0,0,0,0,0,0,0,0,0,0,0,0,0,0,0,0,0,0,0,0,0,0,0,0,0,0,0,0,0,0,0,0,0,0,0,0,0,0,0,0,0,0,0,0,0,0,0,0,0,0,0,0,0,0,0,0,0,0,0,0
0,0,0,0,0,0,0,0,0,0,0,0,0,0,0,0,0,0,0,0,0,0,0,0,0,0,0,0,0,0,0,0,0,0,0,0,0,0,0,0,0,0,0,0,0,0,0,0,0,0,0,0,0,0,0,0,0,0,0,0,0,0.19568841100951,0.489140695638601,0.570750377216146,0.572594487701453,0.67132138373288,0.671198015713003,0.681684724419303,0.640766807208318,0.59740521323392,0.627773969709066,0.74453077549478,0.740658008312448,0.744,0.845632290041564,0.906523946932325,1.01512097306704,1.26947741160443,1.60055878836258,1.82029018789746,2.10717929339954,2.68063643740918,2.81702406424314,2.976,2.976,2.976,2.976,2.976,2.976,2.976,2.976,2.976,2.976,2.976,2.976,2.976,2.976,2.976,2.976,2.02476403786938,0,2.02476403786947,2.976,2.976,2.976,2.976,2.976,2.976,2.976,2.976,2.976,2.976,2.976,2.976,2.976,2.976,2.976,2.976,2.81702406424312,2.68063643740914,2.10717929339953,1.82029018789744,1.60055878836257,1.26947741160441,1.01512097306703,0.906523946932331,0.845632290041559,0.744,0.740658008312446,0.74453077549478,0.627773969709063,0.597405213233921,0.640766807208321,0.681684724419302,0.671198015713003,0.671321383732878,0.572594487701452,0.570750377216146,0.4891406956386,0.195688411009508,0,0,0,0,0,0,0,0,0,0,0,0,0,0,0,0,0,0,0,0,0,0,0,0,0,0,0,0,0,0,0,0,0,0,0,0,0,0,0,0,0,0,0,0,0,0,0,0,0,0,0,0,0,0,0,0,0,0,0,0
0,0,0,0,0,0,0,0,0,0,0,0,0,0,0,0,0,0,0,0,0,0,0,0,0,0,0,0,0,0,0,0,0,0,0,0,0,0,0,0,0,0,0,0,0,0,0,0,0,0,0,0,0,0,0,0,0,0,0,0,0.0334345178787485,0.517373242758102,0.555875815632356,0.637981416901885,0.65179313115415,0.65265142714628,0.634372915220843,0.602380713432798,0.59589072425089,0.710436511987054,0.719239908328946,0.823032914081666,0.804713666799707,0.876826342310989,1.12315649376567,1.46244214769758,1.68030046803008,2.02807115185381,2.39219212492085,2.63849843022495,2.81193879690916,2.976,2.976,2.976,2.976,2.976,2.976,2.976,2.976,2.976,2.976,2.976,2.976,2.976,2.976,2.976,2.78114882300305,2.976,2.976,2.74780836970734,0.364678824975217,2.74780836970731,2.976,2.976,2.78114882300307,2.976,2.976,2.976,2.976,2.976,2.976,2.976,2.976,2.976,2.976,2.976,2.976,2.976,2.976,2.976,2.81193879690915,2.63849843022493,2.39219212492082,2.02807115185379,1.68030046803007,1.46244214769757,1.12315649376565,0.876826342310982,0.804713666799708,0.823032914081662,0.719239908328945,0.710436511987053,0.595890724250892,0.602380713432796,0.634372915220842,0.652651427146281,0.651793131154151,0.637981416901887,0.555875815632356,0.517373242758101,0.0334345178787444,0,0,0,0,0,0,0,0,0,0,0,0,0,0,0,0,0,0,0,0,0,0,0,0,0,0,0,0,0,0,0,0,0,0,0,0,0,0,0,0,0,0,0,0,0,0,0,0,0,0,0,0,0,0,0,0,0,0,0
0,0,0,0,0,0,0,0,0,0,0,0,0,0,0,0,0,0,0,0,0,0,0,0,0,0,0,0,0,0,0,0,0,0,0,0,0,0,0,0,0,0,0,0,0,0,0,0,0,0,0,0,0,0,0,0,0,0,0,0,0.318434517878748,0.60747457368072,0.625299974375315,0.673226875816473,0.658197466550651,0.605075974776493,0.625979806983086,0.666706672552426,0.688569747763575,0.78464475431454,0.817352216591897,0.931931344306613,1.04791423561153,1.41207970620134,1.71926390081475,2.23485571371555,2.57303212435674,2.85514474463973,2.976,2.976,2.976,2.976,2.976,2.976,2.976,2.976,2.976,2.976,2.976,2.976,2.67632632928439,2.33979714369106,2.03858873271071,1.40685119569304,2.41572756864268,1.61155264922072,1.43357663257567,1.40685119569304,1.79306882552685,1.24375380000281,0.260122349846643,1.24375380000285,1.79306882552691,1.406851195693,1.43357663257571,1.61155264922075,2.41572756864268,1.40685119569303,2.03858873271077,2.33979714369112,2.67632632928441,2.976,2.976,2.976,2.976,2.976,2.976,2.976,2.976,2.976,2.976,2.976,2.976,2.85514474463973,2.57303212435672,2.23485571371552,1.71926390081473,1.41207970620133,1.04791423561154,0.931931344306598,0.817352216591895,0.784644754314539,0.688569747763572,0.666706672552426,0.625979806983088,0.605075974776495,0.658197466550648,0.673226875816473,0.625299974375317,0.60747457368072,0.318434517878744,0,0,0,0,0,0,0,0,0,0,0,0,0,0,0,0,0,0,0,0,0,0,0,0,0,0,0,0,0,0,0,0,0,0,0,0,0,0,0,0,0,0,0,0,0,0,0,0,0,0,0,0,0,0,0,0,0,0,0
0,0,0,0,0,0,0,0,0,0,0,0,0,0,0,0,0,0,0,0,0,0,0,0,0,0,0,0,0,0,0,0,0,0,0,0,0,0,0,0,0,0,0,0,0,0,0,0,0,0,0,0,0,0,0,0,0,0,0,0.123856040401149,0.591718545376499,0.675413799607175,0.684,0.62568208648861,0.606095768379703,0.653051069293444,0.744,0.744,0.744,0.952140633150799,1.06556921483041,1.39190803108919,1.81689681489642,2.1715808534998,2.45330307464704,2.92506916927694,2.96513176678321,2.976,2.976,2.976,2.976,2.976,2.976,2.976,2.976,2.976,2.81263541655139,2.40333302516532,2.17665109038007,1.60457979997181,1.03395096889325,1.2927305636905,1.19824319511705,1.19741315942642,1.2541207751146,1.42776322666994,1.48965051823017,1.30064812978062,1.47429058133595,1.57676056827555,0.386122891677852,1.57676056827553,1.47429058133594,1.30064812978061,1.48965051823018,1.42776322666992,1.25412077511459,1.19741315942641,1.19824319511704,1.29273056369051,1.03395096889323,1.60457979997183,2.17665109038016,2.40333302516539,2.81263541655142,2.976,2.976,2.976,2.976,2.976,2.976,2.976,2.976,2.976,2.96513176678321,2.92506916927694,2.45330307464702,2.17158085349979,1.81689681489639,1.39190803108917,1.06556921483042,0.952140633150795,0.744,0.744,0.744,0.653051069293439,0.606095768379705,0.625682086488611,0.684,0.675413799607174,0.591718545376502,0.123856040401145,0,0,0,0,0,0,0,0,0,0,0,0,0,0,0,0,0,0,0,0,0,0,0,0,0,0,0,0,0,0,0,0,0,0,0,0,0,0,0,0,0,0,0,0,0,0,0,0,0,0,0,0,0,0,0,0,0,0
0,0,0,0,0,0,0,0,0,0,0,0,0,0,0,0,0,0,0,0,0,0,0,0,0,0,0,0,0,0,0,0,0,0,0,0,0,0,0,0,0,0,0,0,0,0,0,0,0,0,0,0,0,0,0,0,0,0,0,0.473760045265936,0.684,0.66491412628594,0.65780104851301,0.618521909127194,0.744,0.735826452767541,0.744,0.837506929344199,0.963149242726614,1.32694496555285,1.76879785173832,2.08095717303406,2.63647809087282,2.86773510789683,2.976,2.976,2.976,2.976,2.976,2.976,2.976,2.976,2.96844402554119,2.48636842836238,2.27300405667595,1.79073616583908,0.987423614227234,1.2335394792363,1.33470851733791,1.50835096889325,1.68043289710991,1.71079222590021,1.72741719341101,1.71201493880131,1.89908213415383,1.8670337531756,1.90291996592729,2.02091018517958,1.90532149831117,1.74510888330459,0.0138919275005644,1.74510888330459,1.90532149831118,2.02091018517957,1.9029199659273,1.86703375317559,1.89908213415383,1.7120149388013,1.727417193411,1.71079222590021,1.68043289710989,1.50835096889323,1.33470851733789,1.23353947923633,0.987423614227217,1.79073616583911,2.27300405667603,2.48636842836243,2.96844402554119,2.976,2.976,2.976,2.976,2.976,2.976,2.976,2.976,2.86773510789682,2.63647809087279,2.08095717303403,1.7687978517383,1.32694496555284,0.963149242726607,0.837506929344199,0.744,0.73582645276754,0.744,0.618521909127193,0.657801048513009,0.664914126285939,0.684,0.473760045265931,0,0,0,0,0,0,0,0,0,0,0,0,0,0,0,0,0,0,0,0,0,0,0,0,0,0,0,0,0,0,0,0,0,0,0,0,0,0,0,0,0,0,0,0,0,0,0,0,0,0,0,0,0,0,0,0,0,0
0,0,0,0,0,0,0,0,0,0,0,0,0,0,0,0,0,0,0,0,0,0,0,0,0,0,0,0,0,0,0,0,0,0,0,0,0,0,0,0,0,0,0,0,0,0,0,0,0,0,0,0,0,0,0,0,0,0,0.223398669077383,0.677634569547087,0.678791254056784,0.601888198200727,0.597576601664544,0.692921909127194,0.744,0.765527746401215,0.852898430224946,1.15760354267712,1.44407840289286,1.85600750783084,2.56764594716647,2.78210720548559,2.95510579172055,2.976,2.976,2.976,2.976,2.976,2.976,2.58890335328221,2.30564785175884,1.95282978331361,1.22521444215529,1.15028564638938,1.33831945533821,1.46182361422724,1.63546606578257,1.73119585351144,1.85558179308246,1.98943042072812,1.93021820756472,2.21728607599957,2.52903706719947,2.62696577417827,2.83360304440264,3.00940446104668,3.19703560238269,3.32066480269635,3.51905227788711,3.39470671468562,0.745535010113743,3.39470671468555,3.51905227788708,3.32066480269632,3.19703560238266,3.00940446104665,2.8336030444026,2.62696577417826,2.52903706719944,2.21728607599955,1.93021820756469,1.9894304207281,1.85558179308245,1.73119585351142,1.63546606578255,1.46182361422721,1.3383194553382,1.15028564638942,1.22521444215527,1.95282978331364,2.3056478517589,2.58890335328223,2.976,2.976,2.976,2.976,2.976,2.976,2.95510579172055,2.78210720548558,2.56764594716646,1.85600750783082,1.44407840289285,1.15760354267711,0.852898430224938,0.765527746401215,0.744,0.692921909127193,0.597576601664544,0.601888198200727,0.678791254056785,0.677634569547086,0.223398669077378,0,0,0,0,0,0,0,0,0,0,0,0,0,0,0,0,0,0,0,0,0,0,0,0,0,0,0,0,0,0,0,0,0,0,0,0,0,0,0,0,0,0,0,0,0,0,0,0,0,0,0,0,0,0,0,0,0
0,0,0,0,0,0,0,0,0,0,0,0,0,0,0,0,0,0,0,0,0,0,0,0,0,0,0,0,0,0,0,0,0,0,0,0,0,0,0,0,0,0,0,0,0,0,0,0,0,0,0,0,0,0,0,0,0,0,0.565398669077383,0.622494309912843,0.605462270115514,0.658392748960944,0.716363543241222,0.749554088712202,0.75238595627716,0.939241982012747,1.27368919660903,1.6527943090612,2.23032236748248,2.60920449808688,2.976,2.976,2.976,2.976,2.976,2.976,2.976,2.84029713167217,2.67776985651681,0.952658990631215,1.16687418704169,1.35880732311313,1.58893871111656,1.70866345167789,1.81601919747026,1.98035883416112,1.98991088477519,2.26982823497985,2.8871288660376,3.21335725522246,3.64882717491853,3.88445804177953,4.33141793438403,4.27640761504101,4.49643046275271,4.64970220676057,4.53765822249776,4.60000833629608,4.61173384240217,3.53812303684312,0,3.53812303684321,4.61173384240216,4.60000833629607,4.53765822249776,4.64970220676054,4.49643046275272,4.27640761504099,4.331417934384,3.88445804177946,3.64882717491848,3.2133572552224,2.88712886603756,2.26982823497984,1.98991088477514,1.9803588341611,1.81601919747025,1.70866345167787,1.58893871111654,1.35880732311312,1.1668741870417,0.952658990631202,2.67776985651688,2.84029713167219,2.976,2.976,2.976,2.976,2.976,2.976,2.976,2.60920449808688,2.23032236748245,1.65279430906119,1.27368919660902,0.939241982012752,0.752385956277158,0.749554088712202,0.716363543241225,0.658392748960943,0.605462270115513,0.622494309912844,0.565398669077378,0,0,0,0,0,0,0,0,0,0,0,0,0,0,0,0,0,0,0,0,0,0,0,0,0,0,0,0,0,0,0,0,0,0,0,0,0,0,0,0,0,0,0,0,0,0,0,0,0,0,0,0,0,0,0,0,0
0,0,0,0,0,0,0,0,0,0,0,0,0,0,0,0,0,0,0,0,0,0,0,0,0,0,0,0,0,0,0,0,0,0,0,0,0,0,0,0,0,0,0,0,0,0,0,0,0,0,0,0,0,0,0,0,0,0.310776604791813,0.654997365768901,0.623863588794695,0.688555980182116,0.733960257355885,0.744,0.85190202813033,1.20825042590373,1.47778226726483,1.92610353300232,2.39004148777881,2.96390230427173,2.976,2.976,2.976,2.976,2.976,2.976,2.87658995217225,1.85524641292091,1.38494807643268,1.41743783463144,1.24165380800589,1.50918609733546,1.761445448756,1.9613534931242,1.99419116778039,2.62269215962747,3.20604292452508,3.69113068905502,4.15045527152833,4.41884463600926,4.744,4.744,4.744,4.744,4.744,4.744,4.744,4.744,4.70896337845646,4.744,4.744,0.860797647750531,4.744,4.744,4.70896337845647,4.744,4.744,4.744,4.744,4.744,4.744,4.744,4.744,4.41884463600922,4.15045527152827,3.69113068905494,3.206042924525,2.62269215962742,1.99419116778038,1.96135349312417,1.76144544875598,1.50918609733544,1.24165380800587,1.41743783463146,1.38494807643274,1.85524641292094,2.87658995217232,2.976,2.976,2.976,2.976,2.976,2.976,2.9639023042717,2.3900414877788,1.92610353300231,1.47778226726482,1.20825042590373,0.851902028130331,0.744,0.733960257355884,0.688555980182119,0.623863588794694,0.654997365768902,0.310776604791807,0,0,0,0,0,0,0,0,0,0,0,0,0,0,0,0,0,0,0,0,0,0,0,0,0,0,0,0,0,0,0,0,0,0,0,0,0,0,0,0,0,0,0,0,0,0,0,0,0,0,0,0,0,0,0,0
0,0,0,0,0,0,0,0,0,0,0,0,0,0,0,0,0,0,0,0,0,0,0,0,0,0,0,0,0,0,0,0,0,0,0,0,0,0,0,0,0,0,0,0,0,0,0,0,0,0,0,0,0,0,0,0,0.0562793941812854,0.574279660647871,0.603357527759618,0.698263588794695,0.744,0.805309591189436,0.920819972103804,1.15447027102193,1.80372110005265,2.16855722826232,2.73558999600877,2.96759339235065,2.976,2.976,2.976,2.976,2.976,2.976,2.32495980868912,1.86298995217225,1.14570612888835,1.54241135645055,1.68323808005883,1.88667239737223,1.96528420448584,2.58176577320753,3.19632627359239,3.71699184345143,4.24881545638431,4.71605396479955,4.744,4.74192688040195,4.744,4.744,4.744,4.744,4.32144359345823,4.30239932198581,3.18863728574159,4.744,3.72300475442959,2.81182125922464,3.34505772415849,3.16117485338882,0,3.16117485338899,3.34505772415845,2.81182125922474,3.72300475442962,4.744,3.18863728574156,4.30239932198592,4.32144359345829,4.744,4.744,4.744,4.744,4.74192688040195,4.744,4.71605396479954,4.24881545638427,3.71699184345134,3.19632627359232,2.58176577320749,1.96528420448583,1.88667239737222,1.68323808005882,1.54241135645053,1.14570612888834,1.86298995217232,2.32495980868916,2.976,2.976,2.976,2.976,2.976,2.976,2.96759339235066,2.73558999600876,2.16855722826232,1.80372110005265,1.15447027102193,0.920819972103805,0.805309591189437,0.744,0.698263588794694,0.603357527759618,0.574279660647865,0.0562793941812896,0,0,0,0,0,0,0,0,0,0,0,0,0,0,0,0,0,0,0,0,0,0,0,0,0,0,0,0,0,0,0,0,0,0,0,0,0,0,0,0,0,0,0,0,0,0,0,0,0,0,0,0,0,0,0
0,0,0,0,0,0,0,0,0,0,0,0,0,0,0,0,0,0,0,0,0,0,0,0,0,0,0,0,0,0,0,0,0,0,0,0,0,0,0,0,0,0,0,0,0,0,0,0,0,0,0,0,0,0,0,0,0.353879394181285,0.652510215229539,0.677489105502082,0.767969214830414,0.805693106534466,0.881592748960944,1.324890701481,1.77907016056537,2.45564497522765,2.90152427830199,2.976,2.976,2.976,2.976,2.976,2.976,2.06181004782769,1.23843841708012,1.12996958088982,1.36876890489521,1.54241135645055,1.79374858044369,2.15564529099156,2.7317949757863,3.29161439794091,4.06026570466967,4.744,4.73692708310326,4.744,4.744,4.744,4.744,4.47596445507375,4.31597113542058,3.67897298629626,2.50887681782925,2.14923041458214,2.01225424951805,1.91417827025245,2.39650436152136,1.99693196226926,2.04493306765269,2.1349949355951,1.92746560286136,0.21714187335537,1.92746560286135,2.13499493559508,2.04493306765268,1.99693196226925,2.39650436152138,1.91417827025243,2.01225424951805,2.14923041458222,2.50887681782938,3.67897298629636,4.31597113542067,4.4759644550738,4.744,4.744,4.744,4.744,4.73692708310325,4.744,4.06026570466963,3.29161439794086,2.73179497578623,2.15564529099154,1.79374858044367,1.54241135645053,1.36876890489519,1.1299695808898,1.23843841708012,2.06181004782776,2.976,2.976,2.976,2.976,2.976,2.976,2.90152427830199,2.45564497522764,1.77907016056537,1.324890701481,0.881592748960943,0.80569310653447,0.767969214830414,0.677489105502085,0.65251021522954,0.35387939418129,0,0,0,0,0,0,0,0,0,0,0,0,0,0,0,0,0,0,0,0,0,0,0,0,0,0,0,0,0,0,0,0,0,0,0,0,0,0,0,0,0,0,0,0,0,0,0,0,0,0,0,0,0,0,0
0,0,0,0,0,0,0,0,0,0,0,0,0,0,0,0,0,0,0,0,0,0,0,0,0,0,0,0,0,0,0,0,0,0,0,0,0,0,0,0,0,0,0,0,0,0,0,0,0,0,0,0,0,0,0,0.13602107384879,0.609269848545321,0.738134428628447,0.744,0.847063588794695,1.09268177988514,1.37337637476253,1.94393650231224,2.48748264418796,2.976,2.976,2.976,2.976,2.976,2.976,2.53222344493133,1.51527834216631,1.07372560051051,1.27867809822773,1.6872389364481,1.83390058579728,2.29252014438046,2.82433708885895,3.53244961658046,4.46520739035664,4.65253952192179,4.69001135612696,4.744,4.744,4.53905474297616,4.3101282327047,3.99658054236512,3.02947830805255,2.54896313266022,2.33075921228319,2.13601577253296,2.18899794340389,2.41857113851317,2.47129810014963,2.37292141883109,2.80695939414295,2.84476505375431,3.00774223988071,3.15120610064711,3.11170512538289,0.812181682170364,3.11170512538278,3.15120610064703,3.00774223988068,2.8447650537543,2.80695939414292,2.37292141883105,2.47129810014961,2.41857113851312,2.18899794340387,2.13601577253293,2.33075921228323,2.5489631326603,3.02947830805265,3.99658054236525,4.3101282327048,4.53905474297621,4.744,4.744,4.69001135612695,4.65253952192177,4.46520739035663,3.5324496165804,2.82433708885889,2.29252014438042,1.83390058579727,1.68723893644808,1.27867809822772,1.07372560051057,1.51527834216631,2.53222344493137,2.976,2.976,2.976,2.976,2.976,2.976,2.48748264418796,1.94393650231224,1.37337637476253,1.09268177988514,0.847063588794694,0.744,0.738134428628446,0.609269848545322,0.136021073848786,0,0,0,0,0,0,0,0,0,0,0,0,0,0,0,0,0,0,0,0,0,0,0,0,0,0,0,0,0,0,0,0,0,0,0,0,0,0,0,0,0,0,0,0,0,0,0,0,0,0,0,0,0,0
0,0,0,0,0,0,0,0,0,0,0,0,0,0,0,0,0,0,0,0,0,0,0,0,0,0,0,0,0,0,0,0,0,0,0,0,0,0,0,0,0,0,0,0,0,0,0,0,0,0,0,0,0,0,0,0.43362107384879,0.683669848545321,0.744,0.841198017423142,1.09201382280973,1.54239623640978,1.98808058703321,2.73323752262509,2.9098450856842,2.976,2.976,2.976,2.976,2.976,1.99346793940168,1.4913609959031,1.16639348801569,1.51579619199413,1.75771225777669,2.0890258675426,2.5298349706778,3.69880477689916,4.26423456495159,4.58802104538301,4.744,4.744,4.28274246715788,4.18038998608834,2.90559322880544,2.23988643505817,2.30695402867341,2.05082009829892,2.42006510958232,2.56933548025504,3.0184735697979,3.40639107212223,3.63915767766481,4.33346767635541,4.57729364683941,4.81559854397951,5.36665665473588,5.63640704670981,5.88547167274166,6.42445727656889,6.04316046238075,1.55101393924895,6.04316046238066,6.42445727656879,5.88547167274162,5.63640704670975,5.3666566547358,4.8155985439794,4.57729364683935,4.33346767635532,3.63915767766475,3.40639107212216,3.01847356979783,2.56933548025496,2.42006510958228,2.05082009829888,2.30695402867346,2.23988643505829,2.90559322880555,4.18038998608847,4.28274246715796,4.744,4.744,4.58802104538299,4.26423456495154,3.69880477689909,2.52983497067774,2.08902586754256,1.75771225777669,1.5157961919941,1.16639348801568,1.49136099590314,1.9934679394017,2.976,2.976,2.976,2.976,2.976,2.9098450856842,2.73323752262508,1.98808058703322,1.54239623640978,1.09201382280973,0.84119801742314,0.744,0.683669848545322,0.433621073848786,0,0,0,0,0,0,0,0,0,0,0,0,0,0,0,0,0,0,0,0,0,0,0,0,0,0,0,0,0,0,0,0,0,0,0,0,0,0,0,0,0,0,0,0,0,0,0,0,0,0,0,0,0,0
0,0,0,0,0,0,0,0,0,0,0,0,0,0,0,0,0,0,0,0,0,0,0,0,0,0,0,0,0,0,0,0,0,0,0,0,0,0,0,0,0,0,0,0,0,0,0,0,0,0,0,0,0,0,0.266159613966177,0.679060780614237,0.744,0.744,0.989998017423142,1.49861501566166,2.12033165632666,2.62232244206035,2.976,2.976,2.976,2.976,2.976,2.42940717282272,1.98903684203494,1.06885745824734,1.32278197380071,1.65202676886874,1.87357212710382,2.31841500669199,3.45384290221843,4.16699324005394,4.70753808005882,4.744,4.744,4.72715411948098,4.744,2.50910448195302,1.92749186086588,2.01270948851363,2.24988041982218,2.62881577253298,3.28638299453939,3.92253967847676,4.56374374915424,5.31540589344251,6.03443233158875,6.32419226790429,7.03513601705849,6.81826061912649,7.09760956559899,7.08865288166164,7.13064200884372,7.168,7.14292886943096,5.06598815627826,0,5.06598815627847,7.14292886943096,7.168,7.13064200884372,7.08865288166161,7.09760956559899,6.81826061912647,7.03513601705845,6.32419226790422,6.03443233158863,5.3154058934424,4.56374374915416,3.92253967847667,3.28638299453931,2.6288157725329,2.24988041982215,2.01270948851359,1.92749186086588,2.50910448195312,4.744,4.72715411948103,4.744,4.744,4.70753808005881,4.16699324005389,3.45384290221834,2.31841500669198,1.8735721271038,1.65202676886873,1.3227819738007,1.06885745824733,1.98903684203501,2.42940717282274,2.976,2.976,2.976,2.976,2.976,2.62232244206035,2.12033165632666,1.49861501566166,0.98999801742314,0.744,0.744,0.679060780614238,0.266159613966173,0,0,0,0,0,0,0,0,0,0,0,0,0,0,0,0,0,0,0,0,0,0,0,0,0,0,0,0,0,0,0,0,0,0,0,0,0,0,0,0,0,0,0,0,0,0,0,0,0,0,0,0,0
0,0,0,0,0,0,0,0,0,0,0,0,0,0,0,0,0,0,0,0,0,0,0,0,0,0,0,0,0,0,0,0,0,0,0,0,0,0,0,0,0,0,0,0,0,0,0,0,0,0,0,0,0,0,0.641703441895369,0.744,0.814804790757314,1.05604009054283,1.44257876046638,2.08706907816999,2.89209422762906,2.95247576039723,2.976,2.976,2.976,2.976,2.45945023913858,0.98607000892266,1.14146176841439,1.48540394314009,1.75093835065082,2.10594711562691,2.77487875159213,3.80455022533155,4.66661090578747,4.744,4.744,4.744,3.02953413921487,2.80040704413379,2.29383476377255,2.22957481066967,2.25406150656706,2.71101819050442,3.94886496078071,4.75623074265487,5.73396240732089,6.32745731371448,6.87059972902328,6.89879415202976,7.168,7.168,7.168,6.17824417483391,5.08474853059181,4.27877073888758,3.03063057620692,5.26319510513502,3.16458869858787,2.60010100646732,0.480334597624986,2.60010100646748,3.16458869858808,5.26319510513517,3.03063057620695,4.27877073888775,5.08474853059198,6.17824417483398,7.168,7.168,7.168,6.89879415202984,6.87059972902323,6.32745731371439,5.73396240732076,4.75623074265472,3.9488649607806,2.71101819050439,2.25406150656702,2.22957481066966,2.29383476377257,2.80040704413388,3.02953413921501,4.744,4.744,4.744,4.66661090578747,3.80455022533151,2.77487875159206,2.10594711562689,1.75093835065081,1.48540394314008,1.1414617684144,0.986070008922654,2.45945023913862,2.976,2.976,2.976,2.976,2.95247576039723,2.89209422762907,2.08706907816999,1.44257876046638,1.05604009054284,0.814804790757318,0.744,0.641703441895364,0,0,0,0,0,0,0,0,0,0,0,0,0,0,0,0,0,0,0,0,0,0,0,0,0,0,0,0,0,0,0,0,0,0,0,0,0,0,0,0,0,0,0,0,0,0,0,0,0,0,0,0,0
0,0,0,0,0,0,0,0,0,0,0,0,0,0,0,0,0,0,0,0,0,0,0,0,0,0,0,0,0,0,0,0,0,0,0,0,0,0,0,0,0,0,0,0,0,0,0,0,0,0,0,0,0,0.36938054147974,0.77994349655953,0.802758476342521,0.967843616690887,1.72662911461278,2.07912490234209,2.70918988555221,2.976,2.976,2.976,2.976,2.94525693234868,2.67627607144971,1.44585023913859,1.24332406489031,1.61355599375415,1.95329770142418,2.33023260453488,3.40516482662094,4.41739148266212,4.63543251466112,4.744,4.744,3.82841458616739,3.61906896997534,1.94642493424185,2.15824286965779,2.34591341038949,3.18896440014487,4.25389612858304,5.07123411720815,6.30459485056561,7.168,7.168,7.168,4.38679819916052,3.40595063474306,3.72322564880287,4.59440766687535,3.34536223015151,2.15020224961577,2.33130956086701,2.08150956086701,2.2432788133985,2.3820674165386,2.33130956086701,1.55339441359314,0,1.55339441359314,2.331309560867,2.38206741653858,2.24327881339849,2.08150956086701,2.33130956086701,2.15020224961575,3.34536223015167,4.59440766687558,3.72322564880294,3.40595063474326,4.3867981991607,7.168,7.168,7.168,6.30459485056552,5.071234117208,4.25389612858291,3.18896440014481,2.34591341038947,2.15824286965777,1.94642493424183,3.61906896997545,3.82841458616748,4.744,4.744,4.6354325146611,4.41739148266205,3.40516482662089,2.33023260453483,1.95329770142418,1.61355599375413,1.2433240648903,1.44585023913862,2.67627607144968,2.94525693234869,2.976,2.976,2.976,2.976,2.7091898855522,2.07912490234209,1.72662911461278,0.967843616690892,0.802758476342525,0.779943496559532,0.36938054147975,0,0,0,0,0,0,0,0,0,0,0,0,0,0,0,0,0,0,0,0,0,0,0,0,0,0,0,0,0,0,0,0,0,0,0,0,0,0,0,0,0,0,0,0,0,0,0,0,0,0,0,0
0,0,0,0,0,0,0,0,0,0,0,0,0,0,0,0,0,0,0,0,0,0,0,0,0,0,0,0,0,0,0,0,0,0,0,0,0,0,0,0,0,0,0,0,0,0,0,0,0,0,0,0,0.0970576410641207,0.74138054147974,0.804014979782995,1.00340728691772,1.41436703069006,2.05726232136488,2.58168457153654,2.976,2.976,2.976,2.976,2.976,1.91626363624223,1.13323916177964,1.3222415502292,1.49495599375414,1.89136651644565,2.73301847653879,3.9264088328668,4.55346922042408,4.744,4.744,4.45638113648171,4.52592307065165,2.06396956005822,1.99856508038082,2.52081626145256,3.12857695229531,4.36795854921716,5.59741117579029,6.72113039459275,7.1443221682083,7.11546430717125,7.04927919269996,5.58462296769016,4.80006496473531,2.08015256024927,2.10120337442366,2.28406966615436,2.46693595788507,2.64980224961577,2.85329260374299,3.03182458883325,2.92175582677131,3.27295597555237,3.21293355948825,3.53606842528576,2.99267881339849,0.479278059668663,2.9926788133984,3.53606842528571,3.21293355948819,3.27295597555234,2.92175582677124,3.03182458883322,2.85329260374295,2.64980224961575,2.46693595788504,2.28406966615434,2.10120337442363,2.08015256024925,4.80006496473562,5.58462296769037,7.04927919270005,7.11546430717123,7.14432216820826,6.72113039459272,5.59741117579019,4.36795854921702,3.12857695229519,2.52081626145252,1.99856508038079,2.06396956005832,4.52592307065176,4.45638113648178,4.744,4.744,4.55346922042407,3.92640883286675,2.73301847653877,1.89136651644563,1.49495599375413,1.32224155022919,1.13323916177962,1.91626363624224,2.976,2.976,2.976,2.976,2.976,2.58168457153654,2.05726232136489,1.41436703069006,1.00340728691772,0.804014979782992,0.74138054147975,0.0970576410641207,0,0,0,0,0,0,0,0,0,0,0,0,0,0,0,0,0,0,0,0,0,0,0,0,0,0,0,0,0,0,0,0,0,0,0,0,0,0,0,0,0,0,0,0,0,0,0,0,0,0,0
0,0,0,0,0,0,0,0,0,0,0,0,0,0,0,0,0,0,0,0,0,0,0,0,0,0,0,0,0,0,0,0,0,0,0,0,0,0,0,0,0,0,0,0,0,0,0,0,0,0,0,0,0.469057641064121,0.810370518138894,0.965104433183794,1.3758591459361,2.00551258440433,2.88491438194676,2.92943460398808,2.976,2.976,2.976,2.74121195559483,2.65827033479403,0.959596710224293,1.37043916177964,1.78128161333497,2.01162579997549,3.05399389341834,4.06763920704011,4.744,4.744,4.744,4.744,2.82527227523768,2.12402518304842,2.32819781585965,2.90516257737988,4.35105181879299,6.20908116383028,6.89901111201817,7.11233071345334,5.90914931964857,4.95150787685088,4.10917535981462,2.50763138914761,2.23507079096224,2.45172199723234,2.60080337442366,2.78366966615436,3.2886373982387,3.6953440751516,4.14661380341587,4.54322552889287,4.79139871618494,5.10366595004227,5.39584326913632,5.42462006179364,4.74447314278103,3.49289212467936,0,3.49289212467948,4.74447314278106,5.42462006179359,5.39584326913625,5.10366595004219,4.79139871618494,4.54322552889281,4.14661380341579,3.69534407515151,3.28863739823862,2.78366966615433,2.60080337442363,2.45172199723234,2.23507079096221,2.5076313891477,4.10917535981481,4.95150787685114,5.90914931964873,7.11233071345332,6.89901111201809,6.2090811638302,4.35105181879287,2.90516257737978,2.32819781585963,2.12402518304842,2.82527227523777,4.744,4.744,4.744,4.744,4.06763920704007,3.05399389341826,2.01162579997548,1.78128161333496,1.37043916177962,0.959596710224289,2.65827033479405,2.74121195559483,2.976,2.976,2.976,2.92943460398808,2.88491438194676,2.00551258440434,1.37585914593609,0.965104433183799,0.810370518138898,0.469057641064121,0,0,0,0,0,0,0,0,0,0,0,0,0,0,0,0,0,0,0,0,0,0,0,0,0,0,0,0,0,0,0,0,0,0,0,0,0,0,0,0,0,0,0,0,0,0,0,0,0,0,0
0,0,0,0,0,0,0,0,0,0,0,0,0,0,0,0,0,0,0,0,0,0,0,0,0,0,0,0,0,0,0,0,0,0,0,0,0,0,0,0,0,0,0,0,0,0,0,0,0,0,0,0.196734740648502,0.76854448784796,0.892276108295948,1.37963283950377,1.95457855890288,2.62997209758876,2.976,2.976,2.976,2.976,2.976,1.37307703334587,1.23180774187326,1.29230781871307,1.60763916177964,2.26373310013482,3.08773174879277,4.71301246080163,4.71111843192549,4.744,4.744,3.4554986625298,2.38058027975517,2.2506803985648,2.53083701873008,3.57593389132115,5.42584738674015,6.54292814668029,7.08578988707842,6.6496853949056,5.90046304446967,2.01309256286354,2.02611574838652,2.41969606317242,2.73467079096225,3.06954568551675,3.60606116307309,4.09967271196093,4.80552329234848,5.39531972908902,5.98887724715967,5.16742022729501,4.21889904996986,3.84803897958575,3.42238316976988,5.07653784221402,3.32864512013154,2.6933554004549,2.21265932326046,0.207495354147568,2.21265932326043,2.69335540045501,3.32864512013161,5.07653784221418,3.42238316976991,3.84803897958587,4.21889904996996,5.16742022729509,5.98887724715957,5.39531972908898,4.80552329234837,4.0996727119608,3.60606116307298,3.06954568551669,2.73467079096221,2.41969606317239,2.02611574838657,2.01309256286353,5.90046304446985,6.64968539490567,7.08578988707841,6.54292814668021,5.42584738674002,3.57593389132108,2.53083701872999,2.25068039856478,2.38058027975521,3.4554986625299,4.744,4.744,4.71111843192549,4.71301246080154,3.08773174879273,2.26373310013479,1.60763916177962,1.29230781871307,1.23180774187326,1.37307703334588,2.976,2.976,2.976,2.976,2.976,2.62997209758876,1.95457855890289,1.37963283950379,0.89227610829595,0.76854448784796,0.196734740648502,0,0,0,0,0,0,0,0,0,0,0,0,0,0,0,0,0,0,0,0,0,0,0,0,0,0,0,0,0,0,0,0,0,0,0,0,0,0,0,0,0,0,0,0,0,0,0,0,0,0
0,0,0,0,0,0,0,0,0,0,0,0,0,0,0,0,0,0,0,0,0,0,0,0,0,0,0,0,0,0,0,0,0,0,0,0,0,0,0,0,0,0,0,0,0,0,0,0,0,0,0,0.568734740648502,0.919384984338342,1.33671722882643,1.94912084326088,2.40202634231099,2.976,2.976,2.976,2.976,2.976,2.11508373189767,1.08671180711362,1.42363657062876,1.90511106322832,2.01101444352495,3.58662401962986,4.34124116745682,4.744,4.744,4.03978696027909,2.61392146653786,2.25640791304264,2.12616081838697,3.04444535140139,4.58625152118976,6.01954657101582,6.97756713697693,6.40747782668177,3.88370373850358,2.54157764956408,2.71990571176666,2.36893820750084,2.70212345911313,3.16520996141855,4.00715825622313,4.75685007983477,5.52720469705119,5.82232424622565,4.66582218765373,4.16752666962635,3.46573630920353,2.6128,2.6128,2.61310001402842,2.6128,2.6128,2.6128,2.65264724243177,2.29064628244654,0.272791179458753,2.29064628244653,2.65264724243176,2.6128,2.6128,2.6128,2.61310001402842,2.6128,2.6128,3.46573630920367,4.16752666962653,4.66582218765386,5.82232424622569,5.5272046970511,4.7568500798347,4.00715825622301,3.16520996141844,2.70212345911308,2.3689382075008,2.71990571176673,2.54157764956425,3.88370373850377,6.40747782668196,6.97756713697691,6.01954657101574,4.58625152118963,3.04444535140132,2.12616081838697,2.25640791304271,2.6139214665379,4.03978696027915,4.744,4.744,4.3412411674568,3.58662401962983,2.01101444352495,1.90511106322832,1.42363657062876,1.08671180711361,2.11508373189769,2.976,2.976,2.976,2.976,2.976,2.40202634231098,1.94912084326088,1.33671722882644,0.91938498433834,0.568734740648502,0,0,0,0,0,0,0,0,0,0,0,0,0,0,0,0,0,0,0,0,0,0,0,0,0,0,0,0,0,0,0,0,0,0,0,0,0,0,0,0,0,0,0,0,0,0,0,0,0,0
0,0,0,0,0,0,0,0,0,0,0,0,0,0,0,0,0,0,0,0,0,0,0,0,0,0,0,0,0,0,0,0,0,0,0,0,0,0,0,0,0,0,0,0,0,0,0,0,0,0,0.296411840232873,0.7833469481297,0.99031318909483,1.63444433183793,2.40601244492337,2.81413663211841,2.976,2.976,2.976,2.78212343825418,2.85709043044948,1.10148373189767,1.32391180711362,1.73475425866896,2.39228370856231,3.36515468702541,4.74213301058464,4.744,4.744,3.34224415549699,2.8776178942503,2.00059374518217,2.6335670944622,3.64948457552918,5.40553408263752,6.82477532084664,7.10668881626563,5.16325798555621,3.82267782668177,2.1256796995073,2.18783089624959,2.80294911389122,3.21770368505718,4.20729243697834,5.17738300199656,4.43946369760958,4.05385617503147,3.56425366807484,2.62226665283994,2.6128,2.6128,2.6128,2.6128,2.81953989512478,2.94054178897256,3.05694413898852,2.91946719700838,3.24183267256887,3.24262563611993,3.20745239863188,0.781931129730244,3.20745239863183,3.24262563611989,3.24183267256887,2.91946719700833,3.05694413898848,2.94054178897253,2.81953989512476,2.6128,2.6128,2.6128,2.6128,2.62226665284005,3.564253668075,4.05385617503164,4.43946369760965,5.17738300199644,4.20729243697824,3.21770368505709,2.80294911389117,2.18783089624957,2.12567969950728,3.82267782668196,5.16325798555641,7.1066888162656,6.82477532084662,5.4055340826374,3.6494845755291,2.63356709446215,2.00059374518215,2.87761789425034,3.34224415549706,4.744,4.744,4.74213301058464,3.36515468702534,2.3922837085623,1.73475425866895,1.32391180711361,1.10148373189769,2.85709043044949,2.78212343825419,2.976,2.976,2.976,2.81413663211841,2.40601244492337,1.63444433183794,0.990313189094826,0.7833469481297,0.296411840232883,0,0,0,0,0,0,0,0,0,0,0,0,0,0,0,0,0,0,0,0,0,0,0,0,0,0,0,0,0,0,0,0,0,0,0,0,0,0,0,0,0,0,0,0,0,0,0,0,0
0,0,0,0,0,0,0,0,0,0,0,0,0,0,0,0,0,0,0,0,0,0,0,0,0,0,0,0,0,0,0,0,0,0,0,0,0,0,0,0,0,0,0,0,0,0,0,0,0,0.0289067277807044,0.783713501114874,0.911687636508771,1.4427705181389,2.28174955474666,2.85505525536027,2.976,2.976,2.976,2.976,1.57189712900131,1.18610926055231,1.33699013067288,1.70622311862729,2.19827054945949,3.4893768141292,4.56164571902442,4.744,4.744,3.13229773178397,1.68654845755292,2.35341047429694,2.72547643417424,3.76080006377215,6.12071754483912,6.87830107081281,6.1391004401366,5.02228768148983,2.04930725730043,2.13529094758614,2.69281101429201,2.86853820750083,4.30325551613783,5.24839843867342,5.38104351302744,5.35500413285533,2.6128,2.6128,2.6128,2.6128,2.77225157602959,2.91670229486938,2.96004131481073,3.50645513564106,3.71191872506969,3.82651449386151,3.53377614240333,3.20529295855073,3.29198886152925,2.9654112545958,2.79156003631262,0,2.79156003631268,2.96541125459581,3.29198886152926,3.20529295855077,3.53377614240334,3.82651449386153,3.71191872506968,3.50645513564099,2.96004131481072,2.91670229486935,2.77225157602957,2.6128,2.6128,2.6128,2.6128,5.35500413285548,5.38104351302751,5.24839843867332,4.30325551613773,2.86853820750081,2.69281101429196,2.1352909475861,2.04930725730043,5.02228768149001,6.1391004401367,6.87830107081277,6.12071754483904,3.76080006377207,2.72547643417413,2.35341047429692,1.68654845755291,3.13229773178409,4.744,4.744,4.56164571902439,3.48937681412919,2.19827054945947,1.70622311862729,1.33699013067287,1.18610926055231,1.57189712900132,2.976,2.976,2.976,2.976,2.85505525536027,2.28174955474668,1.4427705181389,0.911687636508775,0.783713501114889,0.0289067277807044,0,0,0,0,0,0,0,0,0,0,0,0,0,0,0,0,0,0,0,0,0,0,0,0,0,0,0,0,0,0,0,0,0,0,0,0,0,0,0,0,0,0,0,0,0,0,0,0
0,0,0,0,0,0,0,0,0,0,0,0,0,0,0,0,0,0,0,0,0,0,0,0,0,0,0,0,0,0,0,0,0,0,0,0,0,0,0,0,0,0,0,0,0,0,0,0,0,0.475306727780704,0.995271353417297,1.26334804987469,1.94089222570259,2.97180886636758,2.9704459112878,2.976,2.976,2.976,2.31390382755311,1.0401844524476,1.39041131151367,1.8480867959603,2.02076322666993,3.54517836849615,4.42540416879521,4.744,4.744,4.43060266715956,1.99244635939588,2.06904730171062,2.92337320047841,5.0464578610371,6.25716278995362,7.168,6.22189753629792,2.00399885720852,2.11759911972673,2.47781175653197,3.00897022855831,4.1372320210575,5.26264279665041,5.04730269559475,3.42889933037901,2.67218691374434,2.79922995316811,2.6128,2.88657970704614,3.05036103124003,3.43571799155384,3.44391264075353,2.97237738768303,2.89777442036528,3.25022843855018,3.65869101569448,3.79964351475399,3.56497447258225,3.68334024092498,4.05953419594202,4.40247050040039,3.95839741217403,0.784606373348663,3.9583974121739,4.4024705004003,4.05953419594194,3.68334024092491,3.56497447258218,3.79964351475393,3.65869101569449,3.25022843855022,2.89777442036529,2.97237738768305,3.44391264075352,3.43571799155377,3.05036103123998,2.88657970704611,2.6128,2.79922995316819,2.67218691374443,3.42889933037911,5.04730269559484,5.26264279665029,4.13723202105741,3.00897022855826,2.47781175653194,2.11759911972679,2.00399885720851,6.2218975362981,7.168,6.25716278995353,5.04645786103698,2.92337320047839,2.06904730171061,1.99244635939598,4.43060266715961,4.744,4.744,4.4254041687952,3.54517836849613,2.02076322666993,1.84808679596029,1.39041131151367,1.0401844524476,2.31390382755313,2.976,2.976,2.976,2.9704459112878,2.9718088663676,1.94089222570259,1.26334804987469,0.995271353417302,0.475306727780704,0,0,0,0,0,0,0,0,0,0,0,0,0,0,0,0,0,0,0,0,0,0,0,0,0,0,0,0,0,0,0,0,0,0,0,0,0,0,0,0,0,0,0,0,0,0,0,0
0,0,0,0,0,0,0,0,0,0,0,0,0,0,0,0,0,0,0,0,0,0,0,0,0,0,0,0,0,0,0,0,0,0,0,0,0,0,0,0,0,0,0,0,0,0,0,0,0.148519247281962,0.902435575926901,1.16016473609315,1.66689857656016,2.53609222570259,2.976,2.976,2.976,2.976,2.976,1.30030382755311,1.2773844524476,1.68822690400294,2.31006372226988,3.19340626434613,4.744,4.744,4.744,3.25837168856137,3.01511779975047,2.25414440813281,3.10548474558818,4.75439985119842,7.168,7.14662262255726,6.76864535841898,3.63709753629792,2.27269943759607,2.7101713533662,3.60656797894256,4.68231293529069,5.59757833989065,4.49849970300331,3.62370457492662,2.6128,2.64227614743469,2.87942462002103,2.96310608782499,3.62727304467969,3.79101293744717,3.57778613675033,3.50959405553265,3.55884952069042,3.91710471304536,4.61638134887158,5.27329053703942,5.45131909587749,5.26512038979047,5.80759306898312,6.33156055813021,6.60741164637164,4.43391869723587,0,4.43391869723567,6.60741164637152,6.33156055813008,5.80759306898302,5.26512038979043,5.45131909587743,5.27329053703934,4.61638134887144,3.91710471304521,3.55884952069033,3.50959405553269,3.57778613675037,3.79101293744717,3.62727304467969,2.96310608782491,2.87942462002098,2.64227614743467,2.6128,3.6237045749268,4.49849970300345,5.59757833989073,4.68231293529058,3.60656797894247,2.71017135336615,2.27269943759605,3.6370975362981,6.76864535841911,7.14662262255724,7.168,4.75439985119832,3.10548474558811,2.2541444081328,3.01511779975053,3.25837168856143,4.744,4.744,4.744,3.19340626434612,2.31006372226987,1.68822690400294,1.2773844524476,1.30030382755313,2.976,2.976,2.976,2.976,2.976,2.53609222570259,1.66689857656017,1.16016473609315,0.902435575926901,0.148519247281962,0,0,0,0,0,0,0,0,0,0,0,0,0,0,0,0,0,0,0,0,0,0,0,0,0,0,0,0,0,0,0,0,0,0,0,0,0,0,0,0,0,0,0,0,0,0,0
0,0,0,0,0,0,0,0,0,0,0,0,0,0,0,0,0,0,0,0,0,0,0,0,0,0,0,0,0,0,0,0,0,0,0,0,0,0,0,0,0,0,0,0,0,0,0,0,0.549251179750002,1.0512355759269,1.54609420827945,2.31065259351503,2.976,2.976,2.976,2.976,2.976,2.04231052610492,1.10374200089227,1.5145844524476,1.97998379875965,2.98562739960289,4.36971234797401,4.744,4.744,3.59081675738974,1.73925764846331,2.27690738940277,2.82989706390746,5.51526619370842,6.64840396439063,7.168,4.83670739110598,2.28970938317377,2.36205168721184,2.59406625576353,3.8334550076847,5.03843427067326,5.06446532328381,4.71726259258026,2.6128,2.6128,2.71890571613083,3.22597144740278,3.3536296067176,3.18855776483391,3.29947140487432,3.80409300471351,4.31805438006094,5.18920382585672,5.76364255164886,6.25995362249454,7.297330832692,7.73384639651786,8.9739261208014,9.84418449436591,10.9518605321898,12.8037602026694,11.1900602026694,12.325033558223,1.88492396155874,12.3250335582224,11.1900602026692,12.8037602026692,10.9518605321896,9.84418449436555,8.97392612080113,7.73384639651772,7.29733083269186,6.25995362249443,5.76364255164874,5.18920382585659,4.31805438006079,3.8040930047134,3.29947140487433,3.18855776483396,3.35362960671761,3.22597144740273,2.71890571613079,2.6128,2.6128,4.71726259258041,5.06446532328391,5.03843427067317,3.83345500768462,2.59406625576346,2.36205168721179,2.28970938317383,4.83670739110616,7.168,6.64840396439058,5.51526619370832,2.82989706390742,2.27690738940275,1.7392576484633,3.59081675738982,4.744,4.744,4.369712347974,2.98562739960288,1.97998379875964,1.5145844524476,1.10374200089226,2.04231052610493,2.976,2.976,2.976,2.976,2.976,2.31065259351504,1.54609420827946,1.0512355759269,0.549251179749998,0,0,0,0,0,0,0,0,0,0,0,0,0,0,0,0,0,0,0,0,0,0,0,0,0,0,0,0,0,0,0,0,0,0,0,0,0,0,0,0,0,0,0,0,0,0,0
0,0,0,0,0,0,0,0,0,0,0,0,0,0,0,0,0,0,0,0,0,0,0,0,0,0,0,0,0,0,0,0,0,0,0,0,0,0,0,0,0,0,0,0,0,0,0,0.223443138986005,0.818259623640981,1.2193067277807,1.99249420827945,2.7656816887782,2.976,2.976,2.976,2.976,2.78431722465675,1.02871052610492,1.34094200089227,1.7517844524476,2.86847388449565,4.01434891860278,4.744,4.744,4.68497312892553,2.38361675738974,2.09122465789599,2.81792165803133,4.90999603560945,6.66393397635064,6.03631724591407,2.81864131128815,2.16911029494464,2.40656685413465,3.29191516692284,4.42114270673239,5.13013980295855,5.57594836014713,2.6128,2.6128,2.6128,3.01515757539109,3.28454723861992,3.35869763456906,3.27580587849077,3.73582349379604,4.18016201507132,4.92896785553742,6.16680330967713,7.37759020405504,9.21043016787789,10.7104010548356,11.8810541375195,13.485925171957,14.331866171498,14.0898581845959,11.6812557406017,8.99757186363618,10.8976509413676,9.47528977716341,0,9.47528977716387,10.8976509413678,8.99757186363661,11.681255740602,14.0898581845958,14.3318661714982,13.4859251719569,11.8810541375192,10.7104010548353,9.2104301678776,7.37759020405487,6.16680330967702,4.92896785553736,4.18016201507121,3.73582349379595,3.27580587849071,3.35869763456907,3.2845472386199,3.01515757539106,2.6128,2.6128,2.6128,5.57594836014725,5.13013980295857,4.4211427067323,3.29191516692278,2.40656685413464,2.16911029494477,2.81864131128832,6.03631724591418,6.66393397635061,4.90999603560933,2.8179216580313,2.09122465789599,2.3836167573898,4.68497312892555,4.744,4.744,4.01434891860277,2.86847388449564,1.7517844524476,1.34094200089226,1.02871052610493,2.78431722465674,2.976,2.976,2.976,2.976,2.7656816887782,1.99249420827946,1.2193067277807,0.818259623640981,0.223443138986016,0,0,0,0,0,0,0,0,0,0,0,0,0,0,0,0,0,0,0,0,0,0,0,0,0,0,0,0,0,0,0,0,0,0,0,0,0,0,0,0,0,0,0,0,0,0
0,0,0,0,0,0,0,0,0,0,0,0,0,0,0,0,0,0,0,0,0,0,0,0,0,0,0,0,0,0,0,0,0,0,0,0,0,0,0,0,0,0,0,0,0,0,0,0.595443138986005,1.04145962364098,1.6657067277807,2.43889420827945,2.976,2.976,2.976,2.976,2.976,1.77071722465675,1.31863925165338,1.63967972080893,2.29478569160925,3.89386586308127,4.66704747641623,4.744,4.744,3.38817312892553,2.24691143882287,2.8411133466174,4.57495233691406,7.11982658694793,7.13558753287908,3.45151724591407,2.2008107036585,2.36333935029233,3.19248035182927,4.400541031052,5.68330263309324,2.86582909829499,2.90762182997065,2.6128,2.84495825964338,3.10953872531204,3.5101064998431,2.97929423327385,3.36159778216121,4.82132813310142,5.59691948243483,7.01146347663123,8.87298841182016,10.6387277609377,12.8862330471996,14.2638746741736,14.1980903670832,12.7758722448377,9.68476999770194,8.11363104661369,6.07943243968006,4.10367137300515,3.85871008652695,3.9687021693146,3.90727352546923,0.274220591688517,3.90727352546923,3.96870216931456,3.85871008652693,4.10367137300508,6.07943243968035,8.11363104661412,9.68476999770239,12.7758722448381,14.1980903670831,14.2638746741737,12.8862330471993,10.6387277609373,8.87298841181977,7.01146347663096,5.59691948243471,4.8213281331013,3.36159778216118,2.97929423327381,3.51010649984312,3.109538725312,2.84495825964335,2.6128,2.90762182997073,2.8658290982951,5.68330263309335,4.40054103105195,3.19248035182921,2.36333935029228,2.20081070365848,3.45151724591418,7.13558753287907,7.1198265869478,4.57495233691398,2.84111334661734,2.24691143882286,3.38817312892555,4.744,4.744,4.66704747641623,3.89386586308126,2.29478569160924,1.63967972080893,1.31863925165338,1.77071722465674,2.976,2.976,2.976,2.976,2.976,2.43889420827946,1.6657067277807,1.04145962364098,0.595443138986016,0,0,0,0,0,0,0,0,0,0,0,0,0,0,0,0,0,0,0,0,0,0,0,0,0,0,0,0,0,0,0,0,0,0,0,0,0,0,0,0,0,0,0,0,0,0
0,0,0,0,0,0,0,0,0,0,0,0,0,0,0,0,0,0,0,0,0,0,0,0,0,0,0,0,0,0,0,0,0,0,0,0,0,0,0,0,0,0,0,0,0,0,0.387744286284464,0.936228435344396,1.33891924728196,2.1121067277807,2.88529420827945,2.976,2.976,2.976,2.976,2.54300722636825,1.05111205507538,1.86019909867386,1.8976,3.46801304627526,4.43608095997059,4.744,3.78164071191207,2.77797741105949,2.17487011558423,2.82484967716734,4.22159202870405,6.21675053540643,7.168,5.34372217331808,2.10776797894253,2.58286854134649,3.4482011248079,4.86901910375044,3.37753346115915,3.28599519329962,2.6128,2.71537350015963,2.82860406679398,3.62090080885318,2.92142537470205,3.2855008869399,4.22596103513043,5.41417012939133,6.87870545390883,8.92388859501534,13.0488183836474,13.8133636765294,13.7142283918151,10.3743780145103,8.396968284036,6.77560110301818,4.16534280869255,4.74322648175092,5.03550601542693,6.98800723104872,7.23270852782336,7.75518109797974,7.42738822380501,7.92696988818382,0.756562529510921,7.92696988818322,7.42738822380453,7.7551810979795,7.2327085278231,6.9880072310485,5.03550601542666,4.74322648175076,4.16534280869241,6.77560110301862,8.39696828403657,10.3743780145108,13.7142283918154,13.8133636765292,13.0488183836473,8.92388859501498,6.87870545390856,5.41417012939119,4.22596103513032,3.28550088693989,2.92142537470206,3.62090080885319,2.82860406679392,2.71537350015961,2.6128,3.28599519329973,3.37753346115923,4.86901910375037,3.44820112480786,2.58286854134646,2.10776797894252,5.34372217331819,7.168,6.21675053540637,4.22159202870399,2.82484967716733,2.17487011558422,2.77797741105953,3.7816407119121,4.744,4.43608095997059,3.46801304627525,1.8976,1.86019909867386,1.05111205507539,2.54300722636826,2.976,2.976,2.976,2.976,2.88529420827946,2.1121067277807,1.33891924728196,0.936228435344406,0.387744286284464,0,0,0,0,0,0,0,0,0,0,0,0,0,0,0,0,0,0,0,0,0,0,0,0,0,0,0,0,0,0,0,0,0,0,0,0,0,0,0,0,0,0,0,0,0
0,0,0,0,0,0,0,0,0,0,0,0,0,0,0,0,0,0,0,0,0,0,0,0,0,0,0,0,0,0,0,0,0,0,0,0,0,0,0,0,0,0,0,0,0,0.0609568057857213,0.834144286284464,1.1309772555944,1.78531924728196,2.5585067277807,2.976,2.976,2.976,2.976,2.976,1.67193124632168,1.60184224885403,1.8976,2.67231000446133,4.3609844524476,4.744,4.744,2.12644071191207,1.90434640095681,2.71247011558423,4.47966188919981,6.53326977546627,6.90271447358491,7.168,2.75892217331808,2.35756797894254,3.33068207500831,4.60673372625293,4.72670474634163,2.6128,2.62640329693985,2.6128,3.33968335639168,3.04280063941764,3.3193095178242,3.64364839211495,4.72271645101454,6.21790018550462,8.61821619292479,12.2793258235323,13.295845784122,8.6846025215061,7.18346770378496,4.61190830759102,4.63820883956407,4.84418751917065,6.51108459541008,8.10503160616725,10.8013428086926,13.275226481751,14.4614748150239,15.3003974193213,14.4982815453266,17.1875386508397,16.6217230229322,4.47552475121213,16.6217230229319,17.1875386508393,14.4982815453266,15.3003974193211,14.4614748150235,13.2752264817505,10.8013428086921,8.10503160616696,6.5110845954098,4.84418751917044,4.63820883956391,4.61190830759141,7.18346770378556,8.68460252150675,13.2958457841218,12.2793258235319,8.61821619292452,6.21790018550439,4.72271645101441,3.64364839211486,3.31930951782421,3.04280063941767,3.33968335639163,2.6128,2.62640329693984,2.6128,4.72670474634168,4.60673372625284,3.33068207500824,2.35756797894252,2.75892217331819,7.168,6.90271447358497,6.53326977546624,4.47966188919972,2.71247011558422,1.9043464009568,2.1264407119121,4.744,4.744,4.3609844524476,2.67231000446132,1.8976,1.60184224885403,1.67193124632168,2.976,2.976,2.976,2.976,2.976,2.5585067277807,1.78531924728196,1.13097725559441,0.834144286284464,0.0609568057857213,0,0,0,0,0,0,0,0,0,0,0,0,0,0,0,0,0,0,0,0,0,0,0,0,0,0,0,0,0,0,0,0,0,0,0,0,0,0,0,0,0,0,0,0
0,0,0,0,0,0,0,0,0,0,0,0,0,0,0,0,0,0,0,0,0,0,0,0,0,0,0,0,0,0,0,0,0,0,0,0,0,0,0,0,0,0,0,0,0,0.507356805785721,1.02204809542815,1.43254909639139,2.23171924728196,2.976,2.976,2.976,2.976,2.976,2.32711671909582,1.34862196933938,1.91533442981737,1.96383771959308,4.16837976542222,4.64057417771786,4.744,3.38237874414179,1.64197939152411,2.33524959213785,3.31190948851363,6.27766617245103,6.99224742925486,3.95853202812617,2.74592307926718,2.44498873393758,3.33050956086703,4.73328384752209,6.66277810221353,3.2849828305715,2.6128,2.971431690628,3.45715303426827,3.68255002813534,3.14116617391242,4.03126277263776,5.32750735675362,7.4537236234183,10.6335756380278,12.9053591121186,11.3813585304639,9.76769300984006,3.84845735921315,4.05142569036374,6.37297347403752,9.31540343474823,12.6621771707147,14.5256773274204,16.9145695411725,17.9048051402306,18.7291900670787,15.8667821498664,11.6889404716639,9.56883534054105,8.46106427315923,11.2452401089775,0,11.2452401089782,8.4610642731595,9.56883534054138,11.6889404716644,15.8667821498668,18.729190067079,17.9048051402308,16.9145695411721,14.5256773274199,12.6621771707141,9.31540343474779,6.37297347403731,4.05142569036369,3.84845735921312,9.76769300984071,11.3813585304644,12.9053591121184,10.6335756380274,7.45372362341808,5.32750735675353,4.03126277263761,3.14116617391234,3.68255002813536,3.45715303426822,2.97143169062798,2.6128,3.28498283057157,6.6627781022134,4.73328384752205,3.33050956086697,2.44498873393755,2.74592307926723,3.95853202812628,6.99224742925485,6.27766617245095,3.3119094885136,2.33524959213784,1.64197939152411,3.38237874414181,4.744,4.64057417771786,4.1683797654222,1.96383771959308,1.91533442981737,1.34862196933938,2.32711671909582,2.976,2.976,2.976,2.976,2.976,2.23171924728196,1.4325490963914,1.02204809542816,0.507356805785721,0,0,0,0,0,0,0,0,0,0,0,0,0,0,0,0,0,0,0,0,0,0,0,0,0,0,0,0,0,0,0,0,0,0,0,0,0,0,0,0,0,0,0,0
0,0,0,0,0,0,0,0,0,0,0,0,0,0,0,0,0,0,0,0,0,0,0,0,0,0,0,0,0,0,0,0,0,0,0,0,0,0,0,0,0,0,0,0,0.160805011670421,0.879637558503763,1.07954637931788,1.66209775095656,2.61290984798122,2.976,2.976,2.976,2.976,2.976,1.43211671909582,1.70442196933938,2.03862854889079,3.33654752135312,4.744,4.744,4.57084439161743,2.01433739964578,2.04964115317965,3.12878361100322,5.39885357778583,7.168,5.85073695553018,2.05876910375042,2.49143539548113,2.92410168721183,4.67014947356329,3.63448046257192,3.43858490634012,2.6128,2.81085235001598,3.3438797987254,3.23247882931094,3.62290126909568,4.42734353043507,6.23983456579642,8.94035922388323,11.9766430309585,13.3544797887237,12.71402580668,5.44584936229918,4.67518664663065,6.39271616463607,8.89563671211303,12.6452725516859,15.8708498264738,18.3396143117503,17.1971186709148,12.8617667686322,11.1758766564216,10.655370539,8.74837747336663,9.72030670353214,10.8670887413538,11.5873455958202,10.2972781113535,1.85937000527836,10.2972781113529,11.5873455958198,10.8670887413534,9.72030670353187,8.74837747336634,10.6553705390002,11.175876656422,12.8617667686329,17.1971186709154,18.3396143117505,15.8708498264737,12.6452725516855,8.89563671211244,6.39271616463579,4.67518664663053,5.44584936229963,12.7140258066805,13.354479788724,11.9766430309583,8.94035922388295,6.23983456579629,4.427343530435,3.62290126909569,3.23247882931098,3.3438797987254,2.81085235001593,2.6128,3.43858490634028,3.634480462572,4.67014947356323,2.92410168721182,2.49143539548111,2.05876910375041,5.85073695553029,7.168,5.3988535777858,3.12878361100321,2.04964115317964,2.0143373996458,4.57084439161745,4.744,4.744,3.3365475213531,2.0386285488908,1.70442196933938,1.43211671909582,2.976,2.976,2.976,2.976,2.976,2.61290984798122,1.66209775095657,1.07954637931787,0.879637558503757,0.160805011670437,0,0,0,0,0,0,0,0,0,0,0,0,0,0,0,0,0,0,0,0,0,0,0,0,0,0,0,0,0,0,0,0,0,0,0,0,0,0,0,0,0,0,0
0,0,0,0,0,0,0,0,0,0,0,0,0,0,0,0,0,0,0,0,0,0,0,0,0,0,0,0,0,0,0,0,0,0,0,0,0,0,0,0,0,0,0,0,0.522474437739138,0.828559467630954,1.32071653020844,2.14310902237761,2.976,2.976,2.976,2.976,2.976,2.08462202072156,1.44395829200638,1.95057363685746,2.38151403779874,4.64114752135312,4.744,4.744,3.09484439161743,1.94420619104572,2.78028061113853,4.46171536069876,7.168,7.168,3.26593695553022,2.30856910375042,2.86838880587199,3.89047866461746,4.8645231191042,2.6128,2.6128,2.62494529996808,3.50508779375201,3.34249037379722,3.47771685773888,4.42044482434808,6.51842284683961,8.77843870562527,13.2670612753626,13.9864527026466,7.89444948376595,4.26501795392762,5.77416928484345,8.69735932928113,13.3676827507068,17.5407065023439,11.8763852341608,10.5812654624948,10.348416444674,9.04601466747004,10.8140760895051,12.5467483573162,14.2670284874045,15.0352554799457,17.7475336929599,19.4503659821717,19.5299419712208,11.9385748097973,0,11.9385748097973,19.5299419712204,19.4503659821717,17.7475336929595,15.0352554799453,14.2670284874041,12.5467483573158,10.8140760895047,9.04601466746971,10.3484164446744,10.5812654624954,11.8763852341613,17.5407065023435,13.3676827507063,8.69735932928054,5.77416928484315,4.26501795392753,7.8944494837664,13.9864527026469,13.2670612753624,8.77843870562485,6.51842284683935,4.42044482434793,3.4777168577388,3.34249037379726,3.50508779375196,2.62494529996806,2.6128,2.6128,4.86452311910426,3.89047866461739,2.86838880587196,2.30856910375041,3.26593695553029,7.168,7.168,4.46171536069872,2.78028061113851,1.94420619104571,3.09484439161745,4.744,4.744,4.6411475213531,2.38151403779876,1.95057363685746,1.44395829200638,2.08462202072153,2.976,2.976,2.976,2.976,2.976,2.14310902237763,1.32071653020845,0.828559467630955,0.522474437739154,0,0,0,0,0,0,0,0,0,0,0,0,0,0,0,0,0,0,0,0,0,0,0,0,0,0,0,0,0,0,0,0,0,0,0,0,0,0,0,0,0,0,0
0,0,0,0,0,0,0,0,0,0,0,0,0,0,0,0,0,0,0,0,0,0,0,0,0,0,0,0,0,0,0,0,0,0,0,0,0,0,0,0,0,0,0,0.250151537323519,0.785795300349627,0.944727232817672,1.67289395148768,2.73830902237761,2.976,2.976,2.976,2.976,2.711544018864,0.9822248598342,1.78707852626057,1.91681892752544,3.64872410982717,4.744,4.744,4.17535138358912,1.81302268632937,2.12340619104572,3.91377307293415,6.27944732296801,7.168,5.15814188293423,2.12570281201972,2.67239330510352,3.67575509760271,5.57214495634817,3.47772085150483,2.6128,2.90736830937202,3.60746595935606,3.98547096609367,2.97431038817393,4.83765064695653,6.60376560069587,10.9106294270145,13.4126438812772,10.3430496052328,4.88439656565341,4.55884651824028,6.3652079670241,11.5168379775466,15.5351059784858,15.4058533175673,13.5380260877947,7.36033517848224,10.1185489953031,11.9862926709356,14.3813009585372,17.855161323488,20.3136235961721,18.6334788563742,18.3103076629868,15.9079701225701,9.84490546629858,18.4899317239616,10.7179643077977,1.08836451652959,10.7179643077977,18.489931723962,9.84490546629901,15.9079701225707,18.3103076629873,18.6334788563744,20.3136235961716,17.8551613234875,14.3813009585368,11.986292670935,10.1185489953027,7.3603351784818,13.5380260877951,15.4058533175678,15.5351059784854,11.516837977546,6.36520796702392,4.55884651824009,4.88439656565381,10.3430496052332,13.412643881277,10.9106294270142,6.60376560069574,4.83765064695645,2.97431038817385,3.98547096609368,3.60746595935601,2.90736830937199,2.6128,3.47772085150489,5.5721449563481,3.67575509760265,2.67239330510349,2.1257028120197,5.15814188293438,7.168,6.27944732296798,3.91377307293414,2.12340619104571,1.81302268632937,4.17535138358914,4.744,4.744,3.64872410982719,1.91681892752544,1.78707852626057,0.982224859834169,2.711544018864,2.976,2.976,2.976,2.976,2.73830902237763,1.67289395148768,0.944727232817677,0.785795300349632,0.250151537323525,0,0,0,0,0,0,0,0,0,0,0,0,0,0,0,0,0,0,0,0,0,0,0,0,0,0,0,0,0,0,0,0,0,0,0,0,0,0,0,0,0,0
0,0,0,0,0,0,0,0,0,0,0,0,0,0,0,0,0,0,0,0,0,0,0,0,0,0,0,0,0,0,0,0,0,0,0,0,0,0,0,0,0,0,0,0.622151537323519,0.926363488012947,1.36408670044862,2.12085874280911,2.89741575015832,2.976,2.976,2.976,2.976,1.697944018864,1.41985948623115,1.8976,2.46625547552397,4.63454840004902,4.744,4.744,2.69935138358912,1.99222268632937,2.79654428058857,4.81533206855612,7.168,7.05034681033831,2.57334188293423,2.37550281201971,3.66262588856494,5.27830110682433,5.04562809457235,2.6128,2.66828051562002,3.23396830937202,3.2827536187812,3.76107417183803,4.59145974121744,6.62144131246351,9.52772207026087,12.3358244216563,6.34525470683805,4.74215488903832,4.49844062090737,8.37538822380498,12.9654314880733,16.3695757909278,16.4739660610404,7.6386375177672,8.91598593170809,13.6217786414524,18.1506296523767,18.4573082328033,18.0054985812313,17.4241413559208,12.8868730337706,10.6850399993105,13.2728371222771,13.4049824658915,15.2299879809938,13.4535334487465,15.9316352750933,5.15953205091026,15.9316352750924,13.4535334487464,15.2299879809932,13.4049824658909,13.272837122277,10.6850399993102,12.886873033771,17.4241413559216,18.0054985812317,18.4573082328035,18.150629652376,13.621778641452,8.91598593170807,7.638637517767,16.4739660610408,16.3695757909279,12.9654314880729,8.37538822380459,4.49844062090734,4.74215488903865,6.3452547068386,12.3358244216566,9.52772207026061,6.62144131246331,4.59145974121734,3.76107417183808,3.28275361878125,3.23396830937199,2.66828051562,2.6128,5.04562809457242,5.27830110682424,3.66262588856489,2.3755028120197,2.57334188293434,7.05034681033835,7.168,4.8153320685561,2.79654428058856,1.99222268632937,2.69935138358914,4.744,4.744,4.63454840004902,2.46625547552395,1.8976,1.41985948623117,1.697944018864,2.976,2.976,2.976,2.976,2.89741575015831,2.12085874280911,1.36408670044863,0.926363488012948,0.622151537323525,0,0,0,0,0,0,0,0,0,0,0,0,0,0,0,0,0,0,0,0,0,0,0,0,0,0,0,0,0,0,0,0,0,0,0,0,0,0,0,0,0,0
0,0,0,0,0,0,0,0,0,0,0,0,0,0,0,0,0,0,0,0,0,0,0,0,0,0,0,0,0,0,0,0,0,0,0,0,0,0,0,0,0,0,0.349828636907901,0.794030307464704,1.06245978932581,1.77121497978299,2.43852765529428,2.90939691567816,2.976,2.976,2.976,2.4399507174158,1.01068729156024,1.60077237506558,1.88971820627037,3.62567323113127,4.55165709778159,4.744,3.77985837556077,1.86103918161303,2.26059397901329,3.6817732855079,6.42696081838696,7.168,4.46554681033831,2.19263652028901,3.00721124807886,4.77535566000664,6.52811745250584,3.1838977787103,2.6128,3.23208942492819,3.1302131512267,3.23728593344932,4.18182922365224,6.47272336417387,10.5768514972753,13.320864547015,7.51564972669956,3.792,5.67611052923226,9.41861205659491,14.9629555779753,18.4599531202074,8.80326666458623,10.7735132325835,12.7437006379869,16.7257088208143,19.4510019501327,20.7841587681474,8.45444469286556,10.5023430858794,14.4601880851141,10.672158343917,10.1278771680299,11.42275419131,19.7403705523267,12.6155870184021,7.25913910878516,13.8461423035341,6.97295262464138,13.8461423035351,7.25913910878555,12.6155870184028,19.7403705523277,11.4227541913103,10.1278771680303,10.6721583439173,14.4601880851134,10.5023430858796,8.45444469286527,20.7841587681478,19.4510019501326,16.7257088208136,12.7437006379865,10.7735132325836,8.80326666458669,18.4599531202072,14.9629555779751,9.41861205659442,5.67611052923205,3.792,7.51564972669994,13.3208645470149,10.576851497275,6.47272336417362,4.18182922365212,3.23728593344928,3.1302131512267,3.23208942492814,2.6128,3.18389777871039,6.52811745250575,4.77535566000659,3.00721124807882,2.19263652028899,4.46554681033835,7.168,6.42696081838693,3.68177328550789,2.26059397901327,1.86103918161303,3.77985837556079,4.744,4.55165709778159,3.62567323113127,1.88971820627037,1.60077237506559,1.01068729156024,2.4399507174158,2.976,2.976,2.976,2.90939691567816,2.43852765529427,1.771214979783,1.06245978932582,0.794030307464705,0.349828636907906,0,0,0,0,0,0,0,0,0,0,0,0,0,0,0,0,0,0,0,0,0,0,0,0,0,0,0,0,0,0,0,0,0,0,0,0,0,0,0,0,0
0,0,0,0,0,0,0,0,0,0,0,0,0,0,0,0,0,0,0,0,0,0,0,0,0,0,0,0,0,0,0,0,0,0,0,0,0,0,0,0,0,0.0775057364922712,0.721828636907901,0.807850133233291,1.21040376359022,1.94544991232019,2.55733233559504,2.976,2.976,2.976,2.976,1.4263507174158,1.24788729156024,1.65872974311558,2.67260470933204,4.28892278046819,4.744,4.744,2.30385837556077,2.04023918161303,3.54669706390746,5.51303087019909,7.168,6.35775173774232,2.0097702285583,2.44243652028901,4.00641124807885,6.04724551875209,4.85780444139027,2.6128,2.89878544373604,3.82998271033792,2.91988873873068,4.32595909426093,5.76978290202903,10.1904421996522,13.4884301108409,11.377949787433,3.92963184962564,4.35286783863378,9.60423720462993,15.8316175425636,9.97885034537772,10.2075361611992,9.8859934136967,15.1050019139607,18.008554174764,16.0454876832752,12.201809655241,14.3518315557351,16.3075019249299,16.273225218175,20.5140477422391,7.67598909817781,8.06169289773527,10.0068432652698,10.4679455347863,12.4972865926457,11.8800869550772,12.1850806184995,0,12.1850806184983,11.8800869550768,12.4972865926453,10.4679455347863,10.0068432652695,8.06169289773504,7.6759890981776,20.5140477422392,16.273225218175,16.3075019249291,14.3518315557353,12.201809655242,16.045487683276,18.0085541747642,15.1050019139601,9.88599341369627,10.2075361611997,9.97885034537864,15.8316175425633,9.60423720462961,4.35286783863341,3.9296318496256,11.3779497874334,13.4884301108408,10.1904421996519,5.76978290202894,4.32595909426086,2.91988873873072,3.82998271033795,2.89878544373602,2.6128,4.85780444139042,6.04724551875204,4.00641124807882,2.442436520289,2.00977022855829,6.35775173774236,7.168,5.51303087019905,3.54669706390744,2.04023918161303,2.30385837556079,4.744,4.744,4.28892278046819,2.67260470933204,1.65872974311558,1.24788729156024,1.4263507174158,2.976,2.976,2.976,2.976,2.55733233559504,1.94544991232019,1.21040376359022,0.807850133233287,0.721828636907906,0.0775057364922871,0,0,0,0,0,0,0,0,0,0,0,0,0,0,0,0,0,0,0,0,0,0,0,0,0,0,0,0,0,0,0,0,0,0,0,0,0,0,0,0
0,0,0,0,0,0,0,0,0,0,0,0,0,0,0,0,0,0,0,0,0,0,0,0,0,0,0,0,0,0,0,0,0,0,0,0,0,0,0,0,0,0.449505736492271,0.803672767182333,0.911290353582286,1.39285993566103,2.23387307920239,2.92712023857039,2.976,2.976,2.976,2.16835741596764,1.0742448400049,1.48508729156024,1.89592974311558,3.56438632266701,4.52809871557789,4.744,3.21929319535207,1.70321655905578,2.47123296930994,4.23087024312849,6.95999187990242,7.168,3.77295173774232,2.2595702285583,3.27494608115603,5.13291406009858,6.46494990994228,2.67037300072035,2.6128,3.55198544373604,3.30478271033792,3.83908961182613,5.70242987060872,8.37905670979719,13.7200479772862,14.2741218668986,6.10194978743298,5.45189433325511,10.302169908325,15.1160581634709,15.6836941240129,7.47146142514876,10.9643587684271,16.0364196603632,17.5125266242029,14.9643717715913,10.4644398802686,14.5978352756394,17.145061273121,8.66955315172488,9.33772602092222,10.7683139785331,14.1043244589045,18.7871551607922,21.3606460711273,24.199521875957,23.9058815192484,27.9426669840024,28.518517445131,7.43781943340085,28.5185174451304,27.9426669840013,23.905881519248,24.1995218759563,21.3606460711264,18.7871551607913,14.1043244589038,10.7683139785332,9.33772602092248,8.66955315172566,17.145061273121,14.5978352756385,10.4644398802681,14.9643717715916,17.5125266242034,16.0364196603627,10.9643587684266,7.47146142514836,15.6836941240132,15.1160581634706,10.3021699083244,5.45189433325495,6.10194978743336,14.2741218668986,13.7200479772863,8.3790567097969,5.70242987060867,3.83908961182606,3.30478271033795,3.55198544373602,2.6128,2.6703730007205,6.46494990994238,5.13291406009852,3.27494608115598,2.25957022855829,3.77295173774236,7.168,6.9599918799024,4.23087024312848,2.47123296930993,1.70321655905578,3.21929319535209,4.744,4.52809871557789,3.56438632266701,1.89592974311558,1.48508729156024,1.0742448400049,2.16835741596761,2.976,2.976,2.976,2.92712023857039,2.23387307920239,1.39285993566104,0.91129035358229,0.803672767182336,0.449505736492287,0,0,0,0,0,0,0,0,0,0,0,0,0,0,0,0,0,0,0,0,0,0,0,0,0,0,0,0,0,0,0,0,0,0,0,0,0,0,0,0
0,0,0,0,0,0,0,0,0,0,0,0,0,0,0,0,0,0,0,0,0,0,0,0,0,0,0,0,0,0,0,0,0,0,0,0,0,0,0,0,0.177182836076647,0.744,0.784579605419592,0.98465633775564,1.63527282241061,2.56243087627653,2.976,2.976,2.976,2.91036411451944,1.15475741596764,1.31144484000491,1.72228729156024,2.67039402887609,4.03043503824489,4.744,4.43098369204011,1.56409319535207,2.02611135379337,3.08901441743017,5.63068875249352,7.168,5.6651566651464,2.07670393682759,2.54348091423319,4.27414608115603,6.38191406009856,4.27414990994229,2.6128,3.07380985623206,3.6892557944731,3.05154935304355,4.91488961182613,6.90649935304353,12.0705670979711,8.55054990889975,5.52695100210094,5.39083373854067,10.0533681503745,17.840652322497,9.68013599700672,10.3756751551343,12.2391059514303,18.7747028693841,17.4613975760737,9.23920041620847,11.1054338067585,14.6388384417851,12.4612037784706,12.8229165051384,10.6041092555717,15.2357478620026,20.5946196707502,26.2010637728147,30.8555432283014,27.793393701639,20.6148686192974,18.8692913759723,17.0008010312923,19.094494570369,0,19.0944945703705,17.0008010312932,18.8692913759729,20.6148686192983,27.7933937016398,30.8555432283017,26.2010637728144,20.5946196707493,15.2357478620018,10.6041092555713,12.8229165051392,12.4612037784715,14.6388384417855,11.1054338067585,9.23920041620817,17.461397576074,18.7747028693837,12.2391059514299,10.3756751551347,9.68013599700751,17.8406523224976,10.0533681503741,5.39083373854047,5.52695100210139,8.55054990890013,12.0705670979708,6.90649935304346,4.91488961182606,3.05154935304347,3.68925579447312,3.07380985623203,2.6128,4.27414990994238,6.38191406009852,4.27414608115599,2.54348091423318,2.07670393682759,5.66515666514644,7.168,5.6306887524935,3.08901441743016,2.02611135379337,1.5640931953521,4.43098369204009,4.744,4.03043503824489,2.67039402887611,1.72228729156024,1.31144484000491,1.15475741596761,2.91036411451944,2.976,2.976,2.976,2.56243087627654,1.63527282241062,0.984656337755637,0.784579605419586,0.744,0.177182836076658,0,0,0,0,0,0,0,0,0,0,0,0,0,0,0,0,0,0,0,0,0,0,0,0,0,0,0,0,0,0,0,0,0,0,0,0,0,0,0
0,0,0,0,0,0,0,0,0,0,0,0,0,0,0,0,0,0,0,0,0,0,0,0,0,0,0,0,0,0,0,0,0,0,0,0,0,0,0,0,0.484935419916874,0.738997338154763,0.81396572738158,1.14720093606015,1.90411335477966,2.94067307920239,2.976,2.976,2.976,1.98843062309578,1.08252519154798,1.53382532668219,2.0342181613335,3.05934835511214,4.54277636314255,4.744,3.92706523183959,1.91541485755311,2.50156703069006,3.97330310615153,7.168,7.168,3.0803566651464,2.32650393682759,3.54268091423319,5.4510848330772,5.87792681916416,2.6128,2.6128,3.72700985623206,3.1640557944731,4.12734935304355,6.31411948243484,9.93528961182616,12.4128499696332,3.83848812418148,4.2994208278765,8.31535353157156,15.0011793528999,11.8441063075795,7.45147630216733,11.6499059514303,16.4484151910487,22.091763185695,12.2109690824486,14.4776563475192,9.7943307654452,7.28571967074991,9.75407579972691,14.8698684439343,23.3497123098543,29.3660988301875,21.3950131409218,18.7104342187453,17.9069665643832,14.2572456015983,15.1459879861656,17.182054936472,10.0629345129358,9.50964677444597,1.54731989413299,9.50964677444577,10.0629345129361,17.1820549364727,15.1459879861655,14.257245601598,17.9069665643836,18.7104342187461,21.3950131409229,29.3660988301868,23.3497123098531,14.8698684439333,9.75407579972639,7.28571967074974,9.79433076544537,14.4776563475185,12.2109690824491,22.0917631856957,16.4484151910487,11.6499059514299,7.45147630216706,11.84410630758,15.0011793528996,8.31535353157131,4.29942082787643,3.83848812418145,12.4128499696335,9.93528961182603,6.31411948243474,4.12734935304347,3.16405579447312,3.72700985623203,2.6128,2.6128,5.87792681916425,5.45108483307714,3.54268091423318,2.32650393682759,3.08035666514644,7.168,7.168,3.97330310615151,2.50156703069005,1.91541485755308,3.92706523183958,4.744,4.54277636314255,3.05934835511216,2.0342181613335,1.53382532668219,1.08252519154799,1.98843062309582,2.976,2.976,2.976,2.94067307920238,1.90411335477967,1.14720093606016,0.813965727381581,0.738997338154762,0.484935419916878,0,0,0,0,0,0,0,0,0,0,0,0,0,0,0,0,0,0,0,0,0,0,0,0,0,0,0,0,0,0,0,0,0,0,0,0,0,0,0
0,0,0,0,0,0,0,0,0,0,0,0,0,0,0,0,0,0,0,0,0,0,0,0,0,0,0,0,0,0,0,0,0,0,0,0,0,0,0,0.221487948528823,0.630636567215329,0.744760146899331,0.823262285486217,1.63328001822139,2.18950281785526,2.79272910493798,2.976,2.976,2.976,2.81454933728437,1.15867962244931,1.73270739068023,2.29345912576542,3.79437584491236,4.744,4.744,4.49876102696811,2.246238400609,3.03916703069006,5.48409899295931,7.02533611797623,4.97256159255041,2.14363764509688,2.73675168721183,4.32170789163879,6.29432079096226,3.63188525522332,2.6128,3.24883426872808,3.54852887860827,3.33980909426093,5.26406580405806,7.74851948243484,13.1626896118262,7.13684996963318,4.31248812418148,7.27832582132836,12.5263574901778,16.4023339887847,7.10475727979114,12.0706546230694,17.8153546230695,12.5357638881965,9.65994288379519,12.26129724792,19.3128428573905,7.59959142249427,10.8595873175086,20.2724322341322,27.312178248256,26.365205635179,23.745120446739,12.1849599117602,17.3015992296657,14.3626377469446,10.5146947019682,11.7410099214007,11.5256144166397,14.2465176877337,8.65993734699969,0,8.65993734699981,14.246517687733,11.5256144166397,11.7410099214008,10.5146947019689,14.3626377469451,17.3015992296657,12.1849599117603,23.7451204467397,26.3652056351799,27.3121782482552,20.2724322341312,10.8595873175082,7.59959142249395,19.3128428573907,12.2612972479202,9.65994288379571,12.5357638881968,17.8153546230691,12.0706546230691,7.10475727979077,16.4023339887851,12.5263574901775,7.27832582132812,4.31248812418145,7.13684996963355,13.162689611826,7.74851948243474,5.26406580405796,3.33980909426088,3.54852887860829,3.24883426872803,2.6128,3.63188525522338,6.29432079096222,4.32170789163878,2.73675168721183,2.14363764509688,4.97256159255045,7.02533611797624,5.48409899295929,3.03916703069005,2.24623840060902,4.49876102696809,4.744,4.744,3.79437584491238,2.29345912576542,1.73270739068023,1.1586796224493,2.81454933728443,2.976,2.976,2.976,2.79272910493798,2.18950281785527,1.6332800182214,0.823262285486213,0.744760146899331,0.630636567215331,0.221487948528831,0,0,0,0,0,0,0,0,0,0,0,0,0,0,0,0,0,0,0,0,0,0,0,0,0,0,0,0,0,0,0,0,0,0,0,0,0,0
0,0,0,0,0,0,0,0,0,0,0,0,0,0,0,0,0,0,0,0,0,0,0,0,0,0,0,0,0,0,0,0,0,0,0,0,0,0,0.00362962819631907,0.519087948528823,0.705036567215329,0.744,0.931718935261909,1.57204245971764,2.34484642487135,2.976,2.976,2.976,2.976,1.89676411451944,1.20234790444907,1.76653303289129,2.39018197380072,4.73527210447358,4.744,4.744,3.20196102696811,2.37589278065623,3.94056910854354,6.58927836322606,6.86476651995442,2.38776159255041,2.39343764509688,3.21425506163548,5.14428428865684,4.98554024867508,2.6128,2.77065868122407,3.90203426872808,3.02332887860827,4.41560909426093,6.69846580405806,10.8000688354784,10.9991500303666,3.96549604139383,5.10339707623953,11.0873416557531,16.5213258213283,10.9315339887847,10.6985030820463,17.7152654626184,19.5864680392057,10.1086199531664,14.8695127991585,7.37570830913826,8.458092445999,12.9551955895863,21.7600467542961,28.7018086200273,29.4461576711512,12.9987093033701,9.83607043955453,10.2846938717725,11.7744335677185,13.8273597221336,17.3575724876005,18.8357166190467,22.8505569245273,19.6501797383871,29.1897244227673,3.5637085940992,29.1897244227647,19.6501797383877,22.8505569245271,18.8357166190463,17.3575724875995,13.8273597221329,11.7744335677185,10.2846938717724,9.83607043955501,12.9987093033699,29.4461576711517,28.7018086200278,21.7600467542951,12.9551955895857,8.45809244599936,7.37570830913846,14.8695127991579,10.1086199531661,19.586468039206,17.7152654626181,10.698503082046,10.9315339887851,16.5213258213281,11.0873416557528,5.10339707623926,3.9654960413938,10.9991500303668,10.8000688354782,6.69846580405796,4.41560909426088,3.02332887860829,3.90203426872803,2.77065868122405,2.6128,4.98554024867519,5.14428428865684,3.21425506163549,2.39343764509688,2.38776159255045,6.86476651995446,6.58927836322605,3.94056910854355,2.37589278065623,3.20196102696809,4.744,4.744,4.73527210447361,2.39018197380071,1.76653303289129,1.20234790444908,1.89676411451944,2.976,2.976,2.976,2.976,2.34484642487136,1.57204245971763,0.931718935261909,0.744,0.705036567215331,0.519087948528831,0.00362962819633594,0,0,0,0,0,0,0,0,0,0,0,0,0,0,0,0,0,0,0,0,0,0,0,0,0,0,0,0,0,0,0,0,0,0,0,0,0
0,0,0,0,0,0,0,0,0,0,0,0,0,0,0,0,0,0,0,0,0,0,0,0,0,0,0,0,0,0,0,0,0,0,0,0,0,0,0.301229628196319,0.650571987132206,0.744,0.775002294596906,1.03273145476316,1.75036207424792,2.69395252861195,2.976,2.976,2.976,2.63877081307124,0.964159936894227,1.37500238844956,1.80355732311313,3.31093129780611,4.58084858044368,4.744,4.09534224771622,2.09101030423794,2.25952990567315,4.27496086090172,6.57147217218034,4.80851333029277,2.21057135336618,2.64323764509688,3.54748653827262,5.82886884510883,3.00658968627114,2.6128,3.42385868122407,3.40780196274344,3.62806883547834,5.61967857669573,8.43744805913063,14.0274688354784,5.7231500303666,4.43949604139383,8.90390499345188,15.0783614487839,15.4019296296202,8.28391657831697,15.0589572797912,22.4549249738065,12.9514195802287,14.651430254938,12.4340987204663,8.40930980432189,13.6625297805002,22.8990931793512,31.4816407495316,15.3938767512289,13.5676518125313,12.3453408791299,10.5935778696668,16.8572889348336,19.975657900404,23.3777976086272,16.7520634048704,14.0527114308716,12.1063180869019,11.3252366255847,17.0495084685516,2.94017959003419,17.0495084685526,11.3252366255843,12.1063180869024,14.0527114308723,16.7520634048713,23.3777976086284,19.9756579004038,16.857288934833,10.5935778696666,12.3453408791302,13.5676518125324,15.3938767512297,31.481640749531,22.8990931793506,13.6625297804993,8.40930980432158,12.4340987204665,14.6514302549375,12.9514195802292,22.4549249738062,15.0589572797907,8.28391657831667,15.4019296296205,15.0783614487837,8.90390499345161,4.4394960413938,5.72315003036682,14.0274688354782,8.43744805913041,5.61967857669568,3.62806883547829,3.40780196274348,3.42385868122404,2.6128,3.00658968627122,5.82886884510887,3.54748653827262,2.64323764509688,2.21057135336618,4.80851333029272,6.57147217218033,4.27496086090171,2.25952990567315,2.09101030423795,4.09534224771624,4.744,4.58084858044369,3.31093129780611,1.80355732311313,1.37500238844957,0.964159936894227,2.63877081307124,2.976,2.976,2.976,2.69395252861196,1.75036207424791,1.03273145476316,0.775002294596915,0.744,0.650571987132208,0.301229628196336,0,0,0,0,0,0,0,0,0,0,0,0,0,0,0,0,0,0,0,0,0,0,0,0,0,0,0,0,0,0,0,0,0,0,0,0,0
0,0,0,0,0,0,0,0,0,0,0,0,0,0,0,0,0,0,0,0,0,0,0,0,0,0,0,0,0,0,0,0,0,0,0,0,0,0.0902004970681849,0.599528028810823,0.653722221147246,0.74208930706558,0.874443138986007,1.31416603940164,2.04920849911927,2.95853677845364,2.976,2.976,2.976,1.69141291749095,1.13202742223312,1.60520470933203,2.23334594403236,3.68237496621646,4.74095419110185,4.744,2.45002266753839,1.99796287498309,2.94338155440711,5.4312494645936,7.168,6.86476651995442,2.42050582783426,2.88791010528735,4.63811968413798,3.9885913232829,2.6128,2.77924154686004,3.47697857190256,2.88218107527137,4.70386883547834,6.56720909426093,11.5014084473045,9.58545009109994,4.09250395860618,6.11946041393833,12.6494168692704,18.3963614487839,9.67316525707574,12.408316578317,19.5519869290541,18.6710065827808,13.1700190946856,19.9492192177224,8.32631581663174,12.2804924629915,24.7646392172875,18.906025215183,18.469538289621,10.8723114722657,9.57162611313344,13.7540887562001,19.5922060866669,31.0101331245328,17.808569833021,10.4085385586429,13.6005278029346,14.6394914598104,19.4362204134496,23.9570846722941,28.9667784885837,6.32427313440327,28.9667784885817,23.9570846722944,19.4362204134488,14.6394914598094,13.6005278029339,10.4085385586424,17.8085698330214,31.0101331245334,19.5922060866657,13.7540887561996,9.57162611313329,10.8723114722654,18.4695382896218,18.9060252151836,24.7646392172867,12.2804924629911,8.32631581663214,19.9492192177229,13.170019094685,18.6710065827812,19.5519869290537,12.4083165783167,9.67316525707616,18.3963614487837,12.6494168692702,6.11946041393807,4.09250395860616,9.58545009110032,11.5014084473043,6.56720909426088,4.70386883547829,2.88218107527141,3.4769785719026,2.77924154686003,2.6128,3.98859132328292,4.63811968413796,2.88791010528734,2.42050582783428,6.86476651995446,7.168,5.4312494645936,2.94338155440711,1.99796287498309,2.45002266753839,4.744,4.74095419110186,3.68237496621646,2.23334594403236,1.60520470933203,1.13202742223311,1.69141291749099,2.976,2.976,2.976,2.95853677845363,2.04920849911926,1.31416603940164,0.874443138986009,0.742089307065579,0.653722221147242,0.599528028810826,0.0902004970682037,0,0,0,0,0,0,0,0,0,0,0,0,0,0,0,0,0,0,0,0,0,0,0,0,0,0,0,0,0,0,0,0,0,0,0,0
0,0,0,0,0,0,0,0,0,0,0,0,0,0,0,0,0,0,0,0,0,0,0,0,0,0,0,0,0,0,0,0,0,0,0,0,0,0.437809769117701,0.635333297273022,0.650571987132206,0.779436567215329,0.941936667997075,1.48290145931851,2.26997391448079,2.85437402493734,2.976,2.976,2.976,2.49858211021916,1.10739916624096,1.82735045066307,2.39710872003923,4.06508483554358,4.744,4.64207321185647,2.65743030899086,2.252066002392,3.18321651654104,6.5055257287088,7.168,4.27996651995442,2.33467812019709,3.5908865562562,4.86890473481018,2.6128,2.6128,3.10584154686004,3.01940438749066,3.59681018481175,5.48198528649283,8.74203031420309,13.4477501518333,4.30945009109994,4.56650395860618,9.32746833115066,15.5739366623013,14.0250608979111,9.38904622757987,16.532716578317,23.3982978777375,12.2134065827808,20.9876228147697,14.1608112052334,11.9154286157903,21.4425742053766,27.1446714137246,11.2407945154415,14.5415550107981,12.2641010261552,15.1494423255002,25.7733727125337,22.4969275009804,14.2253696270091,16.5591264206026,23.772662338401,20.0825745712069,15.9377584850695,14.7607633664679,12.6660496014782,21.2834585688671,0,21.2834585688688,12.6660496014795,14.7607633664685,15.9377584850702,20.0825745712073,23.7726623384006,16.5591264206014,14.2253696270102,22.4969275009806,25.7733727125323,15.1494423254993,12.2641010261552,14.5415550107986,11.2407945154416,27.1446714137253,21.4425742053756,11.91542861579,14.160811205234,20.9876228147692,12.2134065827812,23.398297877738,16.5327165783167,9.38904622757958,14.0250608979116,15.5739366623011,9.32746833115046,4.56650395860616,4.30945009110032,13.4477501518337,8.74203031420293,5.48198528649282,3.59681018481171,3.01940438749067,3.10584154686003,2.6128,2.6128,4.86890473481022,3.59088655625619,2.33467812019709,4.27996651995446,7.168,6.50552572870878,3.18321651654103,2.25206600239201,2.65743030899087,4.64207321185647,4.744,4.06508483554358,2.39710872003922,1.82735045066308,1.10739916624096,2.49858211021923,2.976,2.976,2.976,2.85437402493735,2.26997391448079,1.48290145931851,0.941936667997087,0.779436567215331,0.650571987132208,0.635333297273021,0.43780976911772,0,0,0,0,0,0,0,0,0,0,0,0,0,0,0,0,0,0,0,0,0,0,0,0,0,0,0,0,0,0,0,0,0,0,0,0
0,0,0,0,0,0,0,0,0,0,0,0,0,0,0,0,0,0,0,0,0,0,0,0,0,0,0,0,0,0,0,0,0,0,0,0,0.187448392929148,0.671561538746123,0.59610740704908,0.724971987132206,0.768044442294489,1.00550604851232,1.55072712236113,2.3988623407145,2.976,2.976,2.976,2.976,1.62517081307124,1.20135993689423,1.69536644887855,2.7228111760559,4.744,4.744,4.744,2.85448451422342,2.45678361100321,4.55616497409397,6.79097724989851,6.17217144735851,2.02770506163548,2.46037135336618,4.18751855933007,4.19151293309674,2.6128,2.79537016863228,3.50385523230423,3.37646248553036,3.73151624765233,6.10861103513042,11.7678333456234,9.8230256086591,3.88558708933587,6.27655146188032,11.9855158344248,17.4754446629281,8.01736778027791,13.5134462275799,20.657116578317,16.9406978777375,16.2066590790743,21.0746883576308,9.24334356559506,16.8346939331295,29.7355790454312,17.4431988026987,9.89552682486009,10.7516743566001,17.3195690870003,22.7856435943397,16.1069641705382,14.4536483600421,23.8279313881709,28.6449361009286,23.7638119729478,12.2692037906938,13.8563775346525,16.7393499371549,21.1184172977842,22.7365755921715,4.45790123347196,22.7365755921698,21.1184172977831,16.7393499371536,13.8563775346519,12.2692037906933,23.7638119729481,28.6449361009293,23.8279313881699,14.4536483600422,16.10696417054,22.78564359434,17.3195690869995,10.7516743565999,9.89552682486018,17.4431988026996,29.7355790454305,16.834693933129,9.24334356559459,21.0746883576314,16.2066590790738,16.940697877738,20.6571165783167,13.5134462275796,8.01736778027831,17.4754446629285,11.9855158344246,6.27655146188026,3.88558708933589,9.82302560865903,11.7678333456233,6.10861103513038,3.73151624765234,3.37646248553029,3.5038552323042,2.79537016863228,2.6128,4.19151293309663,4.18751855933007,2.46037135336618,2.02770506163547,6.17217144735854,6.79097724989852,4.55616497409395,2.45678361100322,2.85448451422342,4.744,4.744,4.744,2.7228111760559,1.69536644887855,1.20135993689423,1.62517081307124,2.976,2.976,2.976,2.976,2.39886234071449,1.55072712236111,1.00550604851232,0.768044442294486,0.724971987132208,0.596107407049084,0.67156153874612,0.187448392929158,0,0,0,0,0,0,0,0,0,0,0,0,0,0,0,0,0,0,0,0,0,0,0,0,0,0,0,0,0,0,0,0,0,0,0
0,0,0,0,0,0,0,0,0,0,0,0,0,0,0,0,0,0,0,0,0,0,0,0,0,0,0,0,0,0,0,0,0,0,0,0,0.529448392929148,0.635523290154521,0.621774905769216,0.730255401695488,0.779436567215329,0.965744855096281,1.66870281785527,2.72254088994258,2.976,2.976,2.976,2.45674401619312,1.02771748533889,1.43855993689423,1.84940238844956,3.42280128409856,4.573828954617,4.744,3.63565967147005,2.06904730171062,2.5499713777134,5.74685385413173,7.00349687259108,3.58737144735851,2.27750506163548,2.92234270673236,4.57599159990807,6.18370018162783,2.6128,2.6128,3.8293880218361,3.85806805030459,4.75674785576838,8.55262990747874,13.4212915526956,13.4477501518333,4.12684936229925,8.43902375163711,15.4135079172124,12.0046446629281,10.1776652499561,17.5132161529924,21.6679891726943,10.8426913371345,23.5304590790743,12.4574883576308,14.968094792411,25.5174857852644,25.0913728198554,10.8328446788713,9.1396984783334,12.9536743566001,27.957687995367,16.3197541335396,17.2025943759745,26.9043469687527,29.6160485146475,12.1986722031164,16.1897193836635,24.5551467612017,30.3324663511085,34.7978670464015,37.1000987528123,28.3902754693466,0,28.3902754693455,37.1000987528115,34.7978670464008,30.3324663511074,24.5551467612004,16.1897193836625,12.198672203116,29.6160485146477,26.9043469687529,17.2025943759738,16.3197541335403,27.9576879953661,12.9536743565999,9.13969847833324,10.8328446788714,25.0913728198563,25.517485785264,14.9680947924106,12.4574883576314,23.5304590790738,10.8426913371339,21.6679891726948,17.5132161529921,10.1776652499559,12.0046446629285,15.4135079172122,8.43902375163699,4.12684936229946,13.4477501518337,13.4212915526956,8.55262990747868,4.75674785576831,3.85806805030465,3.8293880218361,2.6128,2.6128,6.18370018162789,4.57599159990808,2.92234270673236,2.27750506163547,3.58737144735854,7.00349687259108,5.7468538541317,2.54997137771342,2.06904730171063,3.63565967147005,4.744,4.573828954617,3.42280128409855,1.84940238844957,1.43855993689423,1.02771748533889,2.45674401619312,2.976,2.976,2.976,2.72254088994257,1.66870281785527,0.965744855096299,0.779436567215331,0.730255401695486,0.621774905769216,0.635523290154521,0.529448392929158,0,0,0,0,0,0,0,0,0,0,0,0,0,0,0,0,0,0,0,0,0,0,0,0,0,0,0,0,0,0,0,0,0,0,0
0,0,0,0,0,0,0,0,0,0,0,0,0,0,0,0,0,0,0,0,0,0,0,0,0,0,0,0,0,0,0,0,0,0,0,0.278475829160103,0.684,0.671561538746123,0.59610740704908,0.724971987132206,0.797475061779242,1.15936697546178,1.86798178955996,2.6757975038396,2.976,2.976,2.976,2.976,1.44977777735393,1.66952645333989,2.17613670543938,3.51348659325901,4.744,4.744,1.88876468541609,1.95581032549532,3.20464363492325,5.8045441105296,6.34597360243333,2.05324219156144,2.285207927606,3.409307927606,5.26967871856823,3.77161201009422,2.6128,3.11737062480048,3.65154813101379,3.12878831791313,5.34130476892765,9.98589118284125,13.6304638263186,8.17175015183329,5.6989512811041,12.1590118758186,15.8988833963445,7.40087587684278,13.5402650372939,21.5042814029484,14.7682179968305,17.4592933402567,18.3415020604931,10.8243949166235,20.793708334184,31.9702857852644,15.4636786616875,9.55968247394501,12.6418398081333,11.8429758537661,17.7904481698427,14.8283926362225,30.7150311902311,12.2205761296822,17.3419861242215,23.0809222276815,31.338832094334,40.0532349834905,42.7287391306843,44.6682523235463,48.7430807420285,50.2798350326203,7.9491586234552,50.2798350326198,48.7430807420276,44.6682523235454,42.7287391306836,40.0532349834901,31.3388320943333,23.0809222276804,17.3419861242219,12.2205761296826,30.7150311902309,14.8283926362215,17.7904481698444,11.842975853766,12.6418398081329,9.55968247394507,15.4636786616882,31.970285785264,20.7937083341835,10.8243949166232,18.3415020604938,17.4592933402562,14.7682179968311,21.5042814029481,13.5402650372936,7.4008758768426,15.8988833963449,12.1590118758185,5.69895128110404,8.17175015183367,13.6304638263185,9.98589118284129,5.3413047689276,3.12878831791309,3.65154813101381,3.11737062480045,2.6128,3.77161201009425,5.26967871856822,3.40930792760601,2.285207927606,2.05324219156132,6.34597360243332,5.80454411052959,3.20464363492326,1.95581032549532,1.88876468541609,4.744,4.744,3.513486593259,2.17613670543939,1.66952645333987,1.44977777735394,2.976,2.976,2.976,2.976,2.67579750383959,1.86798178955995,1.15936697546178,0.79747506177924,0.724971987132208,0.596107407049084,0.67156153874612,0.684,0.278475829160126,0,0,0,0,0,0,0,0,0,0,0,0,0,0,0,0,0,0,0,0,0,0,0,0,0,0,0,0,0,0,0,0,0,0
0,0,0,0,0,0,0,0,0,0,0,0,0,0,0,0,0,0,0,0,0,0,0,0,0,0,0,0,0,0,0,0,0,0,0.0239380337933607,0.530080675997342,0.674233236774672,0.627161538746123,0.6419534646721,0.744,0.801436824007104,1.15506619541165,1.94818909582728,2.83861597107143,2.976,2.976,2.976,2.36717751162308,1.02771748533889,1.49495599375415,2.0116257999755,4.15635446169387,4.744,4.54540246671331,2.49362000495739,2.39611548824298,3.55982713963957,7.01942243124091,7.168,3.39536828050094,2.27750506163548,3.65395727528405,4.5231855448925,2.6128,2.62766595935605,3.26350489352852,3.06562163117343,4.20458831791313,6.2847093344931,10.3913293901445,12.0340502125668,3.89197899134732,5.81289190201143,15.9929406209075,9.42871038888572,9.347502869384,16.9746165783169,19.5633824707733,10.8614444068418,21.4492143325538,9.86559469838094,14.3672280049338,26.7708938710233,22.4012150215412,11.2623159061751,11.0566183824001,17.8171906023956,10.450158758166,11.5730623313465,30.1087832044634,23.6311992623688,16.0966984277351,25.6623423940482,37.8147216512216,40.1100818566673,48.954675504761,52.2410930579182,53.7732274895137,54.296,35.9616673851936,0,35.9616673851947,54.296,53.7732274895134,52.2410930579179,48.9546755047602,40.1100818566666,37.8147216512209,25.6623423940473,16.0966984277345,23.6311992623698,30.1087832044621,11.5730623313462,10.4501587581663,17.8171906023957,11.0566183823997,11.2623159061754,22.401215021542,26.7708938710228,14.3672280049336,9.86559469838149,21.4492143325545,10.8614444068415,19.5633824707738,16.9746165783168,9.34750286938391,9.42871038888622,15.9929406209073,5.81289190201145,3.89197899134729,12.034050212567,10.3913293901444,6.28470933449302,4.20458831791309,3.06562163117345,3.26350489352853,2.62766595935604,2.6128,4.52318554489252,3.65395727528405,2.27750506163547,3.39536828050095,7.168,7.01942243124089,3.5598271396396,2.39611548824297,2.49362000495739,4.54540246671333,4.744,4.15635446169386,2.0116257999755,1.49495599375414,1.02771748533889,2.36717751162305,2.976,2.976,2.976,2.83861597107143,1.94818909582728,1.15506619541166,0.801436824007106,0.744,0.6419534646721,0.62716153874612,0.674233236774672,0.530080675997359,0.0239380337933809,0,0,0,0,0,0,0,0,0,0,0,0,0,0,0,0,0,0,0,0,0,0,0,0,0,0,0,0,0,0,0,0,0
0,0,0,0,0,0,0,0,0,0,0,0,0,0,0,0,0,0,0,0,0,0,0,0,0,0,0,0,0,0,0,0,0,0,0.308938033793361,0.616514502790098,0.684,0.652103895406383,0.59610740704908,0.729820505036964,0.826905681263998,1.44721486932643,2.2595511507256,2.976,2.976,2.976,2.976,1.35357751162308,1.22616297870818,1.67575993689423,2.56092636281896,4.22392383988237,4.744,4.744,2.3554205961439,2.34999620566839,4.50993851469034,6.73580180150764,5.89356185556932,2.09463876990477,2.57872986135973,4.11934341300513,3.71606931681794,2.6128,2.87054174035663,3.41589497072068,3.24347178087782,4.2760673013332,6.9655673013332,12.8599558594785,6.70862054532026,3.9332968954632,8.14552253601533,14.7492631848161,8.37717425667009,10.432240488812,18.7543108395491,11.8632836388591,14.2801045005091,13.0625072566019,10.8243949166234,20.0874136038795,29.9401208541685,11.844346837012,9.20936253288246,15.4534222527336,13.9614138971287,12.2516354657497,22.7676867605079,35.0688435964005,11.6345450946679,26.8132115714674,35.7228960904733,42.7582255921713,49.2351108693161,53.8598793131613,54.296,54.296,54.296,42.76237013382,3.99821011915848,42.7623701338165,54.296,54.296,54.296,53.8598793131612,49.2351108693157,42.758225592171,35.7228960904727,26.8132115714664,11.6345450946673,35.0688435964015,22.7676867605069,12.2516354657495,13.9614138971291,15.4534222527333,9.20936253288257,11.8443468370128,29.9401208541694,20.0874136038789,10.8243949166233,13.0625072566025,14.2801045005089,11.8632836388596,18.7543108395489,10.4322404888118,8.37717425666924,14.749263184816,8.14552253601517,3.93329689546323,6.70862054532049,12.8599558594784,6.96556730133316,4.2760673013332,3.24347178087779,3.41589497072065,2.87054174035664,2.6128,3.71606931681791,4.11934341300514,2.57872986135972,2.09463876990476,5.89356185556931,6.73580180150764,4.50993851469038,2.34999620566839,2.35542059614391,4.744,4.744,4.22392383988237,2.56092636281898,1.67575993689423,1.22616297870817,1.35357751162305,2.976,2.976,2.976,2.976,2.25955115072559,1.44721486932645,0.826905681263996,0.729820505036966,0.596107407049084,0.652103895406384,0.684,0.616514502790102,0.308938033793381,0,0,0,0,0,0,0,0,0,0,0,0,0,0,0,0,0,0,0,0,0,0,0,0,0,0,0,0,0,0,0,0,0
0,0,0,0,0,0,0,0,0,0,0,0,0,0,0,0,0,0,0,0,0,0,0,0,0,0,0,0,0,0,0,0,0,0.0880421276291251,0.557853841881398,0.61024478947437,0.681135233158599,0.627161538746123,0.67050740704908,0.744,0.842427479934635,1.47778226726484,2.16855722826233,2.90152427830199,2.976,2.976,2.976,1.84343094453185,1.27360736805001,1.90954339749477,2.65520378505209,4.38387661142791,4.744,4.10501596003376,1.928149491765,2.45980233294198,4.16767842699818,7.07380559583927,7.168,3.10413902497636,2.96960571395744,4.54012193375373,4.97249900661989,2.6128,2.64087858718474,3.8021512095955,3.60749081113018,4.82274768927614,9.28252177414643,12.1485222603608,4.70864729736392,4.25720859050562,9.9020581634709,17.1275039586062,11.5211800233448,12.8404002126624,14.2213339885191,9.6924641519038,14.0724972878727,7.14357745108049,12.1413939952357,26.9161544725204,19.4227677275738,10.1466803868937,10.3197467218001,13.9013095587583,10.3727368954304,14.7608354657497,35.3136867605079,20.4248435964005,22.737387432728,35.9249326462288,44.6268977255841,51.5649541717588,54.296,54.296,54.296,54.296,54.296,47.2528886159457,4.83283760866982,47.2528886159444,54.296,54.296,54.296,54.296,54.296,51.5649541717582,44.6268977255836,35.9249326462282,22.737387432727,20.4248435964017,35.3136867605071,14.7608354657495,10.3727368954303,13.9013095587588,10.3197467217999,10.1466803868938,19.4227677275748,26.9161544725199,12.1413939952356,7.1435774510804,14.0724972878734,9.69246415190379,14.221333988519,12.8404002126622,11.5211800233453,17.1275039586062,9.90205816347077,4.25720859050544,4.70864729736348,12.1485222603607,9.28252177414633,4.82274768927615,3.6074908111302,3.80215120959548,2.64087858718473,2.6128,4.97249900661992,4.54012193375373,2.96960571395746,3.10413902497638,7.168,7.07380559583925,4.16767842699821,2.45980233294197,1.928149491765,4.10501596003374,4.744,4.3838766114279,2.65520378505209,1.90954339749477,1.27360736805,1.84343094453189,2.976,2.976,2.976,2.90152427830199,2.16855722826232,1.47778226726483,0.842427479934639,0.744,0.670507407049084,0.62716153874612,0.681135233158599,0.610244789474368,0.557853841881395,0.0880421276291423,0,0,0,0,0,0,0,0,0,0,0,0,0,0,0,0,0,0,0,0,0,0,0,0,0,0,0,0,0,0,0,0
0,0,0,0,0,0,0,0,0,0,0,0,0,0,0,0,0,0,0,0,0,0,0,0,0,0,0,0,0,0,0,0,0,0.30824284290898,0.518975891075585,0.616514502790098,0.659664594602181,0.606095768379703,0.744,0.744,0.858836034282173,1.40797756761445,2.35070830723058,2.976,2.976,2.976,2.976,1.35357751162308,1.27391304627528,1.7917287519157,2.85990392083345,4.57746417325655,4.744,4.744,2.49664906131689,2.55988495816188,5.1597114175655,6.98347193834924,5.47957637476252,2.09463876990477,2.63796070365852,4.86822587058133,3.21852709084977,2.6128,2.9620372684088,3.32028440290836,3.42921144185477,5.37099574840667,8.65635815119002,13.8308557119986,6.69054687222999,5.50603989780254,12.8308099869037,14.187116390993,8.39119181717279,15.1889024440595,22.5475017827444,11.6973247120545,7.97769728787288,8.14607310277282,18.0574752458737,25.3419191958109,11.0839982409048,8.86628038689366,12.5217467218001,18.7431349554376,10.1025082135412,24.7914004449949,31.1449956224392,14.8711128677851,35.5540957271152,42.5325110509951,51.8002269199119,54.296,54.296,54.296,54.296,51.6633887930148,54.296,32.6942718900112,15.9354287623904,32.6942718900162,54.296,51.6633887930158,54.296,54.296,54.296,54.296,51.8002269199116,42.5325110509948,35.5540957271147,14.8711128677845,31.1449956224404,24.7914004449941,10.1025082135415,18.7431349554359,12.5217467217999,8.86628038689375,11.0839982409049,25.3419191958117,18.0574752458732,8.1460731027728,7.97769728787319,11.6973247120544,22.5475017827432,15.1889024440593,8.39119181717261,14.1871163909933,12.8308099869034,5.50603989780256,6.69054687223008,13.8308557119986,8.65635815119007,5.37099574840662,3.42921144185475,3.3202844029084,2.96203726840881,2.6128,3.21852709084979,4.86822587058133,2.63796070365852,2.09463876990476,5.47957637476255,6.98347193834924,5.15971141756552,2.55988495816189,2.49664906131689,4.744,4.744,4.57746417325654,2.85990392083349,1.79172875191569,1.27391304627527,1.35357751162305,2.976,2.976,2.976,2.976,2.35070830723058,1.40797756761446,0.858836034282169,0.744,0.744,0.606095768379705,0.659664594602179,0.616514502790102,0.518975891075588,0.308242842908996,0,0,0,0,0,0,0,0,0,0,0,0,0,0,0,0,0,0,0,0,0,0,0,0,0,0,0,0,0,0,0,0
0,0,0,0,0,0,0,0,0,0,0,0,0,0,0,0,0,0,0,0,0,0,0,0,0,0,0,0,0,0,0,0,0.141335258783278,0.469174535959105,0.570750377216146,0.637981416901885,0.673226875816473,0.606171333202346,0.682026140747489,0.744,0.879185699485388,1.45802852645134,2.32435318853074,2.93417347547513,2.976,2.976,2.83800956287331,1.48246587085192,1.33536885995835,1.92281845358497,3.1301061958083,4.53634026645426,4.744,3.78148735690598,1.95773181346765,2.66506471106136,5.42437888134716,7.12034589077984,2.89477637476252,2.2256551695371,3.14370021580325,5.1414332717506,5.23353342939586,2.6128,2.73883327562725,3.20850447369539,3.57984425113149,5.86380650643494,10.4846763955942,11.7392417150792,3.99952771024324,5.40699909611906,14.3494512811042,10.9044799012037,8.55473496270626,17.4765809776238,17.7412994421028,13.0504517689539,18.3301092320044,8.20647108388478,20.5847074800054,20.5104376350685,15.0299374341418,12.3686158464532,18.7400545187005,27.0223538756579,12.1452752023847,37.5702106681344,16.5009956224392,24.856698997337,38.6312374641506,47.8396036335798,54.296,54.296,54.296,54.296,54.296,21.631689888822,4.53052763465348,0,0,0,4.53052763465598,21.6316898888232,54.296,54.296,54.296,54.296,54.296,47.8396036335795,38.6312374641503,24.8566989973364,16.5009956224402,37.5702106681334,12.1452752023838,27.0223538756591,18.7400545186999,12.3686158464528,15.0299374341411,20.5104376350678,20.5847074800055,8.20647108388433,18.3301092320038,13.0504517689538,17.7412994421033,17.4765809776239,8.55473496270637,10.9044799012031,14.349451281104,5.40699909611881,3.99952771024322,11.7392417150792,10.484676395594,5.86380650643496,3.57984425113152,3.20850447369536,2.73883327562726,2.6128,5.23353342939584,5.14143327175061,3.14370021580325,2.2256551695371,2.89477637476255,7.12034589077983,5.42437888134719,2.66506471106134,1.95773181346765,3.78148735690598,4.744,4.53634026645426,3.13010619580831,1.92281845358496,1.33536885995834,1.48246587085197,2.83800956287334,2.976,2.976,2.93417347547513,2.32435318853072,1.45802852645135,0.879185699485387,0.744,0.68202614074749,0.606171333202346,0.673226875816474,0.637981416901885,0.570750377216146,0.469174535959107,0.141335258783294,0,0,0,0,0,0,0,0,0,0,0,0,0,0,0,0,0,0,0,0,0,0,0,0,0,0,0,0,0,0,0
0,0,0,0,0,0,0,0,0,0,0,0,0,0,0,0,0,0,0,0,0,0,0,0,0,0,0,0,0,0,0,0,0.369335258783278,0.456,0.532966159679495,0.616514502790098,0.659664594602181,0.611680587033213,0.744,0.744,0.995603487448836,1.50004631441479,2.41407904628258,2.976,2.976,2.976,2.976,1.35357751162308,1.37982230717491,1.85117061767376,3.03794578659153,4.63444963985786,4.744,4.744,2.38901365260104,2.82442096985125,5.47850683671106,7.08707600902672,4.46757105283011,2.17073552136634,3.2600578916388,5.24052305856161,3.30733868552931,2.6128,3.05353279646097,3.42726211234422,3.62554373379725,6.12158373333539,11.520536894378,14.1501596306075,6.09392157283839,7.08207674087996,14.2084378779231,15.0556319859929,9.26517545151822,16.8918117326379,9.31203945558768,13.8076278875992,10.8010291682024,10.8663064965114,22.4117724817104,27.1406948713252,13.1134791170689,10.7041842446126,23.3311865398669,15.1728744843247,20.7966308445671,24.3524553041706,15.5165766753873,30.7078648416887,42.0151792571737,53.2154785304578,54.296,54.296,54.296,50.0965783676094,41.505405212702,0,0,0,0,0,0,0,41.5054052127032,50.0965783676114,54.296,54.296,54.296,53.2154785304575,42.0151792571735,30.7078648416888,15.5165766753869,24.3524553041722,20.7966308445672,15.1728744843255,23.3311865398667,10.704184244613,13.1134791170696,27.1406948713259,22.4117724817101,10.8663064965114,10.801029168203,13.8076278875992,9.31203945558817,16.8918117326382,9.26517545151809,15.0556319859932,14.208437877923,7.08207674087992,6.09392157283842,14.1501596306075,11.5205368943779,6.12158373333534,3.62554373379723,3.42726211234427,3.05353279646098,2.6128,3.30733868552934,5.24052305856161,3.2600578916388,2.17073552136634,4.46757105283004,7.08707600902672,5.4785068367111,2.82442096985125,2.38901365260103,4.744,4.744,4.63444963985786,3.03794578659155,1.85117061767375,1.3798223071749,1.35357751162305,2.976,2.976,2.976,2.976,2.41407904628258,1.5000463144148,0.995603487448838,0.744,0.744,0.611680587033216,0.659664594602179,0.616514502790102,0.532966159679497,0.456,0.369335258783294,0,0,0,0,0,0,0,0,0,0,0,0,0,0,0,0,0,0,0,0,0,0,0,0,0,0,0,0,0,0,0
0,0,0,0,0,0,0,0,0,0,0,0,0,0,0,0,0,0,0,0,0,0,0,0,0,0,0,0,0,0,0,0.202427674657576,0.456,0.474549787198064,0.57203321258081,0.665718044329402,0.654809279448701,0.597607264706466,0.701718421678357,0.744,0.976695199567883,1.54192372601923,2.52014290839812,2.96682267264827,2.976,2.976,2.60210286298606,1.12150079717201,1.38835347017038,1.93310766030147,3.32510732246598,4.55953301090824,4.744,3.38877923470987,2.07412784907704,3.0304667464001,5.77218907929825,7.13548805100017,2.89477637476252,2.31837597848294,3.50544352090677,5.73179947356328,4.40079169668717,2.6128,2.90346885311779,2.97781829541157,3.86995249507373,6.24815282805814,11.2443409984914,10.8658507816237,4.17579446421959,7.27413764733525,16.4760593790928,9.77832564395857,11.3152811902861,19.5331134962707,14.2542503560641,10.5151992206961,6.89170018631879,11.2745799098157,28.2635564344053,17.803937397875,9.80359824090484,10.9097708435334,20.6033837018119,13.6108272660993,22.6193948308154,13.7483919531946,19.2964058697151,33.4402831667008,44.7971961778836,53.9312900459368,54.296,54.296,54.2148159443536,10.6390788189966,6.09733806005904,0,0,0,0,0,0,0,6.0973380600606,10.6390788189948,54.2148159443541,54.296,54.296,53.9312900459372,44.7971961778837,33.4402831667004,19.2964058697152,13.7483919531928,22.6193948308154,13.6108272660974,20.6033837018114,10.9097708435332,9.80359824090495,17.8039373978744,28.2635564344049,11.2745799098152,6.89170018631872,10.5151992206961,14.2542503560638,19.5331134962707,11.315281190286,9.77832564395825,16.4760593790926,7.27413764733505,4.17579446421958,10.8658507816237,11.2443409984914,6.24815282805817,3.86995249507375,2.97781829541155,2.9034688531178,2.6128,4.4007916966871,5.73179947356331,3.50544352090679,2.31837597848294,2.89477637476255,7.13548805100016,5.77218907929826,3.03046674640009,2.07412784907704,3.38877923470983,4.744,4.55953301090824,3.32510732246599,1.93310766030147,1.38835347017038,1.12150079717207,2.60210286298609,2.976,2.976,2.96682267264826,2.5201429083981,1.54192372601923,0.976695199567881,0.744,0.701718421678357,0.597607264706468,0.654809279448702,0.665718044329402,0.572033212580811,0.474549787198067,0.456,0.202427674657593,0,0,0,0,0,0,0,0,0,0,0,0,0,0,0,0,0,0,0,0,0,0,0,0,0,0,0,0,0,0
0,0,0,0,0,0,0,0,0,0,0,0,0,0,0,0,0,0,0,0,0,0,0,0,0,0,0,0,0,0,0.0355200905318681,0.430427674657576,0.456,0.460520153878173,0.546956428283406,0.620473002900661,0.670404854236423,0.596422578720767,0.678728646582704,0.744,1.02503410693359,1.57273426294362,2.47744978533458,2.976,2.976,2.976,2.976,1.34096976583938,1.48573156807452,1.93463605142785,3.34679792740291,4.744,4.744,4.57145403400138,2.28025673465548,3.01600080778022,5.78738098045803,7.02833646978534,3.53479265450216,2.22018260144502,3.3939253081774,5.43300059837117,3.39139088119427,2.6128,3.14502832451314,3.48951783831689,3.81771689460885,6.43854384440718,12.2841793342622,13.7167856456331,5.48178561325005,8.30843850140458,15.8315736861548,15.1540784310792,11.5177374067657,18.5883685670221,9.81680285719824,15.0985111239382,8.72706006059553,13.4648137331948,27.166808380981,27.4907393755998,12.3158778815419,13.1117708435334,29.5400171254009,17.9517833544615,27.1926233860921,26.4722452947027,21.2502317378338,38.9762703480458,45.3217179616541,53.5710743586992,54.296,54.296,54.296,32.2232240250213,0,0,0,0,0,0,0,0,0,32.2232240250202,54.296,54.296,54.296,53.571074358699,45.3217179616541,38.9762703480456,21.2502317378338,26.4722452947026,27.1926233860923,17.9517833544624,29.5400171254009,13.1117708435332,12.3158778815414,27.4907393755991,27.1668083809812,13.4648137331949,8.72706006059543,15.0985111239374,9.81680285719881,18.5883685670228,11.5177374067657,15.154078431079,15.8315736861549,8.3084385014046,5.48178561325004,13.7167856456326,12.2841793342621,6.43854384440714,3.81771689460884,3.4895178383169,3.14502832451315,2.6128,3.3913908811943,5.43300059837118,3.39392530817739,2.22018260144503,3.53479265450212,7.02833646978531,5.78738098045805,3.01600080778024,2.28025673465548,4.57145403400138,4.744,4.744,3.34679792740294,1.93463605142783,1.48573156807451,1.34096976583936,2.976,2.976,2.976,2.976,2.47744978533458,1.57273426294362,1.02503410693359,0.744,0.678728646582699,0.596422578720766,0.670404854236423,0.620473002900662,0.546956428283406,0.460520153878172,0.456,0.430427674657593,0.0355200905318843,0,0,0,0,0,0,0,0,0,0,0,0,0,0,0,0,0,0,0,0,0,0,0,0,0,0,0,0,0
0,0,0,0,0,0,0,0,0,0,0,0,0,0,0,0,0,0,0,0,0,0,0,0,0,0,0,0,0,0,0.263520090531868,0.456,0.456,0.476060710727245,0.573316047945474,0.673514502790098,0.684,0.62100473495671,0.67050740704908,0.810038384107359,1.10493361955391,1.73941222401026,2.71729558334529,2.976,2.976,2.976,2.36619616309881,1.03376011696531,1.44133808038242,1.93719630352734,3.63560856130406,4.65377242032604,4.744,3.1690082205115,2.00994597580934,3.02853637306476,6.11999927724932,7.14518727779059,2.89477637476252,2.41109678742878,3.7030948255507,5.54160649058358,3.56804996397844,2.63252127446525,3.06810443060832,2.92696893430802,4.16006073901597,6.83743053542287,11.8309608876506,10.6203502733001,4.2870082289531,8.14063580823194,17.0287466492048,9.2917263793205,11.7262134962706,18.5076021847265,11.7259706856836,14.671577433312,11.9597818176064,12.7604140284172,29.3980982193309,17.5090750150602,11.3343170546456,12.5678557592005,21.0225181867351,12.5420699247445,26.4858303177409,12.1018264289759,23.5072918107301,36.5639017293793,48.0756882222892,54.296,54.296,54.296,54.1048358604616,7.0831205365816,0,0,0,0,0,0,0,0,0,7.08312053658324,54.1048358604629,54.296,54.296,54.296,48.0756882222892,36.5639017293795,23.5072918107304,12.1018264289768,26.4858303177419,12.5420699247442,21.0225181867352,12.567855759201,11.334317054646,17.5090750150612,29.3980982193306,12.7604140284169,11.9597818176053,14.6715774333116,11.7259706856831,18.5076021847259,11.7262134962708,9.29172637932081,17.0287466492046,8.14063580823182,4.28700822895309,10.6203502733004,11.8309608876505,6.83743053542292,4.16006073901599,2.92696893430803,3.06810443060833,2.63252127446526,3.56804996397841,5.54160649058353,3.7030948255507,2.41109678742878,2.89477637476255,7.14518727779059,6.11999927724934,3.02853637306474,2.00994597580934,3.16900822051145,4.744,4.65377242032604,3.63560856130407,1.93719630352734,1.44133808038241,1.03376011696531,2.36619616309883,2.976,2.976,2.976,2.71729558334527,1.73941222401027,1.1049336195539,0.81003838410736,0.670507407049084,0.621004734956709,0.684,0.673514502790102,0.573316047945476,0.476060710727249,0.456,0.456,0.263520090531884,0,0,0,0,0,0,0,0,0,0,0,0,0,0,0,0,0,0,0,0,0,0,0,0,0,0,0,0,0
0,0,0,0,0,0,0,0,0,0,0,0,0,0,0,0,0,0,0,0,0,0,0,0,0,0,0,0,0,0.0966125064061661,0.456,0.456,0.456,0.481168509085708,0.560946696887315,0.638555687378867,0.663884202012594,0.602007397374276,0.718356347430448,0.786384340948631,0.976835575926904,1.65613949552715,2.51655728349062,2.976,2.976,2.976,2.976,1.28337676782998,1.59164082897415,2.06257530340481,3.43789355558282,4.744,4.744,3.66660935388314,2.13076603167567,3.36010836724198,6.09625512420499,6.39034443253743,2.60201425617425,2.25781124807884,3.05241647156676,5.80926395219694,3.47544307685923,2.6128,3.23652385256532,3.3922026353826,4.00989005542046,6.69425809530773,12.6796498513655,11.3336081925053,4.86964965366174,9.037392525493,16.6926619911125,12.7828604725868,10.4907862910672,19.5667504232671,12.7049860763541,16.9948138396793,13.3964157506181,14.3234960294329,28.5919459988146,21.7844247663353,9.60751146495833,13.1117708435334,31.7057854615011,17.7252167981548,29.3813579618525,23.0512109155009,23.1431425128812,39.4098882085735,50.3316942873989,54.1231404338598,54.296,54.296,31.6972762892066,0,0,0,0,0,0,0,0,0,0,0,31.6972762892053,54.296,54.296,54.1231404338597,50.3316942873995,39.4098882085733,23.1431425128816,23.0512109155003,29.3813579618532,17.7252167981553,31.7057854615012,13.1117708435332,9.60751146495807,21.7844247663344,28.5919459988153,14.3234960294332,13.396415750619,16.9948138396795,12.7049860763538,19.5667504232674,10.4907862910671,12.7828604725865,16.6926619911127,9.03739252549304,4.86964965366163,11.3336081925048,12.6796498513656,6.69425809530772,4.00989005542043,3.39220263538259,3.23652385256532,2.6128,3.47544307685926,5.80926395219697,3.05241647156676,2.25781124807885,2.60201425617416,6.39034443253744,6.09625512420502,3.36010836724198,2.13076603167566,3.66660935388317,4.744,4.744,3.43789355558283,2.06257530340479,1.59164082897414,1.28337676782997,2.976,2.976,2.976,2.976,2.5165572834906,1.65613949552715,0.976835575926901,0.786384340948628,0.718356347430444,0.602007397374277,0.663884202012593,0.638555687378867,0.560946696887315,0.481168509085707,0.456,0.456,0.456,0.0966125064061824,0,0,0,0,0,0,0,0,0,0,0,0,0,0,0,0,0,0,0,0,0,0,0,0,0,0,0,0
0,0,0,0,0,0,0,0,0,0,0,0,0,0,0,0,0,0,0,0,0,0,0,0,0,0,0,0,0,0.324612506406166,0.456,0.456,0.456,0.476060710727245,0.574598883310138,0.673514502790098,0.684,0.61244066646083,0.67050740704908,0.799371987132206,1.02895874966335,1.70135250926234,2.62868166942861,2.94970904172722,2.976,2.976,2.976,1.77952127973895,1.48341703467584,1.93832613684025,3.56040820083832,4.62343425039348,4.744,3.26436498947836,2.13238715024636,3.20603812411352,6.42943358040471,7.15275835790076,3.06322327100191,2.34443876990477,3.58141398325191,4.7360828450869,2.70737089680638,2.65995342126144,3.23274000809885,2.94643443749587,4.45016898295822,6.65141312347978,11.3287595009854,10.6203502733001,3.99134714172169,7.60439738798031,17.3712232093085,8.1141222610047,11.7432159403301,19.7019717314852,18.1366267318589,13.4879384276308,7.41744620643806,12.0744607308127,28.2870908788472,16.4713619642306,10.0479075489016,14.3902219153338,19.2894070514594,11.4880603178364,23.5209614825213,12.1007900369231,21.3864148525377,37.2997670915399,48.9649782476523,54.296,54.296,54.296,54.1123713907314,3.82077094732752,0,0,0,0,0,0,0,0,0,3.82077094732778,54.1123713907325,54.296,54.296,54.296,48.9649782476527,37.2997670915403,21.3864148525383,12.100790036924,23.5209614825228,11.4880603178365,19.2894070514601,14.3902219153343,10.0479075489012,16.4713619642313,28.2870908788472,12.0744607308125,7.41744620643708,13.4879384276307,18.1366267318595,19.7019717314851,11.7432159403301,8.11412226100509,17.3712232093085,7.60439738798029,3.99134714172168,10.6203502733004,11.3287595009852,6.65141312347982,4.45016898295822,2.94643443749589,3.23274000809887,2.65995342126144,2.70737089680631,4.73608284508688,3.58141398325192,2.34443876990476,3.06322327100189,7.15275835790076,6.42943358040471,3.20603812411352,2.13238715024636,3.26436498947832,4.744,4.62343425039348,3.56040820083833,1.93832613684025,1.48341703467583,1.77952127973899,2.976,2.976,2.976,2.94970904172722,2.6286816694286,1.70135250926235,1.02895874966336,0.799371987132208,0.670507407049084,0.61244066646083,0.684,0.673514502790102,0.574598883310141,0.476060710727249,0.456,0.456,0.456,0.324612506406182,0,0,0,0,0,0,0,0,0,0,0,0,0,0,0,0,0,0,0,0,0,0,0,0,0,0,0,0
0,0,0,0,0,0,0,0,0,0,0,0,0,0,0,0,0,0,0,0,0,0,0,0,0,0,0,0,0.157704922280464,0.456,0.456,0.456,0.456,0.501816864293241,0.575842353958821,0.656638371857073,0.659664594602181,0.607592216027786,0.744085800267134,0.821156640100889,0.934342577028442,1.64273391504491,2.53281119966373,2.976,2.976,2.976,2.976,1.35357751162308,1.3097745831205,2.03289747609267,3.35604429979169,4.60251802652289,4.70316582733172,2.78271334389161,2.0611623860635,3.03247113593819,5.95637783973586,7.168,5.16584107706227,2.39167866461743,3.25376897786523,5.46193751921169,3.25377303311767,2.6128,3.27328713842874,3.29488743244831,4.08712902029006,6.44237356638132,12.9613071165216,8.9076521258116,3.85644214826991,7.89248874766307,14.6173054252966,9.58749687069696,10.9919913918483,19.2671047469482,9.45258075926532,15.3635915191742,12.3411768301944,12.6494156329735,24.1655174236221,18.8683200072796,17.0144240817524,11.4603959401957,23.2097673557932,11.9682924168271,19.8357098850373,14.6513377507762,17.0704559394187,34.9275644537656,44.8511814824599,53.8796909926126,54.296,54.296,51.7109334758139,13.8788218174425,0,0,0,0,0,0,0,0,0,13.8788218174402,51.7109334758116,54.296,54.296,53.8796909926126,44.8511814824606,34.9275644537664,17.0704559394193,14.6513377507756,19.8357098850366,11.968292416827,23.2097673557918,11.4603959401961,17.0144240817522,18.8683200072788,24.1655174236217,12.6494156329736,12.3411768301944,15.3635915191746,9.45258075926601,19.2671047469487,10.9919913918483,9.58749687069652,14.6173054252962,7.89248874766303,3.85644214826994,8.90765212581122,12.9613071165214,6.4423735663813,4.08712902029009,3.29488743244829,3.27328713842872,2.6128,3.25377303311767,5.46193751921169,3.25376897786524,2.39167866461744,5.16584107706226,7.168,5.95637783973588,3.0324711359382,2.0611623860635,2.78271334389158,4.70316582733172,4.60251802652289,3.35604429979172,2.03289747609265,1.30977458312048,1.35357751162305,2.976,2.976,2.976,2.976,2.53281119966373,1.6427339150449,0.934342577028427,0.821156640100884,0.744085800267134,0.607592216027788,0.659664594602179,0.656638371857073,0.575842353958819,0.501816864293242,0.456,0.456,0.456,0.456,0.15770492228048,0,0,0,0,0,0,0,0,0,0,0,0,0,0,0,0,0,0,0,0,0,0,0,0,0,0,0
0,0,0,0,0,0,0,0,0,0,0,0,0,0,0,0,0,0,0,0,0,0,0,0,0,0,0,0,0.385704922280464,0.456,0.456,0.456,0.456,0.470614830187699,0.57109411191613,0.645413423821852,0.668291895743205,0.60387659796495,0.687302671520043,0.744,0.900511609644968,1.57762039458042,2.38226252292841,2.9429218014912,2.976,2.976,2.77479855314943,1.43764424118096,1.50211748533889,1.92557543821541,3.22312798507662,4.5563994151735,4.744,3.67626153270238,2.00382682077899,2.89590213368152,5.66589551211921,7.14498831403277,2.89477637476252,2.2504996354157,3.29795150246358,5.4378062224106,5.01040095461284,2.6128,2.92882574311193,3.19961727094592,3.69776567443579,5.8459163213923,11.0672189103731,11.5052173197831,4.14180665177885,7.39052163213428,15.4672822766604,11.56851974946,9.77052943660066,17.897329649263,15.6985301678708,13.6973138916713,19.5142879655068,10.5573335281573,24.4818766539053,20.3621776368246,15.2583635604797,11.7782038232328,19.027751231628,14.0270356912812,14.7832076056441,15.8399042228952,13.8646125152756,30.5348796833771,42.8461826079477,52.2444750294271,42.9247382451106,34.1174628586767,54.296,5.1602660169235,0,0,0,0,0,0,0,0,54.296,5.16026601692509,12.364579761684,34.1174628586815,42.924738245113,52.2444750294278,42.8461826079482,30.5348796833779,13.8646125152766,15.8399042228942,14.7832076056453,14.0270356912799,19.027751231628,11.7782038232325,15.2583635604793,20.362177636824,24.4818766539055,10.5573335281571,19.5142879655063,13.6973138916712,15.6985301678706,17.8973296492632,9.77052943660089,11.5685197494595,15.4672822766603,7.39052163213421,4.14180665177886,11.5052173197831,11.067218910373,5.84591632139234,3.69776567443583,3.1996172709459,2.92882574311196,2.6128,5.01040095461282,5.43780622241063,3.29795150246359,2.2504996354157,2.89477637476255,7.14498831403277,5.66589551211925,2.8959021336815,2.00382682077899,3.67626153270237,4.744,4.55639941517349,3.22312798507662,1.92557543821541,1.50211748533889,1.43764424118102,2.77479855314945,2.976,2.976,2.94292180149119,2.38226252292838,1.57762039458042,0.900511609644964,0.744,0.687302671520043,0.603876597964951,0.668291895743207,0.645413423821852,0.57109411191613,0.470614830187701,0.456,0.456,0.456,0.456,0.38570492228048,0,0,0,0,0,0,0,0,0,0,0,0,0,0,0,0,0,0,0,0,0,0,0,0,0,0,0
0,0,0,0,0,0,0,0,0,0,0,0,0,0,0,0,0,0,0,0,0,0,0,0,0,0,0,0.218797338154756,0.456,0.456,0.456,0.456,0.456,0.456,0.536714840853808,0.616514502790098,0.675178302962754,0.605699358313576,0.649719156175016,0.741383736258137,0.933469094699061,1.50908596595197,2.38645635710527,2.96241962420509,2.976,2.976,2.976,1.57665309811833,1.43688968000983,1.86709801760023,3.04928292038735,4.6480405596765,4.744,4.744,2.35987232426623,2.8260132323864,5.42542637437416,7.088254954146,4.21763383428091,2.09463876990477,2.95875302782297,5.14418111205285,3.3298604034798,2.6128,3.07804894931362,3.51207689686936,3.6107888911297,5.33130389959664,9.91433044267065,14.122432089735,5.92990023680863,7.07727772591387,14.6146580325064,15.62031984939,8.86557810823987,15.2137957498681,18.3954815847775,13.3383754976572,11.0857900297992,10.0999469406146,21.6172382235872,27.342858335636,14.2448504516859,10.37752882783,17.4838430136009,16.4228653744839,13.6999482271442,19.726749784257,12.3716483443154,24.791038453098,39.1367323576892,44.3189402887184,12.01275588343,54.296,54.296,54.296,0,0,0,0,0,0,0,54.296,54.296,54.296,0,0,12.0127558834312,44.3189402887224,39.1367323576903,24.7910384530989,12.3716483443157,19.7267497842577,13.699948227145,16.4228653744838,17.4838430136017,10.3775288278295,14.2448504516862,27.3428583356364,21.6172382235875,10.0999469406147,11.0857900298,13.3383754976572,18.3954815847768,15.2137957498681,8.86557810823987,15.6203198493901,14.6146580325064,7.0772777259139,5.92990023680864,14.122432089735,9.91433044267082,5.3313038995966,3.61078889112968,3.51207689686939,3.07804894931362,2.6128,3.32986040347983,5.14418111205288,2.95875302782299,2.09463876990476,4.21763383428084,7.088254954146,5.42542637437419,2.8260132323864,2.35987232426622,4.744,4.744,4.64804055967649,3.04928292038736,1.86709801760022,1.43688968000981,1.57665309811836,2.976,2.976,2.976,2.96241962420509,2.38645635710526,1.50908596595197,0.933469094699057,0.741383736258137,0.649719156175013,0.605699358313579,0.675178302962754,0.616514502790102,0.536714840853809,0.456,0.456,0.456,0.456,0.456,0.456,0.218797338154772,0,0,0,0,0,0,0,0,0,0,0,0,0,0,0,0,0,0,0,0,0,0,0,0,0,0
0,0,0,0,0,0,0,0,0,0,0,0,0,0,0,0,0,0,0,0,0,0,0,0,0,0,0.051889754029054,0.446797338154756,0.456,0.456,0.456,0.456,0.456,0.475990081426658,0.572376947280794,0.673150051249369,0.684,0.627161538746123,0.67050740704908,0.799177034681297,0.963174077345067,1.54790902237763,2.42823887834133,2.95120130612904,2.976,2.976,2.976,2.36717751162308,1.26324722845449,1.90363675102344,2.85130340066182,4.51719736455948,4.744,3.10624173785228,1.92031281518304,2.39553874852144,4.85315311806781,7.12279437753427,5.04643325731942,2.34881485941019,3.05424478958347,4.84122044436156,3.82080160493167,2.6128,2.95196618744015,3.84425398119216,3.80478695276085,5.46122280996956,9.06932308591708,14.3309277644017,8.04507672810514,5.1381272988792,13.3911985537904,18.778279533676,10.5664847531644,14.3553504777118,18.5497276208637,10.8491811539505,10.0898481534496,8.12376201463184,18.9484154568609,30.9966365050242,17.7592160378876,14.1118610495618,14.0073428912009,22.9679594768304,10.5997680863832,24.1590095627702,24.1460519269141,16.3322115730874,13.0982247180654,51.5812,54.296,54.296,54.296,54.296,54.296,54.296,54.296,0,54.296,54.296,54.296,54.296,54.296,54.296,54.296,51.5812,0,0,13.098224718067,16.3322115730874,24.1460519269117,24.1590095627709,10.5997680863831,22.9679594768316,14.0073428912012,14.111861049562,17.7592160378875,30.9966365050248,18.9484154568614,8.12376201463176,10.0898481534492,10.8491811539498,18.5497276208637,14.3553504777119,10.5664847531644,18.7782795336761,13.3911985537906,5.1381272988791,8.04507672810478,14.3309277644019,9.06932308591708,5.46122280996962,3.80478695276088,3.84425398119216,2.95196618744017,2.6128,3.82080160493162,4.84122044436158,3.05424478958348,2.34881485941019,5.04643325731938,7.12279437753427,4.85315311806782,2.39553874852144,1.92031281518304,3.10624173785224,4.744,4.51719736455946,2.85130340066181,1.90363675102343,1.26324722845448,2.36717751162305,2.976,2.976,2.976,2.95120130612903,2.4282388783413,1.54790902237762,0.963174077345066,0.799177034681297,0.670507407049084,0.62716153874612,0.684,0.673150051249369,0.572376947280795,0.475990081426661,0.456,0.456,0.456,0.456,0.456,0.446797338154772,0.0518897540290735,0,0,0,0,0,0,0,0,0,0,0,0,0,0,0,0,0,0,0,0,0,0,0,0,0
0,0,0,0,0,0,0,0,0,0,0,0,0,0,0,0,0,0,0,0,0,0,0,0,0,0,0.279889754029054,0.456,0.456,0.456,0.456,0.456,0.456,0.466052863981064,0.550705109457718,0.625318243603583,0.668657650738924,0.597919026368849,0.689346857022761,0.760929251273197,0.837811528212827,1.33005070204513,2.25718490976048,2.976,2.976,2.976,2.976,1.35357751162308,1.20650748055398,1.72117352435351,2.66346297773743,4.28885105973777,4.744,4.31366614180436,1.99157823084491,2.47962949383894,4.6422689943126,6.8317850511355,6.10352687799617,2.15981349769461,2.87923076545214,4.57412944282464,4.19313554971247,2.6128,2.82807851800974,3.73958689491598,3.68358639283013,5.30989800324824,7.78055426945106,13.6100307589521,9.56140898854257,4.75954691113382,10.9440164579062,17.905311131061,11.2039032192515,12.6451300745876,20.4286008506492,12.5758644097579,10.6097179875548,7.70702365662606,14.2686285068868,26.3015931805279,18.7631877505544,17.5053133134107,11.7366564053286,20.209803034594,18.0878422841036,16.7194130059609,22.6691949818719,19.0036,38.0072,43.4368,54.296,54.296,54.296,54.296,54.296,54.296,54.296,54.296,54.296,54.296,54.296,54.296,54.296,54.296,54.296,43.4368,38.0072,19.0036,0,2.04923307530018,22.6691949818742,16.719413005962,18.0878422841016,20.2098030345932,11.7366564053288,17.5053133134097,18.7631877505533,26.3015931805278,14.2686285068871,7.70702365662621,10.6097179875546,12.5758644097584,20.4286008506494,12.6451300745877,11.203903219251,17.9053111310608,10.9440164579064,4.75954691113395,9.56140898854238,13.610030758952,7.78055426945107,5.30989800324824,3.68358639283008,3.73958689491594,2.82807851800975,2.6128,4.19313554971241,4.57412944282465,2.87923076545214,2.15981349769462,6.10352687799617,6.8317850511355,4.64226899431262,2.47962949383894,1.99157823084491,4.31366614180437,4.744,4.28885105973776,2.66346297773745,1.72117352435349,1.20650748055398,1.35357751162305,2.976,2.976,2.976,2.976,2.25718490976047,1.33005070204512,0.837811528212822,0.760929251273191,0.689346857022755,0.597919026368849,0.668657650738924,0.625318243603584,0.550705109457718,0.466052863981062,0.456,0.456,0.456,0.456,0.456,0.456,0.279889754029073,0,0,0,0,0,0,0,0,0,0,0,0,0,0,0,0,0,0,0,0,0,0,0,0,0
0,0,0,0,0,0,0,0,0,0,0,0,0,0,0,0,0,0,0,0,0,0,0,0,0,0.112982169903352,0.456,0.456,0.456,0.456,0.456,0.456,0.456,0.461304621938373,0.544272663406131,0.597372175886786,0.677932005489144,0.618709999719314,0.652767121797004,0.744,0.806525286119475,1.23714658088138,2.10466948129701,2.88637173316099,2.976,2.976,2.976,2.01095541823499,1.20903990534136,1.73689479409728,2.54352543853903,4.3708574595417,4.744,4.30940004906858,2.15997941932259,2.435366568397,4.38186432842867,7.08778420084056,7.168,3.25870472969395,2.65941349769462,4.18650658699491,5.11080344893989,2.6128,2.62416396174577,3.51959330235782,3.2110490227911,4.65579236614433,7.34908890898739,11.9542951026049,12.578208745609,4.2083648152497,8.1747551898986,17.0682320304019,12.6814794223677,10.9047557911551,17.9762129661718,17.2509584994048,14.6369958375069,20.5877710903972,10.7249122517256,20.7157141526296,21.0868632030533,12.0933266783688,10.3597976159173,14.8205669237026,26.4603554744942,20.0736,40.1472,10.8592,24.4332,38.0072,43.4368,54.296,54.296,54.296,54.296,54.296,54.296,54.296,54.296,54.296,54.296,54.296,54.296,54.296,43.4368,38.0072,24.4332,10.8592,40.1472,20.0736,2.95589989105835,6.76749805948244,26.4603554744984,14.8205669237044,10.3597976159172,12.0933266783691,21.0868632030533,20.7157141526302,10.7249122517257,20.5877710903965,14.6369958375071,17.2509584994045,17.976212966172,10.9047557911553,12.6814794223674,17.0682320304019,8.17475518989873,4.20836481524971,12.578208745609,11.954295102605,7.34908890898739,4.65579236614436,3.21104902279114,3.51959330235784,2.62416396174577,2.6128,5.1108034489399,4.18650658699493,2.65941349769462,3.25870472969396,7.168,7.08778420084054,4.38186432842871,2.435366568397,2.1599794193226,4.3094000490686,4.744,4.37085745954169,2.54352543853902,1.73689479409727,1.20903990534134,2.01095541823504,2.976,2.976,2.976,2.88637173316099,2.104669481297,1.23714658088138,0.806525286119477,0.744,0.652767121797004,0.618709999719313,0.677932005489143,0.597372175886784,0.544272663406128,0.461304621938373,0.456,0.456,0.456,0.456,0.456,0.456,0.456,0.112982169903372,0,0,0,0,0,0,0,0,0,0,0,0,0,0,0,0,0,0,0,0,0,0,0,0
0,0,0,0,0,0,0,0,0,0,0,0,0,0,0,0,0,0,0,0,0,0,0,0,0,0.340982169903352,0.456,0.456,0.456,0.456,0.456,0.456,0.456,0.456,0.511510171958535,0.5885315179698,0.675591975311853,0.641138871780056,0.596015217225155,0.732552804753332,0.842677502711375,1.23933532598939,2.00499238171265,2.73832180149121,2.976,2.976,2.976,2.32962199540987,1.30151813869005,1.7199508114524,2.23720062976341,3.90427850589549,4.744,4.744,2.45656382443759,2.19589280191361,3.68597214297888,6.35386192634544,7.168,4.54767015094205,2.47654720596391,3.71116583231617,6.01821614786193,3.41446497613815,2.6128,2.96429126239616,2.89887166002761,3.95146552695595,6.28926423304294,10.7755939550171,14.2006284850981,6.6477668588665,6.60750975631571,14.6259366623013,16.9264346561027,9.08690775750279,14.4304918171728,18.0482282769195,10.518583720645,16.2536637134545,9.38846884591212,15.3523859817891,29.33707392123,23.9172022047814,8.78747894102234,3.07062117099924,37.434,10.0368,25.092,10.8592,10.8592,27.148,38.0072,43.4368,51.5812,54.296,54.296,54.296,54.296,54.296,54.296,54.296,54.296,54.296,51.5812,43.4368,38.0072,27.148,10.8592,10.8592,25.092,10.0368,37.434,0,0,3.07062117099972,8.78747894102289,23.9172022047795,29.3370739212309,15.3523859817898,9.38846884591153,16.2536637134546,10.5185837206448,18.0482282769189,14.430491817173,9.08690775750297,16.9264346561029,14.6259366623015,6.60750975631574,6.6477668588665,14.2006284850982,10.7755939550173,6.28926423304296,3.951465526956,2.8988716600276,2.96429126239617,2.6128,3.41446497613811,6.01821614786194,3.71116583231622,2.47654720596392,4.54767015094201,7.168,6.35386192634543,3.6859721429789,2.19589280191361,2.45656382443756,4.744,4.744,3.90427850589548,2.23720062976341,1.7199508114524,1.30151813869006,2.32962199540991,2.976,2.976,2.976,2.73832180149119,2.00499238171262,1.23933532598938,0.842677502711372,0.732552804753333,0.596015217225159,0.641138871780057,0.67559197531185,0.588531517969799,0.511510171958537,0.456,0.456,0.456,0.456,0.456,0.456,0.456,0.456,0.340982169903372,0,0,0,0,0,0,0,0,0,0,0,0,0,0,0,0,0,0,0,0,0,0,0,0
0,0,0,0,0,0,0,0,0,0,0,0,0,0,0,0,0,0,0,0,0,0,0,0,0.131964968977222,0.415899295386254,0.456,0.456,0.456,0.456,0.456,0.456,0.456,0.456,0.464323642737288,0.56509674670586,0.659075400694596,0.653740475996111,0.597638273650806,0.700310969075808,0.78540170643548,1.09874279794155,1.78713406138015,2.65837877981601,2.976,2.976,2.976,2.65187654037884,1.04307742223314,1.68294258733674,1.92519882711115,3.68371838601794,4.744,4.744,3.61716191889231,2.15191824633244,3.44365434305133,6.076742989258,7.168,3.58737144735851,2.2936809142332,3.31501303828006,5.42959411766265,4.14359065369976,2.61328132419389,2.92187381797783,2.96303643313039,3.57994378852485,5.78780580359618,9.28031068313374,14.2692093529431,8.35011192424717,4.84096103741976,12.7853039087946,18.4062952567924,10.2665596754215,12.0951955372059,18.3087977482181,8.50567903210399,16.2529401647126,8.28757869085438,10.6525907546345,23.659839362782,16.0775802569375,8.808,13.212,24.222,10.0368,10.0368,27.6012,10.8592,10.8592,24.4332,38.0072,38.0072,43.4368,46.1516,54.296,54.296,54.296,54.296,54.296,46.1516,43.4368,38.0072,38.0072,24.4332,10.8592,10.8592,27.6012,10.0368,10.0368,24.222,13.212,8.808,0,0.187288481599421,16.0775802569385,23.6598393627822,10.6525907546349,8.28757869085491,16.2529401647136,8.50567903210417,18.3087977482184,12.0951955372062,10.2665596754214,18.4062952567918,12.7853039087949,4.84096103741998,8.35011192424679,14.2692093529429,9.28031068313388,5.78780580359622,3.57994378852491,2.96303643313039,2.92187381797784,2.61328132419389,4.14359065369968,5.42959411766264,3.31501303828008,2.29368091423321,3.58737144735854,7.168,6.07674298925797,3.44365434305134,2.15191824633244,3.61716191889232,4.744,4.744,3.68371838601791,1.92519882711113,1.68294258733672,1.04307742223313,2.65187654037886,2.976,2.976,2.976,2.658378779816,1.78713406138013,1.09874279794155,0.785401706435475,0.700310969075805,0.597638273650803,0.653740475996112,0.659075400694598,0.565096746705861,0.464323642737287,0.456,0.456,0.456,0.456,0.456,0.456,0.456,0.456,0.415899295386254,0.131964968977241,0,0,0,0,0,0,0,0,0,0,0,0,0,0,0,0,0,0,0,0,0,0,0
0,0,0,0,0,0,0,0,0,0,0,0,0,0,0,0,0,0,0,0,0,0,0,0.00477743766178024,0.301555939333233,0.398803555067057,0.456,0.456,0.456,0.456,0.456,0.456,0.456,0.456,0.517787606758672,0.600995041428741,0.684,0.671561538746123,0.59610740704908,0.724971987132206,0.762271554980799,1.02295550247724,1.58091469396684,2.51491947101565,2.976,2.976,2.976,2.976,1.56524187818589,1.51747742223314,1.99192289135426,3.2432141732566,4.744,4.744,4.32044838287904,2.32048361753067,3.03942343033751,5.35506021523646,6.88712700950562,3.39096964651896,2.1108146225025,2.7932809142332,4.84447344112956,4.62431817619612,2.6128,2.78202264296984,3.47743216234397,3.54176334314278,5.23231184857915,7.40310665391486,12.9995130508946,10.2311077131411,4.6616839349874,9.40074574532377,15.8707376188693,10.5804718732141,10.1572187049397,18.2617558990431,20.9165248564956,14.3440282349588,17.4425545828477,10.4286134039804,29.0376,32.264,11.3688,8.808,13.212,26.424,10.0368,10.0368,27.6012,10.8592,10.8592,19.0036,29.8628,38.0072,38.0072,40.722,43.4368,43.4368,43.4368,40.722,38.0072,38.0072,29.8628,19.0036,10.8592,10.8592,27.6012,10.0368,10.0368,26.424,13.212,8.808,11.3688,32.264,29.0376,0.440363506922198,4.29324366006116,10.4286134039799,17.4425545828465,14.3440282349586,20.9165248564944,18.2617558990434,10.15721870494,10.5804718732136,15.8707376188694,9.40074574532399,4.66168393498754,10.231107713141,12.9995130508945,7.40310665391498,5.23231184857914,3.54176334314271,3.47743216234392,2.78202264296984,2.6128,4.62431817619608,4.84447344112959,2.79328091423321,2.1108146225025,3.39096964651887,6.88712700950561,5.35506021523646,3.03942343033751,2.32048361753067,4.32044838287906,4.744,4.744,3.24321417325658,1.99192289135426,1.51747742223312,1.56524187818591,2.976,2.976,2.976,2.976,2.51491947101562,1.58091469396681,1.02295550247724,0.762271554980795,0.724971987132208,0.596107407049084,0.67156153874612,0.684,0.600995041428742,0.517787606758676,0.456,0.456,0.456,0.456,0.456,0.456,0.456,0.456,0.398803555067058,0.301555939333252,0.00477743766179312,0,0,0,0,0,0,0,0,0,0,0,0,0,0,0,0,0,0,0,0,0,0
0,0,0,0,0,0,0,0,0,0,0,0,0,0,0,0,0,0,0,0,0,0,0,0.1058443638705,0.292686085797158,0.370245542475838,0.456,0.456,0.456,0.456,0.456,0.456,0.456,0.456,0.493587015309772,0.567906327215492,0.665977397078524,0.638510656204107,0.61781683255369,0.725344929674177,0.790079118039903,1.04910657862493,1.56274270683461,2.62223812449507,2.976,2.976,2.976,2.976,2.15492832298732,1.3438349706778,1.86387742288029,2.91342034481672,4.43734599058718,4.744,4.46163514596888,2.54992301436084,2.59533272753474,4.59478838317409,6.90711569544759,4.30232700950556,2.08222272994452,2.6104146225025,4.1351048997831,5.73985055212574,2.6128,2.6128,3.4500886023259,3.54605119628906,4.35277778225939,6.20205757797346,10.7065559343731,13.495664990752,4.42479413779631,6.41027862979491,12.7102378281114,11.6563752659386,7.40122826851498,13.6565973432784,16.9966430262331,7.36198376719072,25.3004,8.066,14.5188,30.6508,11.3688,18.948,8.808,13.212,28.626,10.0368,10.0368,25.092,40.1472,10.8592,10.8592,19.0036,24.4332,29.8628,32.5776,35.2924,32.5776,29.8628,24.4332,19.0036,10.8592,10.8592,40.1472,25.092,10.0368,10.0368,28.626,13.212,8.808,18.948,11.3688,30.6508,14.5188,8.066,25.3004,5.15953205091209,8.04818241362826,7.36198376719165,16.9966430262341,13.6565973432788,7.40122826851529,11.6563752659386,12.7102378281117,6.41027862979509,4.42479413779658,13.4956649907523,10.7065559343734,6.20205757797349,4.3527777822594,3.54605119628908,3.45008860232594,2.6128,2.6128,5.73985055212578,4.13510489978311,2.61041462250251,2.08222272994452,4.30232700950555,6.90711569544759,4.5947883831741,2.59533272753476,2.54992301436086,4.46163514596889,4.744,4.43734599058717,2.9134203448167,1.86387742288029,1.34383497067778,2.1549283229874,2.976,2.976,2.976,2.976,2.62223812449503,1.5627427068346,1.04910657862493,0.790079118039904,0.725344929674174,0.617816832553688,0.638510656204107,0.665977397078525,0.567906327215492,0.493587015309771,0.456,0.456,0.456,0.456,0.456,0.456,0.456,0.456,0.370245542475843,0.292686085797161,0.105844363870507,0,0,0,0,0,0,0,0,0,0,0,0,0,0,0,0,0,0,0,0,0,0
0,0,0,0,0,0,0,0,0,0,0,0,0,0,0,0,0,0,0,0,0,0,0.01706485438156,0.114,0.207165747603381,0.423467287035465,0.456,0.456,0.456,0.456,0.456,0.456,0.456,0.456,0.482834443866339,0.565566297038203,0.637183574838382,0.672378728287307,0.59559408814809,0.716446148729967,0.791702174465554,0.883024047714083,1.51031812900794,2.35068225476949,2.976,2.976,2.976,2.976,2.38933299845657,1.24704702063005,1.73615096954043,2.3078115119499,4.16060534168416,4.74372566613563,4.744,2.97862304401141,2.42803411720814,3.95863169923672,6.34883111991847,7.168,4.76402397641717,2.45560099343858,3.62471082463153,5.54247175391774,3.52596261994935,2.6128,3.06292721868019,3.76288505843929,3.79877231593008,4.91923003710092,8.93276852035162,13.8151766179686,7.06934662929635,4.07276126800763,8.97657156665203,17.5162728634266,13.6638424642551,8.59849794556998,4.59092464391535,9.3212,15.9792,6.4528,9.6792,19.3584,32.264,11.3688,18.948,8.808,13.212,26.424,10.0368,10.0368,20.0736,30.1104,40.1472,10.8592,10.8592,10.8592,10.8592,10.8592,10.8592,10.8592,10.8592,10.8592,40.1472,30.1104,20.0736,10.0368,10.0368,26.424,13.212,8.808,18.948,11.3688,32.264,19.3584,9.6792,6.4528,15.9792,9.3212,0,0,4.59092464391597,8.59849794557029,13.6638424642544,17.5162728634271,8.97657156665241,4.07276126800763,7.06934662929615,13.8151766179688,8.93276852035185,4.91923003710101,3.79877231593019,3.76288505843933,3.06292721868019,2.6128,3.52596261994932,5.5424717539178,3.62471082463154,2.45560099343858,4.76402397641707,7.168,6.34883111991849,3.95863169923669,2.42803411720815,2.97862304401143,4.744,4.74372566613563,4.16060534168414,2.3078115119499,1.73615096954043,1.24704702063008,2.38933299845662,2.976,2.976,2.976,2.976,2.35068225476947,1.51031812900792,0.883024047714076,0.791702174465551,0.716446148729963,0.595594088148092,0.672378728287305,0.63718357483838,0.565566297038199,0.482834443866339,0.456,0.456,0.456,0.456,0.456,0.456,0.456,0.456,0.423467287035469,0.207165747603379,0.114,0.0170648543815649,0,0,0,0,0,0,0,0,0,0,0,0,0,0,0,0,0,0,0,0,0
0,0,0,0,0,0,0,0,0,0,0,0,0,0,0,0,0,0,0,0,0,0,0.07406485438156,0.114,0.225767894873762,0.456,0.456,0.456,0.456,0.456,0.456,0.456,0.456,0.456,0.458720681980777,0.560230410515222,0.620145468463434,0.680119297665979,0.614134760011804,0.656950877404754,0.744,0.774952395985241,1.383123079809,2.08876196097084,2.86123451570171,2.976,2.976,2.976,2.7843607492183,0.99655006756713,1.64459251912247,1.98425977686476,3.71800685046708,4.744,4.744,3.93835913235078,2.0680750152993,3.30363791153982,5.76568326294121,7.168,5.52679990878338,2.24468203904109,3.09221846449983,4.78140956619459,4.03982964266784,2.6128,2.89298367420987,3.64391482243068,3.2999285346716,4.20739425113152,7.09243500823609,13.0598573753059,8.61123861637095,3.84488002619291,6.4500475032742,13.4927265757744,10.3721973381682,9.4272,17.676,23.568,10.6528,21.3056,8.066,11.2924,24.198,32.264,11.3688,18.948,8.808,13.212,24.222,37.434,10.0368,10.0368,20.0736,25.092,37.638,40.1472,40.1472,40.1472,40.1472,40.1472,37.638,25.092,20.0736,10.0368,10.0368,37.434,24.222,13.212,8.808,18.948,11.3688,32.264,24.198,11.2924,8.066,21.3056,10.6528,23.568,17.676,9.4272,0,0.462728151286778,10.3721973381689,13.4927265757745,6.45004750327434,3.84488002619296,8.61123861637058,13.0598573753059,7.09243500823618,4.20739425113159,3.29992853467159,3.64391482243065,2.89298367420987,2.6128,4.03982964266777,4.7814095661946,3.09221846449985,2.2446820390411,5.52679990878333,7.168,5.76568326294122,3.3036379115398,2.0680750152993,3.93835913235079,4.744,4.744,3.71800685046704,1.98425977686473,1.64459251912246,0.996550067567111,2.78436074921831,2.976,2.976,2.976,2.8612345157017,2.08876196097081,1.38312307980896,0.774952395985233,0.744,0.656950877404751,0.614134760011804,0.680119297665983,0.620145468463432,0.560230410515225,0.458720681980779,0.456,0.456,0.456,0.456,0.456,0.456,0.456,0.456,0.456,0.225767894873778,0.114,0.0740648543815649,0,0,0,0,0,0,0,0,0,0,0,0,0,0,0,0,0,0,0,0,0
0,0,0,0,0,0,0,0,0,0,0,0,0,0,0,0,0,0,0,0,0,0.00654037110264529,0.085137617424781,0.114724765150438,0.255178557213289,0.433061148428046,0.456,0.456,0.456,0.456,0.456,0.456,0.456,0.456,0.456,0.516163484306506,0.591939290703577,0.681484313893122,0.621478911352835,0.621446460750019,0.732398660812854,0.833901147298453,1.18760083931212,1.98632502650718,2.7639337356516,2.976,2.976,2.976,2.976,1.75611821044735,1.47095006756712,1.98639952444162,3.22754855813712,4.7406688838829,4.744,4.30903570849876,2.29800968295085,2.63308983661961,4.80345614455898,7.168,6.95505411022782,2.40244695939602,2.74428203904109,4.02330026975411,4.3917627448971,2.6128,2.6128,2.97728119225497,3.18613733205811,3.74925831768221,5.62451430678288,8.93398900173973,13.3097403515349,8.64336937406973,2.71947930308807,16.116,18.96,7.0704,14.1408,22.3896,7.9896,10.6528,25.3004,8.066,12.9056,27.4244,32.264,11.3688,18.948,8.808,13.212,13.212,26.424,37.434,10.0368,10.0368,10.0368,10.0368,15.0552,15.0552,15.0552,10.0368,10.0368,10.0368,10.0368,37.434,26.424,13.212,13.212,8.808,18.948,11.3688,32.264,27.4244,12.9056,8.066,25.3004,10.6528,7.9896,22.3896,14.1408,7.0704,18.96,16.116,0.96126622451853,3.09963222404982,2.7194793030884,8.64336937406962,13.3097403515351,8.93398900174,5.62451430678291,3.74925831768227,3.18613733205809,2.97728119225499,2.6128,2.6128,4.39176274489709,4.02330026975415,2.7442820390411,2.40244695939605,6.95505411022784,7.168,4.80345614455898,2.63308983661961,2.29800968295085,4.30903570849874,4.744,4.74066888388292,3.2275485581371,1.98639952444161,1.47095006756712,1.75611821044739,2.976,2.976,2.976,2.976,2.76393373565157,1.98632502650715,1.18760083931211,0.833901147298457,0.732398660812853,0.621446460750012,0.621478911352839,0.681484313893122,0.591939290703577,0.516163484306506,0.456,0.456,0.456,0.456,0.456,0.456,0.456,0.456,0.456,0.433061148428049,0.255178557213294,0.11472476515044,0.0851376174247808,0.00654037110264603,0,0,0,0,0,0,0,0,0,0,0,0,0,0,0,0,0,0,0,0
0,0,0,0,0,0,0,0,0,0,0,0,0,0,0,0,0,0,0,0,0,0,0.0619348965257131,0.114,0.186782776310831,0.399078350784997,0.456,0.456,0.456,0.456,0.456,0.456,0.456,0.456,0.456,0.490804182806753,0.56578138984638,0.65676418748943,0.64641877155968,0.613817456593791,0.725433924719709,0.804319578651623,0.892073777820373,1.77221727720048,2.59297541653225,2.976,2.976,2.976,2.976,2.2560012556774,1.33893180873298,1.82341973930143,2.6479129767667,4.26833181797782,4.744,4.51717554793205,2.25253762427943,2.2567752783319,3.98504107351936,6.32659632784353,7.11618907929823,4.04391091458729,2.4161781022135,3.18486993590845,5.20242309452886,5.41055081579908,2.78874767651513,2.88549835479543,3.32968386051491,3.28013090527725,4.82502513855108,6.52205587618138,11.2352821611657,2.53800929762295,4.74,9.48,18.012,4.7136,9.4272,15.3192,23.568,9.3212,14.6476,6.4528,8.066,12.9056,24.198,32.264,11.3688,11.3688,8.808,8.808,13.212,13.212,24.222,28.626,33.03,10.0368,10.0368,10.0368,10.0368,10.0368,33.03,28.626,24.222,13.212,13.212,8.808,8.808,11.3688,11.3688,32.264,24.198,12.9056,8.066,6.4528,14.6476,9.3212,23.568,15.3192,9.4272,4.7136,18.012,9.48,4.74,0,0,2.53800929762323,11.2352821611663,6.52205587618167,4.82502513855121,3.28013090527729,3.32968386051495,2.88549835479545,2.78874767651509,5.41055081579895,5.2024230945289,3.18486993590849,2.4161781022135,4.04391091458726,7.11618907929823,6.32659632784353,3.98504107351936,2.2567752783319,2.25253762427942,4.51717554793206,4.744,4.26833181797782,2.64791297676669,1.82341973930143,1.33893180873297,2.25600125567749,2.976,2.976,2.976,2.976,2.59297541653222,1.77221727720046,0.892073777820373,0.804319578651618,0.725433924719702,0.61381745659379,0.64641877155968,0.65676418748943,0.565781389846379,0.49080418280675,0.456,0.456,0.456,0.456,0.456,0.456,0.456,0.456,0.456,0.399078350784998,0.18678277631084,0.114,0.0619348965257155,0,0,0,0,0,0,0,0,0,0,0,0,0,0,0,0,0,0,0,0,0
0,0,0,0,0,0,0,0,0,0,0,0,0,0,0,0,0,0,0,0,0,0,0.0165563179802059,0.114,0.114,0.35161419958636,0.454687969016243,0.456,0.456,0.456,0.456,0.456,0.456,0.456,0.456,0.47787110901547,0.567533775543386,0.632062781123585,0.683474620218647,0.601216107731837,0.701763413435063,0.786271499752522,0.888365727381588,1.51867925066666,2.25131344306607,2.976,2.976,2.976,2.976,2.46854352322608,1.16851315417732,1.71272347974022,2.01768607341089,3.73452523583779,4.73622478841048,4.744,2.83443696946957,2.02316664805736,2.72525438556604,5.09981661745888,7.13783824628862,4.92033294869226,2.03064254579684,2.71569014648312,4.23536844651626,5.34047677049667,2.68791241933285,2.6499125586537,3.23820740245359,3.37439096010887,3.31637630201075,1.90832996336089,13.6268,14.344,3.792,4.74,12.324,18.012,7.0704,9.4272,15.3192,23.568,9.3212,14.6476,6.4528,8.066,11.2924,19.3584,30.6508,32.264,11.3688,17.0532,8.808,8.808,11.01,13.212,13.212,13.212,17.616,19.818,17.616,13.212,13.212,13.212,11.01,8.808,8.808,17.0532,11.3688,32.264,30.6508,19.3584,11.2924,8.066,6.4528,14.6476,9.3212,23.568,15.3192,9.4272,7.0704,18.012,12.324,4.74,3.792,14.344,13.6268,0,0,1.9083299633611,3.31637630201086,3.37439096010881,3.23820740245361,2.64991255865369,2.68791241933279,5.34047677049671,4.23536844651628,2.71569014648315,2.03064254579683,4.92033294869218,7.13783824628864,5.09981661745889,2.72525438556605,2.02316664805735,2.83443696946954,4.744,4.73622478841048,3.73452523583776,2.01768607341089,1.71272347974021,1.16851315417736,2.46854352322613,2.976,2.976,2.976,2.976,2.25131344306606,1.51867925066662,0.888365727381579,0.78627149975252,0.70176341343506,0.601216107731837,0.683474620218645,0.632062781123582,0.567533775543382,0.477871109015469,0.456,0.456,0.456,0.456,0.456,0.456,0.456,0.456,0.454687969016242,0.351614199586364,0.114,0.114,0.0165563179802104,0,0,0,0,0,0,0,0,0,0,0,0,0,0,0,0,0,0,0,0,0
0,0,0,0,0,0,0,0,0,0,0,0,0,0,0,0,0,0,0,0,0,0,0.00771566006322046,0.0921471602127986,0.12306705576296,0.291177609880461,0.456,0.456,0.456,0.456,0.456,0.456,0.456,0.456,0.456,0.456,0.546924785051833,0.614085574083956,0.679318245453378,0.617269426641044,0.64244613220091,0.744,0.759501147298464,1.3342194722288,2.06913482893493,2.82343170752126,2.976,2.976,2.976,2.93634447978056,1.1777012987646,1.59806516445646,1.95991446453728,3.22650220676062,4.744,4.744,4.12579377491575,1.90125340064172,2.24946059786916,4.2946245994931,6.74290212831238,5.84157236792459,2.01353004119575,2.37854945557968,3.23870827420676,5.26881614786194,3.3557372526022,2.6128,2.7139759399097,2.20154335097369,3.586,5.7376,8.6064,14.344,3.792,3.792,7.584,15.168,18.96,7.0704,11.784,16.4976,23.568,9.3212,14.6476,25.3004,8.066,9.6792,14.5188,29.0376,32.264,32.264,11.3688,11.3688,18.948,8.808,8.808,8.808,8.808,8.808,8.808,8.808,8.808,8.808,18.948,11.3688,11.3688,32.264,32.264,29.0376,14.5188,9.6792,8.066,25.3004,14.6476,9.3212,23.568,16.4976,11.784,7.0704,18.96,15.168,7.584,3.792,3.792,14.344,8.6064,5.7376,3.586,0,0.291790851011686,2.2015433509738,2.71397593990973,2.6128,3.35573725260223,5.26881614786195,3.2387082742068,2.37854945557969,2.01353004119576,5.84157236792457,6.74290212831238,4.29462459949306,2.24946059786916,1.90125340064172,4.12579377491576,4.744,4.744,3.22650220676062,1.95991446453727,1.59806516445645,1.17770129876457,2.93634447978056,2.976,2.976,2.976,2.82343170752124,2.06913482893489,1.33421947222877,0.759501147298455,0.744,0.642446132200907,0.617269426641046,0.67931824545338,0.614085574083953,0.546924785051834,0.456,0.456,0.456,0.456,0.456,0.456,0.456,0.456,0.456,0.456,0.291177609880461,0.12306705576296,0.0921471602127988,0.00771566006321965,0,0,0,0,0,0,0,0,0,0,0,0,0,0,0,0,0,0,0,0,0
0,0,0,0,0,0,0,0,0,0,0,0,0,0,0,0,0,0,0,0,0,0,0.00406397754913976,0.0846181546326012,0.114,0.23984781930047,0.36914898294723,0.440472059860297,0.456,0.456,0.456,0.456,0.456,0.456,0.456,0.456,0.506950274717413,0.581786980449801,0.683871038256287,0.626834367983585,0.621357465704488,0.728577274944016,0.81396572738158,1.05361976771977,1.71860431023192,2.67759387287617,2.976,2.976,2.976,2.976,1.9229317943161,1.36170029289866,1.76994017463901,2.59527126974383,4.07763213318312,4.69341613432044,4.27527130718182,2.54412734785275,2.23403006778803,3.21694176169941,5.62581248300925,7.12558986045192,5.93686506803495,2.70525777867885,2.80357149232279,4.31072891638793,3.7422205814582,1.69558919031344,2.6128,3.9192,2.8688,5.0204,6.4548,12.9096,14.344,3.792,4.74,9.48,18.012,18.96,7.0704,11.784,16.4976,23.568,9.3212,10.6528,21.3056,6.4528,8.066,11.2924,17.7452,29.0376,32.264,32.264,11.3688,11.3688,11.3688,11.3688,11.3688,13.2636,11.3688,11.3688,11.3688,11.3688,11.3688,32.264,32.264,29.0376,17.7452,11.2924,8.066,6.4528,21.3056,10.6528,9.3212,23.568,16.4976,11.784,7.0704,18.96,18.012,9.48,4.74,3.792,14.344,12.9096,6.4548,5.0204,2.8688,3.9192,2.6128,0.28372991457119,0.648391097222693,1.69558919031356,3.74222058145823,4.31072891638798,2.80357149232283,2.70525777867882,5.93686506803484,7.12558986045192,5.62581248300925,3.21694176169942,2.23403006778803,2.54412734785273,4.27527130718184,4.69341613432044,4.07763213318311,2.59527126974383,1.769940174639,1.36170029289865,1.92293179431609,2.976,2.976,2.976,2.976,2.6775938728761,1.71860431023189,1.05361976771976,0.813965727381581,0.728577274944013,0.621357465704483,0.626834367983589,0.683871038256287,0.581786980449802,0.506950274717411,0.456,0.456,0.456,0.456,0.456,0.456,0.456,0.456,0.440472059860296,0.369148982947227,0.239847819300471,0.114,0.0846181546325998,0.00406397754914055,0,0,0,0,0,0,0,0,0,0,0,0,0,0,0,0,0,0,0,0,0
0,0,0,0,0,0,0,0,0,0,0,0,0,0,0,0,0,0,0,0,0,0,0,0.0512736712236151,0.114,0.163267206649418,0.346827350121623,0.439415622341607,0.456,0.456,0.456,0.456,0.456,0.456,0.456,0.456,0.488836704301572,0.564753012005878,0.648647537428945,0.655181049074379,0.60838678188076,0.726954218518373,0.797721889777591,0.982290591024465,1.35109585948668,2.12147212379266,2.8174437106184,2.976,2.976,2.976,2.29827270881935,1.16800303730745,1.512079067121,1.96975964431919,3.31485455286203,4.6503981986421,4.744,4.744,2.24675289708711,2.35280826889922,4.39228951775908,6.8917668765194,6.60875657392981,2.55585833979156,2.15998767123962,2.59424042930858,0.962903582067764,2.6128,2.6128,3.266,2.8688,3.586,5.0204,7.172,13.6268,14.344,3.792,4.74,9.48,18.012,18.96,7.0704,11.784,15.3192,23.568,7.9896,10.6528,15.9792,25.3004,6.4528,8.066,11.2924,14.5188,20.9716,29.0376,30.6508,32.264,32.264,32.264,32.264,32.264,32.264,32.264,30.6508,29.0376,20.9716,14.5188,11.2924,8.066,6.4528,25.3004,15.9792,10.6528,7.9896,23.568,15.3192,11.784,7.0704,18.96,18.012,9.48,4.74,3.792,14.344,13.6268,7.172,5.0204,3.586,2.8688,3.266,2.6128,2.6128,0,0,0.962903582067842,2.59424042930863,2.15998767123963,2.55585833979143,6.60875657392982,6.89176687651944,4.39228951775908,2.35280826889921,2.24675289708712,4.744,4.744,4.65039819864209,3.31485455286201,1.96975964431919,1.51207906712099,1.16800303730746,2.29827270881939,2.976,2.976,2.976,2.81744371061839,2.12147212379264,1.35109585948665,0.98229059102445,0.797721889777582,0.726954218518365,0.608386781880758,0.65518104907438,0.648647537428945,0.564753012005876,0.488836704301568,0.456,0.456,0.456,0.456,0.456,0.456,0.456,0.456,0.439415622341607,0.346827350121625,0.163267206649425,0.114,0.0512736712236177,0,0,0,0,0,0,0,0,0,0,0,0,0,0,0,0,0,0,0,0,0,0
0,0,0,0,0,0,0,0,0,0,0,0,0,0,0,0,0,0,0,0,0,0,0,0.00247601490653813,0.107341534749407,0.115039682878301,0.298509413233775,0.397060959819972,0.456,0.456,0.456,0.456,0.456,0.456,0.456,0.456,0.471811214635991,0.570097377307201,0.628038546937397,0.683527730165168,0.606684388777718,0.685460322258968,0.744,0.795845121562885,1.13406652396078,1.83071295165271,2.64787341057208,2.976,2.976,2.976,2.56725356971838,0.950628976600066,1.25078026134578,1.89738132075993,2.74243102494909,4.48800000129436,4.744,4.73570872278437,2.77523454792914,2.1542696320338,3.16295414379087,6.26776679148985,7.09390454628383,3.76213022728671,0.953719085766806,2.9976,5.4956,2.6128,2.6128,2.6128,3.9192,2.8688,3.586,5.0204,7.8892,14.344,14.344,3.792,4.74,9.48,18.012,18.96,7.0704,9.4272,15.3192,22.3896,23.568,9.3212,10.6528,17.3108,6.4528,6.4528,8.066,8.066,11.2924,12.9056,16.132,16.132,19.3584,19.3584,19.3584,16.132,16.132,12.9056,11.2924,8.066,8.066,6.4528,6.4528,17.3108,10.6528,9.3212,23.568,22.3896,15.3192,9.4272,7.0704,18.96,18.012,9.48,4.74,3.792,14.344,14.344,7.8892,5.0204,3.586,2.8688,3.9192,2.6128,2.6128,2.6128,5.4956,2.9976,0,0.0111729425009951,0.953719085766821,3.76213022728669,7.09390454628383,6.26776679148985,3.16295414379089,2.1542696320338,2.77523454792912,4.73570872278439,4.744,4.48800000129435,2.74243102494909,1.89738132075993,1.25078026134577,0.950628976600061,2.5672535697184,2.976,2.976,2.976,2.64787341057205,1.83071295165267,1.13406652396077,0.795845121562867,0.744,0.685460322258969,0.606684388777719,0.683527730165172,0.628038546937393,0.5700973773072,0.47181121463599,0.456,0.456,0.456,0.456,0.456,0.456,0.456,0.456,0.397060959819975,0.298509413233777,0.115039682878295,0.107341534749409,0.00247601490653937,0,0,0,0,0,0,0,0,0,0,0,0,0,0,0,0,0,0,0,0,0,0
0,0,0,0,0,0,0,0,0,0,0,0,0,0,0,0,0,0,0,0,0,0,0,0.00823512285540172,0.0886318410749317,0.121912862290102,0.277578162176927,0.453699334538689,0.456,0.456,0.456,0.456,0.456,0.456,0.456,0.456,0.456,0.534715719117053,0.606929120175865,0.679371355399903,0.627161538746118,0.616042826965967,0.690442826965967,0.76142929682667,1.01062204578762,1.61200917838767,2.40180754370954,2.976,2.976,2.976,2.976,2.69204449714108,1.40987496642138,1.69218895972551,2.17278679401881,3.54924858206168,4.58939580954534,4.744,2.99250662176567,1.96093942338827,2.53487126348243,4.37448983125053,4.53522280850455,1.9984,1.9984,2.498,4.4964,5.9952,2.6128,2.6128,2.6128,3.9192,2.8688,5.0204,5.7376,8.6064,14.344,14.344,3.792,4.74,9.48,18.012,18.96,7.0704,9.4272,14.1408,17.676,23.568,7.9896,9.3212,11.9844,15.9792,22.6372,6.4528,6.4528,8.066,8.066,8.066,8.066,8.066,8.066,8.066,8.066,8.066,6.4528,6.4528,22.6372,15.9792,11.9844,9.3212,7.9896,23.568,17.676,14.1408,9.4272,7.0704,18.96,18.012,9.48,4.74,3.792,14.344,14.344,8.6064,5.7376,5.0204,2.8688,3.9192,2.6128,2.6128,2.6128,5.9952,4.4964,2.498,1.9984,1.9984,0,0.236048412530773,4.53522280850463,4.37448983125056,2.53487126348244,1.96093942338826,2.99250662176568,4.744,4.58939580954534,3.54924858206168,2.1727867940188,1.69218895972551,1.4098749664214,2.69204449714114,2.976,2.976,2.976,2.976,2.4018075437095,1.61200917838765,1.01062204578761,0.761429296826664,0.690442826965957,0.616042826965957,0.627161538746122,0.679371355399905,0.606929120175864,0.534715719117053,0.456,0.456,0.456,0.456,0.456,0.456,0.456,0.456,0.456,0.453699334538694,0.277578162176926,0.121912862290101,0.0886318410749325,0.00823512285540032,0,0,0,0,0,0,0,0,0,0,0,0,0,0,0,0,0,0,0,0,0,0
0,0,0,0,0,0,0,0,0,0,0,0,0,0,0,0,0,0,0,0,0,0,0,0.000491024467023809,0.0778061927184321,0.114,0.222323962330424,0.412950525240959,0.456,0.456,0.456,0.456,0.456,0.456,0.456,0.456,0.456,0.498833624656929,0.570538110667415,0.673417125482899,0.684,0.620716738319479,0.64935678643611,0.757710673584813,0.88247311508106,1.27596963730707,2.03456337755645,2.86815475427209,2.976,2.976,2.976,2.82909711030519,1.39500036261579,1.55153780979044,1.79040806667486,2.83575691673982,4.27208265076614,4.744,4.744,3.36982292523018,1.56687610994452,5.0176,7.168,7.168,1.9984,2.498,2.9976,4.996,6.9944,2.6128,2.6128,3.266,3.9192,2.8688,5.0204,6.4548,9.3236,14.344,14.344,3.792,4.74,9.48,15.168,18.012,4.7136,7.0704,9.4272,15.3192,18.8544,23.568,7.9896,9.3212,10.6528,10.6528,15.9792,17.3108,21.3056,23.9688,25.3004,25.3004,25.3004,23.9688,21.3056,17.3108,15.9792,10.6528,10.6528,9.3212,7.9896,23.568,18.8544,15.3192,9.4272,7.0704,4.7136,18.012,15.168,9.48,4.74,3.792,14.344,14.344,9.3236,6.4548,5.0204,2.8688,3.9192,3.266,2.6128,2.6128,6.9944,4.996,2.9976,2.498,1.9984,7.168,7.168,5.0176,0.812861389542017,1.45564947533206,1.56687610994453,3.36982292523018,4.744,4.744,4.27208265076613,2.83575691673982,1.79040806667485,1.55153780979044,1.39500036261582,2.8290971103052,2.976,2.976,2.976,2.86815475427208,2.0345633775564,1.27596963730703,0.882473115081053,0.75771067358481,0.649356786436107,0.620716738319479,0.684,0.6734171254829,0.570538110667417,0.498833624656926,0.456,0.456,0.456,0.456,0.456,0.456,0.456,0.456,0.456,0.412950525240961,0.222323962330428,0.114,0.0778061927184345,0.000491024467025093,0,0,0,0,0,0,0,0,0,0,0,0,0,0,0,0,0,0,0,0,0,0
0,0,0,0,0,0,0,0,0,0,0,0,0,0,0,0,0,0,0,0,0,0,0,0,0.0395158863929069,0.114,0.137558517930782,0.384851893885193,0.454383599032242,0.456,0.456,0.456,0.456,0.456,0.456,0.456,0.456,0.485772666267778,0.559514502790104,0.616514502790104,0.676011613184357,0.642291448221092,0.595443397774085,0.729573677038625,0.744,1.01899103970495,1.69175085805518,2.5797554335405,2.96459041848538,2.976,2.976,2.976,1.81549711030514,1.14236561511953,1.55153780979045,2.29853731224901,3.71037665604126,4.7218594875255,4.38331545120712,1.45815547552398,2.1504,3.2256,6.4512,7.168,7.168,1.9984,2.498,3.4972,5.4956,2.6128,2.6128,2.6128,3.266,4.5724,2.8688,5.0204,6.4548,9.3236,14.344,14.344,3.792,4.74,7.584,12.324,18.012,18.96,7.0704,8.2488,11.784,15.3192,17.676,23.568,23.568,7.9896,9.3212,9.3212,9.3212,10.6528,10.6528,10.6528,10.6528,10.6528,9.3212,9.3212,9.3212,7.9896,23.568,23.568,17.676,15.3192,11.784,8.2488,7.0704,18.96,18.012,12.324,7.584,4.74,3.792,14.344,14.344,9.3236,6.4548,5.0204,2.8688,4.5724,3.266,2.6128,2.6128,2.6128,5.4956,3.4972,2.498,1.9984,7.168,7.168,6.4512,3.2256,2.1504,0,0,1.45815547552401,4.38331545120712,4.7218594875255,3.71037665604126,2.29853731224899,1.55153780979044,1.14236561511951,1.81549711030516,2.976,2.976,2.976,2.96459041848537,2.57975543354047,1.69175085805515,1.01899103970492,0.744,0.729573677038624,0.595443397774085,0.642291448221096,0.676011613184351,0.616514502790098,0.559514502790098,0.485772666267775,0.456,0.456,0.456,0.456,0.456,0.456,0.456,0.456,0.454383599032242,0.384851893885196,0.137558517930789,0.114,0.0395158863929115,0,0,0,0,0,0,0,0,0,0,0,0,0,0,0,0,0,0,0,0,0,0,0
0,0,0,0,0,0,0,0,0,0,0,0,0,0,0,0,0,0,0,0,0,0,0,0,0.00422143641307159,0.100830359265855,0.119877202096814,0.31732703195931,0.456,0.456,0.456,0.456,0.456,0.456,0.456,0.456,0.456,0.456,0.461453602023961,0.563323265521141,0.655402622692801,0.654921513971712,0.598138319204281,0.698763140114236,0.774094887547828,0.914825585644172,1.47389253772268,2.24241047887562,2.92843820189348,2.976,2.976,2.976,2.89086459279652,1.87726459279652,1.3778953582351,1.83861586372844,2.54140684981992,2.0901913501166,4.744,4.744,2.1504,2.1504,3.9424,7.168,7.168,1.9984,1.9984,2.498,3.9968,5.9952,2.6128,2.6128,2.6128,3.266,2.8688,2.8688,5.0204,6.4548,8.6064,14.344,14.344,3.792,3.792,4.74,9.48,16.116,18.012,18.96,7.0704,7.0704,9.4272,14.1408,15.3192,17.676,20.0328,23.568,23.568,23.568,23.568,23.568,23.568,23.568,23.568,23.568,20.0328,17.676,15.3192,14.1408,9.4272,7.0704,7.0704,18.96,18.012,16.116,9.48,4.74,3.792,3.792,14.344,14.344,8.6064,6.4548,5.0204,2.8688,2.8688,3.266,2.6128,2.6128,2.6128,5.9952,3.9968,2.498,1.9984,1.9984,7.168,7.168,3.9424,2.1504,2.1504,4.744,4.744,0,0.134161339968598,2.09019135011661,2.54140684981992,1.83861586372844,1.3778953582351,1.87726459279659,2.89086459279659,2.976,2.976,2.976,2.92843820189347,2.24241047887558,1.47389253772265,0.914825585644172,0.774094887547831,0.69876314011423,0.598138319204276,0.654921513971713,0.655402622692801,0.563323265521141,0.461453602023958,0.456,0.456,0.456,0.456,0.456,0.456,0.456,0.456,0.456,0.456,0.317327031959311,0.119877202096809,0.100830359265856,0.00422143641306829,0,0,0,0,0,0,0,0,0,0,0,0,0,0,0,0,0,0,0,0,0,0,0
0,0,0,0,0,0,0,0,0,0,0,0,0,0,0,0,0,0,0,0,0,0,0,0,0.00765802611897123,0.0862130814656774,0.118565549760022,0.26501105451425,0.441518706929066,0.456,0.456,0.456,0.456,0.456,0.456,0.456,0.456,0.456,0.466152688900746,0.546806690903889,0.612432256012696,0.677746804070098,0.597380594153083,0.679311297624918,0.762388085189246,0.844584506633467,1.12678612196203,1.72680390992548,2.46490932068921,2.976,2.976,2.976,2.976,2.29566026827019,1.13339788149529,1.28605669334976,2.8464,4.744,4.744,4.744,1.4336,2.1504,2.5088,5.0176,7.168,7.168,1.9984,2.498,2.9976,4.4964,5.9952,2.6128,2.6128,2.6128,3.266,2.8688,2.8688,5.0204,5.7376,7.8892,13.6268,14.344,3.792,3.792,4.74,6.636,10.428,16.116,18.012,18.96,4.7136,7.0704,8.2488,9.4272,11.784,14.1408,14.1408,15.3192,15.3192,15.3192,15.3192,15.3192,14.1408,14.1408,11.784,9.4272,8.2488,7.0704,4.7136,18.96,18.012,16.116,10.428,6.636,4.74,3.792,3.792,14.344,13.6268,7.8892,5.7376,5.0204,2.8688,2.8688,3.266,2.6128,2.6128,2.6128,5.9952,4.4964,2.9976,2.498,1.9984,7.168,7.168,5.0176,2.5088,2.1504,1.4336,4.744,4.744,4.744,2.8464,0.0758457904745386,0.453522942439336,1.28605669334977,1.13339788149528,2.29566026827019,2.976,2.976,2.976,2.976,2.46490932068918,1.72680390992545,1.12678612196199,0.844584506633459,0.762388085189239,0.679311297624913,0.597380594153083,0.677746804070097,0.612432256012693,0.546806690903885,0.466152688900743,0.456,0.456,0.456,0.456,0.456,0.456,0.456,0.456,0.456,0.441518706929069,0.265011054514248,0.118565549760023,0.0862130814656756,0.00765802611897129,0,0,0,0,0,0,0,0,0,0,0,0,0,0,0,0,0,0,0,0,0,0,0
0,0,0,0,0,0,0,0,0,0,0,0,0,0,0,0,0,0,0,0,0,0,0,0,0,0.0690442642334097,0.114,0.114,0.274413920576489,0.434333814695824,0.456,0.456,0.456,0.456,0.456,0.456,0.456,0.456,0.456215471455147,0.536526496052247,0.596081619037716,0.675423968704067,0.656476818026408,0.606402406770446,0.662087031818288,0.744,0.876299750062509,1.41755906168345,2.18020355920622,2.86654227064953,2.976,2.976,2.70809984641628,2.41238988797868,1.186,1.8976,1.8976,3.7952,4.744,4.744,4.744,1.792,2.1504,3.2256,6.0928,7.168,7.168,1.9984,2.498,2.9976,4.996,6.4948,2.6128,2.6128,2.6128,3.266,4.5724,2.8688,5.0204,5.0204,7.172,12.9096,14.344,14.344,3.792,3.792,4.74,6.636,9.48,14.22,18.012,18.012,18.96,4.7136,5.892,7.0704,7.0704,7.0704,7.0704,7.0704,7.0704,7.0704,7.0704,7.0704,5.892,4.7136,18.96,18.012,18.012,14.22,9.48,6.636,4.74,3.792,3.792,14.344,14.344,12.9096,7.172,5.0204,5.0204,2.8688,4.5724,3.266,2.6128,2.6128,2.6128,6.4948,4.996,2.9976,2.498,1.9984,7.168,7.168,6.0928,3.2256,2.1504,1.792,4.744,4.744,4.744,3.7952,1.8976,1.8976,1.186,0.260772872607049,0.639847812450394,2.41238988797861,2.70809984641627,2.976,2.976,2.8665422706495,2.18020355920618,1.41755906168341,0.876299750062481,0.744,0.662087031818284,0.60640240677045,0.656476818026413,0.675423968704064,0.596081619037711,0.536526496052242,0.456215471455148,0.456,0.456,0.456,0.456,0.456,0.456,0.456,0.456,0.43433381469582,0.274413920576483,0.114,0.114,0.0690442642334137,0,0,0,0,0,0,0,0,0,0,0,0,0,0,0,0,0,0,0,0,0,0,0,0
0,0,0,0,0,0,0,0,0,0,0,0,0,0,0,0,0,0,0,0,0,0,0,0,0,0,0.0506069186643957,0.107606918664396,0.253231795548855,0.340157958480206,0.429241459306179,0.456,0.456,0.456,0.456,0.456,0.456,0.456,0.456,0.496043070669499,0.582051985717821,0.677606918664402,0.684,0.613907499566297,0.641587405920866,0.740397412732654,0.808624047714077,1.06153001882797,1.82370470650468,2.6382378346452,2.95918678470131,2.84842219454926,1.09976943574352,2.976,0.9488,1.4232,1.8976,2.6092,4.2696,4.744,4.744,4.744,2.1504,2.1504,3.2256,6.4512,7.168,7.168,1.9984,2.498,2.9976,4.996,6.4948,2.6128,2.6128,2.6128,3.266,3.9192,2.8688,3.586,5.0204,6.4548,8.6064,13.6268,14.344,14.344,3.792,3.792,4.74,4.74,8.532,10.428,13.272,18.012,18.012,18.012,18.012,18.012,18.96,18.96,18.96,18.012,18.012,18.012,18.012,18.012,13.272,10.428,8.532,4.74,4.74,3.792,3.792,14.344,14.344,13.6268,8.6064,6.4548,5.0204,3.586,2.8688,3.9192,3.266,2.6128,2.6128,2.6128,6.4948,4.996,2.9976,2.498,1.9984,7.168,7.168,6.4512,3.2256,2.1504,2.1504,4.744,4.744,4.744,4.2696,2.6092,1.8976,1.4232,0.9488,2.976,0,0,1.09976943574352,2.84842219454918,2.95918678470131,2.63823783464515,1.82370470650463,1.06153001882797,0.808624047714078,0.740397412732651,0.641587405920861,0.613907499566301,0.684,0.677606918664394,0.58205198571782,0.496043070669498,0.456,0.456,0.456,0.456,0.456,0.456,0.456,0.456,0.429241459306179,0.340157958480204,0.253231795548859,0.107606918664393,0.0506069186643935,0,0,0,0,0,0,0,0,0,0,0,0,0,0,0,0,0,0,0,0,0,0,0,0,0
0,0,0,0,0,0,0,0,0,0,0,0,0,0,0,0,0,0,0,0,0,0,0,0,0,0,0,0.0131408237620226,0.154544264233409,0.343881406235778,0.411628325160316,0.456,0.456,0.456,0.456,0.456,0.456,0.456,0.456,0.46374447703535,0.521880022632975,0.578880022632975,0.65850602544258,0.649551826573677,0.61259168309463,0.744791371074578,0.824341293069574,0.929905603865589,1.39321641007713,2.08662729772081,1.60142340996551,2.976,2.976,2.976,2.976,0.9488,1.4232,1.8976,3.0836,4.744,4.744,4.744,1.4336,2.1504,2.5088,4.6592,7.168,7.168,7.168,1.9984,2.498,2.9976,4.996,6.4948,2.6128,2.6128,2.6128,3.266,3.9192,2.8688,3.586,5.0204,5.7376,7.172,10.758,13.6268,14.344,14.344,3.792,3.792,3.792,3.792,4.74,6.636,9.48,9.48,10.428,11.376,12.324,12.324,12.324,11.376,10.428,9.48,9.48,6.636,4.74,3.792,3.792,3.792,3.792,14.344,14.344,13.6268,10.758,7.172,5.7376,5.0204,3.586,2.8688,3.9192,3.266,2.6128,2.6128,2.6128,6.4948,4.996,2.9976,2.498,1.9984,7.168,7.168,7.168,4.6592,2.5088,2.1504,1.4336,4.744,4.744,4.744,3.0836,1.8976,1.4232,0.9488,2.976,2.976,2.976,2.976,0,0.170516768044938,1.60142340996546,2.08662729772076,1.3932164100771,0.929905603865564,0.824341293069565,0.744791371074577,0.612591683094629,0.649551826573681,0.658506025442576,0.578880022632969,0.521880022632969,0.463744477035345,0.456,0.456,0.456,0.456,0.456,0.456,0.456,0.456,0.411628325160312,0.343881406235778,0.154544264233411,0.013140823762019,0,0,0,0,0,0,0,0,0,0,0,0,0,0,0,0,0,0,0,0,0,0,0,0,0,0
0,0,0,0,0,0,0,0,0,0,0,0,0,0,0,0,0,0,0,0,0,0,0,0,0,0,0,0,0,0.0724593798046295,0.290357360657661,0.456,0.456,0.456,0.456,0.456,0.456,0.456,0.456,0.456,0.475326533773857,0.572516136916457,0.648734745639263,0.66826724733124,0.620785985594581,0.62672618630097,0.719746343439214,0.608891999148409,0.618135922612535,2.232,2.976,2.976,2.976,2.976,2.976,0.9488,1.4232,1.8976,1.8976,3.7952,4.744,4.744,4.744,1.4336,2.1504,2.5088,4.6592,7.168,7.168,1.9984,1.9984,2.498,2.9976,4.996,5.9952,2.6128,2.6128,2.6128,2.6128,3.9192,2.8688,2.8688,3.586,5.0204,5.7376,7.172,10.758,13.6268,14.344,14.344,3.792,3.792,3.792,3.792,3.792,3.792,4.74,4.74,4.74,4.74,4.74,4.74,4.74,3.792,3.792,3.792,3.792,3.792,3.792,14.344,14.344,13.6268,10.758,7.172,5.7376,5.0204,3.586,2.8688,2.8688,3.9192,2.6128,2.6128,2.6128,2.6128,5.9952,4.996,2.9976,2.498,1.9984,1.9984,7.168,7.168,4.6592,2.5088,2.1504,1.4336,4.744,4.744,4.744,3.7952,1.8976,1.8976,1.4232,0.9488,2.976,2.976,2.976,2.976,2.976,2.232,0.161426723662073,0.457581657327539,0.618135922612488,0.608891999148373,0.719746343439209,0.626726186300962,0.620785985594587,0.668267247331244,0.648734745639256,0.572516136916457,0.475326533773857,0.456,0.456,0.456,0.456,0.456,0.456,0.456,0.456,0.456,0.29035736065766,0.0724593798046246,0,0,0,0,0,0,0,0,0,0,0,0,0,0,0,0,0,0,0,0,0,0,0,0,0,0,0,0
0,0,0,0,0,0,0,0,0,0,0,0,0,0,0,0,0,0,0,0,0,0,0,0,0,0,0,0,0,0,0,0.157704922280471,0.385704922280471,0.456,0.456,0.456,0.456,0.456,0.456,0.456,0.456,0.540481791256389,0.615339592476496,0.684,0.668808764441179,0.572130090585296,0.627067181059032,0.148556861013995,1.0416,1.7856,2.6784,2.976,2.976,2.976,2.976,2.976,0.9488,1.4232,1.8976,2.1348,4.0324,4.744,4.744,4.744,1.792,2.1504,3.2256,5.0176,7.168,7.168,1.9984,1.9984,2.498,2.9976,4.4964,5.9952,2.6128,2.6128,2.6128,2.6128,3.266,3.9192,2.8688,2.8688,3.586,5.0204,5.7376,7.172,8.6064,12.9096,13.6268,14.344,14.344,14.344,14.344,3.792,3.792,3.792,3.792,3.792,3.792,3.792,3.792,3.792,14.344,14.344,14.344,14.344,13.6268,12.9096,8.6064,7.172,5.7376,5.0204,3.586,2.8688,2.8688,3.9192,3.266,2.6128,2.6128,2.6128,2.6128,5.9952,4.4964,2.9976,2.498,1.9984,1.9984,7.168,7.168,5.0176,3.2256,2.1504,1.792,4.744,4.744,4.744,4.0324,2.1348,1.8976,1.4232,0.9488,2.976,2.976,2.976,2.976,2.976,2.6784,1.7856,1.0416,0,0,0.148556861013984,0.627067181058983,0.57213009058529,0.668808764441179,0.684,0.615339592476494,0.540481791256388,0.456,0.456,0.456,0.456,0.456,0.456,0.456,0.456,0.385704922280462,0.157704922280462,0,0,0,0,0,0,0,0,0,0,0,0,0,0,0,0,0,0,0,0,0,0,0,0,0,0,0,0,0,0
0,0,0,0,0,0,0,0,0,0,0,0,0,0,0,0,0,0,0,0,0,0,0,0,0,0,0,0,0,0,0,0,0,0.218797338154762,0.446797338154762,0.456,0.456,0.456,0.456,0.456,0.456,0.510699334538699,0.567699334538699,0.624699334538699,0.673621116169618,0.276904366856731,0.744,0.744,0.8928,1.488,2.0832,2.976,2.976,2.976,2.976,2.976,2.976,0.9488,1.4232,1.8976,2.8464,4.744,4.744,4.744,4.744,1.792,2.1504,3.2256,5.0176,7.168,7.168,7.168,1.9984,2.498,2.9976,3.9968,5.4956,6.9944,2.6128,2.6128,2.6128,2.6128,3.266,3.9192,2.8688,2.8688,3.586,5.0204,5.0204,6.4548,7.172,7.8892,10.758,12.9096,13.6268,14.344,14.344,14.344,14.344,14.344,14.344,14.344,14.344,14.344,13.6268,12.9096,10.758,7.8892,7.172,6.4548,5.0204,5.0204,3.586,2.8688,2.8688,3.9192,3.266,2.6128,2.6128,2.6128,2.6128,6.9944,5.4956,3.9968,2.9976,2.498,1.9984,7.168,7.168,7.168,5.0176,3.2256,2.1504,1.792,4.744,4.744,4.744,4.744,2.8464,1.8976,1.4232,0.9488,2.976,2.976,2.976,2.976,2.976,2.976,2.0832,1.488,0.8928,0.744,0.744,0,0,0.276904366856728,0.673621116169581,0.624699334538691,0.56769933453869,0.51069933453869,0.456,0.456,0.456,0.456,0.456,0.456,0.446797338154758,0.218797338154758,0,0,0,0,0,0,0,0,0,0,0,0,0,0,0,0,0,0,0,0,0,0,0,0,0,0,0,0,0,0,0,0
0,0,0,0,0,0,0,0,0,0,0,0,0,0,0,0,0,0,0,0,0,0,0,0,0,0,0,0,0,0,0,0,0,0,0.0518897540290605,0.279889754029061,0.456,0.456,0.456,0.456,0.456,0.456,0.516475575774921,0.378351644792465,0.684,0.5952,0.5952,0.744,0.8928,0.8928,1.6368,2.232,2.976,2.976,2.976,2.976,2.976,0.9488,1.186,1.6604,1.8976,2.8464,4.744,4.744,4.744,4.744,2.1504,2.1504,3.2256,5.0176,7.168,7.168,7.168,1.9984,2.498,2.498,3.4972,4.996,5.9952,2.6128,2.6128,2.6128,2.6128,2.6128,3.266,3.9192,2.8688,2.8688,3.586,3.586,5.0204,5.0204,5.7376,6.4548,6.4548,7.172,7.172,7.8892,7.8892,7.8892,7.8892,7.8892,7.172,7.172,6.4548,6.4548,5.7376,5.0204,5.0204,3.586,3.586,2.8688,2.8688,3.9192,3.266,2.6128,2.6128,2.6128,2.6128,2.6128,5.9952,4.996,3.4972,2.498,2.498,1.9984,7.168,7.168,7.168,5.0176,3.2256,2.1504,2.1504,4.744,4.744,4.744,4.744,2.8464,1.8976,1.6604,1.186,0.9488,2.976,2.976,2.976,2.976,2.976,2.232,1.6368,0.8928,0.8928,0.744,0.5952,0.5952,0.684,0,0.0620925311203109,0.378351644792461,0.516475575774917,0.456,0.456,0.456,0.456,0.456,0.456,0.279889754029054,0.0518897540290545,0,0,0,0,0,0,0,0,0,0,0,0,0,0,0,0,0,0,0,0,0,0,0,0,0,0,0,0,0,0,0,0,0
0,0,0,0,0,0,0,0,0,0,0,0,0,0,0,0,0,0,0,0,0,0,0,0,0,0,0,0,0,0,0,0,0,0,0,0,0.112982169903359,0.340982169903359,0.456,0.456,0.374310655965893,0.305460564783642,0.57,0.57,0.684,0.684,0.5952,0.744,0.744,0.744,1.1904,1.7856,2.8272,2.976,2.976,2.976,2.976,2.976,0.9488,1.4232,1.8976,1.8976,3.3208,4.744,4.744,4.744,4.744,2.1504,2.1504,3.2256,4.6592,7.168,7.168,7.168,1.9984,1.9984,2.498,2.9976,4.4964,5.4956,6.9944,2.6128,2.6128,2.6128,2.6128,2.6128,3.266,3.9192,3.9192,2.8688,2.8688,2.8688,3.586,3.586,4.3032,5.0204,5.0204,5.0204,5.0204,5.0204,5.0204,5.0204,5.0204,5.0204,4.3032,3.586,3.586,2.8688,2.8688,2.8688,3.9192,3.9192,3.266,2.6128,2.6128,2.6128,2.6128,2.6128,6.9944,5.4956,4.4964,2.9976,2.498,1.9984,1.9984,7.168,7.168,7.168,4.6592,3.2256,2.1504,2.1504,4.744,4.744,4.744,4.744,3.3208,1.8976,1.8976,1.4232,0.9488,2.976,2.976,2.976,2.976,2.976,2.8272,1.7856,1.1904,0.744,0.744,0.744,0.5952,0.684,0.684,0.57,0.57,0.0698053649240806,0.150607995551468,0.305460564783602,0.374310655965881,0.456,0.456,0.340982169903351,0.112982169903351,0,0,0,0,0,0,0,0,0,0,0,0,0,0,0,0,0,0,0,0,0,0,0,0,0,0,0,0,0,0,0,0,0,0,0
0,0,0,0,0,0,0,0,0,0,0,0,0,0,0,0,0,0,0,0,0,0,0,0,0,0,0,0,0,0,0,0,0,0,0,0,0,0,0.17407458577765,0.40207458577765,0.119404068211087,0.456,0.456,0.57,0.684,0.684,0.5952,0.5952,0.744,0.744,0.8928,1.488,2.0832,2.976,2.976,2.976,2.976,2.976,2.976,0.9488,1.4232,1.8976,1.8976,3.558,4.744,4.744,4.744,4.744,1.792,2.1504,2.5088,4.6592,6.4512,7.168,7.168,1.9984,1.9984,2.498,2.498,2.9976,4.996,5.4956,6.9944,2.6128,2.6128,2.6128,2.6128,2.6128,3.266,3.266,3.9192,3.9192,4.5724,2.8688,2.8688,2.8688,2.8688,2.8688,2.8688,2.8688,2.8688,2.8688,2.8688,2.8688,2.8688,2.8688,4.5724,3.9192,3.9192,3.266,3.266,2.6128,2.6128,2.6128,2.6128,2.6128,6.9944,5.4956,4.996,2.9976,2.498,2.498,1.9984,1.9984,7.168,7.168,6.4512,4.6592,2.5088,2.1504,1.792,4.744,4.744,4.744,4.744,3.558,1.8976,1.8976,1.4232,0.9488,2.976,2.976,2.976,2.976,2.976,2.976,2.0832,1.488,0.8928,0.744,0.744,0.5952,0.5952,0.684,0.684,0.57,0.456,0.456,0,0,0.119404068211081,0.402074585777647,0.174074585777647,0,0,0,0,0,0,0,0,0,0,0,0,0,0,0,0,0,0,0,0,0,0,0,0,0,0,0,0,0,0,0,0,0,0,0,0,0
0,0,0,0,0,0,0,0,0,0,0,0,0,0,0,0,0,0,0,0,0,0,0,0,0,0,0,0,0,0,0,0,0,0,0,0,0,0,0,0.456,0.456,0.456,0.456,0.57,0.57,0.684,0.684,0.5952,0.5952,0.744,0.8928,0.8928,1.488,2.232,2.976,2.976,2.976,2.976,2.976,2.976,0.9488,1.4232,1.8976,1.8976,3.558,4.744,4.744,4.744,4.744,1.792,2.1504,2.5088,3.2256,6.0928,7.168,7.168,7.168,1.9984,1.9984,2.498,2.9976,3.4972,4.996,5.4956,6.9944,2.6128,2.6128,2.6128,2.6128,2.6128,2.6128,2.6128,3.266,3.266,3.266,3.9192,3.9192,3.9192,3.9192,3.9192,3.9192,3.9192,3.9192,3.9192,3.266,3.266,3.266,2.6128,2.6128,2.6128,2.6128,2.6128,2.6128,2.6128,6.9944,5.4956,4.996,3.4972,2.9976,2.498,1.9984,1.9984,7.168,7.168,7.168,6.0928,3.2256,2.5088,2.1504,1.792,4.744,4.744,4.744,4.744,3.558,1.8976,1.8976,1.4232,0.9488,2.976,2.976,2.976,2.976,2.976,2.976,2.232,1.488,0.8928,0.8928,0.744,0.5952,0.5952,0.684,0.684,0.57,0.57,0.456,0.456,0.456,0.456,0,0.00449999141506167,0,0,0,0,0,0,0,0,0,0,0,0,0,0,0,0,0,0,0,0,0,0,0,0,0,0,0,0,0,0,0,0,0,0,0,0,0,0
0,0,0,0,0,0,0,0,0,0,0,0,0,0,0,0,0,0,0,0,0,0,0,0,0,0,0,0,0,0,0,0,0,0,0,0,0,0,0,0.456,0.456,0.456,0.456,0.456,0.57,0.57,0.684,0.684,0.5952,0.744,0.744,0.744,1.0416,1.7856,2.3808,2.976,2.976,2.976,2.976,2.976,2.976,0.9488,1.4232,1.8976,1.8976,3.558,4.744,4.744,4.744,4.744,1.4336,2.1504,2.1504,3.2256,5.0176,7.168,7.168,7.168,1.9984,1.9984,1.9984,2.498,2.9976,3.4972,4.4964,5.4956,5.9952,2.6128,2.6128,2.6128,2.6128,2.6128,2.6128,2.6128,2.6128,2.6128,2.6128,2.6128,2.6128,2.6128,2.6128,2.6128,2.6128,2.6128,2.6128,2.6128,2.6128,2.6128,2.6128,2.6128,2.6128,2.6128,5.9952,5.4956,4.4964,3.4972,2.9976,2.498,1.9984,1.9984,1.9984,7.168,7.168,7.168,5.0176,3.2256,2.1504,2.1504,1.4336,4.744,4.744,4.744,4.744,3.558,1.8976,1.8976,1.4232,0.9488,2.976,2.976,2.976,2.976,2.976,2.976,2.3808,1.7856,1.0416,0.744,0.744,0.744,0.5952,0.684,0.684,0.57,0.57,0.456,0.456,0.456,0.456,0.456,0,0,0,0,0,0,0,0,0,0,0,0,0,0,0,0,0,0,0,0,0,0,0,0,0,0,0,0,0,0,0,0,0,0,0,0,0,0,0,0
0,0,0,0,0,0,0,0,0,0,0,0,0,0,0,0,0,0,0,0,0,0,0,0,0,0,0,0,0,0,0,0,0,0,0,0,0,0,0,0.456,0.456,0.456,0.456,0.456,0.456,0.57,0.684,0.684,0.5952,0.5952,0.744,0.744,0.8928,1.1904,1.7856,2.5296,2.976,2.976,2.976,2.976,2.976,2.976,0.9488,1.4232,1.8976,1.8976,3.3208,4.744,4.744,4.744,4.744,1.4336,2.1504,2.1504,2.5088,3.9424,6.4512,7.168,7.168,7.168,1.9984,1.9984,1.9984,2.498,2.498,3.4972,3.9968,4.996,5.4956,5.9952,6.9944,2.6128,2.6128,2.6128,2.6128,2.6128,2.6128,2.6128,2.6128,2.6128,2.6128,2.6128,2.6128,2.6128,2.6128,2.6128,2.6128,2.6128,6.9944,5.9952,5.4956,4.996,3.9968,3.4972,2.498,2.498,1.9984,1.9984,1.9984,7.168,7.168,7.168,6.4512,3.9424,2.5088,2.1504,2.1504,1.4336,4.744,4.744,4.744,4.744,3.3208,1.8976,1.8976,1.4232,0.9488,2.976,2.976,2.976,2.976,2.976,2.976,2.5296,1.7856,1.1904,0.8928,0.744,0.744,0.5952,0.5952,0.684,0.684,0.57,0.456,0.456,0.456,0.456,0.456,0.456,0,0,0,0,0,0,0,0,0,0,0,0,0,0,0,0,0,0,0,0,0,0,0,0,0,0,0,0,0,0,0,0,0,0,0,0,0,0,0,0
0,0,0,0,0,0,0,0,0,0,0,0,0,0,0,0,0,0,0,0,0,0,0,0,0,0,0,0,0,0,0,0,0,0,0,0,0,0,0,0.456,0.456,0.456,0.456,0.456,0.456,0.57,0.57,0.684,0.684,0.5952,0.5952,0.744,0.744,0.8928,1.1904,1.7856,2.976,2.976,2.976,2.976,2.976,2.976,2.976,0.9488,1.4232,1.8976,1.8976,2.8464,4.744,4.744,4.744,4.744,4.744,1.792,2.1504,2.1504,3.2256,5.0176,6.4512,7.168,7.168,7.168,1.9984,1.9984,1.9984,2.498,2.498,2.498,3.4972,3.4972,4.4964,4.996,5.4956,5.4956,5.9952,6.4948,6.4948,6.9944,6.9944,6.9944,6.9944,6.9944,6.4948,6.4948,5.9952,5.4956,5.4956,4.996,4.4964,3.4972,3.4972,2.498,2.498,2.498,1.9984,1.9984,1.9984,7.168,7.168,7.168,6.4512,5.0176,3.2256,2.1504,2.1504,1.792,4.744,4.744,4.744,4.744,4.744,2.8464,1.8976,1.8976,1.4232,0.9488,2.976,2.976,2.976,2.976,2.976,2.976,2.976,1.7856,1.1904,0.8928,0.744,0.744,0.5952,0.5952,0.684,0.684,0.57,0.57,0.456,0.456,0.456,0.456,0.456,0.456,0,0,0,0,0,0,0,0,0,0,0,0,0,0,0,0,0,0,0,0,0,0,0,0,0,0,0,0,0,0,0,0,0,0,0,0,0,0,0,0
0,0,0,0,0,0,0,0,0,0,0,0,0,0,0,0,0,0,0,0,0,0,0,0,0,0,0,0,0,0,0,0,0,0,0,0,0,0,0,0.456,0.456,0.456,0.456,0.456,0.456,0.456,0.57,0.57,0.684,0.684,0.5952,0.5952,0.744,0.744,1.0416,1.488,2.0832,2.976,2.976,2.976,2.976,2.976,2.976,2.976,0.9488,1.4232,1.8976,1.8976,2.8464,4.0324,4.744,4.744,4.744,4.744,1.4336,2.1504,2.1504,2.1504,3.2256,5.0176,6.4512,7.168,7.168,7.168,7.168,1.9984,1.9984,1.9984,2.498,2.498,2.498,2.9976,2.9976,2.9976,3.4972,3.9968,4.4964,4.4964,4.4964,4.4964,4.4964,4.4964,4.4964,3.9968,3.4972,2.9976,2.9976,2.9976,2.498,2.498,2.498,1.9984,1.9984,1.9984,7.168,7.168,7.168,7.168,6.4512,5.0176,3.2256,2.1504,2.1504,2.1504,1.4336,4.744,4.744,4.744,4.744,4.0324,2.8464,1.8976,1.8976,1.4232,0.9488,2.976,2.976,2.976,2.976,2.976,2.976,2.976,2.0832,1.488,1.0416,0.744,0.744,0.5952,0.5952,0.684,0.684,0.57,0.57,0.456,0.456,0.456,0.456,0.456,0.456,0.456,0,0,0,0,0,0,0,0,0,0,0,0,0,0,0,0,0,0,0,0,0,0,0,0,0,0,0,0,0,0,0,0,0,0,0,0,0,0,0,0
0,0,0,0,0,0,0,0,0,0,0,0,0,0,0,0,0,0,0,0,0,0,0,0,0,0,0,0,0,0,0,0,0,0,0,0,0,0,0,0.456,0.456,0.456,0.456,0.456,0.456,0.456,0.456,0.57,0.57,0.684,0.684,0.5952,0.744,0.744,0.8928,0.8928,1.7856,2.0832,2.976,2.976,2.976,2.976,2.976,2.976,2.976,0.9488,1.4232,1.6604,1.8976,2.1348,3.7952,4.744,4.744,4.744,4.744,4.744,1.4336,2.1504,2.1504,2.5088,3.2256,5.0176,6.4512,7.168,7.168,7.168,7.168,1.9984,1.9984,1.9984,1.9984,1.9984,2.498,2.498,2.498,2.498,2.498,2.498,2.498,2.498,2.498,2.498,2.498,2.498,2.498,2.498,2.498,1.9984,1.9984,1.9984,1.9984,1.9984,7.168,7.168,7.168,7.168,6.4512,5.0176,3.2256,2.5088,2.1504,2.1504,1.4336,4.744,4.744,4.744,4.744,4.744,3.7952,2.1348,1.8976,1.6604,1.4232,0.9488,2.976,2.976,2.976,2.976,2.976,2.976,2.976,2.0832,1.7856,0.8928,0.8928,0.744,0.744,0.5952,0.684,0.684,0.57,0.57,0.456,0.456,0.456,0.456,0.456,0.456,0.456,0.456,0,0,0,0,0,0,0,0,0,0,0,0,0,0,0,0,0,0,0,0,0,0,0,0,0,0,0,0,0,0,0,0,0,0,0,0,0,0,0,0
0,0,0,0,0,0,0,0,0,0,0,0,0,0,0,0,0,0,0,0,0,0,0,0,0,0,0,0,0,0,0,0,0,0,0,0,0,0,0,0.456,0.456,0.456,0.456,0.456,0.456,0.456,0.456,0.456,0.57,0.684,0.684,0.5952,0.5952,0.744,0.744,0.744,0.8928,1.7856,2.0832,2.976,2.976,2.976,2.976,2.976,2.976,2.976,0.9488,1.186,1.4232,1.8976,1.8976,3.0836,4.2696,4.744,4.744,4.744,4.744,4.744,1.792,2.1504,2.1504,2.1504,3.2256,3.9424,6.0928,7.168,7.168,7.168,7.168,7.168,7.168,7.168,1.9984,1.9984,1.9984,1.9984,1.9984,1.9984,1.9984,1.9984,1.9984,1.9984,1.9984,1.9984,1.9984,1.9984,1.9984,7.168,7.168,7.168,7.168,7.168,7.168,7.168,6.0928,3.9424,3.2256,2.1504,2.1504,2.1504,1.792,4.744,4.744,4.744,4.744,4.744,4.2696,3.0836,1.8976,1.8976,1.4232,1.186,0.9488,2.976,2.976,2.976,2.976,2.976,2.976,2.976,2.0832,1.7856,0.8928,0.744,0.744,0.744,0.5952,0.5952,0.684,0.684,0.57,0.456,0.456,0.456,0.456,0.456,0.456,0.456,0.456,0.456,0,0,0,0,0,0,0,0,0,0,0,0,0,0,0,0,0,0,0,0,0,0,0,0,0,0,0,0,0,0,0,0,0,0,0,0,0,0,0,0
0,0,0,0,0,0,0,0,0,0,0,0,0,0,0,0,0,0,0,0,0,0,0,0,0,0,0,0,0,0,0,0,0,0,0,0,0,0,0,0.456,0.456,0.456,0.456,0.456,0.456,0.456,0.456,0.456,0.57,0.57,0.684,0.684,0.5952,0.5952,0.744,0.744,0.8928,0.8928,1.7856,2.0832,2.976,2.976,2.976,2.976,2.976,2.976,2.976,0.9488,0.9488,1.4232,1.8976,1.8976,2.6092,3.7952,4.744,4.744,4.744,4.744,4.744,4.744,1.792,2.1504,2.1504,2.1504,3.2256,3.2256,4.6592,6.0928,6.4512,7.168,7.168,7.168,7.168,7.168,7.168,7.168,7.168,7.168,7.168,7.168,7.168,7.168,7.168,7.168,7.168,7.168,7.168,7.168,7.168,7.168,6.4512,6.0928,4.6592,3.2256,3.2256,2.1504,2.1504,2.1504,1.792,4.744,4.744,4.744,4.744,4.744,4.744,3.7952,2.6092,1.8976,1.8976,1.4232,0.9488,0.9488,2.976,2.976,2.976,2.976,2.976,2.976,2.976,2.0832,1.7856,0.8928,0.8928,0.744,0.744,0.5952,0.5952,0.684,0.684,0.57,0.57,0.456,0.456,0.456,0.456,0.456,0.456,0.456,0.456,0.456,0,0,0,0,0,0,0,0,0,0,0,0,0,0,0,0,0,0,0,0,0,0,0,0,0,0,0,0,0,0,0,0,0,0,0,0,0,0,0,0
0,0,0,0,0,0,0,0,0,0,0,0,0,0,0,0,0,0,0,0,0,0,0,0,0,0,0,0,0,0,0,0,0,0,0,0,0,0,0,0.456,0.456,0.456,0.456,0.456,0.456,0.456,0.456,0.456,0.456,0.57,0.57,0.684,0.684,0.5952,0.5952,0.744,0.744,0.8928,0.8928,1.7856,2.0832,2.976,2.976,2.976,2.976,2.976,2.976,2.976,2.976,0.9488,1.4232,1.4232,1.8976,1.8976,2.8464,4.2696,4.744,4.744,4.744,4.744,4.744,4.744,1.4336,2.1504,2.1504,2.1504,2.1504,2.5088,3.2256,3.2256,4.6592,4.6592,6.4512,6.4512,7.168,7.168,7.168,7.168,7.168,7.168,7.168,7.168,7.168,7.168,7.168,6.4512,6.4512,4.6592,4.6592,3.2256,3.2256,2.5088,2.1504,2.1504,2.1504,2.1504,1.4336,4.744,4.744,4.744,4.744,4.744,4.744,4.2696,2.8464,1.8976,1.8976,1.4232,1.4232,0.9488,2.976,2.976,2.976,2.976,2.976,2.976,2.976,2.976,2.0832,1.7856,0.8928,0.8928,0.744,0.744,0.5952,0.5952,0.684,0.684,0.57,0.57,0.456,0.456,0.456,0.456,0.456,0.456,0.456,0.456,0.456,0.456,0,0,0,0,0,0,0,0,0,0,0,0,0,0,0,0,0,0,0,0,0,0,0,0,0,0,0,0,0,0,0,0,0,0,0,0,0,0,0,0
0,0,0,0,0,0,0,0,0,0,0,0,0,0,0,0,0,0,0,0,0,0,0,0,0,0,0,0,0,0,0,0,0,0,0,0,0,0,0,0.456,0.456,0.456,0.456,0.456,0.456,0.456,0.456,0.456,0.456,0.456,0.57,0.57,0.684,0.684,0.5952,0.5952,0.744,0.744,0.744,0.8928,1.488,1.7856,2.5296,2.976,2.976,2.976,2.976,2.976,2.976,2.976,0.9488,0.9488,1.4232,1.8976,1.8976,1.8976,3.0836,4.0324,4.744,4.744,4.744,4.744,4.744,4.744,1.4336,1.4336,2.1504,2.1504,2.1504,2.1504,2.1504,2.5088,3.2256,3.2256,3.2256,3.584,3.9424,4.6592,3.9424,3.584,3.9424,4.6592,3.9424,3.584,3.2256,3.2256,3.2256,2.5088,2.1504,2.1504,2.1504,2.1504,2.1504,1.4336,1.4336,4.744,4.744,4.744,4.744,4.744,4.744,4.0324,3.0836,1.8976,1.8976,1.8976,1.4232,0.9488,0.9488,2.976,2.976,2.976,2.976,2.976,2.976,2.976,2.5296,1.7856,1.488,0.8928,0.744,0.744,0.744,0.5952,0.5952,0.684,0.684,0.57,0.57,0.456,0.456,0.456,0.456,0.456,0.456,0.456,0.456,0.456,0.456,0.456,0,0,0,0,0,0,0,0,0,0,0,0,0,0,0,0,0,0,0,0,0,0,0,0,0,0,0,0,0,0,0,0,0,0,0,0,0,0,0,0
0,0,0,0,0,0,0,0,0,0,0,0,0,0,0,0,0,0,0,0,0,0,0,0,0,0,0,0,0,0,0,0,0,0,0,0,0,0,0,0.456,0.456,0.456,0.456,0.456,0.456,0.456,0.456,0.456,0.456,0.456,0.456,0.57,0.57,0.684,0.684,0.5952,0.5952,0.744,0.744,0.8928,1.0416,1.1904,1.7856,2.3808,2.976,2.976,2.976,2.976,2.976,2.976,2.976,2.976,0.9488,1.186,1.4232,1.8976,1.8976,1.8976,3.0836,4.2696,4.744,4.744,4.744,4.744,4.744,4.744,4.744,4.744,1.4336,1.792,2.1504,2.1504,2.1504,2.1504,2.1504,2.1504,2.1504,2.1504,2.1504,2.1504,2.1504,2.1504,2.1504,2.1504,2.1504,2.1504,2.1504,2.1504,2.1504,1.792,1.4336,4.744,4.744,4.744,4.744,4.744,4.744,4.744,4.744,4.2696,3.0836,1.8976,1.8976,1.8976,1.4232,1.186,0.9488,2.976,2.976,2.976,2.976,2.976,2.976,2.976,2.976,2.3808,1.7856,1.1904,1.0416,0.8928,0.744,0.744,0.5952,0.5952,0.684,0.684,0.57,0.57,0.456,0.456,0.456,0.456,0.456,0.456,0.456,0.456,0.456,0.456,0.456,0.456,0,0,0,0,0,0,0,0,0,0,0,0,0,0,0,0,0,0,0,0,0,0,0,0,0,0,0,0,0,0,0,0,0,0,0,0,0,0,0,0
0,0,0,0,0,0,0,0,0,0,0,0,0,0,0,0,0,0,0,0,0,0,0,0,0,0,0,0,0,0,0,0,0,0,0,0,0,0,0,0.342,0.456,0.456,0.456,0.456,0.456,0.456,0.456,0.456,0.456,0.456,0.456,0.456,0.57,0.57,0.684,0.684,0.5952,0.5952,0.744,0.744,0.744,0.8928,1.1904,1.7856,2.232,2.976,2.976,2.976,2.976,2.976,2.976,2.976,2.976,0.9488,0.9488,1.186,1.4232,1.8976,1.8976,1.8976,2.8464,3.7952,4.744,4.744,4.744,4.744,4.744,4.744,4.744,4.744,4.744,4.744,4.744,1.4336,1.4336,1.4336,1.792,1.792,1.792,1.792,1.792,1.792,1.792,1.4336,1.4336,1.4336,4.744,4.744,4.744,4.744,4.744,4.744,4.744,4.744,4.744,4.744,4.744,3.7952,2.8464,1.8976,1.8976,1.8976,1.4232,1.186,0.9488,0.9488,2.976,2.976,2.976,2.976,2.976,2.976,2.976,2.976,2.232,1.7856,1.1904,0.8928,0.744,0.744,0.744,0.5952,0.5952,0.684,0.684,0.57,0.57,0.456,0.456,0.456,0.456,0.456,0.456,0.456,0.456,0.456,0.456,0.456,0.456,0.342,0,0,0,0,0,0,0,0,0,0,0,0,0,0,0,0,0,0,0,0,0,0,0,0,0,0,0,0,0,0,0,0,0,0,0,0,0,0,0,0
0,0,0,0,0,0,0,0,0,0,0,0,0,0,0,0,0,0,0,0,0,0,0,0,0,0,0,0,0,0,0,0,0,0,0,0,0,0,0,0.342,0.342,0.456,0.456,0.456,0.456,0.456,0.456,0.456,0.456,0.456,0.456,0.456,0.456,0.57,0.57,0.684,0.684,0.5952,0.5952,0.744,0.744,0.744,0.8928,1.0416,1.488,2.0832,2.8272,2.976,2.976,2.976,2.976,2.976,2.976,2.976,2.976,0.9488,0.9488,1.186,1.4232,1.8976,1.8976,1.8976,2.1348,3.0836,4.0324,4.744,4.744,4.744,4.744,4.744,4.744,4.744,4.744,4.744,4.744,4.744,4.744,4.744,4.744,4.744,4.744,4.744,4.744,4.744,4.744,4.744,4.744,4.744,4.744,4.744,4.744,4.744,4.744,4.744,4.0324,3.0836,2.1348,1.8976,1.8976,1.8976,1.4232,1.186,0.9488,0.9488,2.976,2.976,2.976,2.976,2.976,2.976,2.976,2.976,2.8272,2.0832,1.488,1.0416,0.8928,0.744,0.744,0.744,0.5952,0.5952,0.684,0.684,0.57,0.57,0.456,0.456,0.456,0.456,0.456,0.456,0.456,0.456,0.456,0.456,0.456,0.456,0.342,0.342,0,0,0,0,0,0,0,0,0,0,0,0,0,0,0,0,0,0,0,0,0,0,0,0,0,0,0,0,0,0,0,0,0,0,0,0,0,0,0,0
0,0,0,0,0,0,0,0,0,0,0,0,0,0,0,0,0,0,0,0,0,0,0,0,0,0,0,0,0,0,0,0,0,0,0,0,0,0,0,0.228,0.342,0.456,0.456,0.456,0.456,0.456,0.456,0.456,0.456,0.456,0.456,0.456,0.456,0.456,0.57,0.57,0.684,0.684,0.5952,0.5952,0.5952,0.744,0.744,0.744,0.8928,1.488,1.7856,2.232,2.976,2.976,2.976,2.976,2.976,2.976,2.976,2.976,2.976,0.9488,0.9488,1.186,1.4232,1.4232,1.8976,1.8976,1.8976,2.1348,2.8464,3.558,4.2696,4.744,4.744,4.744,4.744,4.744,4.744,4.744,4.744,4.744,4.744,4.744,4.744,4.744,4.744,4.744,4.744,4.744,4.744,4.744,4.744,4.744,4.2696,3.558,2.8464,2.1348,1.8976,1.8976,1.8976,1.4232,1.4232,1.186,0.9488,0.9488,2.976,2.976,2.976,2.976,2.976,2.976,2.976,2.976,2.976,2.232,1.7856,1.488,0.8928,0.744,0.744,0.744,0.5952,0.5952,0.5952,0.684,0.684,0.57,0.57,0.456,0.456,0.456,0.456,0.456,0.456,0.456,0.456,0.456,0.456,0.456,0.456,0.456,0.342,0.228,0,0,0,0,0,0,0,0,0,0,0,0,0,0,0,0,0,0,0,0,0,0,0,0,0,0,0,0,0,0,0,0,0,0,0,0,0,0,0,0
0,0,0,0,0,0,0,0,0,0,0,0,0,0,0,0,0,0,0,0,0,0,0,0,0,0,0,0,0,0,0,0,0,0,0,0,0,0,0,0.114,0.114,0.456,0.456,0.456,0.456,0.456,0.456,0.456,0.456,0.456,0.456,0.456,0.456,0.456,0.456,0.57,0.57,0.684,0.684,0.684,0.5952,0.5952,0.744,0.744,0.8928,0.8928,1.1904,1.6368,2.0832,2.6784,2.976,2.976,2.976,2.976,2.976,2.976,2.976,2.976,2.976,0.9488,0.9488,0.9488,1.4232,1.4232,1.4232,1.8976,1.8976,1.8976,1.8976,2.1348,2.8464,3.0836,3.558,3.7952,4.0324,4.2696,4.2696,4.744,4.744,4.744,4.744,4.744,4.2696,4.2696,4.0324,3.7952,3.558,3.0836,2.8464,2.1348,1.8976,1.8976,1.8976,1.8976,1.4232,1.4232,1.4232,0.9488,0.9488,0.9488,2.976,2.976,2.976,2.976,2.976,2.976,2.976,2.976,2.976,2.6784,2.0832,1.6368,1.1904,0.8928,0.8928,0.744,0.744,0.5952,0.5952,0.684,0.684,0.684,0.57,0.57,0.456,0.456,0.456,0.456,0.456,0.456,0.456,0.456,0.456,0.456,0.456,0.456,0.456,0.456,0.114,0.114,0,0,0,0,0,0,0,0,0,0,0,0,0,0,0,0,0,0,0,0,0,0,0,0,0,0,0,0,0,0,0,0,0,0,0,0,0,0,0,0
0,0,0,0,0,0,0,0,0,0,0,0,0,0,0,0,0,0,0,0,0,0,0,0,0,0,0,0,0,0,0,0,0,0,0,0,0,0,0,0.114,0.114,0.342,0.456,0.456,0.456,0.456,0.456,0.456,0.456,0.456,0.456,0.456,0.456,0.456,0.456,0.456,0.57,0.57,0.684,0.684,0.684,0.5952,0.5952,0.744,0.744,0.744,0.744,0.8928,1.488,1.7856,2.232,2.976,2.976,2.976,2.976,2.976,2.976,2.976,2.976,2.976,2.976,2.976,0.9488,0.9488,0.9488,1.186,1.4232,1.4232,1.6604,1.8976,1.8976,1.8976,1.8976,1.8976,1.8976,1.8976,1.8976,1.8976,2.1348,2.1348,2.1348,1.8976,1.8976,1.8976,1.8976,1.8976,1.8976,1.8976,1.8976,1.8976,1.6604,1.4232,1.4232,1.186,0.9488,0.9488,0.9488,2.976,2.976,2.976,2.976,2.976,2.976,2.976,2.976,2.976,2.976,2.976,2.232,1.7856,1.488,0.8928,0.744,0.744,0.744,0.744,0.5952,0.5952,0.684,0.684,0.684,0.57,0.57,0.456,0.456,0.456,0.456,0.456,0.456,0.456,0.456,0.456,0.456,0.456,0.456,0.456,0.456,0.342,0.114,0.114,0,0,0,0,0,0,0,0,0,0,0,0,0,0,0,0,0,0,0,0,0,0,0,0,0,0,0,0,0,0,0,0,0,0,0,0,0,0,0,0
0,0,0,0,0,0,0,0,0,0,0,0,0,0,0,0,0,0,0,0,0,0,0,0,0,0,0,0,0,0,0,0,0,0,0,0,0,0,0,0.114,0.114,0.114,0.342,0.456,0.456,0.456,0.456,0.456,0.456,0.456,0.456,0.456,0.456,0.456,0.456,0.456,0.456,0.57,0.57,0.57,0.684,0.684,0.5952,0.5952,0.5952,0.744,0.744,0.8928,0.8928,1.0416,1.6368,1.7856,2.232,2.976,2.976,2.976,2.976,2.976,2.976,2.976,2.976,2.976,2.976,2.976,2.976,0.9488,0.9488,0.9488,0.9488,1.186,1.4232,1.4232,1.4232,1.4232,1.4232,1.8976,1.8976,1.8976,1.8976,1.8976,1.8976,1.8976,1.8976,1.8976,1.4232,1.4232,1.4232,1.4232,1.4232,1.186,0.9488,0.9488,0.9488,0.9488,2.976,2.976,2.976,2.976,2.976,2.976,2.976,2.976,2.976,2.976,2.976,2.976,2.232,1.7856,1.6368,1.0416,0.8928,0.8928,0.744,0.744,0.5952,0.5952,0.5952,0.684,0.684,0.57,0.57,0.57,0.456,0.456,0.456,0.456,0.456,0.456,0.456,0.456,0.456,0.456,0.456,0.456,0.456,0.456,0.342,0.114,0.114,0.114,0,0,0,0,0,0,0,0,0,0,0,0,0,0,0,0,0,0,0,0,0,0,0,0,0,0,0,0,0,0,0,0,0,0,0,0,0,0,0,0
0,0,0,0,0,0,0,0,0,0,0,0,0,0,0,0,0,0,0,0,0,0,0,0,0,0,0,0,0,0,0,0,0,0,0,0,0,0,0,0,0.114,0.114,0.114,0.342,0.456,0.456,0.456,0.456,0.456,0.456,0.456,0.456,0.456,0.456,0.456,0.456,0.456,0.456,0.456,0.57,0.57,0.684,0.684,0.684,0.5952,0.5952,0.744,0.744,0.744,0.8928,1.0416,1.1904,1.488,1.7856,2.232,2.976,2.976,2.976,2.976,2.976,2.976,2.976,2.976,2.976,2.976,2.976,2.976,2.976,2.976,0.9488,0.9488,0.9488,0.9488,0.9488,0.9488,0.9488,0.9488,1.186,1.186,1.186,1.186,1.186,0.9488,0.9488,0.9488,0.9488,0.9488,0.9488,0.9488,0.9488,2.976,2.976,2.976,2.976,2.976,2.976,2.976,2.976,2.976,2.976,2.976,2.976,2.976,2.976,2.232,1.7856,1.488,1.1904,1.0416,0.8928,0.744,0.744,0.744,0.5952,0.5952,0.684,0.684,0.684,0.57,0.57,0.456,0.456,0.456,0.456,0.456,0.456,0.456,0.456,0.456,0.456,0.456,0.456,0.456,0.456,0.456,0.342,0.114,0.114,0.114,0,0,0,0,0,0,0,0,0,0,0,0,0,0,0,0,0,0,0,0,0,0,0,0,0,0,0,0,0,0,0,0,0,0,0,0,0,0,0,0,0
0,0,0,0,0,0,0,0,0,0,0,0,0,0,0,0,0,0,0,0,0,0,0,0,0,0,0,0,0,0,0,0,0,0,0,0,0,0,0,0,0,0.114,0.114,0.114,0.342,0.342,0.456,0.456,0.456,0.456,0.456,0.456,0.456,0.456,0.456,0.456,0.456,0.456,0.456,0.456,0.57,0.57,0.684,0.684,0.684,0.5952,0.5952,0.5952,0.744,0.744,0.744,0.744,1.0416,1.1904,1.488,1.7856,2.232,2.976,2.976,2.976,2.976,2.976,2.976,2.976,2.976,2.976,2.976,2.976,2.976,2.976,2.976,2.976,2.976,2.976,2.976,2.976,2.976,2.976,2.976,2.976,2.976,2.976,2.976,2.976,2.976,2.976,2.976,2.976,2.976,2.976,2.976,2.976,2.976,2.976,2.976,2.976,2.976,2.976,2.976,2.976,2.976,2.976,2.232,1.7856,1.488,1.1904,1.0416,0.744,0.744,0.744,0.744,0.5952,0.5952,0.5952,0.684,0.684,0.684,0.57,0.57,0.456,0.456,0.456,0.456,0.456,0.456,0.456,0.456,0.456,0.456,0.456,0.456,0.456,0.456,0.342,0.342,0.114,0.114,0.114,0,0,0,0,0,0,0,0,0,0,0,0,0,0,0,0,0,0,0,0,0,0,0,0,0,0,0,0,0,0,0,0,0,0,0,0,0,0,0,0,0,0
0,0,0,0,0,0,0,0,0,0,0,0,0,0,0,0,0,0,0,0,0,0,0,0,0,0,0,0,0,0,0,0,0,0,0,0,0,0,0,0,0,0,0.114,0.114,0.114,0.342,0.342,0.456,0.456,0.456,0.456,0.456,0.456,0.456,0.456,0.456,0.456,0.456,0.456,0.456,0.456,0.57,0.57,0.57,0.684,0.684,0.684,0.5952,0.5952,0.5952,0.744,0.744,0.744,0.744,0.8928,1.1904,1.7856,1.7856,2.0832,2.5296,2.976,2.976,2.976,2.976,2.976,2.976,2.976,2.976,2.976,2.976,2.976,2.976,2.976,2.976,2.976,2.976,2.976,2.976,2.976,2.976,2.976,2.976,2.976,2.976,2.976,2.976,2.976,2.976,2.976,2.976,2.976,2.976,2.976,2.976,2.976,2.976,2.976,2.976,2.976,2.5296,2.0832,1.7856,1.7856,1.1904,0.8928,0.744,0.744,0.744,0.744,0.5952,0.5952,0.5952,0.684,0.684,0.684,0.57,0.57,0.57,0.456,0.456,0.456,0.456,0.456,0.456,0.456,0.456,0.456,0.456,0.456,0.456,0.456,0.456,0.342,0.342,0.114,0.114,0.114,0,0,0,0,0,0,0,0,0,0,0,0,0,0,0,0,0,0,0,0,0,0,0,0,0,0,0,0,0,0,0,0,0,0,0,0,0,0,0,0,0,0,0
0,0,0,0,0,0,0,0,0,0,0,0,0,0,0,0,0,0,0,0,0,0,0,0,0,0,0,0,0,0,0,0,0,0,0,0,0,0,0,0,0,0,0,0.114,0.114,0.114,0.342,0.456,0.456,0.456,0.456,0.456,0.456,0.456,0.456,0.456,0.456,0.456,0.456,0.456,0.456,0.456,0.456,0.57,0.57,0.684,0.684,0.684,0.684,0.5952,0.5952,0.744,0.744,0.744,0.744,0.744,0.8928,1.0416,1.3392,1.6368,1.7856,2.232,2.5296,2.976,2.976,2.976,2.976,2.976,2.976,2.976,2.976,2.976,2.976,2.976,2.976,2.976,2.976,2.976,2.976,2.976,2.976,2.976,2.976,2.976,2.976,2.976,2.976,2.976,2.976,2.976,2.976,2.976,2.976,2.976,2.976,2.976,2.5296,2.232,1.7856,1.6368,1.3392,1.0416,0.8928,0.744,0.744,0.744,0.744,0.744,0.5952,0.5952,0.684,0.684,0.684,0.684,0.57,0.57,0.456,0.456,0.456,0.456,0.456,0.456,0.456,0.456,0.456,0.456,0.456,0.456,0.456,0.456,0.456,0.456,0.342,0.114,0.114,0.114,0,0,0,0,0,0,0,0,0,0,0,0,0,0,0,0,0,0,0,0,0,0,0,0,0,0,0,0,0,0,0,0,0,0,0,0,0,0,0,0,0,0,0,0
0,0,0,0,0,0,0,0,0,0,0,0,0,0,0,0,0,0,0,0,0,0,0,0,0,0,0,0,0,0,0,0,0,0,0,0,0,0,0,0,0,0,0,0,0.114,0.114,0.114,0.342,0.456,0.456,0.456,0.456,0.456,0.456,0.456,0.456,0.456,0.456,0.456,0.456,0.456,0.456,0.456,0.456,0.57,0.57,0.57,0.684,0.684,0.684,0.5952,0.5952,0.5952,0.744,0.744,0.744,0.744,0.744,0.8928,0.8928,1.1904,1.488,1.6368,1.7856,2.0832,2.232,2.5296,2.976,2.976,2.976,2.976,2.976,2.976,2.976,2.976,2.976,2.976,2.976,2.976,2.976,2.976,2.976,2.976,2.976,2.976,2.976,2.976,2.976,2.976,2.976,2.976,2.976,2.5296,2.232,2.0832,1.7856,1.6368,1.488,1.1904,0.8928,0.8928,0.744,0.744,0.744,0.744,0.744,0.5952,0.5952,0.5952,0.684,0.684,0.684,0.57,0.57,0.57,0.456,0.456,0.456,0.456,0.456,0.456,0.456,0.456,0.456,0.456,0.456,0.456,0.456,0.456,0.456,0.456,0.342,0.114,0.114,0.114,0,0,0,0,0,0,0,0,0,0,0,0,0,0,0,0,0,0,0,0,0,0,0,0,0,0,0,0,0,0,0,0,0,0,0,0,0,0,0,0,0,0,0,0,0
0,0,0,0,0,0,0,0,0,0,0,0,0,0,0,0,0,0,0,0,0,0,0,0,0,0,0,0,0,0,0,0,0,0,0,0,0,0,0,0,0,0,0,0,0,0.114,0.114,0.114,0.342,0.456,0.456,0.456,0.456,0.456,0.456,0.456,0.456,0.456,0.456,0.456,0.456,0.456,0.456,0.456,0.456,0.456,0.57,0.57,0.57,0.684,0.684,0.684,0.5952,0.5952,0.5952,0.5952,0.744,0.744,0.744,0.744,0.8928,0.8928,1.0416,1.0416,1.1904,1.7856,1.6368,1.7856,2.0832,2.232,2.232,2.5296,2.8272,2.976,2.976,2.976,2.976,2.976,2.976,2.976,2.976,2.976,2.976,2.976,2.976,2.976,2.8272,2.5296,2.232,2.232,2.0832,1.7856,1.6368,1.7856,1.1904,1.0416,1.0416,0.8928,0.8928,0.744,0.744,0.744,0.744,0.5952,0.5952,0.5952,0.5952,0.684,0.684,0.684,0.57,0.57,0.57,0.456,0.456,0.456,0.456,0.456,0.456,0.456,0.456,0.456,0.456,0.456,0.456,0.456,0.456,0.456,0.456,0.456,0.342,0.114,0.114,0.114,0,0,0,0,0,0,0,0,0,0,0,0,0,0,0,0,0,0,0,0,0,0,0,0,0,0,0,0,0,0,0,0,0,0,0,0,0,0,0,0,0,0,0,0,0,0
0,0,0,0,0,0,0,0,0,0,0,0,0,0,0,0,0,0,0,0,0,0,0,0,0,0,0,0,0,0,0,0,0,0,0,0,0,0,0,0,0,0,0,0,0,0,0.114,0.114,0.114,0.342,0.456,0.456,0.456,0.456,0.456,0.456,0.456,0.456,0.456,0.456,0.456,0.456,0.456,0.456,0.456,0.456,0.456,0.456,0.57,0.57,0.57,0.684,0.684,0.684,0.684,0.5952,0.5952,0.5952,0.744,0.744,0.744,0.744,0.744,0.744,0.744,0.8928,0.8928,1.0416,1.1904,1.3392,1.7856,1.6368,1.6368,1.7856,1.7856,1.7856,2.0832,2.0832,2.0832,2.0832,2.0832,2.0832,2.0832,1.7856,1.7856,1.7856,1.6368,1.6368,1.7856,1.3392,1.1904,1.0416,0.8928,0.8928,0.744,0.744,0.744,0.744,0.744,0.744,0.744,0.5952,0.5952,0.5952,0.684,0.684,0.684,0.684,0.57,0.57,0.57,0.456,0.456,0.456,0.456,0.456,0.456,0.456,0.456,0.456,0.456,0.456,0.456,0.456,0.456,0.456,0.456,0.456,0.456,0.342,0.114,0.114,0.114,0,0,0,0,0,0,0,0,0,0,0,0,0,0,0,0,0,0,0,0,0,0,0,0,0,0,0,0,0,0,0,0,0,0,0,0,0,0,0,0,0,0,0,0,0,0,0
0,0,0,0,0,0,0,0,0,0,0,0,0,0,0,0,0,0,0,0,0,0,0,0,0,0,0,0,0,0,0,0,0,0,0,0,0,0,0,0,0,0,0,0,0,0,0,0.114,0.114,0.114,0.114,0.342,0.342,0.456,0.456,0.456,0.456,0.456,0.456,0.456,0.456,0.456,0.456,0.456,0.456,0.456,0.456,0.456,0.456,0.456,0.57,0.57,0.57,0.684,0.684,0.684,0.684,0.5952,0.5952,0.5952,0.5952,0.744,0.744,0.744,0.744,0.744,0.744,0.8928,0.744,0.8928,0.8928,1.0416,0.8928,0.8928,1.0416,1.1904,1.1904,1.1904,1.1904,1.1904,1.1904,1.1904,1.1904,1.1904,1.0416,0.8928,0.8928,1.0416,0.8928,0.8928,0.744,0.8928,0.744,0.744,0.744,0.744,0.744,0.744,0.5952,0.5952,0.5952,0.5952,0.684,0.684,0.684,0.684,0.57,0.57,0.57,0.456,0.456,0.456,0.456,0.456,0.456,0.456,0.456,0.456,0.456,0.456,0.456,0.456,0.456,0.456,0.456,0.456,0.342,0.342,0.114,0.114,0.114,0.114,0,0,0,0,0,0,0,0,0,0,0,0,0,0,0,0,0,0,0,0,0,0,0,0,0,0,0,0,0,0,0,0,0,0,0,0,0,0,0,0,0,0,0,0,0,0,0,0
0,0,0,0,0,0,0,0,0,0,0,0,0,0,0,0,0,0,0,0,0,0,0,0,0,0,0,0,0,0,0,0,0,0,0,0,0,0,0,0,0,0,0,0,0,0,0,0,0.114,0.114,0.114,0.228,0.342,0.342,0.456,0.456,0.456,0.456,0.456,0.456,0.456,0.456,0.456,0.456,0.456,0.456,0.456,0.456,0.456,0.456,0.456,0.456,0.57,0.57,0.57,0.684,0.684,0.684,0.684,0.684,0.5952,0.5952,0.5952,0.5952,0.5952,0.744,0.744,0.744,0.744,0.744,0.744,0.744,0.744,0.744,0.8928,0.8928,0.8928,0.8928,0.744,0.744,0.744,0.8928,0.8928,0.8928,0.8928,0.744,0.744,0.744,0.744,0.744,0.744,0.744,0.744,0.744,0.5952,0.5952,0.5952,0.5952,0.5952,0.684,0.684,0.684,0.684,0.684,0.57,0.57,0.57,0.456,0.456,0.456,0.456,0.456,0.456,0.456,0.456,0.456,0.456,0.456,0.456,0.456,0.456,0.456,0.456,0.456,0.456,0.342,0.342,0.228,0.114,0.114,0.114,0,0,0,0,0,0,0,0,0,0,0,0,0,0,0,0,0,0,0,0,0,0,0,0,0,0,0,0,0,0,0,0,0,0,0,0,0,0,0,0,0,0,0,0,0,0,0,0,0
0,0,0,0,0,0,0,0,0,0,0,0,0,0,0,0,0,0,0,0,0,0,0,0,0,0,0,0,0,0,0,0,0,0,0,0,0,0,0,0,0,0,0,0,0,0,0,0,0,0,0,0,0,0,0,0,0,0,0,0,0,0,0,0,0,0,0,0,0,0,0,0,0,0,0,0,0,0,0,0,0,0,0,0,0,0,0,0,0,0,0,0,0,0,0,0,0,0,0,0,0,0,0,0,0,0,0,0,0,0,0,0,0,0,0,0,0,0,0,0,0,0,0,0,0,0,0,0,0,0,0,0,0,0,0,0,0,0,0,0,0,0,0,0,0,0,0,0,0,0,0,0,0,0,0,0,0,0,0,0,0,0,0,0,0,0,0,0,0,0,0,0,0,0,0,0,0,0,0,0,0,0,0,0,0,0,0,0,0,0,0,0,0,0,0,0,0,0,0,0
0,0,0,0,0,0,0,0,0,0,0,0,0,0,0,0,0,0,0,0,0,0,0,0,0,0,0,0,0,0,0,0,0,0,0,0,0,0,0,0,0,0,0,0,0,0,0,0,0,0,0,0,0,0,0,0,0,0,0,0,0,0,0,0,0,0,0,0,0,0,0,0,0,0,0,0,0,0,0,0,0,0,0,0,0,0,0,0,0,0,0,0,0,0,0,0,0,0,0,0,0,0,0,0,0,0,0,0,0,0,0,0,0,0,0,0,0,0,0,0,0,0,0,0,0,0,0,0,0,0,0,0,0,0,0,0,0,0,0,0,0,0,0,0,0,0,0,0,0,0,0,0,0,0,0,0,0,0,0,0,0,0,0,0,0,0,0,0,0,0,0,0,0,0,0,0,0,0,0,0,0,0,0,0,0,0,0,0,0,0,0,0,0,0,0,0,0,0,0,0
0,0,0,0,0,0,0,0,0,0,0,0,0,0,0,0,0,0,0,0,0,0,0,0,0,0,0,0,0,0,0,0,0,0,0,0,0,0,0,0,0,0,0,0,0,0,0,0,0,0,0,0,0,0,0,0,0,0,0,0,0,0,0,0,0,0,0,0,0,0,0,0,0,0,0,0,0,0,0,0,0,0,0,0,0,0,0,0,0,0,0,0,0,0,0,0,0,0,0,0,0,0,0,0,0,0,0,0,0,0,0,0,0,0,0,0,0,0,0,0,0,0,0,0,0,0,0,0,0,0,0,0,0,0,0,0,0,0,0,0,0,0,0,0,0,0,0,0,0,0,0,0,0,0,0,0,0,0,0,0,0,0,0,0,0,0,0,0,0,0,0,0,0,0,0,0,0,0,0,0,0,0,0,0,0,0,0,0,0,0,0,0,0,0,0,0,0,0,0,0
0,0,0,0,0,0,0,0,0,0,0,0,0,0,0,0,0,0,0,0,0,0,0,0,0,0,0,0,0,0,0,0,0,0,0,0,0,0,0,0,0,0,0,0,0,0,0,0,0,0,0,0,0,0,0,0,0,0,0,0,0,0,0,0,0,0,0,0,0,0,0,0,0,0,0,0,0,0,0,0,0,0,0,0,0,0,0,0,0,0,0,0,0,0,0,0,0,0,0,0,0,0,0,0,0,0,0,0,0,0,0,0,0,0,0,0,0,0,0,0,0,0,0,0,0,0,0,0,0,0,0,0,0,0,0,0,0,0,0,0,0,0,0,0,0,0,0,0,0,0,0,0,0,0,0,0,0,0,0,0,0,0,0,0,0,0,0,0,0,0,0,0,0,0,0,0,0,0,0,0,0,0,0,0,0,0,0,0,0,0,0,0,0,0,0,0,0,0,0,0
0,0,0,0,0,0,0,0,0,0,0,0,0,0,0,0,0,0,0,0,0,0,0,0,0,0,0,0,0,0,0,0,0,0,0,0,0,0,0,0,0,0,0,0,0,0,0,0,0,0,0,0,0,0,0,0,0,0,0,0,0,0,0,0,0,0,0,0,0,0,0,0,0,0,0,0,0,0,0,0,0,0,0,0,0,0,0,0,0,0,0,0,0,0,0,0,0,0,0,0,0,0,0,0,0,0,0,0,0,0,0,0,0,0,0,0,0,0,0,0,0,0,0,0,0,0,0,0,0,0,0,0,0,0,0,0,0,0,0,0,0,0,0,0,0,0,0,0,0,0,0,0,0,0,0,0,0,0,0,0,0,0,0,0,0,0,0,0,0,0,0,0,0,0,0,0,0,0,0,0,0,0,0,0,0,0,0,0,0,0,0,0,0,0,0,0,0,0,0,0
0,0,0,0,0,0,0,0,0,0,0,0,0,0,0,0,0,0,0,0,0,0,0,0,0,0,0,0,0,0,0,0,0,0,0,0,0,0,0,0,0,0,0,0,0,0,0,0,0,0,0,0,0,0,0,0,0,0,0,0,0,0,0,0,0,0,0,0,0,0,0,0,0,0,0,0,0,0,0,0,0,0,0,0,0,0,0,0,0,0,0,0,0,0,0,0,0,0,0,0,0,0,0,0,0,0,0,0,0,0,0,0,0,0,0,0,0,0,0,0,0,0,0,0,0,0,0,0,0,0,0,0,0,0,0,0,0,0,0,0,0,0,0,0,0,0,0,0,0,0,0,0,0,0,0,0,0,0,0,0,0,0,0,0,0,0,0,0,0,0,0,0,0,0,0,0,0,0,0,0,0,0,0,0,0,0,0,0,0,0,0,0,0,0,0,0,0,0,0,0
0,0,0,0,0,0,0,0,0,0,0,0,0,0,0,0,0,0,0,0,0,0,0,0,0,0,0,0,0,0,0,0,0,0,0,0,0,0,0,0,0,0,0,0,0,0,0,0,0,0,0,0,0,0,0,0,0,0,0,0,0,0,0,0,0,0,0,0,0,0,0,0,0,0,0,0,0,0,0,0,0,0,0,0,0,0,0,0,0,0,0,0,0,0,0,0,0,0,0,0,0,0,0,0,0,0,0,0,0,0,0,0,0,0,0,0,0,0,0,0,0,0,0,0,0,0,0,0,0,0,0,0,0,0,0,0,0,0,0,0,0,0,0,0,0,0,0,0,0,0,0,0,0,0,0,0,0,0,0,0,0,0,0,0,0,0,0,0,0,0,0,0,0,0,0,0,0,0,0,0,0,0,0,0,0,0,0,0,0,0,0,0,0,0,0,0,0,0,0,0
0,0,0,0,0,0,0,0,0,0,0,0,0,0,0,0,0,0,0,0,0,0,0,0,0,0,0,0,0,0,0,0,0,0,0,0,0,0,0,0,0,0,0,0,0,0,0,0,0,0,0,0,0,0,0,0,0,0,0,0,0,0,0,0,0,0,0,0,0,0,0,0,0,0,0,0,0,0,0,0,0,0,0,0,0,0,0,0,0,0,0,0,0,0,0,0,0,0,0,0,0,0,0,0,0,0,0,0,0,0,0,0,0,0,0,0,0,0,0,0,0,0,0,0,0,0,0,0,0,0,0,0,0,0,0,0,0,0,0,0,0,0,0,0,0,0,0,0,0,0,0,0,0,0,0,0,0,0,0,0,0,0,0,0,0,0,0,0,0,0,0,0,0,0,0,0,0,0,0,0,0,0,0,0,0,0,0,0,0,0,0,0,0,0,0,0,0,0,0,0
0,0,0,0,0,0,0,0,0,0,0,0,0,0,0,0,0,0,0,0,0,0,0,0,0,0,0,0,0,0,0,0,0,0,0,0,0,0,0,0,0,0,0,0,0,0,0,0,0,0,0,0,0,0,0,0,0,0,0,0,0,0,0,0,0,0,0,0,0,0,0,0,0,0,0,0,0,0,0,0,0,0,0,0,0,0,0,0,0,0,0,0,0,0,0,0,0,0,0,0,0,0,0,0,0,0,0,0,0,0,0,0,0,0,0,0,0,0,0,0,0,0,0,0,0,0,0,0,0,0,0,0,0,0,0,0,0,0,0,0,0,0,0,0,0,0,0,0,0,0,0,0,0,0,0,0,0,0,0,0,0,0,0,0,0,0,0,0,0,0,0,0,0,0,0,0,0,0,0,0,0,0,0,0,0,0,0,0,0,0,0,0,0,0,0,0,0,0,0,0
0,0,0,0,0,0,0,0,0,0,0,0,0,0,0,0,0,0,0,0,0,0,0,0,0,0,0,0,0,0,0,0,0,0,0,0,0,0,0,0,0,0,0,0,0,0,0,0,0,0,0,0,0,0,0,0,0,0,0,0,0,0,0,0,0,0,0,0,0,0,0,0,0,0,0,0,0,0,0,0,0,0,0,0,0,0,0,0,0,0,0,0,0,0,0,0,0,0,0,0,0,0,0,0,0,0,0,0,0,0,0,0,0,0,0,0,0,0,0,0,0,0,0,0,0,0,0,0,0,0,0,0,0,0,0,0,0,0,0,0,0,0,0,0,0,0,0,0,0,0,0,0,0,0,0,0,0,0,0,0,0,0,0,0,0,0,0,0,0,0,0,0,0,0,0,0,0,0,0,0,0,0,0,0,0,0,0,0,0,0,0,0,0,0,0,0,0,0,0,0
0,0,0,0,0,0,0,0,0,0,0,0,0,0,0,0,0,0,0,0,0,0,0,0,0,0,0,0,0,0,0,0,0,0,0,0,0,0,0,0,0,0,0,0,0,0,0,0,0,0,0,0,0,0,0,0,0,0,0,0,0,0,0,0,0,0,0,0,0,0,0,0,0,0,0,0,0,0,0,0,0,0,0,0,0,0,0,0,0,0,0,0,0,0,0,0,0,0,0,0,0,0,0,0,0,0,0,0,0,0,0,0,0,0,0,0,0,0,0,0,0,0,0,0,0,0,0,0,0,0,0,0,0,0,0,0,0,0,0,0,0,0,0,0,0,0,0,0,0,0,0,0,0,0,0,0,0,0,0,0,0,0,0,0,0,0,0,0,0,0,0,0,0,0,0,0,0,0,0,0,0,0,0,0,0,0,0,0,0,0,0,0,0,0,0,0,0,0,0,0
0,0,0,0,0,0,0,0,0,0,0,0,0,0,0,0,0,0,0,0,0,0,0,0,0,0,0,0,0,0,0,0,0,0,0,0,0,0,0,0,0,0,0,0,0,0,0,0,0,0,0,0,0,0,0,0,0,0,0,0,0,0,0,0,0,0,0,0,0,0,0,0,0,0,0,0,0,0,0,0,0,0,0,0,0,0,0,0,0,0,0,0,0,0,0,0,0,0,0,0,0,0,0,0,0,0,0,0,0,0,0,0,0,0,0,0,0,0,0,0,0,0,0,0,0,0,0,0,0,0,0,0,0,0,0,0,0,0,0,0,0,0,0,0,0,0,0,0,0,0,0,0,0,0,0,0,0,0,0,0,0,0,0,0,0,0,0,0,0,0,0,0,0,0,0,0,0,0,0,0,0,0,0,0,0,0,0,0,0,0,0,0,0,0,0,0,0,0,0,0
0,0,0,0,0,0,0,0,0,0,0,0,0,0,0,0,0,0,0,0,0,0,0,0,0,0,0,0,0,0,0,0,0,0,0,0,0,0,0,0,0,0,0,0,0,0,0,0,0,0,0,0,0,0,0,0,0,0,0,0,0,0,0,0,0,0,0,0,0,0,0,0,0,0,0,0,0,0,0,0,0,0,0,0,0,0,0,0,0,0,0,0,0,0,0,0,0,0,0,0,0,0,0,0,0,0,0,0,0,0,0,0,0,0,0,0,0,0,0,0,0,0,0,0,0,0,0,0,0,0,0,0,0,0,0,0,0,0,0,0,0,0,0,0,0,0,0,0,0,0,0,0,0,0,0,0,0,0,0,0,0,0,0,0,0,0,0,0,0,0,0,0,0,0,0,0,0,0,0,0,0,0,0,0,0,0,0,0,0,0,0,0,0,0,0,0,0,0,0,0
0,0,0,0,0,0,0,0,0,0,0,0,0,0,0,0,0,0,0,0,0,0,0,0,0,0,0,0,0,0,0,0,0,0,0,0,0,0,0,0,0,0,0,0,0,0,0,0,0,0,0,0,0,0,0,0,0,0,0,0,0,0,0,0,0,0,0,0,0,0,0,0,0,0,0,0,0,0,0,0,0,0,0,0,0,0,0,0,0,0,0,0,0,0,0,0,0,0,0,0,0,0,0,0,0,0,0,0,0,0,0,0,0,0,0,0,0,0,0,0,0,0,0,0,0,0,0,0,0,0,0,0,0,0,0,0,0,0,0,0,0,0,0,0,0,0,0,0,0,0,0,0,0,0,0,0,0,0,0,0,0,0,0,0,0,0,0,0,0,0,0,0,0,0,0,0,0,0,0,0,0,0,0,0,0,0,0,0,0,0,0,0,0,0,0,0,0,0,0,0
0,0,0,0,0,0,0,0,0,0,0,0,0,0,0,0,0,0,0,0,0,0,0,0,0,0,0,0,0,0,0,0,0,0,0,0,0,0,0,0,0,0,0,0,0,0,0,0,0,0,0,0,0,0,0,0,0,0,0,0,0,0,0,0,0,0,0,0,0,0,0,0,0,0,0,0,0,0,0,0,0,0,0,0,0,0,0,0,0,0,0,0,0,0,0,0,0,0,0,0,0,0,0,0,0,0,0,0,0,0,0,0,0,0,0,0,0,0,0,0,0,0,0,0,0,0,0,0,0,0,0,0,0,0,0,0,0,0,0,0,0,0,0,0,0,0,0,0,0,0,0,0,0,0,0,0,0,0,0,0,0,0,0,0,0,0,0,0,0,0,0,0,0,0,0,0,0,0,0,0,0,0,0,0,0,0,0,0,0,0,0,0,0,0,0,0,0,0,0,0
0,0,0,0,0,0,0,0,0,0,0,0,0,0,0,0,0,0,0,0,0,0,0,0,0,0,0,0,0,0,0,0,0,0,0,0,0,0,0,0,0,0,0,0,0,0,0,0,0,0,0,0,0,0,0,0,0,0,0,0,0,0,0,0,0,0,0,0,0,0,0,0,0,0,0,0,0,0,0,0,0,0,0,0,0,0,0,0,0,0,0,0,0,0,0,0,0,0,0,0,0,0,0,0,0,0,0,0,0,0,0,0,0,0,0,0,0,0,0,0,0,0,0,0,0,0,0,0,0,0,0,0,0,0,0,0,0,0,0,0,0,0,0,0,0,0,0,0,0,0,0,0,0,0,0,0,0,0,0,0,0,0,0,0,0,0,0,0,0,0,0,0,0,0,0,0,0,0,0,0,0,0,0,0,0,0,0,0,0,0,0,0,0,0,0,0,0,0,0,0
0,0,0,0,0,0,0,0,0,0,0,0,0,0,0,0,0,0,0,0,0,0,0,0,0,0,0,0,0,0,0,0,0,0,0,0,0,0,0,0,0,0,0,0,0,0,0,0,0,0,0,0,0,0,0,0,0,0,0,0,0,0,0,0,0,0,0,0,0,0,0,0,0,0,0,0,0,0,0,0,0,0,0,0,0,0,0,0,0,0,0,0,0,0,0,0,0,0,0,0,0,0,0,0,0,0,0,0,0,0,0,0,0,0,0,0,0,0,0,0,0,0,0,0,0,0,0,0,0,0,0,0,0,0,0,0,0,0,0,0,0,0,0,0,0,0,0,0,0,0,0,0,0,0,0,0,0,0,0,0,0,0,0,0,0,0,0,0,0,0,0,0,0,0,0,0,0,0,0,0,0,0,0,0,0,0,0,0,0,0,0,0,0,0,0,0,0,0,0,0
0,0,0,0,0,0,0,0,0,0,0,0,0,0,0,0,0,0,0,0,0,0,0,0,0,0,0,0,0,0,0,0,0,0,0,0,0,0,0,0,0,0,0,0,0,0,0,0,0,0,0,0,0,0,0,0,0,0,0,0,0,0,0,0,0,0,0,0,0,0,0,0,0,0,0,0,0,0,0,0,0,0,0,0,0,0,0,0,0,0,0,0,0,0,0,0,0,0,0,0,0,0,0,0,0,0,0,0,0,0,0,0,0,0,0,0,0,0,0,0,0,0,0,0,0,0,0,0,0,0,0,0,0,0,0,0,0,0,0,0,0,0,0,0,0,0,0,0,0,0,0,0,0,0,0,0,0,0,0,0,0,0,0,0,0,0,0,0,0,0,0,0,0,0,0,0,0,0,0,0,0,0,0,0,0,0,0,0,0,0,0,0,0,0,0,0,0,0,0,0
0,0,0,0,0,0,0,0,0,0,0,0,0,0,0,0,0,0,0,0,0,0,0,0,0,0,0,0,0,0,0,0,0,0,0,0,0,0,0,0,0,0,0,0,0,0,0,0,0,0,0,0,0,0,0,0,0,0,0,0,0,0,0,0,0,0,0,0,0,0,0,0,0,0,0,0,0,0,0,0,0,0,0,0,0,0,0,0,0,0,0,0,0,0,0,0,0,0,0,0,0,0,0,0,0,0,0,0,0,0,0,0,0,0,0,0,0,0,0,0,0,0,0,0,0,0,0,0,0,0,0,0,0,0,0,0,0,0,0,0,0,0,0,0,0,0,0,0,0,0,0,0,0,0,0,0,0,0,0,0,0,0,0,0,0,0,0,0,0,0,0,0,0,0,0,0,0,0,0,0,0,0,0,0,0,0,0,0,0,0,0,0,0,0,0,0,0,0,0,0
0,0,0,0,0,0,0,0,0,0,0,0,0,0,0,0,0,0,0,0,0,0,0,0,0,0,0,0,0,0,0,0,0,0,0,0,0,0,0,0,0,0,0,0,0,0,0,0,0,0,0,0,0,0,0,0,0,0,0,0,0,0,0,0,0,0,0,0,0,0,0,0,0,0,0,0,0,0,0,0,0,0,0,0,0,0,0,0,0,0,0,0,0,0,0,0,0,0,0,0,0,0,0,0,0,0,0,0,0,0,0,0,0,0,0,0,0,0,0,0,0,0,0,0,0,0,0,0,0,0,0,0,0,0,0,0,0,0,0,0,0,0,0,0,0,0,0,0,0,0,0,0,0,0,0,0,0,0,0,0,0,0,0,0,0,0,0,0,0,0,0,0,0,0,0,0,0,0,0,0,0,0,0,0,0,0,0,0,0,0,0,0,0,0,0,0,0,0,0,0
0,0,0,0,0,0,0,0,0,0,0,0,0,0,0,0,0,0,0,0,0,0,0,0,0,0,0,0,0,0,0,0,0,0,0,0,0,0,0,0,0,0,0,0,0,0,0,0,0,0,0,0,0,0,0,0,0,0,0,0,0,0,0,0,0,0,0,0,0,0,0,0,0,0,0,0,0,0,0,0,0,0,0,0,0,0,0,0,0,0,0,0,0,0,0,0,0,0,0,0,0,0,0,0,0,0,0,0,0,0,0,0,0,0,0,0,0,0,0,0,0,0,0,0,0,0,0,0,0,0,0,0,0,0,0,0,0,0,0,0,0,0,0,0,0,0,0,0,0,0,0,0,0,0,0,0,0,0,0,0,0,0,0,0,0,0,0,0,0,0,0,0,0,0,0,0,0,0,0,0,0,0,0,0,0,0,0,0,0,0,0,0,0,0,0,0,0,0,0,0
0,0,0,0,0,0,0,0,0,0,0,0,0,0,0,0,0,0,0,0,0,0,0,0,0,0,0,0,0,0,0,0,0,0,0,0,0,0,0,0,0,0,0,0,0,0,0,0,0,0,0,0,0,0,0,0,0,0,0,0,0,0,0,0,0,0,0,0,0,0,0,0,0,0,0,0,0,0,0,0,0,0,0,0,0,0,0,0,0,0,0,0,0,0,0,0,0,0,0,0,0,0,0,0,0,0,0,0,0,0,0,0,0,0,0,0,0,0,0,0,0,0,0,0,0,0,0,0,0,0,0,0,0,0,0,0,0,0,0,0,0,0,0,0,0,0,0,0,0,0,0,0,0,0,0,0,0,0,0,0,0,0,0,0,0,0,0,0,0,0,0,0,0,0,0,0,0,0,0,0,0,0,0,0,0,0,0,0,0,0,0,0,0,0,0,0,0,0,0,0
0,0,0,0,0,0,0,0,0,0,0,0,0,0,0,0,0,0,0,0,0,0,0,0,0,0,0,0,0,0,0,0,0,0,0,0,0,0,0,0,0,0,0,0,0,0,0,0,0,0,0,0,0,0,0,0,0,0,0,0,0,0,0,0,0,0,0,0,0,0,0,0,0,0,0,0,0,0,0,0,0,0,0,0,0,0,0,0,0,0,0,0,0,0,0,0,0,0,0,0,0,0,0,0,0,0,0,0,0,0,0,0,0,0,0,0,0,0,0,0,0,0,0,0,0,0,0,0,0,0,0,0,0,0,0,0,0,0,0,0,0,0,0,0,0,0,0,0,0,0,0,0,0,0,0,0,0,0,0,0,0,0,0,0,0,0,0,0,0,0,0,0,0,0,0,0,0,0,0,0,0,0,0,0,0,0,0,0,0,0,0,0,0,0,0,0,0,0,0,0
0,0,0,0,0,0,0,0,0,0,0,0,0,0,0,0,0,0,0,0,0,0,0,0,0,0,0,0,0,0,0,0,0,0,0,0,0,0,0,0,0,0,0,0,0,0,0,0,0,0,0,0,0,0,0,0,0,0,0,0,0,0,0,0,0,0,0,0,0,0,0,0,0,0,0,0,0,0,0,0,0,0,0,0,0,0,0,0,0,0,0,0,0,0,0,0,0,0,0,0,0,0,0,0,0,0,0,0,0,0,0,0,0,0,0,0,0,0,0,0,0,0,0,0,0,0,0,0,0,0,0,0,0,0,0,0,0,0,0,0,0,0,0,0,0,0,0,0,0,0,0,0,0,0,0,0,0,0,0,0,0,0,0,0,0,0,0,0,0,0,0,0,0,0,0,0,0,0,0,0,0,0,0,0,0,0,0,0,0,0,0,0,0,0,0,0,0,0,0,0
0,0,0,0,0,0,0,0,0,0,0,0,0,0,0,0,0,0,0,0,0,0,0,0,0,0,0,0,0,0,0,0,0,0,0,0,0,0,0,0,0,0,0,0,0,0,0,0,0,0,0,0,0,0,0,0,0,0,0,0,0,0,0,0,0,0,0,0,0,0,0,0,0,0,0,0,0,0,0,0,0,0,0,0,0,0,0,0,0,0,0,0,0,0,0,0,0,0,0,0,0,0,0,0,0,0,0,0,0,0,0,0,0,0,0,0,0,0,0,0,0,0,0,0,0,0,0,0,0,0,0,0,0,0,0,0,0,0,0,0,0,0,0,0,0,0,0,0,0,0,0,0,0,0,0,0,0,0,0,0,0,0,0,0,0,0,0,0,0,0,0,0,0,0,0,0,0,0,0,0,0,0,0,0,0,0,0,0,0,0,0,0,0,0,0,0,0,0,0,0
0,0,0,0,0,0,0,0,0,0,0,0,0,0,0,0,0,0,0,0,0,0,0,0,0,0,0,0,0,0,0,0,0,0,0,0,0,0,0,0,0,0,0,0,0,0,0,0,0,0,0,0,0,0,0,0,0,0,0,0,0,0,0,0,0,0,0,0,0,0,0,0,0,0,0,0,0,0,0,0,0,0,0,0,0,0,0,0,0,0,0,0,0,0,0,0,0,0,0,0,0,0,0,0,0,0,0,0,0,0,0,0,0,0,0,0,0,0,0,0,0,0,0,0,0,0,0,0,0,0,0,0,0,0,0,0,0,0,0,0,0,0,0,0,0,0,0,0,0,0,0,0,0,0,0,0,0,0,0,0,0,0,0,0,0,0,0,0,0,0,0,0,0,0,0,0,0,0,0,0,0,0,0,0,0,0,0,0,0,0,0,0,0,0,0,0,0,0,0,0
0,0,0,0,0,0,0,0,0,0,0,0,0,0,0,0,0,0,0,0,0,0,0,0,0,0,0,0,0,0,0,0,0,0,0,0,0,0,0,0,0,0,0,0,0,0,0,0,0,0,0,0,0,0,0,0,0,0,0,0,0,0,0,0,0,0,0,0,0,0,0,0,0,0,0,0,0,0,0,0,0,0,0,0,0,0,0,0,0,0,0,0,0,0,0,0,0,0,0,0,0,0,0,0,0,0,0,0,0,0,0,0,0,0,0,0,0,0,0,0,0,0,0,0,0,0,0,0,0,0,0,0,0,0,0,0,0,0,0,0,0,0,0,0,0,0,0,0,0,0,0,0,0,0,0,0,0,0,0,0,0,0,0,0,0,0,0,0,0,0,0,0,0,0,0,0,0,0,0,0,0,0,0,0,0,0,0,0,0,0,0,0,0,0,0,0,0,0,0,0
0,0,0,0,0,0,0,0,0,0,0,0,0,0,0,0,0,0,0,0,0,0,0,0,0,0,0,0,0,0,0,0,0,0,0,0,0,0,0,0,0,0,0,0,0,0,0,0,0,0,0,0,0,0,0,0,0,0,0,0,0,0,0,0,0,0,0,0,0,0,0,0,0,0,0,0,0,0,0,0,0,0,0,0,0,0,0,0,0,0,0,0,0,0,0,0,0,0,0,0,0,0,0,0,0,0,0,0,0,0,0,0,0,0,0,0,0,0,0,0,0,0,0,0,0,0,0,0,0,0,0,0,0,0,0,0,0,0,0,0,0,0,0,0,0,0,0,0,0,0,0,0,0,0,0,0,0,0,0,0,0,0,0,0,0,0,0,0,0,0,0,0,0,0,0,0,0,0,0,0,0,0,0,0,0,0,0,0,0,0,0,0,0,0,0,0,0,0,0,0
0,0,0,0,0,0,0,0,0,0,0,0,0,0,0,0,0,0,0,0,0,0,0,0,0,0,0,0,0,0,0,0,0,0,0,0,0,0,0,0,0,0,0,0,0,0,0,0,0,0,0,0,0,0,0,0,0,0,0,0,0,0,0,0,0,0,0,0,0,0,0,0,0,0,0,0,0,0,0,0,0,0,0,0,0,0,0,0,0,0,0,0,0,0,0,0,0,0,0,0,0,0,0,0,0,0,0,0,0,0,0,0,0,0,0,0,0,0,0,0,0,0,0,0,0,0,0,0,0,0,0,0,0,0,0,0,0,0,0,0,0,0,0,0,0,0,0,0,0,0,0,0,0,0,0,0,0,0,0,0,0,0,0,0,0,0,0,0,0,0,0,0,0,0,0,0,0,0,0,0,0,0,0,0,0,0,0,0,0,0,0,0,0,0,0,0,0,0,0,0
