0,0,0,0,0,0,0,0,0,0,0,0,0,0,0,0,0,0,0,0,0,0,0,0,0,0,0,0,0,0,0,0,0,0,0,0,0,0,0,0,0,0,0,0,0,0,0,0,0,0,0,0,0,0,0,0,0,0,0,0,0,0,0,0,0,0,0,0,0,0,0,0,0,0,0,0,0,0,0,0,0,0,0,0,0,0,0,0,0,0,0,0,0,0,0,0,0,0,0,0,0,0,0,0,0,0,0,0,0,0,0,0,0,0,0,0,0,0,0,0,0,0,0,0,0,0,0,0,0,0,0,0,0,0,0,0,0,0,0,0,0,0,0,0,0,0,0,0,0,0,0,0,0,0,0,0,0,0,0,0,0,0,0,0,0,0,0,0,0,0,0,0,0,0,0,0,0,0,0,0,0,0,0,0,0,0,0,0,0,0,0,0,0,0,0,0,0,0,0,0
0,0,0,0,0,0,0,0,0,0,0,0,0,0,0,0,0,0,0,0,0,0,0,0,0,0,0,0,0,0,0,0,0,0,0,0,0,0,0,0,0,0,0,0,0,0,0,0,0,0,0,0,0,0,0,0,0,0,0,0,0,0,0,0,0,0,0,0,0,0,0,0,0,0,0,0,0,0,0,0,0,0,0,0,0,0,0,0,0,0,0,0,0,0,0,0,0,0,0,0,0,0,0,0,0,0,0,0,0,0,0,0,0,0,0,0,0,0,0,0,0,0,0,0,0,0,0,0,0,0,0,0,0,0,0,0,0,0,0,0,0,0,0,0,0,0,0,0,0,0,0,0,0,0,0,0,0,0,0,0,0,0,0,0,0,0,0,0,0,0,0,0,0,0,0,0,0,0,0,0,0,0,0,0,0,0,0,0,0,0,0,0,0,0,0,0,0,0,0,0
0,0,0,0,0,0,0,0,0,0,0,0,0,0,0,0,0,0,0,0,0,0,0,0,0,0,0,0,0,0,0,0,0,0,0,0,0,0,0,0,0,0,0,0,0,0,0,0,0,0,0,0,0,0,0,0,0,0,0,0,0,0,0,0,0,0,0,0,0,0,0,0,0,0,0,0,0,0,0,0,0,0,0,0,0,0,0,0,0,0,0,0,0,0,0,0,0,0,0,0,0,0,0,0,0,0,0,0,0,0,0,0,0,0,0,0,0,0,0,0,0,0,0,0,0,0,0,0,0,0,0,0,0,0,0,0,0,0,0,0,0,0,0,0,0,0,0,0,0,0,0,0,0,0,0,0,0,0,0,0,0,0,0,0,0,0,0,0,0,0,0,0,0,0,0,0,0,0,0,0,0,0,0,0,0,0,0,0,0,0,0,0,0,0,0,0,0,0,0,0
0,0,0,0,0,0,0,0,0,0,0,0,0,0,0,0,0,0,0,0,0,0,0,0,0,0,0,0,0,0,0,0,0,0,0,0,0,0,0,0,0,0,0,0,0,0,0,0,0,0,0,0,0,0,0,0,0,0,0,0,0,0,0,0,0,0,0,0,0,0,0,0,0,0,0,0,0,0,0,0,0,0,0,0,0,0,0,0,0,0,0,0,0,0,0,0,0,0,0,0,0,0,0,0,0,0,0,0,0,0,0,0,0,0,0,0,0,0,0,0,0,0,0,0,0,0,0,0,0,0,0,0,0,0,0,0,0,0,0,0,0,0,0,0,0,0,0,0,0,0,0,0,0,0,0,0,0,0,0,0,0,0,0,0,0,0,0,0,0,0,0,0,0,0,0,0,0,0,0,0,0,0,0,0,0,0,0,0,0,0,0,0,0,0,0,0,0,0,0,0
0,0,0,0,0,0,0,0,0,0,0,0,0,0,0,0,0,0,0,0,0,0,0,0,0,0,0,0,0,0,0,0,0,0,0,0,0,0,0,0,0,0,0,0,0,0,0,0,0,0,0,0,0,0,0,0,0,0,0,0,0,0,0,0,0,0,0,0,0,0,0,0,0,0,0,0,0,0,0,0,0,0,0,0,0,0,0,0,0,0,0,0,0,0,0,0,0,0,0,0,0,0,0,0,0,0,0,0,0,0,0,0,0,0,0,0,0,0,0,0,0,0,0,0,0,0,0,0,0,0,0,0,0,0,0,0,0,0,0,0,0,0,0,0,0,0,0,0,0,0,0,0,0,0,0,0,0,0,0,0,0,0,0,0,0,0,0,0,0,0,0,0,0,0,0,0,0,0,0,0,0,0,0,0,0,0,0,0,0,0,0,0,0,0,0,0,0,0,0,0
0,0,0,0,0,0,0,0,0,0,0,0,0,0,0,0,0,0,0,0,0,0,0,0,0,0,0,0,0,0,0,0,0,0,0,0,0,0,0,0,0,0,0,0,0,0,0,0,0,0,0,0,0,0,0,0,0,0,0,0,0,0,0,0,0,0,0,0,0,0,0,0,0,0,0,0,0,0,0,0,0,0,0,0,0,0,0,0,0,0,0,0,0,0,0,0,0,0,0,0,0,0,0,0,0,0,0,0,0,0,0,0,0,0,0,0,0,0,0,0,0,0,0,0,0,0,0,0,0,0,0,0,0,0,0,0,0,0,0,0,0,0,0,0,0,0,0,0,0,0,0,0,0,0,0,0,0,0,0,0,0,0,0,0,0,0,0,0,0,0,0,0,0,0,0,0,0,0,0,0,0,0,0,0,0,0,0,0,0,0,0,0,0,0,0,0,0,0,0,0
0,0,0,0,0,0,0,0,0,0,0,0,0,0,0,0,0,0,0,0,0,0,0,0,0,0,0,0,0,0,0,0,0,0,0,0,0,0,0,0,0,0,0,0,0,0,0,0,0,0,0,0,0,0,0,0,0,0,0,0,0,0,0,0,0,0,0,0,0,0,0,0,0,0,0,0,0,0,0,0,0,0,0,0,0,0,0,0,0,0,0,0,0,0,0,0,0,0,0,0,0,0,0,0,0,0,0,0,0,0,0,0,0,0,0,0,0,0,0,0,0,0,0,0,0,0,0,0,0,0,0,0,0,0,0,0,0,0,0,0,0,0,0,0,0,0,0,0,0,0,0,0,0,0,0,0,0,0,0,0,0,0,0,0,0,0,0,0,0,0,0,0,0,0,0,0,0,0,0,0,0,0,0,0,0,0,0,0,0,0,0,0,0,0,0,0,0,0,0,0
0,0,0,0,0,0,0,0,0,0,0,0,0,0,0,0,0,0,0,0,0,0,0,0,0,0,0,0,0,0,0,0,0,0,0,0,0,0,0,0,0,0,0,0,0,0,0,0,0,0,0,0,0,0,0,0,0,0,0,0,0,0,0,0,0,0,0,0,0,0,0,0,0,0,0,0,0,0,0,0,0,0,0,0,0,0,0,0,0,0,0,0,0,0,0,0,0,0,0,0,0,0,0,0,0,0,0,0,0,0,0,0,0,0,0,0,0,0,0,0,0,0,0,0,0,0,0,0,0,0,0,0,0,0,0,0,0,0,0,0,0,0,0,0,0,0,0,0,0,0,0,0,0,0,0,0,0,0,0,0,0,0,0,0,0,0,0,0,0,0,0,0,0,0,0,0,0,0,0,0,0,0,0,0,0,0,0,0,0,0,0,0,0,0,0,0,0,0,0,0
0,0,0,0,0,0,0,0,0,0,0,0,0,0,0,0,0,0,0,0,0,0,0,0,0,0,0,0,0,0,0,0,0,0,0,0,0,0,0,0,0,0,0,0,0,0,0,0,0,0,0,0,0,0,0,0,0,0,0,0,0,0,0,0,0,0,0,0,0,0,0,0,0,0,0,0,0,0,0,0,0,0,0,0,0,0,0,0,0,0,0,0,0,0,0,0,0,0,0,0,0,0,0,0,0,0,0,0,0,0,0,0,0,0,0,0,0,0,0,0,0,0,0,0,0,0,0,0,0,0,0,0,0,0,0,0,0,0,0,0,0,0,0,0,0,0,0,0,0,0,0,0,0,0,0,0,0,0,0,0,0,0,0,0,0,0,0,0,0,0,0,0,0,0,0,0,0,0,0,0,0,0,0,0,0,0,0,0,0,0,0,0,0,0,0,0,0,0,0,0
0,0,0,0,0,0,0,0,0,0,0,0,0,0,0,0,0,0,0,0,0,0,0,0,0,0,0,0,0,0,0,0,0,0,0,0,0,0,0,0,0,0,0,0,0,0,0,0,0,0,0,0,0,0,0,0,0,0,0,0,0,0,0,0,0,0,0,0,0,0,0,0,0,0,0,0,0,0,0,0,0,0,0,0,0,0,0,0,0,0,0,0,0,0,0,0,0,0,0,0,0,0,0,0,0,0,0,0,0,0,0,0,0,0,0,0,0,0,0,0,0,0,0,0,0,0,0,0,0,0,0,0,0,0,0,0,0,0,0,0,0,0,0,0,0,0,0,0,0,0,0,0,0,0,0,0,0,0,0,0,0,0,0,0,0,0,0,0,0,0,0,0,0,0,0,0,0,0,0,0,0,0,0,0,0,0,0,0,0,0,0,0,0,0,0,0,0,0,0,0
0,0,0,0,0,0,0,0,0,0,0,0,0,0,0,0,0,0,0,0,0,0,0,0,0,0,0,0,0,0,0,0,0,0,0,0,0,0,0,0,0,0,0,0,0,0,0,0,0,0,0,0,0,0,0,0,0,0,0,0,0,0,0,0,0,0,0,0,0,0,0,0,0,0,0,0,0,0,0,0,0,0,0,0,0,0,0,0,0,0,0,0,0,0,0,0,0,0,0,0,0,0,0,0,0,0,0,0,0,0,0,0,0,0,0,0,0,0,0,0,0,0,0,0,0,0,0,0,0,0,0,0,0,0,0,0,0,0,0,0,0,0,0,0,0,0,0,0,0,0,0,0,0,0,0,0,0,0,0,0,0,0,0,0,0,0,0,0,0,0,0,0,0,0,0,0,0,0,0,0,0,0,0,0,0,0,0,0,0,0,0,0,0,0,0,0,0,0,0,0
0,0,0,0,0,0,0,0,0,0,0,0,0,0,0,0,0,0,0,0,0,0,0,0,0,0,0,0,0,0,0,0,0,0,0,0,0,0,0,0,0,0,0,0,0,0,0,0,0,0,0,0,0,0,0,0,0,0,0,0,0,0,0,0,0,0,0,0,0,0,0,0,0,0,0,0,0,0,0,0,0,0,0,0,0,0,0,0,0,0,0,0,0,0,0,0,0,0,0,0,0,0,0,0,0,0,0,0,0,0,0,0,0,0,0,0,0,0,0,0,0,0,0,0,0,0,0,0,0,0,0,0,0,0,0,0,0,0,0,0,0,0,0,0,0,0,0,0,0,0,0,0,0,0,0,0,0,0,0,0,0,0,0,0,0,0,0,0,0,0,0,0,0,0,0,0,0,0,0,0,0,0,0,0,0,0,0,0,0,0,0,0,0,0,0,0,0,0,0,0
0,0,0,0,0,0,0,0,0,0,0,0,0,0,0,0,0,0,0,0,0,0,0,0,0,0,0,0,0,0,0,0,0,0,0,0,0,0,0,0,0,0,0,0,0,0,0,0,0,0,0,0,0,0,0,0,0,0,0,0,0,0,0,0,0,0,0,0,0,0,0,0,0,0,0,0,0,0,0,0,0,0,0,0,0,0,0,0,0,0,0,0,0,0,0,0,0,0,0,0,0,0,0,0,0,0,0,0,0,0,0,0,0,0,0,0,0,0,0,0,0,0,0,0,0,0,0,0,0,0,0,0,0,0,0,0,0,0,0,0,0,0,0,0,0,0,0,0,0,0,0,0,0,0,0,0,0,0,0,0,0,0,0,0,0,0,0,0,0,0,0,0,0,0,0,0,0,0,0,0,0,0,0,0,0,0,0,0,0,0,0,0,0,0,0,0,0,0,0,0
0,0,0,0,0,0,0,0,0,0,0,0,0,0,0,0,0,0,0,0,0,0,0,0,0,0,0,0,0,0,0,0,0,0,0,0,0,0,0,0,0,0,0,0,0,0,0,0,0,0,0,0,0,0,0,0,0,0,0,0,0,0,0,0,0,0,0,0,0,0,0,0,0,0,0,0,0,0,0,0,0,0,0,0,0,0,0,0,0,0,0,0,0,0,0,0,0,0,0,0,0,0,0,0,0,0,0,0,0,0,0,0,0,0,0,0,0,0,0,0,0,0,0,0,0,0,0,0,0,0,0,0,0,0,0,0,0,0,0,0,0,0,0,0,0,0,0,0,0,0,0,0,0,0,0,0,0,0,0,0,0,0,0,0,0,0,0,0,0,0,0,0,0,0,0,0,0,0,0,0,0,0,0,0,0,0,0,0,0,0,0,0,0,0,0,0,0,0,0,0
0,0,0,0,0,0,0,0,0,0,0,0,0,0,0,0,0,0,0,0,0,0,0,0,0,0,0,0,0,0,0,0,0,0,0,0,0,0,0,0,0,0,0,0,0,0,0,0,0,0,0,0,0,0,0,0,0,0,0,0,0,0,0,0,0,0,0,0,0,0,0,0,0,0,0,0,0,0,0,0,0,0,0,0,0,0,0,0,0,0,0,0,0,0,0,0,0,0,0,0,0,0,0,0,0,0,0,0,0,0,0,0,0,0,0,0,0,0,0,0,0,0,0,0,0,0,0,0,0,0,0,0,0,0,0,0,0,0,0,0,0,0,0,0,0,0,0,0,0,0,0,0,0,0,0,0,0,0,0,0,0,0,0,0,0,0,0,0,0,0,0,0,0,0,0,0,0,0,0,0,0,0,0,0,0,0,0,0,0,0,0,0,0,0,0,0,0,0,0,0
0,0,0,0,0,0,0,0,0,0,0,0,0,0,0,0,0,0,0,0,0,0,0,0,0,0,0,0,0,0,0,0,0,0,0,0,0,0,0,0,0,0,0,0,0,0,0,0,0,0,0,0,0,0,0,0,0,0,0,0,0,0,0,0,0,0,0,0,0,0,0,0,0,0,0,0,0,0,0,0,0,0,0,0,0,0,0,0,0,0,0,0,0,0,0,0,0,0,0,0,0,0,0,0,0,0,0,0,0,0,0,0,0,0,0,0,0,0,0,0,0,0,0,0,0,0,0,0,0,0,0,0,0,0,0,0,0,0,0,0,0,0,0,0,0,0,0,0,0,0,0,0,0,0,0,0,0,0,0,0,0,0,0,0,0,0,0,0,0,0,0,0,0,0,0,0,0,0,0,0,0,0,0,0,0,0,0,0,0,0,0,0,0,0,0,0,0,0,0,0
0,0,0,0,0,0,0,0,0,0,0,0,0,0,0,0,0,0,0,0,0,0,0,0,0,0,0,0,0,0,0,0,0,0,0,0,0,0,0,0,0,0,0,0,0,0,0,0,0,0,0,0,0,0,0,0,0,0,0,0,0,0,0,0,0,0,0,0,0,0,0,0,0,0,0,0,0,0,0,0,0,0,0,0,0,0,0,0,0,0,0,0,0,0,0,0,0,0,0,0,0,0,0,0,0,0,0,0,0,0,0,0,0,0,0,0,0,0,0,0,0,0,0,0,0,0,0,0,0,0,0,0,0,0,0,0,0,0,0,0,0,0,0,0,0,0,0,0,0,0,0,0,0,0,0,0,0,0,0,0,0,0,0,0,0,0,0,0,0,0,0,0,0,0,0,0,0,0,0,0,0,0,0,0,0,0,0,0,0,0,0,0,0,0,0,0,0,0,0,0
0,0,0,0,0,0,0,0,0,0,0,0,0,0,0,0,0,0,0,0,0,0,0,0,0,0,0,0,0,0,0,0,0,0,0,0,0,0,0,0,0,0,0,0,0,0,0,0,0,0,0,0,0,0,0,0,0,0,0,0,0,0,0,0,0,0,0,0,0,0,0,0,0,0,0,0,0,0,0,0,0,0,0,0,0,0,0,0,0,0,0,0,0,0,0,0,0,0,0,0,0,0,0,0,0,0,0,0,0,0,0,0,0,0,0,0,0,0,0,0,0,0,0,0,0,0,0,0,0,0,0,0,0,0,0,0,0,0,0,0,0,0,0,0,0,0,0,0,0,0,0,0,0,0,0,0,0,0,0,0,0,0,0,0,0,0,0,0,0,0,0,0,0,0,0,0,0,0,0,0,0,0,0,0,0,0,0,0,0,0,0,0,0,0,0,0,0,0,0,0
0,0,0,0,0,0,0,0,0,0,0,0,0,0,0,0,0,0,0,0,0,0,0,0,0,0,0,0,0,0,0,0,0,0,0,0,0,0,0,0,0,0,0,0,0,0,0,0,0,0,0,0,0,0,0,0,0,0,0,0,0,0,0,0,0,0,0,0,0,0,0,0,0,0,0,0,0,0,0,0,0,0,0,0,0,0,0,0,0,0,0,0,0,0,0,0,0,0,0,0,0,0,0,0,0,0,0,0,0,0,0,0,0,0,0,0,0,0,0,0,0,0,0,0,0,0,0,0,0,0,0,0,0,0,0,0,0,0,0,0,0,0,0,0,0,0,0,0,0,0,0,0,0,0,0,0,0,0,0,0,0,0,0,0,0,0,0,0,0,0,0,0,0,0,0,0,0,0,0,0,0,0,0,0,0,0,0,0,0,0,0,0,0,0,0,0,0,0,0,0
0,0,0,0,0,0,0,0,0,0,0,0,0,0,0,0,0,0,0,0,0,0,0,0,0,0,0,0,0,0,0,0,0,0,0,0,0,0,0,0,0,0,0,0,0,0,0,0,0,0,0,0,0,0,0,0,0,0,0,0,0,0,0,0,0,0,0,0,0,0,0,0,0,0,0,0,0,0,0,0,0,0,0,0,0,0,0,0,0,0,0,0,0,0,0,0,0,0,0,0,0,0,0,0,0,0,0,0,0,0,0,0,0,0,0,0,0,0,0,0,0,0,0,0,0,0,0,0,0,0,0,0,0,0,0,0,0,0,0,0,0,0,0,0,0,0,0,0,0,0,0,0,0,0,0,0,0,0,0,0,0,0,0,0,0,0,0,0,0,0,0,0,0,0,0,0,0,0,0,0,0,0,0,0,0,0,0,0,0,0,0,0,0,0,0,0,0,0,0,0
0,0,0,0,0,0,0,0,0,0,0,0,0,0,0,0,0,0,0,0,0,0,0,0,0,0,0,0,0,0,0,0,0,0,0,0,0,0,0,0,0,0,0,0,0,0,0,0,0,0,0,0,0,0,0,0,0,0,0,0,0,0,0,0,0,0,0,0,0,0,0,0,0,0,0,0,0,0,0,0,0,0,0,0,0,0,0,0,0,0,0,0,0,0,0,0,0,0,0,0,0,0,0,0,0,0,0,0,0,0,0,0,0,0,0,0,0,0,0,0,0,0,0,0,0,0,0,0,0,0,0,0,0,0,0,0,0,0,0,0,0,0,0,0,0,0,0,0,0,0,0,0,0,0,0,0,0,0,0,0,0,0,0,0,0,0,0,0,0,0,0,0,0,0,0,0,0,0,0,0,0,0,0,0,0,0,0,0,0,0,0,0,0,0,0,0,0,0,0,0
0,0,0,0,0,0,0,0,0,0,0,0,0,0,0,0,0,0,0,0,0,0,0,0,0,0,0,0,0,0,0,0,0,0,0,0,0,0,0,0,0,0,0,0,0,0,0,0,0,0,0,0,0,0,0,0,0,0,0,0,0,0,0,0,0,0,0,0,0,0,0,0,0,0,0,0,0,0,0,0,0,0,0,0,0,0,0,0,0,0,0,0,0,0,0,0,0,0,0,0,0,0,0,0,0,0,0,0,0,0,0,0,0,0,0,0,0,0,0,0,0,0,0,0,0,0,0,0,0,0,0,0,0,0,0,0,0,0,0,0,0,0,0,0,0,0,0,0,0,0,0,0,0,0,0,0,0,0,0,0,0,0,0,0,0,0,0,0,0,0,0,0,0,0,0,0,0,0,0,0,0,0,0,0,0,0,0,0,0,0,0,0,0,0,0,0,0,0,0,0
0,0,0,0,0,0,0,0,0,0,0,0,0,0,0,0,0,0,0,0,0,0,0,0,0,0,0,0,0,0,0,0,0,0,0,0,0,0,0,0,0,0,0,0,0,0,0,0,0,0,0,0,0,0,0,0,0,0,0,0,0,0,0,0,0,0,0,0,0,0,0,0,0,0,0,0,0,0,0,0,0,0,0,0,0,0,0,0,0,0,0,0,0,0,0,0,0,0,0,0,0,0,0,0,0,0,0,0,0,0,0,0,0,0,0,0,0,0,0,0,0,0,0,0,0,0,0,0,0,0,0,0,0,0,0,0,0,0,0,0,0,0,0,0,0,0,0,0,0,0,0,0,0,0,0,0,0,0,0,0,0,0,0,0,0,0,0,0,0,0,0,0,0,0,0,0,0,0,0,0,0,0,0,0,0,0,0,0,0,0,0,0,0,0,0,0,0,0,0,0
0,0,0,0,0,0,0,0,0,0,0,0,0,0,0,0,0,0,0,0,0,0,0,0,0,0,0,0,0,0,0,0,0,0,0,0,0,0,0,0,0,0,0,0,0,0,0,0,0,0,0,0,0,0,0,0,0,0,0,0,0,0,0,0,0,0,0,0,0,0,0,0,0,0,0,0,0,0,0,0,0,0,0,0,0,0,0,0,0,0,0,0,0,0,0,0,0,0,0,0,0,0,0,0,0,0,0,0,0,0,0,0,0,0,0,0,0,0,0,0,0,0,0,0,0,0,0,0,0,0,0,0,0,0,0,0,0,0,0,0,0,0,0,0,0,0,0,0,0,0,0,0,0,0,0,0,0,0,0,0,0,0,0,0,0,0,0,0,0,0,0,0,0,0,0,0,0,0,0,0,0,0,0,0,0,0,0,0,0,0,0,0,0,0,0,0,0,0,0,0
0,0,0,0,0,0,0,0,0,0,0,0,0,0,0,0,0,0,0,0,0,0,0,0,0,0,0,0,0,0,0,0,0,0,0,0,0,0,0,0,0,0,0,0,0,0,0,0,0,0,0,0,0,0,0,0,0,0,0,0,0,0,0,0,0,0,0,0,0,0,0,0,0,0,0,0,0,0,0,0,0,0,0,0,0,0,0,0,0,0,0,0,0,0,0,0,0,0,0,0,0,0,0,0,0,0,0,0,0,0,0,0,0,0,0,0,0,0,0,0,0,0,0,0,0,0,0,0,0,0,0,0,0,0,0,0,0,0,0,0,0,0,0,0,0,0,0,0,0,0,0,0,0,0,0,0,0,0,0,0,0,0,0,0,0,0,0,0,0,0,0,0,0,0,0,0,0,0,0,0,0,0,0,0,0,0,0,0,0,0,0,0,0,0,0,0,0,0,0,0
0,0,0,0,0,0,0,0,0,0,0,0,0,0,0,0,0,0,0,0,0,0,0,0,0,0,0,0,0,0,0,0,0,0,0,0,0,0,0,0,0,0,0,0,0,0,0,0,0,0,0,0,0,0,0,0,0,0,0,0,0,0,0,0,0,0,0,0,0,0,0,0,0,0,0,0,0,0,0,0,0,0,0,0,0,0,0,0,0,0,0,0,0,0,0,0,0,0,0,0,0,0,0,0,0,0,0,0,0,0,0,0,0,0,0,0,0,0,0,0,0,0,0,0,0,0,0,0,0,0,0,0,0,0,0,0,0,0,0,0,0,0,0,0,0,0,0,0,0,0,0,0,0,0,0,0,0,0,0,0,0,0,0,0,0,0,0,0,0,0,0,0,0,0,0,0,0,0,0,0,0,0,0,0,0,0,0,0,0,0,0,0,0,0,0,0,0,0,0,0
0,0,0,0,0,0,0,0,0,0,0,0,0,0,0,0,0,0,0,0,0,0,0,0,0,0,0,0,0,0,0,0,0,0,0,0,0,0,0,0,0,0,0,0,0,0,0,0,0,0,0,0,0,0,0,0,0,0,0,0,0,0,0,0,0,0,0,0,0,0,0,0,0,0,0,0,0,0,0,0,0,0,0,0,0,0,0,0,0,0,0,0,0,0,0,0,0,0,0,0,0,0,0,0,0,0,0,0,0,0,0,0,0,0,0,0,0,0,0,0,0,0,0,0,0,0,0,0,0,0,0,0,0,0,0,0,0,0,0,0,0,0,0,0,0,0,0,0,0,0,0,0,0,0,0,0,0,0,0,0,0,0,0,0,0,0,0,0,0,0,0,0,0,0,0,0,0,0,0,0,0,0,0,0,0,0,0,0,0,0,0,0,0,0,0,0,0,0,0,0
0,0,0,0,0,0,0,0,0,0,0,0,0,0,0,0,0,0,0,0,0,0,0,0,0,0,0,0,0,0,0,0,0,0,0,0,0,0,0,0,0,0,0,0,0,0,0,0,0,0,0,0,0,0,0,0,0,0,0,0,0,0,0,0,0,0,0,0,0,0,0,0,0,0,0,0,0,0,0,0,0,0,0,0,0,0,0,0,0,0,0,0,0,0,0,0,0,0,0,0,0,0,0,0,0,0,0,0,0,0,0,0,0,0,0,0,0,0,0,0,0,0,0,0,0,0,0,0,0,0,0,0,0,0,0,0,0,0,0,0,0,0,0,0,0,0,0,0,0,0,0,0,0,0,0,0,0,0,0,0,0,0,0,0,0,0,0,0,0,0,0,0,0,0,0,0,0,0,0,0,0,0,0,0,0,0,0,0,0,0,0,0,0,0,0,0,0,0,0,0
0,0,0,0,0,0,0,0,0,0,0,0,0,0,0,0,0,0,0,0,0,0,0,0,0,0,0,0,0,0,0,0,0,0,0,0,0,0,0,0,0,0,0,0,0,0,0,0,0,0,0,0,0,0,0,0,0,0,0,0,0,0,0,0,0,0,0,0,0,0,0,0,0,0,0,0,0,0,0,0,0,0,0,0,0,0,0,0,0,0,0,0,0,0,0,0,0,0,0,0,0,0,0,0,0,0,0,0,0,0,0,0,0,0,0,0,0,0,0,0,0,0,0,0,0,0,0,0,0,0,0,0,0,0,0,0,0,0,0,0,0,0,0,0,0,0,0,0,0,0,0,0,0,0,0,0,0,0,0,0,0,0,0,0,0,0,0,0,0,0,0,0,0,0,0,0,0,0,0,0,0,0,0,0,0,0,0,0,0,0,0,0,0,0,0,0,0,0,0,0
0,0,0,0,0,0,0,0,0,0,0,0,0,0,0,0,0,0,0,0,0,0,0,0,0,0,0,0,0,0,0,0,0,0,0,0,0,0,0,0,0,0,0,0,0,0,0,0,0,0,0,0,0,0,0,0,0,0,0,0,0,0,0,0,0,0,0,0,0,0,0,0,0,0,0,0,0,0,0,0,0,0,0,0,0,0,0,0,0,0,0,0,0,0,0,0,0,0,0,0,0,0,0,0,0,0,0,0,0,0,0,0,0,0,0,0,0,0,0,0,0,0,0,0,0,0,0,0,0,0,0,0,0,0,0,0,0,0,0,0,0,0,0,0,0,0,0,0,0,0,0,0,0,0,0,0,0,0,0,0,0,0,0,0,0,0,0,0,0,0,0,0,0,0,0,0,0,0,0,0,0,0,0,0,0,0,0,0,0,0,0,0,0,0,0,0,0,0,0,0
0,0,0,0,0,0,0,0,0,0,0,0,0,0,0,0,0,0,0,0,0,0,0,0,0,0,0,0,0,0,0,0,0,0,0,0,0,0,0,0,0,0,0,0,0,0,0,0,0,0,0,0,0,0,0,0,0,0,0,0,0,0,0,0,0,0,0,0,0,0,0,0,0,0,0,0,0,0,0,0,0,0,0,0,0,0,0,0,0,0,0,0,0,0,0,0,0,0,0,0,0,0,0,0,0,0,0,0,0,0,0,0,0,0,0,0,0,0,0,0,0,0,0,0,0,0,0,0,0,0,0,0,0,0,0,0,0,0,0,0,0,0,0,0,0,0,0,0,0,0,0,0,0,0,0,0,0,0,0,0,0,0,0,0,0,0,0,0,0,0,0,0,0,0,0,0,0,0,0,0,0,0,0,0,0,0,0,0,0,0,0,0,0,0,0,0,0,0,0,0
0,0,0,0,0,0,0,0,0,0,0,0,0,0,0,0,0,0,0,0,0,0,0,0,0,0,0,0,0,0,0,0,0,0,0,0,0,0,0,0,0,0,0,0,0,0,0,0,0,0,0,0,0,0,0,0,0,0,0,0,0,0,0,0,0,0,0,0,0,0,0,0,0,0,0,0,0,0,0,0,0,0,0,0,0,0,0,0,0,0,0,0,0,0,0,0,0,0,0,0,0,0,0,0,0,0,0,0,0,0,0,0,0,0,0,0,0,0,0,0,0,0,0,0,0,0,0,0,0,0,0,0,0,0,0,0,0,0,0,0,0,0,0,0,0,0,0,0,0,0,0,0,0,0,0,0,0,0,0,0,0,0,0,0,0,0,0,0,0,0,0,0,0,0,0,0,0,0,0,0,0,0,0,0,0,0,0,0,0,0,0,0,0,0,0,0,0,0,0,0
0,0,0,0,0,0,0,0,0,0,0,0,0,0,0,0,0,0,0,0,0,0,0,0,0,0,0,0,0,0,0,0,0,0,0,0,0,0,0,0,0,0,0,0,0,0,0,0,0,0,0,0,0,0,0,0,0,0,0,0,0,0,0,0,0,0,0,0,0,0,0,0,0,0,0,0,0,0,0,0,0,0,0,0,0,0,0,0,0,0,0,0,0,0,0,0,0,0,0,0,0,0,0,0,0,0,0,0,0,0,0,0,0,0,0,0,0,0,0,0,0,0,0,0,0,0,0,0,0,0,0,0,0,0,0,0,0,0,0,0,0,0,0,0,0,0,0,0,0,0,0,0,0,0,0,0,0,0,0,0,0,0,0,0,0,0,0,0,0,0,0,0,0,0,0,0,0,0,0,0,0,0,0,0,0,0,0,0,0,0,0,0,0,0,0,0,0,0,0,0
0,0,0,0,0,0,0,0,0,0,0,0,0,0,0,0,0,0,0,0,0,0,0,0,0,0,0,0,0,0,0,0,0,0,0,0,0,0,0,0,0,0,0,0,0,0,0,0,0,0,0,0,0,0,0,0,0,0,0,0,0,0,0,0,0,0,0,0,0,0,0,0,0,0,0,0,0,0,0,0,0,0,0,0,0,0,0,0,0,0,0,0,0,0,0,0,0,0,0,0,0,0,0,0,0,0,0,0,0,0,0,0,0,0,0,0,0,0,0,0,0,0,0,0,0,0,0,0,0,0,0,0,0,0,0,0,0,0,0,0,0,0,0,0,0,0,0,0,0,0,0,0,0,0,0,0,0,0,0,0,0,0,0,0,0,0,0,0,0,0,0,0,0,0,0,0,0,0,0,0,0,0,0,0,0,0,0,0,0,0,0,0,0,0,0,0,0,0,0,0
0,0,0,0,0,0,0,0,0,0,0,0,0,0,0,0,0,0,0,0,0,0,0,0,0,0,0,0,0,0,0,0,0,0,0,0,0,0,0,0,0,0,0,0,0,0,0,0,0,0,0,0,0,0,0,0,0,0,0,0,0,0,0,0,0,0,0,0,0,0,0,0,0,0,0,0,0,0,0,0,0,0,0,0,0,0,0,0,0,0,0,0,0,0,0,0,0,0,0,0,0,0,0,0,0,0,0,0,0,0,0,0,0,0,0,0,0,0,0,0,0,0,0,0,0,0,0,0,0,0,0,0,0,0,0,0,0,0,0,0,0,0,0,0,0,0,0,0,0,0,0,0,0,0,0,0,0,0,0,0,0,0,0,0,0,0,0,0,0,0,0,0,0,0,0,0,0,0,0,0,0,0,0,0,0,0,0,0,0,0,0,0,0,0,0,0,0,0,0,0
0,0,0,0,0,0,0,0,0,0,0,0,0,0,0,0,0,0,0,0,0,0,0,0,0,0,0,0,0,0,0,0,0,0,0,0,0,0,0,0,0,0,0,0,0,0,0,0,0,0,0,0,0,0,0,0,0,0,0,0,0,0,0,0,0,0,0,0,0,0,0,0,0,0,0,0,0,0,0,0,0,0,0,0,0.00939726185304001,0.0186638310605655,0.0273759754884796,0,0.0221024962932151,0.060050545316254,0.0273759754884797,0.0361559146998581,0.0422394859783008,0,0,0,0,0,0,0,0,0,0,0,0,0,0,0,0.0422394859783042,0.0361559146998564,0.0273759754884835,0.0600505453162527,0.0221024962932172,0,0.0273759754884835,0.0186638310605625,0.00939726185304018,0,0,0,0,0,0,0,0,0,0,0,0,0,0,0,0,0,0,0,0,0,0,0,0,0,0,0,0,0,0,0,0,0,0,0,0,0,0,0,0,0,0,0,0,0,0,0,0,0,0,0,0,0,0,0,0,0,0,0,0,0,0,0,0,0,0,0,0,0,0,0,0,0,0,0,0,0,0,0,0,0,0,0
0,0,0,0,0,0,0,0,0,0,0,0,0,0,0,0,0,0,0,0,0,0,0,0,0,0,0,0,0,0,0,0,0,0,0,0,0,0,0,0,0,0,0,0,0,0,0,0,0,0,0,0,0,0,0,0,0,0,0,0,0,0,0,0,0,0,0,0,0,0,0,0,0,0,0,0,0,0,0,0,0,0,0.00120299108578561,0,0.104227769031446,0.108778758616584,0.136046092343328,0.159215579622385,0.148558146808958,0.148782570448022,0.154551461887138,0.250280074154804,0.327596036277108,0.264142966314112,0.0432668615849455,0,0,0,0,0,0,0,0,0,0,0,0.043266861584965,0.264142966314127,0.327596036277104,0.250280074154803,0.154551461887136,0.148782570448018,0.148558146808965,0.159215579622382,0.136046092343331,0.108778758616583,0.104227769031441,0,0.00120299108578571,0,0,0,0,0,0,0,0,0,0,0,0,0,0,0,0,0,0,0,0,0,0,0,0,0,0,0,0,0,0,0,0,0,0,0,0,0,0,0,0,0,0,0,0,0,0,0,0,0,0,0,0,0,0,0,0,0,0,0,0,0,0,0,0,0,0,0,0,0,0,0,0,0,0,0,0,0,0,0,0,0
0,0,0,0,0,0,0,0,0,0,0,0,0,0,0,0,0,0,0,0,0,0,0,0,0,0,0,0,0,0,0,0,0,0,0,0,0,0,0,0,0,0,0,0,0,0,0,0,0,0,0,0,0,0,0,0,0,0,0,0,0,0,0,0,0,0,0,0,0,0,0,0,0,0,0,0,0,0,0,0.000736579312261811,0,0.0417734847378058,0.0720363544065483,0.141797419287039,0.204513088871712,0.275719543505483,0.36905667383674,0.415645597710965,0.454469290406451,0.38273782199643,0.429084757736185,0.45424221304018,0.490216383740411,0.4944,0.471429821215972,0.224229821215972,0,0,0,0,0,0,0,0,0,0.224229821215989,0.471429821215989,0.4944,0.490216383740413,0.454242213040179,0.429084757736186,0.382737821996431,0.454469290406459,0.415645597710962,0.369056673836741,0.27571954350548,0.204513088871704,0.141797419287037,0.0720363544065461,0.0417734847378072,0,0.000736579312259482,0,0,0,0,0,0,0,0,0,0,0,0,0,0,0,0,0,0,0,0,0,0,0,0,0,0,0,0,0,0,0,0,0,0,0,0,0,0,0,0,0,0,0,0,0,0,0,0,0,0,0,0,0,0,0,0,0,0,0,0,0,0,0,0,0,0,0,0,0,0,0,0,0,0,0,0,0,0
0,0,0,0,0,0,0,0,0,0,0,0,0,0,0,0,0,0,0,0,0,0,0,0,0,0,0,0,0,0,0,0,0,0,0,0,0,0,0,0,0,0,0,0,0,0,0,0,0,0,0,0,0,0,0,0,0,0,0,0,0,0,0,0,0,0,0,0,0,0,0,0,0,0,0.0185388564025089,0.0436223884025545,0.0926942820125403,0.0394981952117494,0.0655515124108216,0.123190357568044,0.186571747421272,0.253522905685696,0.34242299564798,0.405571179614448,0.449230529668976,0.469950944603998,0.484928814843012,0.457282261282764,0.424237664402229,0.4944,0.4944,0.4944,0.4944,0.4944,0.4944,0.4944,0.405192780846999,0.157992780846999,0,0,0,0,0,0.157992780847013,0.405192780847013,0.4944,0.4944,0.4944,0.4944,0.4944,0.4944,0.4944,0.424237664402224,0.457282261282768,0.484928814843012,0.469950944603995,0.449230529668974,0.405571179614444,0.342422995647985,0.253522905685695,0.186571747421269,0.123190357568043,0.0655515124108206,0.0394981952117533,0.0926942820125419,0.0436223884025569,0.0185388564025061,0,0,0,0,0,0,0,0,0,0,0,0,0,0,0,0,0,0,0,0,0,0,0,0,0,0,0,0,0,0,0,0,0,0,0,0,0,0,0,0,0,0,0,0,0,0,0,0,0,0,0,0,0,0,0,0,0,0,0,0,0,0,0,0,0,0,0,0,0,0,0,0,0
0,0,0,0,0,0,0,0,0,0,0,0,0,0,0,0,0,0,0,0,0,0,0,0,0,0,0,0,0,0,0,0,0,0,0,0,0,0,0,0,0,0,0,0,0,0,0,0,0,0,0,0,0,0,0,0,0,0,0,0,0,0,0,0,0,0,0,0,0,0,0,0.00194835264575086,0,0.018740818624755,0.0844203699538798,0.148788698968507,0.193944079597399,0.232515169249559,0.316978218842871,0.395061593408919,0.435907972587136,0.468750607245427,0.479291437115468,0.4944,0.4944,0.4944,0.4944,0.4944,0.486914129140737,0.4944,0.4944,0.4944,0.4944,0.4944,0.4944,0.4944,0.4944,0.4944,0.338955740478026,0.091755740478026,0,0.0917557404780304,0.338955740478044,0.4944,0.4944,0.4944,0.4944,0.4944,0.4944,0.4944,0.4944,0.4944,0.486914129140736,0.4944,0.4944,0.4944,0.4944,0.4944,0.479291437115468,0.468750607245425,0.435907972587135,0.39506159340892,0.316978218842874,0.23251516924956,0.193944079597396,0.148788698968511,0.0844203699538754,0.0187408186247588,0,0.00194835264575049,0,0,0,0,0,0,0,0,0,0,0,0,0,0,0,0,0,0,0,0,0,0,0,0,0,0,0,0,0,0,0,0,0,0,0,0,0,0,0,0,0,0,0,0,0,0,0,0,0,0,0,0,0,0,0,0,0,0,0,0,0,0,0,0,0,0,0,0,0,0
0,0,0,0,0,0,0,0,0,0,0,0,0,0,0,0,0,0,0,0,0,0,0,0,0,0,0,0,0,0,0,0,0,0,0,0,0,0,0,0,0,0,0,0,0,0,0,0,0,0,0,0,0,0,0,0,0,0,0,0,0,0,0,0,0,0,0,0,0,0,0,0.0722981502306108,0.0931721297609843,0.203981536041943,0.292722343421411,0.382927937710729,0.423774316888947,0.468739171270508,0.474842960771576,0.4944,0.4944,0.4944,0.4944,0.4944,0.4944,0.4944,0.4944,0.4944,0.4944,0.4944,0.4944,0.4944,0.4944,0.4944,0.4944,0.4944,0.4944,0.4944,0.4944,0.4944,0.0819047344254785,0.4944,0.4944,0.4944,0.4944,0.4944,0.4944,0.4944,0.4944,0.4944,0.4944,0.4944,0.4944,0.4944,0.4944,0.4944,0.4944,0.4944,0.4944,0.4944,0.4944,0.4944,0.474842960771575,0.468739171270505,0.423774316888946,0.38292793771073,0.292722343421413,0.203981536041939,0.0931721297609848,0.0722981502306064,0,0,0,0,0,0,0,0,0,0,0,0,0,0,0,0,0,0,0,0,0,0,0,0,0,0,0,0,0,0,0,0,0,0,0,0,0,0,0,0,0,0,0,0,0,0,0,0,0,0,0,0,0,0,0,0,0,0,0,0,0,0,0,0,0,0,0,0,0,0
0,0,0,0,0,0,0,0,0,0,0,0,0,0,0,0,0,0,0,0,0,0,0,0,0,0,0,0,0,0,0,0,0,0,0,0,0,0,0,0,0,0,0,0,0,0,0,0,0,0,0,0,0,0,0,0,0,0,0,0,0,0,0,0,0,0,0,0,0,0.0400244405870896,0.0899781063900142,0.142867064000098,0.221778095144727,0.418222298440271,0.436325986733768,0.489809395035671,0.4944,0.4944,0.4944,0.4944,0.4944,0.4944,0.4944,0.4944,0.4944,0.4944,0.4944,0.4944,0.4944,0.4944,0.4944,0.4944,0.4944,0.4944,0.4944,0.4944,0.4944,0.4944,0.4944,0.329444529408818,0,0.329444529408835,0.4944,0.4944,0.4944,0.4944,0.4944,0.4944,0.4944,0.4944,0.4944,0.4944,0.4944,0.4944,0.4944,0.4944,0.4944,0.4944,0.4944,0.4944,0.4944,0.4944,0.4944,0.4944,0.4944,0.489809395035672,0.436325986733766,0.418222298440267,0.221778095144734,0.142867064000091,0.0899781063900153,0.0400244405870886,0,0,0,0,0,0,0,0,0,0,0,0,0,0,0,0,0,0,0,0,0,0,0,0,0,0,0,0,0,0,0,0,0,0,0,0,0,0,0,0,0,0,0,0,0,0,0,0,0,0,0,0,0,0,0,0,0,0,0,0,0,0,0,0,0,0,0,0
0,0,0,0,0,0,0,0,0,0,0,0,0,0,0,0,0,0,0,0,0,0,0,0,0,0,0,0,0,0,0,0,0,0,0,0,0,0,0,0,0,0,0,0,0,0,0,0,0,0,0,0,0,0,0,0,0,0,0,0,0,0,0,0,0,0,0,0,0,0.270639654817792,0.346231277400371,0.405260986163493,0.44578880017608,0.485924125719089,0.422064888117417,0.4944,0.4944,0.4944,0.4944,0.4944,0.4944,0.4944,0.4944,0.4944,0.4944,0.4944,0.4944,0.4944,0.4944,0.4944,0.4944,0.4944,0.4944,0.4944,0.4944,0.4944,0.4944,0.4944,0.4944,0.405236882614561,0.0421192177126093,0.405236882614568,0.4944,0.4944,0.4944,0.4944,0.4944,0.4944,0.4944,0.4944,0.4944,0.4944,0.4944,0.4944,0.4944,0.4944,0.4944,0.4944,0.4944,0.4944,0.4944,0.4944,0.4944,0.4944,0.4944,0.4944,0.422064888117417,0.485924125719091,0.445788800176079,0.405260986163495,0.346231277400373,0.270639654817791,0,0,0,0,0,0,0,0,0,0,0,0,0,0,0,0,0,0,0,0,0,0,0,0,0,0,0,0,0,0,0,0,0,0,0,0,0,0,0,0,0,0,0,0,0,0,0,0,0,0,0,0,0,0,0,0,0,0,0,0,0,0,0,0,0,0,0,0
0,0,0,0,0,0,0,0,0,0,0,0,0,0,0,0,0,0,0,0,0,0,0,0,0,0,0,0,0,0,0,0,0,0,0,0,0,0,0,0,0,0,0,0,0,0,0,0,0,0,0,0,0,0,0,0,0,0,0,0,0,0,0,0,0,0,0,0,0.240703722029364,0.4663811761928,0.4944,0.4944,0.4944,0.4944,0.4944,0.4944,0.4944,0.4944,0.4944,0.4944,0.4944,0.4944,0.4944,0.4944,0.4944,0.4944,0.4944,0.4944,0.4944,0.4944,0.4944,0.4944,0.4944,0.4944,0.4944,0.4944,0.4944,0.4944,0.4944,0.436614730363007,0.0592302488572406,0.436614730363014,0.4944,0.4944,0.4944,0.4944,0.4944,0.4944,0.4944,0.4944,0.4944,0.4944,0.4944,0.4944,0.4944,0.4944,0.4944,0.4944,0.4944,0.4944,0.4944,0.4944,0.4944,0.4944,0.4944,0.4944,0.4944,0.4944,0.4944,0.4944,0.4944,0.466381176192801,0.240703722029346,0,0,0,0,0,0,0,0,0,0,0,0,0,0,0,0,0,0,0,0,0,0,0,0,0,0,0,0,0,0,0,0,0,0,0,0,0,0,0,0,0,0,0,0,0,0,0,0,0,0,0,0,0,0,0,0,0,0,0,0,0,0,0,0,0,0,0
0,0,0,0,0,0,0,0,0,0,0,0,0,0,0,0,0,0,0,0,0,0,0,0,0,0,0,0,0,0,0,0,0,0,0,0,0,0,0,0,0,0,0,0,0,0,0,0,0,0,0,0,0,0,0,0,0,0,0,0,0,0,0,0,0,0,0,0.0597407623983326,0.487903722029364,0.4944,0.4944,0.4944,0.4944,0.4944,0.4944,0.4944,0.4944,0.4944,0.4944,0.4944,0.4944,0.4944,0.4944,0.4944,0.4944,0.4944,0.4944,0.4944,0.4944,0.4944,0.4944,0.4944,0.4944,0.4944,0.4944,0.4944,0.4944,0.4944,0.4944,0.4944,0.148481569777811,0.4944,0.4944,0.4944,0.4944,0.4944,0.4944,0.4944,0.4944,0.4944,0.4944,0.4944,0.4944,0.4944,0.4944,0.4944,0.4944,0.4944,0.4944,0.4944,0.4944,0.4944,0.4944,0.4944,0.4944,0.4944,0.4944,0.4944,0.4944,0.4944,0.4944,0.4944,0.487903722029346,0.059740762398322,0,0,0,0,0,0,0,0,0,0,0,0,0,0,0,0,0,0,0,0,0,0,0,0,0,0,0,0,0,0,0,0,0,0,0,0,0,0,0,0,0,0,0,0,0,0,0,0,0,0,0,0,0,0,0,0,0,0,0,0,0,0,0,0,0,0
0,0,0,0,0,0,0,0,0,0,0,0,0,0,0,0,0,0,0,0,0,0,0,0,0,0,0,0,0,0,0,0,0,0,0,0,0,0,0,0,0,0,0,0,0,0,0,0,0,0,0,0,0,0,0,0,0,0,0,0,0,0,0,0,0,0,0,0.306940762398333,0.4944,0.4944,0.4944,0.4944,0.4944,0.4944,0.4944,0.4944,0.4944,0.4944,0.4944,0.4944,0.4944,0.4944,0.4944,0.4944,0.4944,0.4944,0.4944,0.4944,0.4944,0.4944,0.4944,0.4944,0.4944,0.4944,0.4944,0.4944,0.4944,0.4944,0.4944,0.392415045231004,0,0.392415045231014,0.4944,0.4944,0.4944,0.4944,0.4944,0.4944,0.4944,0.4944,0.4944,0.4944,0.4944,0.4944,0.4944,0.4944,0.4944,0.4944,0.4944,0.4944,0.4944,0.4944,0.4944,0.4944,0.4944,0.4944,0.4944,0.4944,0.4944,0.4944,0.4944,0.4944,0.4944,0.306940762398322,0,0,0,0,0,0,0,0,0,0,0,0,0,0,0,0,0,0,0,0,0,0,0,0,0,0,0,0,0,0,0,0,0,0,0,0,0,0,0,0,0,0,0,0,0,0,0,0,0,0,0,0,0,0,0,0,0,0,0,0,0,0,0,0,0,0
0,0,0,0,0,0,0,0,0,0,0,0,0,0,0,0,0,0,0,0,0,0,0,0,0,0,0,0,0,0,0,0,0,0,0,0,0,0,0,0,0,0,0,0,0,0,0,0,0,0,0,0,0,0,0,0,0,0,0,0,0,0,0,0,0,0,0.125977802767308,0.4944,0.4944,0.4944,0.4944,0.4944,0.4944,0.4944,0.4944,0.4944,0.4944,0.4944,0.4944,0.4944,0.4944,0.4944,0.4944,0.4944,0.4944,0.4944,0.4944,0.4944,0.4944,0.4944,0.4944,0.4944,0.4944,0.4944,0.4944,0.4944,0.4944,0.497511317819318,0.4944,0.4944,0.11102975406468,0.4944,0.4944,0.497511317819318,0.4944,0.4944,0.4944,0.4944,0.4944,0.4944,0.4944,0.4944,0.4944,0.4944,0.4944,0.4944,0.4944,0.4944,0.4944,0.4944,0.4944,0.4944,0.4944,0.4944,0.4944,0.4944,0.4944,0.4944,0.4944,0.4944,0.4944,0.4944,0.4944,0.4944,0.125977802767298,0,0,0,0,0,0,0,0,0,0,0,0,0,0,0,0,0,0,0,0,0,0,0,0,0,0,0,0,0,0,0,0,0,0,0,0,0,0,0,0,0,0,0,0,0,0,0,0,0,0,0,0,0,0,0,0,0,0,0,0,0,0,0,0,0
0,0,0,0,0,0,0,0,0,0,0,0,0,0,0,0,0,0,0,0,0,0,0,0,0,0,0,0,0,0,0,0,0,0,0,0,0,0,0,0,0,0,0,0,0,0,0,0,0,0,0,0,0,0,0,0,0,0,0,0,0,0,0,0,0,0,0.373177802767308,0.4944,0.4944,0.4944,0.4944,0.4944,0.4944,0.4944,0.4944,0.4944,0.4944,0.4944,0.4944,0.4944,0.4944,0.4944,0.4944,0.4944,0.4944,0.4944,0.4944,0.4944,0.4944,0.4944,0.4944,0.511507556351361,0.514995029743937,0.523994811825283,0.570329685274398,0.511433310793925,0.606008062389217,0.582018080068411,0.57887555941291,0.365694014087735,0,0.36569401408775,0.578875559412913,0.582018080068411,0.606008062389217,0.511433310793929,0.5703296852744,0.523994811825283,0.514995029743935,0.511507556351362,0.4944,0.4944,0.4944,0.4944,0.4944,0.4944,0.4944,0.4944,0.4944,0.4944,0.4944,0.4944,0.4944,0.4944,0.4944,0.4944,0.4944,0.4944,0.4944,0.4944,0.4944,0.4944,0.4944,0.4944,0.373177802767298,0,0,0,0,0,0,0,0,0,0,0,0,0,0,0,0,0,0,0,0,0,0,0,0,0,0,0,0,0,0,0,0,0,0,0,0,0,0,0,0,0,0,0,0,0,0,0,0,0,0,0,0,0,0,0,0,0,0,0,0,0,0,0,0,0
0,0,0,0,0,0,0,0,0,0,0,0,0,0,0,0,0,0,0,0,0,0,0,0,0,0,0,0,0,0,0,0,0,0,0,0,0,0,0,0,0,0,0,0,0,0,0,0,0,0,0,0,0,0,0,0,0,0,0,0,0,0,0,0,0,0.192214843136284,0.4944,0.4944,0.4944,0.4944,0.4944,0.4944,0.4944,0.4944,0.4944,0.4944,0.4944,0.4944,0.4944,0.4944,0.4944,0.4944,0.4944,0.4944,0.4944,0.4944,0.528519549048024,0.547849100377147,0.558130027044548,0.520495787729316,0.575703450878729,0.823363206867111,0.641517988116669,0.635834663501978,0.640252224137589,0.646743752220343,0.685219230194268,0.647456072426869,0.647494733247941,0.636582332712838,0.0933783693446063,0.636582332712834,0.647494733247941,0.64745607242687,0.685219230194268,0.646743752220344,0.640252224137589,0.635834663501978,0.641517988116671,0.823363206867101,0.575703450878724,0.520495787729311,0.558130027044548,0.547849100377143,0.528519549048023,0.4944,0.4944,0.4944,0.4944,0.4944,0.4944,0.4944,0.4944,0.4944,0.4944,0.4944,0.4944,0.4944,0.4944,0.4944,0.4944,0.4944,0.4944,0.4944,0.4944,0.192214843136267,0,0,0,0,0,0,0,0,0,0,0,0,0,0,0,0,0,0,0,0,0,0,0,0,0,0,0,0,0,0,0,0,0,0,0,0,0,0,0,0,0,0,0,0,0,0,0,0,0,0,0,0,0,0,0,0,0,0,0,0,0,0,0,0
0,0,0,0,0,0,0,0,0,0,0,0,0,0,0,0,0,0,0,0,0,0,0,0,0,0,0,0,0,0,0,0,0,0,0,0,0,0,0,0,0,0,0,0,0,0,0,0,0,0,0,0,0,0,0,0,0,0,0,0,0,0,0,0,0.0112518835052496,0.439414843136284,0.4944,0.4944,0.4944,0.4944,0.4944,0.4944,0.4944,0.4944,0.4944,0.4944,0.4944,0.4944,0.4944,0.4944,0.4944,0.4944,0.546654481006035,0.544293832201114,0.596216586295214,0.690910580488408,0.62985340630971,0.640769250416069,0.644219666345132,0.640266505728416,0.648,0.667907294729035,0.648,0.648,0.648,0.648,0.648,0.648,0.648,0.431796227865926,0,0.431796227865949,0.648,0.648,0.648,0.648,0.648,0.648,0.648,0.667907294729035,0.648,0.640266505728416,0.644219666345132,0.640769250416068,0.62985340630971,0.690910580488412,0.596216586295207,0.54429383220111,0.546654481006035,0.4944,0.4944,0.4944,0.4944,0.4944,0.4944,0.4944,0.4944,0.4944,0.4944,0.4944,0.4944,0.4944,0.4944,0.4944,0.4944,0.439414843136267,0.0112518835052426,0,0,0,0,0,0,0,0,0,0,0,0,0,0,0,0,0,0,0,0,0,0,0,0,0,0,0,0,0,0,0,0,0,0,0,0,0,0,0,0,0,0,0,0,0,0,0,0,0,0,0,0,0,0,0,0,0,0,0,0,0,0,0
0,0,0,0,0,0,0,0,0,0,0,0,0,0,0,0,0,0,0,0,0,0,0,0,0,0,0,0,0,0,0,0,0,0,0,0,0,0,0,0,0,0,0,0,0,0,0,0,0,0,0,0,0,0,0,0,0,0,0,0,0,0,0,0,0.25845188350525,0.4944,0.4944,0.4944,0.4944,0.4944,0.4944,0.4944,0.4944,0.4944,0.4944,0.4944,0.4944,0.4944,0.4944,0.539549662641431,0.55993266440976,0.605087288337588,0.713564722425738,0.640062015606207,0.644294212265207,0.655840103624218,0.648,0.648,0.648,0.648,0.648,0.648,0.648,0.648,0.648,0.648,0.648,0.648,0.648,0.492350834099495,0.0412323037500663,0.492350834099501,0.648,0.648,0.648,0.648,0.648,0.648,0.648,0.648,0.648,0.648,0.648,0.648,0.648,0.655840103624218,0.644294212265206,0.640062015606208,0.713564722425739,0.605087288337586,0.559932664409758,0.539549662641428,0.4944,0.4944,0.4944,0.4944,0.4944,0.4944,0.4944,0.4944,0.4944,0.4944,0.4944,0.4944,0.4944,0.4944,0.258451883505243,0,0,0,0,0,0,0,0,0,0,0,0,0,0,0,0,0,0,0,0,0,0,0,0,0,0,0,0,0,0,0,0,0,0,0,0,0,0,0,0,0,0,0,0,0,0,0,0,0,0,0,0,0,0,0,0,0,0,0,0,0,0,0
0,0,0,0,0,0,0,0,0,0,0,0,0,0,0,0,0,0,0,0,0,0,0,0,0,0,0,0,0,0,0,0,0,0,0,0,0,0,0,0,0,0,0,0,0,0,0,0,0,0,0,0,0,0,0,0,0,0,0,0,0,0,0,0.0774889238742255,0.4944,0.4944,0.4944,0.4944,0.4944,0.4944,0.4944,0.4944,0.4944,0.4944,0.4944,0.4944,0.506388462817507,0.519350762396959,0.527201248080204,0.635503238342412,0.644657326482285,0.6447733089455,0.648,0.648,0.648,0.648,0.648,0.648,0.648,0.648,0.648,0.648,0.65142567399488,0.648,0.648,0.648,0.657282162776635,0.648,0.648,0.587975059023007,0.0504965375186413,0.587975059023012,0.648,0.648,0.657282162776637,0.648,0.648,0.648,0.65142567399488,0.648,0.648,0.648,0.648,0.648,0.648,0.648,0.648,0.648,0.648,0.644773308945499,0.644657326482284,0.635503238342412,0.527201248080202,0.519350762396957,0.506388462817509,0.4944,0.4944,0.4944,0.4944,0.4944,0.4944,0.4944,0.4944,0.4944,0.4944,0.4944,0.4944,0.077488923874222,0,0,0,0,0,0,0,0,0,0,0,0,0,0,0,0,0,0,0,0,0,0,0,0,0,0,0,0,0,0,0,0,0,0,0,0,0,0,0,0,0,0,0,0,0,0,0,0,0,0,0,0,0,0,0,0,0,0,0,0,0,0
0,0,0,0,0,0,0,0,0,0,0,0,0,0,0,0,0,0,0,0,0,0,0,0,0,0,0,0,0,0,0,0,0,0,0,0,0,0,0,0,0,0,0,0,0,0,0,0,0,0,0,0,0,0,0,0,0,0,0,0,0,0,0,0.324688923874225,0.4944,0.4944,0.4944,0.4944,0.4944,0.4944,0.4944,0.4944,0.4944,0.511792634658291,0.515751827278821,0.560033004043951,0.814677409182304,0.650409261376558,0.644960300633737,0.648,0.648,0.648,0.648,0.648,0.648,0.648,0.648,0.648,0.648,0.648,0.648,0.648,0.765969403710957,0.765760635277168,0.648,0.787594327538623,0.836937546253474,0.82105561830928,0.648,0.962906524340017,0.229622505461456,0.962906524339999,0.648,0.821055618309276,0.836937546253472,0.78759432753861,0.648,0.76576063527717,0.765969403710952,0.648,0.648,0.648,0.648,0.648,0.648,0.648,0.648,0.648,0.648,0.648,0.648,0.648,0.644960300633737,0.65040926137656,0.814677409182299,0.560033004043945,0.515751827278818,0.511792634658291,0.4944,0.4944,0.4944,0.4944,0.4944,0.4944,0.4944,0.4944,0.4944,0.324688923874222,0,0,0,0,0,0,0,0,0,0,0,0,0,0,0,0,0,0,0,0,0,0,0,0,0,0,0,0,0,0,0,0,0,0,0,0,0,0,0,0,0,0,0,0,0,0,0,0,0,0,0,0,0,0,0,0,0,0,0,0,0,0
0,0,0,0,0,0,0,0,0,0,0,0,0,0,0,0,0,0,0,0,0,0,0,0,0,0,0,0,0,0,0,0,0,0,0,0,0,0,0,0,0,0,0,0,0,0,0,0,0,0,0,0,0,0,0,0,0,0,0,0,0,0,0.143725964243194,0.4944,0.4944,0.4944,0.4944,0.4944,0.4944,0.4944,0.4944,0.500907713945566,0.4944,0.602976282098801,0.627149841428191,0.638664354751589,0.672146052352946,0.648,0.648,0.648,0.648,0.648,0.648,0.648,0.648,0.669017623688898,0.657882506543091,0.69526596893546,0.648,0.78324766267702,0.931111364776222,0.995958310769953,1.06769755518754,1.35546045522664,1.4375487260158,1.51273318766812,1.61234194184161,1.66310211097275,1.73828657262507,1.3323883148296,0,1.3323883148296,1.73828657262505,1.66310211097275,1.61234194184162,1.51273318766812,1.4375487260158,1.35546045522663,1.06769755518751,0.99595831076994,0.931111364776205,0.783247662677018,0.648,0.69526596893546,0.657882506543086,0.669017623688894,0.648,0.648,0.648,0.648,0.648,0.648,0.648,0.648,0.672146052352945,0.638664354751588,0.62714984142819,0.602976282098799,0.4944,0.500907713945564,0.4944,0.4944,0.4944,0.4944,0.4944,0.4944,0.4944,0.4944,0.143725964243191,0,0,0,0,0,0,0,0,0,0,0,0,0,0,0,0,0,0,0,0,0,0,0,0,0,0,0,0,0,0,0,0,0,0,0,0,0,0,0,0,0,0,0,0,0,0,0,0,0,0,0,0,0,0,0,0,0,0,0,0,0
0,0,0,0,0,0,0,0,0,0,0,0,0,0,0,0,0,0,0,0,0,0,0,0,0,0,0,0,0,0,0,0,0,0,0,0,0,0,0,0,0,0,0,0,0,0,0,0,0,0,0,0,0,0,0,0,0,0,0,0,0,0,0.390925964243194,0.4944,0.4944,0.4944,0.4944,0.4944,0.4944,0.4944,0.554465045551417,0.638389515742103,0.655412051471176,0.648,0.648,0.648,0.648,0.648,0.648,0.648,0.648,0.648,0.66017895931474,0.675858537120189,0.832687771159188,0.975265350444751,1.14922055242654,1.28486140466804,1.47055956201167,1.59224638517399,1.96770672794775,2.09720684040062,2.22297909884365,2.33150547815057,2.38353966507862,2.42392323207145,2.37357873585355,2.64275855489932,2.58617804335728,2.62362386337793,0.5262077550985,2.62362386337791,2.58617804335727,2.64275855489932,2.37357873585354,2.42392323207144,2.38353966507861,2.33150547815056,2.22297909884364,2.0972068404006,1.96770672794775,1.59224638517396,1.47055956201164,1.28486140466801,1.14922055242651,0.975265350444739,0.832687771159181,0.675858537120189,0.660178959314736,0.648,0.648,0.648,0.648,0.648,0.648,0.648,0.648,0.648,0.655412051471177,0.638389515742095,0.554465045551417,0.4944,0.4944,0.4944,0.4944,0.4944,0.4944,0.4944,0.390925964243191,0,0,0,0,0,0,0,0,0,0,0,0,0,0,0,0,0,0,0,0,0,0,0,0,0,0,0,0,0,0,0,0,0,0,0,0,0,0,0,0,0,0,0,0,0,0,0,0,0,0,0,0,0,0,0,0,0,0,0,0,0
0,0,0,0,0,0,0,0,0,0,0,0,0,0,0,0,0,0,0,0,0,0,0,0,0,0,0,0,0,0,0,0,0,0,0,0,0,0,0,0,0,0,0,0,0,0,0,0,0,0,0,0,0,0,0,0,0,0,0,0,0,0.20996300461217,0.4944,0.4944,0.4944,0.4944,0.4944,0.4944,0.527015146758989,0.551962264845442,0.637267757501364,0.648,0.650102220577654,0.648,0.648,0.648,0.648,0.649912371888565,0.648,0.648357581270908,0.648,0.668279439721056,1.01535129176334,1.22408892131929,1.51551061109016,1.74355021208995,1.92662779137551,2.10430736918096,2.3466810638796,2.4559017366114,2.6257185040881,2.64874298740126,2.83542101505373,2.83842675014943,3.01793278271187,3.04431147371024,2.95495324190919,3.05450767098128,3.08680226828078,2.1009646335765,0,2.10096463357659,3.08680226828078,3.05450767098126,2.9549532419092,3.04431147371023,3.01793278271187,2.83842675014942,2.83542101505372,2.64874298740125,2.62571850408809,2.45590173661138,2.34668106387959,2.10430736918094,1.92662779137549,1.74355021208993,1.51551061109014,1.22408892131926,1.01535129176331,0.668279439721058,0.648,0.648357581270907,0.648,0.649912371888566,0.648,0.648,0.648,0.648,0.650102220577655,0.648,0.637267757501364,0.55196226484544,0.527015146758988,0.4944,0.4944,0.4944,0.4944,0.4944,0.4944,0.209963004612167,0,0,0,0,0,0,0,0,0,0,0,0,0,0,0,0,0,0,0,0,0,0,0,0,0,0,0,0,0,0,0,0,0,0,0,0,0,0,0,0,0,0,0,0,0,0,0,0,0,0,0,0,0,0,0,0,0,0,0,0
0,0,0,0,0,0,0,0,0,0,0,0,0,0,0,0,0,0,0,0,0,0,0,0,0,0,0,0,0,0,0,0,0,0,0,0,0,0,0,0,0,0,0,0,0,0,0,0,0,0,0,0,0,0,0,0,0,0,0,0,0.0290000449811461,0.45716300461217,0.4944,0.4944,0.4944,0.4944,0.507250427320856,0.51262681219086,0.628455750299345,0.641914103369546,0.648,0.648,0.648,0.648,0.648,0.648,0.648,0.762897832800826,0.714099556596454,0.949930501615324,1.20822252035153,1.43865600196756,1.87970093662564,2.04955973069095,2.28386586289049,2.5103512113499,2.66714752748167,2.8505457538675,2.96546954820323,3.06655574646694,3.14787987175336,3.19206329714295,3.19616773758628,3.2237955610012,3.24,3.23060595855689,3.24,3.24,3.24,2.98908684220102,0.397029365900438,2.98908684220098,3.24,3.24,3.24,3.23060595855689,3.24,3.2237955610012,3.19616773758627,3.19206329714294,3.14787987175336,3.06655574646693,2.96546954820322,2.85054575386748,2.66714752748165,2.51035121134987,2.28386586289047,2.04955973069093,1.87970093662562,1.43865600196753,1.20822252035151,0.949930501615303,0.714099556596454,0.762897832800823,0.648,0.648,0.648,0.648,0.648,0.648,0.648,0.641914103369546,0.628455750299341,0.512626812190857,0.507250427320856,0.4944,0.4944,0.4944,0.4944,0.457163004612167,0.0290000449811426,0,0,0,0,0,0,0,0,0,0,0,0,0,0,0,0,0,0,0,0,0,0,0,0,0,0,0,0,0,0,0,0,0,0,0,0,0,0,0,0,0,0,0,0,0,0,0,0,0,0,0,0,0,0,0,0,0,0,0
0,0,0,0,0,0,0,0,0,0,0,0,0,0,0,0,0,0,0,0,0,0,0,0,0,0,0,0,0,0,0,0,0,0,0,0,0,0,0,0,0,0,0,0,0,0,0,0,0,0,0,0,0,0,0,0,0,0,0,0,0.276200044981146,0.4944,0.4944,0.4944,0.495170887237019,0.4944,0.593900056938416,0.626035818765099,0.648,0.648,0.648,0.648,0.648,0.648,0.678322807891553,0.648,0.856188670782047,1.14687967103466,1.28530490307052,1.92915951219312,2.21640235510212,2.37164735880239,2.60811959802178,2.79714707767025,2.9387702101046,3.04635766953675,3.13125334154629,3.19174612822885,3.2173456848253,3.22804479801821,3.24,3.24,3.07525832117778,3.24,3.23786341447111,3.24,2.79361803802425,3.24,2.95622313131758,2.42385177014592,0.224942227658277,2.423851770146,2.9562231313176,3.24,2.79361803802424,3.24,3.23786341447113,3.24,3.0752583211778,3.24,3.24,3.22804479801821,3.2173456848253,3.19174612822884,3.13125334154628,3.04635766953674,2.93877021010459,2.79714707767023,2.60811959802176,2.37164735880238,2.21640235510209,1.92915951219311,1.28530490307049,1.14687967103464,0.856188670782031,0.648,0.678322807891552,0.648,0.648,0.648,0.648,0.648,0.648,0.626035818765099,0.593900056938415,0.4944,0.495170887237019,0.4944,0.4944,0.4944,0.276200044981142,0,0,0,0,0,0,0,0,0,0,0,0,0,0,0,0,0,0,0,0,0,0,0,0,0,0,0,0,0,0,0,0,0,0,0,0,0,0,0,0,0,0,0,0,0,0,0,0,0,0,0,0,0,0,0,0,0,0,0
0,0,0,0,0,0,0,0,0,0,0,0,0,0,0,0,0,0,0,0,0,0,0,0,0,0,0,0,0,0,0,0,0,0,0,0,0,0,0,0,0,0,0,0,0,0,0,0,0,0,0,0,0,0,0,0,0,0,0,0.0952370853501149,0.4944,0.4944,0.4944,0.4944,0.56120969837222,0.602472354806356,0.648,0.648,0.648,0.648,0.648,0.648,0.648,0.732220921824523,0.934094616523167,1.11043218840818,1.62820888088666,2.06499306781471,2.40203707866292,2.58333263181171,2.72656649419697,2.97138947076781,3.11618508014303,3.17667786682559,3.21816576966128,3.22304934450651,3.24,3.24,3.1446613677132,2.99423565305334,2.85476000523762,1.956643584887,1.46077211098318,1.82262287611954,1.97100709284829,1.52808611578866,1.0256,1.74164775179402,1.08725418045894,1.15818651167984,0.308015165785039,1.15818651167988,1.08725418045902,1.74164775179402,1.0256,1.52808611578869,1.97100709284835,1.82262287611954,1.46077211098324,1.95664358488705,2.85476000523769,2.99423565305339,3.14466136771322,3.24,3.24,3.22304934450651,3.21816576966128,3.17667786682558,3.11618508014303,2.9713894707678,2.72656649419695,2.5833326318117,2.4020370786629,2.06499306781468,1.62820888088663,1.11043218840815,0.934094616523148,0.732220921824518,0.648,0.648,0.648,0.648,0.648,0.648,0.648,0.602472354806355,0.56120969837222,0.4944,0.4944,0.4944,0.4944,0.0952370853501114,0,0,0,0,0,0,0,0,0,0,0,0,0,0,0,0,0,0,0,0,0,0,0,0,0,0,0,0,0,0,0,0,0,0,0,0,0,0,0,0,0,0,0,0,0,0,0,0,0,0,0,0,0,0,0,0,0,0
0,0,0,0,0,0,0,0,0,0,0,0,0,0,0,0,0,0,0,0,0,0,0,0,0,0,0,0,0,0,0,0,0,0,0,0,0,0,0,0,0,0,0,0,0,0,0,0,0,0,0,0,0,0,0,0,0,0,0,0.342437085350115,0.4944,0.4944,0.566097049476928,0.623973194210173,0.648,0.646352107412811,0.648,0.648,0.648,0.648,0.683463596054225,0.750879197036222,0.651806276691806,1.18063618544795,1.63983995758202,2.02257320147656,2.47111881085178,2.70809450407031,2.82802526263076,3.08207847890842,3.20108824660215,3.21961215979862,3.24,3.24,3.2353646021447,3.00544550404589,3.06073011666588,2.18503339830034,1.44956225999064,1.38280801222971,1.0256,1.0256,1.02602446221232,1.0434418905174,1.02716907465433,1.0256,1.02675011742307,1.10366537278882,1.02789472986508,0.899887465345716,0.00625683356370277,0.899887465345722,1.02789472986509,1.10366537278881,1.02675011742307,1.0256,1.02716907465434,1.0434418905174,1.02602446221232,1.0256,1.0256,1.38280801222975,1.44956225999072,2.18503339830039,3.06073011666595,3.00544550404594,3.2353646021447,3.24,3.24,3.21961215979862,3.20108824660214,3.08207847890841,2.82802526263074,2.7080945040703,2.47111881085176,2.02257320147654,1.63983995758198,1.18063618544794,0.651806276691811,0.750879197036215,0.683463596054221,0.648,0.648,0.648,0.648,0.64635210741281,0.648,0.623973194210179,0.566097049476926,0.4944,0.4944,0.342437085350111,0,0,0,0,0,0,0,0,0,0,0,0,0,0,0,0,0,0,0,0,0,0,0,0,0,0,0,0,0,0,0,0,0,0,0,0,0,0,0,0,0,0,0,0,0,0,0,0,0,0,0,0,0,0,0,0,0,0
0,0,0,0,0,0,0,0,0,0,0,0,0,0,0,0,0,0,0,0,0,0,0,0,0,0,0,0,0,0,0,0,0,0,0,0,0,0,0,0,0,0,0,0,0,0,0,0,0,0,0,0,0,0,0,0,0,0,0.161474125719091,0.4944,0.500722905685697,0.536930282272689,0.625316894036493,0.668173523317914,0.648,0.648,0.648,0.648,0.648,0.699415376076281,0.764463596054225,1.235328422682,1.65147103427739,2.11191992256458,2.54636670628691,2.57938851491853,2.98328873341636,3.16000289173486,3.21806887989397,3.24,3.24,3.03795554293453,3.0252164072565,2.43472339960975,1.61145760979147,1.42979135678003,1.14585714659832,1.0256,1.0256,1.05868785817129,1.03441461679974,1.111990714467,1.19811031571143,1.28446629704505,1.36180601462311,1.34643592613181,1.30961303763604,1.42284919316684,1.46558492924287,1.50971266781223,0.335784107281415,1.5097126678122,1.46558492924287,1.42284919316683,1.30961303763603,1.3464359261318,1.36180601462311,1.28446629704504,1.19811031571142,1.11199071446699,1.03441461679973,1.05868785817128,1.0256,1.0256,1.14585714659833,1.42979135678009,1.61145760979156,2.4347233996098,3.02521640725658,3.03795554293455,3.24,3.24,3.21806887989397,3.16000289173485,2.98328873341634,2.57938851491851,2.54636670628691,2.11191992256457,1.65147103427736,1.23532842268197,0.764463596054221,0.699415376076281,0.648,0.648,0.648,0.648,0.648,0.668173523317914,0.62531689403649,0.536930282272694,0.500722905685696,0.4944,0.161474125719087,0,0,0,0,0,0,0,0,0,0,0,0,0,0,0,0,0,0,0,0,0,0,0,0,0,0,0,0,0,0,0,0,0,0,0,0,0,0,0,0,0,0,0,0,0,0,0,0,0,0,0,0,0,0,0,0,0
0,0,0,0,0,0,0,0,0,0,0,0,0,0,0,0,0,0,0,0,0,0,0,0,0,0,0,0,0,0,0,0,0,0,0,0,0,0,0,0,0,0,0,0,0,0,0,0,0,0,0,0,0,0,0,0,0,0,0.408674125719091,0.4944,0.66538840104854,0.664609662779716,0.648,0.648,0.648,0.648,0.648,0.671951892474915,0.785090182487729,1.0609257060343,1.39080815635096,2.07292225203516,2.47122319506868,2.74221609420409,2.98557769173842,3.07302702983705,3.21518707225503,3.24,3.24,3.21090340222853,1.80295441555801,1.45547451343427,1.25103368669151,1.0256,1.0256,1.05115934121767,1.05410940840323,1.1405594307984,1.33120732504462,1.49303911290812,1.54242986671833,1.61203476702944,1.78150647947481,1.81894997215767,2.10798964494537,2.16748747200603,2.03838474463425,2.25780129892063,2.34598095318801,1.79448183567471,0,1.7944818356747,2.34598095318799,2.25780129892062,2.03838474463426,2.16748747200602,2.10798964494536,1.81894997215765,1.78150647947479,1.61203476702942,1.54242986671832,1.4930391129081,1.3312073250446,1.1405594307984,1.05410940840321,1.05115934121767,1.0256,1.0256,1.25103368669153,1.45547451343433,1.80295441555807,3.21090340222862,3.24,3.24,3.21518707225503,3.07302702983704,2.98557769173841,2.74221609420408,2.47122319506866,2.07292225203514,1.39080815635094,1.06092570603429,0.78509018248772,0.671951892474915,0.648,0.648,0.648,0.648,0.648,0.664609662779719,0.665388401048543,0.4944,0.408674125719087,0,0,0,0,0,0,0,0,0,0,0,0,0,0,0,0,0,0,0,0,0,0,0,0,0,0,0,0,0,0,0,0,0,0,0,0,0,0,0,0,0,0,0,0,0,0,0,0,0,0,0,0,0,0,0,0,0
0,0,0,0,0,0,0,0,0,0,0,0,0,0,0,0,0,0,0,0,0,0,0,0,0,0,0,0,0,0,0,0,0,0,0,0,0,0,0,0,0,0,0,0,0,0,0,0,0,0,0,0,0,0,0,0,0,0.227711166088067,0.518789632327219,0.534383857680658,0.728930383766428,0.662654785633749,0.648,0.648,0.648,0.654561216765102,0.714218929712519,0.874183706521736,1.06561897953107,1.81788113292181,2.17519361085534,2.5790269173842,2.90904372971608,3.14087863477194,3.24,3.24,3.24,3.05981548787512,2.37423627703866,1.9913926519536,1.0256,1.03214911508698,1.04282849455844,1.05170241928635,1.28686142457628,1.44274563172614,1.6304434587868,1.84171810016059,2.05345364012713,2.26933681104484,2.44686825692687,2.41432262520073,2.97826503080735,2.77774179004236,3.10962775491082,3.33295811492976,3.50257216640276,3.77253680015053,3.57834831430754,3.80894073141504,0.697855765861835,3.80894073141498,3.57834831430753,3.77253680015052,3.50257216640274,3.33295811492971,3.10962775491079,2.77774179004234,2.97826503080731,2.4143226252007,2.44686825692683,2.26933681104481,2.05345364012709,1.84171810016055,1.63044345878677,1.44274563172612,1.28686142457627,1.05170241928635,1.04282849455843,1.03214911508698,1.0256,1.99139265195369,2.37423627703872,3.05981548787514,3.24,3.24,3.24,3.14087863477193,2.90904372971606,2.57902691738418,2.17519361085533,1.81788113292179,1.06561897953106,0.874183706521731,0.714218929712514,0.654561216765102,0.648,0.648,0.648,0.662654785633749,0.728930383766423,0.534383857680661,0.51878963232722,0.227711166088063,0,0,0,0,0,0,0,0,0,0,0,0,0,0,0,0,0,0,0,0,0,0,0,0,0,0,0,0,0,0,0,0,0,0,0,0,0,0,0,0,0,0,0,0,0,0,0,0,0,0,0,0,0,0,0,0
0,0,0,0,0,0,0,0,0,0,0,0,0,0,0,0,0,0,0,0,0,0,0,0,0,0,0,0,0,0,0,0,0,0,0,0,0,0,0,0,0,0,0,0,0,0,0,0,0,0,0,0,0,0,0,0,0.0467482064570354,0.474911166088067,0.608228633634125,0.637646817311686,0.648,0.648,0.648,0.648,0.649953322322637,0.78769229346047,1.02622625548281,1.55863520541166,1.87683411788587,2.32813868359782,2.70752413810219,3.0829245252793,3.22363817755996,3.2391164813812,3.24,3.24,2.32088336464931,1.07304065894572,1.0256,1.02886862675068,1.13159146500892,1.21097301741972,1.37656270715545,1.51908858087088,1.91775435132584,2.19530680995541,2.49012334790032,2.98697459658342,3.15446463374777,3.48296505925626,3.9208971437043,4.22217511227921,4.39784179548951,4.20626194571922,4.58654995581621,4.95600268258141,4.84847857929859,4.99224225489405,4.83872565037018,3.39159685922712,0,3.39159685922728,4.83872565037016,4.99224225489405,4.84847857929857,4.95600268258138,4.58654995581619,4.20626194571919,4.3978417954895,4.22217511227916,3.92089714370424,3.48296505925621,3.15446463374774,2.98697459658337,2.49012334790028,2.19530680995537,1.9177543513258,1.51908858087085,1.37656270715543,1.21097301741971,1.13159146500892,1.02886862675066,1.0256,1.07304065894571,2.32088336464939,3.24,3.24,3.2391164813812,3.22363817755994,3.0829245252793,2.70752413810218,2.3281386835978,1.87683411788586,1.55863520541164,1.02622625548281,0.78769229346047,0.649953322322637,0.648,0.648,0.648,0.648,0.637646817311687,0.608228633634125,0.474911166088063,0.046748206457039,0,0,0,0,0,0,0,0,0,0,0,0,0,0,0,0,0,0,0,0,0,0,0,0,0,0,0,0,0,0,0,0,0,0,0,0,0,0,0,0,0,0,0,0,0,0,0,0,0,0,0,0,0,0,0
0,0,0,0,0,0,0,0,0,0,0,0,0,0,0,0,0,0,0,0,0,0,0,0,0,0,0,0,0,0,0,0,0,0,0,0,0,0,0,0,0,0,0,0,0,0,0,0,0,0,0,0,0,0,0,0,0.318656403949883,0.56514521664872,0.648,0.648,0.648,0.648,0.648,0.648,0.676473869785809,1.12682051046041,1.73379055684908,2.27366270924714,2.53255105548638,2.92960688236676,3.13401175980574,3.22898773415641,3.24,2.65302287611951,2.2264593611533,1.37047864714819,1.15044500065468,1.0256,1.08138651990745,1.26719035614408,1.53080031353257,1.67471268476027,2.06259867807763,2.21194563172614,2.97746355272526,3.39208993608275,3.8048752799398,4.24876045008254,4.53859865084187,4.95444632113623,5.08073195022392,5.07012590216434,4.16402599397006,3.16589996371334,3.92888650173309,4.02589743508083,3.3712210680159,2.14568650173309,3.92888650173309,1.94167244788532,0.157686360412828,1.94167244788542,3.92888650173309,2.14568650173309,3.37122106801599,4.02589743508095,3.92888650173309,3.16589996371344,4.16402599397013,5.07012590216433,5.08073195022396,4.95444632113621,4.53859865084182,4.24876045008247,3.80487527993974,3.3920899360827,2.9774635527252,2.21194563172612,2.06259867807759,1.67471268476024,1.53080031353255,1.26719035614406,1.08138651990745,1.0256,1.15044500065473,1.3704786471482,2.22645936115335,2.65302287611955,3.24,3.22898773415641,3.13401175980573,2.92960688236675,2.53255105548637,2.27366270924713,1.73379055684907,1.12682051046037,0.67647386978581,0.648,0.648,0.648,0.648,0.648,0.648,0.565145216648719,0.318656403949889,0,0,0,0,0,0,0,0,0,0,0,0,0,0,0,0,0,0,0,0,0,0,0,0,0,0,0,0,0,0,0,0,0,0,0,0,0,0,0,0,0,0,0,0,0,0,0,0,0,0,0,0,0,0,0
0,0,0,0,0,0,0,0,0,0,0,0,0,0,0,0,0,0,0,0,0,0,0,0,0,0,0,0,0,0,0,0,0,0,0,0,0,0,0,0,0,0,0,0,0,0,0,0,0,0,0,0,0,0,0,0.161067547547379,0.643471122669182,0.645366727918991,0.648,0.648,0.648,0.648,0.667049850544363,0.762544267793349,1.00476807350032,2.01474090702342,2.47391470135914,2.7972549400733,3.02423972626842,3.20878617904006,3.24,3.10791834651442,2.8140986847274,1.43086332707011,1.0256,1.0256,1.15354625334412,1.27772824821142,1.44701738351473,1.90862117496098,2.31836791555197,2.51759489813225,3.31991283607941,3.95026904136486,4.42229296064563,4.82617515162242,5.07367296369074,5.10560973949039,4.54563995908816,3.44148095550834,2.87199554792931,2.19295455150912,1.5616,1.5616,1.5616,1.70012806227688,1.5616,1.5616,1.5616,1.4064652917414,0.252770829655062,1.4064652917414,1.5616,1.5616,1.5616,1.70012806227692,1.5616,1.5616,1.5616,2.1929545515092,2.87199554792945,3.44148095550846,4.54563995908821,5.10560973949038,5.07367296369077,4.82617515162238,4.42229296064557,3.95026904136479,3.31991283607935,2.51759489813223,2.31836791555194,1.90862117496095,1.4470173835147,1.27772824821141,1.15354625334411,1.0256,1.0256,1.43086332707016,2.8140986847274,3.10791834651447,3.24,3.20878617904006,3.02423972626841,2.79725494007329,2.47391470135914,2.0147409070234,1.00476807350033,0.762544267793346,0.667049850544365,0.648,0.648,0.648,0.648,0.645366727918991,0.643471122669185,0.161067547547375,0,0,0,0,0,0,0,0,0,0,0,0,0,0,0,0,0,0,0,0,0,0,0,0,0,0,0,0,0,0,0,0,0,0,0,0,0,0,0,0,0,0,0,0,0,0,0,0,0,0,0,0,0,0
0,0,0,0,0,0,0,0,0,0,0,0,0,0,0,0,0,0,0,0,0,0,0,0,0,0,0,0,0,0,0,0,0,0,0,0,0,0,0,0,0,0,0,0,0,0,0,0,0,0,0,0,0,0,0,0.501526896883073,0.68335856402919,0.648,0.648,0.648,0.648,0.648,0.921680927239727,1.47046615043052,2.1386786781826,2.64107047842098,2.89432207694799,3.17851181603216,3.23801669987903,3.24,3.13130757614049,1.94471663535061,1.0256,1.0256,1.0757282706066,1.20359784945585,1.52836960124443,1.85559578849243,2.11133494619091,2.81591559129351,3.37651354727811,3.82753835691906,4.25161812528828,4.99396467853815,4.88522233081379,3.69047796852059,2.97277753508754,2.42176453844006,1.5616,1.5616,1.56370143139766,1.5616,1.60272698283905,1.70303150257855,1.61509758694762,1.80755694581163,1.83177828387876,2.02784968929484,1.64070181858162,2.11644666396201,0.493005915517783,2.11644666396197,1.64070181858162,2.02784968929483,1.83177828387875,1.8075569458116,1.61509758694761,1.70303150257854,1.60272698283904,1.5616,1.56370143139766,1.5616,1.5616,2.42176453844018,2.9727775350877,3.69047796852071,4.88522233081383,4.99396467853811,4.25161812528825,3.827538356919,3.37651354727805,2.81591559129345,2.11133494619087,1.8555957884924,1.52836960124441,1.20359784945583,1.07572827060659,1.0256,1.0256,1.94471663535069,3.13130757614049,3.24,3.23801669987903,3.17851181603216,2.89432207694798,2.64107047842097,2.13867867818259,1.47046615043051,0.921680927239732,0.648,0.648,0.648,0.648,0.648,0.683358564029189,0.501526896883066,0,0,0,0,0,0,0,0,0,0,0,0,0,0,0,0,0,0,0,0,0,0,0,0,0,0,0,0,0,0,0,0,0,0,0,0,0,0,0,0,0,0,0,0,0,0,0,0,0,0,0,0,0,0
0,0,0,0,0,0,0,0,0,0,0,0,0,0,0,0,0,0,0,0,0,0,0,0,0,0,0,0,0,0,0,0,0,0,0,0,0,0,0,0,0,0,0,0,0,0,0,0,0,0,0,0,0,0,0.234902997779838,0.648,0.648,0.648,0.648,0.648,0.648,0.982952848324197,1.51328107028748,2.11591997879101,2.60650538988472,3.08648108310326,3.19505992355725,3.24,3.24,2.45856994363114,1.13923514966216,1.03505809253457,1.0256,1.11657552083965,1.36434348118199,1.81567498880242,2.33677660730933,2.89066574261263,3.69645310264275,4.30241194571923,4.90570920139943,4.98016451632471,3.06517551715053,2.61626952622333,1.71547752940539,1.5616,1.5616,1.5616,1.5616,1.78994952720737,1.95510764370075,2.28601728633034,2.49610342119663,2.66126024099022,2.66254574576638,3.38353159252716,3.49848875475543,3.7654761767416,3.5446648598082,3.34760849798729,0,3.34760849798721,3.54466485980812,3.76547617674156,3.49848875475539,3.3835315925271,2.66254574576631,2.66126024099017,2.49610342119659,2.28601728633029,1.95510764370072,1.78994952720735,1.5616,1.5616,1.5616,1.5616,1.71547752940543,2.61626952622346,3.0651755171507,4.98016451632468,4.90570920139938,4.30241194571919,3.69645310264269,2.89066574261259,2.3367766073093,1.81567498880239,1.36434348118197,1.11657552083965,1.0256,1.03505809253456,1.13923514966217,2.45856994363119,3.24,3.24,3.19505992355725,3.08648108310325,2.60650538988472,2.11591997879101,1.51328107028748,0.982952848324195,0.648,0.648,0.648,0.648,0.648,0.648,0.234902997779833,0,0,0,0,0,0,0,0,0,0,0,0,0,0,0,0,0,0,0,0,0,0,0,0,0,0,0,0,0,0,0,0,0,0,0,0,0,0,0,0,0,0,0,0,0,0,0,0,0,0,0,0,0
0,0,0,0,0,0,0,0,0,0,0,0,0,0,0,0,0,0,0,0,0,0,0,0,0,0,0,0,0,0,0,0,0,0,0,0,0,0,0,0,0,0,0,0,0,0,0,0,0,0,0,0,0,0,0.558902997779837,0.648,0.648,0.648,0.648,0.701040556849073,0.964320534647409,1.64409722712588,2.29829684635664,2.64556997238312,2.99262335734007,3.24,3.24,2.97242325191168,1.49104312169382,1.25353249901792,1.0256,1.17557771617418,1.34643042115076,1.60283042115076,2.16469075381023,2.67972702737067,3.52359414759034,4.1297711525658,4.69681782597124,4.49104259815299,4.04575448332272,3.44508702039907,1.5616,1.5616,1.5616,1.72792557838097,1.9211131537748,2.29593492377519,2.61856137560255,3.21084494445889,3.97543848011972,4.20141696215539,5.08732613633228,5.40496024144027,5.9028056360921,5.52678704934329,6.66096845267218,6.62606715923024,6.82896459909229,5.32576634315178,1.5952185035616,5.32576634315191,6.82896459909221,6.62606715923026,6.66096845267212,5.52678704934329,5.90280563609201,5.40496024144018,5.08732613633214,4.20141696215529,3.97543848011961,3.21084494445877,2.61856137560247,2.29593492377511,1.92111315377477,1.72792557838095,1.5616,1.5616,1.5616,3.44508702039917,4.04575448332283,4.49104259815304,4.6968178259712,4.12977115256575,3.52359414759029,2.67972702737061,2.16469075381018,1.60283042115075,1.34643042115075,1.17557771617417,1.0256,1.25353249901796,1.49104312169387,2.97242325191172,3.24,3.24,2.99262335734007,2.64556997238312,2.29829684635664,1.64409722712588,0.964320534647412,0.70104055684907,0.648,0.648,0.648,0.648,0.558902997779833,0,0,0,0,0,0,0,0,0,0,0,0,0,0,0,0,0,0,0,0,0,0,0,0,0,0,0,0,0,0,0,0,0,0,0,0,0,0,0,0,0,0,0,0,0,0,0,0,0,0,0,0,0
0,0,0,0,0,0,0,0,0,0,0,0,0,0,0,0,0,0,0,0,0,0,0,0,0,0,0,0,0,0,0,0,0,0,0,0,0,0,0,0,0,0,0,0,0,0,0,0,0,0,0,0,0,0.321718536127515,0.648,0.648,0.648,0.648,0.737231364235391,0.824486922799395,1.58798509936669,2.26164755166868,2.76466565720842,3.12611603156977,3.24,3.24,3.24,1.86522325191168,1.0256,1.04065152892618,1.11913035396521,1.38998585349912,1.85077545365411,2.28697875785349,3.21436955645408,3.88766144152432,4.47804940077723,4.96123599159034,4.60333149974425,1.5616,1.70538401636472,1.5616,1.5616,1.80990284498562,2.17906531913103,2.78537199943681,3.3090383541017,4.49700210668716,5.53400178251222,6.26429768647618,6.74737369245043,6.65251527718274,6.40527814952228,6.21880585874852,3.90267033862226,2.72464736646294,3.97022510905656,4.03051479322128,3.08731070698237,1.55343249721875,0,1.55343249721878,3.08731070698248,4.03051479322145,3.97022510905655,2.72464736646313,3.90267033862232,6.21880585874875,6.40527814952241,6.65251527718277,6.74737369245035,6.26429768647604,5.53400178251209,4.49700210668704,3.30903835410157,2.78537199943672,2.17906531913097,1.80990284498559,1.5616,1.5616,1.70538401636477,1.5616,4.60333149974438,4.96123599159037,4.47804940077718,3.88766144152428,3.21436955645402,2.28697875785346,1.85077545365409,1.38998585349909,1.1191303539652,1.04065152892618,1.0256,1.86522325191172,3.24,3.24,3.24,3.12611603156977,2.76466565720842,2.26164755166868,1.58798509936668,0.824486922799401,0.737231364235394,0.648,0.648,0.648,0.648,0.321718536127524,0,0,0,0,0,0,0,0,0,0,0,0,0,0,0,0,0,0,0,0,0,0,0,0,0,0,0,0,0,0,0,0,0,0,0,0,0,0,0,0,0,0,0,0,0,0,0,0,0,0,0,0
0,0,0,0,0,0,0,0,0,0,0,0,0,0,0,0,0,0,0,0,0,0,0,0,0,0,0,0,0,0,0,0,0,0,0,0,0,0,0,0,0,0,0,0,0,0,0,0,0,0,0,0,0.084534074475202,0.645718536127515,0.648,0.648,0.648,0.652831651775416,0.966990095666401,1.52392424414715,2.38275249814986,2.7226408443891,3.12242912799402,3.24,3.24,2.37907656019219,1.79724704741263,1.02660312503791,1.0256,1.25136022068354,1.62889175069916,2.00979230513159,2.77332219424511,3.58672660730934,4.41518254929974,4.95311049991472,3.34986000418883,2.31704650855167,2.15011751122232,1.5616,1.71921152422022,1.87714684430924,2.36160704055019,2.76877079313564,4.05637341302478,5.39637131546754,6.1819869453037,6.88302519950998,6.62958125371129,6.67591036257233,4.692613604226,2.66948980988338,2.75643273534181,2.152,2.152,2.152,2.152,2.15553946693173,2.152,2.152,0.344077390047692,2.152,2.152,2.15553946693173,2.152,2.152,2.152,2.152,2.75643273534193,2.66948980988358,4.69261360422621,6.67591036257263,6.62958125371144,6.88302519950998,6.18198694530355,5.39637131546737,4.05637341302465,2.76877079313555,2.36160704055011,1.87714684430918,1.7192115242202,1.5616,2.1501175112224,2.31704650855181,3.34986000418891,4.95311049991484,4.4151825492997,3.5867266073093,2.77332219424505,2.00979230513156,1.62889175069914,1.25136022068354,1.0256,1.02660312503791,1.79724704741262,2.37907656019225,3.24,3.24,3.12242912799402,2.7226408443891,2.38275249814986,1.52392424414715,0.966990095666396,0.652831651775421,0.648,0.648,0.648,0.645718536127524,0.084534074475202,0,0,0,0,0,0,0,0,0,0,0,0,0,0,0,0,0,0,0,0,0,0,0,0,0,0,0,0,0,0,0,0,0,0,0,0,0,0,0,0,0,0,0,0,0,0,0,0,0,0,0
0,0,0,0,0,0,0,0,0,0,0,0,0,0,0,0,0,0,0,0,0,0,0,0,0,0,0,0,0,0,0,0,0,0,0,0,0,0,0,0,0,0,0,0,0,0,0,0,0,0,0,0,0.408534074475202,0.648,0.648,0.648,0.678635960542232,0.927608344253891,1.58054384216893,2.27172035956023,2.76604861356294,3.04412812873408,3.24,3.24,3.18960321433247,1.27187656019219,1.0256,1.16860964385593,1.37741248320362,1.86507760419827,2.5023781586307,3.09018756158678,3.88272884743423,4.83651139673395,4.05974125557614,3.16991049991472,1.5616,1.5616,1.63024495358873,1.57646807416806,2.38479442691695,3.39720576211013,4.67770233178365,5.79068780049034,6.00689200014334,6.61906086651633,5.29835462990252,3.01538442021467,2.80745470960395,2.33967858364803,2.152,2.152,2.26837419193022,2.21845712671062,2.36709546630693,2.152,2.46732603339081,2.73355276382595,2.68091220699056,1.43398994192511,0,1.43398994192519,2.68091220699055,2.73355276382592,2.46732603339079,2.152,2.36709546630692,2.21845712671061,2.2683741919302,2.152,2.152,2.33967858364809,2.80745470960409,3.01538442021499,5.29835462990275,6.61906086651654,6.00689200014338,5.79068780049017,4.67770233178351,3.39720576211005,2.38479442691691,1.57646807416801,1.63024495358871,1.5616,1.5616,3.16991049991484,4.05974125557623,4.83651139673392,3.88272884743418,3.09018756158673,2.50237815863067,1.86507760419825,1.3774124832036,1.16860964385593,1.0256,1.27187656019224,3.18960321433249,3.24,3.24,3.04412812873408,2.76604861356294,2.27172035956023,1.58054384216893,0.927608344253897,0.678635960542234,0.648,0.648,0.648,0.408534074475202,0,0,0,0,0,0,0,0,0,0,0,0,0,0,0,0,0,0,0,0,0,0,0,0,0,0,0,0,0,0,0,0,0,0,0,0,0,0,0,0,0,0,0,0,0,0,0,0,0,0,0
0,0,0,0,0,0,0,0,0,0,0,0,0,0,0,0,0,0,0,0,0,0,0,0,0,0,0,0,0,0,0,0,0,0,0,0,0,0,0,0,0,0,0,0,0,0,0,0,0,0,0,0.171349612822889,0.648,0.648,0.648,0.648,0.891574382231544,1.53375884388387,2.2273246875507,2.70947398223866,3.12782712947413,3.22492424414716,3.24,2.12831458859273,1.80295441555802,1.0256,1.10820908942351,1.36764769268957,1.85497053094782,2.60911900202165,3.55344345878681,4.37935642923731,4.71380443545943,3.99749650002838,1.5616,1.5616,1.5616,1.79470259294955,2.42273314126301,3.36416330239251,4.50291425231771,6.16768454138119,6.6685035178223,3.46259004867571,2.7590632977727,2.53933707976279,2.152,2.152,2.23945397329547,2.29462069689828,2.47333212507558,2.8967507686378,3.15687542538596,3.31749748548129,3.0406950915677,2.93779757885382,3.19916435690125,3.57450607712142,3.49742245748584,2.3261605104138,0.219693488867817,2.32616051041374,3.49742245748585,3.57450607712144,3.19916435690125,2.93779757885382,3.04069509156769,3.31749748548126,3.15687542538591,2.89675076863775,2.47333212507552,2.29462069689824,2.23945397329545,2.152,2.152,2.5393370797629,2.75906329777289,3.46259004867597,6.6685035178225,6.1676845413811,4.50291425231757,3.36416330239241,2.42273314126296,1.79470259294954,1.5616,1.5616,1.5616,3.99749650002845,4.71380443545939,4.37935642923725,3.55344345878678,2.60911900202162,1.8549705309478,1.36764769268955,1.1082090894235,1.0256,1.80295441555803,2.12831458859273,3.24,3.22492424414716,3.12782712947414,2.70947398223866,2.2273246875507,1.53375884388387,0.891574382231552,0.648,0.648,0.648,0.648,0.171349612822889,0,0,0,0,0,0,0,0,0,0,0,0,0,0,0,0,0,0,0,0,0,0,0,0,0,0,0,0,0,0,0,0,0,0,0,0,0,0,0,0,0,0,0,0,0,0,0,0,0,0
0,0,0,0,0,0,0,0,0,0,0,0,0,0,0,0,0,0,0,0,0,0,0,0,0,0,0,0,0,0,0,0,0,0,0,0,0,0,0,0,0,0,0,0,0,0,0,0,0,0,0,0.495349612822889,0.648,0.648,0.699064751177688,0.874880401978226,1.37858476841599,2.12685730013877,2.66606621306483,3.0722179176368,3.24,3.24,2.59625652261301,1.0256,1.03143532146186,1.16927048615745,1.44611465614296,1.92119454525647,2.83363421259704,3.7577445228613,4.40529363794827,4.93702450548328,4.68556450434687,2.21429650002838,1.5616,1.69673429368502,2.14092923380397,2.98102222019339,3.87976189793445,5.89156357726689,6.51423853105601,4.94100240132007,4.06409960801915,2.152,2.152,2.22298857872807,2.30322583532611,2.7905772257795,3.10443219339894,3.32653550054165,3.48019184415338,3.39228112930071,3.39963710938376,3.08500779690709,2.7664,2.78865314077646,2.7664,2.91356942005925,2.7664,2.4253076683099,0.288827893009298,2.42530766830989,2.7664,2.91356942005927,2.7664,2.78865314077647,2.7664,3.08500779690712,3.39963710938381,3.39228112930073,3.48019184415337,3.32653550054161,3.10443219339889,2.79057722577945,2.30322583532605,2.22298857872805,2.152,2.152,4.0640996080194,4.94100240132025,6.51423853105604,5.89156357726693,3.87976189793429,2.9810222201933,2.14092923380391,1.69673429368501,1.5616,2.21429650002845,4.68556450434691,4.93702450548336,4.40529363794824,3.75774452286127,2.83363421259698,1.92119454525646,1.44611465614295,1.16927048615745,1.03143532146186,1.0256,2.59625652261302,3.24,3.24,3.0722179176368,2.66606621306482,2.12685730013876,1.37858476841599,0.874880401978225,0.699064751177687,0.648,0.648,0.495349612822889,0,0,0,0,0,0,0,0,0,0,0,0,0,0,0,0,0,0,0,0,0,0,0,0,0,0,0,0,0,0,0,0,0,0,0,0,0,0,0,0,0,0,0,0,0,0,0,0,0,0
0,0,0,0,0,0,0,0,0,0,0,0,0,0,0,0,0,0,0,0,0,0,0,0,0,0,0,0,0,0,0,0,0,0,0,0,0,0,0,0,0,0,0,0,0,0,0,0,0,0,0.258165151170566,0.648,0.648,0.648,0.648491943286134,1.25942217162171,2.06552649961217,2.60870093662563,2.91273063329182,3.24,3.24,3.24,1.48905652261301,1.0256,1.15963532146186,1.53085962146075,2.12010296827165,2.84462029004796,3.82488312612737,4.81029671819583,5.05516756267619,3.04188250014199,1.56849399761347,1.6230402178826,1.77544137030464,2.45438302871479,3.73431392814276,5.59808395604033,6.83854037997012,4.61856877432585,2.16350966174731,2.152,2.152,2.152,2.152,2.72305523400752,3.30714750256214,3.39563309962728,3.45852436735147,3.18244693202645,2.76978063868101,2.81399158128732,2.7672042815648,2.7664,2.7664,2.7664,2.7664,2.7664,2.7664,2.7664,0.827898912004649,2.7664,2.7664,2.7664,2.7664,2.7664,2.7664,2.7664,2.76720428156481,2.81399158128734,2.76978063868103,3.18244693202649,3.45852436735151,3.3956330996273,3.30714750256208,2.72305523400747,2.152,2.152,2.152,2.152,2.1635096617474,4.61856877432605,6.83854037996998,5.59808395604016,3.73431392814267,2.45438302871469,1.77544137030459,1.6230402178826,1.56849399761352,3.04188250014211,5.05516756267618,4.81029671819579,3.82488312612731,2.84462029004793,2.12010296827162,1.53085962146074,1.15963532146186,1.0256,1.48905652261302,3.24,3.24,3.24,2.91273063329182,2.60870093662564,2.06552649961218,1.25942217162172,0.648491943286132,0.648,0.648,0.648,0.258165151170576,0,0,0,0,0,0,0,0,0,0,0,0,0,0,0,0,0,0,0,0,0,0,0,0,0,0,0,0,0,0,0,0,0,0,0,0,0,0,0,0,0,0,0,0,0,0,0,0,0
0,0,0,0,0,0,0,0,0,0,0,0,0,0,0,0,0,0,0,0,0,0,0,0,0,0,0,0,0,0,0,0,0,0,0,0,0,0,0,0,0,0,0,0,0,0,0,0,0,0.0209806895182532,0.582165151170566,0.648,0.648,0.677156114420406,1.10165695781684,1.91932089619299,2.63795394081335,3.05884228705259,3.20418577904718,3.24,2.17300400611485,1.83775838147485,1.0256,1.10597281586307,1.52065215054416,2.05859889113516,2.6497654569224,3.85139899766392,4.58363377014052,3.86946850025565,1.94461749417572,1.5616,1.5616,2.11179487710992,2.69826628252601,4.60783573421259,6.28997156750359,6.03923981381536,2.81526687920383,2.152,2.152,2.152,2.71924198835583,2.96249147593063,2.99417406310532,2.99907991240461,2.89348870365255,2.80377863988179,2.79287536566757,2.7664,2.7664,2.7664,2.7664,2.78426362693529,2.7664,2.7664,2.7664,2.84456047826899,2.7664,2.22133776396396,0,2.22133776396397,2.7664,2.84456047826899,2.7664,2.7664,2.7664,2.78426362693528,2.7664,2.7664,2.7664,2.7664,2.79287536566758,2.80377863988182,2.89348870365259,2.99907991240463,2.99417406310531,2.96249147593057,2.71924198835577,2.152,2.152,2.152,2.81526687920397,6.03923981381554,6.28997156750347,4.60783573421246,2.69826628252595,2.1117948771099,1.5616,1.5616,1.94461749417579,3.86946850025572,4.58363377014048,3.85139899766389,2.64976545692239,2.05859889113514,1.52065215054415,1.10597281586307,1.0256,1.83775838147485,2.17300400611486,3.24,3.20418577904718,3.05884228705259,2.63795394081335,1.91932089619298,1.10165695781684,0.677156114420408,0.648,0.648,0.582165151170576,0.0209806895182532,0,0,0,0,0,0,0,0,0,0,0,0,0,0,0,0,0,0,0,0,0,0,0,0,0,0,0,0,0,0,0,0,0,0,0,0,0,0,0,0,0,0,0,0,0,0,0,0
0,0,0,0,0,0,0,0,0,0,0,0,0,0,0,0,0,0,0,0,0,0,0,0,0,0,0,0,0,0,0,0,0,0,0,0,0,0,0,0,0,0,0,0,0,0,0,0,0,0.344980689518253,0.648,0.648,0.684529921571904,0.846321153138115,1.7820334559845,2.32503713488935,2.8331026170106,3.1526140956842,3.24,2.81343648503379,1.0256,1.0256,1.17330035287578,1.42096791555196,1.94050596438559,2.92848625116527,3.94745410497884,4.85561284221798,5.12188720871098,2.08626850025565,1.5616,1.6137869361738,2.08976657063151,3.43640224183505,4.87124982444278,6.95781549906237,3.93509522634401,3.10720411184304,2.152,2.2150900956527,2.44922690124354,2.67733290251966,3.55520060013924,3.53331433706785,2.90017954203586,2.7664,2.7664,2.7664,2.7664,2.78060184402238,2.77669254682512,2.84056058455586,2.96783479207495,3.02456934237466,3.02750516274766,2.95048277402152,3.05042506178609,3.1248,3.02750516274766,3.07880447456758,0.683697154333492,3.07880447456757,3.02750516274765,3.1248,3.05042506178608,2.95048277402151,3.02750516274765,3.02456934237465,2.96783479207493,2.84056058455585,2.77669254682511,2.78060184402237,2.7664,2.7664,2.7664,2.7664,2.90017954203589,3.53331433706787,3.55520060013926,2.67733290251961,2.44922690124351,2.21509009565269,2.152,3.10720411184322,3.93509522634422,6.95781549906253,4.87124982444263,3.43640224183499,2.08976657063147,1.61378693617379,1.5616,2.08626850025572,5.12188720871097,4.85561284221799,3.9474541049788,2.92848625116522,1.94050596438559,1.42096791555196,1.17330035287578,1.0256,1.0256,2.8134364850338,3.24,3.1526140956842,2.8331026170106,2.32503713488935,1.7820334559845,0.846321153138122,0.684529921571905,0.648,0.648,0.344980689518253,0,0,0,0,0,0,0,0,0,0,0,0,0,0,0,0,0,0,0,0,0,0,0,0,0,0,0,0,0,0,0,0,0,0,0,0,0,0,0,0,0,0,0,0,0,0,0,0
0,0,0,0,0,0,0,0,0,0,0,0,0,0,0,0,0,0,0,0,0,0,0,0,0,0,0,0,0,0,0,0,0,0,0,0,0,0,0,0,0,0,0,0,0,0,0,0,0.10779622786594,0.648,0.648,0.648,0.852267037237601,1.53500743822315,2.27522097805095,2.75190482121255,3.18052857213762,3.23421791763681,3.24,1.70623648503379,1.0256,1.13448858087087,1.47539166111842,1.97978964494537,2.64639643250558,3.90818228600471,4.85104357076272,2.91385450036931,2.30358849116415,1.5616,1.74868773748131,2.19476029531944,3.34894498965819,5.3951580534844,4.74187836607398,4.46146355784874,2.152,2.152,2.27820508027996,2.75309879952071,3.41785249743789,2.89698241972176,2.92396733558338,2.7664,2.7664,2.7664,2.7664,2.7664,2.93844104689278,3.0188125734078,3.05787238475408,3.1248,3.1248,3.13495633019625,3.12643528396161,3.18903051114362,3.46644851034538,3.24310469209099,3.34199503186621,2.30395685022458,0,2.30395685022454,3.34199503186618,3.24310469209097,3.46644851034535,3.18903051114361,3.12643528396159,3.13495633019624,3.1248,3.1248,3.05787238475407,3.01881257340778,2.93844104689277,2.7664,2.7664,2.7664,2.7664,2.7664,2.92396733558341,2.89698241972177,3.41785249743784,2.75309879952065,2.27820508027993,2.152,2.152,4.46146355784899,4.74187836607411,5.3951580534843,3.34894498965812,2.19476029531935,1.74868773748128,1.5616,2.30358849116422,2.91385450036939,4.8510435707627,3.90818228600467,2.64639643250557,1.97978964494536,1.47539166111841,1.13448858087087,1.0256,1.70623648503381,3.24,3.2342179176368,3.18052857213762,2.75190482121255,2.27522097805095,1.53500743822317,0.852267037237601,0.648,0.648,0.648,0.10779622786594,0,0,0,0,0,0,0,0,0,0,0,0,0,0,0,0,0,0,0,0,0,0,0,0,0,0,0,0,0,0,0,0,0,0,0,0,0,0,0,0,0,0,0,0,0,0,0
0,0,0,0,0,0,0,0,0,0,0,0,0,0,0,0,0,0,0,0,0,0,0,0,0,0,0,0,0,0,0,0,0,0,0,0,0,0,0,0,0,0,0,0,0,0,0,0,0.43179622786594,0.648,0.648,0.733674806411444,1.12966832403757,2.10200743822315,2.66490299777984,3.106332013321,3.24,3.24,2.51676313917404,1.0256,1.04756664992083,1.26268858087087,1.98358948817907,2.7146385584757,3.73213773530107,4.50113693996879,4.21924750042611,1.5616,1.5616,1.5616,2.40358866480684,4.06317502476967,5.77078866480688,5.45029038300191,2.152,2.152,2.152,2.152,3.00864507344763,3.0010290579231,3.10115627241303,2.7664,2.7664,2.7664,2.7664,2.7664,2.86136891722719,2.92457731367063,3.1248,3.1248,3.13898324131907,3.1248,3.40237933139363,3.60318019428617,4.24029552408331,4.44120480667983,4.89440003386183,4.78121803306361,4.94847421480922,5.02366771710841,0.756415166538572,5.02366771710816,4.94847421480912,4.78121803306352,4.89440003386177,4.44120480667973,4.24029552408322,3.60318019428613,3.4023793313936,3.1248,3.13898324131905,3.1248,3.1248,2.92457731367062,2.86136891722717,2.7664,2.7664,2.7664,2.7664,2.7664,3.10115627241307,3.00102905792312,3.00864507344757,2.152,2.152,2.152,2.152,5.450290383002,5.77078866480674,4.06317502476956,2.40358866480681,1.5616,1.5616,1.5616,4.21924750042619,4.50113693996876,3.73213773530106,2.71463855847569,1.98358948817907,1.26268858087087,1.04756664992083,1.0256,2.51676313917406,3.24,3.24,3.106332013321,2.66490299777984,2.10200743822317,1.12966832403757,0.733674806411444,0.648,0.648,0.43179622786594,0,0,0,0,0,0,0,0,0,0,0,0,0,0,0,0,0,0,0,0,0,0,0,0,0,0,0,0,0,0,0,0,0,0,0,0,0,0,0,0,0,0,0,0,0,0,0
0,0,0,0,0,0,0,0,0,0,0,0,0,0,0,0,0,0,0,0,0,0,0,0,0,0,0,0,0,0,0,0,0,0,0,0,0,0,0,0,0,0,0,0,0,0,0,0.194611766213618,0.648,0.648,0.648,0.793310036010109,1.76951538248417,2.49514510974525,2.93017724833488,3.24,3.24,3.24,1.40956313917404,1.0256,1.31207933468109,1.83948818320473,2.70463188289139,3.74877020046723,4.95927130933207,5.084650867965,2.43604750042614,1.5616,1.81374838391522,2.63924290991065,4.09918193930179,6.38669949987933,5.94855464346132,3.16234251228868,2.152,2.152,2.67154087119588,3.0128404728757,3.34049816460314,2.7664,2.7664,2.7664,2.7664,2.7664,2.8894267995216,3.07566199548664,3.14401688022258,3.12115479740025,3.33079583398793,3.55964051513487,4.07659902947148,4.61090552807456,5.58470800911622,6.43182931143751,7.77618898039781,7.20181334097262,8.88450952658212,9.89523827112605,8.1115259035861,5.79534772727743,0,5.7953477272776,8.11152590358611,9.89523827112575,8.88450952658185,7.20181334097251,7.77618898039776,6.4318293114373,5.58470800911599,4.61090552807444,4.07659902947137,3.55964051513482,3.3307958339879,3.12115479740024,3.14401688022257,3.07566199548663,2.88942679952159,2.7664,2.7664,2.7664,2.7664,2.7664,3.34049816460319,3.01284047287569,2.67154087119583,2.152,2.152,3.1623425122888,5.94855464346146,6.38669949987942,4.09918193930167,2.63924290991058,1.8137483839152,1.5616,2.43604750042619,5.08465086796499,4.95927130933207,3.74877020046721,2.70463188289138,1.83948818320472,1.31207933468109,1.0256,1.40956313917406,3.24,3.24,3.24,2.93017724833488,2.49514510974526,1.76951538248417,0.793310036010106,0.648,0.648,0.648,0.194611766213627,0,0,0,0,0,0,0,0,0,0,0,0,0,0,0,0,0,0,0,0,0,0,0,0,0,0,0,0,0,0,0,0,0,0,0,0,0,0,0,0,0,0,0,0,0,0
0,0,0,0,0,0,0,0,0,0,0,0,0,0,0,0,0,0,0,0,0,0,0,0,0,0,0,0,0,0,0,0,0,0,0,0,0,0,0,0,0,0,0,0,0,0,0,0.518611766213618,0.648,0.648,0.712541287792641,1.16586608779621,2.30426521380488,2.75228890209564,3.17317724833488,3.24,3.24,2.22008979331429,1.0256,1.12438150762043,1.58351900202164,2.24966574261262,3.52402496640722,4.66087944665701,4.76886401409184,3.74144050048295,1.5616,1.68862203116633,2.40635574864034,4.22020281804607,6.61490650040862,4.28775220311516,2.152,2.152,2.34892166723604,2.9398724427792,3.64651743082262,2.94902347107723,2.7664,2.7664,2.7664,2.82726589610514,2.86762071476276,3.00898958947519,3.07944753554173,3.1248,3.66081406236733,4.24946449381361,4.9273161588279,6.21707881922044,7.27381682317612,9.61093710437942,9.56111747158396,7.54491980846046,6.87356233289891,6.05459542204195,11.2169016817156,6.62831973845557,4.42245950159388,3.24541996336817,0.231039526364401,3.24541996336813,4.42245950159418,6.62831973845588,11.2169016817161,6.05459542204204,6.87356233289919,7.54491980846067,9.56111747158405,9.61093710437904,7.27381682317583,6.21707881922018,4.92731615882773,4.2494644938135,3.66081406236727,3.1248,3.07944753554172,3.00898958947517,2.86762071476274,2.82726589610513,2.7664,2.7664,2.7664,2.94902347107726,3.64651743082257,2.93987244277914,2.348921667236,2.152,2.152,4.28775220311534,6.61490650040855,4.22020281804601,2.4063557486403,1.6886220311663,1.5616,3.74144050048305,4.76886401409188,4.660879446657,3.52402496640721,2.24966574261262,1.58351900202163,1.12438150762042,1.0256,2.22008979331431,3.24,3.24,3.17317724833488,2.75228890209564,2.30426521380488,1.16586608779621,0.712541287792644,0.648,0.648,0.518611766213627,0,0,0,0,0,0,0,0,0,0,0,0,0,0,0,0,0,0,0,0,0,0,0,0,0,0,0,0,0,0,0,0,0,0,0,0,0,0,0,0,0,0,0,0,0,0
0,0,0,0,0,0,0,0,0,0,0,0,0,0,0,0,0,0,0,0,0,0,0,0,0,0,0,0,0,0,0,0,0,0,0,0,0,0,0,0,0,0,0,0,0,0,0.281427304561304,0.648,0.648,0.653245172379563,0.793541287792642,1.80069922564578,2.5145340744752,2.99528890209564,3.24,3.24,3.03061644745457,1.11288979331429,1.03803188289139,1.38078150762043,1.98492303436775,3.02176285847458,4.22935498989184,4.56902650059661,1.5616,1.73665448900493,1.5616,2.28872180606984,3.90666839834304,4.81303243919732,6.31070150127454,2.152,2.152,2.152,2.90847583532611,3.21678118260068,3.31680559186717,2.7664,2.7664,2.76903087019908,2.78488241264617,3.03347628537258,3.1248,3.33307904144517,3.45451233658225,3.97956081306582,4.97606758166116,6.22400072139476,7.74816183831468,7.07900285553307,7.03551531989352,6.24664663015759,4.33909696519687,4.68863857883032,5.05076938562512,4.55136319763183,4.82963529235896,5.48754629161755,5.60338605475593,4.70715286445067,0.328087875790886,4.70715286445048,5.6033860547558,5.48754629161746,4.82963529235889,4.55136319763181,5.0507693856251,4.68863857883025,4.33909696519677,6.2466466301579,7.03551531989389,7.07900285553322,7.74816183831435,6.22400072139462,4.97606758166097,3.97956081306569,3.45451233658216,3.33307904144514,3.1248,3.03347628537256,2.78488241264615,2.76903087019907,2.7664,2.7664,3.31680559186723,3.2167811826007,2.90847583532606,2.152,2.152,2.152,6.31070150127481,4.81303243919736,3.90666839834294,2.28872180606981,1.5616,1.73665448900496,1.5616,4.56902650059663,4.22935498989183,3.02176285847456,1.98492303436775,1.38078150762042,1.03803188289139,1.11288979331431,3.03061644745456,3.24,3.24,2.99528890209564,2.5145340744752,1.80069922564578,0.793541287792644,0.653245172379563,0.648,0.648,0.281427304561304,0,0,0,0,0,0,0,0,0,0,0,0,0,0,0,0,0,0,0,0,0,0,0,0,0,0,0,0,0,0,0,0,0,0,0,0,0,0,0,0,0,0,0,0,0
0,0,0,0,0,0,0,0,0,0,0,0,0,0,0,0,0,0,0,0,0,0,0,0,0,0,0,0,0,0,0,0,0,0,0,0,0,0,0,0,0,0,0,0,0,0.0442428429089913,0.605427304561304,0.648,0.648,0.734245172379563,1.32633030234113,2.27734961282289,2.8174005558564,3.23828890209564,3.24,2.55487810355895,1.92341644745457,1.14369292674956,1.35273765116749,1.80632915551962,2.85924100015724,3.98362250777766,4.90930824930085,2.78582650059661,1.5616,1.62605885479187,2.04400326823905,3.50899141984389,6.11317944543073,2.65521748049459,2.27174276605546,2.152,2.60068828835381,3.0481508267857,3.54995549123194,2.7664,2.77279464926087,2.7664,2.7664,2.95030927593989,3.10804130198127,3.20614488341557,3.21168188620944,3.88822093164584,5.11506570047261,6.70245319548361,9.97376303802089,10.1261844514299,11.6416520074319,4.16671632864496,4.95615905255356,5.32159881569194,6.39926193929083,6.20618137677185,6.38005483344231,7.04798176161177,7.3087952627677,8.34121675783894,8.69779197629637,9.50859937816709,1.94083813485178,9.50859937816668,8.69779197629621,8.34121675783869,7.30879526276759,7.04798176161152,6.38005483344223,6.20618137677178,6.3992619392907,5.32159881569187,4.95615905255348,4.16671632864493,11.6416520074321,10.1261844514299,9.97376303802041,6.70245319548337,5.11506570047249,3.88822093164581,3.21168188620941,3.20614488341555,3.10804130198126,2.95030927593988,2.7664,2.7664,2.77279464926087,2.7664,3.54995549123196,3.04815082678564,2.60068828835375,2.152,2.27174276605552,2.65521748049466,6.11317944543058,3.50899141984379,2.044003268239,1.62605885479186,1.5616,2.78582650059663,4.90930824930084,3.98362250777765,2.85924100015723,1.80632915551961,1.35273765116748,1.14369292674955,1.92341644745456,2.55487810355893,3.24,3.23828890209564,2.8174005558564,2.27734961282289,1.32633030234115,0.734245172379563,0.648,0.648,0.605427304561304,0.0442428429089913,0,0,0,0,0,0,0,0,0,0,0,0,0,0,0,0,0,0,0,0,0,0,0,0,0,0,0,0,0,0,0,0,0,0,0,0,0,0,0,0,0,0,0,0
0,0,0,0,0,0,0,0,0,0,0,0,0,0,0,0,0,0,0,0,0,0,0,0,0,0,0,0,0,0,0,0,0,0,0,0,0,0,0,0,0,0,0,0,0,0.368242842908991,0.648,0.648,0.696257888034583,0.902776411346333,2.08941094204084,2.61244377953462,3.0604005558564,3.24,2.43726975573507,1.0256,1.04984401321922,1.27189292674956,1.6615259185058,2.57522796252119,3.62607510077833,4.5379543234835,4.09121950065346,1.5616,1.57751040786764,2.00945149006676,3.34368043576522,5.90991168630773,4.72820618743457,2.152,2.152,2.24339166381988,3.17523499829193,3.74189121951355,3.21810716188413,2.7664,2.7664,2.79568656835314,2.81912577122355,3.12778404344079,3.1248,3.70694284077304,4.59753154244301,6.02057461934651,8.91115426759766,9.68480505101036,5.85032189509138,4.65319510724085,5.09986565153573,5.15160669132974,5.95639662471104,7.39150259060551,8.70327994068611,9.59440108317322,12.493642634138,9.83524144982998,15.3082611398227,13.2827635236617,11.7907046589493,8.06593626465076,0,8.06593626465133,11.7907046589497,13.2827635236618,15.3082611398222,9.83524144983008,12.493642634138,9.59440108317298,8.70327994068579,7.39150259060526,5.95639662471094,5.15160669132961,5.09986565153585,4.65319510724111,5.85032189509179,9.68480505101046,8.9111542675972,6.02057461934619,4.59753154244289,3.70694284077301,3.1248,3.12778404344078,2.81912577122353,2.79568656835313,2.7664,2.7664,3.21810716188417,3.74189121951358,3.17523499829189,2.24339166381984,2.152,2.152,4.72820618743474,5.90991168630765,3.34368043576518,2.00945149006675,1.57751040786764,1.5616,4.09121950065349,4.53795432348349,3.62607510077832,2.57522796252118,1.66152591850579,1.27189292674955,1.04984401321922,1.0256,2.43726975573507,3.24,3.0604005558564,2.61244377953462,2.08941094204086,0.902776411346338,0.696257888034584,0.648,0.648,0.368242842908991,0,0,0,0,0,0,0,0,0,0,0,0,0,0,0,0,0,0,0,0,0,0,0,0,0,0,0,0,0,0,0,0,0,0,0,0,0,0,0,0,0,0,0,0
0,0,0,0,0,0,0,0,0,0,0,0,0,0,0,0,0,0,0,0,0,0,0,0,0,0,0,0,0,0,0,0,0,0,0,0,0,0,0,0,0,0,0,0,0.131058381256669,0.648,0.648,0.648,0.86389811393297,1.64844389198748,2.46162386337792,2.88251220961717,3.24,3.24,1.33006975573507,1.0256,1.17804401321922,1.51818585349911,2.12976736111954,3.06735376905107,4.16255866936218,5.0507543234835,2.30801950065346,1.5616,1.96976996488855,3.12509567841744,4.95620960656018,6.49190075556321,2.21781963844473,2.152,2.152,2.83071496754643,3.01983598958034,2.7664,2.7664,2.7664,2.7664,3.0463422665072,3.08138560382721,3.52566474990023,4.12857070246822,4.84559310381254,6.90472801014595,12.1768212823652,8.27666195606214,6.95571767400426,4.94522267948884,6.09881853441057,6.91711810510712,8.30301205028556,10.1816002859669,12.1196634756272,9.15578494694804,8.18940159356619,6.5472608847066,5.23890422161141,9.26357216710314,5.82606917187303,6.76001616956778,5.57826803163962,0.990275471242955,5.57826803163939,6.76001616956782,5.82606917187283,9.26357216710356,5.23890422161133,6.54726088470687,8.18940159356658,9.15578494694845,12.1196634756274,10.1816002859667,8.30301205028521,6.91711810510693,6.09881853441041,4.94522267948875,6.9557176740048,8.27666195606266,12.1768212823648,6.90472801014556,4.84559310381235,4.12857070246814,3.5256647499002,3.0813856038272,3.04634226650719,2.7664,2.7664,2.7664,2.7664,3.01983598958036,2.83071496754638,2.152,2.152,2.21781963844491,6.49190075556331,4.95620960656011,3.12509567841738,1.96976996488854,1.5616,2.30801950065349,5.05075432348349,4.16255866936218,3.06735376905106,2.12976736111953,1.51818585349911,1.17804401321922,1.0256,1.33006975573507,3.24,3.24,2.88251220961717,2.46162386337793,1.64844389198748,0.86389811393297,0.648,0.648,0.648,0.131058381256683,0,0,0,0,0,0,0,0,0,0,0,0,0,0,0,0,0,0,0,0,0,0,0,0,0,0,0,0,0,0,0,0,0,0,0,0,0,0,0,0,0,0,0
0,0,0,0,0,0,0,0,0,0,0,0,0,0,0,0,0,0,0,0,0,0,0,0,0,0,0,0,0,0,0,0,0,0,0,0,0,0,0,0,0,0,0,0,0.455058381256669,0.648,0.648,0.744198607155057,1.1606433987654,2.12698068951825,2.69601992897246,3.12551220961717,3.24,3.24,1.76356259558479,1.08419509968889,1.33048802643845,1.77458585349911,2.64256736111954,3.70835376905107,4.67535866936218,3.61341250071027,1.5616,1.68536990187954,2.40035459621831,4.43218463132978,6.85590592419761,4.1519007555632,2.152,2.34617328664571,2.72499919029518,3.68109748405729,2.80282767048103,2.7664,2.7664,2.77087834196869,2.91515876179086,3.12979749900219,3.29980411219409,3.9550405420439,5.63864022518643,9.62742292047048,9.21588320681371,10.4115998883438,5.03739831235554,5.45535905255359,6.89515298294729,8.91819037746953,12.5944821909153,15.5617814202142,9.90915433930411,5.05554660959909,5.71780820159093,6.69008509362291,7.0025578653976,8.38086312588829,9.27651082504367,9.03257523327503,10.9221939169236,6.05067635291272,0,6.05067635291239,10.9221939169231,9.03257523327471,9.27651082504348,8.38086312588803,7.00255786539736,6.69008509362269,5.7178082015908,5.055546609599,9.90915433930443,15.5617814202141,12.5944821909148,8.91819037746919,6.89515298294704,5.45535905255339,5.0373983123554,10.4115998883445,9.2158832068139,9.62742292047013,5.63864022518633,3.95504054204376,3.29980411219405,3.12979749900218,2.91515876179085,2.77087834196868,2.7664,2.7664,2.80282767048106,3.68109748405733,2.72499919029513,2.3461732866457,2.152,4.15190075556331,6.85590592419755,4.43218463132973,2.40035459621829,1.68536990187953,1.5616,3.61341250071029,4.67535866936218,3.70835376905106,2.64256736111953,1.77458585349911,1.33048802643845,1.08419509968889,1.76356259558479,3.24,3.24,3.12551220961717,2.69601992897247,2.12698068951825,1.1606433987654,0.744198607155059,0.648,0.648,0.455058381256683,0,0,0,0,0,0,0,0,0,0,0,0,0,0,0,0,0,0,0,0,0,0,0,0,0,0,0,0,0,0,0,0,0,0,0,0,0,0,0,0,0,0,0
0,0,0,0,0,0,0,0,0,0,0,0,0,0,0,0,0,0,0,0,0,0,0,0,0,0,0,0,0,0,0,0,0,0,0,0,0,0,0,0,0,0,0,0.217873919604356,0.648,0.648,0.648,0.792072414306556,1.66466037977657,2.45098068951825,2.94762386337792,3.24,3.24,3.24,1.33006975573507,1.21239509968889,1.58688802643845,2.26717170699822,3.23910920139942,4.29996301524085,4.91880550076707,1.83021250071027,1.5616,2.30225149006677,3.92277617719164,6.111130899428,6.36679762853581,2.152,2.152,3.01867328664572,3.52234252476723,3.18129748405729,2.7664,2.7664,2.83199175235818,3.08689485850972,3.10619383021166,3.66712418094738,4.43956952271823,6.51547676962507,8.65524559945536,12.378860454954,4.1909775869641,4.99871575807504,6.67583502590608,8.18303857883036,12.4558525536439,10.3500808815164,10.803312017772,6.88345321201518,6.61400546319893,8.05114666027621,9.38985260490691,12.2411447969791,10.5595655211108,16.3590449879341,17.0103386201682,21.6537974885319,13.783121043729,7.19629048944569,0.669748408661303,7.19629048944572,13.7831210437294,21.6537974885319,17.0103386201679,16.3590449879333,10.5595655211108,12.2411447969787,9.38985260490662,8.05114666027593,6.61400546319863,6.88345321201566,10.8033120177729,10.3500808815169,12.4558525536434,8.18303857883017,6.675835025906,4.99871575807506,4.19097758696401,12.3788604549543,8.65524559945536,6.51547676962484,4.43956952271814,3.66712418094733,3.10619383021165,3.08689485850971,2.83199175235816,2.7664,2.7664,3.18129748405733,3.5223425247672,3.01867328664569,2.152,2.152,6.36679762853593,6.11113089942792,3.92277617719162,2.30225149006675,1.5616,1.83021250071029,4.9188055007671,4.29996301524085,3.23910920139941,2.26717170699821,1.58688802643845,1.21239509968889,1.33006975573507,3.24,3.24,3.24,2.94762386337793,2.45098068951825,1.66466037977656,0.792072414306554,0.648,0.648,0.648,0.21787391960436,0,0,0,0,0,0,0,0,0,0,0,0,0,0,0,0,0,0,0,0,0,0,0,0,0,0,0,0,0,0,0,0,0,0,0,0,0,0,0,0,0,0
0,0,0,0,0,0,0,0,0,0,0,0,0,0,0,0,0,0,0,0,0,0,0,0,0,0,0,0,0,0,0,0,0,0,0,0,0,0,0,0,0,0,0,0.541873919604356,0.648,0.648,0.648,1.06501515757845,2.04492935289974,2.65141548852914,3.18643002761688,3.24,3.24,2.14059640987536,1.09486261757471,1.35496206314229,1.83879811275089,2.77997170699822,3.88010920139942,4.81276301524085,3.13560550076707,1.5616,1.90207704150815,3.16112065364782,5.51890989466565,7.53684194651566,3.53879762853585,2.152,2.60911920395985,3.15159758611652,3.34822723595176,2.7664,2.7664,2.7664,3.01119175235818,3.1248,3.44904761359102,4.51091940812941,6.96092406635869,12.6061271415915,4.71776342212534,5.28180788300954,5.92322131754553,7.45215905255357,10.4139989933273,12.4468744964835,14.7046923503028,5.76719973698091,7.30584366849894,8.17540911377761,12.0383452413192,15.2810807335658,13.1309624282108,7.85715264325132,6.10773205814883,11.024555359372,11.2414376136866,9.36151962770597,7.30823179338556,7.07142882969205,2.04705786181393,7.07142882969175,7.30823179338536,9.36151962770628,11.2414376136871,11.0245553593724,6.10773205814872,7.85715264325164,13.1309624282106,15.2810807335651,12.0383452413185,8.17540911377749,7.30584366849879,5.76719973698144,14.7046923503038,12.4468744964836,10.4139989933268,7.45215905255337,5.92322131754539,5.28180788300972,4.71776342212553,12.6061271415917,6.96092406635834,4.51091940812933,3.44904761359099,3.1248,3.01119175235816,2.7664,2.7664,2.7664,3.34822723595181,3.15159758611654,2.60911920395982,2.152,3.53879762853593,7.53684194651561,5.51890989466563,3.1611206536478,1.90207704150814,1.5616,3.1356055007671,4.81276301524085,3.88010920139941,2.77997170699821,1.83879811275089,1.35496206314228,1.09486261757471,2.14059640987532,3.24,3.24,3.18643002761688,2.65141548852914,2.04492935289974,1.06501515757846,0.648,0.648,0.648,0.54187391960436,0,0,0,0,0,0,0,0,0,0,0,0,0,0,0,0,0,0,0,0,0,0,0,0,0,0,0,0,0,0,0,0,0,0,0,0,0,0,0,0,0,0
0,0,0,0,0,0,0,0,0,0,0,0,0,0,0,0,0,0,0,0,0,0,0,0,0,0,0,0,0,0,0,0,0,0,0,0,0,0,0,0,0,0,0.304689457952042,0.648,0.648,0.654866874966199,0.666289183227777,1.52423739679784,2.26782870381413,2.83640543970327,3.22822358865367,3.24,2.95112306401561,1.03339640987536,1.0256,1.42558195007694,2.43464352597234,3.49673048833632,4.43736736111954,4.44099850082393,1.5616,1.5616,2.48767704150815,4.52752065364782,6.33283463889915,5.60903731234061,2.152,2.25736911855564,2.74708579091593,2.78517043884956,2.7664,2.7664,2.7664,2.88000824764183,3.1248,3.18689186329168,3.92602613591011,6.115385135511,11.4397922825151,9.36756006605304,4.46364458918836,5.78555499629292,8.04760076978944,11.9688293708186,16.0779904754991,8.63562607415462,7.18721575613357,9.02053682343487,11.7017808447589,14.6840346107137,22.155811159703,14.5277150927272,11.0405772795182,8.1079931809659,8.59907500241556,8.64697315943556,9.02964640619942,7.69581533273043,10.8455413391068,8.41381441982535,2.90309607287802,8.41381441982553,10.8455413391069,7.69581533273048,9.02964640619961,8.64697315943556,8.59907500241549,8.10799318096572,11.0405772795188,14.5277150927283,22.1558111597046,14.6840346107135,11.7017808447587,9.02053682343449,7.18721575613344,8.63562607415508,16.0779904754994,11.9688293708182,8.04760076978903,5.78555499629279,4.46364458918829,9.36756006605348,11.4397922825152,6.11538513551088,3.92602613591005,3.18689186329164,3.1248,2.88000824764182,2.7664,2.7664,2.7664,2.78517043884957,2.74708579091589,2.25736911855562,2.152,5.60903731234077,6.33283463889922,4.5275206536478,2.48767704150814,1.5616,1.5616,4.44099850082395,4.43736736111953,3.49673048833631,2.43464352597235,1.42558195007694,1.0256,1.03339640987532,2.95112306401561,3.24,3.22822358865367,2.83640543970326,2.26782870381413,1.52423739679784,0.666289183227783,0.6548668749662,0.648,0.648,0.304689457952047,0,0,0,0,0,0,0,0,0,0,0,0,0,0,0,0,0,0,0,0,0,0,0,0,0,0,0,0,0,0,0,0,0,0,0,0,0,0,0,0,0
0,0,0,0,0,0,0,0,0,0,0,0,0,0,0,0,0,0,0,0,0,0,0,0,0,0,0,0,0,0,0,0,0,0,0,0,0,0,0,0,0,0.0675049962997201,0.628689457952042,0.648,0.648,0.695240007400557,1.02171525080766,1.80154928828008,2.67107263921227,3.08324517237956,3.22375755067601,3.24,1.84392306401561,1.0256,1.21149237231713,1.77432024525759,2.94467053094781,4.05705097449376,4.95016736111954,2.65779850082393,1.5616,2.05898808859582,3.52724643018568,5.37784218548401,2.22462687659325,2.4747840308363,2.152,2.82001832593165,2.99963782331131,2.7664,2.7664,2.7664,2.7664,3.05920824764183,3.1248,4.19143568154608,6.29391279493758,6.72393120865116,4.26888715422516,4.51265042191118,6.60380837897426,8.21570913397887,15.0376874019148,10.9735608643356,6.41678902715608,7.6422315629442,9.81638675421201,16.9332113200609,7.17833380779756,8.40028396551364,7.39010349730017,8.1409587353862,9.1867976199377,8.32406153592869,7.00345976705655,7.1690302977182,6.97388344040245,6.9632,6.99474037765334,6.05382019921665,0,6.0538201992165,6.99474037765346,6.9632,6.97388344040248,7.16903029771828,7.00345976705666,8.32406153592888,9.18679761993773,8.1409587353862,7.39010349730047,8.40028396551406,7.17833380779829,16.9332113200601,9.81638675421147,7.6422315629438,6.41678902715643,10.9735608643358,15.0376874019142,8.21570913397874,6.60380837897407,4.51265042191102,4.26888715422561,6.72393120865124,6.29391279493738,4.19143568154599,3.1248,3.05920824764182,2.7664,2.7664,2.7664,2.7664,2.99963782331132,2.82001832593162,2.152,2.47478403083637,2.22462687659333,5.37784218548399,3.52724643018566,2.05898808859581,1.5616,2.65779850082395,4.95016736111953,4.05705097449375,2.94467053094782,1.77432024525758,1.21149237231713,1.0256,1.84392306401561,3.24,3.22375755067601,3.08324517237956,2.67107263921227,1.80154928828009,1.02171525080766,0.695240007400555,0.648,0.648,0.628689457952047,0.0675049962997338,0,0,0,0,0,0,0,0,0,0,0,0,0,0,0,0,0,0,0,0,0,0,0,0,0,0,0,0,0,0,0,0,0,0,0,0,0,0,0,0
0,0,0,0,0,0,0,0,0,0,0,0,0,0,0,0,0,0,0,0,0,0,0,0,0,0,0,0,0,0,0,0,0,0,0,0,0,0,0,0,0,0.39150499629972,0.648,0.648,0.648,0.684436509990754,1.2549930678147,2.1959655319398,2.91584717089945,3.16424517237956,3.24,2.65444971815586,1.0256,1.0256,1.46789237231713,2.09878529906668,3.40529492052742,4.57477170699822,3.96319150088073,1.5616,1.61076829926454,2.51719775816497,4.89364643018568,7.00393198884099,4.45417470438281,2.152,2.42617499145959,3.17222262151483,2.77246529512792,2.7664,2.7664,2.84037939152412,2.92802474292549,3.37243047728181,4.09804620466341,5.81542418094747,10.7567622489025,5.24189607314017,4.63967893412274,6.01663739452225,9.3602523760086,9.34314498093721,6.96370684788448,5.6590916955762,8.19620523515222,13.0281872863209,9.82215694392473,12.2769475066256,6.92861261955739,8.47664315955884,10.8889749043589,7.21404385404447,7.06657489678584,6.9632,7.71077900889142,8.25854382050267,8.36221573075401,9.83654503974934,9.83646450679968,11.1793588976472,2.22948109858669,11.1793588976466,9.83646450679943,9.83654503974892,8.36221573075377,8.25854382050242,7.71077900889133,6.9632,7.06657489678589,7.21404385404455,10.8889749043589,8.47664315955869,6.92861261955717,12.2769475066266,9.82215694392544,13.0281872863204,8.19620523515206,5.65909169557645,6.96370684788504,9.3431449809372,9.36025237600827,6.01663739452217,4.6396789341227,5.24189607314033,10.7567622489022,5.81542418094721,4.09804620466331,3.37243047728179,2.92802474292548,2.84037939152411,2.7664,2.7664,2.77246529512794,3.17222262151483,2.42617499145957,2.152,4.45417470438278,7.00393198884097,4.89364643018566,2.51719775816497,1.61076829926453,1.5616,3.96319150088076,4.57477170699821,3.40529492052744,2.09878529906668,1.46789237231713,1.0256,1.0256,2.65444971815586,3.24,3.16424517237956,2.91584717089945,2.19596553193981,1.25499306781471,0.684436509990757,0.648,0.648,0.648,0.391504996299734,0,0,0,0,0,0,0,0,0,0,0,0,0,0,0,0,0,0,0,0,0,0,0,0,0,0,0,0,0,0,0,0,0,0,0,0,0,0,0,0
0,0,0,0,0,0,0,0,0,0,0,0,0,0,0,0,0,0,0,0,0,0,0,0,0,0,0,0,0,0,0,0,0,0,0,0,0,0,0,0,0.154320534647402,0.648,0.648,0.648,0.648,0.832121421454496,1.5665978456166,2.32542469395858,2.91076981651961,3.24,3.24,1.54724971815586,1.0256,1.25232776096454,1.8172385584757,2.65917059813337,4.03247654012377,5.08535915660906,2.17999150088073,1.5616,1.99779942378899,3.46667761771917,5.94748210138921,6.9215166799502,2.152,2.152,2.96417499145959,2.94142262151483,2.7664,2.7664,2.8448577334928,3.1248,3.11985979008892,3.76303047728181,5.35672809087284,10.3574075906734,9.49740783764356,4.39710922279647,5.49694365654852,7.5673554996295,15.6572303774915,7.52584295280678,6.89109287621224,8.88492443915635,14.3747488022972,17.2399903711093,6.02965697844396,8.73127654941708,7.82177966171082,7.74760765918048,7.54692803657783,7.27221397102535,8.32215740815961,9.44492946610902,12.485640536716,15.0510932847285,17.0910537410044,16.2329264109073,13.9350998247224,11.0041842385583,0,11.0041842385588,13.9350998247226,16.2329264109074,17.0910537410039,15.051093284728,12.4856405367155,9.44492946610849,8.32215740815933,7.27221397102524,7.546928036578,7.74760765918064,7.82177966171092,8.73127654941687,6.02965697844381,17.2399903711096,14.3747488022964,8.88492443915593,6.89109287621202,7.52584295280707,15.657230377491,7.56735549962894,5.49694365654838,4.3971092227964,9.49740783764382,10.357407590673,5.35672809087273,3.76303047728179,3.11985979008891,3.1248,2.8448577334928,2.7664,2.7664,2.94142262151483,2.96417499145957,2.152,2.152,6.92151667995024,5.9474821013892,3.46667761771915,1.99779942378899,1.5616,2.17999150088076,5.08535915660905,4.03247654012378,2.65917059813335,1.8172385584757,1.25232776096455,1.0256,1.54724971815586,3.24,3.24,2.9107698165196,2.32542469395859,1.5665978456166,0.832121421454498,0.648,0.648,0.648,0.648,0.154320534647411,0,0,0,0,0,0,0,0,0,0,0,0,0,0,0,0,0,0,0,0,0,0,0,0,0,0,0,0,0,0,0,0,0,0,0,0,0,0,0
0,0,0,0,0,0,0,0,0,0,0,0,0,0,0,0,0,0,0,0,0,0,0,0,0,0,0,0,0,0,0,0,0,0,0,0,0,0,0,0,0.478320534647402,0.648,0.648,0.648,0.675198775834342,1.01084484142889,2.00578634771936,2.6404516675692,3.07784717089945,3.24,2.35777637229614,1.0256,1.0590483590979,1.28109727262823,2.18121731632918,3.41250487791593,4.60822006609612,3.48538450093754,1.5616,1.70561927612929,2.46640339425706,4.47771444134472,7.18825264248877,4.0935166799502,2.152,2.55256584557461,3.11037994790172,2.7664,2.7664,2.7664,3.0240577334928,3.1248,3.47709143184541,4.64889143184542,7.90589284077313,14.3780328353645,4.88755251879046,6.33311751295306,7.98848663212531,14.1523015247941,13.423427905259,5.94408945368017,9.72935950064812,15.2321244138179,13.6501118653193,11.9917167760065,9.04981501594104,8.74900252334869,6.9632,7.34195652829525,8.23911576532466,10.6650833987975,15.1571696194564,17.8388459576455,16.0796535850626,16.561462452465,12.3920610297748,8.41352401924833,9.03699514961279,9.86234204293694,1.79958503581952,9.86234204293693,9.03699514961289,8.41352401924824,12.3920610297754,16.561462452466,16.0796535850629,17.8388459576456,15.1571696194559,10.6650833987969,8.2391157653243,7.34195652829512,6.9632,8.74900252334877,9.0498150159408,11.9917167760075,13.6501118653203,15.2321244138174,9.72935950064774,5.94408945368004,13.4234279052595,14.1523015247936,7.98848663212516,6.33311751295296,4.88755251879083,14.3780328353649,7.90589284077281,4.64889143184537,3.47709143184538,3.1248,3.0240577334928,2.7664,2.7664,2.7664,3.11037994790173,2.55256584557459,2.152,4.09351667995024,7.18825264248875,4.47771444134471,2.46640339425705,1.70561927612929,1.5616,3.48538450093756,4.60822006609612,3.41250487791593,2.18121731632918,1.28109727262824,1.0590483590979,1.0256,2.35777637229611,3.24,3.07784717089945,2.6404516675692,2.00578634771935,1.01084484142888,0.675198775834343,0.648,0.648,0.648,0.478320534647411,0,0,0,0,0,0,0,0,0,0,0,0,0,0,0,0,0,0,0,0,0,0,0,0,0,0,0,0,0,0,0,0,0,0,0,0,0,0,0
0,0,0,0,0,0,0,0,0,0,0,0,0,0,0,0,0,0,0,0,0,0,0,0,0,0,0,0,0,0,0,0,0,0,0,0,0,0,0,0.274258804305603,0.680157757216568,0.648,0.648,0.648,0.699303497409804,1.21625261060273,2.14277214599018,2.79217009124386,3.24,3.23648411623369,2.14773062005706,1.0256,1.1872483590979,1.67013423499219,2.61478911290813,3.95087057573818,4.94285199795441,1.70218450093754,1.5616,1.84526346447995,3.25684303592865,5.63991271271169,6.03888156408192,2.152,2.16976581141292,2.65361417492241,2.82009243509109,2.7664,2.7664,2.89287422877646,3.1248,3.19115238640901,3.86769143184541,5.82069143184542,12.6524342726185,9.74247044539697,5.50016023686167,7.55007834196871,9.60962691681874,19.7389658295871,7.25835535358693,7.82688945368017,16.6538717582342,13.1342290753343,7.36716836602432,8.25126548867562,9.25225419574839,7.22354810069816,7.59701198504192,11.4797215661614,12.2427373057183,13.6874841637085,12.7267756821944,8.89257708703409,8.75099266469458,9.30232314332181,9.24423353812178,9.39842428078209,9.91914864544219,6.30548413768169,0,6.30548413768201,9.91914864544209,9.39842428078207,9.24423353812175,9.30232314332183,8.75099266469451,8.89257708703468,12.7267756821951,13.6874841637088,12.2427373057183,11.479721566161,7.59701198504181,7.22354810069835,9.25225419574877,8.25126548867567,7.36716836602409,13.1342290753345,16.6538717582334,7.82688945368004,7.25835535358735,19.7389658295876,9.60962691681871,7.55007834196864,5.50016023686154,9.7424704453973,12.6524342726182,5.82069143184537,3.86769143184538,3.19115238640898,3.1248,2.89287422877645,2.7664,2.7664,2.8200924350911,2.65361417492241,2.16976581141292,2.152,6.03888156408196,5.63991271271168,3.25684303592864,1.84526346447995,1.5616,1.70218450093756,4.94285199795439,3.95087057573817,2.61478911290813,1.6701342349922,1.1872483590979,1.0256,2.14773062005707,3.23648411623369,3.24,2.79217009124387,2.14277214599018,1.21625261060273,0.69930349740981,0.648,0.648,0.648,0.68015775721657,0.274258804305615,0,0,0,0,0,0,0,0,0,0,0,0,0,0,0,0,0,0,0,0,0,0,0,0,0,0,0,0,0,0,0,0,0,0,0,0,0,0
0,0,0,0,0,0,0,0,0,0,0,0,0,0,0,0,0,0,0,0,0,0,0,0,0,0,0,0,0,0,0,0,0,0,0,0,0,0,0.00352974249897242,0.558700123698144,0.6622500297501,0.648,0.648,0.657968423674661,0.83616992256458,1.43069683994878,2.47341526362343,3.00468695980218,3.22286653760763,3.24,2.35777637229614,1.03800815972012,1.26762117496098,1.83975379144626,2.85450920139943,4.4440287354583,5.09504727262823,3.13330750156258,1.5616,2.00906513010397,3.97796368957646,6.86341639507424,3.22814842281892,2.152,2.71448832251547,2.98835644408678,2.7664,2.7664,2.7664,3.07207422877646,3.1248,3.58175238640901,4.96287429553622,9.22116572738167,13.6782089534818,5.08991928941518,6.81919881569195,9.82271573649097,6.64328376131729,7.52292842082522,8.2525298010011,9.68161458094155,17.7033979779909,7.55201355905124,9.97180415788727,7.78077508488637,6.9632,8.98685584011521,12.6525665273539,15.2838634762532,8.26569578090248,9.87019865075651,9.29036530718061,9.34098393042246,10.174353175422,10.844779763133,11.4142509854087,14.0972812028022,15.3626790858543,14.7223910251518,1.79402082903458,14.7223910251506,15.3626790858535,14.0972812028017,11.4142509854085,10.8447797631328,10.1743531754218,9.34098393042242,9.29036530718056,9.87019865075645,8.26569578090242,15.2838634762533,12.6525665273532,8.9868558401149,6.9632,7.78077508488647,9.97180415788705,7.55201355905183,17.7033979779922,9.68161458094181,8.25252980100085,7.52292842082567,6.6432837613174,9.82271573649074,6.81919881569188,5.08991928941511,13.6782089534822,9.22116572738147,4.96287429553613,3.58175238640898,3.1248,3.07207422877645,2.7664,2.7664,2.7664,2.98835644408677,2.71448832251546,2.152,3.22814842281896,6.86341639507423,3.97796368957645,2.00906513010396,1.5616,3.1333075015626,5.09504727262824,4.4440287354583,2.85450920139943,1.83975379144626,1.26762117496097,1.03800815972012,2.35777637229611,3.24,3.22286653760763,3.00468695980218,2.47341526362343,1.43069683994877,0.836169922564578,0.657968423674659,0.648,0.648,0.662250029750098,0.558700123698148,0.00352974249898885,0,0,0,0,0,0,0,0,0,0,0,0,0,0,0,0,0,0,0,0,0,0,0,0,0,0,0,0,0,0,0,0,0,0,0,0,0
0,0,0,0,0,0,0,0,0,0,0,0,0,0,0,0,0,0,0,0,0,0,0,0,0,0,0,0,0,0,0,0,0,0,0,0,0,0,0.250214933098555,0.576158146529646,0.648,0.648,0.648,0.648,0.782584961282285,1.73423807151499,2.61142242071444,3.04923546091226,3.24,3.16830302643639,1.25057637229614,1.0256,1.34889671819581,2.04191897962645,3.22530268258141,4.52488532146187,4.79077750099439,1.70218450093754,1.5616,2.54423906546058,5.5117857837518,5.11019547134879,2.152,2.26305165357136,3.1440241646739,3.42454526153448,2.81125503188538,2.7664,2.7664,2.96639175235817,3.29581334097259,4.10505715922702,6.13467429553622,13.9083657273817,8.3622089534818,6.08831928941518,9.21247774981474,9.79690009793373,5.57477367220812,8.44322454051044,11.973070148322,7.27001292148351,7.48896729345709,8.26540609619489,9.38236386950092,7.21204595418412,7.96134774848345,14.1177613361404,18.6082155838874,13.3114690682157,9.02987293979628,9.5772440932648,10.4129706180622,12.3427237934843,15.8397093640967,11.8743465613272,11.408536464921,13.5562863752312,16.2677041708118,11.2597725299582,1.56101835240058,11.2597725299585,16.2677041708125,13.5562863752316,11.4085364649211,11.8743465613274,15.8397093640964,12.3427237934838,10.412970618062,9.57724409326484,9.02987293979618,13.311469068216,18.6082155838879,14.1177613361398,7.96134774848301,7.21204595418405,9.38236386950127,8.265406096195,7.48896729345697,7.27001292148368,11.9730701483218,8.44322454051019,5.57477367220799,9.79690009793393,9.2124777498145,6.08831928941511,8.36220895348218,13.9083657273815,6.13467429553613,4.10505715922693,3.29581334097258,2.96639175235818,2.7664,2.7664,2.81125503188537,3.42454526153445,3.14402416467391,2.26305165357136,2.152,5.11019547134882,5.5117857837518,2.54423906546057,1.5616,1.70218450093756,4.79077750099437,4.52488532146187,3.22530268258141,2.04191897962646,1.34889671819581,1.0256,1.25057637229611,3.16830302643639,3.24,3.04923546091226,2.61142242071444,1.73423807151499,0.782584961282294,0.648,0.648,0.648,0.648,0.576158146529646,0.250214933098569,0,0,0,0,0,0,0,0,0,0,0,0,0,0,0,0,0,0,0,0,0,0,0,0,0,0,0,0,0,0,0,0,0,0,0,0,0
0,0,0,0,0,0,0,0,0,0,0,0,0,0,0,0,0,0,0,0,0,0,0,0,0,0,0,0,0,0,0,0,0,0,0,0,0,0.0692519734675312,0.49532770696946,0.628358180265502,0.648,0.648,0.648,0.697126417754219,1.15269922564577,2.12936653760764,2.7136043842169,3.15754611541308,3.24,2.06110302643639,1.0256,1.1239744119748,1.62617170699822,2.3048918178847,3.84477871306313,4.84958039875558,3.00757750099439,1.5616,1.93786852436102,3.2857619609434,5.95217002504959,2.50016037635627,2.152,2.31133498121108,3.23989750256212,3.37737144579485,2.7664,2.7664,2.7664,3.07207422877646,3.68641334097259,5.27685715922702,10.459821477681,12.253791046518,5.35743976313841,7.27775609178341,13.2943934863056,6.78441761088674,7.45757367220812,11.4259421092641,10.0440385497921,6.43920643540332,8.42151689849916,7.00054241596966,6.9632,8.8758527480126,14.7984422524584,13.4373757752092,8.57240244510183,9.72866612015918,9.61721850111427,11.7644485603311,16.4345621048735,16.1783582716174,16.7473579892692,10.6576,10.8422746416057,11.2520875180945,11.1633070542451,13.0966152439878,3.27924257529784,13.0966152439873,11.1633070542445,11.2520875180943,10.8422746416055,10.6576,16.74735798927,16.1783582716177,16.4345621048736,11.7644485603307,9.61721850111409,9.72866612015924,8.57240244510178,13.4373757752095,14.7984422524579,8.8758527480124,6.9632,7.00054241596972,8.42151689849923,6.43920643540321,10.0440385497923,11.4259421092638,7.45757367220799,6.784417610887,13.2943934863055,7.27775609178321,5.35743976313834,12.2537910465182,10.4598214776807,5.27685715922693,3.68641334097258,3.07207422877645,2.7664,2.7664,2.7664,3.37737144579488,3.23989750256213,2.31133498121109,2.152,2.50016037635631,5.95217002504963,3.28576196094339,1.93786852436102,1.5616,3.00757750099437,4.84958039875558,3.84477871306313,2.30489181788471,1.62617170699822,1.1239744119748,1.0256,2.06110302643639,3.24,3.15754611541308,2.71360438421689,2.12936653760763,1.15269922564578,0.697126417754215,0.648,0.648,0.648,0.628358180265505,0.495327706969465,0.0692519734675452,0,0,0,0,0,0,0,0,0,0,0,0,0,0,0,0,0,0,0,0,0,0,0,0,0,0,0,0,0,0,0,0,0,0,0,0
0,0,0,0,0,0,0,0,0,0,0,0,0,0,0,0,0,0,0,0,0,0,0,0,0,0,0,0,0,0,0,0,0,0,0,0,0,0.316451973467531,0.5582433193364,0.640181742156677,0.648,0.648,0.648,0.648,1.35810699481961,2.25418434919947,2.88121115413079,3.24,3.20871191784947,1.91495783788556,1.0256,1.22159944556758,1.78872279346789,2.80645199377788,4.32461412410572,4.3129705010512,1.5616,1.5616,2.23442375979935,4.19317957144868,3.48603745999761,2.152,2.152,2.36996829176997,3.74325043941778,2.87757144579485,2.7664,2.7664,2.94089072406012,3.28605195496272,4.26255195496273,6.65522863690804,14.4845043413718,6.53989056211903,6.35583976313841,9.50207715766066,9.19116389569104,6.07926841171743,9.70968945368021,14.9398537077963,6.83718941809436,8.31674463716401,7.60111689849916,6.9632,9.25192587751053,12.6706981521485,19.9379717355661,9.68058927774803,9.18600244510183,10.0807929718772,14.2891730310942,13.8868964494399,11.1642139803596,10.9617109518248,10.6919359638878,14.5041078434115,21.4179613705342,17.3060142609564,16.4973195053543,11.0776921747124,0,11.0776921747125,16.4973195053543,17.3060142609564,21.4179613705332,14.5041078434109,10.6919359638875,10.9617109518247,11.16421398036,13.8868964494398,14.2891730310936,10.0807929718771,9.18600244510179,9.68058927774836,19.9379717355664,12.6706981521483,9.25192587751015,6.9632,7.60111689849923,8.31674463716381,6.83718941809466,14.9398537077967,9.70968945367998,6.0792684117173,9.19116389569137,9.50207715766053,6.35583976313834,6.53989056211932,14.4845043413716,6.65522863690778,4.26255195496271,3.28605195496273,2.94089072406011,2.7664,2.7664,2.87757144579487,3.74325043941779,2.36996829176996,2.152,2.152,3.48603745999764,4.19317957144867,2.23442375979935,1.5616,1.5616,4.31297050105123,4.32461412410572,2.80645199377789,1.78872279346789,1.22159944556758,1.0256,1.91495783788562,3.20871191784949,3.24,2.8812111541308,2.25418434919947,1.35810699481962,0.648,0.648,0.648,0.648,0.640181742156677,0.558243319336403,0.316451973467545,0,0,0,0,0,0,0,0,0,0,0,0,0,0,0,0,0,0,0,0,0,0,0,0,0,0,0,0,0,0,0,0,0,0,0,0
0,0,0,0,0,0,0,0,0,0,0,0,0,0,0,0,0,0,0,0,0,0,0,0,0,0,0,0,0,0,0,0,0,0,0,0,0.135489013836507,0.4944,0.52222908799679,0.639720948726673,0.648,0.648,0.648,0.835252947961291,1.53792270184659,2.49168196350247,3.07920416571907,3.23090760049456,3.24,2.06110302643639,1.04796188398082,1.345527693779,2.00352616485282,2.88925552192907,4.66885064401317,3.24053884148817,1.5616,1.69086794815001,2.80250534798658,5.17669004232534,6.31070150127462,2.27174276605548,2.152,2.85864498804342,3.04290130036514,2.7664,2.7664,2.80970721934377,3.12009072406012,3.1248,4.85770997708225,10.1095435013971,9.61520848872546,4.94304035529245,7.43423857883032,10.1563001138767,5.54572117178248,7.96206841171743,12.8476894536802,10.2766537077963,7.36716836602431,9.28408816332702,6.9632,6.9632,12.835034962134,9.86130486705209,10.5540797268251,9.88139263138451,10.711974089568,12.1310529396014,12.3792191125565,11.2141408821891,10.6576,13.2824357043977,14.2996722451909,16.0453107282816,14.7185786829181,12.8308183252235,11.7451152172662,13.7289609916144,2.73916632232868,13.7289609916138,11.7451152172663,12.8308183252231,14.7185786829187,16.0453107282823,14.2996722451911,13.2824357043977,10.6576,11.2141408821894,12.3792191125571,12.1310529396013,10.7119740895678,9.88139263138454,10.5540797268256,9.86130486705234,12.8350349621337,6.9632,6.9632,9.28408816332712,7.36716836602416,10.2766537077967,12.84768945368,7.9620684117173,5.54572117178271,10.156300113877,7.43423857883026,4.94304035529239,9.61520848872586,10.1095435013969,4.85770997708222,3.1248,3.12009072406011,2.80970721934377,2.7664,2.7664,3.04290130036515,2.85864498804341,2.152,2.27174276605548,6.3107015012745,5.17669004232532,2.80250534798657,1.69086794815001,1.5616,3.24053884148817,4.66885064401318,2.88925552192909,2.00352616485281,1.345527693779,1.04796188398082,2.06110302643639,3.24,3.23090760049456,3.07920416571906,2.49168196350245,1.53792270184659,0.835252947961291,0.648,0.648,0.648,0.639720948726673,0.52222908799679,0.4944,0.135489013836514,0,0,0,0,0,0,0,0,0,0,0,0,0,0,0,0,0,0,0,0,0,0,0,0,0,0,0,0,0,0,0,0,0,0,0
0,0,0,0,0,0,0,0,0,0,0,0,0,0,0,0,0,0,0,0,0,0,0,0,0,0,0,0,0,0,0,0,0,0,0,0,0.382689013836507,0.4944,0.643270409951109,0.668062679783199,0.648,0.648,0.648,0.879078254002707,1.72877663625205,2.45041032355014,3.02974960641501,3.24,2.87162968057664,1.0256,1.0256,1.38876456656223,2.22791174960974,3.51028326049844,4.64722627682874,4.3129705010512,1.5616,1.5616,3.00912392188684,6.34723406858853,4.5367377481031,2.152,2.46480165357135,3.1911054566376,2.7664,2.7664,2.7664,2.98890721934377,3.1248,3.63559295536186,5.99898547927744,10.6412592986653,4.41294557919918,6.20064390821667,8.35263976313841,8.01607947959243,6.24662454051038,9.7121158068106,12.3048267818751,5.78975509807284,9.51816836602431,7.74668816332702,6.9632,11.1171085881278,12.6988774480416,8.45204331852905,9.69049399457474,9.4635028053325,14.4567796780218,11.9060662334568,10.6576,13.4538236792738,13.4465034569594,11.7358482289613,11.6967528392492,12.7970957726929,19.3822245730238,23.3385521774841,26.1006953779804,17.4828279287796,0,17.4828279287778,26.1006953779791,23.3385521774831,19.382224573023,12.7970957726924,11.6967528392491,11.7358482289613,13.4465034569592,13.4538236792733,10.6576,11.9060662334569,14.4567796780215,9.46350280533253,9.6904939945748,8.45204331852899,12.6988774480419,11.1171085881275,6.9632,7.74668816332712,9.51816836602416,5.78975509807267,12.3048267818755,9.71211580681051,6.24662454051032,8.01607947959202,8.35263976313834,6.20064390821671,4.41294557919949,10.6412592986657,5.99898547927741,3.63559295536184,3.1248,2.98890721934377,2.7664,2.7664,2.7664,3.19110545663759,2.46480165357135,2.152,4.53673774810314,6.34723406858851,3.00912392188685,1.5616,1.5616,4.31297050105123,4.64722627682874,3.51028326049846,2.22791174960973,1.38876456656223,1.0256,1.0256,2.87162968057664,3.24,3.029749606415,2.45041032355014,1.72877663625206,0.879078254002701,0.648,0.648,0.648,0.668062679783202,0.64327040995112,0.4944,0.382689013836514,0,0,0,0,0,0,0,0,0,0,0,0,0,0,0,0,0,0,0,0,0,0,0,0,0,0,0,0,0,0,0,0,0,0,0
0,0,0,0,0,0,0,0,0,0,0,0,0,0,0,0,0,0,0,0,0,0,0,0,0,0,0,0,0,0,0,0,0,0,0,0.201726054205476,0.4944,0.51148550546758,0.73780088039921,0.675359400298897,0.648,0.648,0.648,0.971232376311114,1.94242674229702,2.63609750825803,3.20260904315805,3.24,2.52160342232755,1.03920622066982,1.12775053203724,1.4845074709166,2.37672113017061,3.83721461135259,4.96889461244202,2.5297705010512,1.5616,2.09630695060158,3.80823311432343,6.08169027554305,2.152,2.152,2.56622153058931,3.92514920737601,3.14294514870692,2.7664,2.81086188919978,3.12065976883154,3.1248,3.7910742955362,6.80621584197042,5.89420507188252,4.44384035529244,6.24960355292428,10.9017578682456,19.2832860914997,7.38005250895553,11.4235157561335,8.1412688151236,7.20768471929578,8.41530647521654,6.9632,7.93122347358806,15.4691085881278,9.36631092068797,9.06564331852905,9.4224,14.6341976924547,16.3711903723084,11.1256607545332,12.2983361114283,24.957640248242,13.9114667039052,13.6111346299539,19.0928964579229,27.0079728371821,35.0153521774841,39.2815636048741,43.5633630473044,42.9701991871102,6.74815160957589,42.970199187109,43.5633630473033,39.2815636048731,35.015352177483,27.0079728371809,19.0928964579222,13.6111346299534,13.9114667039053,24.9576402482425,12.298336111428,11.1256607545331,16.3711903723084,14.6341976924541,9.4224,9.06564331852899,9.36631092068829,15.4691085881275,7.93122347358768,6.9632,8.41530647521668,7.20768471929566,8.14126881512384,11.4235157561335,7.38005250895573,19.2832860915002,10.9017578682452,6.24960355292423,4.4438403552924,5.89420507188272,6.8062158419704,3.79107429553618,3.1248,3.12065976883155,2.81086188919978,2.7664,3.14294514870689,3.92514920737602,2.56622153058933,2.152,2.152,6.08169027554309,3.80823311432342,2.09630695060158,1.5616,2.5297705010512,4.96889461244202,3.83721461135261,2.37672113017061,1.4845074709166,1.12775053203725,1.03920622066986,2.52160342232759,3.24,3.20260904315805,2.63609750825803,1.94242674229703,0.971232376311109,0.648,0.648,0.648,0.675359400298893,0.737800880399197,0.511485505467583,0.4944,0.201726054205493,0,0,0,0,0,0,0,0,0,0,0,0,0,0,0,0,0,0,0,0,0,0,0,0,0,0,0,0,0,0,0,0,0,0
0,0,0,0,0,0,0,0,0,0,0,0,0,0,0,0,0,0,0,0,0,0,0,0,0,0,0,0,0,0,0,0,0,0,0.0207630945744517,0.448926054205476,0.4944,0.5039596086961,0.610036329640357,0.648,0.648,0.648,0.648,0.86531506434926,2.12487052183165,2.87930627669181,3.20525210456486,3.24,2.87162968057664,1.02660312503791,1.16860964385594,1.69768245971901,2.80128937620318,4.25706842519402,4.26338602760496,1.5616,1.58451777259275,2.02723951565357,4.25063106151546,6.56714903922792,3.09848553211092,2.152,2.56190074138148,3.66414949794789,2.7664,2.7664,2.7664,3.00532780656228,3.5051352500998,4.766333955761,7.09992506560485,4.07840059215406,4.94304035529244,6.82048544781717,15.3062421317546,11.4488556809776,7.36303508683027,9.04942084723969,6.15792386124201,8.58244034608768,7.16146586355818,6.9632,11.8797900009417,12.1012527377653,8.61645694300478,9.4224,10.4869080865969,22.4590221632178,12.8605280518156,14.0291798961007,12.899848260343,12.7520890249424,15.447658413552,24.3022589711218,32.5600687609994,41.1323972942776,48.7524399489362,52.1522152365202,54.0526922658123,36.0188922775438,0,36.0188922775443,54.0526922658118,52.1522152365196,48.7524399489356,41.1323972942767,32.5600687609985,24.3022589711207,15.4476584135514,12.7520890249432,12.899848260343,14.0291798961004,12.8605280518159,22.459022163217,10.4869080865965,9.4224,8.61645694300473,12.1012527377656,11.8797900009414,6.9632,7.16146586355824,8.58244034608775,6.1579238612419,9.04942084723999,7.36303508683022,11.4488556809782,15.3062421317544,6.82048544781724,4.9430403552924,4.07840059215402,7.09992506560468,4.76633395576096,3.50513525009977,3.00532780656228,2.7664,2.7664,2.7664,3.66414949794792,2.56190074138147,2.152,3.0984855321109,6.56714903922786,4.25063106151546,2.02723951565358,1.58451777259275,1.5616,4.26338602760496,4.25706842519404,2.80128937620318,1.697682459719,1.16860964385593,1.02660312503791,2.87162968057664,3.24,3.20525210456486,2.87930627669181,2.12487052183165,0.865315064349233,0.648,0.648,0.648,0.648,0.610036329640357,0.503959608696098,0.4944,0.448926054205493,0.0207630945744693,0,0,0,0,0,0,0,0,0,0,0,0,0,0,0,0,0,0,0,0,0,0,0,0,0,0,0,0,0,0,0,0,0
0,0,0,0,0,0,0,0,0,0,0,0,0,0,0,0,0,0,0,0,0,0,0,0,0,0,0,0,0,0,0,0,0,0,0.267963094574452,0.4944,0.4944,0.525685228035031,0.67080988157056,0.648,0.648,0.648,0.666676742297018,1.13890605819399,2.29488562318367,2.86410365327334,3.22413761529567,3.24,1.76442968057664,1.0256,1.20485472114964,1.87493093079283,2.92477494401205,4.29388580870876,5.06681448242864,2.28307148724344,1.5616,2.29214486364015,4.63688946611434,6.24871236481299,2.152,2.152,3.00280165357135,2.97190950478023,2.7664,2.7664,2.85772371462743,3.1488530470329,3.70670922877851,5.40832159226975,12.6597149790779,7.7397078375108,5.75807715766063,9.52672935603391,14.8011241484956,5.20545789073608,8.46656315122677,17.747121452796,9.04019761497394,7.76204034608768,6.9632,8.67051068723862,13.2889992495602,8.33572956898906,9.23005694300478,9.4224,17.5537080865969,17.8633820796616,12.2955044894546,15.239142257684,11.7918724190043,13.6464680640369,25.9050110092131,37.0092028568478,45.260631796571,51.6499411800035,56.6996279991731,57.7157320753557,58.3126578911788,45.8582522450886,4.29923934722537,45.8582522450847,58.3126578911787,57.7157320753555,56.6996279991729,51.6499411800029,45.2606317965703,37.009202856847,25.9050110092123,13.6464680640367,11.7918724190043,15.2391422576841,12.2955044894544,17.8633820796621,17.5537080865965,9.4224,9.23005694300473,8.33572956898929,13.2889992495605,8.67051068723838,6.9632,7.76204034608775,9.0401976149736,17.7471214527945,8.46656315122664,5.20545789073594,14.8011241484963,9.52672935603381,5.75807715766059,7.73970783751086,12.6597149790778,5.40832159226975,3.70670922877853,3.1488530470329,2.85772371462743,2.7664,2.7664,2.97190950478025,3.00280165357135,2.152,2.152,6.24871236481303,4.63688946611435,2.29214486364014,1.5616,2.28307148724344,5.06681448242865,4.29388580870877,2.92477494401205,1.87493093079283,1.20485472114965,1.0256,1.76442968057664,3.24,3.22413761529567,2.86410365327333,2.29488562318367,1.13890605819399,0.666676742297021,0.648,0.648,0.648,0.670809881570562,0.525685228035037,0.4944,0.4944,0.267963094574469,0,0,0,0,0,0,0,0,0,0,0,0,0,0,0,0,0,0,0,0,0,0,0,0,0,0,0,0,0,0,0,0,0
0,0,0,0,0,0,0,0,0,0,0,0,0,0,0,0,0,0,0,0,0,0,0,0,0,0,0,0,0,0,0,0,0,0.0870001349434206,0.4944,0.4944,0.4944,0.555915742759131,0.680650576776493,0.648,0.648,0.654561216765102,0.787692293460475,1.41676235410945,2.35229532824309,2.93116515117057,3.22980781899239,2.98144161852514,1.23090791173456,1.02882753701271,1.2303318828914,2.04588403343557,3.29723239253347,4.532679446657,3.97894751747272,1.5616,1.66413237602494,2.68663227694649,5.20678610792675,3.43045069197508,2.152,2.32965811412923,3.29952101125875,3.28161189916759,2.7664,2.7664,3.00683716753167,3.1248,3.84317116082349,7.01235623556367,11.3825658319956,4.14433883049854,6.63073527757428,10.2057774093288,7.68400367477248,7.08825789073608,12.7804753327972,17.3052148344663,7.77942346409709,9.68283929016188,7.02379269599459,10.5663382459208,11.1357849976927,9.0205292400722,9.48240900813788,12.0791167449863,22.342275607879,11.4141820796616,14.9599044894546,13.084342257684,13.4266010799427,21.6974426663913,36.8660508187565,48.71670137046,55.7985963419948,57.7070651029938,58.384,58.384,58.384,50.8106057343703,5.19670677295894,50.810605734369,58.384,58.384,58.384,57.7070651029936,55.7985963419945,48.7167013704594,36.866050818756,21.6974426663908,13.4266010799425,13.0843422576841,14.9599044894544,11.4141820796621,22.3422756078796,12.0791167449859,9.48240900813784,9.02052924007211,11.1357849976924,10.5663382459208,7.02379269599458,9.68283929016168,7.77942346409695,17.305214834467,12.780475332797,7.08825789073594,7.68400367477289,10.205777409329,6.63073527757429,4.14433883049849,11.382565831996,7.01235623556369,3.84317116082346,3.1248,3.00683716753167,2.7664,2.7664,3.28161189916757,3.29952101125877,2.32965811412924,2.152,3.43045069197511,5.20678610792674,2.68663227694648,1.66413237602494,1.5616,3.97894751747272,4.53267944665702,3.29723239253346,2.04588403343556,1.2303318828914,1.02882753701271,1.23090791173462,2.98144161852516,3.22980781899239,2.93116515117057,2.35229532824309,1.41676235410944,0.78769229346047,0.654561216765103,0.648,0.648,0.680650576776487,0.555915742759127,0.4944,0.4944,0.4944,0.0870001349434382,0,0,0,0,0,0,0,0,0,0,0,0,0,0,0,0,0,0,0,0,0,0,0,0,0,0,0,0,0,0,0,0
0,0,0,0,0,0,0,0,0,0,0,0,0,0,0,0,0,0,0,0,0,0,0,0,0,0,0,0,0,0,0,0,0,0.334200134943421,0.4944,0.4944,0.4944,0.513909720862791,0.648,0.648,0.648,0.648,0.805765213804887,1.46818468655804,2.37366759309401,2.94499177460686,3.2295990505586,3.24,1.74761490408781,1.0256,1.2380611951773,2.04531172721456,3.22886064074489,4.63445846780555,5.05799351872277,2.02365098335114,1.80427967052715,3.08759750612893,5.68076415166505,4.33131082772813,2.152,2.152,3.43332769386753,3.1095294330407,2.7664,2.7664,2.86380201408137,3.21919620466338,3.91328070645944,7.00980327621057,5.32147905837945,4.57760059215406,6.81791218356669,9.83897543585447,5.26097367220808,7.83734558247313,14.6077595513251,8.79411114872774,9.04704303507017,8.82516594180503,7.6382725198746,12.1749843132324,19.4488632139902,10.3352506908778,9.54824136688434,16.1816850351277,15.1577095197966,13.0094283177681,14.6617653378334,12.4475763675268,18.2516509464167,33.1096373591415,45.6236508187565,55.2093294855608,58.3510153641802,58.384,58.384,55.5531768692239,58.384,35.1558562329898,17.1352230894246,35.1558562329952,58.384,55.5531768692249,58.384,58.384,58.3510153641801,55.2093294855606,45.623650818756,33.1096373591404,18.2516509464159,12.4475763675267,14.6617653378336,13.0094283177678,15.1577095197971,16.1816850351276,9.54824136688436,10.3352506908779,19.4488632139898,12.1749843132321,7.63827251987458,8.82516594180525,9.04704303507015,8.79411114872826,14.6077595513251,7.8373455824731,5.26097367220806,9.83897543585416,6.81791218356663,4.57760059215402,5.32147905837961,7.00980327621062,3.91328070645945,3.21919620466337,2.86380201408137,2.7664,2.7664,3.10952943304071,3.43332769386752,2.152,2.152,4.33131082772802,5.68076415166502,3.08759750612894,1.80427967052716,2.02365098335113,5.05799351872277,4.63445846780556,3.22886064074489,2.04531172721455,1.23806119517731,1.0256,1.74761490408783,3.24,3.2295990505586,2.94499177460685,2.37366759309401,1.46818468655804,0.805765213804883,0.648,0.648,0.648,0.648,0.513909720862795,0.4944,0.4944,0.4944,0.334200134943438,0,0,0,0,0,0,0,0,0,0,0,0,0,0,0,0,0,0,0,0,0,0,0,0,0,0,0,0,0,0,0,0
0,0,0,0,0,0,0,0,0,0,0,0,0,0,0,0,0,0,0,0,0,0,0,0,0,0,0,0,0,0,0,0,0.153237175312396,0.4944,0.4944,0.4944,0.4944,0.54635613406303,0.635505270311994,0.648,0.648,0.659083194075995,0.829806501597526,1.54319437383834,2.33607536226785,2.95056508853627,3.24,2.8032437054811,1.0256,1.03390161850691,1.29205412192685,2.03838474463427,3.34737802970675,4.56727241819692,3.835163501108,1.5616,1.73353198884098,2.94302094175332,6.49386756096607,3.80809372790372,2.152,2.45209972670657,3.15361853598102,2.7664,2.7664,2.7664,3.03692371462743,3.44331313870396,4.72628168394083,8.81638248606263,11.6884083021344,4.84799289415154,7.18849847520609,15.6169785936369,8.8837520013609,7.91258947901867,15.493783693594,11.1833999650785,8.5543055726572,6.9632,7.20307251987457,15.4445121767262,12.7561321675321,9.48425024550905,11.166332642471,14.6293262493304,10.8897286882253,14.8128761475607,12.5069653378334,13.6425710602768,24.7483737894643,41.4923296014888,52.0038254093783,58.384,58.384,58.384,58.384,23.2603613980585,4.87163557944617,0,0,0,4.87163557944885,23.2603613980598,58.384,58.384,58.384,58.384,52.003825409378,41.4923296014887,24.7483737894639,13.6425710602767,12.5069653378335,14.8128761475607,10.8897286882252,14.6293262493308,11.1663326424709,9.48425024550914,12.7561321675327,15.4445121767261,7.20307251987467,6.9632,8.55430557265735,11.1833999650777,15.4937836935932,7.91258947901863,8.88375200136106,15.616978593637,7.18849847520611,4.84799289415151,11.688408302134,8.81638248606255,4.72628168394078,3.44331313870397,3.03692371462743,2.7664,2.7664,2.7664,3.15361853598103,2.45209972670658,2.152,3.80809372790376,6.49386756096605,2.94302094175332,1.73353198884099,1.5616,3.835163501108,4.56727241819694,3.34737802970675,2.03838474463426,1.29205412192685,1.03390161850691,1.0256,2.80324370548111,3.24,2.95056508853626,2.33607536226785,1.54319437383832,0.829806501597522,0.659083194075998,0.648,0.648,0.635505270311994,0.54635613406303,0.4944,0.4944,0.4944,0.4944,0.153237175312414,0,0,0,0,0,0,0,0,0,0,0,0,0,0,0,0,0,0,0,0,0,0,0,0,0,0,0,0,0,0,0
0,0,0,0,0,0,0,0,0,0,0,0,0,0,0,0,0,0,0,0,0,0,0,0,0,0,0,0,0,0,0,0,0.400437175312396,0.4944,0.4944,0.4944,0.4944,0.515035692365514,0.648,0.648,0.648,0.648,0.847439401725617,1.42690555215613,2.33124772675586,3.02587989594038,3.2324508803992,3.24,1.54964608783315,1.13353290217551,1.44354245645071,2.20088287978034,3.49137893701497,5.01597241819694,2.05196350110801,1.5616,1.92866942474699,3.75279404886288,5.99932237879207,3.10772742797687,2.152,2.152,3.26389636886625,2.83821429454625,2.7664,2.87657739870013,3.1248,3.21919620466338,4.34695316162172,9.24753812177307,6.32826994418971,5.5011483049632,8.5437227535218,11.3502103558551,5.70995263024539,9.21440863234582,19.6756121308934,10.5739836296612,9.2527940956053,7.42262882649361,9.32711576532459,14.0258914389078,8.33168419195626,9.39447056748051,11.9862609659348,11.5247790435573,11.1032191174415,13.6668886452196,11.9376433516209,17.0220607362942,32.801634514026,47.9702426663913,56.3826254093783,58.384,58.384,53.8683997240038,44.6303885726093,0,0,0,0,0,0,0,44.6303885726106,53.8683997240058,58.384,58.384,56.382625409378,47.9702426663908,32.8016345140256,17.022060736294,11.9376433516209,13.666888645219,11.1032191174416,11.5247790435575,11.9862609659349,9.39447056748047,8.3316841919562,14.0258914389078,9.32711576532448,7.42262882649346,9.25279409560504,10.5739836296619,19.6756121308934,9.21440863234553,5.70995263024525,11.3502103558552,8.54372275352183,5.50114830496318,6.32826994418997,9.24753812177321,4.34695316162177,3.21919620466337,3.1248,2.87657739870012,2.7664,2.83821429454623,3.26389636886624,2.152,2.152,3.10772742797681,5.99932237879205,3.75279404886286,1.928669424747,1.5616,2.05196350110801,5.01597241819695,3.49137893701496,2.20088287978034,1.44354245645072,1.13353290217551,1.54964608783317,3.24,3.23245088039921,3.02587989594037,2.33124772675586,1.42690555215613,0.847439401725613,0.648,0.648,0.648,0.648,0.515035692365518,0.4944,0.4944,0.4944,0.4944,0.400437175312414,0,0,0,0,0,0,0,0,0,0,0,0,0,0,0,0,0,0,0,0,0,0,0,0,0,0,0,0,0,0,0
0,0,0,0,0,0,0,0,0,0,0,0,0,0,0,0,0,0,0,0,0,0,0,0,0,0,0,0,0,0,0,0.219474215681372,0.4944,0.4944,0.4944,0.4944,0.4944,0.567554396746496,0.639475488241604,0.648,0.648,0.663605171386889,0.87192070973458,1.741999975813,2.40240617064684,3.01271303378995,3.24,2.62504579243707,1.0256,1.03327636096231,1.36483911290813,2.10708691757361,3.60415589720008,4.84062344292821,2.86962097710067,1.5616,1.86949318454633,3.74116004328337,7.06040370930215,3.88143756513986,2.152,2.59174982919161,3.25586772627618,2.7664,2.7664,2.7664,3.07424323103314,3.57326748007567,4.82819220705815,9.41580103129948,9.4385620338454,5.16160118430812,7.73888663212528,16.8691370540365,8.65688285969812,10.5702421346025,11.2819624850669,6.91488539471806,10.1050557050388,6.98435084058592,9.79356171950866,19.6090364516216,12.4629774894319,9.45474877497586,12.1202558673346,11.1451819529008,11.3998465736657,24.9506649260668,13.3355304449145,23.1753122520126,38.9738308560206,52.8265312390011,58.384,58.384,58.2967035158233,11.440105675709,6.55641272466641,0,0,0,0,0,0,0,6.55641272466807,11.4401056757071,58.2967035158238,58.384,58.384,52.8265312390012,38.9738308560204,23.1753122520123,13.3355304449146,24.950664926067,11.3998465736655,11.1451819529003,12.1202558673343,9.45474877497582,12.4629774894316,19.6090364516216,9.79356171950872,6.98435084058586,10.105055705039,6.91488539471793,11.2819624850675,10.5702421346026,8.65688285969821,16.8691370540365,7.73888663212532,5.16160118430805,9.438562033845,9.41580103129939,4.8281922070581,3.57326748007568,3.07424323103314,2.7664,2.7664,2.7664,3.25586772627619,2.59174982919161,2.152,3.8814375651399,7.06040370930213,3.74116004328336,1.86949318454635,1.5616,2.86962097710067,4.84062344292821,3.60415589720006,2.10708691757361,1.36483911290813,1.03327636096231,1.0256,2.62504579243707,3.24,3.01271303378994,2.40240617064684,1.74199997581299,0.871920709734576,0.663605171386893,0.648,0.648,0.639475488241604,0.567554396746496,0.4944,0.4944,0.4944,0.4944,0.4944,0.21947421568139,0,0,0,0,0,0,0,0,0,0,0,0,0,0,0,0,0,0,0,0,0,0,0,0,0,0,0,0,0,0
0,0,0,0,0,0,0,0,0,0,0,0,0,0,0,0,0,0,0,0,0,0,0,0,0,0,0,0,0,0,0.0385112560503412,0.466674215681372,0.4944,0.4944,0.4944,0.4944,0.4944,0.522149658369508,0.648,0.648,0.648,0.653741131929126,0.899783263118202,1.65123576623144,2.47510039999289,3.09791436400058,3.23530271023981,3.13604541664484,1.3516772715785,1.03360678211307,1.43020784618756,2.40921381057316,3.75739673514386,5.12364521711196,2.05196350110801,1.5616,2.05305917896683,3.91200519502901,5.8169527135642,2.152,2.16962981552693,2.67865981894311,3.16214815154549,2.7664,2.7664,2.90574020991109,3.1248,3.2705560940658,4.76284654842985,11.0007439866613,7.17919352259625,6.16000118430812,9.39846039971223,11.9803256812612,5.70995263024539,9.62503671328511,12.9818262731636,8.04186367861049,7.82491656309261,7.01559679476999,10.944654733996,15.4097960721624,9.34896560450448,9.44000171847443,15.6146300184665,12.8980746963564,12.3703040466196,14.4336291651199,14.0778678321811,26.2269186157406,41.6715529903738,54.5481176517258,58.0895691439795,58.384,58.384,34.6493427043768,0,0,0,0,0,0,0,0,0,34.6493427043756,58.384,58.384,58.0895691439796,54.5481176517258,41.671552990374,26.2269186157407,14.077867832181,14.4336291651206,12.3703040466198,12.8980746963565,15.6146300184665,9.44000171847445,9.34896560450461,15.4097960721631,10.9446547339959,7.01559679477004,7.82491656309274,8.04186367861047,12.9818262731625,9.62503671328482,5.70995263024525,11.9803256812615,9.39846039971223,6.16000118430805,7.17919352259653,11.0007439866614,4.76284654842988,3.27055609406582,3.1248,2.90574020991108,2.7664,2.7664,3.16214815154547,2.67865981894311,2.16962981552693,2.152,5.81695271356421,3.91200519502901,2.05305917896683,1.5616,2.05196350110801,5.12364521711198,3.75739673514386,2.40921381057316,1.43020784618757,1.03360678211306,1.35167727157852,3.13604541664491,3.23530271023981,3.09791436400057,2.47510039999289,1.65123576623142,0.899783263118195,0.653741131929122,0.648,0.648,0.648,0.522149658369509,0.4944,0.4944,0.4944,0.4944,0.4944,0.46667421568139,0.0385112560503587,0,0,0,0,0,0,0,0,0,0,0,0,0,0,0,0,0,0,0,0,0,0,0,0,0,0,0,0,0
0,0,0,0,0,0,0,0,0,0,0,0,0,0,0,0,0,0,0,0,0,0,0,0,0,0,0,0,0,0,0.285711256050341,0.4944,0.4944,0.4944,0.4944,0.4944,0.4944,0.577211941440445,0.643445706171215,0.648,0.648,0.664876249074929,0.805172364488009,1.82580282269268,2.54467407546788,3.0571271728848,3.24,2.57495633471692,1.0256,1.03550077293711,1.41549859999777,2.30069123560997,3.65196486314677,4.36998420345658,2.26042147303788,1.57878623394476,1.9427467182912,3.44415588378827,6.93254639411628,3.5555900359348,2.152,2.71259414417691,3.35811691657134,2.7664,2.7664,2.82776092467384,3.09778961073256,3.60979620466338,4.93010273017549,9.44875416793313,6.93723200538379,5.54624805329498,8.27392757957174,15.1583582041665,8.16127337071447,11.9158787299906,13.7912364106601,7.17592953094396,7.76925903299261,6.99929217860926,11.6737663010988,9.82645617835263,9.09963689859872,9.85550901920925,12.853232600938,10.6576,10.834131878044,11.6772279331189,13.3092425387308,26.1118461967362,42.0404850422649,53.845794402233,58.384,58.384,58.1784429217105,7.61641574715965,0,0,0,0,0,0,0,0,0,7.61641574716141,58.1784429217118,58.384,58.384,53.8457944022331,42.0404850422651,26.1118461967364,13.3092425387309,11.6772279331189,10.8341318780439,10.6576,12.853232600938,9.85550901920941,9.09963689859862,9.82645617835292,11.673766301099,6.99929217860914,7.76925903299246,7.17592953094394,13.791236410661,11.9158787299908,8.1612733707144,15.1583582041656,8.27392757957178,5.54624805329502,6.93723200538322,9.44875416793297,4.93010273017543,3.60979620466337,3.09778961073257,2.82776092467385,2.7664,2.7664,3.35811691657135,2.71259414417691,2.152,3.55559003593481,6.93254639411627,3.44415588378829,1.94274671829121,1.57878623394476,2.26042147303788,4.3699842034566,3.65196486314677,2.30069123560996,1.41549859999777,1.03550077293711,1.0256,2.57495633471689,3.24,3.0571271728848,2.54467407546788,1.82580282269267,0.805172364488012,0.664876249074933,0.648,0.648,0.643445706171215,0.577211941440448,0.4944,0.4944,0.4944,0.4944,0.4944,0.4944,0.285711256050359,0,0,0,0,0,0,0,0,0,0,0,0,0,0,0,0,0,0,0,0,0,0,0,0,0,0,0,0,0
0,0,0,0,0,0,0,0,0,0,0,0,0,0,0,0,0,0,0,0,0,0,0,0,0,0,0,0,0,0.104748296419317,0.4944,0.4944,0.4944,0.4944,0.4944,0.4944,0.4944,0.550629175962774,0.648,0.648,0.648,0.67996699382694,0.970803866807808,1.79887223281152,2.63411420813706,3.13835842466734,3.23815454008041,2.66117415774107,1.15370845532384,1.07018228055754,1.52628117169269,2.40477134322815,3.83540915660909,5.12378119953501,2.58532903142247,1.5616,2.13720173776292,3.99427013610593,5.24231510931619,2.152,2.152,2.47695959689219,2.96101023143133,2.7664,2.7664,2.81190938222676,3.07849063903062,3.50517139000112,5.17873993523796,10.578181676988,6.95817684733004,5.48768485566317,9.65509068838599,12.2520046153839,5.67012104196277,10.2386956308951,8.33672862298856,7.58773272005703,8.37867774808761,7.25494874147503,11.3590634006805,13.0419881716491,9.83688522084027,9.4349914655744,16.3347088933478,12.2603332814385,13.1917698583561,13.2980550140889,13.9018662064009,26.1663945533578,43.2359475554637,55.4042759376173,58.2683247124159,58.384,34.0837958389022,0,0,0,0,0,0,0,0,0,0,0,34.0837958389008,58.384,58.268324712416,55.4042759376173,43.2359475554639,26.166394553358,13.9018662064009,13.2980550140888,13.1917698583563,12.2603332814385,16.334708893348,9.43499146557441,9.83688522084042,13.0419881716487,11.3590634006805,7.25494874147508,8.37867774808754,7.5877327200571,8.33672862298803,10.2386956308951,5.67012104196266,12.2520046153843,9.65509068838597,5.48768485566316,6.95817684733036,10.5781816769882,5.178739935238,3.50517139000114,3.07849063903063,2.81190938222676,2.7664,2.7664,2.96101023143132,2.47695959689222,2.152,2.152,5.2423151093162,3.99427013610592,2.13720173776293,1.5616,2.58532903142243,5.12378119953503,3.83540915660908,2.40477134322815,1.5262811716927,1.07018228055753,1.15370845532386,2.66117415774111,3.23815454008041,3.13835842466733,2.63411420813706,1.79887223281151,0.970803866807793,0.679966993826938,0.648,0.648,0.648,0.550629175962774,0.4944,0.4944,0.4944,0.4944,0.4944,0.4944,0.4944,0.104748296419335,0,0,0,0,0,0,0,0,0,0,0,0,0,0,0,0,0,0,0,0,0,0,0,0,0,0,0,0
0,0,0,0,0,0,0,0,0,0,0,0,0,0,0,0,0,0,0,0,0,0,0,0,0,0,0,0,0,0.351948296419317,0.4944,0.4944,0.4944,0.4944,0.4944,0.4944,0.4944,0.582357150829636,0.647415924100825,0.648,0.648,0.648,0.648,1.75926726214333,2.59720368386823,3.09460752504449,3.24,2.93369363163207,1.09836894385361,1.03772518491191,1.47722083903323,2.36258419020185,3.60842764898865,4.84943805972795,3.835163501108,1.5616,1.67088818767427,3.57151009282262,6.89224501659778,3.0250384838129,2.152,2.71419144176895,3.47182098330048,2.7664,2.7664,2.7664,3.03692371462743,3.34817995815571,5.00121900359215,8.15260473091618,4.48948471590971,5.66050262028442,8.76193883049855,11.8744183430942,6.8296656966265,11.0203471670466,13.4793409460908,7.38828753985248,10.7122686947129,6.98427030763633,9.90344313232257,13.9886421922298,9.08358636176104,9.94018022943914,15.6325169799446,16.1590638721098,11.4286623612764,16.6551528465061,11.7499880155843,26.4446345257582,43.788,54.1374713155971,58.300166287132,58.384,58.186545809571,4.10844060315254,0,0,0,0,0,0,0,0,0,4.10844060315281,58.1865458095721,58.384,58.3001662871322,54.1374713155974,43.7880000000006,26.4446345257585,11.7499880155841,16.6551528465052,11.4286623612761,16.1590638721092,15.6325169799446,9.94018022943922,9.08358636176071,13.9886421922292,9.90344313232263,6.98427030763626,10.7122686947133,7.38828753985246,13.479340946091,11.0203471670467,6.82966569662626,11.8744183430936,8.76193883049855,5.66050262028439,4.4894847159093,8.15260473091608,5.00121900359212,3.34817995815573,3.03692371462743,2.7664,2.7664,2.7664,3.47182098330049,2.71419144176895,2.152,3.02503848381292,6.89224501659778,3.57151009282261,1.67088818767428,1.5616,3.835163501108,4.84943805972796,3.60842764898864,2.36258419020185,1.47722083903324,1.0377251849119,1.09836894385366,2.93369363163209,3.24,3.09460752504448,2.59720368386823,1.75926726214332,0.648,0.648,0.648,0.648,0.647415924100825,0.582357150829639,0.4944,0.4944,0.4944,0.4944,0.4944,0.4944,0.4944,0.351948296419335,0,0,0,0,0,0,0,0,0,0,0,0,0,0,0,0,0,0,0,0,0,0,0,0,0,0,0,0
0,0,0,0,0,0,0,0,0,0,0,0,0,0,0,0,0,0,0,0,0,0,0,0,0,0,0,0,0.170985336788293,0.4944,0.4944,0.4944,0.4944,0.4944,0.4944,0.4944,0.497602805618674,0.584424400436501,0.648,0.648,0.648,0.648,0.829154772838541,1.68408280049103,2.6462787166299,3.05640745600231,3.24,3.24,1.69456931964582,1.10675777900201,1.42771232099019,2.27975143389833,3.80216709782451,5.0200670978245,2.05196350110801,1.5616,2.04777656437561,3.82829479629124,6.65633134457856,4.00345264389262,2.15796786474896,2.74355787499749,3.58931187238454,2.90551996413913,2.7664,2.84924547894561,3.1248,3.27531998107348,4.8134333220461,9.99177831309772,6.42505563973044,5.51842546262381,8.37609770541677,13.1704719216431,5.90388250726198,9.31206621901965,22.1228852574213,9.24106426856003,7.63791212692807,6.9632,9.99501816924709,16.1268173301266,8.43481729830815,9.41107616334715,14.1814075387899,13.2966863641533,11.2373670480223,17.3255984005754,12.9134366049123,23.5631891301797,39.4922331201014,52.32177333609,57.7799554173118,58.384,55.6043012386164,14.923772156136,0,0,0,0,0,0,0,0,0,14.9237721561335,55.604301238614,58.384,57.7799554173118,52.3217733360904,39.4922331201022,23.5631891301805,12.9134366049124,17.3255984005753,11.2373670480228,13.2966863641539,14.1814075387904,9.41107616334714,8.43481729830819,16.1268173301268,9.99501816924714,6.9632,7.63791212692822,9.24106426856001,22.1228852574197,9.3120662190193,5.90388250726197,13.1704719216432,8.37609770541705,5.51842546262384,6.42505563973054,9.99177831309793,4.81343332204611,3.27531998107346,3.1248,2.84924547894561,2.7664,2.90551996413912,3.58931187238452,2.7435578749975,2.15796786474896,4.00345264389251,6.65633134457854,3.82829479629124,2.04777656437561,1.5616,2.05196350110801,5.02006709782451,3.80216709782451,2.27975143389832,1.4277123209902,1.106757779002,1.69456931964584,3.24,3.24,3.05640745600229,2.6462787166299,1.68408280049101,0.829154772838534,0.648,0.648,0.648,0.648,0.584424400436501,0.497602805618673,0.4944,0.4944,0.4944,0.4944,0.4944,0.4944,0.4944,0.17098533678831,0,0,0,0,0,0,0,0,0,0,0,0,0,0,0,0,0,0,0,0,0,0,0,0,0,0,0
0,0,0,0,0,0,0,0,0,0,0,0,0,0,0,0,0,0,0,0,0,0,0,0,0,0,0,0,0.418185336788293,0.4944,0.4944,0.4944,0.4944,0.4944,0.4944,0.4944,0.4944,0.609672382860017,0.683664448559973,0.648,0.648,0.660294854244642,0.841090969657727,1.63050587173559,2.38138399261725,2.96721758027825,3.24,2.75549571858803,1.0256,1.03164797837979,1.31454563172615,2.05679343639163,3.5335241486798,4.85870721851587,3.31558596602035,1.5616,1.8592156298362,3.52867512384811,6.72597232361177,3.82532446524421,2.152,2.48490785791664,3.18101612394735,2.7664,2.7664,2.7664,3.05700608475885,3.47813429952743,4.93211618573689,9.04037422781268,11.0518713762282,4.86754475203895,7.34720947446468,15.4931666617385,9.0196941863474,9.32954218527956,17.1722298158885,11.2573630949181,8.98634365857532,6.9632,8.3622157307539,17.2250109920502,12.1741145866026,9.24824402419204,11.4739896417606,11.4037353507894,10.9327630539391,21.6210189003086,14.4396840533321,19.5320178615116,35.2399891301797,48.8236470096261,44.5158802381061,36.6862006693123,58.384,5.54878759267831,0,0,0,0,0,0,0,0,58.384,5.54878759268002,13.2955213055502,36.6862006693175,44.5158802381089,48.8236470096271,35.2399891301803,19.5320178615122,14.4396840533324,21.6210189003095,10.9327630539391,11.4037353507891,11.4739896417607,9.24824402419209,12.1741145866027,17.2250109920505,8.36221573075428,6.9632,8.98634365857522,11.2573630949174,17.1722298158883,9.32954218527968,9.01969418634762,15.4931666617387,7.34720947446472,4.86754475203895,11.0518713762278,9.04037422781269,4.93211618573688,3.47813429952744,3.05700608475885,2.7664,2.7664,2.7664,3.18101612394736,2.48490785791665,2.152,3.82532446524426,6.72597232361176,3.52867512384812,1.85921562983622,1.5616,3.31558596602035,4.85870721851587,3.5335241486798,2.05679343639162,1.31454563172615,1.03164797837979,1.0256,2.75549571858804,3.24,2.96721758027824,2.38138399261724,1.63050587173557,0.841090969657722,0.660294854244644,0.648,0.648,0.683664448559973,0.609672382860016,0.4944,0.4944,0.4944,0.4944,0.4944,0.4944,0.4944,0.4944,0.41818533678831,0,0,0,0,0,0,0,0,0,0,0,0,0,0,0,0,0,0,0,0,0,0,0,0,0,0,0
0,0,0,0,0,0,0,0,0,0,0,0,0,0,0,0,0,0,0,0,0,0,0,0,0,0,0,0.237222377157262,0.4944,0.4944,0.4944,0.4944,0.4944,0.4944,0.4944,0.4944,0.4944,0.51533739552037,0.648,0.648,0.648,0.648,0.789564252992252,1.53371387718639,2.43689685276454,3.04755380272897,3.23321502590195,3.24,1.49660050339116,1.0256,1.35987729066571,2.18409070901987,3.35942654012382,4.98247110777546,4.01292253878091,1.6947189649408,1.81402767638828,3.42137291808254,5.52572152447712,2.73653116901534,2.152,2.152,2.95212626181903,2.78818640694023,2.7664,2.7664,2.95454010362422,3.20621716321822,4.45839145875441,7.25240011458885,5.86292170383665,4.57760059215406,7.10597258327889,9.69614000227009,5.27062101662422,8.45330531116777,16.4731416531707,10.5641394722327,8.67151361416062,7.16903029771825,8.34106489016803,15.2251088583687,16.4235988550173,9.27474719944274,10.8625577497626,11.8187839768349,10.6576,14.7145256082224,15.9326304069511,12.9865246434172,26.3536626539854,37.5568710851353,10.9742163502639,58.384,58.384,58.384,0,0,0,0,0,0,0,58.384,58.384,58.384,0,0,10.9742163502653,37.5568710851388,26.3536626539872,12.9865246434171,15.9326304069507,14.7145256082225,10.6576,11.8187839768349,10.8625577497628,9.27474719944284,16.4235988550167,15.225108858369,8.34106489016808,7.16903029771814,8.67151361416052,10.5641394722335,16.4731416531711,8.45330531116785,5.27062101662422,9.69614000227023,7.10597258327902,4.57760059215402,5.86292170383691,7.25240011458889,4.45839145875446,3.20621716321821,2.95454010362423,2.7664,2.7664,2.78818640694022,2.95212626181902,2.152,2.152,2.73653116901528,5.52572152447712,3.42137291808253,1.81402767638829,1.6947189649408,4.01292253878087,4.98247110777547,3.3594265401238,2.18409070901986,1.35987729066571,1.0256,1.49660050339119,3.24,3.23321502590195,3.04755380272896,2.43689685276454,1.53371387718637,0.789564252992233,0.648,0.648,0.648,0.648,0.515337395520374,0.4944,0.4944,0.4944,0.4944,0.4944,0.4944,0.4944,0.4944,0.4944,0.237222377157279,0,0,0,0,0,0,0,0,0,0,0,0,0,0,0,0,0,0,0,0,0,0,0,0,0,0
0,0,0,0,0,0,0,0,0,0,0,0,0,0,0,0,0,0,0,0,0,0,0,0,0,0,0.0562594175262376,0.484422377157262,0.4944,0.4944,0.4944,0.4944,0.4944,0.4944,0.4944,0.4944,0.4944,0.573234454113474,0.640539304929619,0.648,0.648,0.648,0.648,1.45890306185868,2.39757799705759,3.0287172749591,3.24,3.24,1.95511430020145,1.03387239035459,1.37031478506691,2.12411546842331,3.12625641834303,4.60752363903773,3.835163501108,1.5616,1.63516894761443,2.6839916180008,5.96087697849921,3.78215913536112,2.152,2.37967473524699,3.04798503599299,2.76936776705019,2.7664,2.7664,3.03692371462743,3.1248,4.2706419171097,7.89248271524023,6.83283326171471,5.0732854478172,6.41281776462126,12.6778147150335,6.45039207879498,7.08340518447518,10.5630069581304,6.16126863515118,8.5817689031239,6.9738834404025,7.72303694811739,12.5758522955029,16.0103008307418,8.80217281048667,10.2253053367308,16.0838398851771,16.6630541210674,10.6602637572243,14.2517048597088,11.6540714725115,7.38070034778352,43.788,55.4648,58.384,58.384,58.384,58.384,58.384,58.384,0,58.384,58.384,58.384,58.384,58.384,58.384,55.4648,43.788,0,0,7.38070034778435,11.6540714725121,14.2517048597087,10.6602637572242,16.6630541210666,16.0838398851773,10.2253053367308,8.80217281048603,16.0103008307416,12.5758522955032,7.72303694811745,6.97388344040228,8.58176890312405,6.16126863515077,10.5630069581303,7.08340518447513,6.45039207879493,12.6778147150337,6.41281776462126,5.07328544781722,6.83283326171448,7.89248271524031,4.27064191710971,3.1248,3.03692371462743,2.7664,2.7664,2.76936776705017,3.04798503599299,2.37967473524699,2.152,3.78215913536116,5.96087697849921,2.68399161800079,1.63516894761443,1.5616,3.835163501108,4.60752363903774,3.12625641834301,2.1241154684233,1.37031478506691,1.03387239035459,1.95511430020151,3.24,3.24,3.02871727495909,2.39757799705758,1.45890306185867,0.648,0.648,0.648,0.648,0.640539304929619,0.573234454113473,0.4944,0.4944,0.4944,0.4944,0.4944,0.4944,0.4944,0.4944,0.4944,0.484422377157279,0.0562594175262586,0,0,0,0,0,0,0,0,0,0,0,0,0,0,0,0,0,0,0,0,0,0,0,0,0
0,0,0,0,0,0,0,0,0,0,0,0,0,0,0,0,0,0,0,0,0,0,0,0,0,0,0.27542385028969,0.4944,0.4944,0.4944,0.4944,0.4944,0.4944,0.4944,0.4944,0.4944,0.4944,0.526126730053584,0.636981221173944,0.648,0.648,0.648,0.772195522553904,1.37623933268345,2.34014580864942,2.84625395218462,3.22820056722765,3.24,1.76442968057664,1.04340715738403,1.28939889113516,1.83329871742087,2.81049922706291,4.23179756376565,3.13658939387944,1.5616,1.70793743590601,2.68711861909961,5.45925699101099,6.12276125955957,2.152,2.21689805605438,3.34198580799676,3.06476688821462,2.7664,2.78457746247225,3.02610297860731,3.13711434536295,3.61083907234542,6.47130853429286,7.51051996393094,4.70784568467882,6.23807005181212,9.73168485906979,8.17124589362768,6.75068585377849,12.3282612372526,7.6574299219497,8.15306984925048,8.26490888262047,6.9632,9.57888671715482,17.6409266433217,8.60286791231132,9.35132035777526,12.3616926794039,16.0275385744849,10.9644049848257,9.70873018989538,11.6768,20.4344,37.9496,49.6264,55.4648,58.384,58.384,58.384,58.384,58.384,58.384,58.384,58.384,58.384,58.384,58.384,55.4648,49.6264,37.9496,20.4344,11.6768,0,1.25915535865127,9.70873018989615,10.9644049848259,16.0275385744851,12.3616926794046,9.35132035777526,8.60286791231172,17.6409266433222,9.57888671715509,6.9632,8.26490888262047,8.1530698492506,7.65742992194991,12.3282612372528,6.75068585377854,8.17124589362733,9.73168485906976,6.23807005181212,4.70784568467884,7.5105199639308,6.47130853429305,3.61083907234543,3.13711434536295,3.02610297860731,2.78457746247225,2.7664,3.06476688821462,3.34198580799677,2.21689805605439,2.152,6.12276125955947,5.459256991011,2.68711861909962,1.70793743590602,1.5616,3.13658939387945,4.23179756376566,2.81049922706291,1.83329871742085,1.28939889113516,1.04340715738403,1.76442968057664,3.24,3.22820056722765,2.8462539521846,2.34014580864941,1.37623933268342,0.772195522553903,0.648,0.648,0.648,0.636981221173942,0.526126730053583,0.4944,0.4944,0.4944,0.4944,0.4944,0.4944,0.4944,0.4944,0.4944,0.4944,0.275423850289706,0,0,0,0,0,0,0,0,0,0,0,0,0,0,0,0,0,0,0,0,0,0,0,0,0
0,0,0,0,0,0,0,0,0,0,0,0,0,0,0,0,0,0,0,0,0,0,0,0,0,0.0468198865667977,0.329944838574081,0.492565186037385,0.4944,0.4944,0.4944,0.4944,0.4944,0.4944,0.4944,0.4944,0.4944,0.515319723430056,0.644697272944968,0.648,0.648,0.6524625597915,0.768147021443823,1.06776769562017,2.23911902790511,2.84330229246781,3.19682294453143,3.06414355778304,1.46047213808704,1.02779518382247,1.20168649206512,1.79362615940568,3.00437000496435,4.42298853608052,4.10121397046613,1.5616,1.61803689576444,2.51401787167124,5.14081923138009,6.41903080990095,2.74004220814522,2.27283276397202,3.16776939184909,3.38643493923122,2.7664,2.7664,2.97319601435202,3.1248,3.41553907234542,5.64432178758565,9.41918610539179,4.36482960770208,6.43202487046975,8.71431200593142,9.02117681831936,5.71717362153104,9.46229479018642,13.4515064183636,11.0957515379054,9.19521693686109,7.05072499110174,8.33529542782541,15.2274327498957,12.5620165247433,9.29898048855448,8.98581160968441,13.3205136198576,10.6576,15.9864,11.6768,11.6768,26.2728,37.9496,49.6264,55.4648,58.384,58.384,58.384,58.384,58.384,58.384,58.384,58.384,58.384,55.4648,49.6264,37.9496,26.2728,11.6768,11.6768,15.9864,10.6576,1.56936467195438,3.63125865424971,13.3205136198597,8.98581160968516,9.29898048855451,12.5620165247431,15.2274327498961,8.33529542782572,7.05072499110174,9.19521693686096,11.0957515379044,13.4515064183626,9.46229479018655,5.7171736215312,9.02117681831932,8.71431200593184,6.4320248704698,4.3648296077021,9.41918610539208,5.64432178758573,3.41553907234541,3.1248,2.97319601435203,2.7664,2.7664,3.38643493923119,3.1677693918491,2.27283276397203,2.7400422081452,6.4190308099009,5.1408192313801,2.51401787167124,1.61803689576444,1.5616,4.10121397046614,4.42298853608053,3.00437000496434,1.79362615940567,1.20168649206512,1.02779518382247,1.46047213808713,3.06414355778306,3.19682294453142,2.8433022924678,2.2391190279051,1.06776769562013,0.768147021443816,0.6524625597915,0.648,0.648,0.644697272944973,0.515319723430054,0.4944,0.4944,0.4944,0.4944,0.4944,0.4944,0.4944,0.4944,0.4944,0.492565186037389,0.329944838574081,0.046819886566804,0,0,0,0,0,0,0,0,0,0,0,0,0,0,0,0,0,0,0,0,0,0,0,0
0,0,0,0,0,0,0,0,0,0,0,0,0,0,0,0,0,0,0,0,0,0,0,0,0,0.0368220455014451,0.255064680159733,0.455720679119132,0.4944,0.4944,0.4944,0.4944,0.4944,0.4944,0.4944,0.4944,0.4944,0.515092646063781,0.826433046016954,0.664709212416507,0.648,0.648,0.648,1.01721683300008,2.10255076650186,2.65905346537041,3.20009231123961,3.24,1.91434318199082,1.0256,1.11737234556423,1.62189995520965,2.44939471352366,4.24990506252459,5.07841946081961,2.14404845820739,1.5616,2.30393173680495,4.26125047279267,6.6154448090243,2.692926318683,2.152,2.9163627673882,3.39335871792697,2.81486688821463,2.7664,2.84844550020299,3.1248,3.1248,4.63319809885531,9.71455778598913,6.15505767055536,5.34080592154043,7.4611654774304,11.8877083584936,5.09436825968629,8.11648399048135,15.372299163829,14.1827028368309,8.12669931056299,7.24038153573208,7.30329885931024,10.8064897401161,13.7415733908693,9.19194817354755,2.88285448555711,18.8448,10.6576,10.6576,21.3152,11.6768,14.596,26.2728,37.9496,43.788,49.6264,55.4648,58.384,58.384,58.384,58.384,58.384,55.4648,49.6264,43.788,37.9496,26.2728,14.596,11.6768,21.3152,10.6576,10.6576,18.8448,0,0,2.88285448555744,9.19194817354816,13.7415733908686,10.8064897401162,7.30329885931027,7.24038153573184,8.12669931056305,14.1827028368309,15.3722991638296,8.11648399048143,5.09436825968625,11.8877083584941,7.4611654774305,5.34080592154046,6.15505767055536,9.71455778598928,4.6331980988554,3.1248,3.1248,2.84844550020299,2.7664,2.81486688821461,3.39335871792695,2.91636276738821,2.152,2.69292631868285,6.61544480902431,4.26125047279268,2.30393173680494,1.5616,2.14404845820739,5.07841946081961,4.24990506252459,2.44939471352365,1.62189995520965,1.11737234556423,1.0256,1.91434318199087,3.24,3.2000923112396,2.6590534653704,2.10255076650183,1.01721683300006,0.648,0.648,0.648,0.664709212416506,0.826433046016935,0.515092646063783,0.4944,0.4944,0.4944,0.4944,0.4944,0.4944,0.4944,0.4944,0.4944,0.455720679119133,0.255064680159739,0.0368220455014443,0,0,0,0,0,0,0,0,0,0,0,0,0,0,0,0,0,0,0,0,0,0,0,0
0,0,0,0,0,0,0,0,0,0,0,0,0,0,0,0,0,0,0,0,0,0,0,0,0,0.0306241144738034,0.159278066951412,0.432941026582438,0.4944,0.4944,0.4944,0.4944,0.4944,0.4944,0.4944,0.4944,0.4944,0.4944,0.578066274394277,0.648,0.648,0.648,0.648,0.936481540767101,1.99007973222447,2.63638871563724,3.15132401283357,3.24,2.8118596565493,1.0256,1.03305819906334,1.55410050964208,2.46846424758255,3.94336578195588,5.08614104755996,2.84820245695724,1.56399040256973,1.96089466114333,4.01475300273324,6.7945547131065,4.56741359117295,2.152,2.49457607445787,3.47044233756258,2.7664,2.7664,2.77515891059248,3.06125349275633,3.13711434536295,4.10989332603733,7.36476260157696,7.00977029296746,4.97536615840205,5.95777563286671,10.3162118442255,10.0697739258725,6.68881593350325,12.1890653068329,21.7731141845112,7.29173258767539,10.9906820246379,7.50044432723188,8.24328035068092,6.97245819063572,10.244,9.4224,11.778,23.556,10.6576,10.6576,26.644,11.6768,11.6768,20.4344,29.192,37.9496,43.788,49.6264,49.6264,49.6264,49.6264,49.6264,43.788,37.9496,29.192,20.4344,11.6768,11.6768,26.644,10.6576,10.6576,23.556,11.778,9.4224,10.244,0,0.217822798081797,6.97245819063656,8.24328035068141,7.50044432723185,10.9906820246376,7.29173258767551,21.7731141845107,12.1890653068331,6.68881593350336,10.0697739258718,10.3162118442252,5.9577756328668,4.97536615840207,7.0097702929672,7.36476260157702,4.10989332603737,3.13711434536297,3.06125349275634,2.77515891059249,2.7664,2.7664,3.47044233756259,2.49457607445789,2.152,4.56741359117292,6.79455471310648,4.01475300273325,1.96089466114332,1.56399040256973,2.84820245695722,5.08614104755996,3.94336578195588,2.46846424758253,1.55410050964207,1.03305819906334,1.0256,2.81185965654936,3.24,3.15132401283356,2.63638871563723,1.99007973222447,0.936481540767082,0.648,0.648,0.648,0.648,0.578066274394273,0.4944,0.4944,0.4944,0.4944,0.4944,0.4944,0.4944,0.4944,0.4944,0.4944,0.432941026582443,0.159278066951417,0.0306241144738086,0,0,0,0,0,0,0,0,0,0,0,0,0,0,0,0,0,0,0,0,0,0,0,0
0,0,0,0,0,0,0,0,0,0,0,0,0,0,0,0,0,0,0,0,0,0,0,0,0,0.0615870123358619,0.148840571388675,0.387202220703614,0.4944,0.4944,0.4944,0.4944,0.4944,0.4944,0.4944,0.4944,0.4944,0.4944,0.520732558211436,0.641446550126273,0.648,0.648,0.648,0.793180766412862,1.6051659304882,2.46671968484313,3.07656056623499,3.22920747522594,2.99453562594936,1.37109330304282,1.05958593218554,1.50290430108834,2.28506740046278,3.50050110341774,4.98105367886378,3.39666404818497,1.5616,1.80123459092041,3.2407810571756,6.28610667117597,6.59053738551544,2.29413264258738,2.29353272981035,3.34020273656966,3.16409204764151,2.7664,2.78159190115979,3.01966998803999,3.1248,3.56877334496384,6.26097989738497,6.97157147352118,4.15968603997122,5.18625338268136,8.33664923760315,15.3296778455276,6.58168462301025,8.1842476738169,14.8330209712626,8.35299281645584,8.50780143637523,6.03024853438576,8.704,17.408,8.1952,9.4224,9.4224,14.1336,10.6576,10.6576,10.6576,21.3152,11.6768,11.6768,14.596,23.3536,29.192,32.1112,32.1112,37.9496,32.1112,32.1112,29.192,23.3536,14.596,11.6768,11.6768,21.3152,10.6576,10.6576,10.6576,14.1336,9.4224,9.4224,8.1952,17.408,8.704,0.131998648795039,1.28689674136886,6.03024853438584,8.50780143637528,8.35299281645557,14.8330209712622,8.184247673817,6.58168462301078,15.3296778455284,8.33664923760339,5.1862533826814,4.15968603997129,6.97157147352131,6.26097989738508,3.56877334496387,3.1248,3.01966998804,2.78159190115979,2.7664,3.16409204764149,3.34020273656967,2.29353272981037,2.29413264258739,6.59053738551542,6.28610667117603,3.24078105717561,1.80123459092041,1.5616,3.39666404818494,4.98105367886378,3.50050110341775,2.28506740046278,1.50290430108833,1.05958593218554,1.37109330304287,2.99453562594942,3.22920747522593,3.07656056623498,2.46671968484311,1.60516593048818,0.793180766412854,0.648,0.648,0.648,0.641446550126272,0.520732558211431,0.4944,0.4944,0.4944,0.4944,0.4944,0.4944,0.4944,0.4944,0.4944,0.4944,0.387202220703619,0.148840571388674,0.0615870123358628,0,0,0,0,0,0,0,0,0,0,0,0,0,0,0,0,0,0,0,0,0,0,0,0
0,0,0,0,0,0,0,0,0,0,0,0,0,0,0,0,0,0,0,0,0,0,0,0,0,0.0245092995308446,0.155953761467953,0.462735241283466,0.421251731773995,0.487289053114906,0.4944,0.4944,0.4944,0.4944,0.4944,0.4944,0.4944,0.4944,0.56151357854756,0.644238897111729,0.648,0.648,0.648,0.648,1.49103278126737,2.35881961083757,2.97088949495483,3.21736763009679,3.12936852085853,1.45344037055443,1.0256,1.33932721803301,2.06425163545498,3.17600046485173,4.55617873485177,4.47571004943509,1.5616,1.5616,2.63534448558609,5.59344055118749,6.6179303213766,2.80173580453944,2.24594271956183,3.11431107274979,3.44987607314979,2.78859795836246,2.7664,2.94447849077031,3.1248,3.34542952670945,4.95187256975112,7.90157940516794,11.8630444038335,5.07141724763109,6.95553231680409,12.754159822343,10.6338706558616,7.31231394351344,10.3193247358466,4.5303543415661,10.038,6.9632,6.9632,10.4448,19.1488,8.1952,9.4224,9.4224,14.1336,10.6576,10.6576,10.6576,15.9864,11.6768,11.6768,11.6768,11.6768,14.596,14.596,17.5152,14.596,14.596,11.6768,11.6768,11.6768,11.6768,15.9864,10.6576,10.6576,10.6576,14.1336,9.4224,9.4224,8.1952,19.1488,10.4448,6.9632,6.9632,10.038,2.04705786181466,3.39555051877217,4.53035434156668,10.3193247358476,7.31231394351362,10.6338706558614,12.7541598223431,6.95553231680416,5.07141724763103,11.8630444038327,7.90157940516787,4.95187256975126,3.34542952670945,3.1248,2.94447849077031,2.7664,2.78859795836246,3.44987607314977,3.11431107274983,2.24594271956183,2.80173580453937,6.61793032137657,5.59344055118749,2.63534448558609,1.5616,1.5616,4.47571004943511,4.55617873485176,3.17600046485172,2.06425163545497,1.339327218033,1.0256,1.45344037055451,3.12936852085855,3.21736763009678,2.97088949495482,2.35881961083755,1.49103278126736,0.648,0.648,0.648,0.648,0.644238897111728,0.561513578547563,0.4944,0.4944,0.4944,0.4944,0.4944,0.4944,0.4944,0.4944,0.487289053114905,0.421251731773989,0.462735241283477,0.155953761467965,0.0245092995308482,0,0,0,0,0,0,0,0,0,0,0,0,0,0,0,0,0,0,0,0,0,0,0,0
0,0,0,0,0,0,0,0,0,0,0,0,0,0,0,0,0,0,0,0,0,0,0,0,0,0,0.162492719078035,0.417761194121175,0.459285140075896,0.4944,0.4944,0.4944,0.4944,0.4944,0.4944,0.4944,0.4944,0.4944,0.548585491653667,0.641406387001857,0.648,0.648,0.648,0.698889976805663,1.29714768830859,2.11758664807517,2.86138564737069,3.19488461110796,3.24,2.13855491194424,1.0256,1.15229023327386,1.85705981212312,3.00592721803304,4.26639138692912,5.10513527606494,2.37958745383209,1.5616,2.32184618727953,4.53229178008832,6.83233671510319,2.91387280727066,2.152,2.81221939875446,3.39380957683376,2.8065399711166,2.7664,2.7664,2.92205362030058,3.12133599043199,4.26959904942766,6.24963613990137,10.0793117720081,4.70601421710667,6.12128840858742,9.02075144336872,10.3255062005981,4.89196842787125,2.34887956616165,5.736,7.17,11.472,6.9632,6.9632,13.9264,20.8896,8.1952,9.4224,9.4224,14.1336,23.556,10.6576,10.6576,10.6576,15.9864,26.644,11.6768,11.6768,11.6768,11.6768,11.6768,11.6768,11.6768,26.644,15.9864,10.6576,10.6576,10.6576,23.556,14.1336,9.4224,9.4224,8.1952,20.8896,13.9264,6.9632,6.9632,11.472,7.17,5.736,0,0,2.34887956616196,4.89196842787142,10.3255062005978,9.02075144336874,6.12128840858753,4.70601421710632,10.0793117720082,6.24963613990143,4.26959904942771,3.12133599043199,2.9220536203006,2.7664,2.7664,2.80653997111658,3.39380957683375,2.81221939875448,2.152,2.91387280727057,6.83233671510323,4.53229178008833,2.32184618727954,1.5616,2.37958745383206,5.10513527606494,4.26639138692913,3.00592721803303,1.85705981212311,1.15229023327385,1.0256,2.13855491194428,3.24,3.19488461110796,2.86138564737068,2.11758664807515,1.29714768830856,0.698889976805661,0.648,0.648,0.648,0.641406387001856,0.548585491653664,0.4944,0.4944,0.4944,0.4944,0.4944,0.4944,0.4944,0.4944,0.4944,0.459285140075901,0.417761194121176,0.162492719078038,0,0,0,0,0,0,0,0,0,0,0,0,0,0,0,0,0,0,0,0,0,0,0,0,0
0,0,0,0,0,0,0,0,0,0,0,0,0,0,0,0,0,0,0,0,0,0,0,0,0,0.0306241144738034,0.139585438156069,0.374420409232274,0.486174075035202,0.4944,0.4944,0.4944,0.4944,0.4944,0.4944,0.4944,0.4944,0.4944,0.529947784838927,0.630449773670313,0.648,0.648,0.648,0.657249244869424,1.1615389661745,1.93564980072585,2.6757059571124,3.1343918244254,3.24,3.02200785143745,1.12272770112069,1.05236411321143,1.64030864696702,2.50311567542711,3.82782768833189,5.07235305233302,2.95571345280921,1.5616,1.9283733682755,3.3238090394791,6.22146012410212,5.18382623898154,2.152,2.30978746156814,3.29382303680678,2.86998110503518,2.7664,2.7664,2.8655588893351,3.1436219360362,3.66591998107349,5.00709803808453,10.0377986717995,5.63285169191632,4.94848544781721,6.89276447075762,6.41111875650926,5.0208,8.7864,18.828,5.736,8.604,6.9632,6.9632,6.9632,13.9264,22.6304,8.1952,9.4224,9.4224,11.778,18.8448,10.6576,10.6576,10.6576,10.6576,13.322,15.9864,15.9864,15.9864,15.9864,15.9864,13.322,10.6576,10.6576,10.6576,10.6576,18.8448,11.778,9.4224,9.4224,8.1952,22.6304,13.9264,6.9632,6.9632,6.9632,8.604,5.736,18.828,8.7864,5.0208,0,0.246442793404261,6.4111187565099,6.89276447075787,4.94848544781731,5.63285169191646,10.0377986717998,5.00709803808462,3.66591998107353,3.14362193603621,2.8655588893351,2.7664,2.7664,2.86998110503519,3.2938230368068,2.30978746156817,2.152,5.1838262389815,6.22146012410216,3.32380903947907,1.9283733682755,1.5616,2.95571345280922,5.07235305233301,3.82782768833189,2.50311567542711,1.64030864696701,1.05236411321142,1.12272770112068,3.02200785143753,3.24,3.13439182442539,2.67570595711237,1.93564980072583,1.16153896617448,0.657249244869418,0.648,0.648,0.648,0.630449773670313,0.529947784838926,0.4944,0.4944,0.4944,0.4944,0.4944,0.4944,0.4944,0.4944,0.4944,0.486174075035204,0.374420409232281,0.139585438156075,0.0306241144738086,0,0,0,0,0,0,0,0,0,0,0,0,0,0,0,0,0,0,0,0,0,0,0,0
0,0,0,0,0,0,0,0,0,0,0,0,0,0,0,0,0,0,0,0,0,0,0,0,0,0.0186928315308935,0.109386888477515,0.280212942682996,0.470325868578167,0.4944,0.4944,0.4944,0.4944,0.4944,0.4944,0.4944,0.4944,0.4944,0.495458619271162,0.696675752991193,0.655297616585462,0.648,0.648,0.670032564214044,0.987076293930129,1.75371295337653,2.52165468457272,3.0526126900235,3.22390636351314,3.00156739348197,1.42225473105307,1.05302495551293,1.45261081990636,2.20478312068022,3.41010975038475,4.85036365864746,3.63893205250343,1.5616,1.74068383915213,2.80573233127571,5.42170463662777,6.65640062293539,2.50446276083424,2.22345968229639,2.72731469425298,2.99147484456572,2.7664,2.7664,2.7664,3.08273804702811,3.1248,3.99016759466454,6.7511710731437,5.91556522348642,2.29124737232332,6.9888,13.9776,5.0208,7.5312,8.7864,25.104,7.17,10.038,6.9632,6.9632,8.704,13.9264,20.8896,8.1952,9.4224,9.4224,9.4224,14.1336,18.8448,10.6576,10.6576,10.6576,10.6576,10.6576,10.6576,10.6576,10.6576,10.6576,10.6576,10.6576,18.8448,14.1336,9.4224,9.4224,9.4224,8.1952,20.8896,13.9264,8.704,6.9632,6.9632,10.038,7.17,25.104,8.7864,7.5312,5.0208,13.9776,6.9888,0.416858860133724,1.34417409328862,2.2912473723236,5.91556522348643,6.75117107314382,3.99016759466462,3.1248,3.08273804702811,2.7664,2.7664,2.7664,2.99147484456572,2.72731469425301,2.2234596822964,2.50446276083423,6.65640062293535,5.42170463662778,2.80573233127574,1.74068383915213,1.5616,3.63893205250342,4.85036365864746,3.41010975038474,2.20478312068022,1.45261081990635,1.05302495551292,1.42225473105308,3.00156739348204,3.22390636351313,3.05261269002349,2.52165468457269,1.75371295337651,0.987076293930124,0.670032564214039,0.648,0.648,0.655297616585463,0.6966757529912,0.495458619271167,0.4944,0.4944,0.4944,0.4944,0.4944,0.4944,0.4944,0.4944,0.4944,0.470325868578165,0.280212942683,0.109386888477516,0.0186928315308916,0,0,0,0,0,0,0,0,0,0,0,0,0,0,0,0,0,0,0,0,0,0,0,0
0,0,0,0,0,0,0,0,0,0,0,0,0,0,0,0,0,0,0,0,0,0,0,0,0,0.0102965985413891,0.103357432813426,0.205037501585894,0.451983256410446,0.4944,0.4944,0.4944,0.4944,0.4944,0.4944,0.4944,0.4944,0.4944,0.4944,0.596333857813476,0.644256839661232,0.648,0.648,0.648,0.838265639429305,1.52716363305703,2.29631006804955,2.94388449865511,3.21788205673167,3.21589367183013,1.57639385972612,1.0256,1.29594885784568,1.92371464524868,2.99377280496883,4.43261649254803,4.8079847496414,1.65491645116148,1.5616,2.18544444951663,4.09710824730146,5.99581579459351,2.76367415827322,2.152,2.17247775201542,3.01062650702824,2.90850535946004,2.7664,2.7664,2.88690310615155,3.07895250697302,3.25590562875769,4.53384053509109,1.24113642984972,3.9936,5.9904,8.9856,17.9712,5.0208,8.7864,11.2968,25.104,7.17,10.038,6.9632,6.9632,6.9632,13.9264,19.1488,8.1952,10.244,9.4224,9.4224,9.4224,11.778,14.1336,16.4892,21.2004,23.556,23.556,23.556,21.2004,16.4892,14.1336,11.778,9.4224,9.4224,9.4224,10.244,8.1952,19.1488,13.9264,6.9632,6.9632,6.9632,10.038,7.17,25.104,11.2968,8.7864,5.0208,17.9712,8.9856,5.9904,3.9936,0,0,1.2411364298499,4.53384053509136,3.25590562875781,3.07895250697304,2.88690310615157,2.7664,2.7664,2.90850535946,3.01062650702822,2.17247775201542,2.152,2.7636741582732,5.99581579459349,4.09710824730146,2.18544444951664,1.5616,1.65491645116149,4.80798474964138,4.43261649254801,2.99377280496882,1.92371464524867,1.29594885784567,1.0256,1.57639385972615,3.21589367183013,3.21788205673166,2.9438844986551,2.29631006804953,1.52716363305702,0.838265639429298,0.648,0.648,0.648,0.64425683966123,0.596333857813469,0.4944,0.4944,0.4944,0.4944,0.4944,0.4944,0.4944,0.4944,0.4944,0.4944,0.45198325641045,0.205037501585889,0.103357432813422,0.0102965985413902,0,0,0,0,0,0,0,0,0,0,0,0,0,0,0,0,0,0,0,0,0,0,0,0
0,0,0,0,0,0,0,0,0,0,0,0,0,0,0,0,0,0,0,0,0,0,0,0,0,0,0,0.145307764629452,0.407453570137901,0.4944,0.4944,0.4944,0.4944,0.4944,0.4944,0.4944,0.4944,0.4944,0.4944,0.545084937660761,0.641238910765441,0.648,0.648,0.648,0.679788203191486,1.23576388855766,2.05895323405682,2.80737565477125,3.17951069150361,3.24,2.38406682979374,1.0256,1.05805159066458,1.52221572021747,2.22181081990636,3.97606391104823,4.99348090839768,2.58082145030908,1.5616,1.81588723340919,2.81103170986539,5.82274210860319,3.35188001065771,2.152,2.152,2.97791689441123,3.50693551242039,2.7664,2.7664,2.7664,2.95711293080427,1.29699045436398,5.4684,9.3744,3.9936,4.992,6.9888,8.9856,18.9696,5.0208,8.7864,12.552,5.736,7.17,10.038,6.9632,6.9632,6.9632,10.4448,17.408,8.1952,8.1952,10.244,9.4224,9.4224,9.4224,9.4224,9.4224,9.4224,9.4224,9.4224,9.4224,9.4224,9.4224,9.4224,9.4224,10.244,8.1952,8.1952,17.408,10.4448,6.9632,6.9632,6.9632,10.038,7.17,5.736,12.552,8.7864,5.0208,18.9696,8.9856,6.9888,4.992,3.9936,9.3744,5.4684,0,0,1.29699045436409,2.95711293080438,2.7664,2.7664,2.7664,3.50693551242041,2.97791689441124,2.152,2.152,3.35188001065773,5.82274210860323,2.8110317098654,1.81588723340919,1.5616,2.58082145030911,4.99348090839768,3.97606391104822,2.22181081990636,1.52221572021746,1.05805159066458,1.0256,2.38406682979374,3.24,3.1795106915036,2.80737565477124,2.0589532340568,1.23576388855762,0.679788203191487,0.648,0.648,0.648,0.641238910765443,0.545084937660756,0.4944,0.4944,0.4944,0.4944,0.4944,0.4944,0.4944,0.4944,0.4944,0.4944,0.407453570137897,0.145307764629455,0,0,0,0,0,0,0,0,0,0,0,0,0,0,0,0,0,0,0,0,0,0,0,0,0,0
0,0,0,0,0,0,0,0,0,0,0,0,0,0,0,0,0,0,0,0,0,0,0,0,0,0,0.00146519744287571,0.0731688969816597,0.347553525156755,0.480303491420896,0.4944,0.4944,0.4944,0.4944,0.4944,0.4944,0.4944,0.4944,0.4944,0.549977364361368,0.711880658776847,0.648,0.648,0.648,0.659851355842171,1.02397986182666,1.88902860417707,2.61406896030745,3.11901790482105,3.24,3.03275303298332,1.23208232467379,1.04243961710303,1.38471733327722,2.07284343699823,3.31885040311337,4.26098493029486,3.04220750085313,1.5616,1.5616,2.38334896925615,4.71004561106857,6.72266778243762,4.03989691122263,2.15455105574197,2.72979108307135,3.56922904494027,2.91642323835336,2.7664,1.79017704663168,3.1248,3.1248,3.906,6.2496,13.2804,3.9936,4.992,6.9888,11.9808,5.0208,5.0208,8.7864,15.0624,5.736,7.17,10.038,6.9632,6.9632,6.9632,8.704,13.9264,17.408,22.6304,8.1952,8.1952,10.244,10.244,9.4224,9.4224,9.4224,9.4224,9.4224,10.244,10.244,8.1952,8.1952,22.6304,17.408,13.9264,8.704,6.9632,6.9632,6.9632,10.038,7.17,5.736,15.0624,8.7864,5.0208,5.0208,11.9808,6.9888,4.992,3.9936,13.2804,6.2496,3.906,3.1248,3.1248,0,0.254263260245766,1.79017704663174,2.7664,2.91642323835335,3.56922904494025,2.72979108307135,2.15455105574196,4.03989691122254,6.7226677824375,4.71004561106861,2.38334896925618,1.5616,1.5616,3.04220750085318,4.26098493029485,3.31885040311337,2.07284343699822,1.38471733327722,1.04243961710303,1.2320823246738,3.03275303298338,3.24,3.11901790482104,2.61406896030742,1.88902860417704,1.02397986182664,0.659851355842164,0.648,0.648,0.648,0.711880658776849,0.549977364361366,0.4944,0.4944,0.4944,0.4944,0.4944,0.4944,0.4944,0.4944,0.4944,0.480303491420897,0.34755352515676,0.0731688969816593,0.00146519744287584,0,0,0,0,0,0,0,0,0,0,0,0,0,0,0,0,0,0,0,0,0,0,0,0,0
0,0,0,0,0,0,0,0,0,0,0,0,0,0,0,0,0,0,0,0,0,0,0,0,0,0,0,0.0437763635309388,0.25778309897645,0.468892325332835,0.4944,0.4944,0.4944,0.4944,0.4944,0.4944,0.4944,0.4944,0.4944,0.4944,0.606324177234079,0.64489057962581,0.648,0.648,0.648,0.680657809065666,1.44886263379711,2.38470876058141,2.98017165773147,3.22016352060415,3.0298993489107,1.45211597116721,1.0335656923751,1.21419504945139,1.67793471679196,2.5286868782304,3.85162266454399,4.98313660343448,3.39125495084888,1.5616,1.89177304410057,3.4145809850367,6.2058818941025,4.85865829324212,2.152,2.152,2.05795310427119,1.79526865281809,2.7664,2.7664,2.7664,3.1248,3.1248,4.6872,7.0308,15.624,3.9936,4.992,6.9888,13.9776,5.0208,6.276,8.7864,12.552,25.104,7.17,8.604,11.472,6.9632,6.9632,6.9632,8.704,12.1856,15.6672,19.1488,20.8896,8.1952,8.1952,8.1952,8.1952,8.1952,8.1952,8.1952,20.8896,19.1488,15.6672,12.1856,8.704,6.9632,6.9632,6.9632,11.472,8.604,7.17,25.104,12.552,8.7864,6.276,5.0208,13.9776,6.9888,4.992,3.9936,15.624,7.0308,4.6872,3.1248,3.1248,2.7664,2.7664,2.7664,0.300409689095889,0.686508393813861,1.79526865281822,2.0579531042713,2.152,2.152,4.85865829324209,6.20588189410252,3.4145809850367,1.89177304410057,1.5616,3.3912549508489,4.98313660343448,3.85162266454399,2.52868687823041,1.67793471679195,1.21419504945139,1.0335656923751,1.45211597116726,3.02989934891071,3.22016352060415,2.98017165773146,2.38470876058139,1.44886263379707,0.680657809065667,0.648,0.648,0.648,0.644890579625809,0.606324177234076,0.4944,0.4944,0.4944,0.4944,0.4944,0.4944,0.4944,0.4944,0.4944,0.4944,0.468892325332832,0.25778309897645,0.0437763635309406,0,0,0,0,0,0,0,0,0,0,0,0,0,0,0,0,0,0,0,0,0,0,0,0,0,0
0,0,0,0,0,0,0,0,0,0,0,0,0,0,0,0,0,0,0,0,0,0,0,0,0,0,0,0,0.189444962432427,0.438427493441847,0.4944,0.4944,0.4944,0.4944,0.4944,0.4944,0.4944,0.4944,0.4944,0.4944,0.561534775089498,0.644563350507736,0.648,0.648,0.648,0.648,1.22292624411161,2.21724330905508,2.73192648535193,3.19990950434074,3.24,1.76371258203273,1.0256,1.13661895178412,1.53953360247994,2.32642764898867,3.39443846889501,4.92363412301634,4.0309765545774,1.70177795147398,1.72392008656668,2.3871487080902,4.52328875475555,6.38750331022156,2.12124871893702,1.90741544253987,0.527650017080825,2.7664,2.7664,2.7664,2.7664,3.1248,3.1248,3.906,5.4684,7.812,3.9936,4.992,5.9904,6.9888,14.976,5.0208,5.0208,8.7864,11.2968,25.104,5.736,7.17,10.038,6.9632,6.9632,6.9632,6.9632,6.9632,8.704,10.4448,13.9264,13.9264,15.6672,15.6672,15.6672,13.9264,13.9264,10.4448,8.704,6.9632,6.9632,6.9632,6.9632,6.9632,10.038,7.17,5.736,25.104,11.2968,8.7864,5.0208,5.0208,14.976,6.9888,5.9904,4.992,3.9936,7.812,5.4684,3.906,3.1248,3.1248,2.7664,2.7664,2.7664,2.7664,0,0,0.527650017080855,1.90741544253991,2.12124871893703,6.38750331022164,4.52328875475555,2.38714870809022,1.72392008656668,1.70177795147398,4.03097655457739,4.92363412301634,3.39443846889502,2.32642764898865,1.53953360247993,1.13661895178412,1.0256,1.76371258203278,3.24,3.19990950434072,2.7319264853519,2.21724330905503,1.22292624411158,0.648,0.648,0.648,0.648,0.644563350507735,0.561534775089492,0.4944,0.4944,0.4944,0.4944,0.4944,0.4944,0.4944,0.4944,0.4944,0.4944,0.438427493441845,0.189444962432429,0,0,0,0,0,0,0,0,0,0,0,0,0,0,0,0,0,0,0,0,0,0,0,0,0,0,0
0,0,0,0,0,0,0,0,0,0,0,0,0,0,0,0,0,0,0,0,0,0,0,0,0,0,0,0.000361655338093009,0.126933908797223,0.397581114263627,0.4944,0.4944,0.4944,0.4944,0.4944,0.4944,0.4944,0.4944,0.4944,0.4944,0.540573973987839,0.636197645616727,0.648,0.648,0.648,0.648269800184996,0.954405648274407,1.94702954432154,2.59382297657086,3.08941427573474,3.24,3.22649622197916,1.97661937339575,1.02715806469225,1.26728524882919,1.91668090839767,2.82438962860396,4.32330895444588,4.45321637345851,1.5616,1.5616,1.56856286132941,3.39287647442709,5.95450285433262,2.08413722796561,2.152,2.152,3.766,2.7664,2.7664,2.7664,2.7664,3.1248,3.1248,3.906,6.2496,10.9368,3.9936,4.992,6.9888,6.9888,13.9776,5.0208,5.0208,8.7864,8.7864,18.828,5.736,5.736,8.604,10.038,11.472,6.9632,6.9632,6.9632,6.9632,6.9632,6.9632,6.9632,6.9632,6.9632,6.9632,6.9632,6.9632,6.9632,6.9632,6.9632,11.472,10.038,8.604,5.736,5.736,18.828,8.7864,8.7864,5.0208,5.0208,13.9776,6.9888,6.9888,4.992,3.9936,10.9368,6.2496,3.906,3.1248,3.1248,2.7664,2.7664,2.7664,2.7664,3.766,2.152,2.152,0,0.00802114100018066,2.0841372279656,5.95450285433254,3.39287647442709,1.56856286132943,1.5616,1.5616,4.45321637345851,4.32330895444586,2.82438962860396,1.91668090839766,1.26728524882919,1.02715806469224,1.9766193733958,3.2264962219792,3.24,3.08941427573473,2.59382297657085,1.94702954432153,0.954405648274372,0.648269800184993,0.648,0.648,0.648,0.636197645616728,0.540573973987835,0.4944,0.4944,0.4944,0.4944,0.4944,0.4944,0.4944,0.4944,0.4944,0.4944,0.397581114263629,0.126933908797222,0.000361655338091145,0,0,0,0,0,0,0,0,0,0,0,0,0,0,0,0,0,0,0,0,0,0,0,0,0,0
0,0,0,0,0,0,0,0,0,0,0,0,0,0,0,0,0,0,0,0,0,0,0,0,0,0,0,0,0.0669172608726969,0.321875542464882,0.475621809190242,0.4944,0.4944,0.4944,0.4944,0.4944,0.4944,0.4944,0.4944,0.4944,0.4944,0.529675030451821,0.646352500132467,0.648,0.648,0.648,0.718356826140326,1.30484508266927,2.4051156059454,2.83560676206153,3.22222818351599,3.24,2.34640917980418,1.0256,1.08509232207961,1.44833906811779,2.13451187308655,3.7200536401272,4.69839876221126,4.62844450207382,2.12812745269563,1.63127052328987,1.63935374971152,6.6368,2.152,2.152,2.152,3.228,3.766,2.7664,2.7664,2.7664,2.7664,3.1248,3.1248,3.906,6.2496,11.718,3.9936,4.992,5.9904,6.9888,11.9808,18.9696,5.0208,7.5312,8.7864,12.552,22.5936,5.736,5.736,7.17,8.604,10.038,11.472,6.9632,6.9632,6.9632,6.9632,6.9632,6.9632,6.9632,6.9632,6.9632,11.472,10.038,8.604,7.17,5.736,5.736,22.5936,12.552,8.7864,7.5312,5.0208,18.9696,11.9808,6.9888,5.9904,4.992,3.9936,11.718,6.2496,3.906,3.1248,3.1248,2.7664,2.7664,2.7664,2.7664,3.766,3.228,2.152,2.152,2.152,6.6368,0,0.783930196299157,1.63935374971155,1.63127052328988,2.12812745269561,4.62844450207387,4.69839876221125,3.72005364012717,2.13451187308655,1.44833906811779,1.08509232207961,1.0256,2.34640917980422,3.24,3.22222818351599,2.8356067620615,2.40511560594537,1.30484508266922,0.718356826140327,0.648,0.648,0.648,0.646352500132468,0.529675030451816,0.4944,0.4944,0.4944,0.4944,0.4944,0.4944,0.4944,0.4944,0.4944,0.4944,0.475621809190241,0.321875542464885,0.0669172608726965,0,0,0,0,0,0,0,0,0,0,0,0,0,0,0,0,0,0,0,0,0,0,0,0,0,0,0
0,0,0,0,0,0,0,0,0,0,0,0,0,0,0,0,0,0,0,0,0,0,0,0,0,0,0,0,0.0427463341970732,0.236542156653552,0.468647683471154,0.4944,0.4944,0.4944,0.4944,0.4944,0.4944,0.4944,0.4944,0.4944,0.4944,0.519831919386659,0.65268853510608,0.648,0.648,0.651031158553329,0.765157351401841,1.15283921815629,2.07261257757068,2.71491695041631,3.1593535650075,3.24,3.01639557088999,1.03125982434648,1.0256,1.28266084230153,1.86890752720786,2.89511456656228,4.1476960741827,4.22262208985599,1.13785050841209,1.5616,2.7328,4.6848,7.4176,2.152,2.152,2.152,3.228,2.7664,2.7664,2.7664,2.7664,3.1248,3.1248,3.1248,3.906,6.2496,11.718,3.9936,4.992,4.992,6.9888,8.9856,17.9712,5.0208,5.0208,8.7864,8.7864,12.552,18.828,25.104,5.736,7.17,7.17,8.604,8.604,8.604,10.038,10.038,10.038,8.604,8.604,8.604,7.17,7.17,5.736,25.104,18.828,12.552,8.7864,8.7864,5.0208,5.0208,17.9712,8.9856,6.9888,4.992,4.992,3.9936,11.718,6.2496,3.906,3.1248,3.1248,3.1248,2.7664,2.7664,2.7664,2.7664,3.228,2.152,2.152,2.152,7.4176,4.6848,2.7328,1.5616,0.252982371235015,0.513335914559826,1.1378505084121,4.22262208985602,4.1476960741827,2.89511456656227,1.86890752720786,1.28266084230153,1.0256,1.03125982434645,3.01639557089,3.24,3.15935356500749,2.71491695041628,2.07261257757064,1.15283921815624,0.765157351401832,0.651031158553329,0.648,0.648,0.652688535106081,0.519831919386655,0.4944,0.4944,0.4944,0.4944,0.4944,0.4944,0.4944,0.4944,0.4944,0.4944,0.46864768347115,0.236542156653551,0.0427463341970776,0,0,0,0,0,0,0,0,0,0,0,0,0,0,0,0,0,0,0,0,0,0,0,0,0,0,0
0,0,0,0,0,0,0,0,0,0,0,0,0,0,0,0,0,0,0,0,0,0,0,0,0,0,0,0,0.0949303666924364,0.195401315858632,0.426060631856896,0.4944,0.4944,0.4944,0.4944,0.4944,0.4944,0.4944,0.4944,0.4944,0.4944,0.510161014517013,0.821060969535891,0.669057777871039,0.648,0.648,0.648,0.859604986373033,1.63839356744475,2.47368398765391,2.98699464215473,3.21740858053085,3.24,2.33647618439991,1.15544262530748,1.15412491616973,1.53749176764721,2.34483634074602,3.36348989311225,1.3429182060828,1.5616,1.5616,1.5616,2.7328,6.2464,7.808,2.152,2.152,2.152,3.228,2.7664,2.7664,2.7664,2.7664,3.1248,3.1248,3.1248,3.906,6.2496,10.9368,3.9936,3.9936,4.992,6.9888,8.9856,13.9776,18.9696,5.0208,5.0208,8.7864,8.7864,10.0416,15.0624,18.828,25.104,5.736,5.736,5.736,5.736,5.736,5.736,5.736,5.736,5.736,25.104,18.828,15.0624,10.0416,8.7864,8.7864,5.0208,5.0208,18.9696,13.9776,8.9856,6.9888,4.992,3.9936,3.9936,10.9368,6.2496,3.906,3.1248,3.1248,3.1248,2.7664,2.7664,2.7664,2.7664,3.228,2.152,2.152,2.152,7.808,6.2464,2.7328,1.5616,1.5616,1.5616,0,0,1.34291820608283,3.36348989311224,2.34483634074602,1.53749176764721,1.15412491616972,1.1554426253075,2.33647618439998,3.24,3.21740858053085,2.98699464215472,2.47368398765388,1.63839356744469,0.859604986373004,0.648,0.648,0.648,0.66905777787104,0.821060969535871,0.510161014517015,0.4944,0.4944,0.4944,0.4944,0.4944,0.4944,0.4944,0.4944,0.4944,0.4944,0.426060631856892,0.195401315858628,0.0949303666924382,0,0,0,0,0,0,0,0,0,0,0,0,0,0,0,0,0,0,0,0,0,0,0,0,0,0,0
0,0,0,0,0,0,0,0,0,0,0,0,0,0,0,0,0,0,0,0,0,0,0,0,0,0,0,0,0.0461419092572653,0.15198660766578,0.385214252678678,0.491225373785596,0.4944,0.4944,0.4944,0.4944,0.4944,0.4944,0.4944,0.4944,0.4944,0.4944,0.561359315013824,0.638879665345612,0.648,0.648,0.648,0.648,1.12061687496627,2.02756757883376,2.58358582886576,3.07626935885579,3.24,3.24,1.31728307625814,1.0256,1.205981967025,0.916421236092807,3.846,5.128,5.128,1.5616,1.5616,2.3424,3.904,7.0272,2.152,2.152,2.152,2.69,3.766,2.7664,2.7664,2.7664,2.7664,3.1248,3.1248,3.1248,3.906,6.2496,7.812,15.624,3.9936,4.992,5.9904,6.9888,8.9856,14.976,18.9696,5.0208,5.0208,6.276,8.7864,8.7864,8.7864,10.0416,12.552,12.552,15.0624,15.0624,15.0624,12.552,12.552,10.0416,8.7864,8.7864,8.7864,6.276,5.0208,5.0208,18.9696,14.976,8.9856,6.9888,5.9904,4.992,3.9936,15.624,7.812,6.2496,3.906,3.1248,3.1248,3.1248,2.7664,2.7664,2.7664,2.7664,3.766,2.69,2.152,2.152,2.152,7.0272,3.904,2.3424,1.5616,1.5616,5.128,5.128,3.846,0,0.10876570689697,0.916421236092811,1.205981967025,1.0256,1.31728307625814,3.24,3.24,3.07626935885579,2.58358582886575,2.02756757883373,1.12061687496622,0.648,0.648,0.648,0.648,0.638879665345611,0.561359315013811,0.4944,0.4944,0.4944,0.4944,0.4944,0.4944,0.4944,0.4944,0.4944,0.4944,0.491225373785597,0.385214252678676,0.151986607665783,0.0461419092572655,0,0,0,0,0,0,0,0,0,0,0,0,0,0,0,0,0,0,0,0,0,0,0,0,0,0,0
0,0,0,0,0,0,0,0,0,0,0,0,0,0,0,0,0,0,0,0,0,0,0,0,0,0,0,0,0.0183971383151042,0.0835500337358604,0.297386461156663,0.435039469030272,0.424117997198604,0.4944,0.4944,0.4944,0.4944,0.4944,0.4944,0.4944,0.4944,0.4944,0.515501877962716,0.628398747075548,0.648,0.648,0.648,0.680887984693657,0.936697803650491,1.65002464414011,2.56046499386254,2.99276575188218,3.24,3.24,2.1888566100139,0.791219601244423,1.282,2.0512,2.8204,4.1024,5.128,1.5616,1.5616,1.5616,2.7328,4.6848,7.4176,2.152,2.152,2.152,3.228,3.766,2.7664,2.7664,2.7664,2.7664,3.1248,3.1248,3.1248,3.906,5.4684,7.0308,13.2804,3.9936,3.9936,4.992,6.9888,6.9888,8.9856,13.9776,18.9696,5.0208,5.0208,5.0208,5.0208,6.276,7.5312,8.7864,8.7864,8.7864,8.7864,8.7864,7.5312,6.276,5.0208,5.0208,5.0208,5.0208,18.9696,13.9776,8.9856,6.9888,6.9888,4.992,3.9936,3.9936,13.2804,7.0308,5.4684,3.906,3.1248,3.1248,3.1248,2.7664,2.7664,2.7664,2.7664,3.766,3.228,2.152,2.152,2.152,7.4176,4.6848,2.7328,1.5616,1.5616,1.5616,5.128,4.1024,2.8204,2.0512,1.282,0.0341604494759551,0.204263776070555,0.79121960124443,2.18885661001393,3.24,3.24,2.99276575188217,2.56046499386254,1.65002464414006,0.936697803650463,0.680887984693656,0.648,0.648,0.648,0.628398747075546,0.515501877962708,0.4944,0.4944,0.4944,0.4944,0.4944,0.4944,0.4944,0.4944,0.4944,0.424117997198603,0.43503946903027,0.297386461156662,0.0835500337358556,0.018397138315101,0,0,0,0,0,0,0,0,0,0,0,0,0,0,0,0,0,0,0,0,0,0,0,0,0,0,0
0,0,0,0,0,0,0,0,0,0,0,0,0,0,0,0,0,0,0,0,0,0,0,0,0,0,0,0,0,0.0212101091914134,0.203202687623284,0.418313786239636,0.487119155623228,0.4944,0.4944,0.4944,0.4944,0.4944,0.4944,0.4944,0.4944,0.4944,0.512413021560203,0.602679018535632,0.648,0.648,0.648,0.648,0.73166956101901,1.1898380615883,2.11941952112722,2.74730843748313,2.85112899505794,2.62628381627066,1.0256,1.0256,1.0256,1.5384,2.3076,3.5896,4.8716,5.128,1.5616,1.5616,1.5616,2.7328,5.4656,7.808,2.152,2.152,2.152,3.228,3.766,2.7664,2.7664,2.7664,2.7664,3.1248,3.1248,3.1248,3.906,4.6872,6.2496,9.3744,15.624,3.9936,4.992,4.992,6.9888,6.9888,8.9856,8.9856,13.9776,17.9712,18.9696,19.968,5.0208,5.0208,5.0208,5.0208,5.0208,5.0208,5.0208,19.968,18.9696,17.9712,13.9776,8.9856,8.9856,6.9888,6.9888,4.992,4.992,3.9936,15.624,9.3744,6.2496,4.6872,3.906,3.1248,3.1248,3.1248,2.7664,2.7664,2.7664,2.7664,3.766,3.228,2.152,2.152,2.152,7.808,5.4656,2.7328,1.5616,1.5616,1.5616,5.128,4.8716,3.5896,2.3076,1.5384,1.0256,1.0256,1.0256,0.225504770780598,0.71965828697503,2.62628381627058,2.85112899505793,2.74730843748311,2.11941952112721,1.18983806158826,0.731669561018997,0.648,0.648,0.648,0.648,0.602679018535623,0.5124130215602,0.4944,0.4944,0.4944,0.4944,0.4944,0.4944,0.4944,0.4944,0.4944,0.48711915562323,0.418313786239624,0.203202687623274,0.0212101091914158,0,0,0,0,0,0,0,0,0,0,0,0,0,0,0,0,0,0,0,0,0,0,0,0,0,0,0,0
0,0,0,0,0,0,0,0,0,0,0,0,0,0,0,0,0,0,0,0,0,0,0,0,0,0,0,0,0,0,0.0945881085109098,0.227183088051571,0.446971573039244,0.4944,0.4944,0.4944,0.4944,0.4944,0.4944,0.4944,0.4944,0.4944,0.4944,0.4944,0.659119560991598,0.650266143603653,0.648,0.648,0.648,0.668098247053996,1.66165572083547,2.39171778036728,1.03759154825662,3.24,3.24,1.0256,1.0256,1.282,1.5384,2.3076,3.846,5.128,5.128,1.5616,1.5616,1.952,3.1232,6.2464,7.808,2.152,2.152,2.152,3.228,3.766,2.7664,2.7664,2.7664,2.7664,2.7664,3.1248,3.1248,3.1248,3.906,5.4684,6.2496,11.718,15.624,3.9936,3.9936,4.992,4.992,6.9888,6.9888,6.9888,8.9856,8.9856,8.9856,10.9824,11.9808,13.9776,11.9808,10.9824,8.9856,8.9856,8.9856,6.9888,6.9888,6.9888,4.992,4.992,3.9936,3.9936,15.624,11.718,6.2496,5.4684,3.906,3.1248,3.1248,3.1248,2.7664,2.7664,2.7664,2.7664,2.7664,3.766,3.228,2.152,2.152,2.152,7.808,6.2464,3.1232,1.952,1.5616,1.5616,5.128,5.128,3.846,2.3076,1.5384,1.282,1.0256,1.0256,3.24,3.24,0,0,1.03759154825662,2.3917177803672,1.66165572083544,0.668098247053995,0.648,0.648,0.648,0.650266143603655,0.659119560991602,0.4944,0.4944,0.4944,0.4944,0.4944,0.4944,0.4944,0.4944,0.4944,0.4944,0.4944,0.446971573039243,0.227183088051574,0.0945881085109096,0,0,0,0,0,0,0,0,0,0,0,0,0,0,0,0,0,0,0,0,0,0,0,0,0,0,0,0,0
0,0,0,0,0,0,0,0,0,0,0,0,0,0,0,0,0,0,0,0,0,0,0,0,0,0,0,0,0,0.00203984044510698,0.0714278140125923,0.141775778936297,0.40882156179396,0.4944,0.4944,0.4944,0.4944,0.4944,0.4944,0.4944,0.4944,0.4944,0.4944,0.50087422708687,0.636867553648565,0.648,0.648,0.648,0.648,0.754399358766813,0.65625624961578,2.592,3.078,3.24,3.24,3.24,1.0256,1.0256,1.282,2.0512,2.8204,4.1024,5.128,1.5616,1.5616,1.5616,2.3424,3.5136,6.2464,7.808,2.152,2.152,2.152,3.228,3.766,2.7664,2.7664,2.7664,2.7664,2.7664,3.1248,3.1248,3.1248,3.906,3.906,5.4684,6.2496,10.9368,15.624,3.9936,3.9936,3.9936,4.992,4.992,4.992,6.9888,6.9888,6.9888,6.9888,6.9888,6.9888,6.9888,6.9888,6.9888,4.992,4.992,4.992,3.9936,3.9936,3.9936,15.624,10.9368,6.2496,5.4684,3.906,3.906,3.1248,3.1248,3.1248,2.7664,2.7664,2.7664,2.7664,2.7664,3.766,3.228,2.152,2.152,2.152,7.808,6.2464,3.5136,2.3424,1.5616,1.5616,1.5616,5.128,4.1024,2.8204,2.0512,1.282,1.0256,1.0256,3.24,3.24,3.24,3.078,2.592,0,0.148514604426237,0.656256249615753,0.7543993587668,0.648,0.648,0.648,0.648,0.63686755364855,0.500874227086865,0.4944,0.4944,0.4944,0.4944,0.4944,0.4944,0.4944,0.4944,0.4944,0.4944,0.408821561793959,0.141775778936285,0.0714278140125857,0.00203984044510634,0,0,0,0,0,0,0,0,0,0,0,0,0,0,0,0,0,0,0,0,0,0,0,0,0,0,0,0
0,0,0,0,0,0,0,0,0,0,0,0,0,0,0,0,0,0,0,0,0,0,0,0,0,0,0,0,0,0,0,0.0926806028434392,0.348921516812821,0.4944,0.4944,0.4944,0.4944,0.4944,0.4944,0.4944,0.4944,0.4944,0.4944,0.4944,0.556188974558116,0.637792354663959,0.648,0.494620537536461,0.384554606233605,0.81,1.296,2.268,2.754,3.24,3.24,3.24,1.0256,1.0256,1.0256,1.5384,2.3076,2.8204,4.1024,5.128,1.5616,1.5616,1.5616,2.3424,4.2944,7.0272,7.808,2.152,2.152,2.152,3.228,3.766,2.7664,2.7664,2.7664,2.7664,2.7664,2.7664,3.1248,3.1248,3.1248,3.906,3.906,5.4684,6.2496,8.5932,14.0616,15.624,3.9936,3.9936,3.9936,3.9936,3.9936,4.992,4.992,4.992,4.992,4.992,3.9936,3.9936,3.9936,3.9936,3.9936,15.624,14.0616,8.5932,6.2496,5.4684,3.906,3.906,3.1248,3.1248,3.1248,2.7664,2.7664,2.7664,2.7664,2.7664,2.7664,3.766,3.228,2.152,2.152,2.152,7.808,7.0272,4.2944,2.3424,1.5616,1.5616,1.5616,5.128,4.1024,2.8204,2.3076,1.5384,1.0256,1.0256,1.0256,3.24,3.24,3.24,2.754,2.268,1.296,0.81,0.058582278748333,0.166057859514026,0.384554606233576,0.494620537536441,0.648,0.637792354663959,0.556188974558111,0.4944,0.4944,0.4944,0.4944,0.4944,0.4944,0.4944,0.4944,0.4944,0.4944,0.4944,0.348921516812815,0.0926806028434372,0,0,0,0,0,0,0,0,0,0,0,0,0,0,0,0,0,0,0,0,0,0,0,0,0,0,0,0,0,0
0,0,0,0,0,0,0,0,0,0,0,0,0,0,0,0,0,0,0,0,0,0,0,0,0,0,0,0,0,0,0,0.0403491342732072,0.27390005084409,0.468201079387221,0.4944,0.4944,0.4944,0.4944,0.4944,0.4944,0.4944,0.4944,0.4944,0.4944,0.4944,0.525440201026793,0.553114191802491,0.129388233786382,0.648,0.648,0.648,1.62,2.592,2.754,3.24,3.24,3.24,1.0256,1.0256,1.282,1.5384,2.3076,3.846,4.8716,5.128,1.5616,1.5616,1.5616,2.3424,3.904,7.0272,7.808,2.152,2.152,2.152,2.69,3.228,2.7664,2.7664,2.7664,2.7664,2.7664,2.7664,3.1248,3.1248,3.1248,3.1248,3.906,3.906,4.6872,5.4684,6.2496,7.0308,8.5932,11.718,14.0616,14.8428,15.624,15.624,15.624,15.624,15.624,14.8428,14.0616,11.718,8.5932,7.0308,6.2496,5.4684,4.6872,3.906,3.906,3.1248,3.1248,3.1248,3.1248,2.7664,2.7664,2.7664,2.7664,2.7664,2.7664,3.228,2.69,2.152,2.152,2.152,7.808,7.0272,3.904,2.3424,1.5616,1.5616,1.5616,5.128,4.8716,3.846,2.3076,1.5384,1.282,1.0256,1.0256,3.24,3.24,3.24,2.754,2.592,1.62,0.648,0.648,0.648,0,0,0.129388233786373,0.553114191802447,0.525440201026778,0.4944,0.4944,0.4944,0.4944,0.4944,0.4944,0.4944,0.4944,0.4944,0.4944,0.4944,0.468201079387222,0.273900050844096,0.0403491342732074,0,0,0,0,0,0,0,0,0,0,0,0,0,0,0,0,0,0,0,0,0,0,0,0,0,0,0,0,0,0
0,0,0,0,0,0,0,0,0,0,0,0,0,0,0,0,0,0,0,0,0,0,0,0,0,0,0,0,0,0,0,0,0,0.237222377157269,0.484422377157269,0.4944,0.4944,0.4944,0.4944,0.4944,0.4944,0.4944,0.4944,0.4944,0.487393208488292,0.213444349484251,0.648,0.648,0.648,0.648,0.648,0.972,1.944,2.43,3.078,3.24,3.24,3.24,1.0256,1.0256,1.282,1.7948,2.3076,3.846,5.128,5.128,1.5616,1.5616,1.5616,2.3424,4.2944,6.2464,7.808,2.152,2.152,2.152,2.152,3.228,3.766,2.7664,2.7664,2.7664,2.7664,2.7664,2.7664,3.1248,3.1248,3.1248,3.1248,3.1248,3.906,3.906,3.906,4.6872,5.4684,5.4684,6.2496,6.2496,6.2496,6.2496,6.2496,6.2496,6.2496,5.4684,5.4684,4.6872,3.906,3.906,3.906,3.1248,3.1248,3.1248,3.1248,3.1248,2.7664,2.7664,2.7664,2.7664,2.7664,2.7664,3.766,3.228,2.152,2.152,2.152,2.152,7.808,6.2464,4.2944,2.3424,1.5616,1.5616,1.5616,5.128,5.128,3.846,2.3076,1.7948,1.282,1.0256,1.0256,3.24,3.24,3.24,3.078,2.43,1.944,0.972,0.648,0.648,0.648,0.648,0.648,0,0,0.213444349484248,0.487393208488267,0.4944,0.4944,0.4944,0.4944,0.4944,0.4944,0.4944,0.4944,0.4944,0.484422377157264,0.237222377157264,0,0,0,0,0,0,0,0,0,0,0,0,0,0,0,0,0,0,0,0,0,0,0,0,0,0,0,0,0,0,0,0
0,0,0,0,0,0,0,0,0,0,0,0,0,0,0,0,0,0,0,0,0,0,0,0,0,0,0,0,0,0,0,0,0,0,0.0562594175262446,0.303459417526245,0.4944,0.4944,0.4944,0.4944,0.4944,0.4944,0.4944,0.328170268746306,0.4944,0.4944,0.648,0.648,0.648,0.648,0.648,0.81,1.296,2.268,2.754,3.24,3.24,3.24,1.0256,1.0256,1.0256,1.282,1.7948,2.8204,3.846,5.128,5.128,1.5616,1.5616,1.5616,2.3424,3.5136,6.2464,7.808,2.152,2.152,2.152,2.152,3.228,3.766,2.7664,2.7664,2.7664,2.7664,2.7664,2.7664,2.7664,2.7664,3.1248,3.1248,3.1248,3.1248,3.1248,3.1248,3.1248,3.906,3.906,3.906,3.906,3.906,3.906,3.906,3.906,3.906,3.1248,3.1248,3.1248,3.1248,3.1248,3.1248,3.1248,2.7664,2.7664,2.7664,2.7664,2.7664,2.7664,2.7664,2.7664,3.766,3.228,2.152,2.152,2.152,2.152,7.808,6.2464,3.5136,2.3424,1.5616,1.5616,1.5616,5.128,5.128,3.846,2.8204,1.7948,1.282,1.0256,1.0256,1.0256,3.24,3.24,3.24,2.754,2.268,1.296,0.81,0.648,0.648,0.648,0.648,0.648,0.4944,0.4944,0,0.0448809172308212,0.328170268746303,0.4944,0.4944,0.4944,0.4944,0.4944,0.4944,0.4944,0.303459417526238,0.056259417526238,0,0,0,0,0,0,0,0,0,0,0,0,0,0,0,0,0,0,0,0,0,0,0,0,0,0,0,0,0,0,0,0,0
0,0,0,0,0,0,0,0,0,0,0,0,0,0,0,0,0,0,0,0,0,0,0,0,0,0,0,0,0,0,0,0,0,0,0,0,0.12249645789522,0.36969645789522,0.4944,0.4944,0.405831553310389,0.331183559712791,0.4944,0.4944,0.4944,0.4944,0.618,0.648,0.648,0.648,0.648,0.648,0.648,1.62,2.43,2.754,3.24,3.24,3.24,1.0256,1.0256,1.0256,1.5384,2.0512,2.8204,3.846,5.128,5.128,1.5616,1.5616,1.5616,2.3424,3.1232,5.4656,7.4176,2.152,2.152,2.152,2.152,2.152,3.228,3.766,2.7664,2.7664,2.7664,2.7664,2.7664,2.7664,2.7664,2.7664,2.7664,3.1248,3.1248,3.1248,3.1248,3.1248,3.1248,3.1248,3.1248,3.1248,3.1248,3.1248,3.1248,3.1248,3.1248,3.1248,3.1248,3.1248,2.7664,2.7664,2.7664,2.7664,2.7664,2.7664,2.7664,2.7664,2.7664,3.766,3.228,2.152,2.152,2.152,2.152,2.152,7.4176,5.4656,3.1232,2.3424,1.5616,1.5616,1.5616,5.128,5.128,3.846,2.8204,2.0512,1.5384,1.0256,1.0256,1.0256,3.24,3.24,3.24,2.754,2.43,1.62,0.648,0.648,0.648,0.648,0.648,0.648,0.618,0.4944,0.4944,0.4944,0.4944,0.0605469691552025,0.133579264974844,0.331183559712747,0.405831553310377,0.4944,0.4944,0.369696457895212,0.122496457895212,0,0,0,0,0,0,0,0,0,0,0,0,0,0,0,0,0,0,0,0,0,0,0,0,0,0,0,0,0,0,0,0,0,0,0
0,0,0,0,0,0,0,0,0,0,0,0,0,0,0,0,0,0,0,0,0,0,0,0,0,0,0,0,0,0,0,0,0,0,0,0,0,0,0.188733498264189,0.435933498264189,0.129459147639389,0.4944,0.4944,0.4944,0.4944,0.4944,0.4944,0.7416,0.648,0.648,0.648,0.648,0.648,0.972,1.944,2.592,2.916,3.24,3.24,3.24,1.0256,1.0256,1.0256,1.5384,2.0512,3.0768,3.846,5.128,5.128,1.5616,1.5616,1.5616,1.952,2.7328,4.6848,7.0272,7.808,2.152,2.152,2.152,2.152,2.69,3.228,3.766,2.7664,2.7664,2.7664,2.7664,2.7664,2.7664,2.7664,2.7664,2.7664,2.7664,2.7664,2.7664,2.7664,3.1248,3.1248,3.1248,3.1248,3.1248,2.7664,2.7664,2.7664,2.7664,2.7664,2.7664,2.7664,2.7664,2.7664,2.7664,2.7664,2.7664,2.7664,3.766,3.228,2.69,2.152,2.152,2.152,2.152,7.808,7.0272,4.6848,2.7328,1.952,1.5616,1.5616,1.5616,5.128,5.128,3.846,3.0768,2.0512,1.5384,1.0256,1.0256,1.0256,3.24,3.24,3.24,2.916,2.592,1.944,0.972,0.648,0.648,0.648,0.648,0.648,0.7416,0.4944,0.4944,0.4944,0.4944,0.4944,0.4944,0,0,0.129459147639382,0.435933498264185,0.188733498264185,0,0,0,0,0,0,0,0,0,0,0,0,0,0,0,0,0,0,0,0,0,0,0,0,0,0,0,0,0,0,0,0,0,0,0,0,0
0,0,0,0,0,0,0,0,0,0,0,0,0,0,0,0,0,0,0,0,0,0,0,0,0,0,0,0,0,0,0,0,0,0,0,0,0,0,0,0.4944,0.4944,0.4944,0.4944,0.4944,0.4944,0.4944,0.4944,0.4944,0.648,0.648,0.648,0.648,0.648,0.81,0.81,2.106,2.43,3.078,3.24,3.24,3.24,1.0256,1.0256,1.0256,1.5384,2.0512,2.8204,3.846,5.128,5.128,1.5616,1.5616,1.5616,1.5616,2.7328,3.904,6.2464,7.4176,2.152,2.152,2.152,2.152,2.152,2.152,3.228,3.766,3.766,2.7664,2.7664,2.7664,2.7664,2.7664,2.7664,2.7664,2.7664,2.7664,2.7664,2.7664,2.7664,2.7664,2.7664,2.7664,2.7664,2.7664,2.7664,2.7664,2.7664,2.7664,2.7664,2.7664,2.7664,2.7664,3.766,3.766,3.228,2.152,2.152,2.152,2.152,2.152,2.152,7.4176,6.2464,3.904,2.7328,1.5616,1.5616,1.5616,1.5616,5.128,5.128,3.846,2.8204,2.0512,1.5384,1.0256,1.0256,1.0256,3.24,3.24,3.24,3.078,2.43,2.106,0.81,0.81,0.648,0.648,0.648,0.648,0.648,0.4944,0.4944,0.4944,0.4944,0.4944,0.4944,0.4944,0.4944,0.4944,0,0.00487893806054054,0,0,0,0,0,0,0,0,0,0,0,0,0,0,0,0,0,0,0,0,0,0,0,0,0,0,0,0,0,0,0,0,0,0,0,0,0,0
0,0,0,0,0,0,0,0,0,0,0,0,0,0,0,0,0,0,0,0,0,0,0,0,0,0,0,0,0,0,0,0,0,0,0,0,0,0,0,0.4944,0.4944,0.4944,0.4944,0.4944,0.4944,0.4944,0.4944,0.4944,0.618,0.648,0.648,0.648,0.648,0.648,0.648,1.296,2.268,2.592,3.078,3.24,3.24,3.24,1.0256,1.0256,1.0256,1.5384,2.0512,2.8204,3.846,4.8716,5.128,1.5616,1.5616,1.5616,1.5616,2.3424,2.7328,4.6848,6.6368,7.808,2.152,2.152,2.152,2.152,2.152,2.152,3.228,3.228,3.766,4.304,2.7664,2.7664,2.7664,2.7664,2.7664,2.7664,2.7664,2.7664,2.7664,2.7664,2.7664,2.7664,2.7664,2.7664,2.7664,2.7664,2.7664,2.7664,2.7664,4.304,3.766,3.228,3.228,2.152,2.152,2.152,2.152,2.152,2.152,7.808,6.6368,4.6848,2.7328,2.3424,1.5616,1.5616,1.5616,1.5616,5.128,4.8716,3.846,2.8204,2.0512,1.5384,1.0256,1.0256,1.0256,3.24,3.24,3.24,3.078,2.592,2.268,1.296,0.648,0.648,0.648,0.648,0.648,0.648,0.618,0.4944,0.4944,0.4944,0.4944,0.4944,0.4944,0.4944,0.4944,0.4944,0,0,0,0,0,0,0,0,0,0,0,0,0,0,0,0,0,0,0,0,0,0,0,0,0,0,0,0,0,0,0,0,0,0,0,0,0,0,0,0
0,0,0,0,0,0,0,0,0,0,0,0,0,0,0,0,0,0,0,0,0,0,0,0,0,0,0,0,0,0,0,0,0,0,0,0,0,0,0,0.4944,0.4944,0.4944,0.4944,0.4944,0.4944,0.4944,0.4944,0.4944,0.4944,0.618,0.648,0.648,0.648,0.648,0.648,0.648,1.296,2.106,2.754,3.078,3.24,3.24,3.24,1.0256,1.0256,1.0256,1.5384,1.7948,2.3076,3.846,4.1024,5.128,5.128,1.5616,1.5616,1.5616,1.5616,2.7328,3.1232,5.0752,7.4176,7.808,2.152,2.152,2.152,2.152,2.152,2.152,2.152,3.228,3.228,3.228,3.766,3.766,3.766,2.7664,2.7664,2.7664,2.7664,2.7664,2.7664,2.7664,2.7664,2.7664,3.766,3.766,3.766,3.228,3.228,3.228,2.152,2.152,2.152,2.152,2.152,2.152,2.152,7.808,7.4176,5.0752,3.1232,2.7328,1.5616,1.5616,1.5616,1.5616,5.128,5.128,4.1024,3.846,2.3076,1.7948,1.5384,1.0256,1.0256,1.0256,3.24,3.24,3.24,3.078,2.754,2.106,1.296,0.648,0.648,0.648,0.648,0.648,0.648,0.618,0.4944,0.4944,0.4944,0.4944,0.4944,0.4944,0.4944,0.4944,0.4944,0.4944,0,0,0,0,0,0,0,0,0,0,0,0,0,0,0,0,0,0,0,0,0,0,0,0,0,0,0,0,0,0,0,0,0,0,0,0,0,0,0,0
0,0,0,0,0,0,0,0,0,0,0,0,0,0,0,0,0,0,0,0,0,0,0,0,0,0,0,0,0,0,0,0,0,0,0,0,0,0,0,0.4944,0.4944,0.4944,0.4944,0.4944,0.4944,0.4944,0.4944,0.4944,0.4944,0.4944,0.8652,0.648,0.648,0.648,0.648,0.648,0.648,1.62,2.106,2.754,3.078,3.24,3.24,3.24,1.0256,1.0256,1.0256,1.282,1.7948,2.3076,2.8204,4.1024,5.128,5.128,1.5616,1.5616,1.5616,1.5616,1.952,2.7328,3.904,5.4656,7.0272,7.808,2.152,2.152,2.152,2.152,2.152,2.152,2.152,2.152,2.152,2.69,3.228,3.228,2.69,3.228,3.228,3.228,3.228,3.228,2.69,3.228,3.228,2.69,2.152,2.152,2.152,2.152,2.152,2.152,2.152,2.152,2.152,7.808,7.0272,5.4656,3.904,2.7328,1.952,1.5616,1.5616,1.5616,1.5616,5.128,5.128,4.1024,2.8204,2.3076,1.7948,1.282,1.0256,1.0256,1.0256,3.24,3.24,3.24,3.078,2.754,2.106,1.62,0.648,0.648,0.648,0.648,0.648,0.648,0.8652,0.4944,0.4944,0.4944,0.4944,0.4944,0.4944,0.4944,0.4944,0.4944,0.4944,0.4944,0,0,0,0,0,0,0,0,0,0,0,0,0,0,0,0,0,0,0,0,0,0,0,0,0,0,0,0,0,0,0,0,0,0,0,0,0,0,0,0
0,0,0,0,0,0,0,0,0,0,0,0,0,0,0,0,0,0,0,0,0,0,0,0,0,0,0,0,0,0,0,0,0,0,0,0,0,0,0,0.4944,0.4944,0.4944,0.4944,0.4944,0.4944,0.4944,0.4944,0.4944,0.4944,0.4944,0.4944,0.648,0.648,0.648,0.648,0.648,0.648,0.81,1.62,2.106,2.754,3.078,3.24,3.24,3.24,1.0256,1.0256,1.0256,1.282,1.5384,2.3076,2.8204,3.846,4.8716,5.128,5.128,1.5616,1.5616,1.5616,1.5616,1.952,2.7328,3.1232,4.6848,5.856,7.0272,7.808,2.152,2.152,2.152,2.152,2.152,2.152,2.152,2.152,2.152,2.152,2.152,2.152,2.152,2.152,2.152,2.152,2.152,2.152,2.152,2.152,2.152,2.152,2.152,2.152,2.152,7.808,7.0272,5.856,4.6848,3.1232,2.7328,1.952,1.5616,1.5616,1.5616,1.5616,5.128,5.128,4.8716,3.846,2.8204,2.3076,1.5384,1.282,1.0256,1.0256,1.0256,3.24,3.24,3.24,3.078,2.754,2.106,1.62,0.81,0.648,0.648,0.648,0.648,0.648,0.648,0.4944,0.4944,0.4944,0.4944,0.4944,0.4944,0.4944,0.4944,0.4944,0.4944,0.4944,0.4944,0,0,0,0,0,0,0,0,0,0,0,0,0,0,0,0,0,0,0,0,0,0,0,0,0,0,0,0,0,0,0,0,0,0,0,0,0,0,0,0
0,0,0,0,0,0,0,0,0,0,0,0,0,0,0,0,0,0,0,0,0,0,0,0,0,0,0,0,0,0,0,0,0,0,0,0,0,0,0,0.4944,0.4944,0.4944,0.4944,0.4944,0.4944,0.4944,0.4944,0.4944,0.4944,0.4944,0.4944,0.4944,0.648,0.648,0.648,0.648,0.648,0.648,0.972,1.62,2.106,2.754,3.078,3.24,3.24,3.24,1.0256,1.0256,1.0256,1.282,1.5384,2.0512,2.3076,3.5896,4.1024,5.128,5.128,1.5616,1.5616,1.5616,1.5616,1.5616,1.952,2.7328,2.7328,3.904,5.0752,7.0272,7.4176,7.808,2.152,2.152,2.152,2.152,2.152,2.152,2.152,2.152,2.152,2.152,2.152,2.152,2.152,2.152,2.152,2.152,2.152,2.152,2.152,7.808,7.4176,7.0272,5.0752,3.904,2.7328,2.7328,1.952,1.5616,1.5616,1.5616,1.5616,1.5616,5.128,5.128,4.1024,3.5896,2.3076,2.0512,1.5384,1.282,1.0256,1.0256,1.0256,3.24,3.24,3.24,3.078,2.754,2.106,1.62,0.972,0.648,0.648,0.648,0.648,0.648,0.648,0.4944,0.4944,0.4944,0.4944,0.4944,0.4944,0.4944,0.4944,0.4944,0.4944,0.4944,0.4944,0.4944,0,0,0,0,0,0,0,0,0,0,0,0,0,0,0,0,0,0,0,0,0,0,0,0,0,0,0,0,0,0,0,0,0,0,0,0,0,0,0,0
0,0,0,0,0,0,0,0,0,0,0,0,0,0,0,0,0,0,0,0,0,0,0,0,0,0,0,0,0,0,0,0,0,0,0,0,0,0,0,0.4944,0.4944,0.4944,0.4944,0.4944,0.4944,0.4944,0.4944,0.4944,0.4944,0.4944,0.4944,0.4944,0.618,0.648,0.648,0.648,0.648,0.648,0.648,0.972,1.62,2.106,2.754,3.078,3.24,3.24,3.24,1.0256,1.0256,1.0256,1.0256,1.282,1.5384,2.3076,2.8204,3.846,4.1024,5.128,5.128,1.5616,1.5616,1.5616,1.5616,1.5616,1.5616,1.952,2.7328,2.7328,4.2944,4.6848,5.0752,6.2464,7.4176,7.0272,7.4176,7.808,7.808,7.808,7.808,2.152,7.808,7.808,7.808,7.808,7.4176,7.0272,7.4176,6.2464,5.0752,4.6848,4.2944,2.7328,2.7328,1.952,1.5616,1.5616,1.5616,1.5616,1.5616,1.5616,5.128,5.128,4.1024,3.846,2.8204,2.3076,1.5384,1.282,1.0256,1.0256,1.0256,1.0256,3.24,3.24,3.24,3.078,2.754,2.106,1.62,0.972,0.648,0.648,0.648,0.648,0.648,0.648,0.618,0.4944,0.4944,0.4944,0.4944,0.4944,0.4944,0.4944,0.4944,0.4944,0.4944,0.4944,0.4944,0.4944,0,0,0,0,0,0,0,0,0,0,0,0,0,0,0,0,0,0,0,0,0,0,0,0,0,0,0,0,0,0,0,0,0,0,0,0,0,0,0,0
0,0,0,0,0,0,0,0,0,0,0,0,0,0,0,0,0,0,0,0,0,0,0,0,0,0,0,0,0,0,0,0,0,0,0,0,0,0,0,0.4944,0.4944,0.4944,0.4944,0.4944,0.4944,0.4944,0.4944,0.4944,0.4944,0.4944,0.4944,0.4944,0.4944,0.618,0.648,0.648,0.648,0.648,0.648,0.648,0.81,1.62,2.106,2.592,3.078,3.24,3.24,3.24,3.24,1.0256,1.0256,1.0256,1.282,1.5384,2.0512,2.3076,3.3332,3.846,4.6152,5.128,5.128,5.128,1.5616,1.5616,1.5616,1.5616,1.5616,1.5616,1.952,2.3424,2.7328,2.7328,3.5136,3.904,4.2944,4.6848,5.0752,5.4656,5.4656,5.4656,5.4656,5.4656,5.0752,4.6848,4.2944,3.904,3.5136,2.7328,2.7328,2.3424,1.952,1.5616,1.5616,1.5616,1.5616,1.5616,1.5616,5.128,5.128,5.128,4.6152,3.846,3.3332,2.3076,2.0512,1.5384,1.282,1.0256,1.0256,1.0256,3.24,3.24,3.24,3.24,3.078,2.592,2.106,1.62,0.81,0.648,0.648,0.648,0.648,0.648,0.648,0.618,0.4944,0.4944,0.4944,0.4944,0.4944,0.4944,0.4944,0.4944,0.4944,0.4944,0.4944,0.4944,0.4944,0.4944,0,0,0,0,0,0,0,0,0,0,0,0,0,0,0,0,0,0,0,0,0,0,0,0,0,0,0,0,0,0,0,0,0,0,0,0,0,0,0,0
0,0,0,0,0,0,0,0,0,0,0,0,0,0,0,0,0,0,0,0,0,0,0,0,0,0,0,0,0,0,0,0,0,0,0,0,0,0,0,0.3708,0.4944,0.4944,0.4944,0.4944,0.4944,0.4944,0.4944,0.4944,0.4944,0.4944,0.4944,0.4944,0.4944,0.4944,0.7416,0.648,0.648,0.648,0.648,0.648,0.648,0.648,1.296,2.268,2.43,2.916,3.24,3.24,3.24,3.24,1.0256,1.0256,1.0256,1.0256,1.282,1.5384,2.0512,2.3076,3.0768,3.846,4.1024,5.128,5.128,5.128,1.5616,1.5616,1.5616,1.5616,1.5616,1.5616,1.5616,1.5616,1.5616,1.952,2.3424,2.3424,2.3424,2.7328,2.7328,2.7328,2.7328,2.7328,2.3424,2.3424,2.3424,1.952,1.5616,1.5616,1.5616,1.5616,1.5616,1.5616,1.5616,1.5616,1.5616,5.128,5.128,5.128,4.1024,3.846,3.0768,2.3076,2.0512,1.5384,1.282,1.0256,1.0256,1.0256,1.0256,3.24,3.24,3.24,3.24,2.916,2.43,2.268,1.296,0.648,0.648,0.648,0.648,0.648,0.648,0.648,0.7416,0.4944,0.4944,0.4944,0.4944,0.4944,0.4944,0.4944,0.4944,0.4944,0.4944,0.4944,0.4944,0.4944,0.4944,0.3708,0,0,0,0,0,0,0,0,0,0,0,0,0,0,0,0,0,0,0,0,0,0,0,0,0,0,0,0,0,0,0,0,0,0,0,0,0,0,0,0
0,0,0,0,0,0,0,0,0,0,0,0,0,0,0,0,0,0,0,0,0,0,0,0,0,0,0,0,0,0,0,0,0,0,0,0,0,0,0,0.1236,0.3708,0.4944,0.4944,0.4944,0.4944,0.4944,0.4944,0.4944,0.4944,0.4944,0.4944,0.4944,0.4944,0.4944,0.4944,0.618,0.648,0.648,0.648,0.648,0.648,0.648,0.648,1.296,2.106,2.592,2.754,3.24,3.24,3.24,3.24,3.24,1.0256,1.0256,1.0256,1.0256,1.282,1.5384,2.0512,2.3076,3.0768,3.846,4.1024,4.8716,5.128,5.128,5.128,1.5616,1.5616,1.5616,1.5616,1.5616,1.5616,1.5616,1.5616,1.5616,1.5616,1.5616,1.5616,1.5616,1.5616,1.5616,1.5616,1.5616,1.5616,1.5616,1.5616,1.5616,1.5616,1.5616,1.5616,1.5616,5.128,5.128,5.128,4.8716,4.1024,3.846,3.0768,2.3076,2.0512,1.5384,1.282,1.0256,1.0256,1.0256,1.0256,3.24,3.24,3.24,3.24,3.24,2.754,2.592,2.106,1.296,0.648,0.648,0.648,0.648,0.648,0.648,0.648,0.618,0.4944,0.4944,0.4944,0.4944,0.4944,0.4944,0.4944,0.4944,0.4944,0.4944,0.4944,0.4944,0.4944,0.4944,0.3708,0.1236,0,0,0,0,0,0,0,0,0,0,0,0,0,0,0,0,0,0,0,0,0,0,0,0,0,0,0,0,0,0,0,0,0,0,0,0,0,0,0,0
0,0,0,0,0,0,0,0,0,0,0,0,0,0,0,0,0,0,0,0,0,0,0,0,0,0,0,0,0,0,0,0,0,0,0,0,0,0,0,0,0.1236,0.3708,0.4944,0.4944,0.4944,0.4944,0.4944,0.4944,0.4944,0.4944,0.4944,0.4944,0.4944,0.4944,0.4944,0.4944,0.7416,0.648,0.648,0.648,0.648,0.648,0.648,0.648,0.81,1.944,2.43,2.754,3.078,3.24,3.24,3.24,3.24,1.0256,1.0256,1.0256,1.0256,1.282,1.282,1.5384,2.0512,2.564,2.8204,3.5896,3.846,4.1024,4.8716,5.128,5.128,5.128,5.128,5.128,1.5616,1.5616,1.5616,1.5616,1.5616,1.5616,1.5616,1.5616,1.5616,1.5616,1.5616,1.5616,1.5616,1.5616,1.5616,5.128,5.128,5.128,5.128,5.128,4.8716,4.1024,3.846,3.5896,2.8204,2.564,2.0512,1.5384,1.282,1.282,1.0256,1.0256,1.0256,1.0256,3.24,3.24,3.24,3.24,3.078,2.754,2.43,1.944,0.81,0.648,0.648,0.648,0.648,0.648,0.648,0.648,0.7416,0.4944,0.4944,0.4944,0.4944,0.4944,0.4944,0.4944,0.4944,0.4944,0.4944,0.4944,0.4944,0.4944,0.4944,0.3708,0.1236,0,0,0,0,0,0,0,0,0,0,0,0,0,0,0,0,0,0,0,0,0,0,0,0,0,0,0,0,0,0,0,0,0,0,0,0,0,0,0,0,0
0,0,0,0,0,0,0,0,0,0,0,0,0,0,0,0,0,0,0,0,0,0,0,0,0,0,0,0,0,0,0,0,0,0,0,0,0,0,0,0,0.1236,0.1236,0.4944,0.3708,0.4944,0.4944,0.4944,0.4944,0.4944,0.4944,0.4944,0.4944,0.4944,0.4944,0.4944,0.4944,0.4944,0.618,0.648,0.648,0.648,0.648,0.648,0.648,0.81,0.972,1.62,2.268,2.43,2.754,3.24,3.24,3.24,3.24,3.24,1.0256,1.0256,1.0256,1.0256,1.0256,1.282,1.5384,1.7948,2.0512,2.3076,3.0768,2.8204,3.846,4.1024,4.1024,4.8716,5.128,5.128,5.128,5.128,5.128,5.128,5.128,5.128,5.128,5.128,5.128,5.128,5.128,5.128,5.128,5.128,5.128,4.8716,4.1024,4.1024,3.846,2.8204,3.0768,2.3076,2.0512,1.7948,1.5384,1.282,1.0256,1.0256,1.0256,1.0256,1.0256,3.24,3.24,3.24,3.24,3.24,2.754,2.43,2.268,1.62,0.972,0.81,0.648,0.648,0.648,0.648,0.648,0.648,0.618,0.4944,0.4944,0.4944,0.4944,0.4944,0.4944,0.4944,0.4944,0.4944,0.4944,0.4944,0.4944,0.4944,0.3708,0.4944,0.1236,0.1236,0,0,0,0,0,0,0,0,0,0,0,0,0,0,0,0,0,0,0,0,0,0,0,0,0,0,0,0,0,0,0,0,0,0,0,0,0,0,0,0,0
0,0,0,0,0,0,0,0,0,0,0,0,0,0,0,0,0,0,0,0,0,0,0,0,0,0,0,0,0,0,0,0,0,0,0,0,0,0,0,0,0,0.1236,0.3708,0.4944,0.4944,0.4944,0.4944,0.4944,0.4944,0.4944,0.4944,0.4944,0.4944,0.4944,0.4944,0.4944,0.4944,0.4944,0.618,0.648,0.648,0.648,0.648,0.648,0.648,0.648,0.648,1.296,1.944,2.592,2.754,3.078,3.24,3.24,3.24,3.24,3.24,1.0256,1.0256,1.0256,1.0256,1.0256,1.282,1.282,1.5384,1.7948,2.0512,2.3076,2.3076,2.8204,3.0768,3.5896,3.846,3.846,4.1024,4.1024,4.1024,4.1024,4.1024,4.1024,4.1024,4.1024,4.1024,4.1024,4.1024,3.846,3.846,3.5896,3.0768,2.8204,2.3076,2.3076,2.0512,1.7948,1.5384,1.282,1.282,1.0256,1.0256,1.0256,1.0256,1.0256,3.24,3.24,3.24,3.24,3.24,3.078,2.754,2.592,1.944,1.296,0.648,0.648,0.648,0.648,0.648,0.648,0.648,0.648,0.618,0.4944,0.4944,0.4944,0.4944,0.4944,0.4944,0.4944,0.4944,0.4944,0.4944,0.4944,0.4944,0.4944,0.4944,0.4944,0.3708,0.1236,0,0,0,0,0,0,0,0,0,0,0,0,0,0,0,0,0,0,0,0,0,0,0,0,0,0,0,0,0,0,0,0,0,0,0,0,0,0,0,0,0,0
0,0,0,0,0,0,0,0,0,0,0,0,0,0,0,0,0,0,0,0,0,0,0,0,0,0,0,0,0,0,0,0,0,0,0,0,0,0,0,0,0,0,0.1236,0.3708,0.4944,0.4944,0.4944,0.4944,0.4944,0.4944,0.4944,0.4944,0.4944,0.4944,0.4944,0.4944,0.4944,0.4944,0.4944,0.4944,0.648,0.648,0.648,0.648,0.648,0.648,0.648,0.81,0.972,1.62,2.268,2.592,2.754,3.078,3.24,3.24,3.24,3.24,3.24,1.0256,1.0256,1.0256,1.0256,1.0256,1.0256,1.282,1.282,1.5384,1.5384,1.7948,2.0512,2.3076,2.3076,2.3076,2.3076,2.8204,3.0768,2.8204,2.8204,2.8204,2.8204,2.8204,3.0768,2.8204,2.3076,2.3076,2.3076,2.3076,2.0512,1.7948,1.5384,1.5384,1.282,1.282,1.0256,1.0256,1.0256,1.0256,1.0256,1.0256,3.24,3.24,3.24,3.24,3.24,3.078,2.754,2.592,2.268,1.62,0.972,0.81,0.648,0.648,0.648,0.648,0.648,0.648,0.648,0.4944,0.4944,0.4944,0.4944,0.4944,0.4944,0.4944,0.4944,0.4944,0.4944,0.4944,0.4944,0.4944,0.4944,0.4944,0.4944,0.3708,0.1236,0,0,0,0,0,0,0,0,0,0,0,0,0,0,0,0,0,0,0,0,0,0,0,0,0,0,0,0,0,0,0,0,0,0,0,0,0,0,0,0,0,0,0
0,0,0,0,0,0,0,0,0,0,0,0,0,0,0,0,0,0,0,0,0,0,0,0,0,0,0,0,0,0,0,0,0,0,0,0,0,0,0,0,0,0,0.1236,0.1236,0.3708,0.4944,0.4944,0.4944,0.4944,0.4944,0.4944,0.4944,0.4944,0.4944,0.4944,0.4944,0.4944,0.4944,0.4944,0.4944,0.4944,0.8652,0.648,0.648,0.648,0.648,0.648,0.648,0.648,0.648,1.296,1.944,2.268,2.43,2.754,3.078,3.24,3.24,3.24,3.24,3.24,3.24,1.0256,1.0256,1.0256,1.0256,1.0256,1.0256,1.0256,1.282,1.282,1.282,1.5384,1.5384,1.5384,1.5384,1.5384,1.7948,1.7948,1.7948,1.7948,1.7948,1.5384,1.5384,1.5384,1.5384,1.5384,1.282,1.282,1.282,1.0256,1.0256,1.0256,1.0256,1.0256,1.0256,1.0256,3.24,3.24,3.24,3.24,3.24,3.24,3.078,2.754,2.43,2.268,1.944,1.296,0.648,0.648,0.648,0.648,0.648,0.648,0.648,0.648,0.8652,0.4944,0.4944,0.4944,0.4944,0.4944,0.4944,0.4944,0.4944,0.4944,0.4944,0.4944,0.4944,0.4944,0.4944,0.4944,0.4944,0.3708,0.1236,0.1236,0,0,0,0,0,0,0,0,0,0,0,0,0,0,0,0,0,0,0,0,0,0,0,0,0,0,0,0,0,0,0,0,0,0,0,0,0,0,0,0,0,0,0
0,0,0,0,0,0,0,0,0,0,0,0,0,0,0,0,0,0,0,0,0,0,0,0,0,0,0,0,0,0,0,0,0,0,0,0,0,0,0,0,0,0,0,0.1236,0.1236,0.3708,0.4944,0.4944,0.4944,0.4944,0.4944,0.4944,0.4944,0.4944,0.4944,0.4944,0.4944,0.4944,0.4944,0.4944,0.4944,0.4944,0.618,0.648,0.648,0.648,0.648,0.648,0.648,0.648,0.81,0.81,1.296,1.944,2.106,2.43,2.754,3.078,3.24,3.24,3.24,3.24,3.24,3.24,3.24,1.0256,1.0256,1.0256,1.0256,1.0256,1.0256,1.0256,1.0256,1.0256,1.0256,1.0256,1.282,1.282,1.282,1.282,1.282,1.282,1.282,1.0256,1.0256,1.0256,1.0256,1.0256,1.0256,1.0256,1.0256,1.0256,1.0256,1.0256,3.24,3.24,3.24,3.24,3.24,3.24,3.24,3.078,2.754,2.43,2.106,1.944,1.296,0.81,0.81,0.648,0.648,0.648,0.648,0.648,0.648,0.648,0.618,0.4944,0.4944,0.4944,0.4944,0.4944,0.4944,0.4944,0.4944,0.4944,0.4944,0.4944,0.4944,0.4944,0.4944,0.4944,0.4944,0.3708,0.1236,0.1236,0,0,0,0,0,0,0,0,0,0,0,0,0,0,0,0,0,0,0,0,0,0,0,0,0,0,0,0,0,0,0,0,0,0,0,0,0,0,0,0,0,0,0,0
0,0,0,0,0,0,0,0,0,0,0,0,0,0,0,0,0,0,0,0,0,0,0,0,0,0,0,0,0,0,0,0,0,0,0,0,0,0,0,0,0,0,0,0,0,0.1236,0.3708,0.4944,0.4944,0.4944,0.4944,0.4944,0.4944,0.4944,0.4944,0.4944,0.4944,0.4944,0.4944,0.4944,0.4944,0.4944,0.4944,0.618,0.648,0.648,0.648,0.648,0.648,0.648,0.648,0.648,0.81,0.972,1.134,1.944,2.268,2.592,2.754,3.078,3.24,3.24,3.24,3.24,3.24,3.24,3.24,3.24,3.24,1.0256,1.0256,1.0256,1.0256,1.0256,1.0256,1.0256,1.0256,1.0256,1.0256,1.0256,1.0256,1.0256,1.0256,1.0256,1.0256,1.0256,1.0256,1.0256,1.0256,1.0256,3.24,3.24,3.24,3.24,3.24,3.24,3.24,3.24,3.24,3.078,2.754,2.592,2.268,1.944,1.134,0.972,0.81,0.648,0.648,0.648,0.648,0.648,0.648,0.648,0.648,0.618,0.4944,0.4944,0.4944,0.4944,0.4944,0.4944,0.4944,0.4944,0.4944,0.4944,0.4944,0.4944,0.4944,0.4944,0.4944,0.4944,0.3708,0.1236,0,0,0,0,0,0,0,0,0,0,0,0,0,0,0,0,0,0,0,0,0,0,0,0,0,0,0,0,0,0,0,0,0,0,0,0,0,0,0,0,0,0,0,0,0,0
0,0,0,0,0,0,0,0,0,0,0,0,0,0,0,0,0,0,0,0,0,0,0,0,0,0,0,0,0,0,0,0,0,0,0,0,0,0,0,0,0,0,0,0,0,0,0.1236,0.3708,0.4944,0.4944,0.4944,0.4944,0.4944,0.4944,0.4944,0.4944,0.4944,0.4944,0.4944,0.4944,0.4944,0.4944,0.4944,0.4944,0.4944,0.7416,0.648,0.648,0.648,0.648,0.648,0.648,0.648,0.648,0.81,0.972,1.296,1.944,2.268,2.592,2.592,2.754,3.078,3.24,3.24,3.24,3.24,3.24,3.24,3.24,3.24,3.24,3.24,3.24,3.24,3.24,3.24,3.24,1.0256,1.0256,1.0256,3.24,3.24,3.24,3.24,3.24,3.24,3.24,3.24,3.24,3.24,3.24,3.24,3.24,3.24,3.24,3.078,2.754,2.592,2.592,2.268,1.944,1.296,0.972,0.81,0.648,0.648,0.648,0.648,0.648,0.648,0.648,0.648,0.7416,0.4944,0.4944,0.4944,0.4944,0.4944,0.4944,0.4944,0.4944,0.4944,0.4944,0.4944,0.4944,0.4944,0.4944,0.4944,0.4944,0.4944,0.3708,0.1236,0,0,0,0,0,0,0,0,0,0,0,0,0,0,0,0,0,0,0,0,0,0,0,0,0,0,0,0,0,0,0,0,0,0,0,0,0,0,0,0,0,0,0,0,0,0,0
0,0,0,0,0,0,0,0,0,0,0,0,0,0,0,0,0,0,0,0,0,0,0,0,0,0,0,0,0,0,0,0,0,0,0,0,0,0,0,0,0,0,0,0,0,0,0,0.1236,0.3708,0.4944,0.4944,0.4944,0.4944,0.4944,0.4944,0.4944,0.4944,0.4944,0.4944,0.4944,0.4944,0.4944,0.4944,0.4944,0.4944,0.4944,0.618,0.648,0.648,0.648,0.648,0.648,0.648,0.648,0.648,0.648,0.81,0.648,0.81,1.62,1.944,2.106,2.592,2.592,2.754,2.916,3.078,3.24,3.24,3.24,3.24,3.24,3.24,3.24,3.24,3.24,3.24,3.24,3.24,3.24,3.24,3.24,3.24,3.24,3.24,3.24,3.24,3.24,3.24,3.24,3.24,3.24,3.078,2.916,2.754,2.592,2.592,2.106,1.944,1.62,0.81,0.648,0.81,0.648,0.648,0.648,0.648,0.648,0.648,0.648,0.648,0.648,0.618,0.4944,0.4944,0.4944,0.4944,0.4944,0.4944,0.4944,0.4944,0.4944,0.4944,0.4944,0.4944,0.4944,0.4944,0.4944,0.4944,0.4944,0.3708,0.1236,0,0,0,0,0,0,0,0,0,0,0,0,0,0,0,0,0,0,0,0,0,0,0,0,0,0,0,0,0,0,0,0,0,0,0,0,0,0,0,0,0,0,0,0,0,0,0,0
0,0,0,0,0,0,0,0,0,0,0,0,0,0,0,0,0,0,0,0,0,0,0,0,0,0,0,0,0,0,0,0,0,0,0,0,0,0,0,0,0,0,0,0,0,0,0,0,0.1236,0.3708,0.4944,0.4944,0.4944,0.4944,0.4944,0.4944,0.4944,0.4944,0.4944,0.4944,0.4944,0.4944,0.4944,0.4944,0.4944,0.4944,0.4944,0.4944,0.618,0.648,0.648,0.648,0.648,0.648,0.648,0.648,0.648,0.648,0.648,0.648,0.972,1.296,1.62,1.944,2.268,2.43,2.592,2.592,2.754,2.754,3.078,3.078,3.078,3.24,3.24,3.24,3.24,3.24,3.24,3.24,3.24,3.24,3.24,3.24,3.24,3.24,3.078,3.078,3.078,2.754,2.754,2.592,2.592,2.43,2.268,1.944,1.62,1.296,0.972,0.648,0.648,0.648,0.648,0.648,0.648,0.648,0.648,0.648,0.648,0.648,0.618,0.4944,0.4944,0.4944,0.4944,0.4944,0.4944,0.4944,0.4944,0.4944,0.4944,0.4944,0.4944,0.4944,0.4944,0.4944,0.4944,0.4944,0.4944,0.3708,0.1236,0,0,0,0,0,0,0,0,0,0,0,0,0,0,0,0,0,0,0,0,0,0,0,0,0,0,0,0,0,0,0,0,0,0,0,0,0,0,0,0,0,0,0,0,0,0,0,0,0
0,0,0,0,0,0,0,0,0,0,0,0,0,0,0,0,0,0,0,0,0,0,0,0,0,0,0,0,0,0,0,0,0,0,0,0,0,0,0,0,0,0,0,0,0,0,0,0,0,0.1236,0.3708,0.4944,0.4944,0.4944,0.4944,0.4944,0.4944,0.4944,0.4944,0.4944,0.4944,0.4944,0.4944,0.4944,0.4944,0.4944,0.4944,0.4944,0.4944,0.4944,0.618,0.648,0.648,0.648,0.648,0.648,0.648,0.648,0.648,0.648,0.648,0.648,0.648,0.972,0.81,1.296,1.62,1.944,2.268,2.106,2.592,2.592,2.43,2.592,2.754,2.754,2.754,2.754,2.754,2.754,2.754,2.754,2.754,2.754,2.754,2.592,2.43,2.592,2.592,2.106,2.268,1.944,1.62,1.296,0.81,0.972,0.648,0.648,0.648,0.648,0.648,0.648,0.648,0.648,0.648,0.648,0.648,0.648,0.618,0.4944,0.4944,0.4944,0.4944,0.4944,0.4944,0.4944,0.4944,0.4944,0.4944,0.4944,0.4944,0.4944,0.4944,0.4944,0.4944,0.4944,0.4944,0.4944,0.3708,0.1236,0,0,0,0,0,0,0,0,0,0,0,0,0,0,0,0,0,0,0,0,0,0,0,0,0,0,0,0,0,0,0,0,0,0,0,0,0,0,0,0,0,0,0,0,0,0,0,0,0,0
0,0,0,0,0,0,0,0,0,0,0,0,0,0,0,0,0,0,0,0,0,0,0,0,0,0,0,0,0,0,0,0,0,0,0,0,0,0,0,0,0,0,0,0,0,0,0,0,0,0.1236,0.1236,0.3708,0.4944,0.3708,0.4944,0.4944,0.4944,0.4944,0.4944,0.4944,0.4944,0.4944,0.4944,0.4944,0.4944,0.4944,0.4944,0.4944,0.4944,0.4944,0.4944,0.4944,0.618,0.648,0.648,0.648,0.648,0.648,0.648,0.648,0.648,0.648,0.648,0.648,0.648,0.81,0.648,0.972,0.972,1.296,1.296,1.62,1.944,1.944,2.106,2.106,2.268,2.268,2.106,2.106,2.106,2.268,2.268,2.106,2.106,1.944,1.944,1.62,1.296,1.296,0.972,0.972,0.648,0.81,0.648,0.648,0.648,0.648,0.648,0.648,0.648,0.648,0.648,0.648,0.648,0.648,0.618,0.4944,0.4944,0.4944,0.4944,0.4944,0.4944,0.4944,0.4944,0.4944,0.4944,0.4944,0.4944,0.4944,0.4944,0.4944,0.4944,0.4944,0.4944,0.3708,0.4944,0.3708,0.1236,0.1236,0,0,0,0,0,0,0,0,0,0,0,0,0,0,0,0,0,0,0,0,0,0,0,0,0,0,0,0,0,0,0,0,0,0,0,0,0,0,0,0,0,0,0,0,0,0,0,0,0,0
0,0,0,0,0,0,0,0,0,0,0,0,0,0,0,0,0,0,0,0,0,0,0,0,0,0,0,0,0,0,0,0,0,0,0,0,0,0,0,0,0,0,0,0,0,0,0,0,0,0,0.1236,0.1236,0.3708,0.4944,0.4944,0.4944,0.4944,0.4944,0.4944,0.4944,0.4944,0.4944,0.4944,0.4944,0.4944,0.4944,0.4944,0.4944,0.4944,0.4944,0.4944,0.4944,0.4944,0.4944,0.7416,0.648,0.648,0.648,0.648,0.648,0.648,0.648,0.648,0.648,0.648,0.648,0.648,0.648,0.648,0.648,0.81,0.648,0.648,0.81,0.972,0.972,0.972,0.81,0.81,0.81,0.81,0.81,0.972,0.972,0.972,0.81,0.648,0.648,0.81,0.648,0.648,0.648,0.648,0.648,0.648,0.648,0.648,0.648,0.648,0.648,0.648,0.648,0.648,0.648,0.7416,0.4944,0.4944,0.4944,0.4944,0.4944,0.4944,0.4944,0.4944,0.4944,0.4944,0.4944,0.4944,0.4944,0.4944,0.4944,0.4944,0.4944,0.4944,0.4944,0.4944,0.4944,0.3708,0.1236,0.1236,0,0,0,0,0,0,0,0,0,0,0,0,0,0,0,0,0,0,0,0,0,0,0,0,0,0,0,0,0,0,0,0,0,0,0,0,0,0,0,0,0,0,0,0,0,0,0,0,0,0,0
0,0,0,0,0,0,0,0,0,0,0,0,0,0,0,0,0,0,0,0,0,0,0,0,0,0,0,0,0,0,0,0,0,0,0,0,0,0,0,0,0,0,0,0,0,0,0,0,0,0,0,0,0.1236,0.1236,0.3708,0.4944,0.4944,0.4944,0.4944,0.4944,0.4944,0.4944,0.4944,0.4944,0.4944,0.4944,0.4944,0.4944,0.4944,0.4944,0.4944,0.4944,0.4944,0.4944,0.4944,0.4944,0.618,0.8652,0.648,0.648,0.648,0.648,0.648,0.648,0.648,0.648,0.648,0.648,0.648,0.648,0.648,0.648,0.648,0.648,0.648,0.648,0.648,0.648,0.648,0.648,0.648,0.648,0.648,0.648,0.648,0.648,0.648,0.648,0.648,0.648,0.648,0.648,0.648,0.648,0.648,0.648,0.648,0.648,0.648,0.648,0.648,0.8652,0.618,0.4944,0.4944,0.4944,0.4944,0.4944,0.4944,0.4944,0.4944,0.4944,0.4944,0.4944,0.4944,0.4944,0.4944,0.4944,0.4944,0.4944,0.4944,0.4944,0.4944,0.4944,0.3708,0.1236,0.1236,0,0,0,0,0,0,0,0,0,0,0,0,0,0,0,0,0,0,0,0,0,0,0,0,0,0,0,0,0,0,0,0,0,0,0,0,0,0,0,0,0,0,0,0,0,0,0,0,0,0,0,0,0
0,0,0,0,0,0,0,0,0,0,0,0,0,0,0,0,0,0,0,0,0,0,0,0,0,0,0,0,0,0,0,0,0,0,0,0,0,0,0,0,0,0,0,0,0,0,0,0,0,0,0,0,0,0.1236,0.1236,0.3708,0.4944,0.4944,0.4944,0.4944,0.4944,0.4944,0.4944,0.4944,0.4944,0.4944,0.4944,0.4944,0.4944,0.4944,0.4944,0.4944,0.4944,0.4944,0.4944,0.4944,0.4944,0.4944,0.4944,0.618,0.648,0.648,0.648,0.648,0.648,0.648,0.648,0.648,0.648,0.648,0.648,0.648,0.648,0.648,0.648,0.648,0.648,0.648,0.648,0.648,0.648,0.648,0.648,0.648,0.648,0.648,0.648,0.648,0.648,0.648,0.648,0.648,0.648,0.648,0.648,0.648,0.648,0.648,0.648,0.618,0.4944,0.4944,0.4944,0.4944,0.4944,0.4944,0.4944,0.4944,0.4944,0.4944,0.4944,0.4944,0.4944,0.4944,0.4944,0.4944,0.4944,0.4944,0.4944,0.4944,0.4944,0.4944,0.4944,0.3708,0.1236,0.1236,0,0,0,0,0,0,0,0,0,0,0,0,0,0,0,0,0,0,0,0,0,0,0,0,0,0,0,0,0,0,0,0,0,0,0,0,0,0,0,0,0,0,0,0,0,0,0,0,0,0,0,0,0,0
0,0,0,0,0,0,0,0,0,0,0,0,0,0,0,0,0,0,0,0,0,0,0,0,0,0,0,0,0,0,0,0,0,0,0,0,0,0,0,0,0,0,0,0,0,0,0,0,0,0,0,0,0,0,0,0.1236,0.3708,0.4944,0.4944,0.4944,0.4944,0.4944,0.4944,0.4944,0.4944,0.4944,0.4944,0.4944,0.4944,0.4944,0.4944,0.4944,0.4944,0.4944,0.4944,0.4944,0.4944,0.4944,0.4944,0.4944,0.4944,0.4944,0.618,0.7416,0.648,0.648,0.648,0.648,0.648,0.648,0.648,0.648,0.648,0.648,0.648,0.648,0.648,0.648,0.648,0.648,0.648,0.648,0.648,0.648,0.648,0.648,0.648,0.648,0.648,0.648,0.648,0.648,0.648,0.648,0.648,0.7416,0.618,0.4944,0.4944,0.4944,0.4944,0.4944,0.4944,0.4944,0.4944,0.4944,0.4944,0.4944,0.4944,0.4944,0.4944,0.4944,0.4944,0.4944,0.4944,0.4944,0.4944,0.4944,0.4944,0.4944,0.4944,0.4944,0.3708,0.1236,0,0,0,0,0,0,0,0,0,0,0,0,0,0,0,0,0,0,0,0,0,0,0,0,0,0,0,0,0,0,0,0,0,0,0,0,0,0,0,0,0,0,0,0,0,0,0,0,0,0,0,0,0,0,0,0
0,0,0,0,0,0,0,0,0,0,0,0,0,0,0,0,0,0,0,0,0,0,0,0,0,0,0,0,0,0,0,0,0,0,0,0,0,0,0,0,0,0,0,0,0,0,0,0,0,0,0,0,0,0,0,0,0,0,0,0,0,0,0,0,0,0,0,0,0,0,0,0,0,0,0,0,0,0,0,0,0,0,0,0,0,0,0,0,0,0,0,0,0,0,0,0,0,0,0,0,0,0,0,0,0,0,0,0,0,0,0,0,0,0,0,0,0,0,0,0,0,0,0,0,0,0,0,0,0,0,0,0,0,0,0,0,0,0,0,0,0,0,0,0,0,0,0,0,0,0,0,0,0,0,0,0,0,0,0,0,0,0,0,0,0,0,0,0,0,0,0,0,0,0,0,0,0,0,0,0,0,0,0,0,0,0,0,0,0,0,0,0,0,0,0,0,0,0,0,0
0,0,0,0,0,0,0,0,0,0,0,0,0,0,0,0,0,0,0,0,0,0,0,0,0,0,0,0,0,0,0,0,0,0,0,0,0,0,0,0,0,0,0,0,0,0,0,0,0,0,0,0,0,0,0,0,0,0,0,0,0,0,0,0,0,0,0,0,0,0,0,0,0,0,0,0,0,0,0,0,0,0,0,0,0,0,0,0,0,0,0,0,0,0,0,0,0,0,0,0,0,0,0,0,0,0,0,0,0,0,0,0,0,0,0,0,0,0,0,0,0,0,0,0,0,0,0,0,0,0,0,0,0,0,0,0,0,0,0,0,0,0,0,0,0,0,0,0,0,0,0,0,0,0,0,0,0,0,0,0,0,0,0,0,0,0,0,0,0,0,0,0,0,0,0,0,0,0,0,0,0,0,0,0,0,0,0,0,0,0,0,0,0,0,0,0,0,0,0,0
0,0,0,0,0,0,0,0,0,0,0,0,0,0,0,0,0,0,0,0,0,0,0,0,0,0,0,0,0,0,0,0,0,0,0,0,0,0,0,0,0,0,0,0,0,0,0,0,0,0,0,0,0,0,0,0,0,0,0,0,0,0,0,0,0,0,0,0,0,0,0,0,0,0,0,0,0,0,0,0,0,0,0,0,0,0,0,0,0,0,0,0,0,0,0,0,0,0,0,0,0,0,0,0,0,0,0,0,0,0,0,0,0,0,0,0,0,0,0,0,0,0,0,0,0,0,0,0,0,0,0,0,0,0,0,0,0,0,0,0,0,0,0,0,0,0,0,0,0,0,0,0,0,0,0,0,0,0,0,0,0,0,0,0,0,0,0,0,0,0,0,0,0,0,0,0,0,0,0,0,0,0,0,0,0,0,0,0,0,0,0,0,0,0,0,0,0,0,0,0
0,0,0,0,0,0,0,0,0,0,0,0,0,0,0,0,0,0,0,0,0,0,0,0,0,0,0,0,0,0,0,0,0,0,0,0,0,0,0,0,0,0,0,0,0,0,0,0,0,0,0,0,0,0,0,0,0,0,0,0,0,0,0,0,0,0,0,0,0,0,0,0,0,0,0,0,0,0,0,0,0,0,0,0,0,0,0,0,0,0,0,0,0,0,0,0,0,0,0,0,0,0,0,0,0,0,0,0,0,0,0,0,0,0,0,0,0,0,0,0,0,0,0,0,0,0,0,0,0,0,0,0,0,0,0,0,0,0,0,0,0,0,0,0,0,0,0,0,0,0,0,0,0,0,0,0,0,0,0,0,0,0,0,0,0,0,0,0,0,0,0,0,0,0,0,0,0,0,0,0,0,0,0,0,0,0,0,0,0,0,0,0,0,0,0,0,0,0,0,0
0,0,0,0,0,0,0,0,0,0,0,0,0,0,0,0,0,0,0,0,0,0,0,0,0,0,0,0,0,0,0,0,0,0,0,0,0,0,0,0,0,0,0,0,0,0,0,0,0,0,0,0,0,0,0,0,0,0,0,0,0,0,0,0,0,0,0,0,0,0,0,0,0,0,0,0,0,0,0,0,0,0,0,0,0,0,0,0,0,0,0,0,0,0,0,0,0,0,0,0,0,0,0,0,0,0,0,0,0,0,0,0,0,0,0,0,0,0,0,0,0,0,0,0,0,0,0,0,0,0,0,0,0,0,0,0,0,0,0,0,0,0,0,0,0,0,0,0,0,0,0,0,0,0,0,0,0,0,0,0,0,0,0,0,0,0,0,0,0,0,0,0,0,0,0,0,0,0,0,0,0,0,0,0,0,0,0,0,0,0,0,0,0,0,0,0,0,0,0,0
0,0,0,0,0,0,0,0,0,0,0,0,0,0,0,0,0,0,0,0,0,0,0,0,0,0,0,0,0,0,0,0,0,0,0,0,0,0,0,0,0,0,0,0,0,0,0,0,0,0,0,0,0,0,0,0,0,0,0,0,0,0,0,0,0,0,0,0,0,0,0,0,0,0,0,0,0,0,0,0,0,0,0,0,0,0,0,0,0,0,0,0,0,0,0,0,0,0,0,0,0,0,0,0,0,0,0,0,0,0,0,0,0,0,0,0,0,0,0,0,0,0,0,0,0,0,0,0,0,0,0,0,0,0,0,0,0,0,0,0,0,0,0,0,0,0,0,0,0,0,0,0,0,0,0,0,0,0,0,0,0,0,0,0,0,0,0,0,0,0,0,0,0,0,0,0,0,0,0,0,0,0,0,0,0,0,0,0,0,0,0,0,0,0,0,0,0,0,0,0
0,0,0,0,0,0,0,0,0,0,0,0,0,0,0,0,0,0,0,0,0,0,0,0,0,0,0,0,0,0,0,0,0,0,0,0,0,0,0,0,0,0,0,0,0,0,0,0,0,0,0,0,0,0,0,0,0,0,0,0,0,0,0,0,0,0,0,0,0,0,0,0,0,0,0,0,0,0,0,0,0,0,0,0,0,0,0,0,0,0,0,0,0,0,0,0,0,0,0,0,0,0,0,0,0,0,0,0,0,0,0,0,0,0,0,0,0,0,0,0,0,0,0,0,0,0,0,0,0,0,0,0,0,0,0,0,0,0,0,0,0,0,0,0,0,0,0,0,0,0,0,0,0,0,0,0,0,0,0,0,0,0,0,0,0,0,0,0,0,0,0,0,0,0,0,0,0,0,0,0,0,0,0,0,0,0,0,0,0,0,0,0,0,0,0,0,0,0,0,0
0,0,0,0,0,0,0,0,0,0,0,0,0,0,0,0,0,0,0,0,0,0,0,0,0,0,0,0,0,0,0,0,0,0,0,0,0,0,0,0,0,0,0,0,0,0,0,0,0,0,0,0,0,0,0,0,0,0,0,0,0,0,0,0,0,0,0,0,0,0,0,0,0,0,0,0,0,0,0,0,0,0,0,0,0,0,0,0,0,0,0,0,0,0,0,0,0,0,0,0,0,0,0,0,0,0,0,0,0,0,0,0,0,0,0,0,0,0,0,0,0,0,0,0,0,0,0,0,0,0,0,0,0,0,0,0,0,0,0,0,0,0,0,0,0,0,0,0,0,0,0,0,0,0,0,0,0,0,0,0,0,0,0,0,0,0,0,0,0,0,0,0,0,0,0,0,0,0,0,0,0,0,0,0,0,0,0,0,0,0,0,0,0,0,0,0,0,0,0,0
0,0,0,0,0,0,0,0,0,0,0,0,0,0,0,0,0,0,0,0,0,0,0,0,0,0,0,0,0,0,0,0,0,0,0,0,0,0,0,0,0,0,0,0,0,0,0,0,0,0,0,0,0,0,0,0,0,0,0,0,0,0,0,0,0,0,0,0,0,0,0,0,0,0,0,0,0,0,0,0,0,0,0,0,0,0,0,0,0,0,0,0,0,0,0,0,0,0,0,0,0,0,0,0,0,0,0,0,0,0,0,0,0,0,0,0,0,0,0,0,0,0,0,0,0,0,0,0,0,0,0,0,0,0,0,0,0,0,0,0,0,0,0,0,0,0,0,0,0,0,0,0,0,0,0,0,0,0,0,0,0,0,0,0,0,0,0,0,0,0,0,0,0,0,0,0,0,0,0,0,0,0,0,0,0,0,0,0,0,0,0,0,0,0,0,0,0,0,0,0
0,0,0,0,0,0,0,0,0,0,0,0,0,0,0,0,0,0,0,0,0,0,0,0,0,0,0,0,0,0,0,0,0,0,0,0,0,0,0,0,0,0,0,0,0,0,0,0,0,0,0,0,0,0,0,0,0,0,0,0,0,0,0,0,0,0,0,0,0,0,0,0,0,0,0,0,0,0,0,0,0,0,0,0,0,0,0,0,0,0,0,0,0,0,0,0,0,0,0,0,0,0,0,0,0,0,0,0,0,0,0,0,0,0,0,0,0,0,0,0,0,0,0,0,0,0,0,0,0,0,0,0,0,0,0,0,0,0,0,0,0,0,0,0,0,0,0,0,0,0,0,0,0,0,0,0,0,0,0,0,0,0,0,0,0,0,0,0,0,0,0,0,0,0,0,0,0,0,0,0,0,0,0,0,0,0,0,0,0,0,0,0,0,0,0,0,0,0,0,0
0,0,0,0,0,0,0,0,0,0,0,0,0,0,0,0,0,0,0,0,0,0,0,0,0,0,0,0,0,0,0,0,0,0,0,0,0,0,0,0,0,0,0,0,0,0,0,0,0,0,0,0,0,0,0,0,0,0,0,0,0,0,0,0,0,0,0,0,0,0,0,0,0,0,0,0,0,0,0,0,0,0,0,0,0,0,0,0,0,0,0,0,0,0,0,0,0,0,0,0,0,0,0,0,0,0,0,0,0,0,0,0,0,0,0,0,0,0,0,0,0,0,0,0,0,0,0,0,0,0,0,0,0,0,0,0,0,0,0,0,0,0,0,0,0,0,0,0,0,0,0,0,0,0,0,0,0,0,0,0,0,0,0,0,0,0,0,0,0,0,0,0,0,0,0,0,0,0,0,0,0,0,0,0,0,0,0,0,0,0,0,0,0,0,0,0,0,0,0,0
0,0,0,0,0,0,0,0,0,0,0,0,0,0,0,0,0,0,0,0,0,0,0,0,0,0,0,0,0,0,0,0,0,0,0,0,0,0,0,0,0,0,0,0,0,0,0,0,0,0,0,0,0,0,0,0,0,0,0,0,0,0,0,0,0,0,0,0,0,0,0,0,0,0,0,0,0,0,0,0,0,0,0,0,0,0,0,0,0,0,0,0,0,0,0,0,0,0,0,0,0,0,0,0,0,0,0,0,0,0,0,0,0,0,0,0,0,0,0,0,0,0,0,0,0,0,0,0,0,0,0,0,0,0,0,0,0,0,0,0,0,0,0,0,0,0,0,0,0,0,0,0,0,0,0,0,0,0,0,0,0,0,0,0,0,0,0,0,0,0,0,0,0,0,0,0,0,0,0,0,0,0,0,0,0,0,0,0,0,0,0,0,0,0,0,0,0,0,0,0
0,0,0,0,0,0,0,0,0,0,0,0,0,0,0,0,0,0,0,0,0,0,0,0,0,0,0,0,0,0,0,0,0,0,0,0,0,0,0,0,0,0,0,0,0,0,0,0,0,0,0,0,0,0,0,0,0,0,0,0,0,0,0,0,0,0,0,0,0,0,0,0,0,0,0,0,0,0,0,0,0,0,0,0,0,0,0,0,0,0,0,0,0,0,0,0,0,0,0,0,0,0,0,0,0,0,0,0,0,0,0,0,0,0,0,0,0,0,0,0,0,0,0,0,0,0,0,0,0,0,0,0,0,0,0,0,0,0,0,0,0,0,0,0,0,0,0,0,0,0,0,0,0,0,0,0,0,0,0,0,0,0,0,0,0,0,0,0,0,0,0,0,0,0,0,0,0,0,0,0,0,0,0,0,0,0,0,0,0,0,0,0,0,0,0,0,0,0,0,0
0,0,0,0,0,0,0,0,0,0,0,0,0,0,0,0,0,0,0,0,0,0,0,0,0,0,0,0,0,0,0,0,0,0,0,0,0,0,0,0,0,0,0,0,0,0,0,0,0,0,0,0,0,0,0,0,0,0,0,0,0,0,0,0,0,0,0,0,0,0,0,0,0,0,0,0,0,0,0,0,0,0,0,0,0,0,0,0,0,0,0,0,0,0,0,0,0,0,0,0,0,0,0,0,0,0,0,0,0,0,0,0,0,0,0,0,0,0,0,0,0,0,0,0,0,0,0,0,0,0,0,0,0,0,0,0,0,0,0,0,0,0,0,0,0,0,0,0,0,0,0,0,0,0,0,0,0,0,0,0,0,0,0,0,0,0,0,0,0,0,0,0,0,0,0,0,0,0,0,0,0,0,0,0,0,0,0,0,0,0,0,0,0,0,0,0,0,0,0,0
0,0,0,0,0,0,0,0,0,0,0,0,0,0,0,0,0,0,0,0,0,0,0,0,0,0,0,0,0,0,0,0,0,0,0,0,0,0,0,0,0,0,0,0,0,0,0,0,0,0,0,0,0,0,0,0,0,0,0,0,0,0,0,0,0,0,0,0,0,0,0,0,0,0,0,0,0,0,0,0,0,0,0,0,0,0,0,0,0,0,0,0,0,0,0,0,0,0,0,0,0,0,0,0,0,0,0,0,0,0,0,0,0,0,0,0,0,0,0,0,0,0,0,0,0,0,0,0,0,0,0,0,0,0,0,0,0,0,0,0,0,0,0,0,0,0,0,0,0,0,0,0,0,0,0,0,0,0,0,0,0,0,0,0,0,0,0,0,0,0,0,0,0,0,0,0,0,0,0,0,0,0,0,0,0,0,0,0,0,0,0,0,0,0,0,0,0,0,0,0
0,0,0,0,0,0,0,0,0,0,0,0,0,0,0,0,0,0,0,0,0,0,0,0,0,0,0,0,0,0,0,0,0,0,0,0,0,0,0,0,0,0,0,0,0,0,0,0,0,0,0,0,0,0,0,0,0,0,0,0,0,0,0,0,0,0,0,0,0,0,0,0,0,0,0,0,0,0,0,0,0,0,0,0,0,0,0,0,0,0,0,0,0,0,0,0,0,0,0,0,0,0,0,0,0,0,0,0,0,0,0,0,0,0,0,0,0,0,0,0,0,0,0,0,0,0,0,0,0,0,0,0,0,0,0,0,0,0,0,0,0,0,0,0,0,0,0,0,0,0,0,0,0,0,0,0,0,0,0,0,0,0,0,0,0,0,0,0,0,0,0,0,0,0,0,0,0,0,0,0,0,0,0,0,0,0,0,0,0,0,0,0,0,0,0,0,0,0,0,0
0,0,0,0,0,0,0,0,0,0,0,0,0,0,0,0,0,0,0,0,0,0,0,0,0,0,0,0,0,0,0,0,0,0,0,0,0,0,0,0,0,0,0,0,0,0,0,0,0,0,0,0,0,0,0,0,0,0,0,0,0,0,0,0,0,0,0,0,0,0,0,0,0,0,0,0,0,0,0,0,0,0,0,0,0,0,0,0,0,0,0,0,0,0,0,0,0,0,0,0,0,0,0,0,0,0,0,0,0,0,0,0,0,0,0,0,0,0,0,0,0,0,0,0,0,0,0,0,0,0,0,0,0,0,0,0,0,0,0,0,0,0,0,0,0,0,0,0,0,0,0,0,0,0,0,0,0,0,0,0,0,0,0,0,0,0,0,0,0,0,0,0,0,0,0,0,0,0,0,0,0,0,0,0,0,0,0,0,0,0,0,0,0,0,0,0,0,0,0,0
0,0,0,0,0,0,0,0,0,0,0,0,0,0,0,0,0,0,0,0,0,0,0,0,0,0,0,0,0,0,0,0,0,0,0,0,0,0,0,0,0,0,0,0,0,0,0,0,0,0,0,0,0,0,0,0,0,0,0,0,0,0,0,0,0,0,0,0,0,0,0,0,0,0,0,0,0,0,0,0,0,0,0,0,0,0,0,0,0,0,0,0,0,0,0,0,0,0,0,0,0,0,0,0,0,0,0,0,0,0,0,0,0,0,0,0,0,0,0,0,0,0,0,0,0,0,0,0,0,0,0,0,0,0,0,0,0,0,0,0,0,0,0,0,0,0,0,0,0,0,0,0,0,0,0,0,0,0,0,0,0,0,0,0,0,0,0,0,0,0,0,0,0,0,0,0,0,0,0,0,0,0,0,0,0,0,0,0,0,0,0,0,0,0,0,0,0,0,0,0
0,0,0,0,0,0,0,0,0,0,0,0,0,0,0,0,0,0,0,0,0,0,0,0,0,0,0,0,0,0,0,0,0,0,0,0,0,0,0,0,0,0,0,0,0,0,0,0,0,0,0,0,0,0,0,0,0,0,0,0,0,0,0,0,0,0,0,0,0,0,0,0,0,0,0,0,0,0,0,0,0,0,0,0,0,0,0,0,0,0,0,0,0,0,0,0,0,0,0,0,0,0,0,0,0,0,0,0,0,0,0,0,0,0,0,0,0,0,0,0,0,0,0,0,0,0,0,0,0,0,0,0,0,0,0,0,0,0,0,0,0,0,0,0,0,0,0,0,0,0,0,0,0,0,0,0,0,0,0,0,0,0,0,0,0,0,0,0,0,0,0,0,0,0,0,0,0,0,0,0,0,0,0,0,0,0,0,0,0,0,0,0,0,0,0,0,0,0,0,0
0,0,0,0,0,0,0,0,0,0,0,0,0,0,0,0,0,0,0,0,0,0,0,0,0,0,0,0,0,0,0,0,0,0,0,0,0,0,0,0,0,0,0,0,0,0,0,0,0,0,0,0,0,0,0,0,0,0,0,0,0,0,0,0,0,0,0,0,0,0,0,0,0,0,0,0,0,0,0,0,0,0,0,0,0,0,0,0,0,0,0,0,0,0,0,0,0,0,0,0,0,0,0,0,0,0,0,0,0,0,0,0,0,0,0,0,0,0,0,0,0,0,0,0,0,0,0,0,0,0,0,0,0,0,0,0,0,0,0,0,0,0,0,0,0,0,0,0,0,0,0,0,0,0,0,0,0,0,0,0,0,0,0,0,0,0,0,0,0,0,0,0,0,0,0,0,0,0,0,0,0,0,0,0,0,0,0,0,0,0,0,0,0,0,0,0,0,0,0,0
0,0,0,0,0,0,0,0,0,0,0,0,0,0,0,0,0,0,0,0,0,0,0,0,0,0,0,0,0,0,0,0,0,0,0,0,0,0,0,0,0,0,0,0,0,0,0,0,0,0,0,0,0,0,0,0,0,0,0,0,0,0,0,0,0,0,0,0,0,0,0,0,0,0,0,0,0,0,0,0,0,0,0,0,0,0,0,0,0,0,0,0,0,0,0,0,0,0,0,0,0,0,0,0,0,0,0,0,0,0,0,0,0,0,0,0,0,0,0,0,0,0,0,0,0,0,0,0,0,0,0,0,0,0,0,0,0,0,0,0,0,0,0,0,0,0,0,0,0,0,0,0,0,0,0,0,0,0,0,0,0,0,0,0,0,0,0,0,0,0,0,0,0,0,0,0,0,0,0,0,0,0,0,0,0,0,0,0,0,0,0,0,0,0,0,0,0,0,0,0
0,0,0,0,0,0,0,0,0,0,0,0,0,0,0,0,0,0,0,0,0,0,0,0,0,0,0,0,0,0,0,0,0,0,0,0,0,0,0,0,0,0,0,0,0,0,0,0,0,0,0,0,0,0,0,0,0,0,0,0,0,0,0,0,0,0,0,0,0,0,0,0,0,0,0,0,0,0,0,0,0,0,0,0,0,0,0,0,0,0,0,0,0,0,0,0,0,0,0,0,0,0,0,0,0,0,0,0,0,0,0,0,0,0,0,0,0,0,0,0,0,0,0,0,0,0,0,0,0,0,0,0,0,0,0,0,0,0,0,0,0,0,0,0,0,0,0,0,0,0,0,0,0,0,0,0,0,0,0,0,0,0,0,0,0,0,0,0,0,0,0,0,0,0,0,0,0,0,0,0,0,0,0,0,0,0,0,0,0,0,0,0,0,0,0,0,0,0,0,0
0,0,0,0,0,0,0,0,0,0,0,0,0,0,0,0,0,0,0,0,0,0,0,0,0,0,0,0,0,0,0,0,0,0,0,0,0,0,0,0,0,0,0,0,0,0,0,0,0,0,0,0,0,0,0,0,0,0,0,0,0,0,0,0,0,0,0,0,0,0,0,0,0,0,0,0,0,0,0,0,0,0,0,0,0,0,0,0,0,0,0,0,0,0,0,0,0,0,0,0,0,0,0,0,0,0,0,0,0,0,0,0,0,0,0,0,0,0,0,0,0,0,0,0,0,0,0,0,0,0,0,0,0,0,0,0,0,0,0,0,0,0,0,0,0,0,0,0,0,0,0,0,0,0,0,0,0,0,0,0,0,0,0,0,0,0,0,0,0,0,0,0,0,0,0,0,0,0,0,0,0,0,0,0,0,0,0,0,0,0,0,0,0,0,0,0,0,0,0,0
0,0,0,0,0,0,0,0,0,0,0,0,0,0,0,0,0,0,0,0,0,0,0,0,0,0,0,0,0,0,0,0,0,0,0,0,0,0,0,0,0,0,0,0,0,0,0,0,0,0,0,0,0,0,0,0,0,0,0,0,0,0,0,0,0,0,0,0,0,0,0,0,0,0,0,0,0,0,0,0,0,0,0,0,0,0,0,0,0,0,0,0,0,0,0,0,0,0,0,0,0,0,0,0,0,0,0,0,0,0,0,0,0,0,0,0,0,0,0,0,0,0,0,0,0,0,0,0,0,0,0,0,0,0,0,0,0,0,0,0,0,0,0,0,0,0,0,0,0,0,0,0,0,0,0,0,0,0,0,0,0,0,0,0,0,0,0,0,0,0,0,0,0,0,0,0,0,0,0,0,0,0,0,0,0,0,0,0,0,0,0,0,0,0,0,0,0,0,0,0
0,0,0,0,0,0,0,0,0,0,0,0,0,0,0,0,0,0,0,0,0,0,0,0,0,0,0,0,0,0,0,0,0,0,0,0,0,0,0,0,0,0,0,0,0,0,0,0,0,0,0,0,0,0,0,0,0,0,0,0,0,0,0,0,0,0,0,0,0,0,0,0,0,0,0,0,0,0,0,0,0,0,0,0,0,0,0,0,0,0,0,0,0,0,0,0,0,0,0,0,0,0,0,0,0,0,0,0,0,0,0,0,0,0,0,0,0,0,0,0,0,0,0,0,0,0,0,0,0,0,0,0,0,0,0,0,0,0,0,0,0,0,0,0,0,0,0,0,0,0,0,0,0,0,0,0,0,0,0,0,0,0,0,0,0,0,0,0,0,0,0,0,0,0,0,0,0,0,0,0,0,0,0,0,0,0,0,0,0,0,0,0,0,0,0,0,0,0,0,0
0,0,0,0,0,0,0,0,0,0,0,0,0,0,0,0,0,0,0,0,0,0,0,0,0,0,0,0,0,0,0,0,0,0,0,0,0,0,0,0,0,0,0,0,0,0,0,0,0,0,0,0,0,0,0,0,0,0,0,0,0,0,0,0,0,0,0,0,0,0,0,0,0,0,0,0,0,0,0,0,0,0,0,0,0,0,0,0,0,0,0,0,0,0,0,0,0,0,0,0,0,0,0,0,0,0,0,0,0,0,0,0,0,0,0,0,0,0,0,0,0,0,0,0,0,0,0,0,0,0,0,0,0,0,0,0,0,0,0,0,0,0,0,0,0,0,0,0,0,0,0,0,0,0,0,0,0,0,0,0,0,0,0,0,0,0,0,0,0,0,0,0,0,0,0,0,0,0,0,0,0,0,0,0,0,0,0,0,0,0,0,0,0,0,0,0,0,0,0,0
0,0,0,0,0,0,0,0,0,0,0,0,0,0,0,0,0,0,0,0,0,0,0,0,0,0,0,0,0,0,0,0,0,0,0,0,0,0,0,0,0,0,0,0,0,0,0,0,0,0,0,0,0,0,0,0,0,0,0,0,0,0,0,0,0,0,0,0,0,0,0,0,0,0,0,0,0,0,0,0,0,0,0,0,0,0,0,0,0,0,0,0,0,0,0,0,0,0,0,0,0,0,0,0,0,0,0,0,0,0,0,0,0,0,0,0,0,0,0,0,0,0,0,0,0,0,0,0,0,0,0,0,0,0,0,0,0,0,0,0,0,0,0,0,0,0,0,0,0,0,0,0,0,0,0,0,0,0,0,0,0,0,0,0,0,0,0,0,0,0,0,0,0,0,0,0,0,0,0,0,0,0,0,0,0,0,0,0,0,0,0,0,0,0,0,0,0,0,0,0
0,0,0,0,0,0,0,0,0,0,0,0,0,0,0,0,0,0,0,0,0,0,0,0,0,0,0,0,0,0,0,0,0,0,0,0,0,0,0,0,0,0,0,0,0,0,0,0,0,0,0,0,0,0,0,0,0,0,0,0,0,0,0,0,0,0,0,0,0,0,0,0,0,0,0,0,0,0,0,0,0,0,0,0,0,0,0,0,0,0,0,0,0,0,0,0,0,0,0,0,0,0,0,0,0,0,0,0,0,0,0,0,0,0,0,0,0,0,0,0,0,0,0,0,0,0,0,0,0,0,0,0,0,0,0,0,0,0,0,0,0,0,0,0,0,0,0,0,0,0,0,0,0,0,0,0,0,0,0,0,0,0,0,0,0,0,0,0,0,0,0,0,0,0,0,0,0,0,0,0,0,0,0,0,0,0,0,0,0,0,0,0,0,0,0,0,0,0,0,0
0,0,0,0,0,0,0,0,0,0,0,0,0,0,0,0,0,0,0,0,0,0,0,0,0,0,0,0,0,0,0,0,0,0,0,0,0,0,0,0,0,0,0,0,0,0,0,0,0,0,0,0,0,0,0,0,0,0,0,0,0,0,0,0,0,0,0,0,0,0,0,0,0,0,0,0,0,0,0,0,0,0,0,0,0,0,0,0,0,0,0,0,0,0,0,0,0,0,0,0,0,0,0,0,0,0,0,0,0,0,0,0,0,0,0,0,0,0,0,0,0,0,0,0,0,0,0,0,0,0,0,0,0,0,0,0,0,0,0,0,0,0,0,0,0,0,0,0,0,0,0,0,0,0,0,0,0,0,0,0,0,0,0,0,0,0,0,0,0,0,0,0,0,0,0,0,0,0,0,0,0,0,0,0,0,0,0,0,0,0,0,0,0,0,0,0,0,0,0,0
