time,x,y
0.0,0.0,0.0
15.002614,3.624220997147455,-87.03731922356258
30.301986,13.630107432536404,-165.21171652779225
45.353867,41.71024281271925,-207.83508064590896
60.021132,72.58483186149297,-318.8562463026296
75.009439,41.54642721976742,-359.8956824580757
90.395458,14.95392713401772,-368.0792291145862
105.074885,-39.381671935646494,-388.3179449485677
120.963345,-210.66928866947504,-449.304157046783
135.01339,-319.14024903894074,-483.3305704811752
150.675263,-360.4385326403593,-482.1710032291416
165.35644,-372.7777383670575,-459.2257087018575
180.37068,-421.4212822120461,-469.0426616933592
195.072176,-470.9166859005505,-486.9683939149211
210.396587,-436.0204354200041,-616.3763593536107
225.018576,-405.1647962563477,-714.4415188883063
240.011165,-360.1384038642358,-857.9526677206807
765.003404,-500.0703068084508,-372.4040044191728
781.027817,-500.3162353716076,-373.9193936949417
795.07399,-505.3625842062849,-414.207352069685
810.091584,-464.690307541516,-508.6752584727601
825.755627,-389.8934059495768,-516.9880282378912
839.977525,-292.04552056020265,-471.7478777546127
855.017218,-278.9977397346523,-469.21172217812784
872.645173,-266.27121810892135,-466.0739837466549
885.370544,-191.10687429747216,-431.7009613587605
900.021023,-125.00356407147808,-418.2181633817464
916.429981,55.0477801901599,-357.5217939872092
930.095663,190.9911762059526,-308.6832033600911
947.097468,256.25632954408434,-285.34202848004185
960.017866,266.73233433610545,-253.6076498273308
975.017283,266.73233433610545,-253.6076498273308
990.005353,245.9560035330779,-220.7713958027624
1005.00182,221.08483401422652,-58.0074538853211
92873.114817,494.0319382332998,-724.9227647581101
92888.492513,350.7019588622824,-855.9174643380125
94033.247243,336.31526202753093,-880.1364761964371
94048.247199,407.1487820796592,-811.4430211793588
94063.256662,481.3706860939876,-748.7689256606684
94078.571882,517.8377597563738,-718.6545360215437
94093.653509,541.1660115649597,-697.86731771251
94108.622484,545.1616434914295,-694.766564758014
94123.635402,545.1616434914295,-694.766564758014
94138.756346,545.1616434914295,-694.766564758014
94153.252002,545.1616434914295,-694.766564758014
94168.247696,545.1616434914295,-694.766564758014
180689.818731,16.10355250215792,70.30603035067318
180704.816084,9.45186361139139,-3.758039823448389
180719.805404,10.161691199711171,-70.55256565333433
180734.820815,14.716914402440972,-176.98714920027456
180750.157035,95.1965729655941,-230.968854428356
180764.81528,148.41859655981474,-269.24439633963664
180779.81432,167.6166748190855,-280.7285389120402
180794.815393,167.6166748190855,-280.7285389120402
180809.815404,167.6166748190855,-280.7285389120402
180825.948598,194.1925959044329,-298.9346912404542
180839.815288,265.5078549320931,-354.65944280578606
180857.667646,345.18275964908685,-422.4956386947014
180869.901453,395.036402716222,-453.97306388106347
180885.003756,400.11174562011337,-456.6960654906145
180899.886537,403.4144659582845,-459.6915792271439
180914.83098,456.60285191256,-501.8806672708959
180930.52914,456.60285191256,-501.8806672708959
180946.38816,456.60285191256,-501.8806672708959
180961.854461,456.60285191256,-501.8806672708959
180974.827568,456.60285191256,-501.8806672708959
180991.159243,456.60285191256,-501.8806672708959
181005.117716,470.8721098367806,-511.31798498841886
181019.851562,538.2914696746996,-554.9190964034844
254342.163962,490.6428619159851,-405.3576196734685
254358.682137,371.8781332718869,-512.2630594354322
254372.496031,267.74234482322174,-609.5689552682219
254387.351548,126.13234665545887,-742.7170487905934
254402.151541,78.04721691422061,-899.6813088640769
264133.946167,-358.5447446766865,-844.2204966480188
264149.774822,-390.2549185174783,-727.7583717827955
264163.748498,-401.97307491842025,-691.8537545503701
264178.747029,-426.1854107506844,-634.379709879757
264193.789012,-446.4390979201476,-566.486708887938
264208.808437,-403.28178881786187,-507.9362834213607
264224.098301,-374.60828584420005,-500.7357606859233
264238.807065,-311.88417050537106,-479.30274720025386
264253.797279,-266.8142769395684,-460.9588600928445
264268.74841,-198.0664604720723,-439.737493103205
264289.483298,-184.43392377109976,-435.3753837874071
264298.730646,-66.81490970695621,-395.63154855549766
264313.733028,-57.88092230396965,-392.16992950533046
264328.725103,-23.87565453414436,-386.5846499674217
264343.764036,-23.71406233149469,-351.45751172448433
264359.140594,-72.23350574561468,-279.13147476996795
264373.740572,-72.23350574561468,-279.13147476996795
264389.146445,-102.47065918992476,-252.1500582315093
264403.750091,-151.66100142474244,-195.94883262409917
264418.801554,-215.46721396807465,-143.6493365626576
264434.005724,-270.4129804546532,-81.07088501742784
264448.801712,-298.1323153539575,-51.204421289718205
264463.842508,-351.40657415925057,9.35601230991024
264479.061193,-360.11011264561864,22.95348874828589
264493.735175,-360.11011264561864,22.95348874828589
264508.756572,-362.4538568130189,29.59575999946225
264524.451211,-385.659195512762,36.64091374345941
264538.796511,-418.9966718736726,25.101014519527244
264553.748876,-384.1706024205407,-26.39249204586466
264568.7123,-365.0287818504524,-76.06084935259135
264583.996099,-388.1344031441178,-100.64574907502636
264598.758258,-495.3824430174397,-154.61541952090755
266174.161974,-504.0833403039488,-159.5420643316737
266188.893309,-482.7931321736279,-151.3486869110289
266204.816377,-444.57278738370894,-126.95545149715473
266218.770171,-377.68472974351033,-98.01298479331436
266233.775944,-362.2993126292263,-97.33878185604787
266248.815922,-341.7585499144508,-141.23310178612869
266265.114024,-312.53445910644314,-197.91882027569144
266279.108095,-281.6908711561213,-250.18599294355948
266293.737811,-253.9305695178316,-307.77482928148106
266308.717947,-291.9353897731591,-317.1215119022818
266323.766736,-357.9249477180946,-344.240342844596
266338.788744,-406.37089768256646,-383.1912739000043
266353.748534,-419.7844991578261,-392.15757488923526
266368.84414,-446.9345057357132,-403.8282883910264
266383.957784,-494.6484957813177,-431.03877398939954
266399.411596,-469.5566939544793,-509.835347933997
266413.71936,-435.6452988686096,-526.6141242783924
266430.47457,-345.344515273778,-493.3915553589581
266443.824296,-227.88051968174145,-454.6438029895261
266458.771648,-154.51650564376345,-427.7856501000409
266473.770372,-141.36209745734774,-426.36798352699685
266489.312737,-30.300403672402048,-388.4400483339353
266503.810178,62.23363975100172,-459.3600613365239
266521.923992,84.77451504581299,-489.5233071791688
266533.805957,375.1241494113974,-802.2198050931803
266548.806129,440.713303308851,-780.6167684639815
266564.555303,510.3850062200541,-716.4656680498076
345549.811545,10.211076359346286,36.68031754707342
345559.757593,12.86270973052308,-16.388407772752288
345569.757634,11.378207152537389,-51.010748392355744
345579.807329,13.040103821651265,-72.72049579284634
345590.715256,25.897893572269208,-112.1504004146225
345599.792567,24.910009955796674,-139.188852159921
345610.095374,24.487156028005177,-144.42265953527158
345619.706897,29.4844248861756,-172.7399373795582
345634.108973,39.248064145180976,-183.1574555963497
345640.087717,39.248064145180976,-183.1574555963497
345649.701987,45.33564036455106,-188.21509975329533
345659.743417,83.07577440448873,-218.42529785923816
345669.743005,121.8947668225934,-252.59540008854535
345679.803122,169.91573341657076,-223.49124134938123
345690.109326,177.6058424222432,-211.1002225335216
345701.027055,210.37882661536915,-175.18999860781045
345712.202843,218.120845376659,-101.03380332939577
345723.832704,280.4542225704621,-46.46818670037269
345729.737006,375.843447110564,1.1336013244122232
345739.720032,388.374035209555,72.16518634871933
345749.71083,388.374035209555,72.16518634871933
348635.777181,20.0024224302878,33.81812988790404
348645.736072,14.337555584365234,-0.338000605716268
348657.709147,14.053331507778582,-16.846133039982096
348665.908578,9.437784881879717,-78.37443094229667
348678.445242,4.042975590153561,-109.93254257443972
348685.777502,7.211697945872547,-141.5216192690109
348695.735391,5.804486082835758,-160.67011775222687
348705.770505,6.856154068848623,-193.87919005743893
348716.275886,38.64477063023361,-232.63694600987773
348727.771932,50.43675967517712,-254.547606641512
348736.952139,59.20504789070576,-272.60196138059933
348745.766159,74.50598109137425,-300.7716365484973
348755.776287,71.09448213848938,-325.171469819697
348766.439836,63.81884869767666,-352.0966302016173
348775.738104,6.93893783639181,-379.75115293769534
348785.766654,-85.23354484496967,-411.3853160273093
348796.705166,-114.41831916486876,-423.8526759237874
348805.769981,-116.2921552427071,-424.0094834142466
348817.760218,-133.44505195153783,-430.56657134146207
348826.278106,-225.70257853257291,-456.78800192934335
348835.768322,-290.3606081140913,-479.1411953208254
348845.742026,-361.78968537982576,-485.5982813535167
348855.762093,-359.720905354876,-462.7636609077293
348865.762341,-370.210744189669,-451.77078950497526
348875.770686,-422.0150415611273,-472.8061557019453
348888.025458,-435.7578480723415,-475.3049373112597
348895.762097,-451.4915414148302,-476.6153785857606
348905.810939,-461.9314536776279,-510.76315248430217
348919.062547,-429.26592847051927,-612.6554704467749
348925.829675,-401.2060276499424,-682.835593568886
348936.301318,-391.7105745845195,-720.0952531430015
348945.73739,-382.6588279717133,-754.0416080586112
348956.633505,-371.135533143106,-781.8124297978799
348965.76384,-348.7441362517785,-840.8375740452384
351999.463962,450.0628326567348,-891.664719400884
352010.041242,415.0784345338735,-853.0831657295984
352019.623234,396.7719961157023,-821.5354313905464
352030.003426,430.6696899404378,-801.3973862731484
352039.51741,468.7995602919992,-766.5736173769221
352049.511685,487.51346748254906,-758.7884450863587
352060.055305,494.79223649816686,-754.3751914559367
352069.526885,525.5111366505845,-730.0403402084952
419007.59053,6.956134115063514,35.90483000384728
419017.129167,11.41538487217937,-22.3505366456327
419027.299795,13.168861793477245,-131.24308896173562
419036.554572,34.22858428238618,-194.4033348689224
419046.20064,66.35555407573509,-229.39773524568383
419056.200754,79.58143271578108,-319.464566666819
419066.199541,79.53090269685829,-348.6035974661386
419076.203743,-15.64426073487388,-381.4913775062154
419086.20036,-155.9978605951183,-431.135629172101
419096.536852,-265.0055316043667,-465.18551140734434
419111.464601,-342.04857276314925,-487.97583832167857
419116.552317,-372.9358401182085,-442.120080911547
419126.201322,-442.96796677933935,-470.7211917186201
419138.934632,-483.0836181650812,-469.347366869718
419148.736363,-517.2830862315036,-435.1602735744384
423246.195441,495.9162876643224,-706.0537273809388
423256.195353,500.6881368851177,-748.3297797225415
423266.164802,518.1688309215605,-760.994361939359
423277.190823,518.1688309215605,-760.994361939359
423286.938686,518.1688309215605,-760.994361939359
423296.600131,518.1688309215605,-760.994361939359
423307.275387,518.1688309215605,-760.994361939359
423317.382093,518.1688309215605,-760.994361939359
423326.196649,518.1688309215605,-760.994361939359
423336.196796,541.3782277938839,-788.6789007797106
436636.609248,380.94914637082,53.47266411171263
436647.076179,384.0961562593607,36.64064794873487
436656.615627,384.0961562593607,36.64064794873487
436666.886807,380.8193370910879,30.94993725269453
436676.613513,380.8193370910879,30.94993725269453
436689.223107,380.8193370910879,30.94993725269453
436697.216759,415.5019072186649,-35.75824048818703
436706.575913,480.4182684554263,-74.54212151248122
436716.615464,509.8619038643639,-91.16435718571852
436726.614124,537.0070782660122,-93.81182460036092
440187.951002,375.9255511861537,60.37505054551193
440198.647269,376.55048358715874,56.41657107487128
440207.61627,376.55048358715874,56.41657107487128
440222.725872,374.7636535604344,13.1363049997489
440227.606023,334.0042140332481,-26.90487088477914
440238.823095,334.0042140332481,-26.90487088477914
440247.698622,334.0042140332481,-26.90487088477914
440257.647197,334.0042140332481,-26.90487088477914
440268.471247,334.0042140332481,-26.90487088477914
440277.605789,334.0042140332481,-26.90487088477914
440287.872498,334.0042140332481,-26.90487088477914
440300.924078,334.0042140332481,-26.90487088477914
440307.605809,334.0042140332481,-26.90487088477914
440318.035357,334.0042140332481,-26.90487088477914
440327.587049,319.97617410217583,-27.015895104771577
440341.728808,336.9269525652941,-17.594808178969924
440347.575867,354.9245832549525,-5.155059453758925
440358.179042,354.9245832549525,-5.155059453758925
440367.833366,354.9245832549525,-5.155059453758925
440379.530656,354.9245832549525,-5.155059453758925
440388.006,354.9245832549525,-5.155059453758925
440397.678382,386.95228645317377,33.35685425038464
442300.418706,376.2398130718697,71.26731063670479
442313.788886,377.8622073461162,45.81533561033192
442320.097912,364.0008935755996,10.40361755856492
442330.087759,248.71079735900315,-41.68726451987138
442340.048704,178.40849145261086,-105.15109846774686
442350.09675,238.17663003933336,-204.81753329373112
442360.439175,198.2036299203552,-296.7318688894093
442371.115143,133.74924591103817,-333.4077252483472
442385.310388,46.008034479586485,-369.3322728439681
442390.080607,-44.54177129904256,-393.90111061715504
442401.822544,-69.69504343854412,-405.57417887865546
442410.080368,-92.90428598155948,-414.8389487188304
442420.078926,-137.2964789341073,-432.0408956635408
442430.470581,-194.7078508456118,-448.86808600145343
442441.459436,-229.4376237735687,-458.90825161607046
442450.142286,-269.7810146130618,-474.5347355799436
442460.038878,-313.8742856875674,-489.5461526287959
442470.583071,-313.8742856875674,-489.5461526287959
442481.227064,-326.5670325496693,-493.49529197064186
442490.702299,-349.1520859093262,-496.46579444842257
442500.848298,-349.1520859093262,-496.46579444842257
442510.076729,-356.2959151915901,-467.8059071804543
442520.483857,-368.8063752298002,-454.50251659033705
442530.03625,-387.1435620157221,-451.6401421758216
442540.095907,-420.1406212101261,-460.9198337630948
442549.998008,-435.1058955128785,-474.2232264404101
442560.189678,-451.2967943934681,-485.00579897050153
442570.038865,-463.9072998908045,-494.8716976657544
442580.01887,-463.9072998908045,-494.8716976657544
442590.671226,-463.9072998908045,-494.8716976657544
442600.040172,-463.9072998908045,-494.8716976657544
442610.388419,-468.185349995544,-500.527020328461
442626.062993,-439.4576247171199,-528.4243591048717
442629.99702,-387.2490144628852,-510.8964979565112
442640.089111,-366.8831214926027,-503.8834174323402
442650.030313,-332.3274295229565,-487.5818156924655
442660.030436,-267.2443112350419,-464.8513087912492
442670.414364,-226.67503973389208,-453.7943111150632
442682.03804,-217.18214862473596,-448.2300392820822
442693.279441,-164.15165812514672,-422.7996390448699
442703.353788,-100.3932047568907,-406.8985460176877
442710.02874,-78.2656639434762,-401.8556719960524
442722.317859,-19.874977179027123,-385.1860676112468
442730.000278,0.1940839487447755,-398.1487250917257
442743.458158,0.1940839487447755,-398.1487250917257
442750.030293,17.98476262989912,-409.0050909043901
442760.548483,63.31622369106549,-453.4356173846605
442770.029129,63.31622369106549,-453.4356173846605
442780.971894,63.31622369106549,-453.4356173846605
442790.053332,351.72818911100075,-788.2389495024136
442800.502659,354.215089812792,-790.9049725662219
442811.943406,354.215089812792,-790.9049725662219
442821.269436,360.5124786198766,-796.3915362891586
442830.285572,394.2646365592848,-819.9484165752674
442841.538712,447.53535329503046,-775.5956584928592
442850.042443,487.3378033377212,-744.2576543080428
442860.092613,517.6267202233347,-706.581780293659
787484.476746,538.0795988260932,-363.4941698624151
787493.688874,463.7953287877833,-441.3886597463082
787503.79511,441.7493779232003,-458.7985602717167
787513.757466,441.7493779232003,-458.7985602717167
787524.047769,432.7487167712879,-466.3009356243023
787535.221903,384.83466912591535,-503.0165516161731
787543.700211,319.58412701182294,-568.9730983171025
787554.9134,231.32195813767592,-657.2332882151688
787563.772757,150.52865661005293,-733.7347311503107
787573.785529,92.39247840399702,-795.8198726735201
787587.536359,82.14480121451875,-899.9902180495113
858797.828121,9.77404888139825,23.31161817095289
858808.306394,9.553767866895498,-35.7271301060145
858817.88341,15.760995240915085,-143.79945033364243
858828.905605,13.647327972354717,-183.42218081440507
858837.860607,13.647327972354717,-183.42218081440507
858847.835376,13.647327972354717,-183.42218081440507
858858.792731,13.647327972354717,-183.42218081440507
858868.372891,41.9797678510583,-212.52826257005853
858877.86038,64.96688554576045,-274.0167700740455
858888.727296,70.92016456671458,-334.87804116358086
858897.949324,65.06316253275288,-345.6205456500351
858907.839726,38.935788175118496,-354.9177023306904
858917.879257,38.935788175118496,-354.9177023306904
858927.929291,-21.329536162799727,-378.4334609681227
858937.929371,-114.29923562338914,-412.8931475345818
858949.35411,-135.0965188194289,-421.4854313837511
858957.835253,-135.0965188194289,-421.4854313837511
858968.210917,-135.0965188194289,-421.4854313837511
858977.849116,-181.9909953187721,-439.0852913158868
858989.432337,-249.32710197481688,-462.2655778504427
858997.872498,-328.1252177860856,-485.1926454997978
859007.834461,-367.44441338967664,-487.5830852615436
859017.866505,-371.7527265325356,-474.0245686671698
859027.863525,-371.7527265325356,-474.0245686671698
859037.902432,-371.7527265325356,-474.0245686671698
859047.866386,-371.7527265325356,-474.0245686671698
859049.208384,-371.7527265325356,-474.0245686671698
859057.885091,-371.7527265325356,-474.0245686671698
859068.455169,-367.7237517372549,-455.36421415446296
859078.720749,-374.33809735990354,-446.79100051043
859088.637321,-422.1443540861085,-466.05171735492456
859098.083443,-414.3606718876352,-502.6631366926614
859107.875928,-414.0019223866256,-506.2338247782719
859117.927194,-403.2696644662616,-509.80887804830456
859127.967236,-383.1750823382552,-512.2403744845353
859137.927232,-361.6748340533019,-508.4253359733031
859147.927134,-353.4367032178319,-502.2055487363448
859150.886497,-371.7527265325356,-474.0245686671698
859157.927367,-316.99846677710985,-483.08297320549457
859169.364345,-251.67017951046432,-460.5471620491382
859177.88804,-179.73534099310572,-432.6757535396434
859190.857462,-159.00246296548082,-439.3474092816418
859198.387618,-156.23020974746055,-441.4634678030316
859211.330928,-156.23020974746055,-441.4634678030316
859217.8733,-144.22459737279132,-441.14191940402
859229.159642,-134.16580126683434,-423.0823049680301
859238.617099,-70.18333365499382,-393.86356731894426
859248.163349,-17.129056536732072,-390.44286088476105
859257.836884,-8.12432897752854,-404.7716895192479
859271.275446,-40.17938513839883,-435.519731130272
859278.038218,-83.31319533475032,-452.7835637593647
859291.106867,-108.63170481288644,-460.8116397841228
859297.834857,-108.63170481288644,-460.8116397841228
859308.306335,-108.63170481288644,-460.8116397841228
859318.280777,-108.63170481288644,-460.8116397841228
859328.464576,-108.63170481288644,-460.8116397841228
859338.299666,-108.63170481288644,-460.8116397841228
859348.231258,-108.63170481288644,-460.8116397841228
859358.236836,-130.07159383712727,-429.0324056488672
859368.227045,-113.03116886917122,-403.2140617311954
859377.871362,-36.66362283837951,-382.41056604552426
859388.240426,-8.829056394908486,-391.8054426134673
859397.839431,-8.829056394908486,-391.8054426134673
859408.403527,5.211722724111919,-407.958719238043
859417.862983,72.10761393362624,-484.4456178347496
859428.217166,72.10761393362624,-484.4456178347496
859437.869843,72.10761393362624,-484.4456178347496
859449.28339,367.12727684777445,-808.5749257552897
859457.874863,349.678967136241,-861.8259511312408
862318.570801,-371.7527265325356,-474.0245686671698
879407.056274,-501.087034694399,-347.6410633395503
879417.157416,-481.9597762714176,-389.740417156236
879428.778562,-480.4462536973904,-399.7372298063908
879437.056272,-493.2323260537257,-412.0380504532935
879447.066313,-493.2323260537257,-412.0380504532935
879458.357173,-493.2323260537257,-412.0380504532935
879467.155083,-493.2323260537257,-412.0380504532935
879477.085173,-490.8461700046698,-427.3856762083551
879487.883029,-460.1302635462373,-520.123571658977
879497.942473,-429.1345976457689,-528.6816704887243
879507.715042,-393.7305414603496,-509.6362107879596
879517.029988,-369.4956093652621,-500.6495668103785
879527.098858,-348.2530316919075,-493.1230672277295
879537.070488,-318.33686971204315,-478.6165336857276
879547.069231,-294.4491600142258,-472.8965340399183
879557.429596,-288.1228313191098,-472.6329340063879
879567.440165,-257.52241997411284,-457.3602661453286
879580.051852,-217.5432969776592,-460.8604244686956
879587.172067,-109.99570807753462,-416.2693397454383
879597.066148,-38.97303361673844,-393.94626292778537
879612.292947,-3.902358711731973,-392.0483750914437
879617.05485,50.08064585347792,-439.33218068346696
879627.07498,65.37744280511788,-457.2843440897395
879641.394832,65.37744280511788,-457.2843440897395
879647.090053,319.5152611652096,-775.7062492910248
879657.073975,360.7907298152604,-799.6978563779576
879667.411115,360.7907298152604,-799.6978563779576
879676.97456,385.3309676152565,-822.1449303182925
879688.137181,432.31375055626455,-797.4393779222069
879697.007383,486.19171015645753,-747.4980922308013
879707.755052,496.48973121903,-739.3260813074115
879717.015597,543.4303505601852,-700.53731208962
942975.547967,379.1684741786786,44.20055530845468
942985.581897,312.3859587118216,-34.87088164935097
942995.603193,206.8524656078604,-80.59935340357792
943005.547442,213.17650674220613,-202.98808653085447
943015.581355,229.49672884049488,-231.52595683252903
943026.347201,229.49672884049488,-231.52595683252903
943038.793051,229.49672884049488,-231.52595683252903
943045.642485,242.5269848761782,-259.1000474705155
943059.814747,200.0085392665193,-300.1645608213618
943065.58018,94.6450831847151,-345.004505649994
943075.594382,44.51595668559488,-358.59221720415815
943085.577552,41.23971483688805,-358.8511197745205
943095.57751,-12.860449351062032,-375.8908311987221
943105.577586,-79.21529997969148,-398.8911158393561
943116.822326,-129.87004015494486,-416.4057763085093
943125.643942,-210.3846335270824,-442.8591100193569
943135.590627,-283.7910983652772,-470.6085685582025
943145.901982,-323.2403221405646,-486.3443667976146
943156.875032,-362.3562565017875,-475.3670916574701
943165.632337,-370.8966535362233,-458.2965408094162
943175.783156,-389.4484435046601,-456.9893900640717
943185.6529,-457.3236808726217,-483.7871612410588
943195.592312,-475.7343862529679,-456.6117659744231
943205.631109,-483.0874429114748,-426.3283189228911
943215.59104,-483.0874429114748,-426.3283189228911
943225.64111,-483.0874429114748,-426.3283189228911
943235.592385,-483.0874429114748,-426.3283189228911
943245.872613,-484.9487329468236,-418.8174554453298
943257.262079,-484.9487329468236,-418.8174554453298
943717.071549,-500.1557050230837,-386.6969037070591
943726.810423,-492.51936977367166,-404.9518953233216
943735.649479,-492.51936977367166,-404.9518953233216
943745.590915,-492.51936977367166,-404.9518953233216
943755.905033,-492.51936977367166,-404.9518953233216
943765.591026,-492.51936977367166,-404.9518953233216
943775.670541,-490.62064625669615,-417.0106770923987
943785.548621,-450.9322184491724,-528.7785867009956
943796.728348,-385.8089755052087,-519.8859193945702
943808.737552,-346.8264192852771,-496.6316819937644
943817.861529,-280.80588157116347,-477.47881152218457
943825.578495,-227.28074452997316,-452.83869534076143
943838.331587,-188.4063025724787,-435.4209227675049
943845.560481,-67.9022797014984,-400.69041868424017
943856.144671,-41.22591871089031,-393.493406435205
943865.578425,-41.22591871089031,-393.493406435205
943875.764417,-11.756176077679186,-383.4169050562961
943885.578312,90.25204358589738,-341.25596052914733
943897.602845,158.3457384399763,-318.18123647837007
943905.964729,222.01815518571576,-303.1051773407412
943915.5782,275.88999191071446,-269.3002092934005
943926.507885,216.08649451590347,-168.2902710408796
943936.74262,277.2054873805128,-28.51479762396384
943945.581965,340.8584244589277,-7.156008711057367
943955.753882,343.7344215508098,-4.042660513747374
943965.584551,387.8922047222797,48.93081065208856
948209.00351,543.9951135260344,-353.87997056434136
948219.044405,466.1928679975682,-429.2317981962156
948229.326312,378.233832105905,-510.3867207112854
948239.216009,305.0357850956794,-582.5936005930147
948249.047167,237.4484437729142,-642.3188699163563
948259.047274,142.941539775091,-731.696518758044
948269.096836,86.22054772772708,-811.4230549095571
948280.505879,81.63634393995545,-917.6814456253506
952537.354319,-160.88586316200747,-454.3643799859448
952537.355022,-160.88586316200747,-454.3643799859448
952547.149236,-160.88586316200747,-454.3643799859448
952559.233138,-160.88586316200747,-454.3643799859448
952565.350875,-160.88586316200747,-454.3643799859448
952576.376781,-132.65124913091233,-434.8802265413132
952586.411719,-86.63814859175632,-404.87783833877023
952595.340779,-36.676337844487534,-387.3909188199392
952605.504821,-30.07459033442909,-386.8893087770063
952615.341201,20.912439645475462,-375.648422360126
952625.340488,71.2820100607541,-358.0350310404698
952637.640928,117.42373414879252,-343.28721360649706
952645.366398,129.00932409000927,-338.13901807586086
952655.309555,129.00932409000927,-338.13901807586086
952665.358361,129.00932409000927,-338.13901807586086
952676.669285,129.00932409000927,-338.13901807586086
952686.778461,129.00932409000927,-338.13901807586086
952695.732954,129.00932409000927,-338.13901807586086
952707.61299,140.58839018115194,-336.3534146226221
952715.421968,168.4161423619272,-331.0358219355731
952726.099965,203.24990187549824,-311.50647913908824
952735.407823,218.9812961627736,-310.9154578287543
952745.506817,245.94646949171795,-294.4866350328637
952755.365721,277.6989728455049,-278.7394186107836
952767.404343,277.7566851737204,-274.2897291006768
952776.725001,279.3267255252786,-260.4252611772906
952786.136627,223.78022819670133,-174.93300884584275
952798.140547,201.90338980609727,-82.59637905742038
952805.366781,289.9482783767736,-7.36725450331784
952815.350082,357.80741296965004,13.806652632110186
952825.864782,382.49331295777154,39.43929446425649
953815.411612,533.5374394147047,-371.4305817445047
953825.421254,450.9414259032501,-445.7690933461427
953835.41215,438.8033337095647,-456.767467995577
953847.145116,383.8637429031219,-506.8242391677803
953855.362187,309.245300057452,-576.2690509958684
953866.15674,221.322655069516,-661.2736759366608
953877.313705,142.70544277501986,-737.9709203453322
953885.677373,85.48646676488502,-808.9665276960841
1032283.817491,10.578146640257062,40.47333054908359
1032292.009676,7.131444292094506,-38.960676779249575
1032302.009747,13.871875975250065,-66.04122246585402
1032312.009594,17.798872986264033,-99.96743838469844
1032322.009691,14.006592764250918,-157.5558021537247
1032332.013752,13.403429731430492,-185.07276469911164
1032342.012381,54.94867170920778,-211.8762664969869
1032352.012333,106.91096314472924,-247.0340775619671
1032363.046142,110.02987075186476,-249.036860048105
1032372.085633,110.02987075186476,-249.036860048105
1032382.336398,110.02987075186476,-249.036860048105
1032392.013999,110.02987075186476,-249.036860048105
1032403.826077,110.02987075186476,-249.036860048105
1032412.684143,163.99430128195937,-215.71370169963916
1032422.015334,197.62295901875777,-186.56685835264605
1032432.880381,201.7687202615465,-182.2226908764309
1032442.015321,206.2377730681036,-169.1657386191852
1032452.107107,214.5388494418192,-64.9486270057073
1032462.014424,321.5799227637164,-6.334089184441554
1032471.979487,365.5155989691377,16.070019379868043
1032484.979961,365.5155989691377,16.070019379868043
1032492.014063,365.5155989691377,16.070019379868043
1032502.40181,365.5155989691377,16.070019379868043
1032512.035738,372.4309399216945,25.68416023235812
1034880.588627,376.8777333995223,63.16398042221029
1034890.737537,378.2483964885704,38.3834223959422
1034901.517372,323.35202862000165,-18.04812818550293
1034911.589539,194.4476364955364,-83.6655697331555
1034920.618648,201.3414958873631,-163.26101692934742
1034930.564245,259.6967796429689,-223.96473568928184
1034942.674424,184.5063461231541,-310.0188542347876
1034950.590325,105.63306613004706,-340.4283260326151
1034960.752358,46.75785217305242,-356.71729010937497
1034970.593267,24.76528907937073,-362.8397000407684
1034981.047016,24.76528907937073,-362.8397000407684
1034991.011418,24.76528907937073,-362.8397000407684
1035000.593974,24.76528907937073,-362.8397000407684
1035011.287678,-21.54881119700181,-371.1308629383459
1035020.951658,-47.63313281140949,-335.26409815584725
1035030.596795,-111.22525363382026,-261.55790162434465
1035040.591868,-145.46001818516297,-216.12104415789256
1035053.875847,-180.98004885495652,-175.31583506702566
1035060.997078,-223.7371262177308,-173.0182366876739
1035074.400176,-218.4069383781804,-214.60589732000028
1035080.899721,-193.65407237797277,-284.7180724600733
1035091.566418,-202.9392703820707,-333.47990153624784
1035100.582066,-210.9428360276133,-359.5572752455764
1035110.590604,-218.260824107628,-376.435563455499
1035121.14279,-218.260824107628,-376.435563455499
1035130.60279,-218.260824107628,-376.435563455499
1035140.753766,-221.95041125665543,-384.4869138113861
1035151.683888,-247.92398619421328,-394.2672508506851
1035161.727812,-300.777534837736,-408.554503432959
1035170.934637,-338.8448471838144,-428.3966904653168
1035180.957105,-379.0944780258266,-450.9025305049127
1035190.599226,-417.9012083525581,-468.6962706056208
1035200.617573,-417.1100939405979,-485.3440151859663
1035210.587544,-374.7065751319327,-502.41304649453065
1035220.591346,-288.5952521903117,-471.95329033574137
1035230.741131,-241.9550887619212,-460.4880502255656
1035243.219697,-152.90434195397336,-432.0215858363642
1035250.561988,-147.57840926232754,-432.4572779739041
1035260.595045,-147.57840926232754,-432.4572779739041
1035270.987799,-98.765423194193,-423.6208194177505
1035280.663359,0.4053702498858925,-385.9286107185864
1035293.9717,88.43840519497678,-348.5506313123371
1035300.665634,154.12004185792557,-317.90893621250143
1035310.614272,163.7840129959738,-312.6079318753849
1035320.605544,163.7840129959738,-312.6079318753849
1035330.654032,163.7840129959738,-312.6079318753849
1035341.426691,163.7840129959738,-312.6079318753849
1035351.376117,165.67675071410076,-321.38407787953366
1035360.921788,193.6232476849837,-319.6310953846959
1035371.268541,240.86392984016985,-299.87032094602046
1035381.346034,274.7463745957608,-273.9090775386534
1035391.422826,252.69094452716664,-223.93380612943025
1035400.580811,206.4930185093444,-142.61935122861237
1035411.421372,232.4341375866261,-52.594784836642816
1035420.585349,344.53115388033643,-11.42556647250675
1035430.601314,352.15568850489313,-8.706389856212706
1035440.595066,376.8299878625694,-1.5877759703531895
1035450.58927,381.9417745719522,77.00093626907916
1036471.09536,554.7379673461949,-371.7949524787593
1036481.69532,503.0833026821113,-398.55107006613673
1036491.383311,457.4981713750069,-432.3920505787143
1036501.928855,456.523011560242,-432.7395608645329
1036510.615259,419.867923670046,-462.6808275791788
1036520.574441,368.8132512554449,-513.181548880268
1036530.784098,280.02224717264926,-595.4224794682933
1036540.703908,216.128648902156,-651.47360280651
1036550.627697,150.98162293895209,-718.8799354870914
1036560.664231,81.7217440048047,-809.3096418619864
1036570.613156,24.9104528698845,-810.2876537544382
1036580.662842,13.430974871933698,-746.9244655736093
1036590.98684,-41.25819343492893,-702.1882819374464
1036600.60169,-83.74386474123412,-697.7929886599261
1036611.782894,-83.74386474123412,-697.7929886599261
1036620.596914,-83.74386474123412,-697.7929886599261
1036630.597636,-89.66365451529508,-703.9962755675749
1036641.62669,-89.66365451529508,-703.9962755675749
1036650.597564,-89.66365451529508,-703.9962755675749
1036660.596651,-89.66365451529508,-703.9962755675749
1036673.938732,-89.66365451529508,-703.9962755675749
1036680.971801,-89.66365451529508,-703.9962755675749
1036690.6033,-89.66365451529508,-703.9962755675749
1036700.573257,-105.25060215906224,-701.4912006555447
1036711.713095,-125.17087777416556,-695.9389565642551
1036721.552589,-131.04573510189095,-693.1243038602656
1036731.034479,-131.04573510189095,-693.1243038602656
1036740.935105,-123.3985508379874,-691.6021640080837
1036750.864818,-71.93032994657484,-702.4255636431143
1036760.616885,10.98584831047182,-722.8561325377747
1036771.365072,34.448847507562164,-817.4740518523533
1036780.649298,89.34344208447035,-821.8983111352748
1036790.620389,132.05375740831678,-758.0914326965218
1036807.230806,224.82561055424875,-649.2719812134051
1036810.700529,299.24258526308023,-577.7595395516126
1036820.719148,357.3551169652337,-523.3500469643975
1036832.499265,365.5162834651842,-514.5299556941953
1036841.571244,396.52200845102726,-482.8718500165582
1036851.450489,415.4325803367311,-455.1838001488305
1036861.732604,487.1861072176145,-393.4084579314408
1036870.652764,527.045717014477,-356.23321177447906
1036900.769633,514.0266053272213,-235.60142850362985
1036910.668808,486.6513927808984,-194.9382294848037
1036922.574229,542.4955860042454,-164.9735763162021
1036980.606121,550.4263686041089,-84.87847118012773
1038390.596718,509.4368760309834,-396.45173769902254
1038401.107175,447.450115947057,-451.8442559274994
1038410.57631,430.2161534347575,-471.1328023088555
1038423.913774,367.1675000469249,-525.6046692749009
1038430.682618,293.76483811715,-590.2931575612413
1038441.05893,246.0900149751363,-641.8297287124436
1038451.015158,133.14267857703143,-753.4646531222041
1038460.678077,82.70389934238828,-850.2527829599816
1038471.004711,84.45572304176706,-914.6010088045988
1039888.262304,294.15766676451125,-910.0316942427852
1039897.796709,336.5499599745791,-876.7825928018567
1039907.866482,364.1500349306975,-851.4189364021756
1039919.969631,369.1187852497172,-851.4054416813339
1039928.152758,402.6645820450215,-818.288494097087
1039938.408314,443.91313684248775,-781.0649921516072
1039947.776832,516.7457426286065,-720.2609146328733
1041904.463276,513.2728998289361,-711.9581037514014
1041906.831308,421.92417217368165,-795.0567325561158
1041917.266203,327.85375312230065,-874.1388500488749
1045956.755272,7.704998440846297,31.09053157339709
1045965.587329,10.699378955240164,-44.67460345483007
1045975.271603,18.959415343909875,-115.17079196976164
1045986.083642,22.479751986320505,-176.3945782070865
1045996.874367,63.49476747891196,-219.5968230205476
1046005.289112,72.03716279446027,-268.1702497901974
1046015.271564,80.80425427658892,-331.9013237844396
1046025.598208,70.02495746470476,-344.28745113779496
1046035.299916,49.96785218039867,-356.25812044696005
1046046.531079,-4.471515240510514,-374.7082478910402
1046056.3544,-32.68604595037784,-346.8295842436133
1046065.285215,-71.75300848928953,-302.8168716017864
1046078.507432,-85.38137346318803,-284.24032297500594
1046085.598444,-115.90607455316136,-256.22971230950645
1046095.289718,-147.80080095781082,-203.0146303241765
1046105.298999,-177.213670549936,-157.93198815632195
1046115.287822,-197.3960627272584,-154.57248536854704
1046125.288064,-218.11902860003156,-148.81225225441605
1046136.662866,-218.11902860003156,-148.81225225441605
1046146.330044,-218.11902860003156,-148.81225225441605
1046155.337009,-218.11902860003156,-148.81225225441605
1046165.338058,-218.11902860003156,-148.81225225441605
1046176.141681,-233.17323397234296,-161.56679917396212
1046185.338351,-219.8008955171036,-181.425666038655
1046195.289535,-216.28029678228907,-214.39040125948236
1046205.351947,-203.89788826264996,-273.698520045106
1046215.348581,-201.4816925447654,-287.4541720124627
1046225.248494,-234.91775130208907,-305.0562545858234
1046235.631848,-307.7859480580936,-331.331167857439
1046245.847448,-344.40016729922604,-376.4222134495591
1046256.566116,-379.45540707489016,-382.0871632687948
1046266.718197,-427.4645714154082,-394.0088566115603
1046275.274745,-456.0595126774675,-412.2068207451095
1046287.181679,-470.0274828694073,-417.522649582964
1046295.273686,-470.0274828694073,-417.522649582964
1046305.298592,-470.0274828694073,-417.522649582964
1046315.274052,-490.4957913820776,-419.5607703381015
1114518.187597,533.0724028574003,11.45555922655166
1114528.1936,472.421419366465,-22.29364443395154
1114538.186082,461.86132558256185,-29.1146283636668
1114548.185664,450.3985517607886,-43.25922994118672
1114559.460835,494.0524132179967,-85.56166277503404
1117715.627379,12.707579862258951,-2.195885656685134
1117725.627269,16.937546187640045,-60.696226956299206
1117735.627439,18.52860088521939,-128.79254286068402
1117745.596257,32.677117440452555,-190.8685407860003
1117757.773714,63.897146056762566,-231.1900925198921
1117765.637529,78.01233769970978,-292.2218599739684
1117775.597555,78.07189318986985,-343.2112381885517
1117785.592653,15.483811649088024,-365.4843520968345
1117795.787321,-26.158060213363783,-382.2504004586644
1117807.775307,-144.7931810528716,-420.66039179628433
1117815.627613,-247.3351077700509,-452.0800399741333
1117825.802945,-331.0858584268409,-482.1474821759296
1117835.636268,-368.57519114050353,-453.1083438740167
1117845.792385,-400.7819130504578,-461.0062270498233
1117856.37067,-433.74082900108976,-474.3840703729936
1117865.5965,-470.3598003521967,-497.314040734532
1117875.648165,-451.6554061440138,-557.2016906153334
1117886.280284,-422.7288756211835,-641.0088018731229
1117895.597222,-385.7357596314941,-735.9137832769414
1117905.598275,-385.7357596314941,-735.9137832769414
1117917.340132,-385.67273163709,-750.9645624752751
1117926.278004,-354.9675934252982,-834.664739229387
1117935.62217,-330.607634643339,-907.7715852289908
1125920.184429,89.4055314140768,-863.813038114222
1125929.996888,112.26289944406652,-775.2673849154257
1125940.177449,166.7731878484078,-709.1266895109225
1125949.796172,225.36083672251712,-652.269419409384
1125959.957873,254.77281548097437,-616.3359994217852
1125969.856826,294.946948469107,-581.1956556974801
1125980.769534,337.5471849788212,-543.5307430789142
1125990.156089,377.5792404650399,-497.85571019301767
1125999.855868,430.13180957339983,-444.7854980987027
1126012.257578,483.6991897705503,-393.2765348709033
1126020.680304,552.0307509820981,-328.0583393586458
1126049.789956,498.0573865412393,-196.79232898580923
1126060.118888,486.49652236698864,-186.7508538642532
1126072.701856,507.05374980463,-189.51895385120983
1127821.022539,369.604682272885,29.705097697599303
1127828.795139,365.54703788076944,14.846413864666328
1127838.753102,365.54703788076944,14.846413864666328
1127849.233894,365.54703788076944,14.846413864666328
1127858.803587,365.54703788076944,14.846413864666328
1127869.710949,365.54703788076944,14.846413864666328
1127883.661555,278.9628382005471,-48.04668978776204
1127932.002887,204.04208553429865,-301.358215510504
1127932.003616,204.04208553429865,-301.358215510504
1127934.131163,204.04208553429865,-301.358215510504
1127944.440902,204.04208553429865,-301.358215510504
1127954.137408,212.9476671662795,-325.00441801218096
1127964.130506,291.593827232853,-385.13156216766765
1127974.131788,323.90252484145293,-413.353037743322
1127984.132007,355.7553253078983,-435.6853273279964
1127994.117956,393.72222108724657,-458.10096365121393
1128004.473142,393.72222108724657,-458.10096365121393
1128014.161897,393.72222108724657,-458.10096365121393
1128057.258852,246.4394292031928,-642.4540533036813
1128057.259586,246.4394292031928,-642.4540533036813
1128058.554804,246.4394292031928,-642.4540533036813
1128068.521585,145.502908045542,-740.4395477777985
1128081.354893,139.50418924492698,-757.4478033213439
1128091.678363,183.75363588475116,-796.2992667619991
1128098.907887,193.3210783225824,-804.493780846504
1128108.926858,193.3210783225824,-804.493780846504
1128119.09227,193.3210783225824,-804.493780846504
1128128.566754,193.3210783225824,-804.493780846504
1128138.522821,193.3210783225824,-804.493780846504
1128148.558066,193.3210783225824,-804.493780846504
1128159.722181,193.3210783225824,-804.493780846504
1128170.726218,193.3210783225824,-804.493780846504
1128179.273652,219.76606384578903,-805.3283127233898
1128189.039437,276.7972897935366,-767.2299004112256
1128198.546283,257.47780575134664,-684.8249892617249
1128208.566431,234.13051012542348,-652.2615486271334
1128218.557826,291.7257049939666,-590.5291141705645
1128228.677629,365.989618184346,-531.90810517558
1128238.778464,425.1160380491473,-474.3771148727309
1128249.227175,459.853597245054,-435.3715054407491
1128258.569021,500.85051227905,-403.575948447528
1128270.804998,554.0682756458905,-358.4608906223671
1128298.9939,528.748250556347,-233.7747076761445
1128308.622327,487.2839635147433,-181.60730233984583
1128318.624398,526.2221419959598,-159.74904470951873
1210877.181131,529.1944965732937,-371.93121707091376
1210884.218709,479.8814657650519,-416.97557757708734
1210893.455103,438.44471828343967,-455.8665645332994
1210898.209519,379.7795493444324,-510.44612832305927
1210905.211913,336.69944141625786,-551.9074554420529
1210912.182181,286.79541002535285,-598.7003016149905
1210919.214268,236.98318927211704,-651.1475284458119
1210926.214378,190.5236490124109,-695.5407362117013
1210936.471865,147.7078892999142,-734.5390216928718
1210940.208297,106.39354287698418,-774.0141745033217
1210948.724534,91.48136227961136,-802.0648062703516
1210954.226509,83.39555703082657,-824.555218134168
1210961.179758,83.9033587085046,-899.4109874051732
1211656.654144,80.46506656770764,-906.1685438380588
1211662.843855,86.20399604369842,-861.8352186332402
1211669.178404,90.59358086936584,-827.7005965371119
1211676.318834,107.92864190971862,-775.6615756156289
1211683.183872,160.09233170213167,-705.9058274941511
1211690.177747,257.4161187044185,-623.2331521665453
1211697.177748,290.3837497601609,-591.5706490456334
1211704.166836,327.02002718852594,-552.2589972177541
1211711.147978,367.5512958882263,-522.1212347700517
1211718.14795,397.4914656836039,-499.8020557443795
1211725.179107,438.6258293069229,-460.5257191401615
1211735.813029,521.0751178828515,-380.0162247054723
1212740.178484,504.2480650982541,-389.66002159222097
1212747.188236,500.11950094942347,-393.2157558249093
1212754.187556,500.11950094942347,-393.2157558249093
1212761.214175,500.11950094942347,-393.2157558249093
1212768.156099,496.0786486709473,-397.7821822042691
1212775.188596,477.7721942838428,-420.6778628490205
1212782.582937,432.8756712583474,-458.6815208007867
1212789.159255,398.5784513419511,-489.535097405705
1212796.195435,368.6768996727069,-520.3005028464747
1212803.195527,301.2885989007452,-584.5370062814521
1212810.208222,259.95508522487233,-621.8397966277282
1212817.218283,221.55020323250787,-656.9234813883473
1212824.19871,153.54086669688786,-721.6986331377553
1212831.190378,121.66349771980155,-752.1162217463253
1212838.229374,94.5986773175264,-784.3612880443059
1212845.211484,78.92759666128151,-855.6280248335429
1212852.190645,79.29088652783506,-906.8603915837624
1213188.204853,302.71822251936663,-886.1803945109218
1213195.705532,385.47116914306815,-820.2239511889921
1213202.193155,482.4804373680401,-738.925337098612
1213209.201969,529.3743476134777,-695.077531083596
1215533.213393,288.2494487065995,-899.6630190190236
1215540.188272,337.5970295641471,-861.2711795004819
1215547.224129,374.621185662562,-831.1181153691235
1215554.192487,376.2462096838922,-829.7223779062526
1215561.186895,376.2462096838922,-829.7223779062526
1215568.211094,376.2462096838922,-829.7223779062526
1215575.214583,376.2462096838922,-829.7223779062526
1215582.212491,376.2462096838922,-829.7223779062526
1215589.572846,376.2462096838922,-829.7223779062526
1215596.628413,395.43347355146665,-815.232403662566
1215603.603281,437.52597750853226,-783.9463758612036
1215610.222951,477.5083152990949,-748.1268038699128
1215617.194858,542.798361071958,-685.9217910377193
1217523.958013,17.066736104474042,66.80115635936012
1217530.96022,6.1869211546691885,11.402128608896096
1217541.011264,10.675083090572732,-51.39262300655849
1217545.431533,11.508447788359966,-92.68520834980582
1217551.999228,10.627745727236096,-109.91006840101596
1217558.981294,8.03130582140647,-119.16273440815432
1217565.979812,-0.8764070114722095,-150.0838248188303
1217574.29453,-5.689547776541007,-159.4809245278686
1217580.433551,-42.98380374811784,-127.9652771890424
1217587.065167,-75.48088222423247,-102.1945621633894
1217594.296071,-118.66223364611302,-67.97678219062479
1217601.004095,-153.63220657849232,-36.34953211333536
1217608.005001,-178.4460376353466,-24.810486801591395
1217615.704091,-203.32981050577575,-3.9262730697919768
1217622.054105,-217.74172272273933,45.81556463886812
1217685.006016,-264.63845827847643,65.36288112867113
1217692.00591,-299.6164204781274,55.72275633949046
1217699.004208,-327.23451366244365,40.58086805904639
1217706.004712,-331.51673802691965,38.82674500019981
1217713.055306,-354.11036097498766,34.64694747236616
1217720.053255,-370.8111242669819,33.04983125013685
1217727.064345,-379.0287356110887,48.10610648140052
1217734.054964,-389.13381729614014,67.1555657002217
1219840.991087,494.9962441092806,-405.072290626616
1219847.98306,445.9333347958433,-450.0047853936992
1219855.011304,420.9242998903836,-474.08557659952095
1219861.997151,350.08688605242,-541.9171839000572
1219869.030654,294.67189392851424,-596.9813028336258
1219876.031208,275.5805680615137,-612.7451165946554
1219885.207456,219.0247862029165,-674.4067240278897
1219890.028072,148.28060652419387,-742.2376273707101
1219897.015996,87.79661339906913,-804.8089155158858
1284951.829018,509.8660178519029,-380.24839620305903
1284958.829069,439.28820651497904,-444.0409352938947
1284966.28283,391.1902186263917,-493.2715645050183
1284972.895413,333.6830213354204,-547.3359751004539
1284979.828529,243.1605803921885,-630.8038592739466
1284990.54454,176.28183517882565,-693.3607318206626
1284995.775414,115.23925424773796,-755.6500022150627
1285000.82923,75.52127678588157,-868.4751555893625
1289494.786359,300.6082775352378,-903.210432735672
1289501.790182,357.1320349740318,-855.29751688777
1289508.757547,414.8649999489462,-804.3836338379948
1289515.785193,490.2391217970489,-735.5231885087547
1289522.78621,538.8264210967059,-692.7728187305925
1297229.46776,18.092256152639987,77.4158562239732
1297229.830364,6.194699295931204,-10.519596832729118
1297229.831084,6.194699295931204,-10.519596832729118
1297231.572012,6.194699295931204,-10.519596832729118
1297238.571839,10.187138411994994,-70.98752478925773
1297245.603907,8.154177800618788,-118.86822019106827
1297254.084552,7.150791734019854,-160.1072550990167
1297259.566931,36.39177353187608,-203.13345633708468
1297266.613009,58.79495609731983,-222.43908468823048
1297273.570102,60.666461476781855,-241.0440217884313
1297281.320176,67.72110494693418,-291.5311043035928
1297287.541126,66.54905587472223,-321.99388419741547
1297294.573014,73.05371125359282,-343.27307514951906
1297301.590149,45.4427708423362,-366.7724571385338
1297309.767789,21.98717646125405,-374.1103733888368
1297315.85842,-19.66119281621345,-370.9680254591006
1297322.553025,-61.26608246634993,-320.0754874117628
1297329.570247,-85.06958604187932,-287.35547903070807
1297336.981223,-97.9490319531632,-275.9712249341275
1297343.594321,-97.9490319531632,-275.9712249341275
1297350.57112,-97.9490319531632,-275.9712249341275
1297357.627709,-114.43491849142966,-269.7768601826302
1297364.538799,-165.16501040222565,-214.9693757408023
1297371.566564,-193.36175750401412,-171.84878542111403
1297378.971189,-202.61882972785207,-145.0954653772506
1297385.640572,-243.40045980635293,-142.02040734636748
1297392.706616,-254.01202495799663,-122.0731163525424
1297399.571687,-267.1191664802971,-98.18914548475576
1297406.571726,-292.27756473972613,-65.68826606901061
1297413.572336,-303.4422609868629,-54.67689490008777
1297420.571721,-311.138010153806,-55.96800567787791
1297427.574622,-317.34401554434,-58.76090563541868
1297434.582637,-317.34401554434,-58.76090563541868
1297441.543603,-317.34401554434,-58.76090563541868
1297449.72868,-317.34401554434,-58.76090563541868
1297456.017795,-317.34401554434,-58.76090563541868
1297463.174829,-317.34401554434,-58.76090563541868
1297469.579114,-317.34401554434,-58.76090563541868
1297476.565753,-317.34401554434,-58.76090563541868
1297483.585255,-317.34401554434,-58.76090563541868
1297490.564093,-317.34401554434,-58.76090563541868
1297498.099307,-317.34401554434,-58.76090563541868
1297504.561899,-327.88179333333073,-64.98375174242396
1297511.563944,-328.4183784292071,-64.21313823867341
1297518.57117,-344.55162916379606,-73.80094237738496
1297525.56933,-362.4546699161203,-84.2450855299693
1297532.647031,-364.14192570548926,-98.77553992375744
1297539.543771,-348.28608911798955,-114.51132525414378
1297546.541737,-333.9699829151876,-133.33583979067936
1297553.567875,-314.6926235317393,-173.17043154109177
1297560.586591,-304.1852093836782,-198.62397845755015
1297567.593085,-299.60092964397285,-210.04580769247764
1297574.564933,-282.0333409147774,-236.57316056823785
1297581.564655,-276.49594994639546,-246.15400855858948
1297588.57542,-251.7357388219244,-232.7318555303192
1297595.536734,-222.7466815387213,-213.99483637952395
1297602.5799,-203.41437001202289,-230.42748360170447
1297609.575296,-202.22877183892848,-259.7898709093752
1297616.576028,-188.7292432383215,-279.1322367540684
1297623.558186,-175.89059345848364,-278.3018576247766
1297630.576155,-151.51377418942712,-270.25786442720045
1297637.92424,-126.664009954411,-267.834662122309
1297644.572367,-130.1799002306813,-271.99197111372985
1297651.602296,-131.06745365802558,-275.81053620769774
1297659.12428,-130.2436305022248,-276.2745289153796
1297665.550457,-123.6293971970754,-273.5598681969431
1297672.544407,-80.85765142619444,-261.1334582052112
1297679.576341,-18.475541092702898,-245.6461652983823
1297687.6287,-4.411182831518876,-244.60343929403615
1297693.572282,5.645398082055407,-217.8549368479873
1297700.576173,19.428705572954826,-180.15660431746727
1297707.576617,40.59354556676792,-196.7768618896687
1297714.575396,58.68599232318403,-216.7716414375673
1297721.576665,114.12263147757032,-264.9934447064886
1297728.575636,146.63401228403467,-244.4568153330617
1297735.576761,166.11450713625172,-220.68923033685917
1297742.54261,193.0651078781217,-189.10384226116537
1297749.544575,205.21287258196156,-175.2742331172597
1297758.708833,207.3711909376869,-166.26119844935303
1297764.420069,202.47584879601885,-83.22375807600193
1297770.565873,248.9403936749657,-18.781179221633085
1297777.909231,340.67482328097344,14.746868717705512
1297784.612048,374.35327688195366,75.63758724729225
1298449.582601,515.0040880161645,-380.9803979638082
1298456.581759,445.3000594367768,-445.50014850173767
1298463.600796,415.2317857427134,-473.70468007847774
1298470.56142,385.0186592197319,-504.9893824538572
1298478.201005,324.7088521306038,-560.5566241095074
1298484.584212,291.4348762523799,-593.7587899962476
1298491.590956,274.2805207781772,-610.6231736160603
1298498.604129,240.19081219073425,-642.5283602811891
1298505.634474,194.36778904083732,-684.9898061735869
1298512.574902,150.95125538154724,-729.3211561592257
1298519.57817,117.59571417698764,-762.3044749749785
1298526.581022,93.346883692862,-796.3886805999184
1298533.570715,82.91986639775823,-834.469834636363
1298540.596166,84.91684569117383,-906.5002783967184
1381401.611814,16.633801688613357,61.12825653725226
1381407.487561,10.6922259599972,9.91450624072671
1381419.313715,11.82329263708136,2.0252586133687704
1381421.502547,13.002593217417534,-25.62261083338669
1381440.059028,10.204039268055045,-62.15536940285634
1381440.066499,10.204039268055045,-62.15536940285634
1381442.509233,10.204039268055045,-62.15536940285634
1381449.819567,10.874593033917575,-82.18445800243761
1381456.521787,10.874593033917575,-82.18445800243761
1381473.82993,12.599909650124006,-104.95060545811933
1381473.836801,10.919264158893707,-146.1953651347716
1381477.871691,10.181704535215742,-170.13787836343568
1381484.523815,15.994622978852387,-183.6692423204761
1381491.744554,56.987434569211366,-211.3016091589782
1381502.360024,72.0156926904949,-242.51279141435188
1381505.521892,72.11538147103661,-276.0141878585634
1381514.117258,78.39007644322515,-317.0229475001418
1381519.487789,78.4500640446473,-334.096206709466
1381526.520914,78.90174270237884,-335.9320745666558
1381533.605085,57.23552462577472,-353.3427245572514
1381541.055601,36.23470529104405,-360.64806038963087
1381547.534787,31.841915604492662,-362.2454150224775
1381554.530765,-20.64094139462504,-381.45121463205055
1381561.520824,-65.37773003854058,-397.2317019009545
1381568.713878,-102.7640731059153,-415.0225556373556
1381575.882727,-158.15540348402973,-432.66332316255495
1381584.234589,-185.72268419160747,-443.2321410943576
1381590.312098,-208.2788264429715,-447.4646813078484
1381596.56212,-225.9176786774751,-452.396896189324
1381612.842481,-254.2082682510465,-461.096287882274
1381612.846448,-283.3130568882508,-470.94480676506384
1381613.960053,-301.8967166539273,-477.31029884384606
1381613.9606,-301.8967166539273,-477.31029884384606
1381616.64994,-317.3305587995188,-486.3670248039327
1381623.528142,-352.92823851740343,-494.4844298271327
1381630.528662,-361.0360363771477,-494.6002454513267
1381648.198435,-361.0360363771477,-494.6002454513267
1381648.20226,-361.0360363771477,-494.6002454513267
1381651.550249,-361.0360363771477,-494.6002454513267
1381658.551164,-361.0360363771477,-494.6002454513267
1381666.217831,-361.0360363771477,-494.6002454513267
1381672.700597,-361.0360363771477,-494.6002454513267
1381681.874744,-396.3574771977188,-524.0813839525747
1381686.611404,-422.44587472143735,-528.4097103681128
1381693.601021,-452.727894087874,-533.1698974379482
1381700.610617,-450.9442536138977,-538.7163722170974
1381710.45483,-421.5467538193363,-530.5712184655448
1381717.74571,-387.1086046746629,-519.7782443179756
1381721.844143,-378.5689976025871,-518.1283527996214
1381729.003594,-368.3997784679353,-505.15781134287454
1381735.63355,-355.67383845458164,-493.2560914614226
1381745.214266,-329.9149109525078,-484.5604287213952
1381749.548529,-293.9017262897245,-473.09549727198026
1381756.60514,-279.05841335035734,-466.3757682903968
1381765.370636,-279.05841335035734,-466.3757682903968
1381770.604125,-279.05841335035734,-466.3757682903968
1381777.605137,-279.05841335035734,-466.3757682903968
1381784.613633,-279.05841335035734,-466.3757682903968
1381791.61407,-251.86741335093328,-458.6036879622232
1381798.513046,-217.4788925567329,-445.64546714944345
1381811.776895,-183.76308567615663,-438.4120100663189
1381820.539875,-149.36161633162078,-428.90542316118257
1381820.563825,-149.36161633162078,-428.90542316118257
1381827.909948,-149.36161633162078,-428.90542316118257
1381834.100135,-146.14082645674543,-426.9722863918979
1381840.539315,-111.2872162814098,-415.89910144480143
1381852.063851,-51.49362146614435,-397.3690707575287
1381854.540602,-24.98370842085196,-388.9607687875695
1381861.600826,-24.98370842085196,-388.9607687875695
1381868.550957,-24.98370842085196,-388.9607687875695
1381875.552315,-24.98370842085196,-388.9607687875695
1381882.610937,-24.98370842085196,-388.9607687875695
1381889.600851,-24.98370842085196,-388.9607687875695
1381896.893345,-24.98370842085196,-388.9607687875695
1381903.506934,-19.876349456847937,-361.4111505564653
1381910.542431,-43.338904155103656,-328.7731753265687
1381919.053968,-98.0782549594055,-266.9227002443759
1381924.531681,-130.456424500078,-234.3680847505499
1381931.548134,-168.16942467458054,-186.98936472335535
1381939.284629,-218.8580548410131,-145.42580705216335
1381945.526343,-238.31289096664725,-145.20127018623674
1381955.768955,-259.0537770582776,-101.2440474930973
1381959.542248,-288.3232040990459,-51.87633208251314
1381966.506789,-299.7188364398614,-50.87301832133841
1381973.54425,-321.4411694667349,-60.52349528602073
1381980.530423,-346.8906110981209,-72.49664085777255
1381987.514736,-356.9805495784802,-76.87316561822716
1381994.544191,-377.79108099565366,-94.56499540911923
1382001.612453,-427.5263219029613,-130.36136054613635
1382008.548117,-471.58989331729913,-153.28016236888442
1382017.796752,-515.6708620144237,-171.7016889792649
1388046.178734,20.927422183356818,57.42221235383778
1388057.562012,11.356836357926896,-1.1438297725876962
1388061.951619,10.755672649076256,-36.769685358024354
1388067.226453,9.104538889734702,-78.06817286569938
1388074.25026,-0.6394693947233869,-132.93211608443931
1388089.085645,-4.546936980969355,-155.3161907515319
1388089.089297,19.70684488051189,-180.66129001396197
1388097.45256,57.65364799092741,-223.5435459046764
1388102.190779,60.8261644097177,-228.90048699714316
1388109.192,70.20304804972768,-235.86426291981277
1388116.312685,71.79082341897761,-241.12585639065915
1388123.298009,76.49807393382518,-265.39772373939815
1388132.231874,75.76501610167867,-287.5891503930854
1388137.575396,76.71244574013721,-307.51293349383906
1388144.212249,78.8621086891415,-325.5881643987318
1388151.314924,79.83701648468643,-334.4131252286487
1388158.252898,55.46257221985957,-360.25124013854975
1388165.18985,50.98475356186449,-361.3579148570173
1388172.247418,50.98475356186449,-361.3579148570173
1388182.612257,-10.36947577361233,-378.5820754411583
1388186.180154,-31.996868708783957,-361.6558519045911
1388193.20407,-36.04819449237086,-351.3604468695612
1388201.37883,-41.586872983524295,-337.15663103090014
1388207.251274,-54.79593032973037,-329.5053246365608
1388214.200867,-66.03779172402298,-315.8706589540035
1388221.182938,-77.55520579940745,-301.9432523914068
1388228.22255,-91.72851531399492,-285.8439933982959
1388235.181978,-100.11154912741574,-275.4084878594878
1388242.259174,-100.11154912741574,-275.4084878594878
1388251.818224,-100.11154912741574,-275.4084878594878
1388256.269319,-113.87661282316954,-260.5677568106564
1388263.269345,-161.51924839313233,-210.9168720765154
1388276.652108,-190.8208539050224,-179.74546340293037
1388277.246469,-207.92442363341476,-159.13030320400975
1388284.494111,-210.56901567309816,-143.88759088438687
1388291.270243,-249.2441576227176,-111.90895196501728
1388304.91376,-274.2574731894275,-67.60757350931753
1388305.248083,-292.17604241376694,-52.60320500791424
1388305.248711,-292.17604241376694,-52.60320500791424
1388307.067542,-292.17604241376694,-52.60320500791424
1388315.81144,-314.3701255229892,-69.16780362276329
1388321.084629,-333.70756836537487,-79.84458920285633
1388328.108106,-356.41400562165154,-94.7924878816548
1388339.918196,-419.5943247364066,-131.26341393642537
1388346.897213,-442.4117455233032,-145.86700389891658
1388349.0179,-472.0858887670578,-163.65349978583242
1388356.02352,-487.0727169077535,-170.4588766855161
1388362.979814,-513.2509073982259,-180.0331762215842
1462931.599261,528.6871132750481,-684.7019944631253
1462938.597895,417.4046125570149,-781.0569117232234
1462945.599289,345.3409800837932,-851.6841700260884
1462954.083712,301.3239223152995,-893.884952595343
1462959.539232,297.54923228350384,-897.0381087995137
1462966.602673,297.54923228350384,-897.0381087995137
1462973.599189,276.6399064076508,-913.9566028433536
1463646.641885,459.9937371907679,-907.8925856089228
1463653.642097,448.44312098310223,-887.0076269614622
1463660.641735,463.71170364029433,-871.9211907186585
1463667.606278,498.0788834619043,-847.7982008105967
1463678.567852,519.1046091412114,-839.8971603279622
1463681.677488,536.4080400158754,-825.6344736007867
1467163.065578,544.9317101837379,-272.82324203175983
1467165.737755,538.7381386923837,-266.69207815212434
1467172.574425,538.7381386923837,-266.69207815212434
1467179.624601,538.7381386923837,-266.69207815212434
1467187.249886,538.7381386923837,-266.69207815212434
1467196.517026,538.7381386923837,-266.69207815212434
1467200.573146,538.7381386923837,-266.69207815212434
1467207.575451,538.7381386923837,-266.69207815212434
1467220.446529,538.7381386923837,-266.69207815212434
1467221.574598,538.7381386923837,-266.69207815212434
1467228.573167,517.8861878395581,-242.76603712094828
1467235.575459,490.2733141506478,-212.4470646910499
1467242.584094,479.86723375259606,-188.85799495632293
1467249.575537,536.6192428135815,-162.4382338237581
1467299.201415,549.1368279218184,-83.21525375638947
1471122.096277,504.564997918328,-720.5735924567949
1471132.206938,442.8886929281154,-773.3810232563324
1471136.165457,383.0947463345333,-827.9533979915136
1471143.781166,298.545981782185,-898.6408245629264
1471206.137769,266.57684985293446,-902.1798233903849
1471216.332366,319.69814777799314,-868.0499926794018
1471220.148103,368.30493268567005,-837.8258736142476
1471227.207907,439.73635204035503,-783.8721772046318
1471241.929804,475.1267267057586,-753.1112595967898
1471241.93338,506.1698247454969,-721.4055404238329
1471250.114615,550.5573172087951,-671.7360195393165
1473139.650512,550.7145111110104,-354.659716196055
1473146.67878,463.6968884656724,-443.4729266316432
1473153.745158,413.6207510899249,-492.7351866824516
1473160.705225,355.1861182326244,-552.7994345702604
1473168.147582,262.74529434039454,-632.5206766328016
1473174.67367,202.0796923229184,-687.815459272892
1473181.983668,143.94615217143442,-741.5056265274101
1473191.595002,84.68975259780208,-817.5933720727712
1473195.679185,81.70085690515235,-882.0538439715369
1546812.982481,528.6940304217326,-370.8625261682161
1546819.594636,475.2880877061818,-421.39486556010695
1546826.846359,392.9832848961437,-496.84030257459625
1546834.563068,338.12372451008935,-546.0085031313777
1546841.082535,277.0384111942504,-600.3793739919823
1546847.565329,188.63170323954043,-682.5847718918284
1546856.352387,124.1054378733773,-743.4996934632633
1546862.544959,82.8071302989735,-807.0785288133734
1546870.663778,73.65798134354173,-903.5206519061504
1552844.841752,502.05460946078,-395.622371172552
1552851.881813,489.92461336777023,-408.5261351770041
1552858.501584,467.5464002977778,-427.25671599426096
1552865.784871,424.1736361305096,-462.6598430855212
1552875.870931,424.1736361305096,-462.6598430855212
1552879.455716,424.1736361305096,-462.6598430855212
1552888.144172,418.9256069225305,-466.823330125576
1552893.797592,385.38809849895966,-495.65796298189423
1552901.587603,340.19822370377,-543.4450641367494
1552911.703715,268.03886159386127,-611.7737025462751
1552914.506449,212.3185719898464,-667.1296921370631
1552923.4442,156.0177823374864,-719.643659196769
1552931.23931,88.8779084068824,-801.1633602938841
1552935.505665,82.15752694062013,-867.7703429151828
1553915.156382,290.1663554328976,-914.048380362856
1553923.351564,345.0384838358595,-865.289947516129
1553932.286397,371.61478505226216,-842.3759505668907
1553936.099009,399.2882625678291,-818.1129764745153
1553942.550849,438.3276108670621,-784.8745205113847
1553950.360215,445.2612234256957,-778.050825232408
1553958.264089,445.2612234256957,-778.050825232408
1553964.003305,445.2612234256957,-778.050825232408
1553970.956332,445.2612234256957,-778.050825232408
1553977.962857,457.1806748000873,-760.9626593925573
1553985.505505,500.1521969982384,-724.3888975990453
1553992.108691,542.1326178295768,-690.5560164277215
1636660.748057,16.51940199651685,51.56084210653886
1636667.955749,8.866341007623438,8.005762246207105
1636675.548736,7.551799668589878,-17.279429461599385
1636681.630715,7.6307415643957,-46.560947138873495
1636689.607688,15.308616977765633,-110.23283915281326
1636695.924869,16.23378908892896,-148.9250122218343
1636702.586063,14.534567250113406,-169.38599348453727
1636710.021193,23.300463417633093,-188.6905562081969
1636717.006289,57.11887698332635,-213.43229423601085
1636726.733143,66.16001506764611,-235.19286984663523
1636731.812077,76.45736471656981,-288.7076013403069
1636737.946713,86.37436092600623,-323.87276793493186
1636744.587362,91.76966379452956,-330.93183950701024
1636751.589382,32.23332702805187,-353.982464888548
1636759.000061,20.91732198932429,-357.47275931890346
1636767.888511,20.91732198932429,-357.47275931890346
1636772.966671,8.885809597281602,-363.3619621510017
1636780.007932,-31.62328557997909,-378.2869733213858
1636787.662659,-85.07068994608488,-396.9954170460797
1636794.023576,-132.0986503264539,-410.8265224516904
1636803.311115,-136.30215421590486,-413.6613181007505
1636807.621524,-168.1757651475788,-423.5193922349925
1636814.97571,-250.19231843717836,-446.10516648089424
1636821.587735,-308.2215015756655,-470.1141614598725
1636828.970262,-351.7008908378094,-488.2740001400255
1636837.630423,-371.0559734941578,-451.06874653217017
1636842.794007,-402.4608008653392,-452.1338391762006
1636849.614661,-439.9169871268114,-467.0864528105547
1636857.104859,-469.8365589100931,-473.7914078677658
1636866.542037,-480.9605957776616,-433.309235484387
1636875.324856,-504.9540756395981,-416.1458407756828
1639610.801896,348.2823086122581,-863.5523636728225
1639619.4068,392.7945548887921,-822.4547937771247
1639628.863999,438.69782592827454,-781.8207245720464
1639632.726569,476.0670730534073,-747.749880613338
1639641.377514,481.43422346324274,-739.8018817366982
1639645.754026,482.5967225959948,-738.4818976671299
1639654.708218,482.5967225959948,-738.4818976671299
1639664.098935,482.5967225959948,-738.4818976671299
1639668.1249,482.5967225959948,-738.4818976671299
1639674.669763,516.4274778635316,-709.230192216457
1639681.15161,532.6686130463928,-693.9833153748513
1639687.797224,534.7903726457744,-691.9020279221935
1639701.986751,534.7903726457744,-691.9020279221935
1639704.004372,545.5248605579242,-685.8118048716234
1721961.163476,9.291017661224682,51.85616118272252
1721961.167057,5.437052093132743,10.382951256444208
1721964.879558,6.436136804218596,-39.44427688184646
1721964.880238,6.436136804218596,-39.44427688184646
1721966.491273,6.332133624887097,-65.45387832526302
1721973.456446,19.230541472601598,-151.2214442163668
1721980.926747,19.829650788937204,-180.14287573393423
1721988.297896,46.17487471769133,-199.39161229830333
1721998.002335,66.76581650984545,-238.67172879326216
1722002.154324,71.20228831721819,-282.9987485680455
1722009.211327,75.11029260937481,-303.82047370482485
1722015.486415,73.34250600538978,-343.10327210806344
1722022.801949,45.608837737692845,-353.4868258845485
1722030.649861,11.781669737765856,-364.2427132378778
1722037.447218,9.317080701786349,-365.3862121059812
1722043.884759,9.317080701786349,-365.3862121059812
1722051.085834,9.317080701786349,-365.3862121059812
1722058.14731,9.317080701786349,-365.3862121059812
1722064.961261,9.317080701786349,-365.3862121059812
1722071.840614,9.317080701786349,-365.3862121059812
1722078.87266,-25.16621983331768,-378.4310399112754
1722085.602818,-62.372527081614486,-391.7176267912168
1722093.822674,-111.68231371341606,-411.2162143761181
1722099.882575,-138.1743838515495,-421.78947732815743
1722108.233315,-138.1743838515495,-421.78947732815743
1722113.497397,-138.1743838515495,-421.78947732815743
1722123.317912,-142.51527879996868,-425.4995886737565
1722132.444539,-175.39388495345554,-439.19167727852056
1722134.891284,-226.27790666928715,-450.5412575840453
1722143.042842,-302.98933070951455,-475.2158609187488
1722148.49214,-347.8195271074673,-491.0974836791495
1722155.818783,-362.91940579880486,-472.5513733597262
1722163.005302,-395.1348772145996,-459.2979004038668
1722169.915879,-433.2965382663237,-475.0846115002387
1722176.457664,-466.7502677250602,-485.08498953273465
1722185.174999,-485.8013536174525,-444.36398096688566
1722190.851179,-489.238376820384,-434.7335531415421
1722197.880579,-489.238376820384,-434.7335531415421
1722207.52068,-492.3183752165024,-429.38438081558223
1722211.511014,-492.3183752165024,-429.38438081558223
1722222.131662,-492.3183752165024,-429.38438081558223
1725123.485508,14.172485915769538,28.66429019169428
1725128.171202,9.038816811464445,-11.293298210296271
1725135.496759,12.321510847033425,-74.2181466831777
1725143.867299,10.42196867504231,-111.32770937822971
1725149.52452,13.170336135488,-150.93177349601527
1725156.833175,-10.987856869350692,-158.86644184489057
1725185.554464,-150.65766072741476,-46.74674936859763
1725185.555046,-150.65766072741476,-46.74674936859763
1725187.215894,-150.65766072741476,-46.74674936859763
1725194.088085,-177.71068402774753,-27.963122759919592
1725201.239586,-209.6165055699002,28.051008622152068
1987825.192771,384.157581080817,46.475353063360885
1987831.458058,384.157581080817,46.475353063360885
1987839.034059,384.157581080817,46.475353063360885
1987850.742982,384.157581080817,46.475353063360885
1987852.498672,384.157581080817,46.475353063360885
1987860.951937,384.157581080817,46.475353063360885
1987868.321319,350.76673477482825,-7.972297635696117
1987873.522363,303.5236445066884,-28.375283229488893
1987884.806944,262.759716533586,-44.86694702762989
1987888.040113,184.6117368721289,-91.27042369755848
1987894.502176,184.7461792553422,-150.15265422252912
1987901.501818,216.73309300147608,-208.11939291146496
1987911.617889,235.927080205444,-231.69366828409812
1987917.001876,235.927080205444,-231.69366828409812
1987923.655721,235.927080205444,-231.69366828409812
1987929.943974,235.927080205444,-231.69366828409812
1987939.666765,235.927080205444,-231.69366828409812
1987943.852121,240.4821943155835,-238.43448105673943
1987951.384104,221.44426299149228,-275.83561367820545
1987961.215118,199.982141756502,-293.9093548725663
1987964.862404,173.23028079307312,-316.1324599632308
1987971.639457,110.84072099060612,-338.696635779677
1987979.905368,69.1474060753247,-346.8647869473025
1987985.802774,25.37631524197046,-361.2899149684474
1987996.064049,-27.87606799595412,-384.2970123123866
1988000.016949,-68.40048399695732,-394.8455002278064
1988006.887878,-103.2830514844043,-404.6537296225036
1988013.506187,-118.15134132708216,-407.7859691129452
1988031.545706,-118.15134132708216,-407.7859691129452
1988032.003962,-118.15134132708216,-407.7859691129452
1988036.089125,-118.15134132708216,-407.7859691129452
1988041.929206,-118.15134132708216,-407.7859691129452
1988049.045819,-118.15134132708216,-407.7859691129452
1988060.367385,-118.15134132708216,-407.7859691129452
1988062.890658,-118.15134132708216,-407.7859691129452
1988070.125429,-123.12798351894392,-412.0243806405432
1988078.998541,-144.19327957586873,-419.2095937226416
1988083.49474,-172.80695658711164,-432.4325608586073
1988093.006463,-209.18700718372543,-445.8011926201815
1988098.086417,-251.4735400000677,-453.7731119411721
1988104.784188,-254.89709255355152,-455.5469889369168
1988111.456016,-254.89709255355152,-455.5469889369168
1988118.844206,-278.333174689409,-476.25850582983423
1988126.002441,-327.02083502293766,-487.8465859021578
1988132.502855,-359.5623956955351,-484.4006251514373
1988139.55172,-374.9930019555177,-446.4723094923535
1988146.551327,-403.9020116730353,-452.95847884264987
1988153.502517,-420.99714851238105,-460.2166589510111
1988161.01188,-426.4856360815851,-462.02104841479706
1988169.225076,-406.7242678278016,-511.1564943294732
1988174.482683,-376.565001472204,-516.5075041977037
1988181.977218,-319.4219248306302,-492.324567595186
1988190.150529,-272.1391813969854,-471.85476146756247
1988197.503077,-243.6357301375332,-462.2647559236434
1988205.201422,-197.38662093446888,-439.4914162005919
1988210.829027,-179.83599553727367,-431.8793242142788
1988216.869009,-179.83599553727367,-431.8793242142788
1988225.349186,-126.98074061274473,-397.6221761527276
1988233.763685,-70.46319232980292,-383.27874937604975
1988237.903619,-49.76842979779365,-375.7787217398286
1988246.244233,0.2861588648189583,-365.4069059189749
1988251.882716,30.65165052491741,-358.871684178646
1988258.553332,76.58423550967932,-344.38974310219265
1988265.551116,145.76059141860978,-320.6569921382963
1988273.680886,159.4324055517257,-312.9558383729584
1988279.854126,159.4324055517257,-312.9558383729584
1988286.848191,159.4324055517257,-312.9558383729584
1988297.425347,168.97404060320272,-309.7179376609
1988300.805559,206.2589137639233,-295.4106118637375
1988309.328247,262.2033115187974,-288.2013835665413
1988314.876098,275.7520387728895,-263.10894249076614
1988323.325937,274.0677910255897,-251.08349249139343
1988328.80621,274.0677910255897,-251.08349249139343
1988338.399908,253.40178421892267,-232.7177802715275
1988342.87617,226.871629145536,-199.7801761537789
1988349.866253,185.86262570099132,-110.74084621904932
1988357.120812,233.46339716865077,-41.66507835182368
1988363.882544,308.6736188328885,-2.6341965990161897
1988371.129741,362.6467147971348,11.87309212813171
1988377.470841,362.6467147971348,11.87309212813171
1988384.992598,362.6467147971348,11.87309212813171
1988391.900662,362.6467147971348,11.87309212813171
1988398.850052,362.6467147971348,11.87309212813171
1988405.876634,372.90003811968506,20.51026829047585
2070755.446689,533.454432634418,-359.8370712019258
2070760.198835,503.32214807111006,-387.87379839371175
2070771.707578,457.26462216214014,-430.8102300226784
2070774.158866,430.1184201026468,-457.7251624870768
2070781.187189,418.9683584266918,-467.33483869911424
2070788.688079,395.6646680456291,-489.5142873502616
2070795.187317,359.92974371750324,-527.9634987277457
2070805.17913,315.5624517322065,-572.2148742441107
2070809.159966,264.92124861966096,-620.5205247243439
2070816.191476,183.9554358535187,-693.7882455074682
2070823.191029,132.834626690491,-742.0700005800729
2070830.160969,98.4783433706133,-780.4356620319624
2070837.354891,80.77906378024282,-850.1408396124306
2070844.160184,83.29051045888615,-893.0433803472193
2076188.948425,309.2711166040386,-902.887811532532
2076195.992033,375.9283250145857,-843.8154716268288
2076203.092525,450.1658541333687,-778.1738301854036
2076209.887721,488.62387417925686,-743.8400304028613
2076217.511827,488.62387417925686,-743.8400304028613
2076224.285286,503.7137050608648,-746.6334762307399
2076230.890718,539.7618978615345,-784.7113354403358
2076237.9283,554.2341774346812,-793.8741074761506
2081567.517937,469.1022678204032,-422.6971306579656
2081574.517951,435.9923944870716,-451.1852941479104
2081581.51739,435.1527202487642,-452.37800256912783
2081588.486431,431.17611051180864,-459.8634819075714
2081598.94048,401.7915886363416,-487.4241633550093
2081602.485938,361.3098883595866,-527.1398776277915
2081616.403039,299.28622281134994,-592.8741946264997
2081616.491646,253.8800005517041,-635.1056630346525
2081624.966122,190.74557554892385,-695.6179779997112
2081630.550057,102.63435027483426,-781.7948057670562
2081638.188259,83.137578226737,-830.632800661616
2081644.555657,81.64699766668274,-883.5261753164003
2084078.507336,-522.3364073725769,-309.3822378424398
2084085.96707,-513.3734091220208,-339.72158507335894
2084092.885147,-501.9272285047979,-363.0614187379921
2084099.576846,-495.6403633839792,-400.7607544779023
2084106.606628,-498.9266342261696,-407.10968458134033
2084115.432154,-507.8315029892569,-412.3368296420918
2084120.854364,-509.7189519977282,-413.4907541613906
2084127.534036,-507.5625345621335,-412.87669287398114
2084137.168222,-507.0370776700256,-413.17541472831454
2084141.535661,-502.4078482278379,-422.89605259769615
2084148.514099,-482.6717511393459,-450.9760704124797
2084155.507878,-458.79315157668447,-504.86650549218007
2084163.217518,-428.5503827843472,-525.1171803656777
2084169.557164,-384.6485110673163,-500.8041145333456
2084176.618472,-357.1674141460205,-491.8682658385813
2084184.203711,-301.265679628549,-476.97851231388
2084192.204476,-251.8351873729282,-460.463978823672
2084198.012079,-196.21089888051796,-442.40004641456096
2084210.111242,-149.51826762021713,-424.4704249156271
2084211.564055,-104.94557077723762,-409.3297443311633
2084218.601012,-68.9261693036783,-397.7958247149524
2084226.614783,-38.59304250047999,-389.1448975822378
2084233.123582,-15.117868537921524,-383.65830605359366
2084239.64502,20.25897328224994,-370.2098346285195
2084246.557012,94.2061613011711,-339.21017600662543
2084253.601605,159.59625328814113,-317.9410350825986
2084262.088197,211.2029518646684,-302.3511902159969
2084267.601151,266.06091531095853,-280.1304165660053
2084274.839549,269.9567979724009,-254.8848180040917
2084281.601004,269.5582389469015,-253.22756573929829
2084288.550978,269.5582389469015,-253.22756573929829
2084295.594988,269.5582389469015,-253.22756573929829
2084302.611085,269.5582389469015,-253.22756573929829
2084309.610987,245.67215466529785,-223.2758263178147
2084316.591265,217.9737588539985,-182.08484502092904
2084323.551292,193.03782608323164,-142.38673458051863
2084333.988619,211.0866092199246,-66.74453103237114
2084337.54159,277.8580892476865,-17.624192687851682
2084344.541629,328.94228746604296,2.5667587589311283
2084351.534233,349.140155173339,5.823818617647632
2084358.512165,349.140155173339,5.823818617647632
2084367.369027,349.140155173339,5.823818617647632
2084372.967349,365.9539772101974,6.49311441759672
2084380.260387,386.3883778772253,34.89310094326499
2154157.947045,554.0878647775005,-353.9521823030202
2154163.484058,526.3240401695641,-377.8257254629475
2154170.439904,474.7037543270838,-420.1505030856702
2154177.434909,433.7724386943461,-455.270484756807
2154184.462992,424.3028272588186,-467.1598529557666
2154191.640172,385.96250068192666,-498.6962115914476
2154198.468899,306.65973749751686,-571.5070875955904
2154205.470938,278.570447414352,-598.8170427893123
2154212.470847,264.7885871857905,-606.8606527093724
2154219.43404,219.0979212284161,-640.144752115121
2154226.49014,173.06557548871746,-684.4385732880244
2154233.470561,131.11490181403295,-726.4961490143438
2154240.470456,145.0090723960412,-765.1638019815133
2154247.464645,145.0090723960412,-765.1638019815133
2154254.468113,145.0090723960412,-765.1638019815133
2154261.639436,145.0090723960412,-765.1638019815133
2154268.46881,145.0090723960412,-765.1638019815133
2154275.465806,145.0090723960412,-765.1638019815133
2154282.525302,145.0090723960412,-765.1638019815133
2154289.458562,145.0090723960412,-765.1638019815133
2154296.458706,145.0090723960412,-765.1638019815133
2154303.96909,145.0090723960412,-765.1638019815133
2154310.464064,145.0090723960412,-765.1638019815133
2154317.458713,182.96636059811635,-791.7717060929009
2154324.458741,205.93376446842743,-803.8306689541747
2154331.430769,246.6707866796912,-767.7133567446486
2154342.157409,280.7896094372081,-730.799751127814
2154345.458918,276.0286638867978,-691.5810204129382
2154352.434094,246.24268211937752,-666.0487122633476
2154359.430854,237.03193448351905,-649.2264965966464
2154366.460147,242.72792867099,-639.4675911886821
2154376.781705,271.0197821601531,-613.3695381026913
2154380.484823,288.44033964303867,-596.1123600999925
2154387.445435,351.9494879043182,-538.2408600109994
2154394.463262,382.8388347340373,-510.9374712763986
2154401.462011,386.5027762335,-507.303018527915
2154408.635334,386.5027762335,-507.303018527915
2154415.435283,386.5027762335,-507.303018527915
2154422.460274,386.5027762335,-507.303018527915
2154429.46253,386.5027762335,-507.303018527915
2154436.461981,391.3627997385221,-500.3861772581153
2154443.463576,413.3809932302032,-474.1179656030854
2154452.107486,482.10227108545735,-408.68233193256094
2154457.842452,526.8544709570635,-365.58214576582543
2156088.472453,540.0105402390853,-355.3846189021556
2156095.439136,500.9976131725864,-391.84661863402346
2156103.77664,462.4292272473149,-430.0853528053304
2156109.473382,403.0931622934641,-481.8763869612764
2156116.900892,360.9902084282099,-519.5376812411191
2156123.570235,313.68821618485015,-562.4427418532428
2156134.69078,245.8529031000513,-628.0346087875138
2156138.158532,191.63701803447583,-683.2279870803338
2156144.837064,133.18753587524748,-740.4049231766242
2156152.555517,81.63377829720784,-822.2103653547242
2156158.487216,79.83695943288465,-888.8845199533844
2164669.802565,12.21944535152474,40.79339767650141
2164676.52284,16.545656570243445,-16.118218046858928
2164683.612576,19.0985010526964,-77.96160036497425
2164690.62265,18.203170214215465,-134.9707461491717
2164697.635141,15.15507908123366,-177.00030919960116
2164704.612805,38.92327168012733,-192.67744431248255
2164714.210444,75.07755704912563,-221.9150165620021
2164718.519349,118.3756832517902,-260.6530158647498
2164725.605347,143.81028765232244,-277.0284317456253
2164732.558134,150.10156787052722,-280.2542840756388
2164739.550604,150.10156787052722,-280.2542840756388
2164746.550646,150.10156787052722,-280.2542840756388
2164755.551969,155.84036543714436,-275.2335148059896
2164760.592351,216.23640701504212,-306.9899430290734
2164767.555656,241.0633497750701,-334.98570756316
2164774.931537,272.52927085689413,-363.659851360812
2164781.667935,326.8563994695718,-408.635083095336
2164788.720121,334.9457578283002,-416.8697688712139
2164795.619184,334.9457578283002,-416.8697688712139
2164802.592565,334.9457578283002,-416.8697688712139
2164809.563383,334.9457578283002,-416.8697688712139
2164816.613388,334.9457578283002,-416.8697688712139
2164823.551407,334.9457578283002,-416.8697688712139
2164830.566791,334.9457578283002,-416.8697688712139
2164837.554248,334.9457578283002,-416.8697688712139
2164844.599462,334.9457578283002,-416.8697688712139
2164851.553122,334.9457578283002,-416.8697688712139
2164859.56807,334.9457578283002,-416.8697688712139
2164865.52195,334.9457578283002,-416.8697688712139
2164872.520639,334.9457578283002,-416.8697688712139
2164879.55058,334.9457578283002,-416.8697688712139
2164887.05191,334.9457578283002,-416.8697688712139
2164893.558937,334.9457578283002,-416.8697688712139
2164900.91996,334.9457578283002,-416.8697688712139
2164909.169983,334.9457578283002,-416.8697688712139
2164914.553611,334.9457578283002,-416.8697688712139
2164921.535362,334.9457578283002,-416.8697688712139
2164930.238295,334.9457578283002,-416.8697688712139
2164937.348777,334.9457578283002,-416.8697688712139
2164942.875323,334.9457578283002,-416.8697688712139
2164949.561722,334.9457578283002,-416.8697688712139
2164957.130417,335.9872572590872,-418.5928039944425
2164963.991135,351.97241929890595,-429.5686409979218
2165000.849044,548.8068997159633,-572.2846962702059
2165000.850588,548.8068997159633,-572.2846962702059
2165003.526072,548.8068997159633,-572.2846962702059
2327890.858334,520.5012128198778,-376.3747545411365
2327897.791114,468.7083344891335,-427.7509632160218
2327905.0969,450.452609161923,-439.7243220810416
2327911.802353,420.4049594211954,-463.171478327417
2327919.121384,368.7398443381871,-512.3621604924888
2327927.996727,324.93930379083645,-557.7830661586205
2327932.769095,279.6414753375189,-599.3470678283688
2327939.804377,221.08249167463543,-662.7242253594255
2327946.766912,175.3376760157102,-706.9666460743875
2327954.242846,130.88858243674957,-750.7430856710128
2327960.801726,83.15865148282906,-820.949335623659
2327967.80786,81.7796330390791,-873.9632280344737
2327975.687293,84.00857454367934,-915.759253875738
2329269.810341,333.0581800378802,-874.2667017460334
2329276.800459,380.0201049656223,-833.1531794254348
2329288.059166,426.4036279549049,-788.5140437427899
2329290.927286,453.9282968228609,-765.4654843311923
2329301.249475,483.6618005049385,-738.3272955546789
2329304.868617,502.0919955237893,-721.4867321158976
2329311.817009,518.5824076815093,-710.1821671985997
2329322.334497,544.7203343972681,-688.307513511014
2331257.784905,4.479309818516231,19.04412780055548
2331264.810739,8.891636886902328,-18.598907900498023
2331271.811998,9.311372701331912,-56.800171892497474
2331282.236649,5.287934260570211,-108.80801850322072
2331285.817208,7.250659643233307,-118.73540008264432
2331292.801407,10.868521822401275,-127.16291983307516
2331303.330832,14.598023273588543,-176.56592648630087
2331311.251775,26.96759282795377,-202.30214488669384
2331313.825762,44.19261241778315,-228.9096562544772
2331320.875664,54.64699472084638,-280.1771156547794
2331327.874346,65.94523465629494,-313.23003872884806
2331334.975882,69.83703739905398,-323.8988782696898
2331345.447993,48.33578232194084,-355.3156679087169
2331349.155354,6.695940914743496,-372.3687538003893
2331355.811038,-23.48798691751376,-365.2228976850697
2331366.306827,-43.25050911598717,-341.92208059652216
2331369.813585,-57.00859106314319,-322.3496546573495
2331376.860623,-57.65100729982389,-319.55546686231435
2331383.86808,-80.6791483197319,-277.8089299919978
2331390.81188,-113.1579329930885,-246.6533936525811
2331400.307524,-139.93066591487457,-218.5790220330711
2331405.21409,-163.9606863655042,-182.98894512906477
2331413.335007,-174.6646842684145,-157.89814701028067
2331418.885242,-196.224688086781,-138.4523727670629
2331425.825158,-247.4146232029647,-128.37322776611444
2331432.875208,-266.4959199424248,-90.5166238003296
2331439.834761,-288.3883825348054,-53.17264980646557
2331446.872745,-315.59782303012486,-57.13509888652796
2331459.67131,-339.097872453816,-68.8506894752765
2331460.84896,-363.7313999424045,-83.32591468559005
2331467.830557,-401.44343476496647,-105.80407442338972
2331474.880483,-422.83494034529554,-116.33376269829252
2331481.87909,-456.36419296207566,-138.39951401384067
2331488.829434,-519.8873456882778,-172.2393765824281
2416038.856716,9.182594882639007,18.658793946826798
2416045.865156,10.189813470219024,-38.97254696429204
2416052.857044,13.870188095884853,-85.51729329647738
2416062.241624,16.495435788784704,-133.08819319618092
2416067.348032,17.033670016076915,-183.5627668021044
2416073.88252,47.2205712081819,-210.81506998137405
2416080.861803,64.50378644792958,-228.8312389294251
2416089.421111,67.5094315803787,-281.4349203432593
2416094.856869,71.01373342272642,-312.7795362922216
2416101.85784,71.24253576087315,-330.5967865245325
2416108.858901,47.08378339065437,-350.89461866253777
2416115.860785,2.3032888873822523,-370.530213525755
2416122.859992,-29.914394579661028,-382.7002326737798
2416129.856443,-49.55023210827832,-385.90729595149736
2416137.324365,-53.05614848266235,-386.3454842615532
2416143.824867,-73.08749422219445,-393.8881624800355
2416150.823796,-86.06593553170187,-407.1649411120134
2416157.857826,-101.01540031042128,-414.0362515680181
2416164.870441,-134.17500219117227,-424.8561897018354
2416176.746401,-202.14648306705487,-444.3347479219812
2416178.847591,-241.13124041592116,-459.1282297016114
2416186.586281,-290.4739033461577,-476.803894553393
2416192.848816,-331.6813731035164,-489.9402968783408
2416199.817288,-335.38039386368155,-490.5289346077487
2416206.853286,-335.38039386368155,-490.5289346077487
2416214.352329,-351.73175449451145,-490.9491503415588
2416220.841064,-360.08343625762745,-457.1891268244952
2416227.82489,-386.4932450880274,-450.5314432278572
2416238.148632,-434.2313550785884,-474.9481412496665
2416243.214155,-455.7084265920186,-486.2562074340924
2416249.2492,-471.4286854091061,-473.02459929860686
2416256.251947,-486.4972174668866,-423.76101104987225
2416266.86912,-487.5076323686764,-419.4865546455952
2416269.851971,-514.1667550306128,-431.008932728958
2416437.850939,-507.481582174355,-429.1837647194149
2416444.823464,-500.311332716327,-426.1106227549073
2416451.852244,-500.311332716327,-426.1106227549073
2416458.823518,-493.2573071861499,-418.06916719737234
2416467.808376,-461.2513541718119,-457.0815982186393
2416473.244284,-443.324083969429,-510.4694947523621
2416479.829387,-425.766675390859,-529.101713657548
2416486.86125,-381.5037282614525,-510.0920117335465
2416494.206815,-334.22535995866525,-493.2909259129486
2416502.250558,-279.21135100076856,-473.5907576180722
2416510.513043,-185.2728220368346,-442.7617153084652
2416514.82157,-115.3605859883617,-422.045974334075
2416521.822646,-59.29379658245744,-407.589339970567
2416528.821419,-29.92454888819381,-398.5769093936519
2416535.824567,-27.762860482013934,-397.5782042979564
2416542.857048,-11.56934573629781,-388.45833565093386
2416550.246193,52.78180553672581,-361.862808768236
2416558.319292,108.41019200903747,-339.94061027493314
2416563.859784,153.55968663444955,-323.50175136034005
2416570.85622,182.3682490727932,-315.1856289517356
2416577.918087,182.3682490727932,-315.1856289517356
2416584.855317,200.76900818914703,-302.9155046470418
2416592.512222,263.7921002442935,-283.86970797669665
2416598.857355,271.5292732853248,-256.5295986543336
2416605.822358,267.1927198599775,-239.62434901530816
2416612.824217,267.1927198599775,-239.62434901530816
2416619.849196,264.74434220610016,-235.6265029432068
2416627.212488,248.1510243930757,-208.32641136950855
2416633.863773,199.38366894516523,-137.33160940314292
2416640.870029,220.0268028706596,-59.700640173747225
2416647.859919,289.3827569697257,-19.84148910782076
2416654.86133,357.41276316458425,2.125189343127622
2416662.215135,379.2689142977448,26.46803506812356
2422748.626325,369.7983050120196,14.9707118217019
2422755.592519,369.7983050120196,14.9707118217019
2422765.604857,369.7983050120196,14.9707118217019
2422769.789265,369.7983050120196,14.9707118217019
2422776.591068,369.7983050120196,14.9707118217019
2422786.532909,347.0835472172038,-12.7169669548218
2422790.991373,248.8692402007668,-40.24533222645194
2422798.431132,181.70996432905315,-86.35169152142451
2422804.69994,197.16578974759815,-160.89321289417845
2422811.689811,239.3255238908609,-253.11539184695053
2422818.688476,211.48314510839555,-287.8474172429956
2422825.708931,208.7859048599597,-296.6506976238049
2422832.690066,208.7859048599597,-296.6506976238049
2422842.464719,208.7859048599597,-296.6506976238049
2422847.009578,208.7859048599597,-296.6506976238049
2422853.998722,208.7859048599597,-296.6506976238049
2422861.053481,208.7859048599597,-296.6506976238049
2422867.628196,208.7859048599597,-296.6506976238049
2422877.054622,208.7859048599597,-296.6506976238049
2422881.955282,208.7859048599597,-296.6506976238049
2422889.014385,211.1783119141956,-308.2067212852215
2422896.68278,247.4675819189324,-356.2899461357173
2422902.989939,272.7131277221813,-377.7183274398711
2422909.985866,291.7706546900505,-390.2777648066096
2422917.015646,310.5184337434875,-405.22962273289033
2422923.620728,310.5184337434875,-405.22962273289033
2422930.595602,310.5184337434875,-405.22962273289033
2422937.628403,310.5184337434875,-405.22962273289033
2422944.631005,310.5184337434875,-405.22962273289033
2422951.621218,310.5184337434875,-405.22962273289033
2422958.621368,310.5184337434875,-405.22962273289033
2422965.855285,319.84792369649693,-410.2669837090462
2422972.619849,342.05694169156124,-420.5513744725424
2422979.933016,382.26675600623633,-451.49270757499687
2422986.593317,392.0211941796457,-463.02228669017256
2422995.115952,392.0211941796457,-463.02228669017256
2423003.513413,392.0211941796457,-463.02228669017256
2423007.585401,420.1637864201903,-460.64639994301046
2423014.593118,457.47379599804646,-422.8203476487518
2423021.653802,525.8201179173171,-348.17730060105373
2425369.535826,5.892315931727171,48.2031999210335
2425374.805199,6.689507496174463,-8.189585792726302
2425381.818752,8.150322412636976,-42.12492040244432
2425389.186363,10.428413717979517,-114.06370622427848
2425397.153318,16.943553651503887,-161.98469187744453
2425403.199619,22.03579645922348,-185.58960352747192
2425409.898587,61.46295139477739,-217.90383394419865
2425416.846763,67.80635435912339,-245.58543365512688
2425423.848123,72.67308111839472,-287.0486042653458
2425430.968424,80.29264332666551,-334.4546604144422
2425437.888494,79.18113195354405,-349.1019787379756
2425445.205156,74.11166884225418,-367.6642503506896
2425452.188166,74.11166884225418,-367.6642503506896
2425460.277123,64.56188505333951,-373.1295158973179
2425465.827859,23.324278881323945,-387.54659352255646
2425472.831605,-48.99736713717672,-395.8503202409397
2425480.240805,-68.16626946255597,-403.03026262276205
2425487.186461,-72.00445415881173,-407.7837862044223
2425495.97244,-113.59059146825764,-437.9070533711
2425500.850282,-144.35611069497168,-437.70863246773
2425507.838811,-188.8854780727104,-442.9222270464406
2425514.83049,-239.94815780337163,-463.50623306946267
2425522.247398,-268.4688540381305,-473.1355162908615
2425528.800988,-318.5280925125488,-483.59002080566097
2425535.923078,-348.82165836811123,-487.1022525645787
2425542.825237,-356.9537879449257,-479.72709636195
2425549.83154,-356.9537879449257,-479.72709636195
2425557.19002,-356.9537879449257,-479.72709636195
2425564.234254,-356.9537879449257,-479.72709636195
2425572.976,-363.3207945178569,-451.4061276749832
2425578.192744,-411.0633333445927,-459.069504472796
2425584.894273,-426.62009669373504,-470.1752882509141
2425591.844865,-425.15068493295314,-482.5463779304076
2425598.894386,-416.8719986454168,-508.9509590623833
2425605.8445,-394.8507594753932,-524.4742102857599
2425612.996762,-355.46143755421593,-510.3639336179132
2425619.89411,-340.056277883856,-498.09989543898615
2425626.894504,-321.1925440070359,-487.2657954736353
2425633.985107,-297.0413242105843,-477.5114374501519
2425641.218916,-272.2697186918365,-467.8077013500451
2425647.997526,-272.2697186918365,-467.8077013500451
2425654.827654,-261.0791943892564,-459.8401479539384
2425661.828534,-259.7404628674659,-458.8838804101787
2425668.828583,-259.7404628674659,-458.8838804101787
2425676.233517,-259.7404628674659,-458.8838804101787
2425683.202292,-199.6410415209461,-453.1043804703489
2425691.575431,-132.67923716074094,-426.50791139700766
2425697.217908,-73.44616667537714,-405.54523419587207
2425703.823756,-54.753915552622885,-400.8901245393675
2425711.342857,-54.753915552622885,-400.8901245393675
2425717.808053,-54.753915552622885,-400.8901245393675
2425724.899052,-40.07225033786195,-384.9290732692429
2425732.24689,-24.498812507524036,-379.0927439304676
2425738.810803,-21.41671401579721,-358.4866473579689
2425745.830354,-33.39610864883428,-332.16700935358426
2425752.834113,-52.85350210573754,-325.1169626915447
2425759.848479,-70.64229318486287,-305.58890975288256
2425766.830173,-92.74942125940473,-283.54424602023
2425773.826377,-93.72993975376656,-282.3901464251443
2425780.833016,-93.72993975376656,-282.3901464251443
2425791.324603,-94.70976217753044,-280.0751818187386
2425794.827665,-98.9042702334103,-262.8753556788915
2425801.833152,-74.02845390938818,-254.77745076193585
2425809.221889,-14.825941160906057,-242.8161734051401
2425816.294787,-0.5798996083390742,-231.4830820624053
2425823.30736,10.698949125843832,-206.00281192169408
2425829.837141,29.220906258020783,-184.35466526963103
2425836.814795,70.70688502358458,-209.62004215684996
2425843.843863,108.86882049636606,-235.30700336438417
2425850.863882,136.59735246628796,-254.2476605610448
2425857.831745,163.49638422820394,-236.8274729300421
2425864.830735,176.10635192991256,-210.45272236528336
2425871.83454,197.8377283781787,-175.4759724281225
2425878.840558,202.36942830347644,-169.9274348154934
2425885.829773,200.15107764109237,-150.35433495100563
2425892.832542,227.51910046581852,-50.40257767406177
2425899.79936,302.0667564177932,-8.156823087975845
2425906.836638,366.6604437752901,14.70674688217677
2425913.807383,386.2225345920945,64.11754965993786
2425920.835353,383.6570407270416,74.482496212447
2425927.836831,383.6570407270416,74.482496212447
2427514.863561,13.834979946346206,55.03620165815111
2427516.899582,8.366421692563968,0.4357962522635355
2427523.889782,9.50424589436164,-37.16636256203738
2427530.850243,8.527515970504833,-111.60232009513037
2427540.23418,17.606384112364896,-155.67122536716516
2427545.869003,21.50980812125897,-179.02438423165978
2427553.030404,58.35164786148515,-207.71318016572124
2427559.364259,61.84968919121033,-221.3093238877985
2427565.832084,68.47418412971057,-247.21634900664827
2427572.83854,79.28154688221437,-300.52032454034367
2427579.838064,89.14264861877683,-331.9217831492261
2427586.838469,82.45338225662114,-351.1406440957291
2427593.838109,19.484952213222105,-376.7942377561096
2427600.839333,-23.61681144960309,-369.1918706643027
2427607.805329,-47.68100761912306,-337.99840496476
2427617.896225,-81.54471130759082,-296.3433383351345
2427622.265524,-95.20716323531865,-281.99581761342193
2427628.806861,-95.20716323531865,-281.99581761342193
2427637.304707,-95.20716323531865,-281.99581761342193
2427642.838435,-108.72620210334637,-269.02693016743285
2427651.227172,-128.13548273782757,-234.3009888029476
2427657.248076,-167.18853636473358,-177.04163968965173
2427664.231033,-190.05743231578677,-156.9160204382914
2427671.239013,-213.85830665670355,-142.70647127774114
2427677.830214,-218.8752993928896,-142.3961653451792
2427684.807597,-218.8752993928896,-142.3961653451792
2427691.847684,-218.8752993928896,-142.3961653451792
2427698.838224,-226.9756656963669,-148.97582530621605
2427705.830232,-235.14361063977444,-160.3482546233656
2427712.84066,-227.12720147265892,-177.1433129572028
2427719.89159,-208.7839814555581,-210.52658402003863
2427726.831315,-193.7947710670601,-240.23485747348204
2427733.833681,-188.61468597354613,-276.6192550808532
2427740.843812,-170.87697727730824,-284.0046391756649
2427747.804454,-155.1096052143352,-279.85313013412053
2427754.838466,-129.77448860257752,-271.5851156050741
2427761.805798,-129.77448860257752,-271.5851156050741
2427768.839665,-129.77448860257752,-271.5851156050741
2427776.045424,-129.77448860257752,-271.5851156050741
2427782.839303,-76.22183682311774,-268.6883543226379
2427789.833972,-40.59287356630168,-262.0503896492114
2427797.336766,-10.90607148173529,-253.72522345578903
2427803.838706,13.98972738720872,-219.88118781708215
2427810.846764,21.109866604006196,-195.13664180992149
2427817.842727,23.576361611738573,-178.01418176621175
2427824.842172,67.82726018549167,-205.60602622810777
2427832.277848,94.23717152832845,-228.03760921534644
2427838.808568,110.00236793538797,-240.80353402234545
2427848.724246,138.6450139910376,-271.2756269772117
2427853.176529,143.3665805690161,-275.6313876215853
2427861.300158,143.3665805690161,-275.6313876215853
2427867.184312,143.3665805690161,-275.6313876215853
2427873.830228,143.3665805690161,-275.6313876215853
2427881.189448,143.3665805690161,-275.6313876215853
2427887.833144,143.3665805690161,-275.6313876215853
2427894.917555,143.3665805690161,-275.6313876215853
2427902.357294,145.00022634397715,-273.4547780099086
2427909.15253,146.86355797051618,-270.52905401967
2427916.401793,147.2283211418952,-271.28426511217134
2427922.84229,153.6782827968504,-276.43970190668927
2427929.838634,187.2912860205096,-301.6184505510174
2427936.916838,234.4002045432511,-339.87213358754923
2427943.829994,286.4160103353973,-381.4485513289063
2427951.622667,352.7885149593897,-431.7790756659378
2427957.841566,388.3280140183399,-457.0504675850366
2427964.836212,401.5277819534725,-462.82707343622064
2427971.849364,401.5277819534725,-462.82707343622064
2427978.846653,401.5277819534725,-462.82707343622064
2427986.204532,401.5277819534725,-462.82707343622064
2427992.855943,425.955928637585,-479.3414471783556
2427999.895029,457.9698840116559,-505.2573620845116
2428006.807918,499.3932030236294,-532.9022252658125
2428014.332401,550.3360790766211,-573.174872171927
