time,x,y
0.0,0.0,0.0
15.446773,-33.04944704768504,115.1689984055427
29.940454,-65.51332293019377,218.9371571046119
48.411179,-46.221634135040105,273.5556161733236
49.292672,5.172736247718633,291.0334311322728
49.293348,5.172736247718633,291.0334311322728
50.840203,5.172736247718633,291.0334311322728
65.891477,141.56710254396364,339.5240637140659
83.421429,295.9981379300627,391.8015350413017
97.427385,349.8136395973128,407.5414587440772
111.502154,349.8136395973128,407.5414587440772
126.016976,473.675701218404,450.73341164871
141.170205,560.9723782097162,479.0484346297255
156.206029,560.9723782097162,479.0484346297255
172.878645,560.9723782097162,479.0484346297255
186.245831,622.0100802489833,496.1794921544197
200.894178,614.3295788841233,595.9497617447769
216.737262,603.9752950251806,759.6653385576387
231.793933,767.5467031451522,842.7320231988506
351.30219,818.7287268509417,742.9423297337888
3650.905758,916.7665626684504,101.78801429121052
3665.882915,757.1417485075867,-8.214992422317108
3680.903914,679.7190764014073,74.03163225943757
3695.816122,679.7190764014073,74.03163225943757
3726.705192,171.90547319990162,364.8324896835072
3726.705894,171.90547319990162,364.8324896835072
3727.969042,171.90547319990162,364.8324896835072
3727.969743,171.90547319990162,364.8324896835072
3728.979309,171.90547319990162,364.8324896835072
3748.37958,16.184543173092575,315.33054436411976
3758.959786,-19.415362591413743,334.81956995489963
3774.001142,-92.04150059634368,321.8350050532655
3788.992574,-118.20919241482945,376.986541977281
15758.83574,-4.07874228602595,15.366340825143316
15774.32082,-57.74189791259807,231.6577043605104
15790.069984,-5.951556572873973,294.95267966198185
15804.312319,107.21627704152132,332.3743950347138
15818.85604,306.7689889554104,398.59238679012174
15833.912913,444.1182430921972,451.2829578121784
15849.330383,599.4569566749559,499.76971767471593
15863.84006,640.588721165424,561.1769957767442
15879.284793,590.9512207862117,620.0744338415722
15893.968578,630.013947447066,757.2036652591829
15910.080325,732.4122304969715,798.7960367296115
20318.874152,907.6653040850508,113.6341108852078
20331.396687,705.7120699004217,-59.08421254791028
20903.366214,-12.741964899860225,708.8531461189606
20917.072191,13.08403473836919,707.643888310721
20931.456166,49.003484351180056,627.4932409460068
20947.252841,49.98324820152568,625.9739128289253
20961.366304,50.59440147976553,625.7660824183466
20976.728435,15.605830972162464,585.9028002686813
20991.398346,-14.012918715952598,592.3038049462178
21006.858065,-58.49109080259717,679.60621150926
24895.275795,-111.0116890181762,885.4000346115798
84677.286237,869.6810318243964,79.51736562626303
84692.328555,778.7098128216553,11.536288136254363
84709.022898,750.3303194123306,-6.101719824699377
84722.918445,676.5529117714233,74.44395286064713
84737.679292,676.5529117714233,74.44395286064713
84752.326837,431.6924667170548,358.4735290922324
84768.37578,384.142712828544,401.3319297573135
84782.319975,311.07117081631475,480.44955179781255
84797.28361,286.39059026540184,509.3481682683826
84812.307248,282.30611540887804,522.2074841765422
84828.10861,294.18462397124944,547.7271388036023
84843.75885,370.3753777105624,558.0141399665243
84857.304776,390.6497230144313,614.1135341526747
84873.842448,437.7193459597382,593.5882452291083
84887.301421,496.6635365186764,542.9233170554506
84902.3806,556.1345447375815,605.5030107796572
84917.299939,568.6713783174407,669.9777713272433
84933.537388,690.8866208115741,783.0008469397362
84950.57246,759.0984064265119,873.2755586799301
97236.446926,-133.21740633163282,383.1099623664213
97250.699962,-89.46146170263954,306.0911833121017
97265.788473,-16.821324378494467,294.1585142600959
97281.364687,68.60332314172683,323.3090414899028
97296.251911,127.19461346769594,352.3347977623731
97313.371981,206.6693914016645,390.4534760618558
97325.697756,206.6693914016645,390.4534760618558
97341.05449,237.9028961364724,385.0806226666628
97356.35603,369.2681588977929,409.31883863336975
97371.908362,369.7623766055608,408.3301610634592
97385.724218,404.8609784814199,366.597355437566
97400.737648,371.556360170003,328.19390392228746
97416.889756,334.9567216886838,291.9140656605643
97430.789365,297.37413602963875,259.80667671717026
97447.021176,261.1761832562909,236.60484623681236
97461.827705,233.61027102237028,216.7134291115516
97475.707753,205.54014821425048,205.74012168139305
97492.100026,205.54014821425048,205.74012168139305
97505.707438,205.54014821425048,205.74012168139305
97520.950386,205.54014821425048,205.74012168139305
97536.946705,205.54014821425048,205.74012168139305
97550.698543,203.57849756107325,170.4359593523694
97567.517058,201.44123791994213,101.87014661673916
97582.209457,138.06715189721967,66.96154010315979
97595.732749,82.58502593783935,46.46909721353937
97612.32573,99.30414958094308,-10.42927627039401
97626.224759,127.62138592563272,-71.6688735333028
97910.6948,750.8361058647561,-46.03216461077645
97925.726422,874.2592977558811,61.87708408163726
109232.787909,18.30348413475936,-47.251984430976215
109246.857457,15.42785275857096,-30.877646164845565
109261.853048,-25.40007140239529,119.05828050166316
109277.575199,-59.12792685872683,222.02498446655235
109291.868561,-59.12792685872683,222.02498446655235
109307.46699,-59.12792685872683,222.02498446655235
109323.599495,-59.12792685872683,222.02498446655235
109337.604201,-64.93306877257658,230.00549118975349
109351.851558,7.916342687760678,304.3666910265844
109366.934536,187.64747186610217,369.3664212308303
109381.842273,339.5263862643418,422.7533430205476
109399.632868,375.5285479630293,356.550842927347
109411.872211,365.1671652921991,322.92226373417213
109426.873291,352.9235882969622,307.41377416809445
109442.22329,352.9235882969622,307.41377416809445
109456.845042,337.80612751129985,293.18086403624005
109472.242078,299.4553731180371,266.9347430421427
109487.451461,258.3284922572164,344.8176714041671
109507.39259,315.81794120311696,405.8154652768996
109509.14277,373.32149137270426,407.48790712670507
109509.14346,373.32149137270426,407.48790712670507
109510.599128,373.32149137270426,407.48790712670507
109525.68029,374.4847672000533,406.1437587168854
109543.372726,374.4847672000533,406.1437587168854
109555.566311,391.7745036395631,387.096117537198
109572.550322,438.8812600499763,333.54478862950106
109600.660279,696.2977891466985,39.35492795062082
109601.229505,733.9808234278847,-0.0211367176640902
109601.230181,733.9808234278847,-0.0211367176640902
109602.702918,733.9808234278847,-0.0211367176640902
109618.249332,733.9808234278847,-0.0211367176640902
109632.708493,821.0112008761947,34.43517303670923
109647.960394,863.1468375826746,70.38037120035396
109662.756781,879.1957524194512,83.52017515035261
109984.577305,833.1531339181743,747.8766689384644
110000.298279,784.0861199016232,743.4103193587002
110014.550788,681.2339242529591,641.2013354162194
110029.543746,617.4683025381996,569.3852750705104
110044.648217,528.9782133470044,481.7958140877096
110059.601362,381.197401540896,422.0539035774033
110074.754559,365.16995024742914,376.8528234778021
110089.577556,374.3537006354914,359.5282768183778
110104.582596,345.41516574302733,297.6286761825316
110119.604636,285.2984120253416,241.75408233025647
110134.596249,224.61683907983968,207.3275373138708
110149.554838,205.06891565072556,198.055875560753
110165.089505,205.06891565072556,198.055875560753
110179.557326,205.06891565072556,198.055875560753
110195.773327,205.06891565072556,198.055875560753
110210.145147,205.06891565072556,198.055875560753
110224.989234,205.06891565072556,198.055875560753
110239.823274,205.06891565072556,198.055875560753
110254.55709,205.06891565072556,198.055875560753
110269.556734,205.06891565072556,198.055875560753
110285.20918,205.06891565072556,198.055875560753
110299.552346,205.06891565072556,198.055875560753
110314.883873,205.06891565072556,198.055875560753
110329.886956,205.06891565072556,198.055875560753
110344.891962,205.06891565072556,198.055875560753
110360.573189,205.06891565072556,198.055875560753
110374.581988,202.56652372094248,196.9901758103151
110389.554825,202.56652372094248,196.9901758103151
110405.876207,202.56652372094248,196.9901758103151
110420.088458,202.56652372094248,196.9901758103151
110435.072537,199.4439081129691,200.2079592411972
110449.564893,223.4025903984543,143.1803334399662
110464.580717,181.23172673516987,90.22482573842773
110480.976849,111.9240324549389,61.81767123681802
110500.258513,95.42902713602162,9.306039527280374
110509.843508,127.0851340224711,-81.71508852043489
112319.468491,41.26673992773972,-89.37267138572979
112319.469214,41.26673992773972,-89.37267138572979
112320.61426,29.018272936523218,-60.38956049756712
112340.531972,-10.461274644264549,76.591261444568
112351.986172,-61.26619704235698,232.5153169905878
112366.009216,17.860916917093128,306.1258426586386
112381.175625,132.60862271889616,348.00823441972034
112399.018945,223.95875128309905,381.72010771960623
112411.734473,340.43619539165746,407.4028603497503
112425.97974,366.6915779082368,358.0656523509187
112441.51215,354.2618730969105,319.1533868870888
112455.977295,296.73114471034853,265.23615255123224
112470.601944,248.46947139323328,229.20569844996868
112486.769737,205.4014554455749,204.28570803870943
112500.924484,205.4014554455749,204.28570803870943
112516.018211,193.73410056023965,182.8205428572897
112531.073987,208.76037749787992,121.17276975356948
112545.924874,144.8265293119697,78.5583633771007
112561.657764,120.48568490260983,130.02855994196784
112576.144638,47.16784137757985,145.5849700673229
112591.195792,44.4288651061074,147.426179227614
112607.253349,23.506234196827275,196.4780398442951
112620.951725,-57.25323782567966,209.9481852425924
112635.997173,-10.877028085600752,287.2685105012635
112651.832952,126.5797174601369,339.1967059952513
112666.000714,284.9445742275148,387.9400877778616
112680.613281,379.4146717068413,419.9856375080445
112696.094756,520.1264010069898,473.623539431655
112710.966443,560.5390991280196,481.8630809524674
112725.602981,568.9350600746877,488.6706835986009
112740.972706,640.7271221538539,518.4261789545892
112755.999487,614.5617562362474,586.399628618134
112771.738316,566.551415795302,707.5196884642087
112785.964433,699.9790604536504,789.2371181562163
179673.122714,746.3320717434551,855.4860748321921
179683.398773,767.8992010378786,792.0038051615238
179693.179209,829.7110179497867,739.4862221611083
179702.202381,894.8978086459468,709.7299537274976
197622.579685,16.525067453656806,-69.77608490693297
197633.705987,-19.60972973811909,75.05543365258333
197641.423715,-67.66424839567907,220.7616948891221
197651.432974,-10.080104260545532,298.7745632917152
197661.77101,76.58505506787603,332.9614431583536
197673.113912,221.0750357853684,378.2063266258168
197681.85977,327.8503304070569,419.0895786940219
197692.727024,351.88066250204616,428.9977419379905
197701.456712,351.88066250204616,428.9977419379905
197712.718715,351.88066250204616,428.9977419379905
197721.810331,351.88066250204616,428.9977419379905
197732.735072,356.0255000665704,447.9971467302073
197741.815534,361.6241660337493,535.1822701022535
197751.559981,383.5740081811459,621.5897093938037
197764.324599,308.0043681577999,684.9010910357562
197772.92218,226.9040839971975,746.1053477846458
197782.408001,210.02129894900315,738.5223331157059
197791.8728,238.71556964555865,688.2346153798482
197802.399513,262.3916047586957,658.0062610361379
197812.260379,279.0161735930386,627.3730958118022
197822.68921,310.57563272940314,583.573098254826
197834.960258,334.5637387015697,570.4333603727077
197842.028507,343.08842702254725,564.2678079790668
197851.776229,343.08842702254725,564.2678079790668
197862.561409,343.08842702254725,564.2678079790668
197872.253201,343.08842702254725,564.2678079790668
197881.450855,343.08842702254725,564.2678079790668
197892.748123,343.08842702254725,564.2678079790668
197901.898551,343.08842702254725,564.2678079790668
197912.762006,343.08842702254725,564.2678079790668
197923.150882,343.08842702254725,564.2678079790668
197932.468153,343.08842702254725,564.2678079790668
197942.631673,376.4320265699505,568.5846227776858
197953.068253,393.646423167682,623.4912325081715
197962.010921,421.58335030161817,612.6710030095677
197971.513032,425.6257258295452,609.2562587211479
197981.949329,425.6257258295452,609.2562587211479
197991.894961,425.6257258295452,609.2562587211479
198001.516241,425.6257258295452,609.2562587211479
198012.132865,425.6257258295452,609.2562587211479
198021.471484,425.6257258295452,609.2562587211479
198032.496983,425.6257258295452,609.2562587211479
198042.731095,425.6257258295452,609.2562587211479
198052.667437,425.6257258295452,609.2562587211479
198062.44219,425.6257258295452,609.2562587211479
198073.033386,425.6257258295452,609.2562587211479
198082.380307,431.3070826581205,600.1931380070029
198091.480158,434.5448959256779,597.2068395661651
198102.622357,434.5448959256779,597.2068395661651
198111.931702,436.4001928523297,596.1783495177248
198122.292347,444.6343223893128,590.0930406373083
198132.652522,444.6343223893128,590.0930406373083
198141.560511,444.6343223893128,590.0930406373083
198152.847156,452.97480874702313,580.2878649275065
198163.747404,452.97480874702313,580.2878649275065
198173.286862,452.97480874702313,580.2878649275065
198182.074943,452.97480874702313,580.2878649275065
198191.942045,452.97480874702313,580.2878649275065
198202.993655,458.1728548423801,575.4063447397923
198212.475596,458.1728548423801,575.4063447397923
198221.517851,468.9914335382932,576.1873469642975
198232.135505,505.7399015920805,542.6235179291078
198241.686048,543.3368026726229,511.1432371409945
198253.096518,543.3368026726229,511.1432371409945
198264.259776,543.3368026726229,511.1432371409945
198274.269777,543.3368026726229,511.1432371409945
198282.217589,543.3368026726229,511.1432371409945
198295.105702,543.3368026726229,511.1432371409945
198303.283477,543.3368026726229,511.1432371409945
198311.86476,577.1259372263733,496.78081764730655
198322.416591,645.5658217291788,536.6391453659664
198332.058798,584.8952773071372,642.2867734396583
198343.826014,596.2862316135225,743.925548895117
198351.426005,722.1270165232504,800.792223726727
264391.217841,878.8682805384404,93.15135600978977
264401.180649,847.7055856146377,61.05974267022448
264410.445781,755.39871950155,-10.32566436591684
439403.116902,778.7904950880024,795.6777596223351
440343.448689,741.0735757306635,852.218421212857
440353.731557,714.8998656437535,814.1952235603019
440366.825174,617.6973964250507,759.3817370889495
440373.210788,564.5758265420642,725.0157914194111
440383.485946,563.2726752423637,723.2503982902741
440393.525184,563.2726752423637,723.2503982902741
440403.121283,551.6001041313325,706.8077170278113
440413.541867,569.8535113998349,624.0003162197298
440424.306837,603.153246515753,571.4948156448859
440433.122233,603.153246515753,571.4948156448859
440444.226079,603.153246515753,571.4948156448859
440453.668182,603.7842077198303,568.8927316483276
440463.510506,588.1149925335784,526.6457009672404
440473.470355,584.950812740697,525.2121717152525
440483.487737,584.950812740697,525.2121717152525
440493.12651,584.950812740697,525.2121717152525
440503.5172,573.9431458866452,516.908493609697
440513.442282,598.1722401381177,469.1408145777135
440523.076271,629.4543218718484,450.5717113590521
440535.80564,669.3504770571792,422.3367072804464
440548.439368,741.811519362166,367.13655341848846
440553.73461,741.811519362166,367.13655341848846
440563.492615,743.6458580609842,368.05370027172927
440574.576354,743.6458580609842,368.05370027172927
440588.508525,757.5914111617142,365.9761200765697
440593.117787,782.3391963845191,336.4530035058519
440616.643204,646.3656693203872,190.66019301542428
440616.643941,646.3656693203872,190.66019301542428
440618.592865,626.3894991826044,168.00613530308502
440628.84385,557.2503002866695,94.13530775765166
440639.465045,464.1135872197213,6.264235346029992
440649.296236,450.535330307658,-101.9201106883528
448634.076997,849.0563912643267,75.64941225691399
448642.974001,744.1570908891875,-17.086425246265552
448653.022467,668.9518831752978,-82.76630865735748
448663.033753,668.9518831752978,-82.76630865735748
448673.021949,646.4566599319616,-106.32842755889769
461473.384492,851.8162489744072,77.03021633097393
461482.908668,760.5133934009946,-6.919683114932469
461492.538967,648.7795224701603,-106.02170204253449
461803.241413,-150.5618270425473,42.45246106348741
461812.538238,-117.28788650374646,82.74578478811124
461822.925448,-129.451636320331,117.22153671438998
461833.018215,-122.25681066671916,170.5362857947098
461843.806893,-71.8332268159369,195.9935806938344
461855.785413,-73.50926063378135,253.9096519179768
461864.954792,-17.07024765929034,303.6058197907402
461872.993174,67.96373951331185,332.9524181312464
461882.906632,119.5068224736118,348.872867517543
461893.144355,204.82208348255716,379.6135717672368
461903.05342,306.0559765778672,404.6492923499642
461912.948481,355.02284970410795,402.3585658204199
461923.121502,380.5019457479823,369.1462819833622
461932.538651,357.60111174428755,339.042510849353
461942.53646,301.98662935024487,286.4568353282247
461953.124052,270.8574943853325,262.6696255975552
461963.779006,219.2275670478596,242.70316600905312
461973.277571,192.412218310539,222.7708491191644
461982.540328,192.412218310539,222.7708491191644
461993.967202,185.9467195834851,228.04098150424065
462003.100165,201.3941974336723,315.53563334309166
462013.617763,228.99085325643452,363.87788276494337
462023.105286,255.61836581682152,402.6949664589769
462032.886867,343.0784530020948,422.3409816846212
462042.985454,340.2893990836042,457.1228705826903
462053.161179,288.5020094382292,513.3363123540377
462063.672962,212.0862424835207,598.3963606932712
462074.547257,164.16415242214026,655.2708566065286
462083.043338,142.65199688756928,656.7364472774462
462094.60603,104.26042120870268,729.68035309278
462102.919362,96.27686647458944,744.8566342150092
462114.742347,96.27686647458944,744.8566342150092
462122.868803,79.03528726588377,761.8341153482435
462135.257203,25.203622826860315,824.029583085015
462143.325239,-42.88103232221068,885.0047639018684
519371.57041,890.5848766780217,107.06393516780314
519381.519519,811.0573149690072,38.85989309840474
519391.549935,767.8190760098009,2.5139089195213864
519401.480709,767.8190760098009,2.5139089195213864
519411.55588,767.8190760098009,2.5139089195213864
519421.563516,767.8190760098009,2.5139089195213864
519431.510086,767.8190760098009,2.5139089195213864
519443.830894,718.9514192786398,-37.65299517798969
1004631.222134,919.8550258626348,126.89387735863608
1004641.141022,819.414640757707,39.77548651283768
1004651.599387,710.1952543112094,-52.85888099003545
1004661.182915,660.6079683694185,-92.3375143078404
1004671.468008,660.6079683694185,-92.3375143078404
1004681.508005,660.6079683694185,-92.3375143078404
1009482.17954,19.22028376902104,-46.52629624348185
1009492.047178,13.432909686089042,-23.41383385155516
1009501.735986,4.400173170228115,10.056770453410715
1009514.487748,1.1654952798522502,22.819271512521198
1009523.892395,-8.50215895576174,58.33537105921088
1009532.890093,-16.64509921029422,92.04603233470182
1009544.002448,-19.676942108369165,101.90278487539464
1009553.863684,-19.676942108369165,101.90278487539464
1009562.21324,-18.719624229178525,117.4149293604821
1009572.424371,-45.616122579889165,194.4498792216465
1009582.234328,-61.52206218603761,239.8584795738002
1009592.136393,-66.88087842756734,249.26814719867352
1009602.217764,-18.815698147011897,304.34473983509866
1009612.384679,27.11382206309474,308.17621671231547
1009624.711513,42.47444309178725,317.2698056079323
1009633.529886,80.99102722783219,338.1226023027155
1009642.835568,120.3916214805474,346.3693827775235
1009653.809826,165.6528911873877,365.87500758287166
1009661.778076,245.08404454688775,379.8549273193398
1009672.107742,314.9047556439088,400.98979052592574
1009682.079821,335.5282174652721,407.2253661299878
1009692.171786,335.5282174652721,407.2253661299878
1009702.147945,335.5282174652721,407.2253661299878
1009712.041891,335.5282174652721,407.2253661299878
1009723.296978,335.5282174652721,407.2253661299878
1009732.721535,349.00924559028465,415.9060754755928
1009743.508784,357.2486153946372,420.1289396801324
1009752.223006,360.9528846532464,421.8126207609664
1009762.651822,343.5969949788293,466.1305299620516
1009771.77736,306.3955832389923,493.9559745264215
1009781.861421,292.3343933721817,511.95540912180206
1009792.010773,292.3343933721817,511.95540912180206
1009801.719679,290.2678519266739,512.3263401335859
1009812.202377,249.43182581022307,562.8373645623446
1009822.309452,214.11190646491485,599.2084209590658
1009831.682708,183.79713909295785,634.4464658997281
1009842.992187,164.24686271023697,650.5334982817759
1009853.578193,164.24686271023697,650.5334982817759
1009858.325554,164.24686271023697,650.5334982817759
1009861.684028,164.24686271023697,650.5334982817759
1009872.957685,164.24686271023697,650.5334982817759
1009882.220441,164.24686271023697,650.5334982817759
1009892.124331,147.47260159750851,657.2922695335044
1009902.189655,145.60981005815248,657.6219058785341
1009911.782888,137.2802639389361,656.9663824689187
1009935.998654,137.2802639389361,656.9663824689187
1009936.009609,137.2802639389361,656.9663824689187
1009946.176085,137.2802639389361,656.9663824689187
1009952.328599,137.2802639389361,656.9663824689187
1009963.445005,137.2802639389361,656.9663824689187
1009973.526629,137.2802639389361,656.9663824689187
1009983.261752,137.2802639389361,656.9663824689187
1009992.193382,144.4974980225269,657.12482697362
1010002.225688,147.6931645813158,656.5814829177858
1010012.200046,150.24086726169546,656.7997137232436
1010022.662112,149.82521357259867,657.0286603129405
1010037.791961,149.3160027823375,654.7975269876496
1010042.239321,150.3736732045879,655.7346634941505
1010052.324464,150.60760245696977,656.4629832442388
1010063.003214,148.83892519087112,648.8442053320284
1010072.154322,150.95815801538458,646.3095529983857
1010087.940958,150.1964912413527,647.4089653931245
1010092.222492,146.84824858654966,645.7900986059283
1010104.102957,149.225149239797,646.5066550592011
1010112.173114,150.05956644635708,648.091457948687
1010121.700888,148.4618345664339,651.1047015488315
1010133.285465,147.29425082128864,647.7285182920701
1010145.939501,149.37673366371374,648.5470071814773
1010151.708318,147.23003161556176,654.0041773548799
1010162.357802,146.3385037762198,654.6121322970928
1010175.119249,142.6524415446732,648.9221653405081
1010181.688444,138.14243068925654,650.994485317243
1010192.958012,135.17329185170328,652.3619811629735
1010203.001576,140.9883483127324,649.8966134553012
1010212.262201,145.2366281017437,649.08694698021
1010222.37503,146.90816282896,650.0775339509706
1010413.507043,152.8420879757497,639.4949071801053
1010413.507697,152.8420879757497,639.4949071801053
1010420.275243,152.8420879757497,639.4949071801053
1010430.010589,152.8420879757497,639.4949071801053
1010440.348193,152.8420879757497,639.4949071801053
1010450.296289,152.8420879757497,639.4949071801053
1010459.144607,152.8420879757497,639.4949071801053
1010473.041015,152.8420879757497,639.4949071801053
1010479.47332,152.8420879757497,639.4949071801053
1010489.123025,152.8420879757497,639.4949071801053
1010499.123002,148.58730431768294,644.5053784413694
1010513.001839,149.92649380062275,645.9436790571236
1010518.662646,151.83741522595656,646.8282499056031
1010530.044565,149.1265163172524,654.7374422926073
1010539.919708,153.95081387642023,636.850119314745
1010549.10246,151.6604920907452,640.4945709270949
1010559.813554,162.49777363507926,643.4030162159421
1010570.54004,162.50926662633074,643.4033579486013
1010580.055893,162.50926662633074,643.4033579486013
1010588.952536,162.50926662633074,643.4033579486013
1010599.549402,162.50926662633074,643.4033579486013
1010609.398443,162.50926662633074,643.4033579486013
1010619.022245,162.50926662633074,643.4033579486013
1010629.294084,162.50926662633074,643.4033579486013
1010638.682589,153.6947276613437,646.6152181012765
1010648.996487,149.91364754465897,647.1101150557955
1010661.043591,148.6090000350509,647.278997907805
1010670.932834,148.6090000350509,647.278997907805
1010679.166017,148.6090000350509,647.278997907805
1010689.172348,148.6090000350509,647.278997907805
1010699.191507,148.6090000350509,647.278997907805
1010709.2643,148.6090000350509,647.278997907805
1010719.337476,148.6090000350509,647.278997907805
1010731.24473,148.6090000350509,647.278997907805
1010741.115016,148.6090000350509,647.278997907805
1010750.656153,148.73879770249366,649.9317803827724
1010758.921872,146.954314946922,650.2468159402309
1010770.148626,143.7232443268876,649.7414806794677
1010778.720918,144.96454137387428,649.9217075135396
1010789.406862,144.96454137387428,649.9217075135396
1010799.14211,144.96454137387428,649.9217075135396
1010809.118836,144.96454137387428,649.9217075135396
1010822.763721,144.96454137387428,649.9217075135396
1010829.288608,144.96454137387428,649.9217075135396
1010839.421438,144.96454137387428,649.9217075135396
1010849.311983,144.96454137387428,649.9217075135396
1010860.675887,144.96454137387428,649.9217075135396
1010869.934771,144.96454137387428,649.9217075135396
1010880.25245,144.96454137387428,649.9217075135396
1010889.894821,144.96454137387428,649.9217075135396
1010900.632536,144.96454137387428,649.9217075135396
1010909.13351,144.96454137387428,649.9217075135396
1010920.63161,144.96454137387428,649.9217075135396
1010929.129472,144.96454137387428,649.9217075135396
1010939.139067,144.96454137387428,649.9217075135396
1010949.203968,144.96454137387428,649.9217075135396
1010959.412105,144.96454137387428,649.9217075135396
1010969.866047,144.96454137387428,649.9217075135396
1010979.124453,144.96454137387428,649.9217075135396
1010990.69604,146.7045431290227,654.7602419599917
1010999.894641,153.9953643905449,664.4390186660966
1011010.476416,150.17349288640946,653.1581784083053
1011019.183555,139.95212567540844,645.1615874927119
1011029.207294,139.05667120275172,642.2046266837929
1011038.727047,139.05801436019686,642.2016287099965
1011048.670317,139.05801436019686,642.2016287099965
1011060.060638,139.05801436019686,642.2016287099965
1011069.359813,139.05801436019686,642.2016287099965
1011079.936566,139.05801436019686,642.2016287099965
1011089.225553,139.05801436019686,642.2016287099965
1011099.983253,139.05801436019686,642.2016287099965
1011110.079262,139.05801436019686,642.2016287099965
1011119.20399,139.05801436019686,642.2016287099965
1011129.565068,139.05801436019686,642.2016287099965
1011139.599436,139.05801436019686,642.2016287099965
1011149.247344,139.05801436019686,642.2016287099965
1011158.632012,139.05801436019686,642.2016287099965
1011169.296533,139.05801436019686,642.2016287099965
1011179.487253,139.05801436019686,642.2016287099965
1011190.093638,139.05801436019686,642.2016287099965
1011200.336279,139.05801436019686,642.2016287099965
1011210.101662,139.05801436019686,642.2016287099965
1011220.0484,139.05801436019686,642.2016287099965
1011229.24562,139.05801436019686,642.2016287099965
1011239.237439,139.05801436019686,642.2016287099965
1011249.14166,139.05801436019686,642.2016287099965
1011260.813083,139.05801436019686,642.2016287099965
1011269.827661,139.05801436019686,642.2016287099965
1011279.221515,139.05801436019686,642.2016287099965
1011289.502956,139.05801436019686,642.2016287099965
1011300.037806,139.05801436019686,642.2016287099965
1011310.085914,139.05801436019686,642.2016287099965
1011319.96145,139.05801436019686,642.2016287099965
1011334.235185,139.05801436019686,642.2016287099965
1011341.446905,139.05801436019686,642.2016287099965
1011350.290967,139.05801436019686,642.2016287099965
1011359.280381,139.05801436019686,642.2016287099965
1011369.234834,139.05801436019686,642.2016287099965
1011378.726084,139.05801436019686,642.2016287099965
1011389.237562,139.05801436019686,642.2016287099965
1011399.235316,139.05801436019686,642.2016287099965
1011409.554972,139.05801436019686,642.2016287099965
1011419.991552,139.05801436019686,642.2016287099965
1011429.218243,139.05801436019686,642.2016287099965
1011439.533617,139.05801436019686,642.2016287099965
1011449.237986,139.05801436019686,642.2016287099965
1011459.210706,139.05801436019686,642.2016287099965
1011469.78565,139.05801436019686,642.2016287099965
1011479.380624,139.05801436019686,642.2016287099965
1011489.484729,139.05801436019686,642.2016287099965
1011498.65071,139.05801436019686,642.2016287099965
1011509.500333,139.05801436019686,642.2016287099965
1011519.245937,139.05801436019686,642.2016287099965
1011528.71655,139.05801436019686,642.2016287099965
1011540.380499,139.05801436019686,642.2016287099965
1011549.308251,139.05801436019686,642.2016287099965
1011559.271146,139.05801436019686,642.2016287099965
1011569.248233,139.05801436019686,642.2016287099965
1011579.652501,139.05801436019686,642.2016287099965
1011589.738248,139.05801436019686,642.2016287099965
1011599.223339,139.05801436019686,642.2016287099965
1011609.359001,139.05801436019686,642.2016287099965
1011619.113981,139.05801436019686,642.2016287099965
1011629.691703,139.05801436019686,642.2016287099965
1011642.43599,139.05801436019686,642.2016287099965
1011652.157605,139.05801436019686,642.2016287099965
1011659.362531,139.05801436019686,642.2016287099965
1011670.111863,139.05801436019686,642.2016287099965
1011678.722146,139.05801436019686,642.2016287099965
1011691.072025,138.67223783952707,656.3878139730782
1011696.566642,112.7708655496738,715.3977598873058
1011700.429648,104.58044830069308,728.3790790567695
1011711.730842,82.48715532622248,753.254542232938
1011718.723774,69.81609259240008,754.0936486080409
1011728.64485,53.81025191333635,739.9517324011948
1011738.644721,18.144799336554254,712.623189407479
1011748.678237,-15.447405001981007,698.7824840553488
1011760.714678,-54.62502158051071,679.5710980621124
1011771.17788,-101.00298109598198,649.7912366069934
1011778.727884,-125.7289035449832,648.1965114568743
1025339.814378,754.0233082498022,859.8192994521236
1025346.816138,786.5664673968336,777.5619117697682
1025357.806788,850.6858870137236,732.8583159856198
1025362.293137,897.7491812616953,716.5413000552415
1025367.817849,918.8067259044356,710.140283429527
1025376.210103,918.8067259044356,710.140283429527
1025613.693989,916.1304340154596,121.24839971981858
1025620.207785,858.7572807105195,68.39499287103324
1025629.922845,800.7283974612681,28.071312440683908
1025634.596173,757.9888140411696,-1.9647830993415727
1025643.810509,681.8828841759686,72.8207723795107
1025648.597053,681.8828841759686,72.8207723795107
1025667.705636,417.6688302305108,386.81992757339736
1025667.706378,417.6688302305108,386.81992757339736
1025668.832951,406.4482481592475,404.8090261307877
1025668.833556,406.4482481592475,404.8090261307877
1025670.251221,406.4482481592475,404.8090261307877
1025678.911723,423.3153553969765,425.059553897568
1025684.677197,449.39297604542776,447.11264630055945
1025692.245606,506.5083400497645,466.95888846550406
1025700.993389,529.7912024348951,474.9799860217583
1025705.868364,549.8633621952165,486.7759880569993
1025712.754189,570.0389703256634,495.1754011361866
1025719.79817,623.7667987299155,510.2562909413073
1025726.762352,674.0927502247172,532.7222021657407
1025733.619651,735.4287338188997,560.0413246107381
1025740.850137,816.4453493299189,593.2439841524093
1025750.19675,826.0751518116332,595.7596925096159
1025754.837967,826.0751518116332,595.7596925096159
1025761.880998,826.0751518116332,595.7596925096159
1025768.997422,826.0751518116332,595.7596925096159
1025775.253063,826.0751518116332,595.7596925096159
1025783.58708,826.0751518116332,595.7596925096159
1025790.233952,826.0751518116332,595.7596925096159
1025796.249521,826.0751518116332,595.7596925096159
1025804.442036,826.0751518116332,595.7596925096159
1025811.006853,826.0751518116332,595.7596925096159
1025817.992409,826.0751518116332,595.7596925096159
1025825.532087,826.0751518116332,595.7596925096159
1025831.260564,826.0751518116332,595.7596925096159
1025838.298418,826.0751518116332,595.7596925096159
1025847.014567,826.0751518116332,595.7596925096159
1025853.005024,826.0751518116332,595.7596925096159
1025864.575723,826.0751518116332,595.7596925096159
1025866.976878,826.0751518116332,595.7596925096159
1025873.991698,826.0751518116332,595.7596925096159
1025881.520435,826.0751518116332,595.7596925096159
1025887.990383,826.0751518116332,595.7596925096159
1025894.980773,826.0751518116332,595.7596925096159
1025901.959692,826.0751518116332,595.7596925096159
1025908.97084,826.0751518116332,595.7596925096159
1025915.240654,826.0751518116332,595.7596925096159
1025924.02763,826.0751518116332,595.7596925096159
1025929.885324,826.0751518116332,595.7596925096159
1025937.664909,826.0751518116332,595.7596925096159
1025944.292368,826.0751518116332,595.7596925096159
1025951.299475,826.0751518116332,595.7596925096159
1025957.26007,826.0751518116332,595.7596925096159
1025966.656251,826.0751518116332,595.7596925096159
1025972.383947,826.0751518116332,595.7596925096159
1025980.845873,826.0751518116332,595.7596925096159
1025988.038384,826.0751518116332,595.7596925096159
1025993.274344,826.0751518116332,595.7596925096159
1025999.896984,826.0751518116332,595.7596925096159
1026013.965871,826.0751518116332,595.7596925096159
1026014.073543,826.0751518116332,595.7596925096159
1026021.06982,826.0751518116332,595.7596925096159
1026028.925705,826.0751518116332,595.7596925096159
1026034.211011,826.0751518116332,595.7596925096159
1026042.058554,830.1916014985802,595.9173129274988
1026048.94387,830.1916014985802,595.9173129274988
1026056.093318,830.1916014985802,595.9173129274988
1026062.969477,830.1916014985802,595.9173129274988
1026069.937049,830.1916014985802,595.9173129274988
1026087.014339,830.1916014985802,595.9173129274988
1026087.018208,830.1916014985802,595.9173129274988
1026096.069857,830.1916014985802,595.9173129274988
1026096.070586,830.1916014985802,595.9173129274988
1026101.152145,830.1916014985802,595.9173129274988
1026111.382562,830.2809877096918,595.4110028022783
1026117.195479,830.2809877096918,595.411002790616
1026122.210601,830.2809877096918,595.411002790616
1026130.216268,830.2809877096918,595.411002790616
1026137.405339,830.2809877096918,595.411002790616
1026144.248137,830.2809877096918,595.411002790616
1026153.013261,830.2809877096918,595.411002790616
1026157.198297,830.2809877096918,595.411002790616
1026165.63565,830.2809877096918,595.411002790616
1026171.800647,830.2809877096918,595.411002790616
1026178.932208,830.2809877096918,595.411002790616
1026186.389368,830.2809877096918,595.411002790616
1026193.29217,830.2809877096918,595.411002790616
1026199.247906,830.2809877096918,595.411002790616
1026206.258192,830.2809877096918,595.411002790616
1026214.069222,830.2809877096918,595.411002790616
1026221.264401,830.2809877096918,595.411002790616
1026227.902253,830.2809877096918,595.411002790616
1026235.097905,830.2809877096918,595.411002790616
1026241.937708,830.2809877096918,595.411002790616
1026248.87179,830.2809877096918,595.411002790616
1026260.119914,830.2809877096918,595.411002790616
1026263.034797,830.2809877096918,595.411002790616
1026269.180518,830.2809877096918,595.411002790616
1026276.162859,830.2809877096918,595.411002790616
1026284.981839,830.2809877096918,595.411002790616
1026291.608797,830.2809877096918,595.411002790616
1026298.233389,830.2809877096918,595.411002790616
1026304.911584,830.2809877096918,595.411002790616
1026312.160603,830.2809877096918,595.411002790616
1026318.754896,830.2809877096918,595.411002790616
1026325.183298,830.2809877096918,595.411002790616
1026332.811087,830.2809877096918,595.411002790616
1026339.861697,830.2809877096918,595.411002790616
1026347.025918,830.2809877096918,595.411002790616
1026359.821513,830.2809877096918,595.411002790616
1026361.381495,830.2809877096918,595.411002790616
1026367.889641,830.0992927650389,597.1610060301975
1026374.901783,830.0992927650389,597.1610060301975
1026387.244088,830.0992927650389,597.1610060301975
1026389.544377,830.0992927650389,597.1610060301975
1026396.281335,830.0992927650389,597.1610060301975
1026402.246064,830.0992927650389,597.1610060301975
1026411.322697,830.0992927650389,597.1610060301975
1026417.022993,830.0992927650389,597.1610060301975
1026426.807988,830.0992927650389,597.1610060301975
1026431.18548,830.0992927650389,597.1610060301975
1026437.891311,830.0992927650389,597.1610060301975
1026444.216512,830.0992927650389,597.1610060301975
1026452.631022,830.0992927650389,597.1610060301975
1026458.904126,830.0992927650389,597.1610060301975
1026465.946657,830.0992927650389,597.1610060301975
1026472.795876,830.0992927650389,597.1610060301975
1026479.951095,830.0992927650389,597.1610060301975
1026486.956106,830.8028727755622,596.6775002460658
1026495.569836,830.8028727755622,596.6775002460658
1026500.907461,830.8028727755622,596.6775002460658
1026508.09609,830.8028727755622,596.6775002460658
1026514.166163,830.8028727755622,596.6775002460658
1026521.165075,830.8028727755622,596.6775002460658
1026532.179098,830.8028727755622,596.6775002460658
1026537.258228,830.8028727755622,596.6775002460658
1026542.818782,830.8028727755622,596.6775002460658
1026552.738051,830.8028727755622,596.6775002460658
1026556.772278,830.8028727755622,596.6775002460658
1026565.99381,830.8028727755622,596.6775002460658
1026570.252996,830.8028727755622,596.6775002460658
1026577.201649,830.4554016288917,596.5265359161984
1026584.25277,830.4554016288917,596.5265359161984
1026591.252895,830.4554016288917,596.5265359161984
1026600.155203,830.7431009381403,595.7659881038126
1026608.586768,830.7431009381403,595.7659880935635
1026612.888149,831.5346043675348,594.5261203146264
1026621.604206,832.512581447064,593.2974808050138
1026629.311146,832.512581447064,593.2974808050138
1026634.301416,832.512581447064,593.2974808050138
1026640.15896,832.512581447064,593.2974808050138
1026647.195285,833.4367966100749,592.2988917473608
1026655.750724,833.436796942031,592.2988915130574
1026664.449184,833.436796942031,592.2988915130574
1026668.9751,833.436796942031,592.2988915130574
1026681.994843,833.436796942031,592.2988915130574
1026684.592163,833.436796942031,592.2988915130574
1026689.207156,833.436796942031,592.2988915130574
1026696.917868,833.436796942031,592.2988915130574
1026704.185389,833.436796942031,592.2988915130574
1026711.058811,833.436796942031,592.2988915130574
1026718.101775,833.436796942031,592.2988915130574
1026724.919537,833.436796942031,592.2988915130574
1026731.747157,833.436796942031,592.2988915130574
1026740.022924,833.436796942031,592.2988915130574
1026745.902921,833.436796942031,592.2988915130574
1026753.244674,833.436796942031,592.2988915130574
1026761.507281,833.436796942031,592.2988915130574
1026766.161756,833.436796942031,592.2988915130574
1026773.160698,833.436796942031,592.2988915130574
1026781.434002,833.436796942031,592.2988915130574
1026787.96579,833.436796942031,592.2988915130574
1026797.939731,833.436796942031,592.2988915130574
1026802.112055,833.436796942031,592.2988915130574
1026808.986184,833.436796942031,592.2988915130574
1026815.257184,833.436796942031,592.2988915130574
1026822.96415,833.436796942031,592.2988915130574
1026829.973841,833.436796942031,592.2988915130574
1026837.377667,833.436796942031,592.2988915130574
1026844.377428,833.436796942031,592.2988915130574
1026851.107854,833.436796942031,592.2988915130574
1026857.925712,833.436796942031,592.2988915130574
1026866.399095,833.436796942031,592.2988915130574
1026871.834495,833.436796942031,592.2988915130574
1026880.308766,833.436796942031,592.2988915130574
1026885.158559,833.436796942031,592.2988915130574
1026892.161556,833.436796942031,592.2988915130574
1026899.18981,833.436796942031,592.2988915130574
1026907.204441,833.436796942031,592.2988915130574
1026914.000182,833.436796942031,592.2988915130574
1026920.935902,833.436796942031,592.2988915130574
1026929.591341,833.436796942031,592.2988915130574
1026934.285421,831.9727106405408,592.8104025773907
1026942.060189,831.9727106240316,592.8104025773907
1026949.20457,831.9727106240316,592.8104025773907
1026956.263097,831.9727106240316,592.8104025773907
1026962.190929,831.9727106240316,592.8104025773907
1026969.940058,831.9727106240316,592.8104025773907
1026976.93757,831.9727106240316,592.8104025773907
1026985.025108,831.4581721639588,596.2118586349926
1026990.719393,851.6752755798988,606.3653118273326
1026997.227868,916.8989085109384,631.9560922164023
1027061.675934,927.8517072310764,460.66590095648144
1027070.478998,918.9645195042684,446.20702384474953
1027076.696568,889.7405449504337,422.4997588690797
1027082.875349,839.4040077266126,370.7901920312149
1027090.14806,823.4304944089268,359.37216846381267
1027096.887848,821.238282408044,358.22710227225434
1027107.147831,799.9487578679355,344.8811032048468
1027111.084389,769.3615415469721,320.912520853156
1027118.465664,717.1700478724657,264.56215766549496
1027127.351607,680.336695957241,232.5864850788684
1027131.599408,648.3099114845855,202.7324007954281
1027138.925083,593.9742765809913,137.4239903258716
1027145.55783,551.5826547672904,94.6514993884545
1027153.341021,503.8880895295933,47.94961662238293
1027161.906329,460.8254085990477,-11.592598242963538
1027167.68628,459.6265185429644,-55.05810895436343
1027178.787532,459.6682107293716,-85.50946960714286
1223717.189601,884.524513760726,424.2922212062339
1223724.101161,816.4493138775617,358.12751643463866
1223731.137175,796.6476871722937,342.809031502831
1223737.773224,796.6476871722937,342.809031502831
1223744.781127,796.6476871722937,342.809031502831
1223751.76979,796.6476871722937,342.809031502831
1223759.951836,785.2428061220292,333.5045472466016
1223766.253108,746.3740200610749,296.9723431561006
1223773.990082,680.8770626873111,230.29776128678668
1223780.203505,578.1959863518622,130.52577350728762
1223787.181098,504.91107237007793,61.8978311176069
1223794.220998,460.5670466374204,3.4106661723197007
1224969.089684,725.7844439581676,-48.432202249615614
1224975.528107,795.6801964831665,13.407184796481312
1224984.649664,865.4373736976385,76.40331535990815
1232568.036105,-138.84897527832427,371.9828265987524
1232575.029531,-134.4155375544904,372.9839852805943
1232582.006582,-116.6615953736072,384.3275767571639
1232589.128164,-105.79371828851356,365.0223377608715
1232596.439204,-94.60829761921468,299.24986652901174
1232604.282067,-87.77052341851261,277.0295259312095
1232609.923218,-57.5598483870856,278.06022338381007
1232616.995751,22.271144384248707,297.52696054988724
1232623.995159,90.63050624847476,329.78830940574886
1232630.89923,154.17239260533714,354.03618440904336
1232637.862276,222.8544890066784,381.5421040551448
1232644.949903,302.49807837944104,403.0510277802975
1232651.953668,351.5247174269258,420.0606613386784
1232658.526594,476.95059685896246,458.8862918986381
1232666.972632,518.3326144830968,472.1678860634559
1232673.097141,553.6543062546076,478.3737985919995
1232680.301879,569.8630950164791,479.9775779134574
1232687.098507,626.813926885819,504.1426866639064
1232693.881929,719.2974451673423,553.6585020474748
1232700.967236,858.1819226619295,619.0997977958584
1232708.017113,927.6369472870186,651.0975458710532
1246651.689754,885.7499769033257,732.8790983095274
1246656.451695,821.2602460233782,762.5888430700115
1246663.830508,783.3016075512788,786.0498071628175
1246670.989559,748.541138977025,860.8997913807879
1253324.887219,742.5750373063438,832.0543999553408
1253331.252597,778.7317537165737,779.392297647042
1253338.252301,922.5594354267572,692.7384260805801
1253373.48911,915.6544357754746,447.6319864593361
1253380.486027,861.3138905866185,395.45922603725137
1253387.155754,831.986832631315,366.4244268520053
1253394.191685,786.2325082843807,328.6196133541506
1253403.342387,717.4032706521269,265.5863100728202
1253408.274986,661.0791983269531,211.0102460720428
1253415.257034,608.4674020969306,155.6113695188344
1253422.612903,517.7159519874849,70.97547760805033
1253429.172164,464.9604421880546,7.255258704820713
1253436.778914,451.313945833647,-64.37860446975357
1253578.601558,690.2753288552639,-80.05167878081035
1253585.585304,767.6490551223212,-13.872289480566485
1253592.543255,846.4761960792481,55.3886241674535
1405085.751478,750.9726398241636,865.9592053669584
1405092.364827,752.4734249002461,844.0872345518759
1405099.384683,721.1360885889086,804.4786099456555
1405106.426109,596.8517787510158,750.5522140610336
1405114.179071,556.2541171242343,702.0409008941266
1405120.680882,576.6119666757994,639.619083587825
1405127.677653,601.1857217843087,590.0148697226093
1405134.275737,601.1857217843087,590.0148697226093
1405142.429357,610.5967054063291,564.9942387111339
1405148.633392,582.4721030361547,515.6970652208931
1405155.371591,581.7638932466518,514.4084097258963
1405163.696471,581.7638932466518,514.4084097258963
1405169.751326,581.7638932466518,514.4084097258963
1405176.376361,581.7638932466518,514.4084097258963
1405183.374654,581.7638932466518,514.4084097258963
1405190.944355,581.7638932466518,514.4084097258963
1405197.921017,581.7638932466518,514.4084097258963
1405204.796087,581.7638932466518,514.4084097258963
1405211.275445,581.7638932466518,514.4084097258963
1405220.564471,598.424648125133,485.76664444293823
1405225.503799,653.5927512189567,449.1825414868728
1405232.639951,746.3089911371333,366.8809320285127
1405239.786951,774.0943350305763,346.49521339262054
1405246.617178,774.0943350305763,346.49521339262054
1405253.649311,778.9808055937219,344.8803337566844
1405262.076095,785.4819768102814,341.5196862264408
1405267.288876,800.9085641163493,330.4050137519278
1407184.438749,834.0168842142197,754.0590512156199
1407191.838882,763.1809373581611,821.1218304239474
1407198.457676,762.5482065544189,869.2290145986152
1413267.53064,753.3622329319037,862.5150069405377
1413275.123018,778.0039928293461,791.9958623189743
1413281.212079,814.0938510136156,756.2899664350816
1413288.635718,917.935197357251,706.040895690858
1418801.130207,845.7270125923521,70.86157806386409
1418805.859341,766.7590305466582,-0.2318164573610951
1418813.793724,683.3827357336583,-76.433765870948
1488687.960228,885.3738961081639,725.0417685429078
1488695.008564,819.700632686327,760.2130732342657
1488702.306833,766.7703089887153,740.4088091650257
1488708.938556,784.2887406600306,693.4858263719092
1488715.91644,815.8072929383408,660.4355383222622
1488722.915892,843.805189323712,628.5218629196607
1488731.87986,876.1956141836719,624.546540520541
1488737.325241,894.6333827759661,631.7021995918016
1488744.32418,905.276411750514,633.739555025544
1488752.434442,890.8000689980221,623.88333605454
1488758.339021,889.0188175428603,621.7963305901858
1488764.901744,889.0188175428603,621.7963305901858
1488773.524006,889.0188175428603,621.7963305901858
1488779.390871,889.0188175428603,621.7963305901858
1488787.609409,889.0188175428603,621.7963305901858
1488793.593159,889.0188175428603,621.7963305901858
1488799.902239,889.0188175428603,621.7963305901858
1488808.42273,889.0188175428603,621.7963305901858
1488814.384213,889.0188175428603,621.7963305901858
1488821.559064,889.0188175428603,621.7963305901858
1488828.279956,889.0188175428603,621.7963305901858
1488835.400097,889.0188175428603,621.7963305901858
1488843.898202,921.1762864029536,641.8558591896062
1505111.058421,751.9412316135872,861.6438967328783
1505115.194855,759.4121233281203,804.0585069929526
1505116.933773,759.4121233281203,804.0585069929526
1505124.466042,861.2249265445126,721.3169754562515
1508365.293535,745.2647896084994,853.7490029559881
1508372.897807,747.3175401326299,836.0147577283288
1508379.262964,747.3175401326299,836.0147577283288
1508387.563196,747.3175401326299,836.0147577283288
1508393.343521,747.3175401326299,836.0147577283288
1508393.800755,750.2000207684811,822.638965991291
1508401.386494,784.5626409097761,779.3807567457002
1508407.28859,858.569857493218,727.9593560540413
1512467.44097,741.9635098233174,879.1951787642452
1512473.747992,733.5604266330247,811.9825253029406
1512474.473924,733.5604266330247,811.9825253029406
1512480.933212,676.0518448918004,775.0925238669037
1512487.919835,619.5747520216129,750.7761713766914
1512494.971343,554.3108212501863,687.8684014359882
1512502.011427,581.8798632339759,616.1988649466526
1512509.87664,610.7266693022945,560.204780300203
1512515.930842,581.5100160032332,517.4402565307697
1512526.358756,581.5100160032332,517.4402565307697
1512529.923144,580.402327697493,503.6332784864034
1512536.929152,619.6523487565571,449.5313476498389
1512543.961041,654.2189674907358,420.4547184162072
1512550.960928,694.551516155225,389.0347287426886
1512560.401555,763.0147874566735,337.8509992538202
1512564.963554,772.3364212580277,331.191378567267
1512571.928249,772.3364212580277,331.191378567267
1512580.536011,772.3364212580277,331.191378567267
1512587.869997,772.3364212580277,331.191378567267
1512593.320359,772.3364212580277,331.191378567267
1512600.660404,772.3364212580277,331.191378567267
1512608.270975,772.3364212580277,331.191378567267
1512614.760484,772.3364212580277,331.191378567267
1512622.808018,828.4823371853755,287.2615697513309
1512628.403245,883.3219598923372,246.4247033663497
1577223.618274,56.204923119495696,-109.32246168460856
1577230.330093,39.0641737307748,-70.76800568000019
1577238.601224,14.186083595811384,-4.852949363494615
1577243.956892,-0.7967471073739117,45.48928263543257
1577250.993112,-23.657962004705706,101.10905382571008
1577257.984369,-59.75199972368164,220.7508900774611
1577265.095313,-63.88292903429063,273.88649475419186
1577273.760543,-10.718398992929972,291.7585905949106
1577278.985935,82.09972976942312,334.30578461199826
1577286.960767,166.9454647013427,351.4199054461177
1577292.970742,253.8408066185372,379.9417739278848
1577300.484757,328.0646850608356,408.1197511574586
1577307.559607,346.0542563025192,414.1741812039553
1577317.893036,346.0542563025192,414.1741812039553
1577321.344999,346.0542563025192,414.1741812039553
1577328.888905,355.30650163363,417.629435035812
1577335.323202,341.6531037093443,452.24586357265065
1577342.316358,277.0351851793243,523.2972313120496
1577349.229149,236.34472119257725,571.5541927386948
1577355.991017,216.9171627827316,604.9253567140773
1577364.757985,148.96056417734647,695.0860755402913
1577372.811724,119.1075934910482,716.7250445743712
1577376.99339,88.51694330251297,755.9638149704816
1577385.354025,23.210066809186262,741.9167989270007
1577392.036378,-47.636539980546274,705.9556007835909
1577397.964849,-123.86170904919838,660.1893108922823
1577573.551573,-120.09201881049152,374.62385973724247
1577580.766808,-102.04311088264532,348.0866975118073
1577589.463917,-78.50718565412019,292.56089375957606
1577593.996101,-1.3367262390799142,298.5166686887921
1577601.378323,65.4856226275268,320.4798224489124
1577607.998539,112.0669017895081,334.4572008175064
1577615.032897,172.24498840702896,319.95028487467334
1577622.051583,256.9724927924458,371.9979000309129
1577629.624757,321.1761198621402,399.64471711498135
1577636.639551,350.9053071349003,410.5813869623221
1577643.542463,350.9053071349003,410.5813869623221
1577650.536767,350.9053071349003,410.5813869623221
1577657.491825,350.9053071349003,410.5813869623221
1577664.399593,350.9053071349003,410.5813869623221
1577671.334256,350.9053071349003,410.5813869623221
1577678.042283,345.1041437529098,455.4102503973277
1577685.3535,298.75703265900296,500.3157636214452
1577693.359149,253.13155744203704,550.0011518417144
1577699.480678,253.13155744203704,550.0011518417144
1577706.147349,170.98880309181845,676.0216235583273
1577706.418836,170.98880309181845,676.0216235583273
1577713.919738,159.5351460851096,664.474742784865
1577719.992718,159.5351460851096,664.474742784865
1577729.526361,159.5351460851096,664.474742784865
1577736.313698,159.5351460851096,664.474742784865
1577741.759483,159.5351460851096,664.474742784865
1577748.743406,159.5351460851096,664.474742784865
1577755.69148,159.5351460851096,664.474742784865
1577762.718621,159.5351460851096,664.474742784865
1577769.86075,159.5351460851096,664.474742784865
1577776.435322,159.5351460851096,664.474742784865
1577783.499358,144.186535912084,630.8001579711778
1577790.399465,166.30165037833748,598.7851468758295
1577791.707818,177.69112646697255,578.3175898301316
1577796.959133,184.41607702029435,553.2830628232363
1577804.372276,227.13506909411532,535.1607725624124
1577811.745584,252.7953380750192,539.6713756407498
1577818.591096,255.91867937391032,540.7850346818875
1577825.358939,326.2833057196725,550.7236803844344
1577832.311865,359.92872309974524,556.4458489235186
1577838.962766,381.1858994798173,590.4761033375577
1577850.703801,401.341943501269,624.6750279415269
1577852.960303,444.4710767704993,590.938765619499
1577859.957904,492.8146814763028,560.7223937908809
1577868.713039,533.2865010368137,583.7365685032083
1577874.455091,557.4644516436184,609.0432082818371
1577882.614475,570.3779398369667,623.8374863456803
1577888.66358,565.8202528343104,675.5934685004255
1577895.062131,599.2597280888593,747.1077252650002
1577902.548838,679.9578906172557,780.1045090911391
1577909.30296,750.8810929203944,814.8435850664737
1577915.954533,764.3642972653524,864.3809759533274
1581966.588395,874.2802906435926,99.07561577488752
1581972.422292,805.2784108487164,33.20109520248261
1581979.419838,733.0667595005764,-32.434589319601734
1582709.048626,749.8787471265188,844.3898007000828
1582714.458792,727.2348623283659,815.6554684058478
1582722.806631,692.1598724544016,800.4344933130362
1582728.773377,692.1598724544016,800.4344933130362
1582735.787166,692.1598724544016,800.4344933130362
1582743.892064,692.1598724544016,800.4344933130362
1582749.789679,692.1598724544016,800.4344933130362
1582758.270161,692.1598724544016,800.4344933130362
1582765.349412,692.1598724544016,800.4344933130362
1582770.446664,692.1598724544016,800.4344933130362
1582779.316156,692.1598724544016,800.4344933130362
1582784.464881,739.8989075948577,816.6736999148565
1587005.589745,736.2061071836976,868.8936388009216
1587012.519258,745.9135403677737,834.7414275905928
1587021.217084,745.9135403677737,834.7414275905928
1587026.448693,745.9135403677737,834.7414275905928
1587033.441216,745.9135403677737,834.7414275905928
1587043.037265,745.9135403677737,834.7414275905928
1587047.463182,650.0104141651108,778.1057084349641
1587054.506892,569.2499439059335,737.5078805386069
1587061.424026,567.9725909278364,654.3955643328179
1587070.03022,609.7731532196872,553.6264817565291
1587075.447792,591.913619547842,524.9860028699504
1587084.098542,587.6458802510689,521.5822580554754
1587089.422439,587.6123719468824,476.6325756856661
1587098.318813,564.8701976753983,461.7984726534099
1587103.424211,529.7427597662605,449.2590469570814
1587112.114998,494.3099351214339,436.8678703928436
1587117.44808,493.9533394039252,429.75302753197366
1587125.311611,493.9533394039252,429.75302753197366
1587131.423122,493.9533394039252,429.75302753197366
1587138.457263,492.760965689096,418.4135060123863
1587145.423259,492.760965689096,418.4135060123863
1587154.423046,496.60307507881305,395.4628973471191
1587159.451112,493.7432977544761,378.77020474401473
1587166.412178,475.4964403968846,374.3610843711447
1587175.320929,426.6207599122772,357.1156669447972
1587180.471693,436.1755035399824,330.0090287524754
1587189.242255,436.1755035399824,330.0090287524754
1587194.457324,436.1755035399824,330.0090287524754
1587201.912786,436.1755035399824,330.0090287524754
1587208.438554,738.8995216069652,-3.929446479353585
1587215.450988,740.2201490232349,-5.123437622808299
1587222.775006,740.2201490232349,-5.123437622808299
1587231.155184,740.2201490232349,-5.123437622808299
1587236.457939,743.2838603629834,-14.26584706863298
1587243.457996,782.9901233539539,-6.737874555137552
1587250.447097,862.1432853108923,68.12209817598281
1587257.691809,889.6509620727533,47.57929459729934
1587264.426035,923.4727523110818,29.988703163511666
1589885.423267,8.045022924223938,-9.771626498673427
1589892.423641,-10.231396348338777,62.70369735081936
1589899.391517,-26.222393005114483,143.96280472890624
1589906.523346,-63.66110170061412,252.35516183159316
1589913.994338,-57.205826569212704,279.085764750534
1589920.425851,-7.270023281634218,302.7633840473804
1589927.422578,95.05941554796236,340.64454821869776
1589934.389555,163.38669421592525,363.8815941473289
1589942.928828,238.51836207853276,387.5508653241258
1589948.426747,363.3463648727135,430.0251341303942
1589956.051714,449.60612456926674,457.01975757866336
1589964.679452,525.8307528533209,483.4713304729428
1589969.921339,556.5197059076328,494.0312883384847
1589976.91359,556.5197059076328,494.0312883384847
1589985.409623,583.4167019774608,500.21259942876594
1589990.8431,641.8157124575278,546.8719580355031
1589997.413126,609.1065895702527,604.6464531704764
1590006.370831,570.3957606682784,668.2109642346495
1590011.897943,623.8971849527417,774.4569782824892
1590018.389889,704.7809180357663,799.3047316417365
1590025.829871,736.8690167776559,809.0411820185016
1590032.887532,736.8690167776559,809.0411820185016
1590039.859249,736.8690167776559,809.0411820185016
1590046.887295,736.8690167776559,809.0411820185016
1590053.420195,754.5391500777018,816.5205834566772
1590060.92354,762.6499714281758,842.2448710284084
1661154.680822,833.587405551279,-98.82725436639612
1661162.232876,786.931506255837,-49.95073300242118
1661169.01052,784.3687630065062,-46.51113700700653
1661176.017764,784.3687630065062,-46.51113700700653
1661183.057371,784.3687630065062,-46.51113700700653
1661189.658738,784.3687630065062,-46.51113700700653
1661197.044261,784.3687630065062,-46.51113700700653
1661204.08158,784.3687630065062,-46.51113700700653
1661211.118682,782.0320375140642,-40.555417627689046
1661217.689112,775.4097863834027,-31.34755904073625
1661225.42441,760.8573508393866,-18.141171560499533
1661232.014966,788.5193218930748,6.912357869446657
1661238.65571,826.6470836808778,35.7142568320491
1661245.794799,902.3518953778414,99.34349487816144
1748676.155067,306.17364990464944,456.93692164880434
1748684.49287,278.87488231216696,513.2427784838654
1748690.115194,255.5898240471765,552.4458067523922
1748697.146806,245.73152616893933,567.6299112350905
1748705.305867,241.41219002647887,579.9484410851642
1748711.646073,220.90759599205123,600.6500500733304
1748718.600157,188.7916041018528,638.3096962687421
1748725.11692,164.79489590776646,662.8015810361304
1748732.825964,128.66157206521774,689.7022528177096
1748739.78889,116.34734819381444,709.3709855160931
1748749.601562,90.64961962691308,739.9754078704763
1748753.151059,56.17434098053613,782.5092779141504
1748760.121994,21.848511233350536,823.4962587544562
1748767.138795,4.080887759976262,843.5325703854334
1748774.11457,1.8191024910422544,844.3549507820607
1748783.727614,1.8191024910422544,844.3549507820607
1748788.149548,1.8191024910422544,844.3549507820607
1748796.637565,1.7219368996272753,841.5165957924681
1748802.647292,1.7219368996272753,841.5165957924681
1748811.180433,1.7219368996272753,841.5165957924681
1748816.200133,1.7219368996272753,841.5165957924681
1748825.18177,1.7219368996272753,841.5165957924681
1748830.652426,1.7219368996272753,841.5165957924681
1748837.572363,1.1941503525140484,840.951642390974
1748845.976898,0.7235014900997309,844.1538082137948
1748851.508544,0.7235011830550845,844.153808525139
1748858.602607,0.7235011830550845,844.153808525139
1748867.043829,0.7332378843843437,844.6507426828214
1748872.528286,0.6174105838386346,844.8998069038078
1748879.628476,-8.143112225627933,858.6465822288742
1767546.676599,891.6066077969447,98.79734506988136
1767553.284168,799.446998382196,24.9344213854797
1767562.073737,778.9992963358557,10.076467464577211
1767567.631262,778.9992963358557,10.076467464577211
1767574.317046,778.9992963358557,10.076467464577211
1767581.319327,755.7014919205801,-11.672067673480528
1767589.437586,709.4654088169189,-57.2071702871656
1866685.944335,-146.8918194941143,645.572914063372
1866691.949225,-95.83642287337268,680.1835781902865
1866701.317718,-67.38403103476256,707.6423299234528
1866705.007532,-83.31716471381567,740.5616667530104
1866712.009215,-97.44089349374391,763.374666501943
1866721.624253,-107.45620320338617,794.7447247006647
1866726.686995,-107.45620320338617,794.7447247006647
1866733.401331,-98.666157499224,793.7531363937128
1866742.194471,-98.666157499224,793.7531363937128
1866747.585216,-98.666157499224,793.7531363937128
1866755.346625,-90.48579557615174,785.9973384047742
1866761.606664,-90.48579557615174,785.9973384047742
1866770.686243,-90.48579557615174,785.9973384047742
1866775.125215,-90.48579557615174,785.9973384047742
1866784.638534,-90.48579557615174,785.9973384047742
1866789.570474,-90.48579557615174,785.9973384047742
1866798.298554,-90.48579557615174,785.9973384047742
1866803.582514,-90.48579557615174,785.9973384047742
1866810.593299,-94.84405854224094,771.3530869255933
1866819.283691,-94.84405854224094,771.3530869255933
1866824.739812,-94.84405854224094,771.3530869255933
1866831.630502,-94.84405854224094,771.3530869255933
1866840.830813,-94.84405854224094,771.3530869255933
1866844.996706,-94.84405854224094,771.3530869255933
1866854.291833,-94.84405854224094,771.3530869255933
1866859.569153,-94.84405854224094,771.3530869255933
1866866.55439,-94.84405854224094,771.3530869255933
1866873.02082,-103.43187592452476,763.1904962659294
1866881.057183,-103.43187592452476,763.1904962659294
1866886.970216,-103.43187592452476,763.1904962659294
1866894.59574,-103.43187592452476,763.1904962659294
1866902.422904,-103.43187592452476,763.1904962659294
1866909.58826,-103.43187592452476,763.1904962659294
1866915.695929,-103.43187592452476,763.1904962659294
1866922.686475,-103.43187592452476,763.1904962659294
1866929.003118,-103.43187592452476,763.1904962659294
1866936.708016,-103.43187592452476,763.1904962659294
1866946.321153,-103.43187592452476,763.1904962659294
1866951.774702,-103.43187592452476,763.1904962659294
1866957.898581,-103.43187592452476,763.1904962659294
1866964.912176,-103.43187592452476,763.1904962659294
1866971.49058,-94.64180024745156,768.6018533479684
1866979.10233,-94.64180024745156,768.6018533479684
1866985.411871,-94.64180024745156,768.6018533479684
1866992.445546,-101.95181980280778,797.7792557853019
1866999.495734,-120.75189485358828,800.4873587647528
1867028.582174,-148.6797692393716,717.3143767387048
1867034.448654,-130.96168415004826,667.2684189082939
1867041.962796,-123.48956291106776,654.3275092081166
1867052.965444,-121.15567253307094,650.010968607296
1867147.312445,-140.60266483941524,462.65579681888727
1867148.882092,-135.1250856143435,434.7377414704546
1867155.946276,-131.3622499750757,424.1843174872213
1867162.973035,-125.97783055157868,412.229767485893
1867171.397387,-116.15349287786388,391.9787936978416
1867179.967337,-107.36626554583702,370.1330647906534
1867183.343699,-91.89544945509566,303.62690964618696
1867190.354273,-70.8329820247501,271.5383433308906
1867197.353837,-19.38736362952929,294.10562049328576
1867204.310603,29.45423438372796,311.61742077131123
1867211.311234,68.42816364869788,326.9232522101457
1867220.69336,103.64086523406657,344.77219706984323
1867225.358035,167.00825371831235,366.18272896082505
1867232.407405,207.94529855826067,385.8323028302539
1867240.652171,214.462486444783,388.6359866824058
1867251.727437,214.462486444783,388.6359866824058
1867254.516008,219.7936717725212,389.3535354009634
1867260.68761,249.75426739425535,394.4414937917122
1867267.812694,319.92244646790857,417.5637448134327
1867274.804445,345.8812079788045,430.141296163016
1867284.303898,345.8812079788045,430.141296163016
1867288.766078,345.8812079788045,430.141296163016
1867295.877223,345.8812079788045,430.141296163016
1867304.17665,355.25443567099427,432.17966555524254
1867309.929677,461.4878942319607,463.8057715765739
1867316.35494,536.790727858156,492.5427098150637
1867325.228679,590.0401589020821,504.9735967280062
1867331.01797,676.9385252245831,535.4498727767078
1867339.545869,741.4611461231315,563.8020188109693
1867344.422674,785.8238375097404,585.4851749188471
1867351.806154,845.539262568246,617.8592429278044
1867358.403056,888.4624330735353,640.0575753734852
1878259.84635,915.9665002550188,564.6117799995952
1878267.497824,895.5061231208527,588.5719592911926
1878275.032376,895.5061231208527,588.5719592911926
1878287.335997,873.4312323725251,621.0510544586322
1878287.572095,886.9348191524905,642.3842861952364
1878336.926917,921.7555181424073,706.0920508554656
1878344.077435,888.0844739972475,721.8560875235127
1878350.617964,874.3232665558945,732.253692399602
1878358.760291,867.3064722952007,736.907254766333
1878364.575551,816.8094312113484,768.3410696290429
1878373.702917,776.5304905670016,806.198588933635
1878379.131849,760.5989398689221,855.5224367005156
1878554.169664,749.6223002985327,853.6238112782574
1878560.546392,748.8794371831414,838.9021797915601
1878567.534334,748.8794371831414,838.9021797915601
1878574.553903,748.8794371831414,838.9021797915601
1878581.615984,737.5063642488878,816.3777232264075
1878589.714394,675.9917413352779,789.7380600509304
1878595.53423,586.9383593835303,751.9669108574574
1878602.930522,551.3533404064189,701.6718995388393
1878609.765601,573.6933060571461,626.1101750175451
1878616.627004,608.8409328498392,571.606053419785
1878624.073949,600.9005310183823,536.5532594814161
1878631.470812,573.7169279279149,511.4273468049003
1878637.632622,556.7833246072342,506.9760258165167
1878644.63182,514.9316665190672,487.8290925513409
1878655.314831,479.58268981447935,463.81515848737706
1878660.21617,441.0974447041143,437.7727663921742
1878665.635514,433.5890211639881,429.7207953124527
1878673.18736,433.5890211639881,429.7207953124527
1878679.991,433.5890211639881,429.7207953124527
1878687.00951,417.3312222403888,434.1668599404036
1878693.942067,393.0503119479258,426.5934423617864
1878701.530976,358.1105970046186,431.3199205617713
1878707.902885,323.8909252557069,464.15610531191214
1878714.552093,286.9638954237038,517.9635995284135
1878722.226157,233.71826034129649,586.5628183325202
1878729.15543,214.37044815669768,621.793631932045
1878736.495173,189.09756723210663,647.2787255162108
1878741.545376,179.27684618099303,653.1189376803683
1878742.548287,179.27684618099303,653.1189376803683
1878751.713537,179.27684618099303,653.1189376803683
1878756.633053,179.27684618099303,653.1189376803683
1878763.577429,179.27684618099303,653.1189376803683
1878770.53577,179.27684618099303,653.1189376803683
1878779.211684,179.27684618099303,653.1189376803683
1878785.297401,179.27684618099303,653.1189376803683
1878793.056598,179.27684618099303,653.1189376803683
1878799.083094,179.27684618099303,653.1189376803683
1878810.054554,179.27684618099303,653.1189376803683
1878814.212204,179.27684618099303,653.1189376803683
1878821.383752,179.27684618099303,653.1189376803683
1878827.640338,179.27684618099303,653.1189376803683
1878834.293788,179.27684618099303,653.1189376803683
1878840.536042,179.27684618099303,653.1189376803683
1878848.237007,179.27684618099303,653.1189376803683
1878855.263471,179.27684618099303,653.1189376803683
1878862.546071,179.27684618099303,653.1189376803683
1878869.275614,179.27684618099303,653.1189376803683
1878876.416839,179.27684618099303,653.1189376803683
1878882.541804,179.27684618099303,653.1189376803683
1878891.763524,179.27684618099303,653.1189376803683
1878900.80218,179.27684618099303,653.1189376803683
1878904.256713,179.27684618099303,653.1189376803683
1878910.53689,179.27684618099303,653.1189376803683
1878917.56716,179.27684618099303,653.1189376803683
1878926.395598,179.27684618099303,653.1189376803683
1878932.709729,179.27684618099303,653.1189376803683
1878939.212579,179.27684618099303,653.1189376803683
1878946.24509,179.27684618099303,653.1189376803683
1878953.241287,179.27684618099303,653.1189376803683
1878964.017341,179.27684618099303,653.1189376803683
1878967.132831,179.27684618099303,653.1189376803683
1878974.190051,179.27684618099303,653.1189376803683
1878981.330289,179.27684618099303,653.1189376803683
1878988.220843,179.27684618099303,653.1189376803683
1878996.596431,179.27684618099303,653.1189376803683
1879002.245986,179.27684618099303,653.1189376803683
1879008.596137,179.27684618099303,653.1189376803683
1879015.635437,158.45119028045107,652.7388020304692
1879023.229539,158.45119028045107,652.7388020304692
1879030.597913,158.42067832750658,652.7428583811043
1879036.641517,158.42067832750658,652.7428583811043
1879044.095208,158.42067832750658,652.7428583811043
1879051.053323,158.42067832750658,652.7428583811043
1879057.537071,158.42067832750658,652.7428583811043
1879066.081487,158.42067832750658,652.7428583811043
1879072.103346,158.42067832750658,652.7428583811043
1879079.07659,158.42067832750658,652.7428583811043
1879085.566673,158.42067832750658,652.7428583811043
1879098.967876,158.42067832750658,652.7428583811043
1879100.20758,158.42067832750658,652.7428583811043
1879106.923031,158.42067832750658,652.7428583811043
1879113.56707,158.42067832750658,652.7428583811043
1879122.264867,158.42067832750658,652.7428583811043
1879127.538097,158.42067832750658,652.7428583811043
1879135.111336,158.42067832750658,652.7428583811043
1879142.168835,158.42067832750658,652.7428583811043
1879149.008705,158.42067832750658,652.7428583811043
1879155.568351,158.42067832750658,652.7428583811043
1879167.197638,158.42067832750658,652.7428583811043
1879170.056786,158.42067832750658,652.7428583811043
1879177.224236,158.42067832750658,652.7428583811043
1879184.035557,158.42067832750658,652.7428583811043
1879191.089026,158.42067832750658,652.7428583811043
1879203.721174,158.42067832750658,652.7428583811043
1879204.537952,156.84981434455787,653.330741724975
1879211.545915,156.84981434455787,653.330741724975
1879220.351983,156.84981434455787,653.330741724975
1879226.096534,156.84981434455787,653.330741724975
1879237.182022,156.84981434455787,653.330741724975
1879240.092636,156.84981434455787,653.330741724975
1879247.072239,156.84981434455787,653.330741724975
1879253.576441,156.84981434455787,653.330741724975
1879261.106177,156.84981434455787,653.330741724975
1879269.362468,156.84981434455787,653.330741724975
1879275.18298,156.84981434455787,653.330741724975
1879281.631744,156.84981434455787,653.330741724975
1879289.622744,156.84981434455787,653.330741724975
1879300.001982,156.84981434455787,653.330741724975
1879303.107853,156.84981434455787,653.330741724975
1879309.721039,156.84981434455787,653.330741724975
1879317.751818,156.84981434455787,653.330741724975
1879324.166055,156.84981434455787,653.330741724975
1879333.112546,156.84981434455787,653.330741724975
1879339.1649,156.84981434455787,653.330741724975
1879345.143831,156.84981434455787,653.330741724975
1879353.700528,156.84981434455787,653.330741724975
1879359.148825,156.84981434455787,653.330741724975
1879370.575485,156.84981434455787,653.330741724975
1879373.119284,156.84981434455787,653.330741724975
1879379.552237,156.84981434455787,653.330741724975
1879387.944837,156.84981434455787,653.330741724975
1879394.103437,156.84981434455787,653.330741724975
1879404.971482,156.84981434455787,653.330741724975
1879408.60233,156.84981434455787,653.330741724975
1879419.200354,156.84981434455787,653.330741724975
1879422.119434,156.84981434455787,653.330741724975
1879433.722145,156.84981434455787,653.330741724975
1879436.123385,156.84981434455787,653.330741724975
1879443.472548,156.84981434455787,653.330741724975
1879449.58283,156.84981434455787,653.330741724975
1879456.641259,156.84981434455787,653.330741724975
1879465.714619,156.84981434455787,653.330741724975
1879471.096087,156.84981434455787,653.330741724975
1879478.518345,156.84981434455787,653.330741724975
1879485.117019,156.84981434455787,653.330741724975
1879492.099623,156.84981434455787,653.330741724975
1879498.63454,156.84981434455787,653.330741724975
1879507.649553,156.84981434455787,653.330741724975
1879514.194606,156.84981434455787,653.330741724975
1879520.996888,156.84981434455787,653.330741724975
1879526.626662,156.84981434455787,653.330741724975
1879533.627582,156.84981434455787,653.330741724975
1879544.178313,156.84981434455787,653.330741724975
1879548.395005,156.84981434455787,653.330741724975
1879554.568001,156.84981434455787,653.330741724975
1879563.808833,156.84981434455787,653.330741724975
1879569.127722,156.84981434455787,653.330741724975
1879576.221786,156.84981434455787,653.330741724975
1879583.732575,156.84981434455787,653.330741724975
1879590.078194,156.84981434455787,653.330741724975
1879598.589388,156.84981434455787,653.330741724975
1879606.06896,156.84981434455787,653.330741724975
1879611.03312,156.84981434455787,653.330741724975
1879619.87339,156.84981434455787,653.330741724975
1879624.637023,156.84981434455787,653.330741724975
1879632.172854,156.84981434455787,653.330741724975
1879643.158492,156.84981434455787,653.330741724975
1879646.865148,156.84981434455787,653.330741724975
1879652.568218,156.84981434455787,653.330741724975
1879659.540378,156.84981434455787,653.330741724975
1879668.099718,156.84981434455787,653.330741724975
1879674.208874,156.84981434455787,653.330741724975
1879681.132888,156.84981434455787,653.330741724975
1879688.047681,156.84981434455787,653.330741724975
1879694.54156,156.84981434455787,653.330741724975
1879702.079496,156.84981434455787,653.330741724975
1879713.016821,156.84981434455787,653.330741724975
1879716.504209,156.84981434455787,653.330741724975
1879723.084749,156.84981434455787,653.330741724975
1879732.243114,156.84981434455787,653.330741724975
1879737.096608,156.84981434455787,653.330741724975
1879743.54136,156.84981434455787,653.330741724975
1879751.060559,156.84981434455787,653.330741724975
1879758.09952,156.84981434455787,653.330741724975
1879765.031557,156.84981434455787,653.330741724975
1879771.58181,156.84981434455787,653.330741724975
1879779.087867,156.84981434455787,653.330741724975
1879786.058219,156.84981434455787,653.330741724975
1879793.086938,156.84981434455787,653.330741724975
1879800.11162,156.84981434455787,653.330741724975
1879807.099408,156.84981434455787,653.330741724975
1879814.14884,156.84981434455787,653.330741724975
1879820.568658,156.84981434455787,653.330741724975
1879828.592773,156.84981434455787,653.330741724975
1879835.070272,156.84981434455787,653.330741724975
1879842.090032,156.84981434455787,653.330741724975
1879849.073863,156.84981434455787,653.330741724975
1879856.050445,156.84981434455787,653.330741724975
1879863.093272,156.84981434455787,653.330741724975
1879869.639694,156.84981434455787,653.330741724975
1879877.035965,156.84981434455787,653.330741724975
1879885.376704,156.84981434455787,653.330741724975
1879890.568273,156.84981434455787,653.330741724975
1879898.587542,156.84981434455787,653.330741724975
1879905.199436,156.84981434455787,653.330741724975
1879912.251634,156.84981434455787,653.330741724975
1879919.116905,156.84981434455787,653.330741724975
1879926.088911,156.84981434455787,653.330741724975
1879933.078243,156.84981434455787,653.330741724975
1879941.405268,156.84981434455787,653.330741724975
1879948.558768,156.84981434455787,653.330741724975
1879954.092969,156.84981434455787,653.330741724975
1879961.316414,156.84981434455787,653.330741724975
1879968.104764,156.84981434455787,653.330741724975
1879979.790609,156.84981434455787,653.330741724975
1879982.148899,156.84981434455787,653.330741724975
1879988.625177,156.84981434455787,653.330741724975
1879995.626904,156.84981434455787,653.330741724975
1880004.061725,156.84981434455787,653.330741724975
1880010.367713,156.84981434455787,653.330741724975
1880016.558179,156.84981434455787,653.330741724975
1880025.171509,152.374017079228,651.4318046962029
1880031.085026,149.0571975824069,649.8528884289976
1880038.162021,147.06967711874915,649.2319057995351
1880045.202014,145.09053147809317,645.9132720964623
1880051.577856,148.99561950824798,644.5965778309879
1880058.577891,151.03809479955734,644.5989715421266
1880065.54185,151.03807941474852,644.5989683201885
1880072.543157,151.03807941474852,644.5989683201885
1880083.324805,151.03807941474852,644.5989683201885
1880086.54217,151.03807941474852,644.5989683201885
1880093.577026,151.03807941474852,644.5989683201885
1880100.542025,151.03807941474852,644.5989683201885
1880107.543871,151.03807941474852,644.5989683201885
1880116.193916,151.03807941474852,644.5989683201885
1880121.577222,151.03807941474852,644.5989683201885
1880128.54321,151.03807941474852,644.5989683201885
1880136.322215,151.03807941474852,644.5989683201885
1880142.587797,151.03807941474852,644.5989683201885
1880151.324151,151.03807941474852,644.5989683201885
1880158.299545,151.03807941474852,644.5989683201885
1880163.921458,151.03807941474852,644.5989683201885
1880171.083404,151.03807941474852,644.5989683201885
1880178.145204,151.03807941474852,644.5989683201885
1880186.844352,151.03807941474852,644.5989683201885
1880192.093004,151.03807941474852,644.5989683201885
1880199.086166,151.03807941474852,644.5989683201885
1880205.604831,151.03807941474852,644.5989683201885
1880213.267746,151.03807941474852,644.5989683201885
1880219.538247,151.03807941474852,644.5989683201885
1880226.544247,151.03807941474852,644.5989683201885
1880235.344714,151.03807941474852,644.5989683201885
1880240.625807,151.03807941474852,644.5989683201885
1880247.552153,151.03807941474852,644.5989683201885
1880255.41055,151.03807941474852,644.5989683201885
1880263.582219,151.03807941474852,644.5989683201885
1880269.123428,151.03807941474852,644.5989683201885
1880276.140858,151.03807941474852,644.5989683201885
1880286.68878,151.03807941474852,644.5989683201885
1880290.146127,151.03807941474852,644.5989683201885
1880297.124877,151.03807941474852,644.5989683201885
1880303.568417,151.03807941474852,644.5989683201885
1880310.566347,145.58835916149923,642.7618524799954
1880319.512717,145.58845333738407,642.7618528022941
1880325.017047,145.58845333738407,642.7618528022941
1880331.641087,145.58845333738407,642.7618528022941
1880339.301071,145.58845333738407,642.7618528022941
1880345.577501,145.58845333738407,642.7618528022941
1880353.524833,145.58845333738407,642.7618528022941
1880360.141393,145.58845333738407,642.7618528022941
1880367.129665,145.58845333738407,642.7618528022941
1880374.115993,145.58845333738407,642.7618528022941
1880381.214155,145.58845333738407,642.7618528022941
1880388.129102,145.58845333738407,642.7618528022941
1880395.132729,145.58845333738407,642.7618528022941
1880402.120797,145.58845333738407,642.7618528022941
1880409.143701,145.58845333738407,642.7618528022941
1880418.111417,145.58845333738407,642.7618528022941
1880423.107461,145.58845333738407,642.7618528022941
1880430.112878,145.58845333738407,642.7618528022941
1880437.120956,145.58845333738407,642.7618528022941
1880444.764579,145.58845333738407,642.7618528022941
1880451.705143,145.58845333738407,642.7618528022941
1880457.547232,145.58845333738407,642.7618528022941
1880466.420182,145.58845333738407,642.7618528022941
1880472.087479,145.58845333738407,642.7618528022941
1880483.072278,145.58845333738407,642.7618528022941
1880486.023728,145.58845333738407,642.7618528022941
1880493.821885,145.58845333738407,642.7618528022941
1880499.649298,145.58845333738407,642.7618528022941
1880506.713246,145.58845333738407,642.7618528022941
1880514.829856,145.58845333738407,642.7618528022941
1880521.095661,145.58845333738407,642.7618528022941
1880528.10202,145.58845333738407,642.7618528022941
1880535.065599,145.58845333738407,642.7618528022941
1880543.336744,145.58845333738407,642.7618528022941
1880550.228191,145.58845333738407,642.7618528022941
1880556.055519,145.58845333738407,642.7618528022941
1880563.256853,145.58845333738407,642.7618528022941
1880570.213189,145.58845333738407,642.7618528022941
1880579.702747,145.58845333738407,642.7618528022941
1880583.545787,145.58845333738407,642.7618528022941
1880593.004784,145.58845333738407,642.7618528022941
1880598.401883,145.58845333738407,642.7618528022941
1880605.25989,145.58845333738407,642.7618528022941
1880615.556578,145.58845333738407,642.7618528022941
1880619.052892,145.58845333738407,642.7618528022941
1880625.576261,145.58845333738407,642.7618528022941
1880632.545862,145.58845333738407,642.7618528022941
1880641.643587,145.58845333738407,642.7618528022941
1880647.110624,145.58845333738407,642.7618528022941
1880654.078482,145.58845333738407,642.7618528022941
1880660.78848,145.58845333738407,642.7618528022941
1880669.024792,147.24177043990582,635.4646121487649
1880675.087489,151.0005406921547,614.8028179686544
1880681.821405,156.21392851130557,574.7026100535553
1880682.498188,156.21392851130557,574.7026100535553
1880689.003598,163.3634082382733,531.7134762588369
1880695.682781,178.75677739170072,516.3817023466383
1880704.347716,255.5977168796606,535.8502177791254
1880711.110163,309.2370369472308,543.6976433919709
1880716.566641,351.63472490931457,550.1132549484103
1880729.138008,381.9099824967414,575.9437000673521
1880731.054056,389.4271377648964,613.4614357314947
1880737.589399,404.9576817238474,623.2734711247215
1880749.40838,464.9490437876381,573.5603336771586
1880754.155078,497.0627135128851,552.0111224773328
1880758.594642,520.5719881505563,530.600394760334
1880765.644793,523.2236801175573,527.972865125327
1880774.808187,523.2236801175573,527.972865125327
1880781.342577,523.2236801175573,527.972865125327
1880786.994572,523.2236801175573,527.972865125327
1880795.679292,523.2236801175573,527.972865125327
1880802.71232,532.6019115165743,513.2912690860222
1880807.591507,615.392251878764,499.9275372436946
1880816.867612,649.7017246401009,537.6509565662104
1880821.67506,644.9262351888378,554.58366220725
1880835.380414,644.9262351888378,554.58366220725
1880837.902564,644.9262351888378,554.58366220725
1880842.58899,642.1001533515547,557.5792650001173
1880849.97346,585.5280316449058,648.8492790525023
1880858.60884,570.4774364573065,708.7268501652746
1880864.29551,620.1645299906085,752.3525001426397
1880872.425912,726.1035666328683,792.1161127929765
1880877.915776,762.4469900979236,845.1934834269259
1883293.082448,919.3417817339102,128.7362911327152
1883300.033581,849.3050318429408,61.122988442601226
1883307.635593,801.7034297298178,20.619887374713706
1883317.224076,743.4900712143373,-27.31121434040277
1883321.044848,675.0419779069829,-86.97215087487756
1883328.084734,672.4337921228635,-89.30089291950063
1883342.856065,672.4337921228635,-89.30089291950063
1883343.007416,672.4337921228635,-89.30089291950063
1883356.649628,664.968605344509,-97.85091967448238
1885363.508296,-11.0493185546356,-105.2068822088398
1885370.409936,-11.0493185546356,-105.2068822088398
1885377.414946,-40.38782584636856,12.393273493115364
1885388.150323,-52.13984601866116,38.264195698867134
1885391.61301,-74.76932222926499,47.737129213898015
1885398.449876,-113.16769569044148,41.32043492922743
1885405.552725,-141.39897079980207,39.17068342902854
1885415.288136,-148.62114525384212,55.55770374735685
1885427.590051,-121.30232257779728,82.97476723559656
1885427.593816,-118.78568616775787,99.00433535363466
1885436.418959,-122.0405210966874,112.56919874875828
1885440.540532,-132.60895535084197,138.83476073929094
1885447.417522,-132.03248518124678,161.90713158028908
1885456.353639,-121.92269734070597,175.11176795035828
1885462.792259,-94.17839575737057,183.30899554551436
1885468.502133,-79.20299674966503,188.1398646057379
1885477.025998,-70.54999303549046,189.5324111210556
1885483.391322,-64.5643721897936,198.64079093591735
1885491.58545,-84.38457221066461,242.71022079561263
1885496.454517,-61.05081945712381,273.4327114588946
1885503.51325,-34.95339283679593,282.35135111666096
1885510.513717,-7.634869159138907,297.36368628432973
1885517.975152,-7.634869159138907,297.36368628432973
1885525.5775,3.4385833210894954,299.90536071438646
1885540.112089,51.14781076773588,319.1905454938051
1885541.996143,115.17731025818064,342.89314824894376
1885541.996714,115.17731025818064,342.89314824894376
1885543.580979,121.44226272663438,344.2317389475159
1885551.492716,126.58491487444026,345.23503403270263
1885563.43088,196.26834404900384,364.4690647053021
1885568.383197,213.28329872869327,369.5310392561432
1885600.378692,369.52427853791767,382.1763670623072
1885600.379312,369.52427853791767,382.1763670623072
1885601.908843,369.52427853791767,382.1763670623072
1885608.909063,379.72625364039055,353.9704580054667
1885616.788992,372.2695956352303,333.3671574906612
1885623.502049,359.66896692188226,314.605265683961
1885631.812979,349.4868926599784,314.02801202814766
1885636.908887,339.2894600883711,308.140914430069
1885645.299867,324.8451809957885,292.12122443555023
1885651.336763,310.20364755924425,280.3393672538708
1885658.236243,302.8677264545891,270.912210625327
1885668.277571,292.941676693184,265.1056595523545
1885672.005618,287.557432195963,255.21220165926675
1885681.34673,279.6609770239572,242.80229386985997
1885686.329792,273.4168978509828,236.0877295534416
1885693.002882,262.74449618405504,232.85150142973828
1885703.196788,247.981121732502,230.3427637039536
1885707.45468,237.7495753547518,224.57928485457407
1885714.397825,223.47720942833865,212.0572276344795
1885721.274463,215.33755346374443,206.13505076960317
1885728.762081,211.7054920782524,204.85431203455863
1885735.499199,211.7054920782524,204.85431203455863
1885742.853205,201.65797060373384,205.87085225863515
1885751.007232,201.65797060373384,205.87085225863515
1885758.101899,196.47532344353965,197.50466419029223
1885763.014241,196.47532344353965,197.50466419029223
1885770.225466,196.47532344353965,197.50466419029223
1885777.614151,196.47532344353965,197.50466419029223
1885784.574673,196.47532344353965,197.50466419029223
1885791.013454,196.47532344353965,197.50466419029223
1885798.012853,196.47532344353965,197.50466419029223
1885807.234138,196.47532344353965,197.50466419029223
1885812.699862,196.47532344353965,197.50466419029223
1885872.097565,196.47532344353965,197.50466419029223
1885883.255986,196.47532344353965,197.50466419029223
1885883.256584,196.47532344353965,197.50466419029223
1885885.745348,196.47532344353965,197.50466419029223
1885893.277058,196.30476941532677,197.04443646760723
1885900.183652,196.30476941532677,197.04443646760723
1885916.275885,196.30476941532677,197.04443646760723
1885916.279623,196.30476941532677,197.04443646760723
1885921.186031,196.30476941532677,197.04443646760723
1885930.032656,196.30476941532677,197.04443646760723
1885935.473549,196.30476941532677,197.04443646760723
1885946.036555,196.30476941532677,197.04443646760723
1885951.706088,196.30476941532677,197.04443646760723
1885955.617067,196.30476941532677,197.04443646760723
1885964.777012,196.30476941532677,197.04443646760723
1885970.224367,196.30476941532677,197.04443646760723
1885976.603061,196.30476941532677,197.04443646760723
1885985.74134,196.30476941532677,197.04443646760723
1885991.178026,196.30476941532677,197.04443646760723
1885998.179355,196.30476941532677,197.04443646760723
1886005.252844,196.30476941532677,197.04443646760723
1886021.165777,196.30476941532677,197.04443646760723
1886021.169528,196.30476941532677,197.04443646760723
1886026.274698,196.30476941532677,197.04443646760723
1886039.100128,196.30476941532677,197.04443646760723
1886039.637295,196.30476941532677,197.04443646760723
1886049.301114,196.30476941532677,197.04443646760723
1886054.199486,196.30476941532677,197.04443646760723
1886061.604599,196.30476941532677,197.04443646760723
1886067.689533,196.30476941532677,197.04443646760723
1886075.48478,196.30476941532677,197.04443646760723
1886087.03543,196.30476941532677,197.04443646760723
1886089.359674,196.30476941532677,197.04443646760723
1886096.2595,196.30476941532677,197.04443646760723
1886102.688104,196.30476941532677,197.04443646760723
1886110.169129,196.30476941532677,197.04443646760723
1886117.234169,196.30476941532677,197.04443646760723
1886124.139524,196.30476941532677,197.04443646760723
1886131.19454,196.30476941532677,197.04443646760723
1886138.159486,196.30476941532677,197.04443646760723
1886145.150057,196.30476941532677,197.04443646760723
1886151.640468,196.30476941532677,197.04443646760723
1886158.688783,195.91647811087375,197.59651934790895
1886167.026607,191.84369081227072,202.38085997976208
1886173.460012,191.7280477641717,202.20068324386543
1886180.48247,191.72808094017623,202.20066683874856
1886187.117126,191.72808094017623,202.20066683874856
1886194.224856,191.72808094017623,202.20066683874856
1886201.231499,191.72808094017623,202.20066683874856
1886208.173397,191.72808094017623,202.20066683874856
1886215.210064,191.72808094017623,202.20066683874856
1886221.609872,191.72808094017623,202.20066683874856
1886229.3173,191.72808094017623,202.20066683874856
1886235.982849,190.87548267070187,194.57021846121373
1886242.974068,197.3798229903512,186.460952024773
1886250.006066,205.2277966258268,174.83997348433957
1886258.130318,207.62770784050505,161.75309056744487
1886263.964765,207.6279379071569,161.74805483616962
1886271.130521,207.4654756931656,156.94602647546148
1886277.636685,209.98095657521293,136.16428061271546
1886284.677799,213.19934215596228,121.78227277586592
1886294.087086,200.0614655327791,108.560665113929
1886299.014054,163.6000415887787,88.23179258810879
1886306.260647,149.56815628143667,82.3066571478409
1886312.716886,134.4132629776267,72.59557201386627
1886322.519667,103.30282923285908,47.37095841227263
1886327.455726,86.59819069161166,44.65540204763426
1886336.235944,91.5521314895402,26.5259860794976
1886340.677265,96.6200580839756,1.2883279034517776
1886347.787089,105.7615994870605,-16.048593371337812
1886360.905204,115.24266427099847,-31.3504851593998
1886362.455358,124.73803338951934,-71.79422871332018
1953823.439034,881.0180692674978,99.5350401916718
1953831.330862,873.4293038874571,88.54495900370156
1953837.418718,873.4293038874571,88.54495900370156
1953846.787454,856.4969815142092,75.15608804059532
1953851.495519,806.479817902796,37.21652132733637
1953858.492131,759.7697764804145,-2.184325430679599
1953865.968018,709.494419673512,30.17844984473587
1953872.503029,684.4954667340887,65.05900039494693
1953880.640464,684.4954667340887,65.05900039494693
1953886.439142,684.4954667340887,65.05900039494693
1953895.141609,417.3586263565464,377.9492899377474
1953900.393155,379.97146233078826,416.6401506484443
1953908.181947,344.6394731955308,452.4368050312487
1953918.303601,299.9548663508185,507.7091201901307
1953921.872422,270.1377039507538,543.2459123700597
1953928.430745,235.99838101048783,575.7590686717868
1953935.428172,187.6779773217276,629.5128417982236
1953943.982412,159.28920980333922,658.4985444325071
1953952.883518,120.39624215592534,679.5419001669462
1953956.819148,80.54337608977083,749.7631819466134
1953964.815469,54.77498238551093,747.3042624810198
1953970.520027,23.849007810998916,723.5317874328888
1953978.173111,15.294799845791356,717.5781621636376
1953987.161999,-26.293168233734534,700.3679442519017
1953991.977203,-70.7882368024546,678.2460432006109
1953998.409873,-139.16316018023085,642.8255219811306
1967907.57138,756.6396651941734,853.3333926671976
1967914.610163,756.8711144320404,834.4763397023941
1967922.364238,756.8711144320404,834.4763397023941
1967928.677617,756.8711144320404,834.4763397023941
1967936.177631,756.8711144320404,834.4763397023941
1967942.974951,756.8711144320404,834.4763397023941
1967950.787283,756.8711144320404,834.4763397023941
1967957.473145,748.029039048559,828.6473079132162
1967964.066269,710.5148669758219,803.9003551689357
1967970.594869,628.804510449215,762.9154368241881
1967978.584684,554.5709967838535,698.5070039914585
1967985.413589,566.5307488097367,643.4047391664434
1967991.664795,596.9170294184166,594.8998893047515
1968000.323412,605.1528052911698,583.2040304580531
1968006.200969,605.1528052911698,583.2040304580531
1968012.941704,611.0310188209925,579.7158121832101
1968020.569512,613.4529419112238,576.1810471827459
1968027.155951,613.4529419112238,576.1810471827459
1968033.565947,613.4529419112238,576.1810471827459
1968041.79235,614.7762324329827,569.9073704450997
1968048.079039,614.7762324329827,569.9073704450997
1968056.485421,610.9938825593753,554.6528950219958
1968062.013282,597.6820215983972,538.2353880162603
1968069.018053,594.9735276743138,534.5324573222043
1968076.209324,591.5022293150586,530.3211045857067
1968084.424547,555.9781567230953,499.57554014806885
1968089.63041,525.1608545945069,481.38263972777855
1968102.547812,485.6865694106967,468.5075059217203
1968105.470878,408.604821188777,442.16478156701567
1968114.745321,405.9656265226462,441.7623850577592
1968119.1961,405.9656265226462,441.7623850577592
1968124.697686,405.9656265226462,441.7623850577592
1968132.907283,405.9656265226462,441.7623850577592
1968138.965165,395.5468011602256,441.7504614316517
1968145.903003,308.62790413964706,408.5557899838104
1968152.673829,231.6570176306897,382.51689216169177
1968161.363476,152.79890489947684,360.7329991530668
1968166.663,63.72286440058897,330.69664669033114
1968174.927638,30.082052500715847,319.78238875652545
1968180.98852,10.913320473735702,340.6891410014076
1968188.415542,-28.5002452965688,349.2665267606478
1968196.272878,-70.11457237144732,338.18361334611666
1968201.675991,-89.76872485655629,330.83504358450654
1968208.665493,-89.76872485655629,330.83504358450654
1968216.987343,-75.60941047633219,295.26788433847986
1968222.972622,-60.42438138288966,242.68350601079484
1968231.55748,-55.871318454276654,194.7962899247778
1968237.048137,-51.00883814340296,174.40347403975406
1968244.202181,-43.54109563824026,142.90205251950866
1968251.902339,-39.7278864136405,124.12698094441146
1968257.87911,-39.7278864136405,124.12698094441146
1968268.986438,-39.7278864136405,124.12698094441146
1968271.849804,-23.90018377076624,90.93471833911924
1968278.67014,-19.967641909982667,81.52178705034582
1968286.155123,-11.405629960659658,61.52499719479495
1968292.893251,-2.3374256535836504,17.257684128394434
1968300.881466,8.159601674516422,-14.358744189098584
1968307.115112,20.52102276839295,-50.53557046502585
1968314.186729,25.20887302586794,-65.07830085172007
1968320.975911,42.95495226480474,-111.84274094535898
2048543.10322,817.512512253282,-87.5341659371783
2048548.903444,815.2147297904716,-65.53153031371603
2048555.876216,863.1906230474468,-19.216165373275164
2048751.612454,860.4085390355239,45.978058712316624
2048758.612892,800.8761828274461,12.41491264227998
2048765.644815,766.8709827036295,-7.099252208391989
2048778.005899,725.6971169697244,10.780667982525031
2048779.618264,683.5799815883471,59.435506278383656
2048787.306868,659.512541415471,88.93196186803861
2048793.844264,659.512541415471,88.93196186803861
2048800.857383,659.512541415471,88.93196186803861
2048808.71349,413.8092241516902,380.0823716129856
2048814.562055,401.8379517703007,391.62421279705336
2048821.613758,398.0255114882391,403.1476932239033
2048828.813886,378.4971118946258,424.198696091028
2048837.126103,308.1084464521229,416.0174091882339
2048844.102215,237.8225729648468,381.3612519766964
2048849.616004,174.0299258936225,360.0063490215731
2048856.968526,85.15566988196868,328.7764332697351
2048863.881159,42.60175119348475,313.7923532416407
2048870.684424,13.849611649215952,319.93087586144384
2048877.716705,-5.530812300056095,350.6286845424908
2048890.095807,-36.57496718597462,335.4407868147007
2048892.136567,-62.37584712624001,324.8547731951781
2048898.539343,-79.07862730196665,318.0979702975416
2048906.257013,-80.70775819218763,315.5812007866459
2048913.560778,-95.872389367739,313.43569095213485
2048919.6243,-88.03441385827654,252.3470572202965
2048928.841073,-86.97460395346178,250.0878091537592
2048933.620344,-86.97460395346178,250.0878091537592
2048940.848395,-86.97460395346178,250.0878091537592
2048947.926582,-86.97460395346178,250.0878091537592
2048954.918757,-86.97460395346178,250.0878091537592
2048962.068493,-86.97460395346178,250.0878091537592
2048968.998247,-66.19313099866257,266.2318004245644
2048975.630599,-57.53504719775814,288.91527691521435
2048982.958488,14.153303530300734,306.6673006672797
2048992.892288,11.80557148153855,338.3186962280762
2049000.923576,-24.4560708242773,343.6089378898446
2049000.945269,-24.4560708242773,343.6089378898446
2049003.617455,-42.39700298462209,336.4925604574155
2049010.616516,-42.39700298462209,336.4925604574155
2049017.577344,-42.39700298462209,336.4925604574155
2049024.57925,-42.39700298462209,336.4925604574155
2049033.257134,-42.08791503120136,333.5433999272605
2049039.245302,-42.08791503120136,333.5433999272605
2049046.090876,-42.08791503120136,333.5433999272605
2049052.618105,-42.08791503120136,333.5433999272605
2049060.893595,-42.08791503120136,333.5433999272605
2049067.10504,-42.08791503120136,333.5433999272605
2049074.064849,-42.08791503120136,333.5433999272605
2049081.084659,-42.08791503120136,333.5433999272605
2049089.580873,-42.08791503120136,333.5433999272605
2049095.074886,-42.08791503120136,333.5433999272605
2049101.561201,-42.08791503120136,333.5433999272605
2049110.142594,-42.08791503120136,333.5433999272605
2049116.025698,-42.08791503120136,333.5433999272605
2049122.578844,-42.08791503120136,333.5433999272605
2049129.628404,-42.08791503120136,333.5433999272605
2049137.067931,-42.08791503120136,333.5433999272605
2049143.61545,-42.08791503120136,333.5433999272605
2049150.635385,-42.08791503120136,333.5433999272605
2049159.501189,-42.08791503120136,333.5433999272605
2049166.068654,-42.08791503120136,333.5433999272605
2049172.601355,-42.08791503120136,333.5433999272605
2049180.063937,-42.08791503120136,333.5433999272605
2049185.973609,-42.08791503120136,333.5433999272605
2049193.018104,-42.08791503120136,333.5433999272605
2049199.889652,-42.08791503120136,333.5433999272605
2049206.859761,-42.08791503120136,333.5433999272605
2049213.939076,-42.08791503120136,333.5433999272605
2049221.564528,-42.08791503120136,333.5433999272605
2049227.554658,-42.08791503120136,333.5433999272605
2049235.430004,-42.08791503120136,333.5433999272605
2049242.246725,-42.08791503120136,333.5433999272605
2049248.568625,-42.08791503120136,333.5433999272605
2049257.420001,-42.08791503120136,333.5433999272605
2049265.550295,-42.08791503120136,333.5433999272605
2049269.568575,-42.08791503120136,333.5433999272605
2049278.483596,-42.08791503120136,333.5433999272605
2049284.064443,-42.08791503120136,333.5433999272605
2049291.043646,-35.14386121548708,330.81119581562405
2049297.625852,-35.14386121548708,330.81119581562405
2049304.627277,-35.14386121548708,330.81119581562405
2049313.208671,-35.14386121548708,330.81119581562405
2049319.030236,-35.14386121548708,330.81119581562405
2049328.072576,-35.14386121548708,330.81119581562405
2049333.113357,-35.14386121548708,330.81119581562405
2049340.128146,-35.14386121548708,330.81119581562405
2049346.571736,-35.14386121548708,330.81119581562405
2049354.459393,-35.14386121548708,330.81119581562405
2049361.028579,-35.14386121548708,330.81119581562405
2049367.531943,-35.14386121548708,330.81119581562405
2049375.147132,-35.14386121548708,330.81119581562405
2049382.224357,-41.236802000287526,332.9405512309093
2049389.428713,-41.80468746132124,333.9292152439009
2049397.301331,-41.80471780773909,333.92924681017536
2049406.21655,-41.80471780773909,333.92924681017536
2049409.647486,-41.80471780773909,333.92924681017536
2049419.739805,-41.80471780773909,333.92924681017536
2049423.527051,-41.80471780773909,333.92924681017536
2049432.530424,-42.00824773817946,334.41834162899266
2049438.056016,-41.64702416719408,334.1453128906276
2049460.196877,-41.56544762412872,334.10234602597444
2049460.197658,-41.56544762412872,334.10234602597444
2049461.991636,-41.56544762412872,334.10234602597444
2049472.212555,-41.56544762412872,334.10234602597444
2049476.376221,-41.56544762412872,334.10234602597444
2049483.324898,-41.56544762412872,334.10234602597444
2049490.019621,-41.56544762412872,334.10234602597444
2049497.43981,-41.56544762412872,334.10234602597444
2049504.403934,-41.56544762412872,334.10234602597444
2049511.018312,-41.56544762412872,334.10234602597444
2049518.76762,-41.56544762412872,334.10234602597444
2049525.46764,-41.56544762412872,334.10234602597444
2049531.909219,-41.56544762412872,334.10234602597444
2049538.911486,-41.56544762412872,334.10234602597444
2049547.834859,-41.56544762412872,334.10234602597444
2049552.914131,-41.56544762412872,334.10234602597444
2049560.506112,-41.56544762412872,334.10234602597444
2049567.248446,-41.56544762412872,334.10234602597444
2049574.255491,-41.56544762412872,334.10234602597444
2049581.317056,-41.56544762412872,334.10234602597444
2049589.123911,-41.56544762412872,334.10234602597444
2049594.957453,-42.71776580851059,334.74812411120746
2049603.278659,-46.5607014488092,336.6998630726889
2049609.409549,-47.73217326587432,336.6459909979216
2049615.961205,-52.17693859875256,337.86902888163934
2049624.248886,-55.14366438006282,337.3203193623276
2049630.402749,-58.5648901895572,333.82291601118624
2049636.962648,-58.5648772776149,333.82290583754724
2049644.996147,-58.5648772776149,333.82290583754724
2049651.267986,-58.5648772776149,333.82290583754724
2049658.275396,-58.33938473592768,333.49544267016495
2049665.00418,-58.12713342621741,333.4036561009494
2049671.952517,-58.12711637337343,333.40365619106626
2049680.31424,-58.12711637337343,333.40365619106626
2049686.248182,-58.12711637337343,333.40365619106626
2049692.905917,-57.949806560453744,333.47964645256127
2049700.239609,-57.73859022262745,333.54553688398767
2049707.245149,-57.42952130509151,332.99948286273303
2049713.928889,-57.42952130509151,332.99948286273303
2049720.953757,-56.97186326935677,333.0224274673346
2049728.245882,-56.967179063301685,333.02238384910623
2049735.026128,-56.967179063301685,333.02238384910623
2049741.968288,-55.72593896648366,333.88557595316007
2049749.347559,-55.72593896648366,333.88557595316007
2049756.270882,-54.44445812352157,335.1095496311575
2049762.940986,-54.44013318653039,335.1143175923896
2049770.241444,-54.44013318653039,335.1143175923896
2049777.241412,-54.44013318653039,335.1143175923896
2049785.260635,-52.84292230675635,334.25223436649264
2049790.91252,-51.55187873354799,337.15797116562965
2049790.995833,-51.55187873354799,337.15797116562965
2049797.984206,-51.42987514223616,337.2538909223239
2049804.950147,-51.315289969065695,340.3069807180707
2049812.644131,-50.698336182612,341.79335769482327
2049819.310551,-50.698336182612,341.79335769482327
2049826.575272,-49.36825397695279,334.5059575998347
2049833.689318,-43.11785860496373,318.70318507679497
2049840.337569,-39.46698963632655,312.55543990005776
2049847.268224,-20.827689790491345,289.7790268705621
2049854.307935,5.506389805709663,291.48041962596085
2049861.321201,36.47122990472814,294.40698255594185
2049868.295971,72.27670091509333,314.87175444153075
2049875.333715,92.39428271828328,326.0112289615079
2049882.25607,118.20670261691497,338.43967521037723
2049889.855404,162.41391225045945,360.48338434088015
2049896.008851,202.9469819893742,372.1950977941476
2049903.444452,259.43043402650386,384.0246927740613
2049910.325232,302.41079754533047,395.4852355239238
2049917.660218,304.3270110998826,396.8053814518639
2049924.025351,304.3270110998826,396.8053814518639
2049932.931942,348.58000445340804,408.7743199195576
2049938.449734,351.0505949031229,407.8079605379515
2049947.057341,351.0505949031229,407.8079605379515
2049952.328752,351.0505949031229,407.8079605379515
2049959.598298,360.5307437910111,399.6467049827874
2049963.093469,-51.55187873354799,337.15797116562965
2049966.386575,360.5307437910111,399.6467049827874
2049973.245077,394.680285499548,381.4995389329962
2049981.609393,408.9328442012668,373.3471545107948
2049987.394453,455.54539300944026,322.3025840261998
2049995.094417,455.54539300944026,322.3025840261998
2050001.979888,455.54539300944026,322.3025840261998
2050009.191988,455.54539300944026,322.3025840261998
2050015.240279,732.2142427782301,3.866955300344628
2050022.011433,748.0169128908736,-15.510536895296086
2050029.011647,747.3379084008888,-16.368822959137145
2050036.784782,698.874848672752,-61.65594646017763
2050043.164072,656.1589939134699,-102.89394702421906
2051452.436873,-51.55187873354799,337.15797116562965
2060127.641438,876.3326532606395,738.0198037388917
2060132.086388,850.4987540162524,751.9205049686245
2060139.294237,809.3935361321693,774.2666408551614
2060148.111406,763.2960234167982,836.5027884357847
2060239.72822,748.1263966925068,856.4435398240392
2060243.897224,748.1263966925068,856.4435398240392
2060251.161074,762.0991015287544,803.2624612141715
2060258.480496,792.7040473937988,771.2922628508826
2060265.209132,795.8420916087507,752.7458585306352
2060271.842419,791.3829534217564,745.1004638123727
2060279.787338,791.3829534217564,745.1004638123727
2060286.280572,772.275855742611,726.626971087359
2060293.195831,769.4717761249375,700.0809955940747
2060319.909029,845.1684832464103,631.8536817331485
2060319.909639,845.1684832464103,631.8536817331485
2060323.990606,846.0074099646658,630.8625519287631
2060331.178719,846.0074099646658,630.8625519287631
2060337.990859,876.0365625819486,634.3044381347066
2060402.136492,907.0231373970126,720.2107915072135
2060404.460013,851.8099932038991,746.0936554260094
2060420.029587,802.1778764290684,766.271246999223
2060420.033377,759.0879548963698,732.8970556198924
2060442.734341,647.7086659501451,628.0423416556503
2060442.734952,647.7086659501451,628.0423416556503
2060444.341934,633.2447667293992,613.9207941329048
2060451.304616,628.942706282151,607.1014540155513
2060458.639645,628.942706282151,607.1014540155513
2060465.295844,628.942706282151,607.1014540155513
2060473.732412,628.942706282151,607.1014540155513
2060479.316824,618.235132529071,583.7972441347529
2060486.337772,596.2989610894743,553.1577168373877
2060493.378925,595.1527215357285,548.7332752617074
2060500.833261,591.7330035554181,539.7607498340956
2060509.197274,581.0152541187023,514.8944263289909
2060515.819876,637.9178718656168,519.8166901327332
2060522.518016,689.5940760355106,545.1037711783209
2060528.39783,749.681331026896,571.7639082029134
2060535.394285,810.6377107899027,592.0688311236347
2060545.56323,814.0301980333996,592.912396391179
2060550.076258,814.0301980333996,592.912396391179
2060556.950274,814.0301980333996,592.912396391179
2060564.940845,814.0301980333996,592.912396391179
2060572.310615,814.0301980333996,592.912396391179
2060577.715036,814.0301980333996,592.912396391179
2060584.697974,814.0301980333996,592.912396391179
2060591.776655,814.0301980333996,592.912396391179
2060599.700347,814.0301980333996,592.912396391179
2060607.651009,814.0301980333996,592.912396391179
2060613.915956,814.0301980333996,592.912396391179
2060620.577372,814.0301980333996,592.912396391179
2060626.839018,814.0301980333996,592.912396391179
2060635.439461,814.0301980333996,592.912396391179
2060640.399308,814.0301980333996,592.912396391179
2060647.339636,814.0301980333996,592.912396391179
2060655.215516,814.0301980333996,592.912396391179
2060661.81698,814.0301980333996,592.912396391179
2060671.183754,814.0301980333996,592.912396391179
2060675.739545,814.0301980333996,592.912396391179
2060688.373627,814.0301980333996,592.912396391179
2060688.374242,814.0301980333996,592.912396391179
2060691.061282,814.0301980333996,592.912396391179
2060698.556224,814.0301980333996,592.912396391179
2060710.190603,814.0301980333996,592.912396391179
2060713.047481,814.0301980333996,592.912396391179
2060719.079535,814.0301980333996,592.912396391179
2060726.399123,814.0301980333996,592.912396391179
2060733.423612,814.0301980333996,592.912396391179
2060740.094074,814.0301980333996,592.912396391179
2060756.380705,814.0301980333996,592.912396391179
2060756.464258,814.0301980333996,592.912396391179
2140177.629612,694.0029078042846,-81.85505861737869
2140182.838315,695.9217944614356,-80.86073447933947
2140189.850832,727.545284659533,-55.57094571074323
2140196.857038,765.4683539533611,-20.57615248511655
2140204.383916,800.3125260124083,11.580889392771889
2140211.170103,823.6237919634407,32.92381283857943
2140221.790886,824.4028951302456,33.6229178732749
2140225.220283,840.602953063713,48.59541307631821
2140231.74257,840.602953063713,48.59541307631821
2140241.559102,840.602953063713,48.59541307631821
2140246.319347,865.552358078608,57.75383762572649
2140252.759538,892.3847012262027,63.64538103231765
2140264.210654,923.4725130002196,20.577944776549835
2230681.407003,756.5461955890682,819.921869139619
2230692.949889,778.9309430759506,785.6712482810398
2230695.924555,805.991107654288,760.6204947742827
2230702.392629,858.3602532318499,729.6689339588147
2230710.81025,887.6315638898642,717.6116884480334
2230716.638535,893.255466043636,715.2037865216042
2441293.251391,878.8804158408319,93.32636952945172
2441300.181498,822.3874065440638,50.05444287571791
2441307.749949,801.9185467523207,34.182110486259425
2441317.123768,808.9126039359822,36.17564924276625
2441321.19575,808.9126039359822,36.17564924276625
2441328.144803,808.9126039359822,36.17564924276625
2441335.17211,808.9126039359822,36.17564924276625
2441342.259241,808.9126039359822,36.17564924276625
2441349.245759,804.5726530098049,36.161001711243706
2441357.794959,804.5726530098049,36.161001711243706
2441363.603571,804.5726530098049,36.161001711243706
2441370.52073,768.142594272071,10.209243702905194
2441377.563701,737.2412830642451,3.885499501589509
2441384.183194,687.3716266917445,56.36989859360157
2441391.291134,662.327543900022,88.80491636135342
2441398.200616,662.327543900022,88.80491636135342
2441405.241712,662.327543900022,88.80491636135342
2441412.251346,423.14465367798897,367.5577346841613
2441419.240311,411.2882204020623,371.29326512492514
2441426.191475,388.3833044909746,358.7189829029218
2441439.771383,358.6567581774843,317.6440277950285
2441443.042651,332.1005989581104,285.11955908226525
2441447.234217,312.48059905118754,270.78676064505595
2441457.255069,289.2062170067573,255.88336548996597
2441461.260304,271.7619649052187,244.25456966606416
