time,x,y
0.0,0.0,0.0
14.576386,-1.4208717470691798,-123.2415503285705
29.581708,1.164211866759658,-216.13151022822117
44.981908,-12.06737669672168,-216.9863097138816
59.59308,-12.06737669672168,-216.9863097138816
74.587816,-12.06737669672168,-216.9863097138816
89.990565,-12.06737669672168,-216.9863097138816
105.049872,-12.06737669672168,-216.9863097138816
120.038414,-12.06737669672168,-216.9863097138816
134.59532,-12.06737669672168,-216.9863097138816
149.77151,-12.06737669672168,-216.9863097138816
164.585895,-12.06737669672168,-216.9863097138816
179.997758,-12.06737669672168,-216.9863097138816
195.672319,-18.609427431137803,-223.9315733486724
210.00771,-28.990712686546257,-231.91428629001305
224.587468,-49.29127552284245,-215.96073663237823
242.475205,-140.18709377869726,-120.39039613045595
254.583697,-135.0578223324464,-137.4037913135401
270.004003,-59.66661873736145,-256.28197614632205
284.58986,-17.997388451843516,-309.01396592907736
299.577664,11.325288239297205,-245.38955382622083
314.952864,44.30088283543707,-238.0746783139031
330.076494,44.30088283543707,-238.0746783139031
345.300327,56.53478951251102,-257.2893149773428
359.567638,63.47902908217219,-265.80703755402254
374.571393,63.47902908217219,-265.80703755402254
389.587146,68.02536190390695,-274.2769738019793
404.586639,68.02536190390695,-274.2769738019793
419.982044,68.02536190390695,-274.2769738019793
435.00311,68.02536190390695,-274.2769738019793
449.970098,68.02536190390695,-274.2769738019793
465.00591,71.2151062331885,-284.8501329301787
480.767702,99.2269217854867,-299.7622454582902
494.595066,138.7320087222182,-320.1294071454578
510.767147,151.1980042315601,-326.398276401655
525.123138,151.1980042315601,-326.398276401655
539.966177,151.1980042315601,-326.398276401655
554.589132,194.9174096118348,-360.727770315029
570.324523,247.9282786517343,-349.62326000287266
584.570165,374.9032757505488,-285.39730147935444
599.574394,514.3961532858651,-209.44591838549465
2354.586587,416.6549073166904,-832.1755128048998
2370.177463,386.6512378703301,-855.2859599253475
2384.566608,386.6512378703301,-855.2859599253475
2400.180121,386.6512378703301,-855.2859599253475
2414.673268,299.78457574394645,-929.495366191464
8395.274316,93.92941665180636,-821.040426196388
8410.280212,205.2931870161385,-715.936891938241
8425.25868,291.37604566167005,-641.9870315636638
8440.274805,390.56824063982936,-545.0693322530137
8455.274243,495.6813871266344,-442.7477677917964
9340.271448,338.86298447523177,21.644361511348
9356.988528,270.964104432565,-37.255165492615255
9370.256373,182.26537050546293,-25.389417725643717
9416.447961,18.661001243214788,-37.09647410261953
9430.709378,51.24550707018021,-30.880252067313567
9445.91741,51.24550707018021,-30.880252067313567
9460.683911,51.24550707018021,-30.880252067313567
9476.490828,115.7130517177446,17.196151792220803
9535.69581,370.4623860980786,-8.554360195199063
9550.622366,370.1663837240948,-11.379109532453134
9566.122577,345.532788959608,-64.89873291952144
9580.758675,195.61801342141104,-152.10715798214505
9596.502527,235.04836928316368,-290.2605644164828
9610.254023,126.46158463781607,-386.3782777890107
9625.255756,39.00636747791588,-415.1218467756179
9640.690952,36.27074313824164,-416.8324773394044
9655.668134,-20.0921301387996,-421.5203319407824
9670.661804,-14.139250155374018,-287.5958698945733
9686.505504,-21.04670737214749,-190.9934541908922
9700.259332,-115.47739662950676,-121.81872999697498
9715.328698,-217.6433677488064,-23.36252726328538
9775.668757,-278.3424780071033,0.5647410133150582
9790.622916,-278.3424780071033,0.5647410133150582
9806.694563,-354.9504946108602,-21.49407596869451
9820.272189,-361.5503183584884,-23.116473182361982
9835.751011,-361.5503183584884,-23.116473182361982
9851.810803,-361.5503183584884,-23.116473182361982
9865.640501,-361.5503183584884,-23.116473182361982
9880.79453,-361.5503183584884,-23.116473182361982
9895.791042,-361.5503183584884,-23.116473182361982
9910.717784,-361.5503183584884,-23.116473182361982
9926.484297,-361.5503183584884,-23.116473182361982
9940.255866,-361.5503183584884,-23.116473182361982
9955.913249,-361.5503183584884,-23.116473182361982
9970.975074,-374.98743047897386,-19.6443467525022
9985.994046,-434.3922815597686,-35.96880779298186
10000.254404,-391.2010703939928,-114.5286731116913
10015.260286,-393.8971696846916,-159.61832373886992
10030.252631,-474.27834593775816,-198.6956198640557
10407.513688,66.1924676438454,-344.3224775424169
10407.514433,66.1924676438454,-344.3224775424169
10409.223629,68.49926853730368,-361.3656591166496
10424.211744,21.00821016910256,-406.96468900284543
10439.644769,-5.573447032532686,-409.64411857959215
10454.2107,-162.30931861741368,-475.2518193766454
10469.21175,-346.75902901835883,-546.4168421576887
10484.60886,-399.68605431237296,-502.6225012021441
10499.234833,-473.3293413061017,-541.609136507193
10514.60027,-430.7693880082655,-707.1445853604883
10529.227391,-362.4840394262919,-912.5200512409334
183188.160102,-367.38253183737095,-928.5864646964296
183198.169259,-395.9589712698877,-812.6496328238983
183208.160431,-435.0023848594805,-649.0552950647805
183218.154503,-439.7058866878983,-571.4521610008952
183228.176241,-390.192363605856,-546.6959240199121
183238.526687,-299.0526495403339,-509.9279492632973
183248.6212,-174.33368933846842,-470.75844913210585
183258.533327,-60.0192994979675,-433.980329885969
183268.789988,-40.50235423160578,-390.4075216299412
183278.152552,-92.87710673295312,-331.86447710269266
183288.154379,-105.57609139279523,-321.220984926005
183298.300851,-112.19093810884785,-313.5602378905502
183308.171214,-151.3842004055431,-270.5115911368819
183318.506122,-200.5434089655856,-217.78501176889168
183328.162833,-256.34931998253643,-173.58397475788644
183338.152006,-292.6278150658663,-105.0040997063588
183348.156631,-351.5059482208578,-44.3020674591816
189568.575647,373.0562441890871,-7.995738283607531
189578.184516,371.712638083038,-23.94318461852772
189579.645823,365.71071212114913,-34.336915145057255
189588.166188,412.0092107542976,-83.3743749561036
189598.661114,384.0083547326591,-143.74345360338245
189608.179572,343.6087886549108,-186.03097921827268
189618.179196,343.73044699249016,-174.47384463013896
189628.570485,383.571034830218,-223.5959863405284
189638.860098,388.3291513079965,-224.24866305247036
189648.90276,388.3291513079965,-224.24866305247036
189659.544253,388.3291513079965,-224.24866305247036
189668.180172,388.3291513079965,-224.24866305247036
189678.188059,390.1722048508975,-224.2101234430871
189688.17775,449.1798405161901,-183.7317542034747
189698.184083,512.1508526291332,-152.62745625334793
189708.178163,481.4337881354526,-122.9865136951844
189718.721616,446.1950351479865,-104.19134106001282
189728.681502,394.8589103515316,-55.415625788760735
196048.085691,373.6046591899126,-47.37745041731485
196048.568261,373.6046591899126,-47.37745041731485
196058.156571,457.39521475003176,-124.08754680406778
196528.527935,506.5867522838536,-758.1285264381876
196538.16164,408.6945172000896,-843.1224196942396
196550.157238,311.07451776771813,-929.5918127308
356642.337006,78.83420644911465,-922.4160547239394
356651.998782,128.1362935360052,-776.9574973577846
356662.009731,228.46837274290752,-685.9910801901575
356671.983034,341.3392031690985,-587.5205168215645
356682.001634,491.3901429034529,-446.7990107860786
358502.492241,368.242303650531,-12.448238008734254
358511.979912,368.242303650531,-12.448238008734254
358521.982174,368.242303650531,-12.448238008734254
358531.977709,373.5019683748688,-40.55168265413775
358541.98111,471.3057437774317,-130.75307616629755
367781.222021,370.4393857208624,-21.740739931587694
367781.629696,373.65193209902986,-46.01227861507057
367791.226379,447.1091307277938,-118.68406637710972
367982.033469,514.2517661291089,-310.80203410489764
367991.621323,476.3665326044413,-259.8623986690858
368021.220451,533.1853459767472,-150.75671079148
368031.2266,442.9442649920545,-102.37256022432182
368041.255978,442.9442649920545,-102.37256022432182
368051.242589,398.1371883871929,-56.08690503314404
369552.151641,369.57245631525154,22.83307235315356
369560.660916,364.2447776231933,-38.00650149285426
369561.216096,364.2447776231933,-38.00650149285426
369571.215724,270.29899447575514,-85.21493693777417
369581.216602,178.05712863164408,-140.9261463090605
369591.940002,219.6968580708714,-282.6991760609073
369601.241984,204.90178229069215,-336.61882810850386
369611.226591,197.87582893678268,-345.702270655615
369621.704285,197.87582893678268,-345.702270655615
369631.216254,197.87582893678268,-345.702270655615
369641.217812,207.4715732717333,-367.2963870574484
369651.60959,301.79543544631395,-442.81071657163983
369661.677803,387.1132788911549,-505.51497140933
369672.353046,402.54115483377313,-517.4995754296634
369681.217822,447.4876501271214,-543.3603201236134
369691.2174,535.2169650652058,-613.5754441554691
441127.426946,-457.7763513992175,-177.93768922624125
441140.223136,-441.6811768253869,-171.81125422580587
441148.04351,-428.5618300679727,-191.3886028513195
441158.528001,-421.6101821684516,-207.2678268311948
441167.437416,-421.328618225689,-218.9096719071593
441177.804503,-421.328618225689,-218.9096719071593
441187.434673,-442.4187627419097,-191.9583824173049
441197.43122,-460.8651275364956,-188.3309329306844
441230.893855,-510.33353416850457,-434.9458857760277
441237.807882,-510.33353416850457,-434.9458857760277
441248.118549,-504.0366929874799,-455.05751821487945
441257.934562,-504.0366929874799,-455.05751821487945
441267.85142,-504.0366929874799,-455.05751821487945
441277.881294,-504.0366929874799,-455.05751821487945
441287.804802,-492.9651538980597,-481.4685412961122
441297.774093,-463.0526280215518,-569.879475302018
441307.559986,-339.0103574338517,-535.2813301797629
441317.445919,-239.30704409153967,-497.90658175969367
441328.600104,-117.59435549081763,-460.8321183361347
441337.4338,70.3986639260516,-399.94934092448506
441347.453652,160.84536846138323,-367.2067231419493
441357.433206,228.04073004995635,-346.8541412860636
441367.456788,248.41041526140825,-283.1685207874826
441377.432091,188.4316211201925,-189.3642504461033
441387.454206,226.9098292755179,-94.08311322252524
441397.435436,372.4718164886691,-33.15624896984428
441699.431359,366.3800155074632,-27.27106388838021
441707.900131,285.6626835882533,-82.64141909409314
441717.800119,186.93118643778516,-136.69580780656386
441727.426596,206.16109544601125,-242.9666383830734
441737.937307,233.00808165380124,-284.54050654557903
441747.968627,210.7768543383484,-332.20671265350376
441758.300941,140.18390463828342,-379.2521264139772
441768.555857,64.40824737728742,-409.8871379499353
441777.445594,-13.751896662739297,-444.1469561451832
441787.443692,-120.83387127153284,-481.811576415433
441797.585316,-183.28558049406976,-502.4462918825
441807.429282,-262.82946014419497,-531.6862312820629
441817.442791,-362.7062668358333,-548.6807257356405
441827.824319,-390.48639797481127,-497.834370753921
441837.810383,-418.1366965304079,-507.5366931269415
441847.450111,-473.78535013716976,-541.1739109213538
441857.431525,-456.7425924278194,-607.8861530744983
441869.514344,-439.94208024533066,-658.9382177236981
441877.442358,-424.288368182867,-715.6893224245227
441887.440312,-398.431339389308,-796.5632286056164
441900.580456,-370.3465386727744,-868.4847049587552
454720.099263,370.8092169576446,11.07744984155743
454730.085722,376.2237823614208,-36.45500269867061
454731.143518,361.2727818273677,-45.887830335708976
454739.570512,296.31526827634553,-79.54760899670184
454749.570306,182.8840781748009,-186.0859367230646
454760.668191,228.44511869653556,-288.1850604580135
454769.585912,206.7730638744832,-336.07950816445714
454779.585193,205.01703910699663,-339.67681860113345
454791.110032,226.4795793805321,-389.239885569633
454799.568122,296.33913202340767,-440.47161241225086
454809.569909,365.0816765783312,-494.2654691841094
454819.569312,389.2054745833326,-508.7824773949987
454829.570025,389.2054745833326,-508.7824773949987
454840.192637,395.3767381786405,-519.0527937241443
454850.119148,481.5530634023767,-581.8886254262694
454879.592857,536.9282776772351,-757.5969208678453
454889.576636,445.54459492260673,-833.4322370421947
454900.971364,393.4568835119172,-872.5052385051436
454909.971609,391.8709165560831,-872.6234222110226
454920.108671,391.8709165560831,-872.6234222110226
454929.937506,336.69469363190933,-906.7249734402776
455060.268182,352.08261588815424,-904.191954290658
455070.358439,355.12006951038444,-896.8823199971467
455080.147022,355.12006951038444,-896.8823199971467
455090.109738,355.12006951038444,-896.8823199971467
455099.980262,355.12006951038444,-896.8823199971467
455110.75949,357.9935661285695,-838.0703601148521
455119.570421,275.8480961346495,-755.1084823599876
455129.586885,275.8480961346495,-755.1084823599876
455139.574925,30.010858662870444,-475.2838419355963
455149.584509,46.82199389059455,-404.4804311738519
455160.670316,142.3313332848887,-363.7065229704616
455169.975951,188.9982248219781,-343.90043800985626
455180.029356,188.9982248219781,-343.90043800985626
455190.112146,188.9982248219781,-343.90043800985626
455200.045121,188.9982248219781,-343.90043800985626
455210.735068,238.49890659321008,-336.8921753117171
455219.589332,243.96845639361536,-274.77347751864323
455229.58487,186.0132500078828,-130.719722641996
455240.847259,327.706481215179,-48.355999300760665
455250.001664,368.8370358679736,-34.81392015382528
455259.56974,368.8370358679736,-34.81392015382528
455269.570061,368.8370358679736,-34.81392015382528
457769.972591,365.9479588878589,-21.915567677443786
457771.707734,354.6026480535808,-47.42713683696186
457779.951214,229.8910773008714,-103.07104378446589
457789.575663,192.96856860140977,-208.0176546789733
457799.565916,232.1674606475012,-298.3803420878632
457809.581846,205.59141469848865,-347.3103734515391
457820.555575,205.59141469848865,-347.3103734515391
457829.565084,205.59141469848865,-347.3103734515391
457839.566906,205.59141469848865,-347.3103734515391
457851.781498,207.93966019747785,-359.2101902635503
457860.295082,254.30607617242805,-413.8799003285792
457869.946538,366.5020727894201,-493.81352838953393
457880.929296,403.6356613715509,-520.5590603181852
457890.053622,369.1712886788703,-568.9643516405165
457899.966613,258.1388927014292,-680.2762385926101
457909.566149,158.67983127292243,-775.6474682445534
457919.586473,76.62205313026368,-877.5310594774675
463196.809986,-375.0148462265872,-872.1686382045481
463209.916071,-415.928489079616,-730.0475098928166
463216.825874,-452.8338418469028,-601.8714167281661
463226.909127,-341.29944559292954,-533.9410034489673
463236.807379,-230.1778008699745,-495.3948505673058
463246.791635,-119.72099771823326,-458.1033122881437
463256.905732,-27.53574378194548,-432.3450280570879
463268.810867,-27.53574378194548,-432.3450280570879
463277.17653,21.51146075364936,-421.6578060773343
463287.757681,166.400538992204,-368.00265496426425
463297.305729,182.22731520931453,-361.19206423291695
463308.387204,182.22731520931453,-361.19206423291695
463317.185129,182.22731520931453,-361.19206423291695
463327.175957,223.14634400552677,-354.6250987035856
463336.810977,259.30539346595265,-294.7236440053292
463347.166244,178.29125392954768,-174.0512870800657
463356.789426,264.42700664316993,-78.68271309806853
463368.249767,354.35743379962554,-44.807394428728834
463378.45257,358.3248434926505,-42.50061746523619
463388.072418,358.3248434926505,-42.50061746523619
463397.240237,358.3248434926505,-42.50061746523619
463408.761063,374.9943127880781,-15.359637792304648
524712.587045,362.9794442430837,-911.8854589327942
524712.587708,362.9794442430837,-911.8854589327942
524714.249115,362.9794442430837,-911.8854589327942
524724.637635,366.4019180865067,-888.8544594520283
524734.662185,366.4019180865067,-888.8544594520283
524744.638956,366.4019180865067,-888.8544594520283
524754.641733,366.4019180865067,-888.8544594520283
524765.333613,366.4019180865067,-888.8544594520283
524774.239779,340.3617492031814,-826.3245097927822
524784.222583,301.7421744802829,-780.4427236143563
524795.107187,301.7421744802829,-780.4427236143563
524804.859377,301.7421744802829,-780.4427236143563
524814.246306,9.935799389137625,-456.92451366755176
524826.500848,-80.80257610303356,-358.6029157608812
524835.26809,-102.17300497403318,-335.37723050585004
524844.642761,-124.67336672994976,-311.9683517915086
524854.224287,-189.459559413729,-238.49313233267168
524864.222381,-222.0859606696375,-197.79539040409225
524875.089542,-231.70976428024923,-195.96912900867449
524884.634911,-231.70976428024923,-195.96912900867449
524894.227494,-231.70976428024923,-195.96912900867449
524904.63209,-231.70976428024923,-195.96912900867449
524914.655062,-231.70976428024923,-195.96912900867449
524924.649717,-231.70976428024923,-195.96912900867449
524934.244328,-231.70976428024923,-195.96912900867449
524944.238972,-231.70976428024923,-195.96912900867449
524957.092122,-231.70976428024923,-195.96912900867449
524965.427015,-231.70976428024923,-195.96912900867449
524974.246741,-231.70976428024923,-195.96912900867449
524984.24038,-231.70976428024923,-195.96912900867449
524994.832085,-231.70976428024923,-195.96912900867449
525004.588276,-231.70976428024923,-195.96912900867449
525014.240396,-230.18243103759988,-201.73560922749456
525024.764325,-207.9959600008749,-281.48129955444654
525034.766789,-159.2500604714245,-330.89650606376784
525044.610504,-87.74277736682805,-312.4383304474364
525054.289719,-8.611971521343857,-296.5137902680506
525064.222851,13.289886598677263,-232.67286767049396
525074.643073,62.79690774261322,-267.889198594995
525085.629687,105.86333840568156,-300.50653063333584
525094.631955,145.0893322292649,-332.6484208872719
525104.670601,151.65150090469277,-337.1361777819787
525114.638911,151.65150090469277,-337.1361777819787
525124.693476,151.65150090469277,-337.1361777819787
525134.82971,151.65150090469277,-337.1361777819787
525144.249029,160.66688425489795,-341.32233731757503
525154.414063,242.1031276290137,-347.21156560195124
525164.239367,345.8507495781755,-294.2484489998816
525174.223923,455.5090596326096,-244.7908118996792
529743.819962,437.2550277874076,-97.96106682135785
529753.679256,374.2786218005091,-32.29620938638621
529764.417774,374.34505084337707,-30.25752136939976
529774.100852,352.94672557623426,24.70531189998928
529783.679574,285.0371685829977,-13.488848385796114
529793.679725,207.5602440984417,-69.2254179155222
529803.679565,164.6686280816141,9.54783688830562
529833.695597,11.430351504712664,15.125533404031152
529844.379158,2.084639156110533,-72.51776135536596
529853.695183,3.5559831584127988,-164.7847788238295
529863.687287,9.519695375229746,-231.73144036488577
529876.579355,24.03915399273986,-240.7094728365985
529883.70007,43.49937201036508,-248.17901973734936
529893.702909,57.41672406243404,-263.6368248225614
529904.387826,57.41672406243404,-263.6368248225614
529913.703525,57.41672406243404,-263.6368248225614
529923.686727,71.38066831567183,-272.5457821022539
529933.683473,71.38066831567183,-272.5457821022539
529944.353973,71.38066831567183,-272.5457821022539
529954.576891,71.38066831567183,-272.5457821022539
529964.036101,71.38066831567183,-272.5457821022539
529974.795255,71.38066831567183,-272.5457821022539
529984.845797,71.38066831567183,-272.5457821022539
529993.699103,77.5213480250741,-280.19272357538813
530004.086893,77.5213480250741,-280.19272357538813
530014.458877,77.5213480250741,-280.19272357538813
530023.701486,92.12521193699752,-290.3724872328599
530033.697298,92.12521193699752,-290.3724872328599
530043.718398,92.12521193699752,-290.3724872328599
530054.368268,92.12521193699752,-290.3724872328599
530064.101849,92.12521193699752,-290.3724872328599
530074.037463,92.12521193699752,-290.3724872328599
530084.882342,92.12521193699752,-290.3724872328599
530093.703007,92.12521193699752,-290.3724872328599
530106.196747,92.12521193699752,-290.3724872328599
530113.678738,92.12521193699752,-290.3724872328599
530123.681006,101.19499323923009,-295.9813551080214
530133.701976,134.91915746625455,-316.7365662369016
530144.549926,146.75252107528925,-325.38299435211184
530153.705282,146.75252107528925,-325.38299435211184
530163.701871,147.80163071873272,-325.5370210264072
530175.833712,147.80163071873272,-325.5370210264072
530184.242889,147.80163071873272,-325.5370210264072
530194.071009,166.31330370827564,-341.8928894274936
530205.797512,227.00085332809937,-345.8914065999486
530214.08208,258.9501492542533,-320.8751798320437
530223.676763,203.8841842915741,-227.8883262266423
530233.67633,185.5042350993453,-136.19537252926304
530243.694273,281.1241246649363,-70.66768807856816
530253.693947,361.1874508758426,-37.36030707555985
530263.677117,361.1874508758426,-37.36030707555985
530273.701018,361.1874508758426,-37.36030707555985
530283.710635,361.1874508758426,-37.36030707555985
530293.714134,361.1874508758426,-37.36030707555985
530303.69415,361.1874508758426,-37.36030707555985
533654.143172,366.0758036760994,12.348332428307176
533658.63051,367.0742551327583,-31.466641525856133
533663.669511,367.0742551327583,-31.466641525856133
533673.687134,367.0742551327583,-31.466641525856133
533683.693273,367.0742551327583,-31.466641525856133
533693.692847,290.72613526836426,-85.2714948462164
533703.669889,173.67560111641927,-150.24269464239163
533714.374593,211.7943466066804,-261.105612907914
533724.831745,216.35319898995917,-330.95966373554245
533734.375454,201.51792846442365,-344.1029825165578
533743.672952,201.51792846442365,-344.1029825165578
533753.672072,194.6285341806059,-356.24040123704594
533763.669602,194.6285341806059,-356.24040123704594
533773.669411,199.3960025209528,-364.421871147603
533783.687313,248.01478736111576,-423.30466723387104
533794.247191,349.7248886611278,-483.4205902513546
533804.546013,394.2820600056917,-516.9487336715296
533813.671121,394.2820600056917,-516.9487336715296
533823.693429,398.3752042347755,-521.2597235598544
533834.428094,403.0464504209121,-536.6517274062126
533843.695703,305.19716906130293,-617.2569325983435
533853.670911,183.55394570234924,-730.2548470284862
533864.770517,98.6020220980379,-817.7756798494135
533873.690435,67.00155305214629,-932.2348741124772
536379.452095,9.500901611993283,-32.926321316643495
536389.029912,169.72282935899733,4.498427156164892
536389.03058,169.72282935899733,4.498427156164892
536392.390197,212.67295633253823,20.71649696957368
536922.388438,376.9758337994599,-6.717077954945378
536932.386483,372.491728734994,-34.337356831985694
536942.386836,372.491728734994,-34.337356831985694
536952.387719,372.491728734994,-34.337356831985694
536963.821413,372.491728734994,-34.337356831985694
536972.407718,356.5649656041925,-45.32773072898359
536982.404949,216.75707228273052,-97.5885996029302
536992.402401,180.4203771258151,-199.40689514757665
537002.384945,237.64042301467103,-297.7129062706124
537012.408417,198.2888796345529,-350.7823518544621
537022.400974,211.82161463155555,-375.31131588066194
537033.146186,202.1092695302117,-351.6134632146084
537042.39488,202.1092695302117,-351.6134632146084
537052.389501,198.1100111117324,-361.2877007375601
537063.507513,198.1100111117324,-361.2877007375601
537072.404799,195.83013870665096,-369.6349116830068
537082.38554,195.83013870665096,-369.6349116830068
537093.546443,195.83013870665096,-369.6349116830068
537102.7359,195.83013870665096,-369.6349116830068
537112.794489,195.84851973565344,-384.62590265608026
537122.754527,171.97102996794266,-399.42626915879225
537132.787734,115.7103515541243,-417.0339586364927
537142.725157,94.36157621449148,-412.9927681699876
537152.732883,58.41694075002803,-405.24090975975423
537163.801288,16.557613501906207,-422.5847686493546
537173.073228,16.557613501906207,-422.5847686493546
537183.183243,16.557613501906207,-422.5847686493546
537193.350358,16.557613501906207,-422.5847686493546
537202.39418,-11.320037899849025,-440.50603080512826
537212.394193,-120.89543487231538,-476.5660050460394
537222.384828,-296.4545879051016,-524.6937368488284
537232.40326,-363.8437472384227,-529.0810773399454
537242.76085,-394.4152772259084,-493.39053674050047
537252.767994,-469.5048695712318,-536.4204815158165
537262.772906,-434.6558200651176,-651.3616291287752
537274.275952,-391.37414010160086,-799.2997024312687
537282.764991,-343.5553364389869,-956.76476535761
538766.676948,518.4546596300977,-753.4573456508909
538779.409359,504.3064258507789,-773.9091413865533
538787.072117,504.3064258507789,-773.9091413865533
538796.677311,484.0754210721125,-781.6275026275347
538806.69379,414.93646865761946,-829.6532826952331
538816.79023,356.27408819111145,-855.254886201842
538826.686418,277.26873275642305,-760.0197705831633
538836.677539,277.26873275642305,-760.0197705831633
538846.767424,277.26873275642305,-760.0197705831633
538856.677532,21.86563231607423,-467.4004019070865
538869.403145,56.23480464774803,-389.3240642875802
538877.573017,175.87878804349916,-354.8804199760382
538887.458126,258.4779833249716,-326.8455711436716
538896.678838,244.4659863968362,-252.98410370049007
538906.698841,187.06602737224264,-118.95168873008106
538920.328952,306.64698998836866,-29.97592104500936
538926.696735,377.7472247883947,30.822986158920337
542296.673246,369.34106968831554,-17.75736474863028
542306.672519,368.8371765961597,-20.781885089535614
542316.69307,368.8371765961597,-20.781885089535614
542320.638068,372.5783267302534,-37.19940116364239
542326.681182,413.6051773063647,-86.21186413402918
542336.698181,523.5855424908552,-149.878681613794
542446.689991,458.72253522651647,-793.6022697407484
542456.700528,394.2908049623664,-851.9859804882301
542466.674475,392.9813156946645,-853.6098055256897
542477.090412,392.9813156946645,-853.6098055256897
542487.282578,392.9813156946645,-853.6098055256897
542497.509037,349.76231824294683,-881.8739307530785
542576.697209,367.170291503725,-929.0096047474044
542586.688927,374.6970916516368,-878.4201768557764
542597.069308,314.66678318296465,-779.2497276087566
542607.04273,314.66678318296465,-779.2497276087566
542617.429591,314.66678318296465,-779.2497276087566
542627.154106,51.85314149007733,-420.41735432034
542637.095158,136.2195285544799,-377.0982195526964
542646.697344,258.499773950401,-327.21637096688136
542657.025885,191.1152008249037,-198.32481694406627
542666.694677,240.04009931561197,-78.75352359610514
542676.690676,377.83635923595466,-16.995339784923896
543047.093388,370.369500891421,-10.81694879626158
543057.056904,367.2851188419854,-24.411612919247737
543067.747544,367.2851188419854,-24.411612919247737
543077.407845,367.2851188419854,-24.411612919247737
543086.688407,367.2851188419854,-24.411612919247737
543094.633338,355.84928898715526,-42.111627623140464
543096.691387,355.84928898715526,-42.111627623140464
543107.06543,221.2691479938017,-105.84039288019304
543116.690402,187.4361919478793,-214.2840427829252
543126.680307,232.01421209169612,-304.8908622704427
543138.961923,199.00877021681876,-347.73998907600736
543146.672815,199.00877021681876,-347.73998907600736
543156.673257,199.00877021681876,-347.73998907600736
543167.279602,199.00877021681876,-347.73998907600736
543177.043501,202.5857386854377,-366.7620268666519
543186.726059,259.31856956612046,-419.4579659588353
543197.500379,355.2846517307136,-489.1240228228016
543206.67252,377.01672397193846,-506.8355458655639
543216.688279,377.01672397193846,-506.8355458655639
543226.671961,388.1709432782108,-522.3804196563623
543236.679707,379.00871136135055,-558.845126587381
543246.688243,300.81779480254073,-634.0266678324052
543256.672206,172.84410813029615,-751.2093377617012
543266.688021,88.06559896381741,-839.8074730320059
543276.696491,71.8624275122498,-960.3159791669806
649426.080967,-344.603017251711,-960.0836684136424
649435.345276,-366.54028824558014,-887.7917335445156
649446.800508,-381.49551178854347,-849.734453719295
649455.921491,-381.49551178854347,-849.734453719295
649465.442429,-383.4530718182041,-822.8947297731081
649475.345747,-386.2646622039488,-817.0851090197664
649484.93748,-400.20632264324144,-764.5417392188242
649495.094284,-419.5657516730754,-708.2401939438488
649504.946818,-431.4234237528234,-669.543100061472
649514.999493,-449.27298524974464,-638.9404970141596
649524.949896,-436.73191994196,-577.756004609079
649535.607717,-380.0676752175103,-554.7796890853623
649545.351455,-322.1185562747649,-530.7235360824614
649555.027944,-198.91864154468155,-489.35617637163534
649564.929856,-98.943067641897,-458.20297788152544
649574.952766,-43.30863716147093,-443.3604983960973
649586.980287,-43.30863716147093,-443.3604983960973
649595.952945,-24.704059557099384,-438.724103221229
649604.949945,-21.742361664517897,-425.65316086581424
649614.938253,-35.308187573190615,-407.41523544778966
649626.426854,-66.74320586812824,-374.1476836503789
649635.54417,-85.00608645965117,-355.7494676808144
649645.551447,-91.13040948264744,-343.2807520729419
649655.680435,-107.42541038422638,-323.44205486218493
649664.932541,-138.43692091164132,-290.4434066366917
649674.945067,-195.8056468970904,-220.96717110008728
649684.932783,-217.4943830488199,-191.96710139138105
649694.945494,-260.9078326962394,-169.50512461474474
649705.905965,-295.38632538076405,-120.47554693596324
649715.445402,-320.0589101606368,-90.1434523318902
649725.372791,-358.1586812344289,-44.09278787082809
649734.954774,-398.8151377448364,-20.11062311252997
649744.930473,-401.6467145950186,-20.635297962940943
649755.427274,-401.6467145950186,-20.635297962940943
649766.063304,-401.6467145950186,-20.635297962940943
649775.348776,-401.6467145950186,-20.635297962940943
649785.319235,-401.6467145950186,-20.635297962940943
649794.933805,-401.6467145950186,-20.635297962940943
649804.932028,-401.6467145950186,-20.635297962940943
649815.625804,-401.6467145950186,-20.635297962940943
649829.104781,-401.6467145950186,-20.635297962940943
649835.806085,-401.6467145950186,-20.635297962940943
649846.270034,-401.6467145950186,-20.635297962940943
649854.945987,-401.6467145950186,-20.635297962940943
649864.931671,-419.5280173114406,-28.729211168400543
649874.953774,-418.1480484734877,-52.82449716514895
649887.731729,-403.38640967461777,-91.71169287390887
649895.518063,-391.4529887752332,-103.29760040546682
649905.39751,-377.7141931198345,-134.2824075611993
649914.950048,-393.7648210450482,-153.48316668634106
649924.955191,-444.8755525486784,-175.12678262110512
649934.952286,-486.5550158657063,-195.15899871853497
649974.931314,-525.1710559396524,-378.3200775962729
649984.949266,-507.3056730264092,-428.5055929496186
649994.955075,-504.79664395050105,-447.5660781642284
650004.949018,-482.7738488534654,-521.799055286487
650015.314812,-464.13879183245547,-569.473285503718
650025.011044,-430.98220627280415,-579.5592322380849
650035.746717,-378.6930201008858,-562.4611498470122
650047.164266,-349.7726679960747,-546.478312111068
650055.340977,-279.45154001596165,-521.2144911168107
650069.012291,-169.58885684740707,-487.3052076238758
650075.050644,-152.37657807082,-479.1455320226144
650086.050532,-152.37657807082,-479.1455320226144
650095.330418,-86.16429019842674,-453.0832644679827
650105.681792,-43.70615343879208,-441.8916218922085
650116.116239,-38.69903919715645,-444.0472019473253
650124.939514,-14.648330876948718,-446.4359365352081
650134.959636,-14.648330876948718,-446.4359365352081
650145.315373,-14.648330876948718,-446.4359365352081
650154.95518,-14.648330876948718,-446.4359365352081
650164.951553,-9.676437403380229,-449.71029342036553
650175.324771,44.89076327642341,-510.8735614143143
650185.317258,65.6769925861081,-531.4568200559027
650194.948828,65.6769925861081,-531.4568200559027
650204.939537,65.6769925861081,-531.4568200559027
650214.932484,356.2442275256307,-863.1548990027445
650224.953326,388.1866624185944,-892.8188021483716
650234.948143,388.0477475336375,-894.6006723130741
650246.504572,388.0477475336375,-894.6006723130741
650255.367191,388.0477475336375,-894.6006723130741
650265.463758,384.05596523693487,-896.4023017809424
650274.9401,390.5571036264773,-857.5575840188867
650285.53813,436.2101595815792,-827.5018887261717
650296.498159,441.0650789387832,-823.499855357256
650306.558165,441.0650789387832,-823.499855357256
650315.312162,441.0650789387832,-823.499855357256
650324.940667,471.5556094810876,-797.4771212581769
650334.957389,500.19474364432,-773.3619503767072
650345.317723,500.19474364432,-773.3619503767072
650354.948506,519.5759223816796,-759.2451481314841
909954.45675,-369.9733090575059,-957.3248853085288
909960.890857,-375.7303427204122,-893.0416841036213
909973.371002,-388.0776034614996,-852.48296154977
909981.71986,-445.6615510732124,-817.0598206108696
909992.813936,-458.09527512807495,-818.8769868128329
910001.276837,-435.0723775603447,-785.7666890672284
910011.449232,-432.9374494760469,-784.9949425848408
910020.886555,-425.1086581844862,-776.9049669469084
910030.951447,-418.48367399269057,-775.3085767768945
910047.389794,-404.581909850246,-775.3402708066671
910050.905762,-398.80154589858006,-750.5276553329246
910060.898914,-398.80154589858006,-750.5276553329246
910076.22555,-406.8079955799494,-730.4883868262342
910082.131594,-424.454280496983,-682.6319270760828
910091.304689,-441.5025657222027,-647.9514645118396
910101.593514,-446.022966933209,-624.7998865912386
910110.906354,-436.15570221366926,-577.9380046250592
910120.890439,-412.6939436432425,-572.3176248818872
910130.890386,-389.30991629129903,-566.5849451538802
910140.888976,-383.85955153323096,-562.6216579901501
910151.249506,-378.15404839600177,-559.0055519394099
910161.952981,-369.8098447643309,-546.0411769565402
910170.905389,-364.83025309795664,-542.5101549750959
910184.799204,-350.1879466324789,-535.2483038827123
910190.888525,-324.05292656126886,-532.937848737346
910200.882562,-304.1434218244562,-527.9472019466565
910210.881174,-263.1459400172209,-511.5388669250358
910220.900632,-213.5265682709175,-492.21465123211794
910232.055554,-196.14209236727936,-485.9867430620708
910241.735932,-176.29496344603126,-485.440195518059
910251.370527,-88.50339188793778,-459.2647699539532
910262.485534,-30.78833218069826,-440.5455381903212
910270.892039,10.863871115486663,-461.7136191872479
910281.784268,71.80592869296737,-525.9594365597267
910293.501655,71.80592869296737,-525.9594365597267
910300.896893,71.80592869296737,-525.9594365597267
910310.90056,382.0770563894058,-847.549899885619
910323.053057,408.1810110436895,-857.292435646361
910330.973001,486.55554449483947,-793.4000078972624
916121.881147,471.18908832446783,-819.0048405191866
916131.659258,395.0832932652616,-871.9697519552983
916141.097171,395.0832932652616,-871.9697519552983
916151.395734,395.0832932652616,-871.9697519552983
916161.395043,395.0832932652616,-871.9697519552983
916171.398263,390.51138328329534,-874.6710907428568
916182.428263,304.10181359037546,-940.573831691197
1210525.790535,526.3404354056752,-743.8578060419039
1210532.780634,493.63680207185126,-771.4615785961423
1210539.772263,493.63680207185126,-771.4615785961423
1210546.771374,493.63680207185126,-771.4615785961423
1210553.788418,471.36312802052953,-791.6033557664713
1210560.796758,419.6007776735577,-833.0573183771293
1210570.606405,330.5450251717456,-911.9158956269158
1214466.058519,-516.2377454480344,-209.63831737128567
1214473.05104,-473.2776431114125,-180.36703416783052
1214480.068405,-404.4431370128904,-149.4934812274875
1214487.076464,-371.84854290491353,-136.41317772047813
1214494.069964,-349.5202297556677,-163.29653394993588
1214501.056551,-332.2780052548938,-214.66398795074895
1214508.069433,-319.4514029032527,-248.4302224355812
1214515.088405,-316.51833958794856,-254.5288290173964
1214522.60786,-295.81175975766155,-289.3929871074625
1214529.515234,-284.6065977119798,-287.73015890842134
1214536.442873,-255.3327083838303,-271.05903150177505
1214543.412414,-228.46822737644348,-256.2322943633667
1214550.443946,-228.46822737644348,-256.2322943633667
1214557.642692,-197.5834559342415,-336.4757237994527
1214564.058809,-204.4835312522573,-382.58385265949033
1214571.069403,-211.3587450222536,-398.22583128654986
1214578.06689,-238.82326061856915,-430.4149764342053
1214585.088974,-250.0254692138848,-435.6707982744056
1214592.092403,-250.0254692138848,-435.6707982744056
1214599.071718,-265.5023798478126,-441.7800833639152
1214606.050559,-324.77919042973207,-448.49902868076174
1214613.149354,-356.3573545087428,-473.9583115210884
1214622.239477,-383.6074060915477,-491.5639419025499
1214627.121868,-443.3286905137812,-515.3427975639934
1214634.062848,-468.5503088330984,-538.7557114523211
1214641.061492,-461.0223925018951,-579.5275103979903
1214648.061833,-433.1631710629825,-681.286370562665
1214655.131679,-408.5156246237191,-754.1897667199867
1214662.101585,-384.8233052833621,-827.9547984043879
1214669.061693,-354.99665001597793,-939.2365203906804
1219289.676904,-372.3645834808852,-892.0816087261345
1219296.688228,-397.7234940367149,-805.6657336067115
1219303.67907,-423.765073618047,-714.5144448994167
1219310.661115,-458.4362737430637,-602.9476584999745
1219317.670815,-412.8706676720765,-564.9192051335713
1219324.673494,-343.14257966000054,-533.6777294271617
1219331.696268,-217.66754936044103,-493.392507169458
1219338.671638,-121.77859548638772,-463.1490109629674
1219345.678296,-30.068587545534417,-432.93368928713846
1219352.679978,111.72713608078344,-384.1468921809532
1219359.663807,194.3132843707893,-354.8244965332151
1219367.036081,256.8472007070741,-331.87264743811426
1219374.312455,253.36225270627503,-290.9711931176871
1219381.190841,253.36225270627503,-290.9711931176871
1219388.077738,253.36225270627503,-290.9711931176871
1219394.657401,253.36225270627503,-290.9711931176871
1219401.656156,242.08891473987308,-277.4006721170569
1219408.669703,214.6664830460532,-243.1779581868647
1219415.670027,177.0542798919983,-153.49325878351868
1219422.659545,233.05488019722668,-96.16968057630058
1219429.657541,295.57656128782264,-62.16024975810038
1219436.657432,367.5370507309876,-23.554536298959228
1219443.673221,373.31148018427126,11.460189067733216
1219450.665311,347.4183427818009,23.38255326515767
1219458.282912,280.7448259292542,-14.589956769083292
1219465.112567,266.2809607636044,-18.52601629177845
1219472.088643,254.68528973772425,22.011483962481403
1219591.444396,370.457011682852,4.404319375154465
1219597.674926,369.1866719830151,-21.095449585456127
1219604.677207,438.3853968209792,-121.83413283103408
1300338.515988,5.291667031522262,-54.59637038820713
1300345.385774,4.416074313101062,-85.49067899444462
1300352.017735,3.4258791926751844,-117.0442441611386
1300359.027713,4.417246843852896,-175.24401612878333
1300368.295142,6.560935534364331,-211.27133614428672
1300373.015398,23.979598314463107,-239.2996906092281
1300380.016779,52.79493990819887,-263.05108031474094
1300387.015925,52.79493990819887,-263.05108031474094
1300394.013938,52.79493990819887,-263.05108031474094
1300401.019428,52.79493990819887,-263.05108031474094
1300409.256527,52.79493990819887,-263.05108031474094
1300415.475954,52.79493990819887,-263.05108031474094
1300422.885618,52.79493990819887,-263.05108031474094
1300429.447539,52.79493990819887,-263.05108031474094
1300436.03336,52.79493990819887,-263.05108031474094
1300443.027616,52.79493990819887,-263.05108031474094
1300449.999798,52.79493990819887,-263.05108031474094
1300457.916394,52.79493990819887,-263.05108031474094
1300464.940376,60.38477072313846,-259.8838916902915
1300472.473467,60.38477072313846,-259.8838916902915
1300478.016764,60.38477072313846,-259.8838916902915
1300485.01859,60.38477072313846,-259.8838916902915
1300492.000268,60.38477072313846,-259.8838916902915
1300499.000603,60.38477072313846,-259.8838916902915
1300506.861672,60.38477072313846,-259.8838916902915
1300513.664311,60.38477072313846,-259.8838916902915
1300519.999789,60.38477072313846,-259.8838916902915
1300527.016697,60.38477072313846,-259.8838916902915
1300534.017027,60.38477072313846,-259.8838916902915
1300542.243346,60.38477072313846,-259.8838916902915
1300548.422193,60.38477072313846,-259.8838916902915
1300555.007852,60.38477072313846,-259.8838916902915
1300562.007771,60.38477072313846,-259.8838916902915
1300569.02091,60.38477072313846,-259.8838916902915
1300577.161765,60.38477072313846,-259.8838916902915
1300583.374975,60.38477072313846,-259.8838916902915
1300590.431503,60.38477072313846,-259.8838916902915
1300597.009134,60.38477072313846,-259.8838916902915
1300604.022372,60.38477072313846,-259.8838916902915
1300611.016605,63.29151592358673,-296.3769816550512
1300619.032318,65.03428307145201,-332.81708739501
1300625.609583,70.11093653228885,-368.7544605605646
1300632.592585,75.60928716046324,-389.4519795489813
1300639.51286,65.11826438092325,-415.15403444588657
1300646.015504,46.46221574170181,-426.3972422546931
1300654.202916,46.46221574170181,-426.3972422546931
1300660.447179,46.44184921722962,-426.40854814480537
1300667.409999,46.297798908728886,-425.7494104510615
1300674.443079,31.69551844459609,-430.25244448161743
1300681.037306,-10.74603875062042,-432.1364955864328
1300688.025018,-61.77405926290297,-382.4700518628114
1300695.876374,-99.41526332475942,-337.4235533273604
1300702.552017,-100.61468350549708,-335.87247564705416
1300709.557892,-100.61468350549708,-335.87247564705416
1300716.401006,-102.13293403891328,-330.06891192055224
1300723.033783,-122.15690056177328,-301.58096798364755
1300729.999909,-158.45220958470978,-261.5340310395578
1300737.433186,-208.3993243455835,-207.0655401993164
1300744.355194,-229.67301798958488,-198.41238970830963
1300752.019228,-229.67301798958488,-198.41238970830963
1300758.401497,-229.67301798958488,-198.41238970830963
1300758.976956,-229.67301798958488,-198.41238970830963
1300765.333837,-229.67301798958488,-198.41238970830963
1300772.016441,-229.67301798958488,-198.41238970830963
1300779.015276,-229.67301798958488,-198.41238970830963
1300786.014485,-229.67301798958488,-198.41238970830963
1300793.016458,-229.67301798958488,-198.41238970830963
1300800.506936,-229.67301798958488,-198.41238970830963
1300807.016938,-229.67301798958488,-198.41238970830963
1300814.01481,-229.67301798958488,-198.41238970830963
1300821.391351,-229.67301798958488,-198.41238970830963
1300829.167121,-229.67301798958488,-198.41238970830963
1300835.543421,-229.67301798958488,-198.41238970830963
1300842.585971,-229.67301798958488,-198.41238970830963
1300849.006536,-229.67301798958488,-198.41238970830963
1300856.017005,-229.67301798958488,-198.41238970830963
1300863.014723,-229.67301798958488,-198.41238970830963
1300869.999056,-229.67301798958488,-198.41238970830963
1300877.383179,-229.67301798958488,-198.41238970830963
1300884.777849,-229.67301798958488,-198.41238970830963
1300892.3704,-229.67301798958488,-198.41238970830963
1300898.090369,-229.67301798958488,-198.41238970830963
1300905.011935,-229.67301798958488,-198.41238970830963
1300912.336497,-229.67301798958488,-198.41238970830963
1300919.47951,-229.67301798958488,-198.41238970830963
1300926.016701,-229.67301798958488,-198.41238970830963
1300933.015576,-229.67301798958488,-198.41238970830963
1300940.369182,-229.67301798958488,-198.41238970830963
1300948.20995,-229.67301798958488,-198.41238970830963
1300954.337751,-229.67301798958488,-198.41238970830963
1300961.007515,-229.67301798958488,-198.41238970830963
1300968.016145,-229.67301798958488,-198.41238970830963
1300975.017665,-229.67301798958488,-198.41238970830963
1300982.015824,-229.67301798958488,-198.41238970830963
1300989.379363,-229.67301798958488,-198.41238970830963
1300996.495169,-229.67301798958488,-198.41238970830963
1301003.523388,-229.67301798958488,-198.41238970830963
1301010.345737,-229.67301798958488,-198.41238970830963
1301017.03286,-229.67301798958488,-198.41238970830963
1301023.999683,-229.67301798958488,-198.41238970830963
1301032.343152,-229.67301798958488,-198.41238970830963
1301039.05906,-229.67301798958488,-198.41238970830963
1301045.01538,-229.71270940404705,-198.42538011249567
1301052.000413,-229.71270940404705,-198.42538011249567
1301059.033405,-229.71270940404705,-198.42538011249567
1301066.337913,-229.71270940404705,-198.42538011249567
1301074.045743,-229.71270940404705,-198.42538011249567
1301080.349059,-229.71270940404705,-198.42538011249567
1301087.033168,-229.71270940404705,-198.42538011249567
1301094.020831,-229.71270940404705,-198.42538011249567
1301101.022915,-229.71270940404705,-198.42538011249567
1301108.0222,-229.71270940404705,-198.42538011249567
1301115.035172,-229.71270940404705,-198.42538011249567
1301122.02352,-229.71270940404705,-198.42538011249567
1301129.015311,-229.71270940404705,-198.42538011249567
1301136.017893,-229.71270940404705,-198.42538011249567
1301143.018921,-229.71270940404705,-198.42538011249567
1301150.005078,-229.71270940404705,-198.42538011249567
1301157.004935,-229.71270940404705,-198.42538011249567
1301164.394314,-229.71270940404705,-198.42538011249567
1301171.008748,-229.71270940404705,-198.42538011249567
1301177.998392,-229.71270940404705,-198.42538011249567
1301185.383348,-231.1251404846027,-200.20864605896077
1301192.485546,-231.12526434475544,-200.2088030598688
1301199.36073,-231.12526434475544,-200.2088030598688
1301206.388974,-231.12526434475544,-200.2088030598688
1301213.015426,-231.12526434475544,-200.2088030598688
1301219.99766,-231.12526434475544,-200.2088030598688
1301227.373542,-231.12526434475544,-200.2088030598688
1301234.506291,-231.12526434475544,-200.2088030598688
1301241.368601,-231.12526434475544,-200.2088030598688
1301248.45214,-231.12526434475544,-200.2088030598688
1301255.016189,-231.12526434475544,-200.2088030598688
1301262.01263,-231.12526434475544,-200.2088030598688
1301268.996252,-231.12526434475544,-200.2088030598688
1301276.345303,-231.12526434475544,-200.2088030598688
1301283.546335,-231.12526434475544,-200.2088030598688
1301290.019685,-231.12526434475544,-200.2088030598688
1301297.022968,-231.12526434475544,-200.2088030598688
1301304.021412,-231.12526434475544,-200.2088030598688
1301312.301605,-231.12526434475544,-200.2088030598688
1301318.689836,-231.12526434475544,-200.2088030598688
1301325.956519,-231.12526434475544,-200.2088030598688
1301332.036783,-231.12526434475544,-200.2088030598688
1301339.018846,-231.12526434475544,-200.2088030598688
1301346.013866,-226.82099214863567,-241.16206943307336
1301351.666448,-218.23743968605208,-288.65375781234275
1301353.022754,-218.23743968605208,-288.65375781234275
1301360.401766,-205.41186308642352,-325.74011445330035
1301367.367895,-149.0874236347633,-328.7601083793857
1301374.484941,-105.1815558975786,-319.2505971921375
1301381.027102,-55.1941546960751,-309.23316252043816
1301388.027003,-7.238728100639121,-296.36425768056233
1301395.01943,-3.2622531128580845,-278.2677478993488
1301402.022609,7.494406127640974,-238.04058046206407
1301409.519694,26.31848542270961,-238.52883718768877
1301416.015362,45.19114061379376,-253.38223842298925
1301422.998924,49.93602463884405,-257.50034815696785
1301429.998177,60.72522616425124,-266.6123692694837
1301437.455194,60.72522616425124,-266.6123692694837
1301444.032581,71.2405446498619,-267.5302418273552
1301451.032437,71.2405446498619,-267.5302418273552
1301458.023818,71.2405446498619,-267.5302418273552
1301465.432903,71.2405446498619,-267.5302418273552
1301472.380158,71.2405446498619,-267.5302418273552
1301479.378161,83.69757665548762,-277.7541963431253
1301486.408249,90.67457567183038,-283.3887075868786
1301493.399523,102.88736530396976,-290.0325809034942
1301500.829263,111.6386369639474,-296.2928943375171
1301507.02116,124.21235946147289,-309.4038943055584
1301514.013982,141.19888916261905,-322.4069873691933
1301521.458948,141.19888916261905,-322.4069873691933
1301528.458808,141.19888916261905,-322.4069873691933
1301535.015191,141.19888916261905,-322.4069873691933
1301542.00478,141.19888916261905,-322.4069873691933
1301549.006825,141.19888916261905,-322.4069873691933
1301556.014553,141.19888916261905,-322.4069873691933
1301565.199471,141.19888916261905,-322.4069873691933
1301570.40468,150.26282033978012,-333.3160980814441
1301577.020563,185.4857740607096,-355.34227491612575
1301584.000913,225.18797388419256,-361.2393008272426
1301590.997511,276.2848870678636,-328.5380061353225
1301600.88164,356.1684379260694,-290.6159644867976
1301604.997991,406.2068728515266,-267.5720788223735
1301611.999877,449.70527989857294,-249.7210488419789
1301618.996623,510.9986506300944,-225.6917080985309
1386889.881191,-0.8715975245758428,-13.863823402381437
1386896.897496,-1.791867300539074,-96.37781074480378
1386903.890876,1.3806618677380618,-143.79906545466835
1386910.889629,7.644957125210942,-196.0852442449571
1386919.007192,35.63314676919028,-245.54401924112523
1386924.87574,61.87830964672765,-269.46526139117947
1386931.907424,66.80604145793467,-315.27859377762616
1386938.891962,72.73242287063498,-372.8225363320546
1386945.891138,74.02820603217873,-381.30344206605895
1386952.891671,47.274233294149234,-395.0769848345869
1386960.267586,14.612253252211046,-409.76117220832447
1386967.26632,-9.224540963269964,-417.8662258844301
1386974.230063,-42.818912751095056,-429.4157562860239
1386981.421779,-72.26911100567627,-442.88675513856623
1386988.421944,-72.26911100567627,-442.88675513856623
1386994.883324,-72.26911100567627,-442.88675513856623
1387001.889435,-110.86374001505352,-470.5579287195038
1387008.886737,-135.78407178879783,-481.294198191564
1387015.891905,-161.8511200725945,-480.3720340880405
1387022.873287,-163.8665521613364,-487.9125036277861
1387029.876471,-133.11407685269197,-489.52627044825977
1387036.878337,-93.62623873011108,-469.6324503407701
1387043.95243,-36.19790187034542,-447.56066605458886
1387050.874435,-28.40480297930357,-446.7854159138811
1387058.654666,-28.40480297930357,-446.7854159138811
1387064.876461,-28.40480297930357,-446.7854159138811
1387071.898839,-28.40480297930357,-446.7854159138811
1387078.920578,-28.40480297930357,-446.7854159138811
1387085.891119,-28.40480297930357,-446.7854159138811
1387092.88325,-28.40480297930357,-446.7854159138811
1387099.899266,-28.40480297930357,-446.7854159138811
1387107.3602,-10.037391899767917,-433.5362210812528
1387114.485678,-10.037391899767917,-433.5362210812528
1387120.895215,-10.037391899767917,-433.5362210812528
1387127.877323,-10.037391899767917,-433.5362210812528
1387134.877343,-58.930913530817975,-369.9818391808359
1387141.893305,-107.12954415017114,-327.9304652664563
1387148.897104,-169.25369264234635,-255.97230487338703
1387155.875434,-207.38760709614448,-213.06309045593963
1387162.893815,-234.87562847511808,-189.3143607103148
1387169.893033,-234.87562847511808,-189.3143607103148
1387176.877152,-234.87562847511808,-189.3143607103148
1387183.901388,-234.87562847511808,-189.3143607103148
1387190.897303,-234.87562847511808,-189.3143607103148
1387197.87943,-234.87562847511808,-189.3143607103148
1387206.487957,-234.87562847511808,-189.3143607103148
1387209.591148,-234.87562847511808,-189.3143607103148
1387212.240741,-234.87562847511808,-189.3143607103148
1387219.363596,-234.87562847511808,-189.3143607103148
1387226.655351,-234.87562847511808,-189.3143607103148
1387233.375191,-234.87562847511808,-189.3143607103148
1387239.890182,-234.87562847511808,-189.3143607103148
1387246.895762,-234.87562847511808,-189.3143607103148
1387253.892197,-234.87562847511808,-189.3143607103148
1387260.878435,-234.87562847511808,-189.3143607103148
1387267.892297,-234.87562847511808,-189.3143607103148
1387274.890349,-234.87562847511808,-189.3143607103148
1387281.876991,-234.87562847511808,-189.3143607103148
1387288.895916,-234.87562847511808,-189.3143607103148
1387295.875742,-234.87562847511808,-189.3143607103148
1387302.876309,-234.87562847511808,-189.3143607103148
1387309.877918,-234.87562847511808,-189.3143607103148
1387317.206222,-234.87562847511808,-189.3143607103148
1387324.217711,-234.87562847511808,-189.3143607103148
1387331.231424,-234.87562847511808,-189.3143607103148
1387338.234105,-234.87562847511808,-189.3143607103148
1387345.237604,-234.87562847511808,-189.3143607103148
1387352.248587,-234.87562847511808,-189.3143607103148
1387359.541632,-234.87562847511808,-189.3143607103148
1387365.964366,-237.9006213130243,-196.737272205714
1387372.882786,-254.63199730863,-168.5401622094202
1387376.600462,-271.0276926166528,-140.79510609138742
1387380.544391,-281.17753444069496,-122.98457893120168
1387386.87695,-298.3670038964981,-103.45449272259532
1387393.883398,-300.0391381087897,-101.85278513781414
1387403.496162,-307.59048296144454,-102.23351342445898
1387407.884776,-351.3592344720927,-123.3809237192763
1387414.878052,-395.1248749152376,-144.63935495204342
1391848.381555,-350.443798700655,-911.6544946231004
1391855.421289,-382.6801930808845,-830.757916456981
1391862.381093,-408.6898661733317,-751.5175109612691
1391869.38095,-446.8551978025537,-630.7442793622824
1391876.381455,-455.8885808649112,-587.6032913382385
1391883.381163,-402.7419522956516,-564.3067264575858
1391890.381961,-295.10162167374216,-523.1204811701244
1391900.228917,-219.38858705784827,-497.0629619433008
1391904.367167,-164.76364411677184,-479.6308852567898
1391911.364823,-145.14758549276823,-473.9291153841269
1391918.365395,-87.68349873111713,-453.90216438246097
1391925.364789,-13.411589334355046,-430.4986580032677
1391932.366942,111.71435576383374,-388.5151178993384
1391939.381319,188.1883256690492,-359.45411875052474
1391946.364866,246.542736739112,-342.6924282167444
1391953.380728,254.3048624545928,-292.0010935319161
1391960.365175,252.7407523017644,-289.4043293206909
1391967.504351,252.7407523017644,-289.4043293206909
1391974.374824,241.01435110617544,-273.8175032860685
1391981.371749,214.65842677079075,-240.78329784004825
1391990.631549,182.34600441416805,-187.21113830080665
1391995.876236,205.904703979062,-109.03446137462169
1392002.760278,274.6335378559835,-79.77668120556982
1392010.387175,351.27276993690634,-46.47904681381969
1393451.393832,364.3510752415149,24.482506082630373
1393458.385697,339.0817055352304,-66.22870326902616
1393465.375173,257.2375695394922,-100.38906800262885
1393474.99569,188.27095554420447,-131.71851820143962
1393480.06064,206.60316853004477,-242.92433427431325
1393487.518403,227.58582676649263,-280.30139513323286
1393493.387782,227.58582676649263,-280.30139513323286
1393500.388633,227.58582676649263,-280.30139513323286
1393507.392642,227.58582676649263,-280.30139513323286
1393517.025074,227.58582676649263,-280.30139513323286
1393521.775928,218.80200518061488,-320.48649542971765
1393528.386535,199.73070183583147,-345.57502243557434
1393535.420304,199.73070183583147,-345.57502243557434
1393542.395825,199.73070183583147,-345.57502243557434
1393549.384393,199.73070183583147,-345.57502243557434
1393556.410609,198.67994119743489,-358.64014173240497
1393563.457986,262.5208399948664,-417.65577899298864
1393570.574956,317.11695477182406,-458.3462382862809
1393579.607107,375.72685131416296,-500.5814409971232
1393584.391925,406.1325674658708,-537.988010143584
1393593.597081,360.141876522903,-576.9765880610751
1393598.843983,306.3534007707012,-629.051748230279
1393605.377865,236.474050200709,-696.6146770890115
1393612.368614,187.80567434689195,-745.4759211013843
1393619.370086,138.26551640401578,-790.2575419743011
1393626.371817,79.28458907110779,-858.1518306340099
1393633.393063,30.069710625197096,-867.3703531774653
1393640.386242,6.150778739000382,-828.5554251151397
1393648.07945,-16.24508296385367,-762.5857022778573
1393656.337071,-58.70298751097666,-754.6183318668606
1393661.386974,-65.38890083872796,-746.3627337117313
1393668.371347,-69.32007100547675,-711.5435817529886
1393675.378424,-67.97900038870273,-692.8833199021243
1393682.379178,-71.3822872754541,-676.8831659789045
1393689.371403,-84.50164436868928,-664.1617087336319
1393696.370519,-84.50164436868928,-664.1617087336319
1393704.52529,-84.50164436868928,-664.1617087336319
1393710.370622,-84.50164436868928,-664.1617087336319
1393717.37237,-84.50164436868928,-664.1617087336319
1393724.372052,-108.22268012081508,-648.4446478585348
1393731.890486,-125.83664786198612,-661.3604325636587
1393738.73398,-141.4943294532921,-675.2737044255832
1393745.857224,-143.12473399437891,-695.2417063289939
1393752.372251,-137.12153625768033,-710.2213828377286
1393759.3864,-157.92416762979454,-725.0410529557313
1393766.370328,-161.15546700815133,-728.0399102731318
1393773.371855,-159.99608153714036,-747.7230049406704
1393780.371658,-159.99608153714036,-747.7230049406704
1393787.495365,-159.70956708950783,-746.7493345435578
1393794.37373,-89.54727262340722,-751.6841028565709
1393801.387664,-34.41589776890152,-757.7309316384735
1393808.389778,5.072774850837642,-790.8373278965938
1393815.394033,22.411395924215324,-865.9770725068324
1393822.378183,67.76479543530975,-873.1318110040653
1393829.386437,91.48264131688866,-850.7893143092415
1393836.370922,158.88176468350466,-763.1759602086033
1393843.772007,223.71523133644635,-701.393239110153
1393850.797159,293.45126875268227,-636.6627343910577
1393857.886583,388.6308194271907,-545.9942438689817
1393864.791649,450.8175607016799,-488.9759179806938
1393871.904675,515.3231024298243,-428.8782554039685
1393892.424344,507.46780266232247,-278.9737609307525
1393899.384144,483.4737542404662,-236.2858506607768
1393906.384342,516.2017060318541,-213.80563607591736
1393941.388088,536.1346725674423,-140.72473733096334
1393948.394718,437.8115877684637,-97.28663098231344
1393955.490109,374.1113355998245,-34.25636561799864
1395481.549413,344.58591577034406,8.988956063879094
1395488.389379,302.9131769223317,-21.65038319215509
1395495.883883,225.8642999346028,-60.45467780089281
1395502.937342,199.3237750693982,-63.03591747837061
1395509.781503,186.86556952982565,-20.19098594139909
1477539.560459,-28.782943604826414,-431.6716155840643
1477539.56113,-28.782943604826414,-431.6716155840643
1477540.959701,-28.782943604826414,-431.6716155840643
1477546.427504,-28.782943604826414,-431.6716155840643
1477546.428152,-28.782943604826414,-431.6716155840643
1477547.497732,-28.782943604826414,-431.6716155840643
1477554.53612,-8.108013163421779,-426.04430303547787
1477561.497897,58.441706988241855,-404.8881715010919
1477568.496214,137.1359495151284,-374.5934254907128
1477575.547906,233.5560377716317,-345.02473102107194
1477582.537752,263.9097441849046,-315.3474374855996
1477589.536106,258.8810314645204,-292.3754354779123
1477596.542177,251.5436833225472,-287.42772161238605
1477603.497869,220.2801142445222,-251.0731880842315
1477610.536075,200.7959059416474,-225.71853771402192
1477617.537237,177.52530837920918,-141.9382668918166
1477624.497863,244.89363950269149,-92.3394352118599
1477631.868604,325.60947772944127,-53.62432047176321
1477638.504236,371.2837921517254,17.31579430794949
1477743.495322,369.1113297419103,2.071995923588944
1477750.50399,391.17240698480987,-66.74828725388672
1477757.498313,457.0726158907714,-128.86694003429426
1479836.490078,369.2820702522009,-23.3815345797264
1479843.508613,377.3238796464509,-50.5036865628386
1479850.488977,416.4121359645194,-93.91462691062084
1479857.71986,497.5155134485925,-138.53471984352774
1483816.09629,435.2194698757019,-820.6272087194866
1483823.133777,380.301132502202,-872.5692772535424
1483830.135774,323.94738937012966,-921.6676186088126
1561176.669167,365.6608554659482,20.783315270209588
1561183.66792,370.85440864693385,-21.229533497180945
1561190.662363,418.5039941693042,-90.94738500229522
1561197.662889,470.6825377909212,-122.47038763309578
1561204.668555,526.1272008640568,-147.80830468862086
1565438.636437,365.77029322179806,14.770856515824082
1565445.653977,308.38092317537667,-77.71796388995983
1565452.648448,223.61536583950803,-112.18117203093053
1565459.62675,179.71328035998266,-162.7077469469599
1565466.608534,221.1772775555509,-269.7271167636522
1565473.62713,222.55433945669995,-313.6871671191375
1565483.434918,179.35534445601226,-356.0334881405103
1565487.636563,80.69365812331804,-393.94933607685033
1565494.625063,59.32833584299131,-398.3583240312622
1565501.626039,46.1211719899184,-397.9970486886105
1565508.626078,26.78797237920276,-403.44282866187
1565515.625392,11.711911423482515,-409.7105354340824
1565522.624845,-7.391141331032575,-417.015968245913
1565529.625065,-37.221758132184085,-407.6374771929549
1565539.63423,-64.91475887277984,-375.6500526267503
1565544.003677,-94.62718700369408,-333.0350490404668
1565551.033599,-150.57693242539722,-268.781514071281
1565558.71074,-186.03967656717236,-229.1949425671272
1565566.217427,-214.46400341626415,-198.40257637968668
1565571.642662,-241.6278383224863,-201.9853678711676
1565578.61331,-239.91833713055047,-213.20044664599232
1565585.627378,-239.91833713055047,-213.20044664599232
1565592.624293,-239.91833713055047,-213.20044664599232
1565600.084012,-239.91833713055047,-213.20044664599232
1565606.95618,-239.91833713055047,-213.20044664599232
1565613.977028,-239.91833713055047,-213.20044664599232
1565620.959625,-239.91833713055047,-213.20044664599232
1565628.065439,-239.91833713055047,-213.20044664599232
1565635.742766,-239.91833713055047,-213.20044664599232
1565641.998369,-234.5398775690265,-220.50732474574377
1565649.104986,-222.59107550305797,-227.64385140578509
1565655.632226,-223.076667393339,-213.87005333270292
1565662.625873,-223.076667393339,-213.87005333270292
1565664.252779,-223.076667393339,-213.87005333270292
1565669.610471,-223.076667393339,-213.87005333270292
1565676.61334,-223.076667393339,-213.87005333270292
1565683.609459,-223.076667393339,-213.87005333270292
1565691.524109,-223.076667393339,-213.87005333270292
1565697.610147,-223.076667393339,-213.87005333270292
1565704.615629,-223.076667393339,-213.87005333270292
1565711.609012,-223.076667393339,-213.87005333270292
1565718.628008,-223.076667393339,-213.87005333270292
1565725.611915,-223.076667393339,-213.87005333270292
1565735.909978,-223.076667393339,-213.87005333270292
1565740.145168,-223.076667393339,-213.87005333270292
1565747.020935,-223.076667393339,-213.87005333270292
1565754.470381,-223.076667393339,-213.87005333270292
1565761.895842,-223.076667393339,-213.87005333270292
1565768.134949,-223.076667393339,-213.87005333270292
1565775.249403,-223.076667393339,-213.87005333270292
1565782.150724,-223.076667393339,-213.87005333270292
1565789.026324,-223.076667393339,-213.87005333270292
1565796.133054,-223.076667393339,-213.87005333270292
1565803.249222,-223.076667393339,-213.87005333270292
1565809.617611,-223.076667393339,-213.87005333270292
1565816.625776,-223.076667393339,-213.87005333270292
1565823.614929,-223.076667393339,-213.87005333270292
1565830.609217,-223.076667393339,-213.87005333270292
1565837.628868,-223.076667393339,-213.87005333270292
1565844.62565,-223.076667393339,-213.87005333270292
1565852.522843,-223.076667393339,-213.87005333270292
1565859.063513,-223.076667393339,-213.87005333270292
1565866.406749,-224.5086031385144,-210.8218465504481
1565873.119637,-224.5086031385144,-210.8218465504481
1565880.451147,-224.5086031385144,-210.8218465504481
1565888.587078,-224.5086031385144,-210.8218465504481
1565893.625178,-224.5086031385144,-210.8218465504481
1565900.625013,-224.5086031385144,-210.8218465504481
1565908.601503,-224.5086031385144,-210.8218465504481
1565914.986744,-224.5086031385144,-210.8218465504481
1565921.955136,-224.5086031385144,-210.8218465504481
1565929.112084,-224.5086031385144,-210.8218465504481
1565935.607204,-224.5086031385144,-210.8218465504481
1565942.608113,-224.5086031385144,-210.8218465504481
1565949.606823,-224.5086031385144,-210.8218465504481
1565956.993422,-224.5086031385144,-210.8218465504481
1565963.961346,-224.5086031385144,-210.8218465504481
1565970.994762,-224.5086031385144,-210.8218465504481
1565977.94713,-224.5086031385144,-210.8218465504481
1565985.558959,-224.5086031385144,-210.8218465504481
1565991.959061,-224.5086031385144,-210.8218465504481
1565999.620044,-224.5086031385144,-210.8218465504481
1566005.965301,-224.5086031385144,-210.8218465504481
1566012.988075,-224.5086031385144,-210.8218465504481
1566019.95516,-224.5086031385144,-210.8218465504481
1566026.970627,-224.5086031385144,-210.8218465504481
1566034.114955,-224.5086031385144,-210.8218465504481
1566040.984105,-224.5086031385144,-210.8218465504481
1566047.949441,-224.5086031385144,-210.8218465504481
1566055.15253,-224.5086031385144,-210.8218465504481
1566061.607405,-224.5086031385144,-210.8218465504481
1566068.608451,-224.5086031385144,-210.8218465504481
1566076.13333,-224.5086031385144,-210.8218465504481
1566082.985362,-224.5086031385144,-210.8218465504481
1566089.952184,-224.5086031385144,-210.8218465504481
1566097.114546,-224.5086031385144,-210.8218465504481
1566103.948181,-224.5086031385144,-210.8218465504481
1566111.05365,-224.5086031385144,-210.8218465504481
1566118.660047,-224.5086031385144,-210.8218465504481
1566125.068331,-224.5086031385144,-210.8218465504481
1566131.953401,-224.5086031385144,-210.8218465504481
1566138.981368,-224.5086031385144,-210.8218465504481
1566145.946931,-224.5086031385144,-210.8218465504481
1566153.701039,-224.5086031385144,-210.8218465504481
1566159.94199,-224.5086031385144,-210.8218465504481
1566166.968254,-224.5086031385144,-210.8218465504481
1566174.013777,-224.5086031385144,-210.8218465504481
1566180.643698,-224.5086031385144,-210.8218465504481
1566187.608329,-224.5086031385144,-210.8218465504481
1566194.606701,-224.5086031385144,-210.8218465504481
1566202.02568,-225.39068797502915,-211.86541726619257
1566208.963956,-226.64660609546223,-212.46344375647828
1566216.003171,-226.40331961358189,-212.4352561476238
1566222.960275,-226.1624054162273,-212.02610022365164
1566231.021403,-226.1624054162273,-212.02610022365164
1566236.963064,-226.1624054162273,-212.02610022365164
1566244.016776,-226.1624054162273,-212.02610022365164
1566250.970713,-226.1624054162273,-212.02610022365164
1566258.652587,-226.1624054162273,-212.02610022365164
1566265.04566,-226.1624054162273,-212.02610022365164
1566272.92941,-226.1624054162273,-212.02610022365164
1566278.94713,-226.1624054162273,-212.02610022365164
1566285.944339,-226.1624054162273,-212.02610022365164
1566292.952158,-226.1624054162273,-212.02610022365164
1566299.607114,-226.1624054162273,-212.02610022365164
1566306.624747,-226.1624054162273,-212.02610022365164
1566313.609328,-226.1624054162273,-212.02610022365164
1566320.609099,-226.1624054162273,-212.02610022365164
1566328.093424,-226.1624054162273,-212.02610022365164
1566335.045803,-226.1624054162273,-212.02610022365164
1566342.054949,-226.1624054162273,-212.02610022365164
1566349.003381,-226.1624054162273,-212.02610022365164
1566355.969065,-226.1624054162273,-212.02610022365164
1566363.085725,-226.1624054162273,-212.02610022365164
1566370.765516,-226.1624054162273,-212.02610022365164
1566377.069417,-226.1624054162273,-212.02610022365164
1566384.316488,-226.1624054162273,-212.02610022365164
1566391.119279,-226.1624054162273,-212.02610022365164
1566397.966765,-226.1624054162273,-212.02610022365164
1566405.879021,-226.1624054162273,-212.02610022365164
1566412.0096,-226.1624054162273,-212.02610022365164
1566419.150244,-226.1624054162273,-212.02610022365164
1566425.626305,-226.1624054162273,-212.02610022365164
1566432.606531,-226.1624054162273,-212.02610022365164
1566439.607923,-226.1624054162273,-212.02610022365164
1566446.608084,-226.1624054162273,-212.02610022365164
1566453.607328,-226.1624054162273,-212.02610022365164
1566461.84812,-226.1624054162273,-212.02610022365164
1566467.964507,-226.1624054162273,-212.02610022365164
1566475.004938,-229.4885272733139,-213.50093098796975
1566481.97847,-229.4884631694225,-213.5009402173307
1566489.138239,-229.4884631694225,-213.5009402173307
1566496.140562,-229.4884631694225,-213.5009402173307
1566502.628566,-229.4884631694225,-213.5009402173307
1566509.608675,-229.4884631694225,-213.5009402173307
1566516.623751,-229.4884631694225,-213.5009402173307
1566523.623806,-229.4884631694225,-213.5009402173307
1566531.048436,-229.4884631694225,-213.5009402173307
1566538.244574,-229.4884631694225,-213.5009402173307
1566545.146488,-229.4884631694225,-213.5009402173307
1566551.623539,-229.4884631694225,-213.5009402173307
1566558.623076,-229.4884631694225,-213.5009402173307
1566565.625293,-229.4884631694225,-213.5009402173307
1566573.214267,-229.4884631694225,-213.5009402173307
1566580.695597,-229.4884631694225,-213.5009402173307
1566587.045095,-229.4884631694225,-213.5009402173307
1566594.000378,-229.4884631694225,-213.5009402173307
1566601.205166,-229.4884631694225,-213.5009402173307
1566608.008251,-229.4884631694225,-213.5009402173307
1566615.194634,-229.4884631694225,-213.5009402173307
1566621.615232,-229.4884631694225,-213.5009402173307
1566628.608726,-229.4884631694225,-213.5009402173307
1566635.605998,-229.4884631694225,-213.5009402173307
1566643.025702,-229.4884631694225,-213.5009402173307
1566649.998352,-229.4884631694225,-213.5009402173307
1566657.051346,-229.4884631694225,-213.5009402173307
1566664.138697,-229.4884631694225,-213.5009402173307
1566670.61372,-229.4884631694225,-213.5009402173307
1566678.685494,-229.4884631694225,-213.5009402173307
1566685.034387,-229.4884631694225,-213.5009402173307
1566692.30508,-229.4884631694225,-213.5009402173307
1566699.04304,-229.4884631694225,-213.5009402173307
1566706.309392,-229.4884631694225,-213.5009402173307
1566713.270718,-229.4884631694225,-213.5009402173307
1566720.141101,-229.4884631694225,-213.5009402173307
1566727.039687,-229.4884631694225,-213.5009402173307
1566734.320445,-229.4884631694225,-213.5009402173307
1566741.202256,-229.4884631694225,-213.5009402173307
1566748.094869,-229.4884631694225,-213.5009402173307
1566755.047874,-229.4884631694225,-213.5009402173307
1566762.233462,-229.4884631694225,-213.5009402173307
1566769.048343,-229.4884631694225,-213.5009402173307
1566776.073474,-229.4884631694225,-213.5009402173307
1566783.04387,-229.4884631694225,-213.5009402173307
1566790.364523,-229.4884631694225,-213.5009402173307
1566796.609836,-229.4884631694225,-213.5009402173307
1566803.607065,-229.4884631694225,-213.5009402173307
1566811.188959,-229.4884631694225,-213.5009402173307
1566818.335714,-229.4884631694225,-213.5009402173307
1566825.045193,-229.4884631694225,-213.5009402173307
1566832.012887,-229.4884631694225,-213.5009402173307
1566839.031771,-229.4884631694225,-213.5009402173307
1566846.016211,-229.4884631694225,-213.5009402173307
1566853.03176,-229.4884631694225,-213.5009402173307
1566860.064934,-229.4884631694225,-213.5009402173307
1566867.040848,-229.4884631694225,-213.5009402173307
1566874.017389,-229.4884631694225,-213.5009402173307
1566881.20366,-229.4884631694225,-213.5009402173307
1566887.606587,-229.4884631694225,-213.5009402173307
1566894.622784,-229.4884631694225,-213.5009402173307
1566901.607077,-229.4884631694225,-213.5009402173307
1566909.363467,-229.4884631694225,-213.5009402173307
1566915.607828,-229.4884631694225,-213.5009402173307
1566922.606223,-229.4884631694225,-213.5009402173307
1566929.625273,-229.4884631694225,-213.5009402173307
1566937.036895,-229.4884631694225,-213.5009402173307
1566944.648292,-229.4884631694225,-213.5009402173307
1566950.606707,-229.4884631694225,-213.5009402173307
1566957.621209,-229.4884631694225,-213.5009402173307
1566965.529609,-229.4884631694225,-213.5009402173307
1566972.223816,-229.4884631694225,-213.5009402173307
1566979.039643,-229.4884631694225,-213.5009402173307
1566986.304887,-229.4884631694225,-213.5009402173307
1566993.467601,-229.4884631694225,-213.5009402173307
1566999.610325,-229.4884631694225,-213.5009402173307
1567006.606689,-229.4884631694225,-213.5009402173307
1567013.623415,-229.4884631694225,-213.5009402173307
1567021.886851,-229.4884631694225,-213.5009402173307
1567028.121039,-229.4884631694225,-213.5009402173307
1567035.030348,-229.4884631694225,-213.5009402173307
1567041.606374,-229.4884631694225,-213.5009402173307
1567048.607763,-229.4884631694225,-213.5009402173307
1567055.605975,-229.4884631694225,-213.5009402173307
1567063.649419,-229.4884631694225,-213.5009402173307
1567070.047719,-229.4884631694225,-213.5009402173307
1567077.229025,-229.4884631694225,-213.5009402173307
1567084.054224,-229.4884631694225,-213.5009402173307
1567090.606717,-229.4884631694225,-213.5009402173307
1567097.605406,-224.7012517454797,-226.94725216579008
1567104.586595,-208.20313066614696,-296.24327205803564
1567104.617798,-208.20313066614696,-296.24327205803564
1567111.628998,-195.05524166657344,-331.8663490876644
1567121.805778,-179.6035667648106,-333.17482645105906
1567125.654201,-120.43890404135988,-321.4496515807709
1567132.632243,-79.88928600347847,-311.2423208054693
1567139.613935,-29.97264947095253,-294.73032569593806
1567146.614801,-4.068814000308771,-251.91893464568616
1567154.499481,13.78790599365956,-228.8069427863619
1567160.620298,61.10518006923262,-260.7431736351983
1567167.605775,136.56627218607358,-315.35967333580686
1567174.625625,164.73377772631918,-338.0113969283672
1567182.15574,177.61831007800544,-351.3719407538994
1567189.285705,226.9709074838128,-392.74534218753865
1567196.46938,279.2136016308184,-430.8780784952692
1567202.985608,322.0758133617904,-461.5088653405221
1567210.791239,356.7750697077708,-489.8204896006903
1567216.61421,408.9869008974031,-527.3670855926773
1567223.606452,439.5015311686005,-550.0820126045027
1567230.627098,499.3522137091798,-592.5342077654468
1567237.607734,507.8159739789844,-599.864203731203
1574991.334277,-361.0124382787386,-896.0865263526647
1574999.304466,-409.5228347189342,-747.0171806302302
1575005.573935,-440.4494209097992,-657.1305099236826
1575012.324031,-457.5976849787887,-597.7905564198423
1575019.334464,-443.4033008618652,-577.510876557183
1575026.32378,-443.4033008618652,-577.510876557183
1575033.33373,-443.4033008618652,-577.510876557183
1575040.33348,-443.4033008618652,-577.510876557183
1575047.323414,-443.4033008618652,-577.510876557183
1575054.814868,-443.4033008618652,-577.510876557183
1575061.703543,-443.4033008618652,-577.510876557183
1575068.693482,-443.4033008618652,-577.510876557183
1575075.702863,-443.4033008618652,-577.510876557183
1575082.854827,-402.3139492818622,-584.1205996282695
1575090.505427,-365.3483682560292,-550.4378041008009
1575096.738885,-373.6584285232976,-507.69338449249136
1575103.321253,-422.94181181183865,-516.2656893005844
1575110.314802,-467.43072361920656,-538.1077453559938
1575117.330818,-465.8651796667436,-592.7445887115306
1575126.730793,-430.43759327445525,-702.2399655758021
1575131.832393,-403.0315469832584,-790.2066851213589
1575138.822833,-378.1235531216727,-878.0616400827276
1642215.025181,360.3691426524823,22.702876844807637
1642222.048576,362.86849353207583,-40.68865558536659
1642229.016394,273.3617479191008,-97.21978685801498
1642236.006792,196.52819237370852,-134.6206381621219
1642243.02113,187.48965855087712,-206.41718924637
1642250.021239,233.1164192052545,-300.6326943496281
1642257.017456,189.19618299347545,-354.23417708872904
1642264.008971,129.8915036877065,-380.0244597261554
1642271.017301,29.879777448499222,-415.0043424759132
1642278.014537,-33.09207473010837,-435.84006831661776
1642285.00015,-78.05760781768828,-452.8330782662288
1642292.445823,-127.06149016379784,-466.82685393683374
1642299.429046,-167.10853769324623,-477.9204329547296
1642306.402004,-211.79801456831376,-491.6473809268962
1642314.064616,-271.19969413873395,-513.1196360008414
1642320.01679,-314.07354448038905,-529.3395991878205
1642327.013332,-345.6916860440048,-540.6508615859451
1642333.999427,-374.76044963916826,-517.2711561112661
1642341.002419,-404.20416023716695,-516.3798742026801
1642348.006981,-443.66062946059367,-528.7921472483752
1642355.000539,-468.0789268121887,-539.4255959850072
1642362.006725,-454.5832619029454,-584.2515594821218
1642368.997512,-439.5472597508752,-647.8952664131707
1642376.005699,-409.4511102084047,-748.2500640141013
1642383.002204,-397.8579767408672,-779.5285118194475
1642390.653841,-381.92141324617074,-826.1693900419293
1642397.05048,-362.172009987738,-892.8853199048123
1642404.059724,-346.5871923526672,-934.1211198636004
1646320.293712,-365.6059152361886,-913.88976600842
1646327.294673,-381.2183465638978,-850.3321090424793
1646334.253974,-394.7497358314528,-802.7776615467425
1646341.253361,-405.4977499840783,-762.0787476169199
1646348.244182,-411.4851335094469,-738.0736290891057
1646355.254308,-424.43707299433936,-696.490403575888
1646362.243454,-440.2894818919058,-650.8045526179241
1646369.23582,-453.8986296918145,-607.9774680661748
1646376.23566,-419.52521729971136,-569.019618856922
1646383.234034,-371.8734827199528,-550.9480963579201
1646390.354491,-329.6325755754194,-528.6172470783458
1646397.249255,-273.4390428735088,-517.363195434802
1646404.233077,-180.16407121909813,-496.8901739539449
1646411.866712,-109.68559902216936,-472.5000914434553
1646418.262248,-50.31786188442613,-449.5218407633637
1646425.232895,-2.2337480894516344,-427.82149634805705
1646432.234983,23.21081864278987,-417.69818088758495
1646439.236443,82.9110444817355,-396.86438278538384
1646446.621375,184.70340790287293,-364.3058395677243
1646453.963469,246.7673116245465,-345.306854051968
1646460.637305,332.90851573553164,-304.7810451251387
1646467.248871,453.8528057667661,-248.3502292366736
1646474.233857,538.9562097452447,-211.1257144726308
1648532.23583,1.4298318576514026,-8.619906591182597
1648539.257636,19.685546626126868,-41.92406032938508
1648546.250147,102.18720450487574,-7.051082830651526
1648553.237014,166.4402507430197,17.471479995974907
1649806.264817,360.0105375321803,31.63996178372737
1649813.244147,371.0070467055344,-29.162984212117934
1649820.236175,308.4942029261621,-71.65705195307385
1649827.234251,188.1016894653812,-128.93898613149028
1649835.138015,182.90278678429135,-198.68384565924984
1649841.916677,209.0737924944528,-245.818041332458
1649848.24327,213.3060722229339,-250.8219387048495
1649855.253219,213.3060722229339,-250.8219387048495
1649862.240983,213.3060722229339,-250.8219387048495
1649869.259142,228.63713076977243,-278.4512564178765
1649876.285348,224.62126030299132,-316.22686406979767
1649883.24289,200.35720127506215,-344.90036984802305
1649890.233169,230.54887900523235,-388.7261290645321
1649900.946848,252.23848282408645,-404.1295026236862
1649904.323393,280.3698839032385,-423.7662384580755
1649911.255381,324.5126507395592,-462.0710209341212
1649918.235471,348.9696659546749,-487.7639836563168
1649925.235726,368.0147295052456,-507.768205486515
1649932.695995,371.3827363477822,-517.0760888520143
1649939.715832,371.3827363477822,-517.0760888520143
1649946.241032,371.3827363477822,-517.0760888520143
1649953.232522,379.493370218484,-525.1022691049219
1649961.572273,395.3677665930768,-527.4013906540251
1649967.234936,386.3033769921845,-545.982765741901
1649974.233841,311.7711493915369,-615.8147238761322
1649981.250615,259.4926293580631,-663.3451902388053
1649988.236928,215.10934341506908,-706.5051355982929
1649995.267037,137.40888199838042,-781.5553878195064
1650002.264702,92.20083957592892,-822.9111480712812
1650009.255848,70.10689537232685,-885.4626517654953
1652392.455209,-358.2954757949164,-941.2348132347776
1652402.484811,-384.7693638002958,-855.7044583322428
1652409.580741,-405.00138097027946,-783.3634040207673
1652413.452613,-420.80714787602113,-719.3928910262161
1652420.462703,-435.07938620217016,-680.3415689410755
1652427.442972,-446.0999107185065,-640.3673025410008
1652437.521697,-437.33935282345817,-578.7070798489808
1652441.446741,-381.75380051056624,-557.2736293435173
1652448.464152,-342.8928124519648,-535.1617687046704
1652455.46178,-260.57978188457605,-503.0747813361932
1652462.462647,-207.23105329749916,-484.4131185298037
1652469.463442,-158.1319375330389,-468.9142055076919
1652476.453442,-94.53908581073014,-445.7715257154524
1652483.448034,-63.41042671241824,-428.6082902194759
1652492.559067,-57.28506782111603,-427.2362721612446
1652497.889408,-30.45416721988581,-424.09403404587954
1652504.465484,23.3651661253326,-408.2135848669808
1652515.081111,86.53453771260192,-382.2693451657304
1652518.451949,170.0317370799744,-354.6431077902409
1652525.448366,172.21631356133838,-354.2016495701987
1652532.464211,172.21631356133838,-354.2016495701987
1652539.448225,172.21631356133838,-354.2016495701987
1652546.941247,172.21631356133838,-354.2016495701987
1652556.257632,172.21631356133838,-354.2016495701987
1652561.700384,172.21631356133838,-354.2016495701987
1652567.464861,172.21631356133838,-354.2016495701987
1652574.463274,177.4596408336922,-353.8714439192001
1652581.454334,248.9513501092584,-330.7224868348994
1652591.584187,253.85415041838343,-290.9460251013936
1652595.572552,210.58724353982925,-226.1021448555852
1652602.466764,196.5174600049392,-115.88983164481284
1652609.452526,270.5968973738268,-78.46933971576192
1652616.464914,324.2672499652061,-58.129838830551925
1652623.454674,362.97143506248415,-38.03079287791882
1652630.568351,377.43880322345166,17.133846501471815
1653948.424006,361.4081221102306,13.323428236747096
1653955.420009,367.181571211705,-25.62581620604521
1653962.419081,367.181571211705,-25.62581620604521
1653969.425131,367.181571211705,-25.62581620604521
1653976.780582,367.181571211705,-25.62581620604521
1653983.439203,367.181571211705,-25.62581620604521
1653990.445169,360.42988338174735,-28.84151617353464
1653990.862435,326.7527715670528,-39.91036001207138
1653997.4215,258.6640207992268,-79.54763215385995
1654004.420689,186.54646508043052,-119.76252727541024
1654011.427234,185.0141574122833,-198.2283688505214
1654018.421061,238.21865098907188,-297.2010653080836
1654025.429405,209.0813690108176,-337.070724675718
1654035.175691,204.78740214490236,-341.8296181525352
1654039.429713,204.56896807562936,-368.8124384370548
1654046.458687,243.7300152497768,-400.8583042878727
1654053.439521,293.6100656821219,-436.057815769719
1654060.42769,360.5369492016442,-488.7309316771787
1654067.424732,390.5786950202469,-510.2812647676224
1654074.422375,396.1873811556352,-514.9505773887525
1654083.39819,396.1873811556352,-514.9505773887525
1654088.518094,396.1873811556352,-514.9505773887525
1654095.419476,399.8882058969056,-520.1909354712086
1654102.428482,406.024609534587,-533.2641699965722
1654109.444414,376.077205947403,-576.5522814937763
1654116.424464,312.134321239138,-618.3066998745019
1654123.781662,231.0220055720264,-684.1173719143693
1654130.421459,174.44222576490583,-735.7956856970535
1654137.43959,122.49684823287691,-789.271621495484
1654144.443597,76.44942557031766,-874.2883565140522
1654151.4286,74.18024091172951,-934.859252467276
1657098.447118,-358.6917210291711,-914.472567470124
1657105.577071,-384.29108703262807,-827.7113579109911
1657112.499267,-399.25265909429817,-771.7498730159124
1657119.488053,-416.5134612980579,-720.8183769782282
1657126.427891,-444.4802656620306,-634.3247389823528
1657136.079365,-444.421994144784,-618.5424113352971
1657140.791696,-417.9421928926114,-576.0387145391819
1657147.864642,-356.64891505233805,-541.044053820346
1657155.273285,-304.59811465031913,-520.1143547757486
1657161.437154,-233.24323962516908,-497.6274324775912
1657171.352553,-113.79389944703804,-459.8073153835381
1657175.416506,-26.38348352778555,-428.2581442371907
1657182.434643,58.26612791864172,-397.5829958465294
1657192.263221,164.07553082917053,-362.4894839316392
1657196.891486,175.7760700801311,-359.7430156968678
1657203.434634,175.7760700801311,-359.7430156968678
1657211.079437,175.7760700801311,-359.7430156968678
1657217.848626,175.7760700801311,-359.7430156968678
1657224.97157,175.7760700801311,-359.7430156968678
1657231.92086,210.8160046611981,-352.75434686115284
1657239.430291,256.20108389459153,-330.6727276291541
1657245.417457,258.3269672213311,-290.8125690000625
1657252.424807,191.1116708534425,-194.88227452571792
1657259.417232,180.49387986860543,-139.27017835986862
1657268.176247,240.17524006808992,-94.56701893538909
1657273.435901,346.44731648177986,-52.2926380401143
1657280.416108,377.1233785426742,-35.765566381572576
1657287.424943,379.3790663568474,7.699269094071907
1660017.419969,7.468295466183314,8.40557326294027
1660024.410067,0.4922253009274312,-74.12697380192218
1660031.426132,1.6480921676475404,-113.68667995000418
1660038.413051,10.774272607365472,-164.39823433975508
1660045.41256,17.095188055194907,-226.02742992296533
1660053.586218,52.89477462272352,-259.61257084027545
1660059.77198,59.294473188365,-297.5482857528249
1660067.85818,67.29413220590587,-364.3603775401008
1660073.417772,69.02713665011424,-389.6017883266049
1660080.427163,62.52777249938921,-399.8747324090374
1660087.432727,-13.399328320460222,-427.834176903123
1660096.706156,-75.18560413271791,-450.2094155860656
1660101.812159,-148.02161345408302,-476.6712968800542
1660108.828799,-257.2474124684062,-509.4576249760987
1660115.983775,-329.692417265204,-532.6841490353
1660122.797952,-365.6159978289221,-529.691047436922
1660129.820671,-405.1355933611267,-508.0257238009601
1660136.779831,-445.3536289562352,-527.0499981499667
1660143.823426,-471.5738830035805,-549.8344314978527
1660151.095367,-452.7913403148222,-636.7247199413702
1660157.432462,-429.01653919771616,-708.5386194325231
1660164.463936,-408.9511013022976,-782.7336542845927
1660173.592798,-372.3031150899532,-905.3132879272124
1660528.427279,-513.3913851879804,-830.1680409059767
1660535.426478,-513.0937826722743,-832.558458784824
1660542.831912,-520.4202166925447,-809.1915449138392
1660549.426388,-503.0109650762879,-765.2191229618927
1660556.410334,-511.6951052417907,-740.427077561409
1660563.41027,-517.1541394506952,-703.7444926712933
1660570.409296,-475.8131899659614,-661.1907735886598
1660577.753845,-442.3167487683784,-648.4428956074404
1660584.411748,-449.2463755054546,-616.0622835001811
1660591.416711,-412.9505124123062,-553.5705872523084
1660599.24859,-349.5839491181219,-533.5765227177428
1660605.820576,-274.4553363588313,-509.0264943599053
1660612.819455,-153.99201658062137,-470.899982906441
1660619.772011,-77.18076251747912,-445.4923780426848
1660627.065936,4.638176004007671,-417.70313142931775
1660634.909141,130.35303855669932,-374.3732303604176
1660640.410198,183.09986537319708,-353.9915032176433
1660647.433965,191.8846053645324,-350.90826733847985
1660654.411422,254.1928592064096,-319.1992870846688
1660661.447645,252.893359918137,-284.30507372680347
1660668.597822,212.05592337975983,-223.3442397831982
1660675.425415,203.8492916764316,-120.4075050869623
1660682.419766,274.52268432963467,-68.49767967357732
1660689.428292,364.2238112218407,-33.75730982425902
1663048.805202,359.1893586135342,25.97694998778435
1663055.772636,366.72417311117306,5.712854167075055
1663062.427196,365.2995423662294,-24.603903154545783
1663062.65694,357.674586153268,-39.97355382241345
1663069.409505,326.1228707374311,-58.99257803826012
1663079.526555,273.9779428910731,-86.86282937626463
1663083.411587,213.26494626173096,-119.19382747093849
1663090.434781,187.55981021736253,-198.97471961690897
1663097.409619,219.27593400046496,-260.49960363719697
1663104.409006,233.32859597448817,-297.26461759724367
1663111.417133,206.038625205766,-338.6730614761325
1663120.499217,206.038625205766,-338.6730614761325
1663125.41192,206.038625205766,-338.6730614761325
1663132.424877,206.038625205766,-338.6730614761325
1663139.409555,206.9003982791336,-353.4277003280516
1663146.40849,217.06364899763216,-373.6822048986882
1663153.427673,263.532123617713,-415.6427363201169
1663160.432118,302.1954364265508,-441.35388967035175
1663167.411059,337.7706490819723,-469.4694041151285
1663174.407043,395.9608857831936,-513.8167733904029
1663181.426082,397.3864210104044,-535.8732313117282
1663188.412457,361.9811427245406,-573.0100513366165
1663197.400902,292.53984682671995,-633.7079103966487
1663205.074847,237.39836230646745,-680.0896928769389
1663209.958529,177.9923548403027,-731.0597796519355
1663217.54171,104.47725629753816,-802.8154174914554
1663223.559336,75.69329119587535,-864.3026673204461
1663230.415292,73.94393128507546,-927.1617382843526
1663363.434221,322.3832749278954,-936.854852467054
1663370.428592,349.252826952706,-910.4712724396828
1663377.84414,378.0880298223184,-884.4862753051117
1663384.817448,418.7987909066707,-844.2113887104341
1663391.809027,443.3091594726018,-822.8679299276286
1663398.821494,472.6415796361233,-797.3158240459986
1663406.966932,509.0999726155376,-764.272115410917
1663412.813773,532.8728755935607,-742.5597682543931
1664620.011639,360.476209053085,26.213229851699733
1664622.824836,352.6673543921331,-42.73046731054614
1664623.453624,352.6673543921331,-42.73046731054614
1664630.409945,293.64613474424,-77.43401819137163
1664637.419648,233.3750900036842,-103.26271036311822
1664644.411974,185.67925463297848,-175.22194212374734
1664651.408644,206.43858108244424,-236.62074013366188
1664658.41129,232.3224024477568,-284.40978278888804
1664665.413473,200.7734139485883,-340.8648503076065
1664672.409283,199.62493949260696,-343.4049454181222
1664679.858529,199.62493949260696,-343.4049454181222
1664686.425194,199.62493949260696,-343.4049454181222
1664693.425835,199.62493949260696,-343.4049454181222
1664700.76472,199.62493949260696,-343.4049454181222
1664707.925861,199.62493949260696,-343.4049454181222
1664715.403066,199.62493949260696,-343.4049454181222
1664721.807344,199.62493949260696,-343.4049454181222
1664729.016688,214.35801689196015,-378.591202576813
1664735.814012,259.290865591453,-417.5107636732004
1664742.418593,315.0904102877479,-457.3465285670042
1664749.410963,391.2152443114247,-514.6195292004484
1664756.430824,393.03586111204174,-536.9940278799297
1664763.426926,350.107568716356,-576.9668068268492
1664770.409508,254.83573088914332,-666.8006132742931
1664777.412586,179.95466170461046,-734.7410840697254
1664784.409203,112.4373638986376,-799.6986355148423
1664797.040441,71.99180760829752,-922.3036110493036
1733265.448973,-2.245453782227107,-19.49484774355362
1733272.44612,2.721031332379394,-72.61832884361863
1733279.454294,3.111881632713993,-135.35862237995164
1733286.43737,4.88896681700003,-197.10854671431665
1733293.620895,6.589909606195634,-228.59352489320443
1733300.453659,16.497589921597143,-233.94200467910616
1733307.447637,54.81062568301067,-256.64053580688704
1733314.452498,70.31632532296095,-343.88004253173085
1733321.454423,81.04311874515983,-390.8413068113018
1733330.822066,58.73123673417306,-411.6782925050422
1733335.807486,-32.55426733334638,-415.993967188393
1733342.811386,-91.00259058987253,-354.45256629505474
1733349.97712,-136.37595452693725,-301.62310659169214
1733356.909236,-185.42741927300975,-243.8815647163787
1733364.284766,-206.51635086727225,-221.01596139296535
1733371.542712,-219.97489288001145,-206.8756293242616
1733376.428271,-226.8940875835484,-210.7459501721528
1733377.454705,-226.8940875835484,-210.7459501721528
1733384.459288,-226.8940875835484,-210.7459501721528
1733391.436473,-226.8940875835484,-210.7459501721528
1733398.436624,-226.8940875835484,-210.7459501721528
1733407.662272,-226.8940875835484,-210.7459501721528
1733413.104878,-226.8940875835484,-210.7459501721528
1733419.626082,-226.8940875835484,-210.7459501721528
1733426.453751,-226.8940875835484,-210.7459501721528
1733433.434703,-226.8940875835484,-210.7459501721528
1733440.437022,-226.8940875835484,-210.7459501721528
1733447.464759,-226.8940875835484,-210.7459501721528
1733454.459432,-226.8940875835484,-210.7459501721528
1733461.453057,-226.8940875835484,-210.7459501721528
1733468.452996,-226.8940875835484,-210.7459501721528
1733475.437946,-226.8940875835484,-210.7459501721528
1733483.262564,-226.8940875835484,-210.7459501721528
1733489.827923,-226.8940875835484,-210.7459501721528
1733496.901947,-226.8940875835484,-210.7459501721528
1733503.829051,-226.8940875835484,-210.7459501721528
1733510.831369,-226.8940875835484,-210.7459501721528
1733524.613869,-226.8940875835484,-210.7459501721528
1733524.61761,-226.8940875835484,-210.7459501721528
1733531.460569,-226.8940875835484,-210.7459501721528
1733538.468238,-226.8940875835484,-210.7459501721528
1733545.460394,-226.8940875835484,-210.7459501721528
1733552.438167,-226.8940875835484,-210.7459501721528
1733559.454397,-226.8940875835484,-210.7459501721528
1733566.850118,-226.8940875835484,-210.7459501721528
1733574.128975,-226.8940875835484,-210.7459501721528
1733581.060642,-226.8940875835484,-210.7459501721528
1733587.818092,-226.8940875835484,-210.7459501721528
1733595.547328,-226.8940875835484,-210.7459501721528
1733601.936725,-226.8940875835484,-210.7459501721528
1733608.815366,-226.8940875835484,-210.7459501721528
1733616.184753,-226.8940875835484,-210.7459501721528
1733622.826071,-226.8940875835484,-210.7459501721528
1733629.810387,-226.8940875835484,-210.7459501721528
1733637.858242,-226.8940875835484,-210.7459501721528
1733643.895685,-226.8940875835484,-210.7459501721528
1733651.437051,-226.8940875835484,-210.7459501721528
1733657.460805,-226.8940875835484,-210.7459501721528
1733664.456976,-239.46749793196844,-209.2967876780293
1733671.449097,-248.3409335994243,-206.27701160751727
1733678.45318,-245.514296010616,-206.93320848988276
1733685.438962,-243.31328231062844,-206.76027686297996
1733694.966857,-243.3968243515748,-206.5333338713636
1733699.460857,-243.3968243515748,-206.5333338713636
1733706.435801,-243.3968243515748,-206.5333338713636
1733714.622196,-243.3968243515748,-206.5333338713636
1733720.453163,-243.3968243515748,-206.5333338713636
1733727.45729,-243.3968243515748,-206.5333338713636
1733734.449619,-243.3968243515748,-206.5333338713636
1733741.445057,-247.2942001071668,-204.939300037724
1733748.451392,-242.2618731242788,-212.04965314387763
1733755.443744,-237.77261452254467,-212.7868460782968
1733766.809837,-237.77275242148417,-212.78687815558897
1733769.892661,-237.77275242148417,-212.78687815558897
1733776.824178,-237.77275242148417,-212.78687815558897
1733784.100365,-237.77275242148417,-212.78687815558897
1733790.43443,-237.77275242148417,-212.78687815558897
1733797.44893,-237.77275242148417,-212.78687815558897
1733804.436986,-237.77275242148417,-212.78687815558897
1733811.436787,-237.77275242148417,-212.78687815558897
1733818.436869,-237.77275242148417,-212.78687815558897
1733825.862111,-237.77275242148417,-212.78687815558897
1733832.435963,-237.77275242148417,-212.78687815558897
1733839.434559,-237.77275242148417,-212.78687815558897
1733846.90745,-237.77275242148417,-212.78687815558897
1733854.254151,-237.77275242148417,-212.78687815558897
1733861.790492,-237.77275242148417,-212.78687815558897
1733867.812811,-237.77275242148417,-212.78687815558897
1733874.838598,-237.77275242148417,-212.78687815558897
1733881.80331,-237.77275242148417,-212.78687815558897
1733888.823852,-237.77275242148417,-212.78687815558897
1733895.800961,-237.77275242148417,-212.78687815558897
1733902.82335,-237.77275242148417,-212.78687815558897
1733909.460437,-237.77275242148417,-212.78687815558897
1733916.449287,-237.77275242148417,-212.78687815558897
1733923.863725,-237.77275242148417,-212.78687815558897
1733930.439616,-237.77275242148417,-212.78687815558897
1733937.459666,-237.77275242148417,-212.78687815558897
1733945.052715,-237.77275242148417,-212.78687815558897
1733951.784313,-237.77275242148417,-212.78687815558897
1733958.826539,-237.77275242148417,-212.78687815558897
1733965.888684,-237.77275242148417,-212.78687815558897
1733974.176103,-237.77275242148417,-212.78687815558897
1733980.181947,-237.77275242148417,-212.78687815558897
1733986.950028,-237.77275242148417,-212.78687815558897
1733993.950303,-237.77275242148417,-212.78687815558897
1734000.823368,-237.77275242148417,-212.78687815558897
1734007.979775,-237.77275242148417,-212.78687815558897
1734014.870546,-237.77275242148417,-212.78687815558897
1734021.915271,-237.77275242148417,-212.78687815558897
1734028.787324,-237.77275242148417,-212.78687815558897
1734035.456514,-237.77275242148417,-212.78687815558897
1734043.203377,-237.77275242148417,-212.78687815558897
1734049.875982,-237.77275242148417,-212.78687815558897
1734056.801916,-237.77275242148417,-212.78687815558897
1734063.841869,-237.77275242148417,-212.78687815558897
1734071.365576,-237.77275242148417,-212.78687815558897
1734077.855249,-237.77275242148417,-212.78687815558897
1734084.796953,-237.77275242148417,-212.78687815558897
1734091.855863,-237.77275242148417,-212.78687815558897
1734098.792781,-237.77275242148417,-212.78687815558897
1734105.835666,-237.77275242148417,-212.78687815558897
1734112.79668,-237.77275242148417,-212.78687815558897
1734120.039348,-237.77275242148417,-212.78687815558897
1734126.796839,-237.77275242148417,-212.78687815558897
1734134.289513,-237.77275242148417,-212.78687815558897
1734140.801974,-237.77275242148417,-212.78687815558897
1734147.841163,-237.77275242148417,-212.78687815558897
1734154.552674,-237.77275242148417,-212.78687815558897
1734161.433131,-237.77275242148417,-212.78687815558897
1734168.431646,-237.77275242148417,-212.78687815558897
1734176.43551,-237.77275242148417,-212.78687815558897
1734182.801974,-237.77275242148417,-212.78687815558897
1734189.850536,-237.77275242148417,-212.78687815558897
1734196.796727,-237.77275242148417,-212.78687815558897
1734203.90061,-237.77275242148417,-212.78687815558897
1734210.967529,-237.77275242148417,-212.78687815558897
1734217.846281,-237.77275242148417,-212.78687815558897
1734224.960583,-237.77275242148417,-212.78687815558897
1734232.167613,-237.77275242148417,-212.78687815558897
1734238.806328,-237.77275242148417,-212.78687815558897
1734245.862324,-237.77275242148417,-212.78687815558897
1734253.479474,-237.77275242148417,-212.78687815558897
1734259.830131,-237.77275242148417,-212.78687815558897
1734266.996624,-237.77275242148417,-212.78687815558897
1734273.927813,-237.77275242148417,-212.78687815558897
1734280.431716,-237.77275242148417,-212.78687815558897
1734292.724435,-237.77275242148417,-212.78687815558897
1734294.433819,-237.77275242148417,-212.78687815558897
1734301.433592,-237.77275242148417,-212.78687815558897
1734308.452665,-237.77275242148417,-212.78687815558897
1734316.70995,-241.64281525629028,-214.7881017820664
1734322.849306,-217.4531942365176,-271.40949552285963
1734325.42099,-206.2259991626381,-308.8631943539769
1734329.815334,-199.89959567876355,-333.37787617940273
1734336.920717,-160.24015000205915,-334.4055953046451
1734344.694026,-69.65583608304523,-318.9570368596482
1734350.937106,-14.47668455658722,-304.2354024580218
1734357.927311,1.6262600233620796,-271.1515104808519
1734365.044584,11.530372291418876,-233.63956002571672
1734371.440796,60.67452132288246,-263.98392188523786
1734378.456949,94.0612249052796,-289.16098603156144
1734387.338002,135.1959059823088,-320.72856826113053
1734392.452424,141.97244264244017,-327.53867669917065
1734399.452903,144.41822884702614,-330.19460567581024
1734406.438395,192.9419999280516,-365.7629769238856
1734413.432962,238.92373043980427,-401.6215356377188
1734420.473351,280.8903305651688,-435.3345234587511
1734428.44315,337.1885495500794,-481.718288722553
1734434.435529,370.755532470996,-508.9691499935413
1734441.430689,394.86717507649024,-527.7958218081417
1734448.464573,373.6965126189127,-560.3227721060241
1734455.429501,325.6951806760299,-606.0982606499399
1734462.431082,284.7592810152576,-648.2017802463582
1734469.446481,230.48983239146557,-696.5469939389168
1734476.432421,188.71908398366563,-737.6627293402157
1734483.434976,147.87035231861196,-778.8614795747393
1734490.439402,89.98418866167981,-838.5860713012312
1734499.342928,75.01581312520146,-888.1871911402419
1734714.804628,415.164916652111,-918.3254552314428
1734719.625359,385.0808773791912,-882.1264329905023
1734726.595913,381.4634961911668,-878.0729707890728
1734733.577686,381.4634961911668,-878.0729707890728
1734740.576342,381.4634961911668,-878.0729707890728
1734749.880899,381.4634961911668,-878.0729707890728
1734754.578409,381.4634961911668,-878.0729707890728
1734763.548441,382.5765102566663,-875.4178831138832
1734768.576175,357.14552200409764,-845.520055149732
1734775.583194,283.1609022524235,-769.789214029115
1734783.808949,283.1609022524235,-769.789214029115
1734789.60503,283.1609022524235,-769.789214029115
1734799.353645,283.1609022524235,-769.789214029115
1734803.583513,28.159751017988764,-472.0221698242917
1734810.60382,8.859640508793182,-450.7295548473388
1734817.592244,8.859640508793182,-450.7295548473388
1734825.067966,8.859640508793182,-450.7295548473388
1734831.581986,8.859640508793182,-450.7295548473388
1734841.51401,8.859640508793182,-450.7295548473388
1734845.961943,-5.90847026889487,-434.936049681956
1734852.592623,-37.00762158889538,-399.20737969132
1734859.592816,-75.20072980977814,-354.89819386774354
1734866.593754,-124.73568378827166,-288.2797476794299
1734874.088724,-162.2974144813584,-247.6198692139156
1734880.983021,-195.4405624029376,-211.58253071629
1734887.606192,-219.42520861994888,-197.65771188116383
1734894.597377,-219.42520861994888,-197.65771188116383
1734901.576232,-219.42520861994888,-197.65771188116383
1734909.280586,-219.42520861994888,-197.65771188116383
1734916.436623,-219.42520861994888,-197.65771188116383
1734922.978213,-219.42520861994888,-197.65771188116383
1734929.950131,-219.42520861994888,-197.65771188116383
1734936.962007,-219.42520861994888,-197.65771188116383
1734943.931204,-219.42520861994888,-197.65771188116383
1734950.948759,-219.42520861994888,-197.65771188116383
1734957.93209,-219.42520861994888,-197.65771188116383
1734964.95549,-219.42520861994888,-197.65771188116383
1734972.038394,-219.42520861994888,-197.65771188116383
1734978.961179,-219.42520861994888,-197.65771188116383
1734985.940619,-219.42520861994888,-197.65771188116383
1734993.125713,-219.42520861994888,-197.65771188116383
1734999.924927,-219.42520861994888,-197.65771188116383
1735007.060877,-219.42520861994888,-197.65771188116383
1735013.577516,-219.42520861994888,-197.65771188116383
1735020.57671,-219.42520861994888,-197.65771188116383
1735029.981805,-219.42520861994888,-197.65771188116383
1735034.590453,-219.42520861994888,-197.65771188116383
1735041.591876,-219.42520861994888,-197.65771188116383
1735048.57456,-219.42520861994888,-197.65771188116383
1735055.592,-219.42520861994888,-197.65771188116383
1735062.576164,-219.42520861994888,-197.65771188116383
1735069.591852,-219.42520861994888,-197.65771188116383
1735076.578136,-219.42520861994888,-197.65771188116383
1735084.23197,-219.42520861994888,-197.65771188116383
1735090.952516,-219.42520861994888,-197.65771188116383
1735099.071544,-219.42520861994888,-197.65771188116383
1735104.949926,-219.42520861994888,-197.65771188116383
1735112.402423,-219.42520861994888,-197.65771188116383
1735118.943428,-219.42520861994888,-197.65771188116383
1735125.594182,-219.42520861994888,-197.65771188116383
1735132.594106,-219.42520861994888,-197.65771188116383
1735139.576327,-219.42520861994888,-197.65771188116383
1735146.578176,-219.42520861994888,-197.65771188116383
1735153.578616,-219.42520861994888,-197.65771188116383
1735160.575089,-219.42520861994888,-197.65771188116383
1735168.081219,-219.42520861994888,-197.65771188116383
1735175.048959,-219.42520861994888,-197.65771188116383
1735182.511497,-220.3569480674329,-199.8650624287834
1735188.943376,-220.3569480674329,-199.8650624287834
1735196.128511,-220.3569480674329,-199.8650624287834
1735202.959783,-220.3569480674329,-199.8650624287834
1735209.945129,-220.3569480674329,-199.8650624287834
1735218.360155,-220.3569480674329,-199.8650624287834
1735223.965997,-220.3569480674329,-199.8650624287834
1735231.032586,-220.3569480674329,-199.8650624287834
1735238.038213,-220.3569480674329,-199.8650624287834
1735245.43097,-220.3569480674329,-199.8650624287834
1735252.202403,-220.3569480674329,-199.8650624287834
1735258.604563,-220.3569480674329,-199.8650624287834
1735265.599377,-220.3569480674329,-199.8650624287834
1735272.57894,-220.3569480674329,-199.8650624287834
1735279.592969,-220.3569480674329,-199.8650624287834
1735286.94242,-220.3569480674329,-199.8650624287834
1735294.209798,-220.3569480674329,-199.8650624287834
1735301.011275,-220.3569480674329,-199.8650624287834
1735307.966269,-220.3569480674329,-199.8650624287834
1735315.902437,-220.3569480674329,-199.8650624287834
1735321.951647,-220.3569480674329,-199.8650624287834
1735329.012806,-220.3569480674329,-199.8650624287834
1735336.023774,-220.3569480674329,-199.8650624287834
1735344.982887,-220.3569480674329,-199.8650624287834
1735349.948705,-220.3569480674329,-199.8650624287834
1735358.057888,-220.3569480674329,-199.8650624287834
1735363.960604,-220.3569480674329,-199.8650624287834
1735371.403929,-220.3569480674329,-199.8650624287834
1735377.599683,-220.3569480674329,-199.8650624287834
1735384.577475,-220.3569480674329,-199.8650624287834
1735391.591708,-220.3569480674329,-199.8650624287834
1735398.591699,-220.3569480674329,-199.8650624287834
1735405.579836,-220.3569480674329,-199.8650624287834
1735413.904135,-220.3569480674329,-199.8650624287834
1735420.043528,-220.3569480674329,-199.8650624287834
1735426.928669,-220.3569480674329,-199.8650624287834
1735434.159251,-220.3569480674329,-199.8650624287834
1735440.996434,-220.3569480674329,-199.8650624287834
1735447.596868,-220.3569480674329,-199.8650624287834
1735454.602646,-220.3569480674329,-199.8650624287834
1735461.594838,-220.3569480674329,-199.8650624287834
1735469.052165,-220.3569480674329,-199.8650624287834
1735475.956431,-220.3569480674329,-199.8650624287834
1735483.035359,-220.3569480674329,-199.8650624287834
1735489.93484,-220.3569480674329,-199.8650624287834
1735496.598867,-220.3569480674329,-199.8650624287834
1735503.591245,-220.3569480674329,-199.8650624287834
1735510.574511,-220.3569480674329,-199.8650624287834
1735517.591333,-220.3569480674329,-199.8650624287834
1735524.928738,-220.3569480674329,-199.8650624287834
1735532.01386,-220.3569480674329,-199.8650624287834
1735538.599045,-220.3569480674329,-199.8650624287834
1735545.921857,-220.3569480674329,-199.8650624287834
1735555.792126,-220.3569480674329,-199.8650624287834
1735559.997819,-220.3569480674329,-199.8650624287834
1735566.908532,-220.3569480674329,-199.8650624287834
1735573.57712,-220.3569480674329,-199.8650624287834
1735580.586968,-220.3569480674329,-199.8650624287834
1735588.111315,-220.3569480674329,-199.8650624287834
1735595.149034,-220.3569480674329,-199.8650624287834
1735601.948743,-220.3569480674329,-199.8650624287834
1735608.603032,-220.3569480674329,-199.8650624287834
1735615.593652,-220.3569480674329,-199.8650624287834
1735622.590135,-222.62443193097303,-202.0675940673031
1735626.166923,-222.62443193097303,-202.0675940673031
1735629.579058,-236.01412404458804,-213.903317583516
1735636.572984,-236.0141439412828,-213.9033316887185
1735644.123623,-244.4847313479048,-191.09508652366952
1735651.126569,-260.9420548090083,-156.1933213587844
1735657.924496,-281.9534085716237,-120.65285451507992
1735665.709836,-301.7104792943244,-97.66478413535398
1735671.594597,-326.94614873973336,-102.70084493624528
1735678.609611,-379.9251146986194,-131.66880213099833
1735686.026072,-432.8593889170502,-158.45053193265636
1735693.892014,-475.26279521980587,-180.63685489778663
1735699.582806,-516.2735122609553,-201.8072611346825
1735805.956585,-222.62443193097303,-202.0675940673031
1735874.59006,-516.4931695399789,-438.6402830598159
1735881.589801,-513.8663784428707,-448.8706231280219
1735888.590918,-513.8663784428707,-448.8706231280219
1735895.590823,-513.8663784428707,-448.8706231280219
1735902.946185,-512.1125381792793,-453.3154442652005
1735909.973034,-501.02301583550826,-484.329228788635
1735917.555249,-466.3280545030879,-573.2138120900387
1735924.341553,-434.1971715484072,-574.249110149443
1735931.897516,-374.7755604146316,-552.5253182163771
1735938.13641,-288.8081473642231,-525.600645867862
1735944.715318,-238.58259096355843,-505.98909296313656
1735951.575515,-185.94529884131865,-487.4723124039632
1735958.59479,-60.817260346992384,-447.2207060411104
1735967.810777,38.59467177367278,-414.2497382585572
1735972.983162,128.08719411350765,-379.440687187745
1735980.407215,178.86125523810557,-359.5801371952724
1735987.027269,178.86125523810557,-359.5801371952724
1735993.577051,178.86125523810557,-359.5801371952724
1736000.58888,178.86125523810557,-359.5801371952724
1736007.596556,178.86125523810557,-359.5801371952724
1736015.133671,178.86125523810557,-359.5801371952724
1736016.208627,-222.62443193097303,-202.0675940673031
1736021.572708,178.86125523810557,-359.5801371952724
1736028.590752,178.86125523810557,-359.5801371952724
1736035.577934,195.9454522921193,-351.950910489396
1736042.572305,279.0402428747398,-320.1614400537703
1736049.572726,361.6197672714466,-288.2372243736497
1736056.574755,456.2740541861662,-245.83753814488384
1736378.588684,482.3862314449462,-779.6684424325049
1736385.590643,421.807922224081,-830.9540725963359
1736394.268069,385.2424105566144,-857.0402930153499
1736400.013237,332.9200237648496,-835.0372097240318
1736407.138586,282.4627364823684,-776.2503330038568
1736414.447223,282.4627364823684,-776.2503330038568
1736420.994349,282.4627364823684,-776.2503330038568
1736428.260073,282.4627364823684,-776.2503330038568
1736435.204745,18.71702831056219,-463.22860810868286
1736441.959869,8.341320584798439,-441.2161191432687
1736449.277348,-51.6787447168158,-394.7716829576398
1736455.964532,-83.7476275390028,-359.5203137568263
1736463.004404,-101.3735784138281,-335.8850427787077
1736469.936597,-101.02417601321204,-331.9915902942374
1736476.984572,-112.36514895908014,-313.74284468813465
1736483.590173,-141.45069871832447,-278.01100687006385
1736492.435657,-198.0104760907025,-215.8163601062741
1736498.01379,-221.8225356444537,-197.2272841911866
1736501.078181,-221.8225356444537,-197.2272841911866
1736504.626924,-221.8225356444537,-197.2272841911866
1736511.588771,-221.8225356444537,-197.2272841911866
1736518.574722,-221.8225356444537,-197.2272841911866
1736525.607964,-221.8225356444537,-197.2272841911866
1736532.572861,-221.8225356444537,-197.2272841911866
1736539.571867,-221.8225356444537,-197.2272841911866
1736547.204667,-221.8225356444537,-197.2272841911866
1736555.367436,-221.8225356444537,-197.2272841911866
1736561.012372,-221.8225356444537,-197.2272841911866
1736568.069059,-221.8225356444537,-197.2272841911866
1736574.955907,-221.8225356444537,-197.2272841911866
1736581.924935,-221.8225356444537,-197.2272841911866
1736588.96504,-221.8225356444537,-197.2272841911866
1736595.917934,-221.8225356444537,-197.2272841911866
1736603.267986,-221.8225356444537,-197.2272841911866
1736609.587814,-221.8225356444537,-197.2272841911866
1736616.589656,-221.8225356444537,-197.2272841911866
1736623.591533,-221.8225356444537,-197.2272841911866
1736630.577205,-221.8225356444537,-197.2272841911866
1736637.938375,-229.54694575000715,-202.6398438637468
1736645.664466,-229.54694575000715,-202.6398438637468
1736651.965009,-229.54694575000715,-202.6398438637468
1736658.951549,-229.54694575000715,-202.6398438637468
1736665.967311,-229.54694575000715,-202.6398438637468
1736673.035552,-229.54694575000715,-202.6398438637468
1736680.682068,-229.54694575000715,-202.6398438637468
1736686.936991,-229.54694575000715,-202.6398438637468
1736694.316181,-229.54694575000715,-202.6398438637468
1736700.931827,-229.54694575000715,-202.6398438637468
1736708.074943,-229.54694575000715,-202.6398438637468
1736714.987402,-229.54694575000715,-202.6398438637468
1736723.072537,-229.54694575000715,-202.6398438637468
1736728.572494,-229.54694575000715,-202.6398438637468
1736735.569377,-229.54694575000715,-202.6398438637468
1736742.973556,-229.54694575000715,-202.6398438637468
1736749.588585,-229.54694575000715,-202.6398438637468
1736756.579607,-229.54694575000715,-202.6398438637468
1736763.934317,-229.54694575000715,-202.6398438637468
1736771.00344,-229.54694575000715,-202.6398438637468
1736777.937249,-229.54694575000715,-202.6398438637468
1736784.98306,-229.54694575000715,-202.6398438637468
1736792.022138,-229.54694575000715,-202.6398438637468
1736801.927134,-229.55010986641707,-202.64449085951372
1736805.940534,-229.55010986641707,-202.64449085951372
1736813.115264,-229.55010986641707,-202.64449085951372
1736819.939286,-229.55010986641707,-202.64449085951372
1736826.959064,-229.55010986641707,-202.64449085951372
1736834.787878,-229.55010986641707,-202.64449085951372
1736840.582617,-229.55010986641707,-202.64449085951372
1736847.599638,-229.55010986641707,-202.64449085951372
1736854.859171,-229.55010986641707,-202.64449085951372
1736862.150634,-229.55010986641707,-202.64449085951372
1736868.570309,-229.55010986641707,-202.64449085951372
1736875.571683,-229.55010986641707,-202.64449085951372
1736882.590735,-229.55010986641707,-202.64449085951372
1736892.376758,-229.55010986641707,-202.64449085951372
1736897.136967,-229.55010986641707,-202.64449085951372
1736904.496635,-229.55010986641707,-202.64449085951372
1736910.589033,-229.55010986641707,-202.64449085951372
1736917.58631,-229.55010986641707,-202.64449085951372
1736924.999535,-229.55010986641707,-202.64449085951372
1736932.127682,-229.55010986641707,-202.64449085951372
1736938.981742,-229.55010986641707,-202.64449085951372
1736946.224287,-229.55010986641707,-202.64449085951372
1736952.576881,-229.55010986641707,-202.64449085951372
1736961.503861,-229.55010986641707,-202.64449085951372
1736966.570614,-229.55010986641707,-202.64449085951372
1736973.58493,-229.55010986641707,-202.64449085951372
1736980.570844,-229.55010986641707,-202.64449085951372
1736987.576381,-229.55010986641707,-202.64449085951372
1736994.569093,-229.55010986641707,-202.64449085951372
1737001.935159,-229.55010986641707,-202.64449085951372
1737009.067708,-229.55010986641707,-202.64449085951372
1737015.960844,-229.55010986641707,-202.64449085951372
1737023.045902,-229.55010986641707,-202.64449085951372
1737029.966281,-229.55010986641707,-202.64449085951372
1737036.976299,-229.55010986641707,-202.64449085951372
1737043.949011,-229.55010986641707,-202.64449085951372
1737050.985674,-229.55010986641707,-202.64449085951372
1737057.960943,-229.55010986641707,-202.64449085951372
1737064.973734,-229.55010986641707,-202.64449085951372
1737071.95571,-229.55010986641707,-202.64449085951372
1737078.984777,-229.55010986641707,-202.64449085951372
1737085.949164,-229.55010986641707,-202.64449085951372
1737093.147844,-229.55010986641707,-202.64449085951372
1737099.572867,-229.55010986641707,-202.64449085951372
1737108.221714,-229.55010986641707,-202.64449085951372
1737113.586403,-229.55010986641707,-202.64449085951372
1737120.585311,-233.59330723455676,-203.57414477854377
1737127.847213,-233.60285918204795,-203.5758108057026
1737134.586956,-233.60285918204795,-203.5758108057026
1737141.573772,-233.60285918204795,-203.5758108057026
1737149.012361,-233.60285918204795,-203.5758108057026
1737155.923578,-233.60285918204795,-203.5758108057026
1737163.043269,-233.60285918204795,-203.5758108057026
1737169.924475,-233.60285918204795,-203.5758108057026
1737176.993183,-233.60285918204795,-203.5758108057026
1737183.585418,-233.60285918204795,-203.5758108057026
1737190.590013,-233.60285918204795,-203.5758108057026
1737197.56871,-233.60285918204795,-203.5758108057026
1737205.037723,-233.60285918204795,-203.5758108057026
1737211.906562,-233.60285918204795,-203.5758108057026
1737218.591995,-233.60285918204795,-203.5758108057026
1737225.570496,-235.66587746428627,-207.88225576606877
1737232.571076,-229.91571555518053,-224.6004315696068
1737239.569259,-226.97465125675228,-247.20893001755195
1737246.569261,-220.47051628566905,-266.27035663519945
1737248.60898,-209.1805146123677,-310.2048610368145
1737253.696473,-204.68618667396564,-327.64225920237385
1737260.578334,-214.9583801477013,-341.48383697285203
1737267.568311,-259.09369765034484,-357.911142894563
1737276.078035,-260.7304595883222,-357.9941369847526
1737281.586531,-260.7304595883222,-357.9941369847526
1737288.566951,-260.7304595883222,-357.9941369847526
1737295.572297,-260.7304595883222,-357.9941369847526
1737302.586784,-260.7304595883222,-357.9941369847526
1737309.585385,-260.7235160461349,-358.2309320012166
1737316.586873,-260.7235160461349,-358.2309320012166
1737323.567871,-260.78144279961765,-358.4892736585897
1737330.568305,-262.1841636061061,-362.2614739561776
1737337.573045,-262.18427638951425,-362.2614917706518
1737344.567342,-262.18427638951425,-362.2614917706518
1737351.944084,-262.18427638951425,-362.2614917706518
1737358.583406,-262.18427638951425,-362.2614917706518
1737365.572398,-262.18427638951425,-362.2614917706518
1737372.580176,-262.18427638951425,-362.2614917706518
1737382.201608,-262.18427638951425,-362.2614917706518
1737387.02453,-262.18427638951425,-362.2614917706518
1737394.122007,-262.18427638951425,-362.2614917706518
1737401.04437,-262.18427638951425,-362.2614917706518
1737408.16583,-262.18427638951425,-362.2614917706518
1737415.30465,-262.18427638951425,-362.2614917706518
1737422.220278,-262.18427638951425,-362.2614917706518
1737429.787338,-262.18427638951425,-362.2614917706518
1737436.130007,-262.18427638951425,-362.2614917706518
1737443.073416,-262.18427638951425,-362.2614917706518
1737451.888147,-262.18427638951425,-362.2614917706518
1737457.132058,-262.18427638951425,-362.2614917706518
1737463.570312,-262.18427638951425,-362.2614917706518
1737470.570017,-262.18427638951425,-362.2614917706518
1737477.568169,-261.97322313975434,-361.8741700734388
1737484.576832,-261.97322313975434,-361.8741700734388
1737491.583985,-261.97322313975434,-361.8741700734388
1737499.06575,-261.97322313975434,-361.8741700734388
1737506.12155,-270.31897060179875,-363.0482604773021
1737513.06729,-270.3305760482218,-363.0481449848482
1737519.56811,-270.3305760482218,-363.0481449848482
1737526.585206,-278.79279177085454,-365.0326514474135
1737533.759069,-319.2636184439143,-381.8874664018756
1737543.736075,-374.1497435253629,-407.1209227587833
1737547.585264,-421.7590655931296,-439.8520066308096
1737554.591092,-462.50963880361854,-454.1829120236898
1737561.575413,-499.1575839213098,-483.8071533796042
1737568.584934,-477.25949573160017,-544.7389586943881
1737575.569371,-450.6550493711295,-628.83712043777
1737582.781667,-412.6659934501533,-747.3475056339506
1737589.62234,-392.557556706464,-811.0533368542324
1737596.623854,-375.4301552804672,-862.513347728856
1737603.633833,-358.0893119825323,-916.0449300435588
1737610.583147,-344.2399400000923,-964.981984354864
1740542.476,300.2261413649366,-941.3344907362404
1740552.084014,350.5618206307457,-900.4973750006059
1740556.888879,367.5127186585999,-885.6391668385651
1740564.00819,367.5127186585999,-885.6391668385651
1740570.483154,391.1512208578952,-861.7586048354549
1740577.475974,427.8052731854917,-831.7941308119196
1740584.497868,456.63918234807386,-810.6977423900887
1740591.476848,456.63918234807386,-810.6977423900887
1740599.503059,456.63918234807386,-810.6977423900887
1740605.980378,456.63918234807386,-810.6977423900887
1740612.877299,456.63918234807386,-810.6977423900887
1740620.38764,456.63918234807386,-810.6977423900887
1740626.972988,456.63918234807386,-810.6977423900887
1740634.233157,456.63918234807386,-810.6977423900887
1740640.492682,456.63918234807386,-810.6977423900887
1740648.392122,456.63918234807386,-810.6977423900887
1740657.30944,457.0322681955003,-809.8904788677866
1740661.477634,438.7407176570114,-815.8827883224366
1740668.476784,360.3011334473244,-880.5380347440862
1740675.501424,303.3000321285152,-933.231812865174
1743345.933239,371.18483342726097,-16.420656357594925
1743352.93525,371.18483342726097,-16.420656357594925
1743362.132536,371.18483342726097,-16.420656357594925
1743367.34938,371.4201317949978,-17.310088073236713
1743373.959585,348.47553013994235,-59.57969467709732
1743380.954355,283.96045729411986,-93.16376641831395
1743387.94912,184.79505578617008,-138.8844200237725
1743395.362248,188.19707754555975,-218.5797012576732
1743401.955417,220.5611544537092,-281.1801830606544
1743408.932564,201.23364465211813,-334.9797242763175
1743415.936451,188.63720827115063,-344.52896832736803
1743422.93467,188.63720827115063,-344.52896832736803
1743430.469395,180.92670329590263,-346.3581268383249
1743437.361371,132.38934565360736,-367.3874767743813
1743444.604274,75.96161423770079,-400.0070892124803
1743451.35292,-7.004268584642865,-433.0130823336387
1743458.783748,-76.8967386720123,-455.7263271986332
1743464.953927,-149.2697789260055,-485.0821568231668
1743471.947902,-247.75002893151773,-517.0141236381312
1743478.953793,-320.33189243509185,-537.6507470241999
1743486.370594,-367.10554037186967,-541.091275449181
1743493.481306,-408.8628683253795,-506.9572450253716
1743499.936392,-444.8733998653221,-521.1206823716695
1743506.942312,-473.0302163101591,-534.0808899877086
1743513.946836,-444.0506091723094,-591.0323477985143
1743521.325094,-446.2380943657213,-609.1008814813679
1743527.954873,-442.05661417561737,-638.3018468532226
1743535.45281,-421.23172339657066,-710.4437047258405
1743541.953466,-400.1109997041479,-763.4080792580901
1743548.953243,-385.7688098216445,-809.4160086895222
1743557.021306,-369.68308164449394,-891.0107587782226
1743563.324164,-356.4181933935226,-937.411653136663
1748714.257763,368.9457623491158,-22.923048285347843
1748720.717307,368.54938905638863,-25.53123544188841
1748727.745434,368.54938905638863,-25.53123544188841
1748734.715204,368.54938905638863,-25.53123544188841
1748741.806501,368.54938905638863,-25.53123544188841
1748748.716639,368.54938905638863,-25.53123544188841
1748755.716093,368.54938905638863,-25.53123544188841
1748761.664058,356.3207535650997,-42.6324592725322
1748762.747575,356.3207535650997,-42.6324592725322
1748769.732983,292.7878157566879,-77.72852295341882
1748776.733945,216.31461513940388,-111.9032983795012
1748784.109712,184.8431057830013,-199.28028731558013
1748790.734714,215.9678032968484,-258.68911074383504
1748797.748938,222.24949269276104,-316.73633026518047
1748804.713461,186.14258636114172,-352.2349380246914
1748811.73276,135.65359149688473,-374.2463482813087
1748818.714379,46.84385001376045,-403.4060938849636
1748826.159621,5.347768756870343,-423.45171468106633
1748832.724234,-38.79229206792789,-408.6620023624383
1748839.715576,-87.97990252199897,-355.4257223999638
1748846.739143,-114.79059507403508,-326.27426273423055
1748853.718186,-146.59639106255648,-283.522700697468
1748861.089916,-206.0792815472855,-227.85066341505637
1748867.750583,-231.85896721232115,-188.41665894470665
1748874.716881,-265.10319339236594,-157.79880873597304
1748881.714915,-303.371377533005,-103.90710869819976
1748888.724043,-323.6823063801851,-117.34648814162438
1748895.741971,-387.8689034127478,-144.81156191184235
1748902.713788,-490.71221854504194,-197.30354098580585
1759150.63235,-508.46064150834735,-433.30550859751895
1759157.632818,-491.1647807412381,-472.14707391344274
1759164.626267,-478.2413469715811,-517.3871601176429
1759171.637206,-451.8432083295185,-601.6863953335115
1759178.690624,-424.2556259527354,-689.0179787653855
1759185.68068,-406.10851149807695,-767.9535583962834
1759192.631476,-392.7061975717585,-824.5759412979198
1759199.631475,-382.80094184991856,-868.1522988738664
1759206.671742,-372.4740688624313,-885.1747658733373
1759213.681495,-352.9760568161011,-938.2570072135444
1858668.884802,317.54042655354067,-931.9599245839834
1858680.669291,383.0265089851652,-872.6790816383408
1858682.861431,430.4733232314221,-830.5446633627398
1858689.889316,476.98066185545633,-791.0881244255646
1858697.010839,518.9779158287121,-756.7187111822295
1861103.268501,501.3441339824644,-763.0314272515084
1861105.2978,426.9108555234209,-826.1983197362141
1861110.344685,376.7152964374348,-868.5599200463543
1861117.32487,326.36968086016026,-913.1671869075946
1864664.329618,-514.7822523958181,-428.0627999150828
1864671.490197,-510.4910065465673,-447.1494489204081
1864677.670451,-510.4381270094353,-449.0903470581481
1864688.045318,-510.37744754643353,-447.4906196805349
1864691.699696,-511.01204775002674,-445.75336452049686
1864699.492914,-511.19815566706495,-445.19606066524966
1864705.679472,-508.5308223392019,-452.7440205669606
1864712.823283,-503.14673813108647,-476.5758979300047
1864720.747221,-489.98461291715927,-516.450118532634
1864726.631886,-477.901508267322,-553.7545954897616
1864733.621735,-441.4354870110501,-574.3767556679156
1864740.70408,-393.09962369434015,-559.230730436154
1864748.133718,-342.47649746623927,-538.1386820672486
1864754.703976,-309.04241037331565,-525.3691940917626
1864761.954117,-272.03579498945345,-516.088269539146
1864768.71323,-236.08134969028063,-506.2071578331903
1864775.703933,-160.63115744242472,-488.84880581967474
1864782.663737,-115.05217462671187,-475.1178002278007
1864789.662366,-49.11641335327992,-445.4330544988277
1864796.662605,-49.11641335327992,-445.4330544988277
1864803.775511,-45.60705526951909,-444.78171809119294
1864810.673768,-45.60705526951909,-444.78171809119294
1864817.871747,-45.60705526951909,-444.78171809119294
1864824.693519,-45.60705526951909,-444.78171809119294
1864831.748507,-45.60705526951909,-444.78171809119294
1864838.663709,-23.282928581579775,-431.2136309503386
1864845.68216,34.055108070961445,-418.4466118752908
1864856.215934,116.60907430118118,-379.94520727892046
1864859.667796,180.4882840518733,-351.85357500283385
1864866.662513,198.84751232270264,-352.1246039167044
1864875.463618,226.029419114278,-349.9101505367549
1864880.663897,258.7183268599496,-332.40239855002835
1864887.663612,300.9107377408111,-317.45189882741846
1864894.702284,373.8260949500311,-281.36374806933026
1864904.406142,411.89945793852,-262.0859041843468
1864909.142254,461.38273844245504,-239.73204005142568
1864915.709799,520.5054125911495,-209.10826346514196
1864922.636734,526.451471867896,-205.57479164105283
1864929.676096,526.451471867896,-205.57479164105283
1868034.164438,524.3259297880442,-760.7390118970015
1868037.637486,476.8489219788498,-793.9670905116595
1868044.651446,402.9697214077785,-855.1990240677883
1868051.663457,391.94497510944393,-862.7715672036929
1868058.657381,391.94497510944393,-862.7715672036929
1868075.052562,391.94497510944393,-862.7715672036929
1868075.056273,391.94497510944393,-862.7715672036929
1868079.682003,391.94497510944393,-862.7715672036929
1868086.659303,391.94497510944393,-862.7715672036929
1868094.847595,391.94497510944393,-862.7715672036929
1868111.479141,381.4888987392181,-872.6706491364307
1868111.491098,308.7731250925423,-933.6623308570964
1869500.655308,-506.06876327604624,-215.2701675263368
1869507.655256,-501.0033365404032,-211.63112547885123
1869521.136792,-486.9716251850569,-242.07930900943904
1869522.382701,-451.19711825065633,-242.4760056202472
1869528.810358,-421.9424516495559,-235.34060689094676
1869535.664826,-413.3371693907619,-231.5429460920103
1869542.664918,-413.3371693907619,-231.5429460920103
1869549.664716,-413.3371693907619,-231.5429460920103
1869556.997046,-413.3371693907619,-231.5429460920103
1869563.669476,-413.3371693907619,-231.5429460920103
1869570.667615,-413.3371693907619,-231.5429460920103
1869578.695252,-413.3371693907619,-231.5429460920103
1869585.05027,-413.3371693907619,-231.5429460920103
1869592.296392,-413.3371693907619,-231.5429460920103
1869602.648021,-413.3371693907619,-231.5429460920103
1869606.042224,-413.3371693907619,-231.5429460920103
1869614.040711,-413.3371693907619,-231.5429460920103
1869620.011874,-413.3371693907619,-231.5429460920103
1869627.050174,-413.3371693907619,-231.5429460920103
1869640.047071,-420.575661815746,-230.35195007400992
1869641.059354,-428.3211333393177,-232.8785192027136
1869647.793375,-428.1871260047302,-232.36599797467724
1869654.708211,-427.0655682139159,-231.45611777705983
1869661.699524,-423.75841690066807,-231.025712513191
1869675.186942,-422.25413949385535,-231.6006162453951
1869675.674578,-423.6216767032632,-230.21034330599048
1869682.672288,-427.10853619611873,-228.49960166878756
1869694.224695,-428.5459553723903,-228.2972888420443
1869698.259433,-429.2367122285426,-228.42732755435424
1869704.007585,-427.4522563398641,-231.2254516139625
1869711.760545,-424.8900432121264,-233.9879727246994
1869717.674129,-422.9137145016194,-235.53981282501604
1869724.704558,-421.216959973749,-236.1206421590052
1869731.704215,-420.7001049231275,-236.32900441083356
1869747.890815,-420.6298053182943,-236.708157514532
1869747.894817,-420.69530838075,-236.9522604312309
1869752.665975,-420.69530838075,-236.9522604312309
1869759.667999,-420.69530838075,-236.9522604312309
1869766.663563,-420.69530838075,-236.9522604312309
1869774.820405,-420.69530838075,-236.9522604312309
1869783.638182,-420.69530838075,-236.9522604312309
1869788.015365,-420.69530838075,-236.9522604312309
1869795.021702,-420.69530838075,-236.9522604312309
1869801.678611,-420.69530838075,-236.9522604312309
1869808.671288,-420.69530838075,-236.9522604312309
1869824.569507,-420.69530838075,-236.9522604312309
1869824.573612,-420.69530838075,-236.9522604312309
1869829.649362,-426.2588296595515,-233.5572804426349
1869836.65763,-429.6402495524376,-231.47848247661983
1869843.661017,-427.1197954265492,-232.59868664793484
1869855.06438,-424.85106695544926,-233.3216840848665
1869857.668657,-425.2552875675664,-232.22495761657103
1869864.659211,-425.5804017130087,-231.58102089077903
1869871.655953,-426.1631799946743,-231.66397063379355
1869878.665418,-427.0525134101025,-232.6948155193092
1869891.370975,-427.5764646458768,-233.48493336605003
1869896.798043,-427.5764646458768,-233.48493336605003
1869899.665521,-427.5764646458768,-233.48493336605003
1869906.651498,-427.5764646458768,-233.48493336605003
1869914.21841,-427.5764646458768,-233.48493336605003
1869921.193699,-425.2202276234966,-234.11528147797355
1869928.987259,-422.9167142760402,-233.95861783425065
1869937.164824,-423.0120285362286,-232.5952475997403
1869941.671993,-431.4303616777843,-222.8910080335434
1869948.691306,-446.5140116882242,-203.84728110460912
1869955.674461,-433.4763776538678,-185.71794092538795
1869966.112319,-443.859333895873,-189.8186350407657
1869969.668095,-468.5706950549868,-198.8231421813244
1869976.683578,-512.7513366912862,-216.6753658554508
1873563.998935,-523.3364450383273,-428.1809784488194
1873571.011862,-518.1667969677076,-446.3893842704784
1873577.126979,-518.1667969677076,-446.3893842704784
1873584.148177,-518.1667969677076,-446.3893842704784
1873592.955923,-518.1667969677076,-446.3893842704784
1873598.075336,-518.1667969677076,-446.3893842704784
1873605.125789,-518.1667969677076,-446.3893842704784
1873612.13741,-518.1667969677076,-446.3893842704784
1873619.146604,-516.7929429345893,-449.99634371048427
1873626.690466,-509.1337677228421,-467.8416094375267
1873638.576952,-484.7722235675309,-524.2249165584338
1873641.321986,-469.2248192889036,-570.541619526654
1873648.201886,-454.4043902022335,-591.0672239078236
1873654.136323,-428.3654507976421,-573.2287633636347
1873661.088316,-397.6626998901729,-566.5478771707163
1873668.159044,-397.6626998901729,-566.5478771707163
1873679.370269,-397.6626998901729,-566.5478771707163
1873682.128105,-391.4759143037287,-563.6869082051707
1873689.451042,-391.4759143037287,-563.6869082051707
1873696.126564,-386.9747251902508,-563.6723152823154
1873703.145053,-370.5834630448164,-552.7538553463429
1873715.628638,-362.30561914967984,-550.9556074714328
1873717.125088,-354.10146415235533,-547.5093091294748
1873724.166466,-354.10146415235533,-547.5093091294748
1873731.177223,-331.0135719678707,-536.5401044472095
1873738.125759,-298.7086287817066,-526.8619814484051
1873747.122168,-282.3168837304952,-518.9359306799688
1873752.389873,-253.1056911057676,-502.6393579509121
1873759.136972,-210.9430562567556,-484.80450328948734
1873766.12609,-187.92587667271303,-478.0269036117285
1873773.135866,-163.82446915505298,-477.9017010212472
1873780.145767,-52.35180317705824,-449.9254856147825
1873787.127184,-27.606842769049585,-438.088535656821
1873797.246596,-27.606842769049585,-438.088535656821
1873801.124738,-27.606842769049585,-438.088535656821
1873808.130118,-27.606842769049585,-438.088535656821
1873818.008236,-27.606842769049585,-438.088535656821
1873822.089113,-27.606842769049585,-438.088535656821
1873829.089845,-27.606842769049585,-438.088535656821
1873836.075425,4.314777853574458,-420.4381165961436
1873846.231347,98.98071042769654,-386.71335380462097
1873850.093927,155.01989727538174,-375.4545888767559
1873857.089049,194.157820579128,-366.516745033304
1873858.466477,199.53151121976623,-363.7550054297012
1873864.079773,199.53151121976623,-363.7550054297012
1873875.799007,199.53151121976623,-363.7550054297012
1873878.932832,199.53151121976623,-363.7550054297012
1873885.505911,203.51317778593972,-367.3413051347416
1873892.090284,222.4193064677638,-387.7326793778384
1873896.378551,243.09585306159173,-407.81429283384
1873899.086358,260.2238276677643,-419.3949280316552
1873907.592544,299.07044330437765,-440.58468394831766
1873913.846345,340.147345424686,-475.3254201443156
1873924.40047,378.7162363620152,-509.0451872294631
1873927.103076,393.0757849798342,-519.0334251299643
1873934.103072,393.0757849798342,-519.0334251299643
1873941.095562,393.0757849798342,-519.0334251299643
1873950.672229,393.0757849798342,-519.0334251299643
1873955.416873,393.0757849798342,-519.0334251299643
1873962.488038,399.985757869952,-524.9217604510532
1873969.08401,458.1425354255484,-566.8244747800642
1873976.073839,506.3114096232585,-600.6881120188867
1873983.856891,544.7720066881228,-632.7908242296085
2040454.464154,-408.9616814014207,-963.8079573977282
2040460.511134,-397.4515565249216,-957.594814126572
2040467.509717,-392.449910242549,-952.317996316522
2040474.516183,-393.755275038299,-931.5370154181109
2040483.39938,-424.544024122444,-900.3628147779833
2040489.189181,-447.34529139515854,-888.101000452593
2040495.556264,-466.1091227366516,-861.0570943608031
2040502.549103,-508.9024258342085,-861.3216151898821
2040509.568628,-523.460677646708,-826.9094389064778
2040517.708416,-523.2592074006635,-800.0685060622002
2040527.564936,-513.9051944895544,-780.3346024001396
2040531.806733,-506.5971275672574,-761.7240918996603
2040537.629642,-507.0643812830702,-754.1106903005381
2040544.568649,-507.0643812830702,-754.1106903005381
2040551.549754,-507.0643812830702,-754.1106903005381
2040558.5635,-507.0643812830702,-754.1106903005381
2040565.568195,-507.0643812830702,-754.1106903005381
2040572.578213,-507.0643812830702,-754.1106903005381
2040579.961205,-507.0643812830702,-754.1106903005381
2040586.544425,-507.0643812830702,-754.1106903005381
2040593.544225,-507.0643812830702,-754.1106903005381
2040600.564167,-507.0643812830702,-754.1106903005381
2040607.50432,-508.2466801764046,-741.0864711601445
2040614.75864,-509.9670803434448,-706.0124596034191
2040621.54457,-499.9098054510114,-673.3064463029759
2040629.027712,-466.42714438910457,-663.4270002680764
2040636.176837,-440.8789811109644,-656.1329301994595
2040642.558094,-444.1674373970845,-603.9232074236269
2040650.177633,-439.9550562592877,-575.4139416938951
2040656.512727,-433.9558448823462,-569.6367395232577
2040663.504491,-380.8757281759373,-542.6877346272335
2040670.594347,-337.81929849096883,-532.6561696864443
2040677.55474,-300.97201357924484,-520.6005148777632
2040684.544812,-274.77286971494107,-516.2449905933835
2040691.593863,-238.1252682510966,-499.8729791773943
2040698.55478,-177.23891031595522,-479.53525842271046
2040705.594894,-161.40759204708672,-474.14780565358086
2040712.515115,-161.40759204708672,-474.14780565358086
2040719.543466,-161.40759204708672,-474.14780565358086
2040727.466632,-161.40759204708672,-474.14780565358086
2040734.82129,-117.97686971879013,-453.6125814446543
2040741.224053,-68.92882023397927,-439.8423865937481
2040747.916075,-38.7471872582732,-428.3817377565653
2040754.959462,-34.90877675383508,-412.9307618383948
2040761.509451,-59.42581286757426,-384.38768623592136
2040768.517255,-85.25758857210744,-344.4410402772085
2040775.519886,-106.66192860299384,-317.0185561830355
2040782.517374,-130.0535752433949,-293.87722881887174
2040789.501839,-157.0627905718916,-261.95263786495553
2040796.578021,-180.5863309840467,-234.46983910241983
2040803.501965,-197.05670213115192,-213.48128653760855
2040810.502107,-205.2781394816106,-204.49835596410213
2040817.575896,-216.4175914267045,-195.3588906760941
2040824.495854,-232.2054459153765,-197.7913505699058
2040831.509926,-254.74198543207825,-165.54248838554466
2040840.706946,-267.4901251203485,-142.8915117664829
2040846.457259,-275.7044418830929,-122.3590875075181
2040854.045589,-288.6457925847208,-105.43217806364648
2040859.880543,-304.4273463527893,-105.40882583406643
2040866.864195,-304.4273463527893,-105.40882583406643
2040874.232337,-304.4273463527893,-105.40882583406643
2040880.519256,-304.4273463527893,-105.40882583406643
2040889.204236,-304.4273463527893,-105.40882583406643
2040894.547637,-320.94030211715,-114.47041496823532
2040901.546743,-334.23070680401497,-124.1815823044708
2040908.596897,-352.5881508567672,-137.39443802103386
2040915.636797,-390.13652451097454,-146.26341598017092
2040922.547395,-417.8108264134364,-153.91669222233446
2040929.714558,-447.1879532155593,-165.5451070731755
2040940.620885,-490.7683993837277,-185.30428986842625
2040944.670777,-515.2673518239296,-200.34983117293493
2041454.647153,-528.5541702127092,-366.2029053158947
2041462.884639,-512.623255483554,-413.25325899215255
2041468.686322,-509.4994628632731,-425.5315140269019
2041475.864745,-513.9432010895102,-431.7823278976087
2041483.066612,-513.7455540286705,-431.5731425931894
2041490.272709,-514.4262888696072,-431.28966544126536
2041496.930815,-514.8274408158957,-431.7101982103055
2041503.909299,-515.7998804798093,-431.9166422963471
2041510.908663,-514.0056320594516,-432.7780886922156
2041518.016634,-511.762216917426,-433.557416802496
2041524.609947,-512.2605676180849,-443.0933521195863
2041531.630983,-512.0219083168554,-447.2927369059128
2041539.326917,-512.9234641144593,-445.8457875598976
2041546.041302,-527.8703527916601,-456.0606649525006
2044859.252332,-346.71931225608927,-965.0344830294677
2044861.149568,-347.8922325302274,-959.1483456985652
2044862.890201,-355.1010635635456,-931.1514442504292
2044870.329794,-355.87763313792846,-924.8135089897198
2044882.392252,-356.7675496202533,-919.4709788419584
2044884.054226,-361.8057807087216,-897.0388984735694
2044892.299714,-368.137797672416,-868.1400521611616
2044907.27622,-372.1483058121284,-853.7278154196042
2044907.276778,-372.1483058121284,-853.7278154196042
2044910.459471,-375.717944612464,-840.1896423407251
2044917.722576,-382.8570515570052,-823.7901965307639
2044925.670637,-392.1088463869713,-795.3825719232108
2044932.15885,-392.4088419050717,-790.6089187613092
2044941.357487,-393.0374227881314,-779.9970853555693
2044946.194113,-402.01911816920096,-750.7778525255876
2044952.459257,-409.6568094623645,-731.1426520479782
2044964.625663,-411.51907808191606,-724.2310690882895
2044966.441743,-420.519163295094,-701.1846727280883
2044973.40587,-425.14621927629486,-686.8994448234937
2044980.400188,-430.5806120043543,-670.7083641114449
2044987.417111,-432.3010654644415,-661.1858649899533
2044996.482815,-435.72253672760814,-647.9638973068936
2045001.336938,-450.5549918197448,-615.2927630347813
2045011.289768,-456.4788869586226,-597.56285469557
2045021.284243,-455.3430814553985,-579.649546401904
2045023.697134,-438.00823172661546,-574.4632293408462
2045030.277811,-413.94499703485246,-566.7423861491927
2045037.491807,-383.5544231967046,-558.5983893264045
2045043.816416,-356.9829736682529,-540.832058967789
2045057.496369,-340.84276993506137,-534.8557783969454
2045061.383495,-314.69998695124644,-528.268289069919
2045064.385426,-257.07815018128105,-509.3323060784849
2045071.379193,-204.17106349075803,-493.9399648025322
2045078.386907,-141.35149172598238,-472.4724369130419
2045091.715415,-51.93184385149058,-444.5662197822908
2045092.343747,10.496637314879864,-423.6954107257861
2045099.343073,84.14493353312251,-395.8930991522906
2045106.325902,132.5975291373855,-381.5155064134407
2045113.341721,132.5975291373855,-381.5155064134407
2045120.454073,135.79391022918043,-379.9864988409482
2045127.373853,189.22799441421452,-359.7657545469542
2045134.375332,215.97643277351924,-356.4892254428406
2045141.385199,241.87154952825577,-342.2611166291302
2045149.909753,259.4388263960473,-296.2061149355064
2045157.412018,255.3317850005351,-286.0042249104537
2045162.35923,255.3317850005351,-286.0042249104537
2045169.376301,255.3317850005351,-286.0042249104537
2045176.371367,255.3317850005351,-286.0042249104537
2045183.411408,255.3317850005351,-286.0042249104537
2045191.095508,206.33178513631893,-216.91200203509817
2045197.46207,182.2234319029104,-148.6088991118629
2045204.551981,236.0464962461124,-96.95128087868147
2045214.237121,339.40884231425275,-55.78617100656837
2045220.333439,352.289846741049,-49.84727953742705
2045232.42429,352.289846741049,-49.84727953742705
2045232.432135,361.0134347684884,-43.58998413377158
2045239.369706,377.0895605434609,5.866523883249634
2114643.841984,451.1994581928086,-958.0535451578376
2114650.804041,439.724397866357,-953.7891811350038
2114663.387271,461.2439512012512,-895.7919786514447
2114664.791658,502.0001506007602,-866.1662619988732
2114671.877835,525.938309454907,-836.3871860405723
2194084.518155,-346.1098685312045,-948.228260774871
2194091.56017,-368.0157781177738,-876.3790030653992
2194098.602566,-389.3791648027859,-809.0348270758851
2194105.558347,-420.08409569997474,-704.9294854832626
2194112.529436,-437.8910058102484,-642.4611415177152
2194119.519672,-449.2596612526246,-599.230606055398
2194126.559616,-409.0141611975545,-563.8677315474108
2194133.998647,-356.4002316782721,-542.8786348806689
2194140.558544,-295.2197911274673,-519.9876352027183
2194147.549994,-190.12511364232213,-485.3800384769232
2194155.212676,-121.45371834105114,-462.784939412119
2194161.520354,-55.20582371535515,-442.7052028229924
2194168.519327,-2.243039381340585,-423.1628891590019
2194177.211381,36.74121203131555,-407.0752223418681
2194182.514505,91.92396887565629,-383.7458425601644
2194189.503028,158.0516721927835,-365.570758544246
2194196.508411,160.55645094679977,-365.38091344978585
2194203.506658,160.55645094679977,-365.38091344978585
2194210.507067,160.55645094679977,-365.38091344978585
2194217.504923,185.65725437978224,-362.7112236713518
2194224.508541,227.7444381962169,-351.23051210308404
2194231.506551,319.4613560601733,-306.1488999228109
2194238.512465,384.6779023211213,-276.7190216342038
2194245.50927,443.1265084041796,-247.41726978425052
2194252.504552,524.7695929159892,-203.9499929711516
2198424.529446,520.7276381668222,-734.354227753095
2198431.999379,423.3007180113182,-817.6950898588432
2198438.569782,383.6543762704106,-852.0565535743376
2198445.61074,382.717694283934,-854.059732263671
2198452.531121,382.717694283934,-854.059732263671
2198459.540663,382.717694283934,-854.059732263671
2198467.318414,382.717694283934,-854.059732263671
2198473.541981,382.717694283934,-854.059732263671
2198480.548335,382.717694283934,-854.059732263671
2198487.541028,381.8722818963587,-855.2931154724276
2198494.529661,324.2481582174444,-909.4471739492616
2198501.531581,270.44553890424976,-955.4181769816172
2213880.25338,527.0520504347581,-739.1753503298701
2213887.259358,478.5633100853258,-784.0862830402532
2213894.255258,422.78788678806137,-830.1046793120862
2213901.252613,344.6284424760357,-846.0458503275247
2213914.274079,284.8071303285159,-782.0037644537833
2213915.872426,284.8071303285159,-782.0037644537833
2213923.073869,284.8071303285159,-782.0037644537833
2213929.298562,51.64564850484414,-498.3223772574011
2213936.285116,7.17297880321877,-459.63486381898434
2213943.285807,7.17297880321877,-459.63486381898434
2213950.314227,7.17297880321877,-459.63486381898434
2213957.344863,7.17297880321877,-459.63486381898434
2213967.526636,7.17297880321877,-459.63486381898434
2213972.429695,0.3272121341097,-452.0138502446768
2213978.896501,-28.54471536617,-419.2795459724733
2213986.130961,-41.703564484668384,-401.35325129514297
2213992.775035,-57.07817727657212,-379.98922062280775
2214001.204154,-88.76349805452637,-349.4386074017508
2214007.096654,-99.6859038399851,-339.9199809706446
2214016.704641,-99.6859038399851,-339.9199809706446
2214020.259144,-99.6859038399851,-339.9199809706446
2214027.255652,-99.6859038399851,-339.9199809706446
2214034.338864,-114.07549501863733,-320.0092941936956
2214041.308707,-149.25273335084484,-283.16658191292714
2214048.287484,-170.80316638539742,-259.0825007699844
2214055.298682,-189.23508948733988,-238.4503427526004
2214062.328928,-219.59132102872607,-202.17107469415757
2214069.288702,-234.4643236670811,-198.950484329919
2214076.603193,-251.1213182998172,-186.4836368980732
2214083.628325,-258.05522655979564,-171.5171840515375
2214090.636293,-269.9460250566098,-145.45203572857372
2214097.717713,-285.41773019710166,-123.65766101616748
2214104.680218,-296.5085016177572,-114.94009701038436
2214114.573934,-310.24024957852424,-101.11066645478655
2214118.257716,-329.1675548510337,-80.99700294795372
2214125.25565,-375.2556190320181,-29.997077149389398
2214132.265681,-393.75319688840045,-11.42843539514639
2214139.248161,-420.00123243383,17.779521649794276
2217754.526134,523.5249213071488,-748.371455383404
2217761.586186,476.1625956108288,-789.2136843994908
2217768.532184,432.083974383084,-826.5975518514305
2217775.536128,355.9519239954784,-893.3287009048385
2217782.539026,300.0422590881816,-947.0618778016408
2220155.618974,-523.9818221746842,-398.4804560249885
2220164.932156,-523.9818221746842,-398.4804560249885
2220169.608788,-523.9818221746842,-398.4804560249885
2220176.618705,-523.9818221746842,-398.4804560249885
2220183.630256,-523.9818221746842,-398.4804560249885
2220190.630707,-523.9818221746842,-398.4804560249885
2220200.611385,-523.9818221746842,-398.4804560249885
2220204.558669,-523.9818221746842,-398.4804560249885
2220212.127456,-522.2986587633068,-417.6382868022944
2220218.560596,-523.2865071373732,-431.8991575819304
2220225.59016,-519.9230343159188,-444.3326505682188
2220232.834388,-519.9230343159188,-444.3326505682188
2220239.644645,-519.9230343159188,-444.3326505682188
2220246.590003,-518.5358136714542,-444.0542383206843
2220254.585234,-510.5620917685376,-438.96908714488177
2220260.669897,-510.6327059190594,-438.054808128245
2220267.596382,-511.519428406774,-438.25805165545626
2220276.156914,-514.401506874971,-439.265742404544
2220281.546532,-514.137979620627,-439.1956910419677
2220288.544767,-510.7173049193294,-455.29031998961256
2220295.544955,-501.2159568595012,-502.1144050314921
2220302.548618,-475.66637415389226,-557.0325063272188
2220309.596049,-456.1264946656313,-583.1877310702566
2220316.546296,-389.1756740139897,-553.1260513840623
2220323.546604,-357.1993258040023,-543.1809301735628
2220330.62664,-321.61310239433993,-531.2882587301015
2220337.557067,-288.2351532676206,-516.4743479329827
2220344.547142,-267.39499456763406,-511.94285008416506
2220351.54563,-246.71367615742707,-504.3026832763786
2220358.553339,-192.87757565476545,-480.213490655842
2220365.585405,-143.0177389741496,-467.3009483183823
2220372.586754,-106.49959230126022,-456.7005421574971
2220379.545524,-53.046881488439176,-439.1670420748156
2220386.585337,-7.988448433390704,-425.58234577430886
2220394.332754,62.53238023968052,-396.6870000775264
2220400.612901,144.71353583547383,-364.7844400144605
2220407.58506,175.6774326054023,-351.86808749338377
2220414.586937,175.6774326054023,-351.86808749338377
2220423.509423,175.6774326054023,-351.86808749338377
2220429.378617,175.6774326054023,-351.86808749338377
2220435.553951,175.6774326054023,-351.86808749338377
2220442.553394,175.6774326054023,-351.86808749338377
2220449.567366,175.6774326054023,-351.86808749338377
2220456.557037,181.5644204467264,-345.06304634922725
2220465.025764,234.1127603773586,-323.7388768945542
2220470.553977,288.32185127710744,-313.8497617570983
2220477.541345,352.18957219369446,-288.4063638804259
2220484.535606,426.46241459638645,-255.2432804602693
2220491.547235,456.4708386156001,-240.86855342682688
2220499.321916,489.6659128137564,-223.2091297044819
2417830.468416,527.5565924978902,-741.4220216067737
2417837.445524,477.8523182314382,-784.8185505183993
2417844.449439,422.8381475815671,-828.1229902498989
2417851.44734,355.8889638237826,-852.8752887220386
2417858.464905,308.6374219247651,-807.4975235473362
2417865.445349,282.45161373197715,-777.2620137443594
2417874.282127,282.45161373197715,-777.2620137443594
2417880.051917,282.45161373197715,-777.2620137443594
2417886.470322,282.45161373197715,-777.2620137443594
2417893.463628,20.328154400963196,-478.77251240422095
2417900.46081,1.918006373931869,-459.9236265904154
2417907.471584,1.918006373931869,-459.9236265904154
2417917.103088,1.918006373931869,-459.9236265904154
2417921.80105,1.918006373931869,-459.9236265904154
2417928.866793,-22.41856790388244,-430.6904151622503
2417935.816287,-57.97299642231171,-395.1661066278156
2417942.487902,-106.958063291946,-341.8384640695679
2417949.456998,-172.43396477624086,-260.53308429725735
2417956.464615,-211.6956612322644,-215.98629801279716
2417963.465932,-226.55801887110147,-205.4183901952904
2417973.442161,-230.8271322373236,-205.68350265335124
2417977.448411,-230.8271322373236,-205.68350265335124
2417984.448156,-230.8271322373236,-205.68350265335124
2417989.390416,-230.8271322373236,-205.68350265335124
2417991.447923,-230.8271322373236,-205.68350265335124
2417998.463945,-230.8271322373236,-205.68350265335124
2418005.463921,-230.8271322373236,-205.68350265335124
2418012.493288,-230.8271322373236,-205.68350265335124
2418019.44724,-230.8271322373236,-205.68350265335124
2418026.464948,-230.8271322373236,-205.68350265335124
2418033.461469,-230.8271322373236,-205.68350265335124
2418040.464228,-230.8271322373236,-205.68350265335124
2418047.445624,-230.8271322373236,-205.68350265335124
2418049.255992,-230.8271322373236,-205.68350265335124
2418052.324226,-230.8271322373236,-205.68350265335124
2418054.47152,-230.8271322373236,-205.68350265335124
2418061.466164,-230.8271322373236,-205.68350265335124
2418068.52642,-230.8271322373236,-205.68350265335124
2418075.471801,-230.8271322373236,-205.68350265335124
2418082.477333,-230.8271322373236,-205.68350265335124
2418090.531172,-230.8271322373236,-205.68350265335124
2418098.507382,-230.8271322373236,-205.68350265335124
2418103.448992,-230.8271322373236,-205.68350265335124
2418110.451698,-230.8271322373236,-205.68350265335124
2418117.465176,-230.8271322373236,-205.68350265335124
2418124.464942,-230.8271322373236,-205.68350265335124
2418131.864435,-230.8271322373236,-205.68350265335124
2418138.447423,-230.8271322373236,-205.68350265335124
2418145.463352,-230.8271322373236,-205.68350265335124
2418152.445858,-230.8271322373236,-205.68350265335124
2418160.593988,-230.8271322373236,-205.68350265335124
2418166.965758,-230.8271322373236,-205.68350265335124
2418173.446116,-230.8271322373236,-205.68350265335124
2418180.447888,-230.8271322373236,-205.68350265335124
2418187.471449,-230.8271322373236,-205.68350265335124
2418194.465519,-230.8271322373236,-205.68350265335124
2418201.611847,-230.8271322373236,-205.68350265335124
2418208.801835,-230.8271322373236,-205.68350265335124
2418215.829924,-230.8271322373236,-205.68350265335124
2418222.470585,-230.8271322373236,-205.68350265335124
2418229.46176,-230.8271322373236,-205.68350265335124
2418237.783173,-230.8271322373236,-205.68350265335124
2418243.819249,-230.8271322373236,-205.68350265335124
2418250.84599,-230.8271322373236,-205.68350265335124
2418257.467718,-230.83368582103708,-205.68486742189663
2418264.461508,-230.83368582103708,-205.68486742189663
2418271.463061,-230.83368582103708,-205.68486742189663
2418280.587511,-230.83368582103708,-205.68486742189663
2418285.869735,-230.83368582103708,-205.68486742189663
2418292.810406,-230.83368582103708,-205.68486742189663
2418300.821684,-230.83368582103708,-205.68486742189663
2418308.066852,-230.83368582103708,-205.68486742189663
2418313.470119,-230.83368582103708,-205.68486742189663
2418320.447553,-230.83368582103708,-205.68486742189663
2418327.44609,-230.83368582103708,-205.68486742189663
2418334.446706,-230.11439148980745,-209.70346545602143
2418343.736358,-226.04700428742788,-208.81543435330545
2418348.46291,-224.62083658324744,-207.76171896706904
2418355.445575,-224.6208398605512,-207.7617207775311
2418362.448754,-225.42109944789905,-207.732807449526
2418369.450831,-224.1605020903353,-211.06646523710344
2418379.339242,-225.91810824810577,-215.81280357665696
2418383.446458,-228.099886991217,-220.8525440696436
2418390.445408,-228.71528534390544,-222.995084822037
2418397.814809,-229.26062995334289,-223.8293373819016
2418404.827855,-230.02585067136732,-224.9457162439683
2418411.792643,-229.84747289266733,-225.4340976583331
2418418.951289,-229.6048392816598,-224.5525140864397
2418425.811644,-229.1888603145732,-221.4775644306389
2418432.461847,-227.45291051742828,-217.77361357300083
2418439.448929,-227.1499513839448,-216.68811608975645
2418446.448968,-227.1803927930896,-215.82677619622729
2418453.463186,-228.0573822397398,-215.89640180272792
2418460.823481,-229.38309172220588,-215.12438154755904
2418467.472461,-232.23899354322344,-213.98172129791524
2418474.464192,-232.20845933019703,-216.29180213658336
2418481.448704,-229.38421956439385,-214.6600011295851
2418488.911748,-227.54541421210217,-213.37099700082567
2418495.946238,-226.7052991753134,-211.6794220831661
2418502.465926,-224.40440283646092,-212.72522044646297
2418509.447461,-223.72170090291897,-214.886550248908
2418516.820641,-226.59483104417413,-212.9204656803389
2418523.81558,-226.77203738721076,-210.9630846204388
2418531.464513,-225.70575771131752,-210.68961886100072
2418537.86899,-222.19186778181555,-214.59809201126825
2418544.82377,-221.88687074798472,-216.56480448209575
2418551.466792,-223.3809567618297,-216.5154902094431
2418558.461127,-225.6732614341599,-213.0772137438877
2418565.464518,-228.26545412670728,-213.1961055412116
2418572.80988,-227.5633430123837,-213.4709592376532
2418579.788486,-227.22335526582185,-208.4398227907064
2418587.090811,-226.8327450191972,-203.85139306922483
2418593.46426,-225.36070237066247,-200.7007666343829
2418600.465133,-225.36070272748717,-200.70076762177888
2418607.448397,-225.36070272748717,-200.70076762177888
2418614.466166,-225.36070272748717,-200.70076762177888
2418622.40001,-225.36070272748717,-200.70076762177888
2418628.46607,-225.36070272748717,-200.70076762177888
2418635.448182,-225.36070272748717,-200.70076762177888
2418643.587731,-225.36070272748717,-200.70076762177888
2418649.792849,-226.20974617126217,-204.5262421483643
2418656.890083,-223.0515375897383,-215.33186365406223
2418663.871694,-222.9847279392207,-212.7676907872149
2418670.816713,-222.986242678354,-212.7615144045168
2418677.448524,-222.986242678354,-212.7615144045168
2418684.883455,-222.986242678354,-212.7615144045168
2418691.860531,-222.986242678354,-212.7615144045168
2418698.813742,-222.986242678354,-212.7615144045168
2418705.956629,-222.986242678354,-212.7615144045168
2418712.464686,-222.986242678354,-212.7615144045168
2418719.828779,-222.986242678354,-212.7615144045168
2418726.804376,-222.986242678354,-212.7615144045168
2418733.811403,-222.986242678354,-212.7615144045168
2418740.94856,-222.986242678354,-212.7615144045168
2418747.449643,-222.986242678354,-212.7615144045168
2418754.46565,-222.986242678354,-212.7615144045168
2418761.800393,-222.986242678354,-212.7615144045168
2418768.983159,-222.986242678354,-212.7615144045168
2418775.806194,-222.986242678354,-212.7615144045168
2418783.166184,-222.986242678354,-212.7615144045168
2418789.939429,-222.986242678354,-212.7615144045168
2418796.465434,-222.986242678354,-212.7615144045168
2418803.448967,-222.986242678354,-212.7615144045168
2418810.445634,-222.986242678354,-212.7615144045168
2418817.883216,-222.986242678354,-212.7615144045168
2418824.90792,-222.986242678354,-212.7615144045168
2418833.615882,-222.986242678354,-212.7615144045168
2418838.464086,-222.986242678354,-212.7615144045168
2418845.448728,-222.986242678354,-212.7615144045168
2418853.598804,-222.986242678354,-212.7615144045168
2418859.831079,-222.986242678354,-212.7615144045168
2418866.473016,-222.986242678354,-212.7615144045168
2418873.46268,-222.986242678354,-212.7615144045168
2418880.472312,-222.986242678354,-212.7615144045168
2418888.255701,-222.986242678354,-212.7615144045168
2418894.805954,-222.986242678354,-212.7615144045168
2418901.826502,-222.986242678354,-212.7615144045168
2418909.126113,-222.986242678354,-212.7615144045168
2418915.484269,-226.8422250301942,-212.22148402063576
2418922.468309,-226.8422250301942,-212.22148402063576
2418929.466226,-226.8422250301942,-212.22148402063576
2418938.751218,-226.8422250301942,-212.22148402063576
2418943.85006,-226.8422250301942,-212.22148402063576
2418950.83062,-226.8422250301942,-212.22148402063576
2418957.45581,-226.8422250301942,-212.22148402063576
2418964.449009,-226.8422250301942,-212.22148402063576
2418971.926475,-226.8422250301942,-212.22148402063576
2418978.792253,-226.8422250301942,-212.22148402063576
2418985.95121,-226.8422250301942,-212.22148402063576
2418992.49112,-226.8422250301942,-212.22148402063576
2418999.473022,-226.8422250301942,-212.22148402063576
2419006.969724,-226.8422250301942,-212.22148402063576
2419013.829736,-226.8422250301942,-212.22148402063576
2419020.796658,-226.8422250301942,-212.22148402063576
2419028.060829,-226.8422250301942,-212.22148402063576
2419034.805011,-226.8422250301942,-212.22148402063576
2419041.450532,-226.8422250301942,-212.22148402063576
2419048.447634,-226.8422250301942,-212.22148402063576
2419055.450172,-226.8422250301942,-212.22148402063576
2419062.464161,-226.8422250301942,-212.22148402063576
2419070.096081,-226.8422250301942,-212.22148402063576
2419077.734711,-226.8422250301942,-212.22148402063576
2419083.456727,-226.8422250301942,-212.22148402063576
2419090.447814,-226.8422250301942,-212.22148402063576
2419097.957852,-226.8422250301942,-212.22148402063576
2419104.891396,-226.8422250301942,-212.22148402063576
2419113.0757,-226.8422250301942,-212.22148402063576
2419118.610739,-226.8422250301942,-212.22148402063576
2419125.449013,-226.8422250301942,-212.22148402063576
2419132.448839,-226.8422250301942,-212.22148402063576
2419139.463452,-226.8422250301942,-212.22148402063576
2419147.131189,-226.8422250301942,-212.22148402063576
2419153.955862,-226.8422250301942,-212.22148402063576
2419160.471049,-226.8422250301942,-212.22148402063576
2419167.469745,-226.8422250301942,-212.22148402063576
2419174.46532,-226.8422250301942,-212.22148402063576
2419182.39645,-226.8422250301942,-212.22148402063576
2419189.182076,-226.8422250301942,-212.22148402063576
2419195.807707,-226.8422250301942,-212.22148402063576
2419202.748143,-226.8422250301942,-212.22148402063576
2419209.472049,-226.8422250301942,-212.22148402063576
2419216.464914,-226.8422250301942,-212.22148402063576
2419224.444393,-226.8422250301942,-212.22148402063576
2419231.188636,-226.8422250301942,-212.22148402063576
2419237.467855,-226.8422250301942,-212.22148402063576
2419244.464713,-226.8422250301942,-212.22148402063576
2419251.46456,-226.8422250301942,-212.22148402063576
2419258.448269,-226.8422250301942,-212.22148402063576
2419265.795527,-226.8422250301942,-212.22148402063576
2419272.447976,-226.8422250301942,-212.22148402063576
2419279.469792,-226.8422250301942,-212.22148402063576
2419286.455606,-226.8422250301942,-212.22148402063576
2419293.995599,-226.8422250301942,-212.22148402063576
2419300.856741,-226.8422250301942,-212.22148402063576
2419307.816691,-226.8422250301942,-212.22148402063576
2419315.472562,-226.8422250301942,-212.22148402063576
2419321.803417,-226.8422250301942,-212.22148402063576
2419328.460629,-226.8422250301942,-212.22148402063576
2419335.463737,-226.8422250301942,-212.22148402063576
2419342.456808,-226.8422250301942,-212.22148402063576
2419349.846233,-226.8422250301942,-212.22148402063576
2419357.57959,-226.8422250301942,-212.22148402063576
2419363.472282,-226.8422250301942,-212.22148402063576
2419370.468919,-226.8422250301942,-212.22148402063576
2419377.472333,-226.8422250301942,-212.22148402063576
2419385.053728,-226.8422250301942,-212.22148402063576
2419392.183358,-226.8422250301942,-212.22148402063576
2419398.999197,-226.8422250301942,-212.22148402063576
2419405.469198,-226.8422250301942,-212.22148402063576
2419412.471478,-226.8422250301942,-212.22148402063576
2419419.465165,-226.8422250301942,-212.22148402063576
2419426.467452,-226.8422250301942,-212.22148402063576
2419433.45547,-226.8422250301942,-212.22148402063576
2419440.4579,-226.8422250301942,-212.22148402063576
2419447.46804,-226.8422250301942,-212.22148402063576
2419454.469718,-226.8422250301942,-212.22148402063576
2419461.827579,-226.8422250301942,-212.22148402063576
2419468.882244,-226.8422250301942,-212.22148402063576
2419475.925221,-226.8422250301942,-212.22148402063576
2419484.911595,-226.8422250301942,-212.22148402063576
2419489.465549,-226.8422250301942,-212.22148402063576
2419496.468288,-226.8422250301942,-212.22148402063576
2419503.89844,-226.8422250301942,-212.22148402063576
2419510.870043,-226.8422250301942,-212.22148402063576
2419518.184248,-226.8422250301942,-212.22148402063576
2419524.452849,-226.8422250301942,-212.22148402063576
2419531.463786,-226.8422250301942,-212.22148402063576
2419538.449711,-226.8422250301942,-212.22148402063576
2419546.552607,-226.8422250301942,-212.22148402063576
2419553.142392,-226.8422250301942,-212.22148402063576
2419559.807207,-226.8422250301942,-212.22148402063576
2419567.278129,-226.8422250301942,-212.22148402063576
2419573.466114,-226.8422250301942,-212.22148402063576
2419580.448753,-229.09135973412296,-207.1441106902633
2419587.447525,-234.358365344748,-198.67808081707372
2419595.217128,-234.35834677571788,-198.67800887569908
2419601.965142,-234.35834677571788,-198.67800887569908
2419608.467357,-234.35834677571788,-198.67800887569908
2419615.4572,-234.35834677571788,-198.67800887569908
2419622.455288,-234.35834677571788,-198.67800887569908
2419629.799303,-234.35834677571788,-198.67800887569908
2419636.787266,-234.35834677571788,-198.67800887569908
2419643.466839,-234.35834677571788,-198.67800887569908
2419650.454734,-234.35834677571788,-198.67800887569908
2419657.447353,-234.35834677571788,-198.67800887569908
2419664.447975,-234.35834677571788,-198.67800887569908
2419671.805841,-234.35834677571788,-198.67800887569908
2419678.781907,-234.35834677571788,-198.67800887569908
2419685.808445,-234.35834677571788,-198.67800887569908
2419692.466265,-234.35834677571788,-198.67800887569908
2419699.464625,-233.579164605822,-197.34035257147485
2419706.859692,-229.63276240943935,-190.60410643339145
2419713.807358,-231.45832872762736,-195.24287437055432
2419720.970377,-233.32376207812655,-196.77754060041207
2419727.472367,-233.4630754924561,-196.00767708393397
2419734.448511,-233.314609415335,-197.7798610729899
2419741.448988,-229.6968327669268,-201.1266547101289
2419749.175562,-227.81938653757976,-199.43836466402223
2419755.887607,-228.3762682331523,-193.01905375645205
2419763.667626,-228.41746421437188,-192.49534773571392
2419769.446585,-228.41746421437188,-192.49534773571392
2419776.446695,-228.41746421437188,-192.49534773571392
2419783.811209,-228.41746421437188,-192.49534773571392
2419790.848646,-228.41746421437188,-192.49534773571392
2419799.609899,-228.41746421437188,-192.49534773571392
2419805.20373,-228.41746421437188,-192.49534773571392
2419812.59336,-228.41746421437188,-192.49534773571392
2419818.449883,-228.41746421437188,-192.49534773571392
2419825.462123,-228.41746421437188,-192.49534773571392
2419832.744396,-228.41746421437188,-192.49534773571392
2419839.463601,-228.41746421437188,-192.49534773571392
2419846.831494,-228.41746421437188,-192.49534773571392
2419853.454012,-228.41746421437188,-192.49534773571392
2419860.457904,-228.41746421437188,-192.49534773571392
2419867.448266,-228.41746421437188,-192.49534773571392
2419874.876859,-228.41746421437188,-192.49534773571392
2419881.807336,-228.41746421437188,-192.49534773571392
2419888.453605,-228.41746421437188,-192.49534773571392
2419895.481364,-228.41746421437188,-192.49534773571392
2419902.450045,-228.41746421437188,-192.49534773571392
2419909.471647,-230.1003201335871,-197.76420840891893
2419916.467092,-230.15865131588308,-203.27389229495827
2419923.469753,-229.6897847302449,-205.56384467268327
2419930.816635,-229.97908980529195,-205.9841143302963
2419937.464758,-229.78199322821897,-206.28823735339128
2419944.450731,-229.31271770843503,-206.15306223892773
2419951.986631,-229.31271770843503,-206.15306223892773
2419958.907407,-229.31271770843503,-206.15306223892773
2419965.993943,-229.31271770843503,-206.15306223892773
2419974.264361,-229.31271770843503,-206.15306223892773
2419979.448971,-229.31271770843503,-206.15306223892773
2419986.446368,-229.31271770843503,-206.15306223892773
2419993.833138,-229.31271770843503,-206.15306223892773
2420000.847574,-229.31271770843503,-206.15306223892773
2420007.806442,-229.31271770843503,-206.15306223892773
2420014.465636,-229.31271770843503,-206.15306223892773
2420021.464011,-229.31271770843503,-206.15306223892773
2420029.776782,-229.31271770843503,-206.15306223892773
2420035.881894,-229.31271770843503,-206.15306223892773
2420042.818543,-229.31271770843503,-206.15306223892773
2420049.868906,-229.31271770843503,-206.15306223892773
2420060.210894,-229.31271770843503,-206.15306223892773
2420063.46505,-229.31271770843503,-206.15306223892773
2420070.918034,-229.31271770843503,-206.15306223892773
2420078.144675,-229.31271770843503,-206.15306223892773
2420085.00733,-229.31271770843503,-206.15306223892773
2420093.518667,-229.31271770843503,-206.15306223892773
2420098.47065,-229.31271770843503,-206.15306223892773
2420105.462609,-229.31271770843503,-206.15306223892773
2420112.462936,-229.31271770843503,-206.15306223892773
2420119.463797,-229.17899144018972,-206.44117216877748
2420126.918585,-227.8085812284617,-210.18246613079103
2420133.455049,-228.6565386560541,-212.4503574746132
2420140.46829,-229.1157913311104,-212.67839365105465
2420147.462976,-229.1160534882957,-212.67817084200945
2420153.869375,-229.1160534882957,-212.67817084200945
2420154.904666,-229.1160534882957,-212.67817084200945
2420161.471192,-229.1160534882957,-212.67817084200945
2420168.995879,-226.01118178375813,-221.26629292417792
2420175.845934,-205.85060689907093,-302.73633855462424
2420182.815409,-190.5023375054488,-333.7746663892564
2420189.850112,-166.92823814137324,-328.5894489617722
2420196.82029,-111.34648360411884,-318.0126064663826
2420203.940709,-63.12093573096626,-310.470495752142
2420210.863553,-15.989103932503538,-301.03931793093994
2420218.119187,4.880079489209944,-259.0443281195469
2420224.462756,3.624559906360717,-208.6836988548176
2420231.471245,-45.75712224368674,-171.125824635787
2420240.81183,-125.24859068199032,-112.1537448788156
2420245.845663,-176.7839696288166,-81.60955331992771
2420252.814835,-217.51935218612425,-53.29582677579376
2420312.609202,-229.1160534882957,-212.67817084200945
2420581.516942,-523.9360519406231,-211.6113902626084
2420588.496634,-486.5970677160634,-195.8817264043833
2420595.53629,-429.8171450587144,-163.88763895743293
2420602.457521,-396.9797012252203,-152.5044296438605
2420612.27038,-367.9453046622541,-139.6488949455185
2420617.120105,-353.8447621887788,-133.3899594764889
2420623.467878,-353.8447621887788,-133.3899594764889
2420630.465966,-353.8447621887788,-133.3899594764889
2420637.447768,-353.8447621887788,-133.3899594764889
2420644.448162,-353.8447621887788,-133.3899594764889
2420651.447841,-353.8447621887788,-133.3899594764889
2420658.46606,-353.8447621887788,-133.3899594764889
2420665.447945,-353.8447621887788,-133.3899594764889
2420671.64687,-229.1160534882957,-212.67817084200945
2420673.205337,-353.8447621887788,-133.3899594764889
2420679.445456,-353.8447621887788,-133.3899594764889
2420686.462527,-353.8447621887788,-133.3899594764889
2420693.469838,-364.1556179107962,-151.6581740657735
2420700.468805,-366.40873064943935,-152.19261382057832
2420707.465047,-349.90313911972834,-185.72141414060732
2420714.484519,-333.22347844649244,-214.3041723139928
2420721.472403,-313.0817251980906,-261.70212070575883
2420728.474694,-300.80347957592,-282.82090366462063
2420735.471951,-293.4142769374971,-293.4455836176734
2420742.468562,-275.2308474638151,-291.22424641651054
2420749.463065,-247.64265429926556,-284.87432074227735
2420756.447352,-234.3015051257916,-283.14793520990827
2420763.469851,-229.51076349798396,-281.6201912049861
2420770.467071,-229.51076349798396,-281.6201912049861
2420777.462375,-196.51606006532467,-321.4193150239718
2420785.341003,-243.27114933047653,-353.8199444937964
2420791.446638,-296.82567742393246,-372.0809867530991
2420798.87029,-349.03957126977355,-398.7052829036396
2420805.842358,-418.94715653827706,-434.9423950118304
2420812.87104,-449.26664050586623,-445.6147905263199
2420820.916362,-490.4597879548454,-464.956938336869
2420826.927854,-480.9773908392466,-513.9283281663193
2420833.465243,-455.6715969330941,-578.5375681644546
2420840.479909,-449.42448501180553,-635.6696311116089
2420847.980614,-423.152267947577,-714.8440986830434
2420854.460894,-419.7324521186244,-720.5756708693019
2420861.786676,-419.7324521186244,-720.5756708693019
2420869.463504,-416.91869122734215,-727.7602475755042
2420875.446335,-409.64246870546725,-754.379061439355
2420882.463392,-393.4352536275142,-804.4752134275608
2420889.461114,-364.3609753546328,-889.2210372943443
2420896.462603,-349.31968300087857,-949.6573878068068
2421064.506542,299.33199078847895,-957.4939152087292
2421071.463307,361.542154045985,-900.5988124891036
2421078.454185,440.1564541623831,-828.7270375260614
2421085.468469,483.26116485323473,-788.383887621085
2421092.448315,521.6166765928772,-754.8166229212303
2425498.392535,-368.0565002143554,-885.2608160664464
2425505.421916,-393.1944848214458,-803.1021853876447
2425512.622206,-433.02658119368994,-668.7339825240555
2425519.451868,-450.9652710728147,-595.0491089065373
2425526.36092,-403.5670089782821,-565.6374457273346
2425533.402064,-329.81669780619285,-536.4347248774341
2425540.353445,-248.75235368834055,-511.688879935425
2425547.352473,-146.94753999195163,-478.254686971574
2425554.359834,-41.51954506399905,-444.2868369709578
2425561.361794,4.254470875213204,-427.2648191666992
2425568.352939,65.81060339087041,-404.4868566097609
2425575.784384,155.8727931600653,-375.46263912041087
2425582.352808,171.19545693294228,-369.0084205589008
2425589.352956,173.90589702278015,-366.3383032511656
2425596.353217,218.95046130953824,-353.7376583606356
2425603.352948,259.90050893791084,-335.3996995094729
2425610.354754,264.610723731648,-302.2176498093475
2425617.361102,199.075280215268,-200.8762688338261
2425624.345155,187.66671233407243,-135.5460269498886
2425631.342947,249.1588278442983,-102.2735810076159
2425638.892376,354.07616585000727,-53.32450051910207
2425645.341314,354.07616585000727,-53.32450051910207
2425652.34114,354.07616585000727,-53.32450051910207
2425659.338412,354.07616585000727,-53.32450051910207
2425666.341088,354.07616585000727,-53.32450051910207
2425673.734412,354.07616585000727,-53.32450051910207
2425680.709762,354.07616585000727,-53.32450051910207
2425687.359725,354.07616585000727,-53.32450051910207
2425694.375682,376.87263550476985,-15.422290775813
2425708.339794,316.125021063196,10.94295411448698
2425715.339692,273.89714688892866,-18.970020312923545
2425722.354387,257.5618344450549,17.846850734848783
2425869.356345,528.5999048602556,-34.81918692974522
2425876.349937,475.38236956634927,-66.16212605722146
2425883.34216,443.3352409114213,-86.09372910959466
2425890.357131,444.22735071649,-102.37876795313367
2425897.349162,479.6362085850061,-122.67520858621371
2425904.741903,524.3386373221934,-140.79826721816292
