time,x,y
0.0,0.0,0.0
15.101012,30.60233718670266,17.740337004957905
33.816489,78.2989251691557,45.81630823338847
44.75814,111.66605548844028,58.93664170637949
60.8151,126.61589948606368,65.65340141337016
74.201231,147.15620142564515,78.78133700294867
90.152772,154.98425697031587,97.3301339696299
108.817415,85.92175713157013,163.62455289484856
119.205237,75.25428282913445,176.05889283948233
1949.663574,-46.09263547589555,-200.3799287374992
1965.540199,-28.942723663920027,-257.5215572183003
1979.68881,-28.942723663920027,-257.5215572183003
1995.455747,-18.989259716204604,-301.2413781636415
2009.716933,21.38096361800092,-407.4605888458376
2024.707379,43.38682456211659,-504.4896981092797
2039.586749,92.05489153814112,-592.6304286499527
2054.214352,113.66393502854308,-686.9088079160335
2070.027596,123.02160976444075,-754.5609869915888
5265.007077,1011.3187549022985,-537.5533109077641
5279.672536,960.1633773585836,-576.788626720965
5294.300586,899.3709037087408,-625.5998955711613
5309.714142,804.0407559976458,-640.4837731840522
5324.565413,735.288455058486,-556.5745362984222
5339.361248,487.8839900499936,-280.29159824677726
5354.740609,402.31090528657074,-188.86605081180707
5369.247489,383.0509335036519,-167.10668144431855
5384.27446,362.8280861133347,-139.79670841035596
5399.71974,308.17808500881864,-80.18706010446232
5414.36765,250.60283642706733,-14.025402269445715
5429.535801,250.60283642706733,-14.025402269445715
5444.333433,250.60283642706733,-14.025402269445715
5460.611809,250.60283642706733,-14.025402269445715
5474.816031,245.9924607580236,-17.822693258252226
5489.781156,245.9924607580236,-17.822693258252226
5506.717577,245.9924607580236,-17.822693258252226
5519.737591,245.9924607580236,-17.822693258252226
5534.82425,245.9924607580236,-17.822693258252226
5550.436993,245.9924607580236,-17.822693258252226
5564.733284,245.9924607580236,-17.822693258252226
5580.710577,245.9924607580236,-17.822693258252226
5594.825169,245.9924607580236,-17.822693258252226
5609.716277,245.9924607580236,-17.822693258252226
5624.967034,245.9924607580236,-17.822693258252226
5639.848253,245.9924607580236,-17.822693258252226
5654.778245,245.9924607580236,-17.822693258252226
5670.635469,245.9924607580236,-17.822693258252226
5684.692709,245.9924607580236,-17.822693258252226
5685.252658,245.9924607580236,-17.822693258252226
5699.819969,231.988021845986,-24.450475399181997
5715.667798,226.38578036133904,-26.350757435381443
5729.803666,226.38578036133904,-26.350757435381443
5745.644258,226.38578036133904,-26.350757435381443
5759.253108,226.38578036133904,-26.350757435381443
5774.94277,226.38578036133904,-26.350757435381443
5791.175574,226.38578036133904,-26.350757435381443
5804.838363,226.38578036133904,-26.350757435381443
5819.25717,226.38578036133904,-26.350757435381443
5835.272155,226.38578036133904,-26.350757435381443
5849.96811,226.38578036133904,-26.350757435381443
5864.255311,226.38578036133904,-26.350757435381443
5881.893556,226.38578036133904,-26.350757435381443
5894.719882,226.38578036133904,-26.350757435381443
5909.313184,226.38578036133904,-26.350757435381443
5926.378256,226.38578036133904,-26.350757435381443
5941.292091,226.38578036133904,-26.350757435381443
5955.613025,226.38578036133904,-26.350757435381443
5970.018642,226.38578036133904,-26.350757435381443
5984.817255,223.2030632376649,-12.268334474172814
5999.649373,221.8173497283956,-21.845514840414104
6014.559869,219.4289143669834,-29.1206141054931
6029.239462,216.90933244916397,-30.466911901520167
6045.143499,213.97326524125364,-27.84026746960537
6059.249853,212.9688156740601,-25.406659870344672
6075.250279,221.6959331281376,-19.72375283650664
6089.594031,225.4322332416944,-17.830466737350385
6104.6344,212.42511557785937,-17.726465975067214
6119.681781,223.6267254524984,-18.724575479979805
6134.646631,229.4278542032787,-17.825640549368977
6149.702698,227.14515305632003,-19.608153929292843
6165.224498,222.75701021570163,-25.055364147457222
6179.217767,221.73899634512787,-29.127583594017608
6194.693102,222.0517926769172,-23.608039882429757
6210.005979,219.8641678413255,-24.26626711230021
6224.249334,221.7238396400768,-24.07495892602384
6239.321517,219.75628178258424,-21.90968500688984
6254.220727,215.21720157290255,-19.595805951724245
6269.733153,220.68730573514569,-11.503074062915404
6284.722992,225.00190882213357,-16.181760144717817
6298.665933,259.58110473085947,-103.6827868954486
6299.610127,259.58110473085947,-103.6827868954486
6315.24757,267.38178376645624,-149.24948269561023
6329.249336,211.93613529977455,-165.07121701362695
6344.927093,159.50469307491875,-190.7352182353972
6359.310017,104.60802521479494,-221.44819217386123
6375.766463,41.65692016114995,-251.4528218220744
6389.324246,0.5364522704388062,-265.16053089946394
6404.251809,-17.16898337368507,-274.071915302771
6419.219072,-17.16898337368507,-274.071915302771
6435.201476,-17.16898337368507,-274.071915302771
6450.329582,-51.00547191144317,-284.0757222088656
10662.540992,472.234731930432,180.42250960366968
10678.248249,468.5938682196313,58.48661021622433
10693.154916,485.6438367536712,-49.74779694263674
10708.789066,531.501689864021,-121.14787722850365
10723.919653,538.1787396794806,-189.24156559912208
10737.550497,532.4004846388949,-224.1969608429661
10753.226443,437.0902983182694,-213.8949672549032
10768.788362,357.3338493742057,-112.85416452252544
10783.316289,307.58479917730546,-48.57533397268708
10798.400485,251.57565436179476,-5.866013362175061
10813.891151,206.39748715819692,27.89186590593161
10828.057918,163.8586886648849,83.1742587809128
10843.906047,109.69592893376053,109.0176871428936
10858.014935,95.1907009169986,68.19631789444821
10873.028495,92.1426362198724,66.36587895267381
10887.94155,39.33246180581068,38.972381461136166
10902.995287,23.64071064851465,29.31237270219245
10918.261777,23.64071064851465,29.31237270219245
10932.636177,23.64071064851465,29.31237270219245
10950.204037,23.64071064851465,29.31237270219245
10965.855603,23.64071064851465,29.31237270219245
10978.976704,25.273124903696,23.296782521908774
10992.886177,-8.919785936911502,12.91752780360488
11008.363412,-36.77685106285946,0.8031850457185777
11069.698696,-50.00258578770704,-198.17422964787508
11087.64224,-41.44764867326363,-236.0250085215805
11097.999285,-33.01832639635618,-277.89166737136225
11112.851283,-1.1949550944740577,-381.735330217243
11127.603402,44.271714849557206,-520.7601453768586
11143.470104,73.29399069482301,-605.8565752047649
11157.969519,97.53871309113975,-680.2821560917903
89686.96995,113.1376052058551,-726.2432870275358
89703.193782,80.7933942391878,-629.8746711638852
89718.131401,50.114694644273214,-510.6692728436496
89736.691512,19.090680600145912,-418.1660705473405
89747.298259,35.34216723544198,-393.45423341302137
89762.013065,35.34216723544198,-393.45423341302137
89776.96694,67.63883768212764,-377.0179222688872
89793.072276,90.21685649629732,-370.4138302189984
89807.335003,100.7544403505272,-325.19906344587673
89821.992995,60.96468778234521,-319.1504358691429
89837.647354,34.0898596362388,-344.7720795409407
89851.956942,34.0898596362388,-344.7720795409407
89852.146667,34.0898596362388,-344.7720795409407
89867.683453,34.0898596362388,-344.7720795409407
89881.964563,34.0898596362388,-344.7720795409407
89897.644158,34.0898596362388,-344.7720795409407
89914.333611,34.0898596362388,-344.7720795409407
89927.582529,34.0898596362388,-344.7720795409407
89942.856858,34.0898596362388,-344.7720795409407
89958.352449,34.0898596362388,-344.7720795409407
89972.603215,34.0898596362388,-344.7720795409407
89988.630161,34.0898596362388,-344.7720795409407
90003.302836,34.0898596362388,-344.7720795409407
90017.555406,34.0898596362388,-344.7720795409407
90033.734426,33.411361908736815,-347.79372337499456
90047.653228,33.411361908736815,-347.79372337499456
90062.579631,33.411361908736815,-347.79372337499456
90078.479501,33.411361908736815,-347.79372337499456
90092.570204,33.411361908736815,-347.79372337499456
90107.796224,33.411361908736815,-347.79372337499456
90123.524468,33.411361908736815,-347.79372337499456
90137.689266,33.411361908736815,-347.79372337499456
90152.959308,33.411361908736815,-347.79372337499456
90167.969236,33.411361908736815,-347.79372337499456
90182.657518,33.411361908736815,-347.79372337499456
90198.486886,33.411361908736815,-347.79372337499456
90214.655204,33.411361908736815,-347.79372337499456
90227.003818,33.411361908736815,-347.79372337499456
90243.618492,33.411361908736815,-347.79372337499456
90258.708202,33.411361908736815,-347.79372337499456
90272.781574,33.411361908736815,-347.79372337499456
90289.030133,40.88213888565889,-361.1255466223575
90302.65068,44.491759167462725,-368.4795336476454
90317.706847,44.64321026930653,-362.9374712397419
90334.133286,49.73226905114581,-355.9104046900537
90346.971176,50.78047350568837,-354.98960343614846
90363.612066,57.60029880369226,-360.2739619590485
90378.097497,57.56810766185068,-360.78012250706473
90392.902914,60.40483391723325,-367.5600625677988
90407.680462,60.09068609851217,-366.4270355444765
90422.690582,57.9331228966128,-361.482446988067
90437.775203,59.57323053916896,-362.45233678297416
90453.697873,59.57323053916896,-362.45233678297416
90467.017826,59.57323053916896,-362.45233678297416
90482.730931,59.57323053916896,-362.45233678297416
90498.621304,59.57323053916896,-362.45233678297416
90512.807628,59.57323053916896,-362.45233678297416
90528.75083,52.05986201027307,-365.2408154474167
90544.237801,47.455473304003576,-369.1502480301424
90557.713692,51.71156774539037,-373.9803270041113
90573.713775,51.7115680855693,-373.98032761407694
90589.903195,51.763449541932815,-374.62004880266335
90602.768534,51.763449541932815,-374.62004880266335
90618.628635,51.763449541932815,-374.62004880266335
90633.158981,51.763449541932815,-374.62004880266335
90647.704461,51.763449541932815,-374.62004880266335
90663.615747,51.763449541932815,-374.62004880266335
90678.938967,51.75052667624377,-365.9626321843103
90694.304069,46.10048819819104,-374.8466742894328
90708.821621,45.03108164514949,-377.256065302871
90722.791109,45.03108164514949,-377.256065302871
90737.747787,45.03108164514949,-377.256065302871
90752.819138,45.03108164514949,-377.256065302871
90767.869668,45.03108164514949,-377.256065302871
90782.961617,49.73426580924284,-377.4845461706993
90797.349207,49.73426580924284,-377.4845461706993
90812.437495,52.14635155444784,-383.96156810950106
90828.128776,52.14635155444784,-383.96156810950106
90842.069767,52.14635155444784,-383.96156810950106
90858.192431,55.48459471853051,-384.8118263159764
90872.48818,59.04315571556223,-387.32038026811614
90887.651778,56.65433207768331,-378.4283164191162
90902.457655,58.06979669149543,-379.64331459456247
90917.443203,130.2811450551621,-348.0510252552414
90927.507368,188.2493136569675,-324.32810662941074
90932.770083,217.3376690553619,-315.6151533467476
90932.778418,217.3376690553619,-315.6151533467476
90948.301515,351.0928044832393,-270.6842639698036
90961.971777,384.9577169137377,-255.76650234253367
90978.753714,507.8116541417999,-219.94824564778975
90992.070741,642.2893414533731,-171.99148803707303
91007.967883,643.8553344066446,-171.4025732754924
91024.492024,643.8553344066446,-171.4025732754924
91036.970545,643.8553344066446,-171.4025732754924
91052.784813,695.8986733319211,-160.36910735739795
91067.960927,823.3477065602184,-99.35706963211057
91082.059247,944.4414947882858,-42.96465326549589
92776.375775,915.1982947575948,-620.7026969821593
92791.070449,816.061375673258,-657.9734871403897
92806.219499,753.6786961204253,-584.5711332541972
92821.315792,753.6786961204253,-584.5711332541972
92836.447803,753.6786961204253,-584.5711332541972
92851.408388,753.6786961204253,-584.5711332541972
92866.916675,457.6787275353943,-134.6365778219786
92881.207444,467.9370665096823,-74.34123500301173
92896.19729,468.48240977046606,-69.54999566315354
92911.214912,468.48240977046606,-69.54999566315354
92926.19125,468.48240977046606,-69.54999566315354
92942.219208,468.48240977046606,-69.54999566315354
92956.616711,468.48240977046606,-69.54999566315354
92971.204515,468.48240977046606,-69.54999566315354
92987.268577,468.48240977046606,-69.54999566315354
93001.359568,481.04824938757895,-34.44156903264661
93016.524375,528.1021072530563,-70.24858933374877
93035.859408,603.6907647802295,-124.92881317760413
93045.805352,635.4512506502115,-148.5534878731318
93062.229978,635.4512506502115,-148.5534878731318
93077.245288,650.2885197456981,-150.81426112922776
93091.235952,726.2719684011289,-111.95415467404293
93106.313186,722.4533606060185,-104.3310881107255
93121.220147,695.5678575057955,-64.83351880882562
93136.243604,689.8522790162737,98.13139231493275
93151.659121,844.2494764253837,206.1717773908569
95370.809537,782.6231320242314,126.7760766588987
95385.900684,633.568610108092,33.13086921068559
95401.387165,695.6218643711994,-74.41183124622235
95416.228018,697.8019698380247,-76.5909094323738
95431.674855,704.1857775143869,-86.10445698862986
95449.006505,659.9582606998196,-150.85733899868777
95462.137972,659.9582606998196,-150.85733899868777
95476.626614,637.3677643307789,-174.18953666452992
95491.178989,504.3988805432416,-229.19493834613093
95507.03101,480.8355395869976,-239.18406644091556
95521.294455,480.8355395869976,-239.18406644091556
95536.58443,411.5240862766682,-195.11228296517385
95552.080815,318.55785524756203,-80.77276941736713
95565.842502,235.55713214099515,5.103028840484631
95581.359941,211.1702024495998,27.49247351895849
95596.512796,199.29039741986597,48.48884590407775
95611.563439,199.29039741986597,48.48884590407775
95627.335067,199.29039741986597,48.48884590407775
95641.502562,199.29039741986597,48.48884590407775
95656.193909,199.29039741986597,48.48884590407775
95672.165693,199.29039741986597,48.48884590407775
95686.474719,199.29039741986597,48.48884590407775
95701.460607,199.29039741986597,48.48884590407775
95717.348669,194.0491121042731,45.51774469588879
95731.535496,165.97861127442167,90.58678346589969
95747.597661,153.60752034618247,88.67993521749027
95757.061521,153.60752034618247,88.67993521749027
95762.879377,108.24263240672676,56.9335828199307
95778.320201,54.47877172618545,16.660247265872275
95792.280966,-3.1983897853166328,-16.690174217028222
95806.389297,-25.15896748013762,-20.752258948065432
95821.284762,-57.214681744864784,-39.87629561536374
95884.775588,153.60752034618247,88.67993521749027
96395.061696,153.60752034618247,88.67993521749027
97425.306014,829.7584137414434,213.41315692666623
97441.223506,836.9141523370405,191.3613613308836
97455.351288,757.7112566225343,118.6368567827261
97470.333491,656.2579553370219,52.58909777167366
97486.717684,678.1058318091607,-49.78948408235466
97500.250594,690.1615883042938,-70.16968489206477
97515.361042,690.1615883042938,-70.16968489206477
97531.11475,701.3387535574282,-118.0826364967246
97545.480647,673.4475527795674,-140.02696052987906
97561.130688,636.0370508272106,-172.73539004474011
97575.727977,511.5978511821944,-222.6205583928404
97590.278914,429.9675520513035,-223.8183809294706
97605.702033,370.9894985487387,-139.80782653712296
97620.3694,303.6610152130589,-58.71374017495412
97635.26282,260.3099563074473,-9.71570602786812
97651.000293,260.3099563074473,-9.71570602786812
97665.330437,260.3099563074473,-9.71570602786812
97680.301466,260.3099563074473,-9.71570602786812
97695.288094,260.3099563074473,-9.71570602786812
97710.265485,260.3099563074473,-9.71570602786812
97726.086296,257.00499145095307,-10.765857580124068
97740.367653,241.38339692260428,-15.80396944749482
97755.253765,241.38339692260428,-15.80396944749482
97771.193872,241.38339692260428,-15.80396944749482
97785.651217,228.28021193245263,-22.31947921376208
97800.663368,228.28021193245263,-22.31947921376208
97816.438472,228.28021193245263,-22.31947921376208
97830.641837,228.28021193245263,-22.31947921376208
97845.652746,228.28021193245263,-22.31947921376208
97860.645383,228.28021193245263,-22.31947921376208
97876.760162,228.28021193245263,-22.31947921376208
97882.451308,228.28021193245263,-22.31947921376208
97890.622114,228.28021193245263,-22.31947921376208
170782.39753,131.5405464726843,-774.7178101610344
170797.399181,98.05878851729317,-672.6939518350516
170812.943634,73.2567598858159,-573.5653294723206
170827.862315,61.87208895667988,-532.0275613585061
170842.514221,43.56135093081493,-473.4124028168623
170865.122167,41.824325396646415,-383.5724412534786
170865.122806,41.824325396646415,-383.5724412534786
170867.038029,41.824325396646415,-383.5724412534786
170881.939155,142.56629410847523,-331.8449878683777
170897.260747,248.86044708014745,-296.8675164082693
170912.785835,373.4751679896858,-264.4328864100612
170926.977299,414.5834915348231,-252.4529294006016
170947.431323,414.5834915348231,-252.4529294006016
170957.44172,428.9509149249204,-248.95950238606164
170972.548668,592.3185979077854,-193.9423317128377
170987.263292,645.1665388024113,-179.77478715730427
171002.344553,645.1665388024113,-179.77478715730427
171018.050558,645.1665388024113,-179.77478715730427
171032.891838,665.0525605709639,-179.60314691158595
171047.5564,721.584626752054,-105.88666579774656
171062.043468,652.7362859472975,30.23175928669762
171077.566208,766.139298550661,117.68767314161668
171093.168456,804.4295266022203,130.909077030039
171106.937269,804.4295266022203,130.909077030039
171122.369064,804.4295266022203,130.909077030039
171137.339866,827.3282314396457,136.90974761041684
171153.163197,827.3282314396457,136.90974761041684
171167.509422,827.3282314396457,136.90974761041684
171184.704447,830.0661436714694,138.60025389509212
174119.873832,477.9645306854816,195.9495321542097
174134.283175,473.30892444070327,130.45433337022988
174149.183685,473.14630639971966,55.84420694222964
174162.503098,470.75154297872695,5.193209275741091
174178.039607,475.87998898331807,-39.360086934505176
174193.379546,561.2474635897365,-101.37594909957292
174209.066983,607.793531454555,-130.0427851299182
174222.9799,607.793531454555,-130.0427851299182
174238.325539,607.793531454555,-130.0427851299182
174253.08311,629.2268530857925,-145.84008884588985
174267.974152,712.5397477203427,-206.1838160050669
174284.340969,786.6429970917912,-259.20687627011336
174298.318024,874.5567342132887,-331.95222416698374
174317.187236,938.2250517375602,-375.9593382401449
174320.8475,941.3193018523136,-378.90626346878366
174320.848101,941.3193018523136,-378.90626346878366
174322.679529,941.3193018523136,-378.90626346878366
174338.006026,1011.5327018099454,-436.7879482992681
179366.54004,994.2771744458456,57.22336756471987
179381.215755,988.7481447066324,60.30616143420714
179397.132702,888.502337835969,111.52053860184948
257623.630436,468.4085887107095,165.71604046685405
257637.831248,473.6473617077633,103.56577988852904
257656.157095,479.23943807739687,36.642139290957104
257667.914185,484.4436384494415,9.949107203452163
257683.534012,498.47519942394194,-51.964710717954766
257697.778005,536.8303131283916,-129.78577605662784
257716.2592,542.9256422686096,-185.5609158164048
257717.258026,542.9256422686096,-185.5609158164048
257717.258622,542.9256422686096,-185.5609158164048
257718.641712,542.9256422686096,-185.5609158164048
257735.553599,505.041263069827,-210.8814117930876
257748.595848,500.7105400113233,-213.3433748659052
257764.603929,491.6286663083171,-219.1430265301057
257778.992648,418.8483786745785,-243.4916738709696
257794.764468,375.14393278347546,-257.02265708161
257809.041932,375.14393278347546,-257.02265708161
257827.184933,339.7897322646261,-276.13554891102626
257840.056812,310.9291997985583,-285.898126231121
257854.087291,225.41261050118064,-309.8414838608524
257868.99195,122.07411600391464,-336.0441086773023
257884.618725,106.92819397840292,-336.3468991357559
257899.138574,106.92819397840292,-336.3468991357559
257915.099922,106.92819397840292,-336.3468991357559
257930.607438,106.92819397840292,-336.3468991357559
257944.712652,106.92819397840292,-336.3468991357559
257959.134359,106.92819397840292,-336.3468991357559
257974.140841,106.92819397840292,-336.3468991357559
257989.034796,106.92819397840292,-336.3468991357559
258007.245213,80.8446910036119,-305.64810719012246
258009.540314,61.77518785072248,-315.311662219572
258018.762402,43.73698781357321,-323.90875674688164
258034.544769,32.8964062360787,-330.2989078601845
258048.619808,32.8964062360787,-330.2989078601845
258064.247037,32.8964062360787,-330.2989078601845
258080.039617,32.8964062360787,-330.2989078601845
258094.487021,32.8964062360787,-330.2989078601845
258109.870615,32.8964062360787,-330.2989078601845
258124.018414,32.8964062360787,-330.2989078601845
258139.463432,32.8964062360787,-330.2989078601845
258154.035963,32.8964062360787,-330.2989078601845
258169.80739,32.75303473198734,-335.1138703473627
258184.051397,31.646184641528816,-336.2983282090595
258199.058227,39.076602329167606,-337.9402203973716
258213.604176,38.39820433628668,-339.8952937974156
258229.279319,38.51466927977977,-339.43897431533173
258244.150323,38.51466927977977,-339.43897431533173
258258.720342,38.51466927977977,-339.43897431533173
258273.995183,38.51466927977977,-339.43897431533173
258289.259236,38.51466927977977,-339.43897431533173
258304.128865,29.1000177943206,-333.4870167080585
258318.598079,29.180223096415972,-333.0890773388481
258334.65283,27.47440519820969,-333.7832721375376
258349.030187,28.428703422251072,-337.89818182449284
258364.019256,32.38424025291662,-340.46695451921903
258379.9592,29.44837838849193,-342.8595176497288
258393.642711,32.065468748207905,-340.61542578709486
258410.309118,36.20398152585339,-345.7337690838544
258424.150206,36.20398152585339,-345.7337690838544
258438.956696,37.88407615384507,-345.7011901368928
258454.622396,37.88407615384507,-345.7011901368928
258468.643508,37.88407615384507,-345.7011901368928
258483.920884,37.88407615384507,-345.7011901368928
258498.992989,37.88407615384507,-345.7011901368928
258514.040569,37.88407615384507,-345.7011901368928
258528.921428,43.68455131168601,-347.89825915825867
258543.934242,44.897251564241785,-348.3281684149356
258558.990892,52.17536914481106,-348.16458303195725
258574.62932,61.15389257795718,-346.8932808939132
258588.991346,58.28239570544508,-347.08136466749056
258603.932806,51.48235616676353,-348.73697359832465
258619.582343,39.35976754543313,-354.34545454626124
258634.073906,32.626790205582495,-354.85041603968176
258649.061666,36.03073391724914,-350.1731098464317
258664.942314,35.07019633160518,-352.15234068852413
258684.229805,34.130861317437315,-350.6339703518818
258694.131635,34.286587424092595,-350.5254532927476
258709.165824,34.286587424092595,-350.5254532927476
258725.643516,39.40834005351029,-349.15100608895733
258740.170781,42.08737784511437,-349.28602749965233
258755.444436,42.08737784511437,-349.28602749965233
258769.148847,42.08737784511437,-349.28602749965233
258785.034206,42.08737784511437,-349.28602749965233
258799.219298,42.08737784511437,-349.28602749965233
258814.18638,42.08737784511437,-349.28602749965233
258829.164659,42.08737784511437,-349.28602749965233
258844.215703,41.65533521085086,-349.46775174886324
258859.967113,41.65533521085086,-349.46775174886324
258873.642865,42.68850257553143,-349.16984051803075
258881.000182,43.66873966082132,-349.12420470980135
258881.000887,43.66873966082132,-349.12420470980135
258883.199089,43.66873966082132,-349.12420470980135
258898.539474,44.75140407810589,-349.14031640164785
258914.358845,49.322464253310905,-348.6528660522711
258928.076274,48.21071517794717,-350.6166366630244
258943.760444,48.21071517794717,-350.6166366630244
258959.456883,48.21071517794717,-350.6166366630244
258973.511063,48.21071517794717,-350.6166366630244
258988.704889,48.21071517794717,-350.6166366630244
259003.604266,48.21071517794717,-350.6166366630244
259018.597612,48.21071517794717,-350.6166366630244
259034.353063,48.21071517794717,-350.6166366630244
259048.805755,48.21071517794717,-350.6166366630244
259063.067915,48.21071517794717,-350.6166366630244
259078.580191,48.21071517794717,-350.6166366630244
259093.786839,48.21071517794717,-350.6166366630244
259109.116789,48.21071517794717,-350.6166366630244
259123.656815,48.21071517794717,-350.6166366630244
259138.485805,48.21071517794717,-350.6166366630244
259153.486151,48.21071517794717,-350.6166366630244
259169.269909,48.21071517794717,-350.6166366630244
259183.496177,48.21071517794717,-350.6166366630244
259198.497523,48.21071517794717,-350.6166366630244
259213.554986,48.21071517794717,-350.6166366630244
259228.530864,35.718621555659375,-353.77881306323206
259243.029038,32.85319279486694,-355.4093045393136
259258.513907,32.85319279486694,-355.4093045393136
259273.514871,32.85319279486694,-355.4093045393136
259289.216719,32.85319279486694,-355.4093045393136
259303.576148,32.85319279486694,-355.4093045393136
259318.825482,32.85319279486694,-355.4093045393136
259334.233789,32.85319279486694,-355.4093045393136
259348.568554,32.85319279486694,-355.4093045393136
259363.026606,32.85319279486694,-355.4093045393136
259379.437698,32.85319279486694,-355.4093045393136
259393.700434,32.85319279486694,-355.4093045393136
259408.693402,32.85319279486694,-355.4093045393136
259424.176457,32.85319279486694,-355.4093045393136
259438.76557,32.85319279486694,-355.4093045393136
259454.385606,32.85319279486694,-355.4093045393136
259468.720744,32.85319279486694,-355.4093045393136
259483.583191,32.85319279486694,-355.4093045393136
259499.430852,44.77728586166872,-360.1828075905303
259513.071326,41.89950044073599,-363.7454619850428
259528.516515,41.36282522782921,-363.1416198728732
259544.368949,46.1509895915973,-368.9934073739712
259558.584577,46.283915439812894,-366.4177531539025
259575.297022,51.49028235399673,-356.9819060762911
259589.792146,49.50670518667835,-357.0215161728084
259603.864724,48.735071309276016,-359.10830352906623
259619.343089,48.73507103557052,-359.1083039506699
259633.550827,48.73507103557052,-359.1083039506699
259648.609568,48.73507103557052,-359.1083039506699
259664.279011,48.73507103557052,-359.1083039506699
259678.510959,57.11227630975055,-355.74994667965825
259693.434038,58.3442418844402,-365.4334641171522
259709.057974,66.12638908811724,-365.013112063283
259723.362951,61.95075540036,-362.5284645493221
259739.143447,53.20255849062974,-364.3895147763564
259753.3641,48.12508899340796,-366.736708803164
259768.353661,47.87777953493637,-366.68127677799566
259783.360325,38.79626697018768,-375.4367011769068
259798.355319,40.40149693447835,-366.60825385775513
259813.354167,31.690039180411222,-363.3942626027852
259828.37609,28.875044471453517,-371.06097391033626
259843.574533,36.678760119840135,-373.1862251253486
259859.502171,41.67024062936692,-371.0641303033536
259873.713865,49.20336601787186,-370.83388994034345
259888.374998,48.23155526963124,-368.8218356980419
259904.221773,48.53838899116889,-363.1115627159947
259918.442882,48.54303653212705,-368.2392038037156
259933.354946,45.88759140742105,-370.08920140156215
259949.06034,42.86533034064954,-371.8933394239415
259963.366868,46.70098841731193,-373.98823189835457
259978.363721,49.18438700522261,-374.567894259594
259993.076354,47.39933951955608,-373.1867469382285
260008.46366,43.37944394477348,-371.48481628794
260023.446816,46.96704831208099,-374.9592941983116
260039.438954,70.62954734384451,-358.0282124638454
260053.771662,94.6649130131681,-336.6976904337077
260069.244548,87.19794161668727,-313.9068743572539
260083.564767,64.94963126794171,-319.3148724222849
260098.597723,40.29411466816602,-328.90855703468867
260113.591525,32.121442011394485,-332.5780947272856
260128.083833,17.497934661014476,-339.8245245339548
260143.559971,3.875488614887865,-347.7624268707473
260160.687212,28.04018678331334,-449.0893763725624
260164.525247,42.71420819712015,-484.37216504721687
260173.133198,70.02797666216554,-529.7291772236955
260188.372907,91.73492506023538,-611.4073282254849
260204.081663,114.60746316062334,-695.6038791126148
354954.714197,-59.62636721592396,-140.13257403947824
354964.778752,-40.03163785901617,-208.12075835865588
354975.57681,-41.28491482544398,-252.4034656994918
354984.777114,-43.4129446383546,-263.9349331291133
354995.233335,-40.16239366674283,-264.46726249481964
355006.095504,-36.50865233400467,-270.6756902028013
355015.859565,-28.516642013775865,-280.3989918968718
355025.310619,8.070919412752431,-367.4447780341644
355035.190206,23.062642432956224,-466.6932988781229
355050.279575,33.616791789179885,-501.8994242377928
355055.176987,36.98030974962117,-520.2068644372303
355064.769495,46.72201991313732,-540.0357745767694
355076.135415,64.67265506473923,-585.6609377117364
355085.345214,74.9850453751748,-624.596943685406
355094.71221,86.7856721794506,-671.2467643526869
355105.211596,99.51353191795852,-707.8051359760941
443596.559388,957.270641097352,-576.880090345893
443602.870933,916.7875781439072,-616.295163084615
443613.209284,840.0955265730971,-679.8380054053864
443626.401769,754.2236089621467,-765.1221951940441
443632.862838,753.549238729508,-765.6900366246667
788392.246518,824.6198148270051,216.60884264842971
788402.216668,837.394019543775,184.35870281683268
788410.976425,837.394019543775,184.35870281683268
788422.342722,837.394019543775,184.35870281683268
788431.43229,837.394019543775,184.35870281683268
788441.327564,824.8806581704234,146.74733398732764
788456.369638,749.6574407670904,107.19435489212584
788460.912468,668.5451392453093,70.07863818305539
788471.376681,677.6542802499414,-59.2239082865472
788480.879342,699.2464000489607,-87.93312851854428
788492.493478,671.9976099170576,-149.8810031624379
788502.059011,621.9653627546761,-182.11191350892585
788511.933338,562.7088633526184,-194.0171761450564
788521.273178,524.7891155056969,-207.0837530453284
788533.759061,478.4889102981503,-228.06326604535013
788542.650978,478.4889102981503,-228.06326604535013
788551.207966,478.4889102981503,-228.06326604535013
788561.367103,478.4889102981503,-228.06326604535013
788571.478823,474.8851275124994,-238.28916315622723
788581.668866,446.3619000761853,-239.9468006115025
788591.6269,411.30490681215065,-184.6279695570495
788621.603315,373.1885517573488,-149.17553931448646
788621.61051,321.05741805832247,-95.0278445586022
788621.981557,266.93723714355457,-33.19668382823365
788621.982158,266.93723714355457,-33.19668382823365
788623.79095,266.93723714355457,-33.19668382823365
788635.641988,253.3962403874081,-5.939843481373249
788643.803477,221.8708676783476,-4.266671252854326
788655.008856,193.9905930034251,44.809455250867806
788665.764932,180.298058851822,70.38263870292978
788675.615116,162.12332993482912,88.15922938443151
788684.178784,149.31349975822044,75.32989413873835
788694.206113,109.01145927791688,53.09503911610307
788704.131257,76.2019993247729,44.42701598829392
788714.301546,10.255959438197058,8.232534272770826
788724.128614,-33.24296350911368,-13.587311564014616
788877.183073,-55.13710396434599,-181.2868698841868
788884.689351,-55.13710396434599,-181.2868698841868
788895.913688,-47.04701492310247,-192.7284322208778
788912.084087,-45.22318396314143,-209.5746079038644
788915.598182,-43.85412847958504,-231.8859427234992
788924.952099,-35.39017470796674,-246.36871990077444
788934.387286,-24.52052639470567,-252.8911371208076
788949.20218,-23.64578309032675,-254.62687911123496
788954.465786,-28.853444587809985,-257.5141604854105
788966.60089,-28.943301925475275,-256.68277314883306
788976.664902,-44.56518550401808,-260.20940201770657
788986.171263,-39.81068725894357,-261.22712370672326
788994.715787,-29.061523815818735,-290.40810188418504
789005.292705,-9.463871463544562,-329.26605187127154
789014.456251,-4.494344505357093,-336.74119186142923
789024.390944,3.403633903901868,-359.42011499276174
789034.720407,39.539690086881535,-380.997689459356
789045.072089,67.21761974485317,-368.372680252123
789055.51399,96.0918403847681,-353.33333892260066
789065.896676,90.96324414500307,-313.88451891991457
789075.039745,84.65444364067191,-314.126275074103
789080.280027,81.21972072867653,-317.0654463063138
789084.788563,81.32161762535179,-317.9460631441588
789095.457004,81.77382428859615,-317.0252863259839
789107.364961,81.77382428859615,-317.0252863259839
789114.771222,81.77382428859615,-317.0252863259839
789124.912359,81.77382428859615,-317.0252863259839
789135.340463,81.77382428859615,-317.0252863259839
789144.439475,81.77382428859615,-317.0252863259839
789154.811662,81.77382428859615,-317.0252863259839
789165.661794,81.77382428859615,-317.0252863259839
789175.53303,81.77382428859615,-317.0252863259839
789186.290159,81.77382428859615,-317.0252863259839
789195.494916,81.77382428859615,-317.0252863259839
789205.652048,81.77382428859615,-317.0252863259839
789216.389147,81.77382428859615,-317.0252863259839
789224.799229,81.77382428859615,-317.0252863259839
789234.931242,81.77382428859615,-317.0252863259839
789244.433691,81.77382428859615,-317.0252863259839
789254.988452,81.77382428859615,-317.0252863259839
789264.35205,82.22319249029826,-316.8719948991106
789275.117647,83.80130360523142,-317.6073928110779
789284.342965,83.80136246694289,-317.60735820062695
789294.372955,83.80136246694289,-317.60735820062695
789304.437858,83.80136246694289,-317.60735820062695
789314.828633,83.80136246694289,-317.60735820062695
789325.745476,83.80136246694289,-317.60735820062695
789334.960719,81.22611835468703,-318.0710395983803
789346.520363,81.22611835468703,-318.0710395983803
789354.89661,81.22611835468703,-318.0710395983803
789365.173449,81.22611835468703,-318.0710395983803
789374.991039,81.22611835468703,-318.0710395983803
789385.244441,81.22611835468703,-318.0710395983803
789397.0307,81.22611835468703,-318.0710395983803
789405.241619,81.22611835468703,-318.0710395983803
789414.388284,81.22611835468703,-318.0710395983803
789425.788291,81.22611835468703,-318.0710395983803
789435.056466,81.34962572226357,-317.2434467740178
789444.971292,81.34962572226357,-317.2434467740178
789454.855092,76.91964305602335,-318.4879904432262
789464.925647,50.20045156245732,-334.63677354001146
789475.558324,47.89495204044108,-363.8385106856635
789484.803818,61.22162143875531,-362.7894247583866
789494.898764,137.5778969000622,-345.4507401287567
789502.038081,198.81502277469164,-332.5665857996258
789504.836114,198.81502277469164,-332.5665857996258
789517.228025,285.17593737240054,-295.13388401357065
789524.749248,327.51374964515617,-280.6912947984678
789536.747363,415.15682546827634,-250.31492165443
789545.060388,416.3513561093126,-249.49340781285588
789554.39257,454.2123629445767,-237.31308721696143
789564.718977,509.5478167299992,-218.7266470264044
789575.124265,610.6865465035376,-190.28423447291763
789584.747495,652.4511081170346,-175.2234921116642
789594.000004,675.8332950635852,-171.73537963807928
789595.409698,675.8332950635852,-171.73537963807928
789605.817051,675.8332950635852,-171.73537963807928
789615.430025,675.8332950635852,-171.73537963807928
789624.390912,675.8332950635852,-171.73537963807928
789634.644818,675.8332950635852,-171.73537963807928
789645.3999,675.8332950635852,-171.73537963807928
789654.443738,675.8332950635852,-171.73537963807928
789665.172702,675.8332950635852,-171.73537963807928
789674.897681,675.8332950635852,-171.73537963807928
789684.934877,675.8332950635852,-171.73537963807928
789694.203797,675.8332950635852,-171.73537963807928
789694.81354,675.8332950635852,-171.73537963807928
789704.800916,675.8332950635852,-171.73537963807928
789705.346306,675.8332950635852,-171.73537963807928
789715.919179,675.8332950635852,-171.73537963807928
789725.348428,675.8332950635852,-171.73537963807928
789735.899543,675.8332950635852,-171.73537963807928
789744.437953,675.8332950635852,-171.73537963807928
789754.439422,675.8332950635852,-171.73537963807928
789766.588912,675.8332950635852,-171.73537963807928
789774.45095,675.8332950635852,-171.73537963807928
789786.701371,675.8332950635852,-171.73537963807928
789795.695217,675.8332950635852,-171.73537963807928
789805.110407,675.8332950635852,-171.73537963807928
789814.833312,675.8332950635852,-171.73537963807928
789824.5313,675.8332950635852,-171.73537963807928
789834.387358,675.8332950635852,-171.73537963807928
789847.142963,675.8332950635852,-171.73537963807928
789854.877471,675.8332950635852,-171.73537963807928
789865.557911,675.8332950635852,-171.73537963807928
789874.398607,676.7469182486394,-172.62653266611193
789884.450838,676.7469182486394,-172.62653266611193
789897.358305,676.7469182486394,-172.62653266611193
789904.447607,676.7469182486394,-172.62653266611193
789916.22284,676.7469182486394,-172.62653266611193
789924.846364,676.7469182486394,-172.62653266611193
789935.293113,674.0284860822403,-174.96498871296694
789944.981127,670.2153139548717,-177.49398323164746
789954.973003,669.9828750163242,-175.93494765600255
789965.854459,673.1854499754628,-175.44232215560967
789976.373958,675.8359043431423,-177.85553573680792
789986.841875,667.5726345048532,-178.5521175965253
789994.937224,667.2306417742133,-179.83103179698702
790006.821087,671.2057533491071,-180.9175450024289
790014.978548,674.5728285616972,-180.07937369184776
790024.447465,682.5758283642676,-174.96129246746145
790035.308336,680.1361562147189,-177.03204975023772
790045.17669,674.7266371585043,-176.65242694797976
790055.197631,674.2926909131572,-178.98104439701146
790066.860354,675.3214242938003,-176.7392140480215
790076.490738,677.5338864771495,-175.8411909251612
790085.756602,681.4488707016634,-175.1212577996451
790095.137536,680.3706222298729,-173.8307874321776
790105.931912,673.9349182691325,-178.32791892595807
790114.799397,680.4282519087211,-181.57641110644747
790124.401196,690.691996839994,-184.5907461844081
790134.352283,687.25291498241,-180.5547761543872
790144.396531,682.501307710263,-172.62966905602747
790154.90345,681.4593936724701,-169.95386090672588
790167.520633,678.2177092762875,-176.37348013589957
790177.652773,679.5537487815262,-177.33389079134847
790185.597924,678.3004362289109,-176.1072292414795
790194.786889,681.1243246056031,-177.74606612353887
790204.887955,680.7084478961698,-181.715625254253
790214.937609,684.2691554730534,-184.72785916166757
790225.486847,683.7025638726462,-187.2973219961841
790234.820843,686.2355151359808,-187.6746908991252
790246.174447,682.0045681724922,-183.33759861690427
790254.87952,692.9056388453505,-176.47069840672987
790265.481237,691.4372008821808,-168.20352500313
790274.968782,691.4372008821808,-168.20352500313
790286.064892,691.4372008821808,-168.20352500313
790294.976178,691.4372008821808,-168.20352500313
790307.767256,687.6125645949606,-164.59801388610634
790314.792459,689.9908606292561,-163.29235545954185
790324.771074,689.9908606292561,-163.29235545954185
790335.612605,689.9908606292561,-163.29235545954185
790345.742341,689.9436281825123,-163.69964130424083
790354.770523,689.9436281825123,-163.69964130424083
790365.209621,689.9436283900388,-163.69964127102008
790375.05851,689.9436283900388,-163.69964127102008
790386.628563,689.9436283900388,-163.69964127102008
790394.968354,689.9436283900388,-163.69964127102008
790406.305878,689.9436283900388,-163.69964127102008
790414.819987,689.9436283900388,-163.69964127102008
790424.438854,689.9436283900388,-163.69964127102008
790435.651872,689.9436283900388,-163.69964127102008
790444.921535,689.9436283900388,-163.69964127102008
790455.409436,689.9436283900388,-163.69964127102008
790464.92676,689.9436283900388,-163.69964127102008
790475.736236,689.9436283900388,-163.69964127102008
790486.708394,689.9436283900388,-163.69964127102008
790504.814584,689.9436283900388,-163.69964127102008
790509.547584,689.9436283900388,-163.69964127102008
790509.893961,689.9436283900388,-163.69964127102008
790509.894601,689.9436283900388,-163.69964127102008
790511.937306,689.9436283900388,-163.69964127102008
790523.486143,689.9436283900388,-163.69964127102008
790531.865686,689.9436283900388,-163.69964127102008
790542.829048,689.9436283900388,-163.69964127102008
790552.650469,689.9436283900388,-163.69964127102008
790563.441375,689.9436283900388,-163.69964127102008
790572.972944,689.9436283900388,-163.69964127102008
790582.983426,689.9436283900388,-163.69964127102008
790593.429389,689.9436283900388,-163.69964127102008
790602.756214,689.9436283900388,-163.69964127102008
790613.443739,689.9436283900388,-163.69964127102008
790625.009296,689.9436283900388,-163.69964127102008
790633.31483,689.9436283900388,-163.69964127102008
790643.629163,689.9436283900388,-163.69964127102008
790653.2637,689.9436283900388,-163.69964127102008
790663.146435,689.9436283900388,-163.69964127102008
790671.936939,689.9436283900388,-163.69964127102008
790688.653012,689.9436283900388,-163.69964127102008
790693.097408,689.9436283900388,-163.69964127102008
790702.719626,689.9436283900388,-163.69964127102008
790712.565257,689.9436283900388,-163.69964127102008
790722.766581,689.9436283900388,-163.69964127102008
790733.416956,689.9436283900388,-163.69964127102008
790743.853929,689.9436283900388,-163.69964127102008
790756.583598,689.9436283900388,-163.69964127102008
790762.434609,689.9436283900388,-163.69964127102008
790772.593198,689.9436283900388,-163.69964127102008
790782.521422,689.9436283900388,-163.69964127102008
790792.485554,689.9436283900388,-163.69964127102008
790802.91831,689.9436283900388,-163.69964127102008
790811.97711,689.9436283900388,-163.69964127102008
790821.886324,689.9436283900388,-163.69964127102008
790832.20706,689.9436283900388,-163.69964127102008
790842.89372,689.9436283900388,-163.69964127102008
790853.095219,689.9436283900388,-163.69964127102008
790862.960557,689.9436283900388,-163.69964127102008
790875.127819,689.9436283900388,-163.69964127102008
790882.311521,689.9436283900388,-163.69964127102008
790892.248075,689.9436283900388,-163.69964127102008
790902.358309,689.2162703521597,-158.66427871680912
790912.188597,687.6734326445468,-152.34813489271028
790923.359665,687.252313048353,-152.3042584292053
790935.267974,687.1475002425126,-152.36869105556065
790942.688622,690.630745816164,-152.6203183318534
790953.814839,697.1480463427856,-156.15723815373946
790963.283736,697.6347476017389,-157.29587597025815
790974.674573,697.6347476182467,-157.29587613671018
790982.486537,697.6347476182467,-157.29587613671018
790993.90795,697.6347476182467,-157.29587613671018
791003.257759,697.6347476182467,-157.29587613671018
791014.288787,697.6347476182467,-157.29587613671018
791023.369164,697.6347476182467,-157.29587613671018
791034.577117,697.6347476182467,-157.29587613671018
791043.984251,697.6347476182467,-157.29587613671018
791054.35524,697.6347476182467,-157.29587613671018
791061.987769,697.6347476182467,-157.29587613671018
791071.96308,694.1491254158085,-149.92297982679312
791083.021523,694.1491251751187,-149.92297943770058
791092.443955,694.1491251751187,-149.92297943770058
791102.374711,694.1491251751187,-149.92297943770058
791113.850069,694.1491251751187,-149.92297943770058
791122.459196,694.1491251751187,-149.92297943770058
791132.421726,694.1491251751187,-149.92297943770058
791143.413295,694.1491251751187,-149.92297943770058
791152.383835,694.1491251751187,-149.92297943770058
791161.895841,694.1491251751187,-149.92297943770058
791174.509809,694.1491251751187,-149.92297943770058
791183.769442,694.1491251751187,-149.92297943770058
791193.87193,694.1491251751187,-149.92297943770058
791204.089765,694.1491251751187,-149.92297943770058
791214.192952,698.5330104720838,-148.92890879361858
791222.732876,698.6085716599758,-149.2192663847801
791232.348998,695.6488902980107,-152.12649926208746
791245.765401,695.7633821391174,-156.3871976176145
791252.618446,696.8678397428909,-157.48666218998923
791262.373475,697.0296687188843,-163.97613797580215
791272.299713,703.2616514798704,-163.51656539821312
791281.85827,701.8541879555216,-159.57991549045343
791292.786868,698.9329144700804,-160.04072115330175
791303.368561,695.9731873147016,-159.88218283983537
791312.322522,693.7008249556153,-160.94061297446743
791322.178075,696.0791182351196,-161.40968111607987
791332.834824,700.4123436088515,-160.79181861428154
791342.464557,695.2434726944983,-162.25903425483546
791353.037087,700.3126202295956,-161.579453701951
791362.205133,699.3995179877908,-159.4729550753122
791372.998121,698.2939408341504,-159.6631348785974
791383.254512,718.7894359191886,-150.22836322425078
791393.233177,721.156311827456,-145.29238734093556
791402.350783,718.8969214878839,-148.27633072054394
791413.699932,713.9428157035962,-143.53229783216395
791422.930167,716.9990079369145,-137.91841835278203
791433.352162,719.1693362684042,-139.2313591298423
791442.281575,718.4398803938236,-138.82194840465232
791452.393369,721.8280883216937,-142.22620449568237
791462.449367,719.732971385018,-146.88592904721193
791472.445991,718.3190218429137,-151.02632660079627
791482.335959,717.1016351776885,-152.72514197704393
791493.418941,716.2421718122094,-148.2170212627573
791502.892176,717.0686241960134,-150.6432363883334
791513.04873,722.0314748043363,-147.06604478287727
791522.28713,719.3527720064536,-144.4358943196388
791532.61864,715.717841668822,-143.80968419487567
791542.165319,717.3496474496071,-147.19430070027968
791552.310491,718.7902106297903,-144.01178795142644
791562.302032,722.0536174780431,-144.12313802113806
791572.22915,717.0419415319823,-148.24590269526217
791582.601489,720.7423363980652,-148.03905433606323
791594.728894,721.8776128470722,-148.74662093449228
791602.627318,717.1517816336899,-150.87553779410848
791613.455818,735.070716742528,-140.34290233613052
791622.23334,741.3893227424965,-126.2590390932064
791632.450719,743.5829484783324,-118.93750109197026
791642.509613,743.3556240080417,-114.63584736479054
791653.131149,740.8557034000778,-124.56390106552443
791661.944792,731.5083878567788,-143.52690829166636
791672.226482,727.325647238137,-141.85013958960732
791682.199226,728.3974431467714,-141.71390647870646
791692.188582,727.0306770967848,-141.0544654933896
791702.351373,742.2049002133639,-129.43569598923963
791712.189244,743.5692277856641,-129.70863390283233
791724.183225,743.9272157882044,-130.0591182261047
791732.951781,741.4257589023589,-128.69592493424082
791742.895043,731.9243624420083,-130.6883403875232
791752.179171,732.8010546605806,-129.9035805332077
791764.327639,736.7508795479165,-134.3307270074005
791772.210639,735.0946896622042,-134.5012542075172
791781.954653,737.3285917466036,-136.5640238660107
791792.806507,735.1892804021244,-137.43600540650235
791802.342501,740.1449227709378,-133.27189883788563
791812.290878,743.7205062600639,-132.3389336869487
791822.255878,737.0685478149923,-127.6133115343012
791832.863599,735.6044882258492,-123.09881926193876
791842.894864,737.7671483688509,-124.36366886677168
791852.87809,737.0448262894482,-125.01122688080336
791862.352168,742.3782179926246,-122.35607202814462
791873.759368,743.457026761989,-124.79778289315765
791881.943969,740.9253125814449,-127.04601254930904
791892.212952,743.0361332364317,-133.76131040754265
791901.87426,741.0858438627089,-133.48020009381102
791912.234069,740.6659105190998,-138.26694008345908
791922.185402,741.5850456915434,-133.7855836992097
791932.26854,736.6625595752689,-133.37009611006235
791943.209802,733.1375536908159,-133.77366156001503
791952.840799,735.7626457904021,-131.2969961222567
791963.127067,734.8976375712073,-138.53745159225718
791973.233877,736.9958781671712,-139.30605132357303
791983.737402,743.5108192061892,-130.37415420496637
791991.902918,742.792260713882,-124.9419361765358
792002.697912,744.3204289885539,-126.94345956523662
792014.056387,745.2028938405615,-123.91641789941669
792022.114856,745.2028938405615,-123.91641789941669
792032.842543,745.2028938405615,-123.91641789941669
792041.899514,745.2028938405615,-123.91641789941669
792052.45679,751.6726945193985,-126.81362041154443
792062.766684,757.7920604234732,-133.422929661853
792071.960657,753.802458715461,-129.56954888772967
792086.816116,752.9549918788166,-126.8197573853592
792094.694402,750.8448374211207,-122.30840092013868
792103.649309,746.3192763414708,-123.82811867717086
792113.01865,741.6319099002076,-125.57555575083826
792124.775783,740.7884815596791,-121.89382931845704
792133.06727,740.150040010385,-117.30600708819708
792141.900354,740.7825300012345,-120.89358771416046
792153.214292,742.4154206071171,-128.17625747324396
792161.901442,746.409786110919,-119.83165795346184
792172.287703,751.3530081948891,-116.50250913530935
792183.007948,757.6956995438735,-117.746271900491
792192.926841,759.0424594475592,-120.5013224173224
792203.8293,758.1189060158417,-118.8803386419616
792212.203024,755.7244076819348,-119.6297725781397
792222.3845,752.7797023664323,-118.42234443281932
792233.170799,749.1852301402968,-116.29585396373496
792241.888401,749.1852301402968,-116.29585396373496
792254.551029,744.9953190524727,-114.07463799368324
792264.514948,743.7272211698169,-110.39857986861205
792274.172604,734.3612573063632,-111.64613235733268
792282.275464,736.7743009983703,-123.20408175569268
792294.598276,735.8498698192022,-127.06981868687664
792304.087227,735.9964803078726,-126.6611419695722
792312.439409,736.47541421641,-133.66213618381198
792322.56263,738.2101079666992,-135.2610608628114
792332.595475,734.5817043874075,-137.67506404722133
792342.501438,734.5817043874075,-137.67506404722133
792352.317396,734.5817043874075,-137.67506404722133
792366.365687,734.5817043874075,-137.67506404722133
792374.240439,733.8644124830142,-135.83398519717477
792382.306307,732.5099812129583,-132.99322784152278
792393.054233,732.3090014208094,-132.75725347555803
792403.477331,732.3090014125555,-132.75725346389578
792411.90004,732.3090014125555,-132.75725346389578
792422.892911,722.1516597734362,-119.87761705164134
792436.200775,689.0625654810393,-126.85581341046988
792436.210311,671.9071622452714,-147.10260458413876
792436.706584,668.8039175434035,-156.7431893335247
792436.707291,668.8039175434035,-156.7431893335247
792438.608952,668.8039175434035,-156.7431893335247
864459.80116,986.9556451756622,-568.515293519055
864469.465952,920.9642300617672,-624.5476864050338
864480.644194,871.5439705410483,-657.1147098613649
864491.58293,871.5439705410483,-657.1147098613649
864500.704812,871.5439705410483,-657.1147098613649
864509.899381,861.8758195233379,-665.6286933815395
864534.11181,807.6367126172885,-717.9832753118453
866510.203756,843.0371472010752,-774.7826876319986
866522.787525,827.4789700527164,-728.9773000784164
866529.149887,789.9344518303892,-734.1888981848596
873467.557633,553.5609683107663,-668.9389851421025
873477.508058,594.7426409165342,-608.1464376152862
873487.827967,686.0873366651062,-527.9039787909225
873501.307353,742.4052941104127,-477.0935484536071
873507.837838,813.6294623703419,-395.9535022095323
873518.078937,853.0100119828555,-359.08826041030056
873529.269813,913.2024129087964,-310.05585445480403
873538.555772,973.7783304923522,-263.9889759700674
873567.723063,993.4423999244914,-102.22478270416129
873579.280021,964.4120696413012,-68.17153449568991
873587.932532,945.256180148259,-48.20775755595552
873598.168628,965.9091811084973,-30.456619311363525
873608.141797,986.1709078169876,-18.57779471164805
873617.805998,1014.8797263478548,-11.464299080002611
873687.887379,982.1030901511696,52.3211187426508
873698.822495,907.8647297923684,87.84753116041196
873707.56145,861.0628862476206,73.51945608010703
873718.621625,861.0628862476206,73.51945608010703
873728.662583,861.0628862476206,73.51945608010703
873739.595586,861.0628862476206,73.51945608010703
873747.562143,861.0628862476206,73.51945608010703
873759.409571,861.0628862476206,73.51945608010703
873768.80976,861.0628862476206,73.51945608010703
873778.3872,861.0628862476206,73.51945608010703
873788.192927,858.2077408841809,70.177311939406
873798.662538,833.8137166513222,46.77575382553097
873809.669169,773.1074083171685,-10.636637757904918
873817.569261,733.9175106350266,-64.03919936666891
873827.507738,724.5224894530877,-79.8577151453168
873838.573694,724.5224894530877,-79.8577151453168
873848.711166,692.0795211863251,-134.41985723061234
873857.562976,676.1060900885576,-153.2089457252824
873868.342454,676.1060900885576,-153.2089457252824
873877.809928,676.1060900885576,-153.2089457252824
873889.201741,676.1060900885576,-153.2089457252824
873898.259897,676.1060900885576,-153.2089457252824
873908.318663,676.2152989333317,-176.29717428921683
873912.681024,676.2152989333317,-176.29717428921683
873917.585687,676.2152989333317,-176.29717428921683
873928.91343,676.2152989333317,-176.29717428921683
873938.774813,676.2152989333317,-176.29717428921683
873948.007604,676.2152989333317,-176.29717428921683
873958.067597,676.2152989333317,-176.29717428921683
873967.994379,676.2152989333317,-176.29717428921683
873977.479104,676.2152989333317,-176.29717428921683
873987.617747,676.2152989333317,-176.29717428921683
873998.172024,676.2152989333317,-176.29717428921683
874008.318074,676.2152989333317,-176.29717428921683
874018.280884,676.2152989333317,-176.29717428921683
874028.051537,676.2152989333317,-176.29717428921683
874037.579278,676.2152989333317,-176.29717428921683
874048.291285,676.2152989333317,-176.29717428921683
874057.527932,676.2152989333317,-176.29717428921683
874069.11442,676.2152989333317,-176.29717428921683
874079.315897,680.227141673252,-173.7480523828312
874088.561126,685.2481201362693,-171.81203552739098
874100.132102,685.2481201362693,-171.81203552739098
874107.942728,685.2481201362693,-171.81203552739098
874117.518175,685.2481201362693,-171.81203552739098
874127.930518,685.2481201362693,-171.81203552739098
874138.071519,685.2481201362693,-171.81203552739098
874147.960867,685.2481201362693,-171.81203552739098
874158.114104,686.1430140932877,-172.75064792474203
874167.883112,685.1130618097806,-174.945565899554
874178.558031,687.1303040811812,-176.58606805617157
874189.708553,686.0506800020918,-177.53996697270446
874197.818079,685.6509850901523,-175.43312891953542
874208.710837,684.0231128682549,-174.44206715323716
874221.061905,682.3312230164034,-177.3225246305254
874227.944408,683.2309089717713,-176.8432714846976
874237.477721,682.4694834789772,-173.76046887740176
874247.995341,684.9463411089265,-173.9306060293148
874257.864144,685.7556063923628,-175.18280564351664
874268.04329,685.2104186579436,-176.25051319065943
874278.431982,685.2104186579436,-176.25051319065943
874289.38858,685.2104186579436,-176.25051319065943
874298.776899,685.5578468079012,-177.19918528477737
874307.555089,685.2582329673048,-178.56890248635207
874319.962553,686.3427164527812,-177.1834908076087
874330.329309,683.398670355678,-177.08963578888165
874338.031725,692.608020376937,-180.08107171875656
874347.963444,694.4994542079612,-183.92985989522444
874357.939799,694.4597669324365,-182.97067904430145
874369.360482,693.1596981867131,-179.67244286291196
874377.981995,690.1068764847145,-178.5912690354073
874388.781497,683.6906937712388,-182.99996239836355
874397.623211,686.1146609245499,-178.3617561757555
874407.574351,682.9507697218338,-179.63312991520488
874419.625907,685.5815623343324,-177.8224945924358
874427.519116,683.5216147952564,-174.7032872799323
874438.148048,684.0310746927573,-178.1676724625696
874447.918226,687.477514847968,-178.98524268455304
874457.92742,685.9355825263734,-169.63519277839794
874468.209095,684.0853535547857,-175.50498133723158
874478.340255,680.7957771939997,-177.41910886167904
874487.65028,681.3683061974062,-175.03571961963334
874497.692146,694.3017838038837,-170.62948241080414
874508.417765,694.7506017637519,-182.036607326951
874518.597834,695.190305981099,-177.37404923588875
874528.280888,692.9624290941146,-176.60034609767828
874537.598552,694.8678240178817,-176.16637500979394
874548.050273,696.9558744099437,-174.0595502828451
874560.101053,704.3809503384452,-167.05876653721774
874567.522202,709.0753394651892,-160.19551249296313
874580.800889,708.8521112408167,-157.6171479958076
874587.820911,710.1210127669797,-156.19035201874323
874597.476546,711.5995757499003,-155.94710316047778
874607.597725,704.9480598949582,-154.09761571140888
874618.449708,709.0260053897389,-154.6969844200765
874628.365538,710.0928486460424,-155.38003702976468
874639.123604,704.294243070881,-156.6481128167148
874648.127799,702.984367891898,-160.8682024778719
874657.599366,707.3705372189237,-162.50277474676074
874667.991445,704.64573737213,-159.9996591404293
874677.559681,704.8048769158962,-161.27926089884207
874687.819173,707.7329435555719,-166.5353708747596
874698.263413,707.5356489069686,-166.55871538622972
874708.005663,705.0186542416858,-166.73846944583806
874718.625863,708.8260304610235,-162.87288146937863
874728.584355,706.6370327254778,-161.72166261662
874739.884993,706.5194125119913,-166.0170960133976
874751.702065,708.6030960222633,-164.2234942303724
874757.835567,706.7440262756413,-167.6475760205455
874767.894234,711.0412515004025,-167.25108594150186
874779.772851,710.0744467249796,-165.51187854102724
874787.581675,706.4227553244551,-161.7405743343966
874797.500577,722.5806882483573,-155.046116167898
874808.549235,724.815061840285,-156.83183837194383
874821.076551,724.2018322181361,-156.50875453732797
874829.924861,726.2745943997128,-153.80243525882835
874840.103837,722.7599867928227,-156.9256757436378
874853.811019,720.9596937810106,-153.08726388281482
874857.565277,721.794102504728,-154.03576100831296
874871.024423,724.8402682081648,-152.6949141585457
874878.40759,724.7701398508381,-153.39342160207212
874889.564267,724.1812642308441,-157.0465933682887
874899.748699,724.8003422417187,-159.4092004410224
874907.707056,724.0453118690914,-156.71369028924826
874920.068394,719.4653931102671,-155.9527805759689
874927.961453,722.420073005975,-155.5968999737594
874938.644658,724.0464360324605,-155.77416536061634
874949.492498,722.7568249240177,-154.2086569797087
874960.407241,721.4206793950276,-151.7598587154597
874972.807083,719.383645929668,-150.48073681062786
874977.482598,721.455769312029,-149.25653094318776
874992.199346,725.3069266545572,-154.60552318754472
874999.309246,722.5633750276022,-159.88669822710324
875008.762848,721.2182808906978,-158.05158855081035
875019.48748,721.217223753629,-158.2031816350728
875028.271544,726.3853316316199,-157.71781579349152
875038.949833,733.7735105791005,-152.45768815795486
875047.811416,741.608550754819,-131.09582720459855
875059.705548,739.1030344551854,-132.77480452458502
875068.694142,740.0539420417655,-137.4270358012849
875078.547865,740.0061809934064,-137.38107081802428
875087.971,743.4836999004181,-134.61491152129798
875098.481439,739.8999174474499,-130.03912153765853
875107.92671,743.7162154320753,-132.3081698807164
875117.97655,747.0303164631368,-137.0851227745769
875128.015748,747.9433005997676,-139.0021257444728
875140.023458,747.6835614725986,-138.74315738627212
875147.857535,747.6835614725986,-138.74315738627212
875159.554192,747.6835614725986,-138.74315738627212
875167.600359,747.6835614725986,-138.74315738627212
875178.61261,744.3897046149161,-131.52557958575088
875188.95629,744.386482689647,-131.51458801418423
875199.088599,744.386482689647,-131.51458801418423
875212.000368,744.386482689647,-131.51458801418423
875217.530222,744.386482689647,-131.51458801418423
875227.52632,744.386482689647,-131.51458801418423
875237.524504,744.386482689647,-131.51458801418423
875247.59611,743.1378007931319,-129.79431550429743
875258.74868,730.8692201948392,-118.44370487701744
875272.210006,730.5603193208302,-120.37903624053276
875277.978836,732.707957500198,-115.83140016140686
875277.980705,732.707957500198,-115.83140016140686
875280.695247,731.0218171904756,-114.02728975757724
875290.68802,728.2490522131109,-118.4292574507364
875302.326298,732.9889332513574,-125.27260559445926
875314.95046,738.5070817860038,-118.7745926752435
875321.508999,738.9490398558643,-115.26537927602963
875331.38046,726.0780547720276,-97.25867588162735
875341.216391,725.1243905525125,-96.76489630051144
875350.746966,689.7630829224039,-57.01589171243479
875353.549352,662.2978544915051,-23.986281348400414
875360.758159,646.795981412857,16.930342679541507
875374.398939,755.6871498067949,124.4920702945187
875381.438519,837.3827783842481,166.39596237246062
944913.728213,986.1836205098556,-547.4433620165418
944924.038924,884.2400152343982,-632.7154467898857
944933.9761,841.3446561047916,-667.5008303502321
944944.242349,830.4233904931665,-667.052138448838
944953.730147,830.4233904931665,-667.052138448838
944966.852174,830.4233904931665,-667.052138448838
944973.570528,497.9786615786872,-286.01631551995104
944983.322337,426.8229517410037,-209.874388098011
944993.280636,395.07512533579495,-166.37689922942792
945004.407121,349.7089715769872,-116.15114052229424
945013.308819,313.9880353836011,-73.46056579097535
945023.308339,260.95556900731685,-18.266406172788443
945033.284874,236.7146723985027,-10.333125013930635
945046.466659,221.07147507383883,-0.1184492159871498
945055.744335,162.74570937735717,82.64461537588006
945063.876171,136.5283575204252,71.6329266602022
945073.902129,110.75203860808008,56.98498937487767
945083.840751,59.096679482019695,32.64805782261925
945093.503973,11.077117600208354,8.760792733138743
945103.750271,11.077117600208354,8.760792733138743
951369.988078,480.20926164212216,202.21007316851816
951369.988857,480.20926164212216,202.21007316851816
951371.697945,480.20926164212216,202.21007316851816
951386.434154,472.4885524150683,96.22846233479136
951393.038919,469.7821871626379,16.95851545046962
951403.399316,475.021549108272,-32.789951500429886
951413.371855,514.0110155945762,-64.72149021254653
951422.109415,525.635887304082,-83.88053694641856
951432.265981,530.6984357968677,-149.89795188178047
951441.983809,528.7741383032242,-172.5039184715271
951452.087946,531.8152211782597,-191.2879747723904
951462.001188,537.612516698636,-202.520607586638
951472.340007,451.8516036694552,-230.1620542003331
951482.830083,411.022153080128,-201.78157137456077
951492.292236,387.9794711334736,-168.3107669701562
951502.816837,387.9794711334736,-168.3107669701562
951512.10197,387.9794711334736,-168.3107669701562
951521.620836,389.4389733176655,-142.19387823770893
951531.627072,360.5062789233341,-113.69178943952606
951542.047531,317.8124942429185,-87.11353565669289
951552.616433,285.8500955827104,-55.464078960761725
951561.720032,277.7423140486679,-41.44273443511045
951573.307632,271.56569455386415,-21.31746437481925
951581.682227,261.89581962967577,-8.582222039389686
951592.149343,222.8057060312594,0.6065624072586883
951602.291213,190.6698576841518,45.35824138793438
951612.92044,154.13207421266728,78.32285654865086
951621.633267,124.55725942218848,62.93049904294855
951633.449709,105.33298520058575,43.56107936296525
951642.128577,127.75591868169792,14.746528382074231
951652.335939,147.83456529963817,-30.2712329355046
951661.756828,166.38246848007668,-64.057440260828
951672.672808,188.4713192034162,-88.2458698491739
951681.668412,188.452148006633,-91.71799328266812
951692.876352,188.452148006633,-91.71799328266812
951704.206105,183.9412086189157,-98.5511058715758
951711.757204,183.9412086189157,-98.5511058715758
951722.291542,180.8865791616998,-101.5670950624638
951735.649453,218.41248840057207,-85.31468676971632
951742.102243,242.71461339008863,-73.38543753320327
951751.657964,256.09650985747595,-87.03696491647014
951764.26145,262.2932000190788,-129.79970513389193
951771.681973,246.6898612450834,-146.78052541863235
951782.219931,198.80598418988697,-175.86414103441084
951792.217838,164.60708703608606,-193.8552812304896
951801.647495,132.04777322840044,-209.67493267099923
951812.200265,110.93392124125675,-215.8107468513084
951822.02712,98.31715928118204,-221.75562280479787
951832.732134,63.41848605443776,-240.76675639029412
951842.763361,37.788757956965306,-252.20058777589216
951853.147053,-23.41718030755398,-288.116392176918
951862.065809,-14.440470417798688,-337.1896461035572
951873.09253,23.1908003286704,-385.32428253696656
951881.851205,41.26046540336666,-372.0792803681046
951892.610652,46.10167634261168,-370.5214367012524
951901.786258,62.624667958290175,-367.3734634359077
951912.238364,69.58947091067412,-365.4867406562666
951922.68241,82.93366574368414,-361.919097801419
951934.09204,100.85866499628524,-357.0509001608539
951943.540887,124.1547840136836,-344.30247913542587
951959.805624,161.4698224117734,-334.4120739047073
951963.440655,203.84704143151976,-319.53888748481035
951972.668506,244.44083078038744,-306.6188370694946
951982.111325,291.244599583618,-283.0279257441192
951992.125201,350.453470333581,-271.78441948580945
952002.368827,421.8972630859278,-248.5582256127581
952013.466183,423.3062431413468,-248.2992501020227
952022.735866,423.3062431413468,-248.2992501020227
952032.833043,423.3062431413468,-248.2992501020227
952042.235061,423.3062431413468,-248.2992501020227
952052.680098,448.8936496886794,-240.5590162798027
952062.94917,528.870271278647,-213.37254015042245
952072.191281,533.3153863770592,-210.89321776118143
952085.671426,533.3153863770592,-210.89321776118143
952092.411108,533.3153863770592,-210.89321776118143
952103.159518,533.3153863770592,-210.89321776118143
952112.158471,533.3153863770592,-210.89321776118143
952121.682801,533.3153863770592,-210.89321776118143
952133.112393,537.1845556241219,-205.1225122079065
952141.824602,537.1845556241219,-205.1225122079065
952152.288821,537.1845556241219,-205.1225122079065
952162.983557,537.1845556241219,-205.1225122079065
952172.820722,537.1845556241219,-205.1225122079065
952181.754318,537.1845556241219,-205.1225122079065
952191.754157,537.1845556241219,-205.1225122079065
952202.503943,537.1845556241219,-205.1225122079065
952212.683826,537.1845556241219,-205.1225122079065
952221.722362,534.3990280848648,-195.50655355558283
952232.362618,534.3990280848648,-195.50655355558283
952241.68395,534.3990280848648,-195.50655355558283
952251.763825,534.3990280848648,-195.50655355558283
952263.024922,534.3990280848648,-195.50655355558283
952272.27244,545.4334163469836,-196.997367126262
952283.299629,545.4334163469836,-196.997367126262
952292.256234,545.4334163469836,-196.997367126262
952302.469098,545.4334163469836,-196.997367126262
952312.217145,545.4334163469836,-196.997367126262
952322.126411,562.4224457515819,-193.32211780321197
952332.123447,604.5020913007606,-183.7693383750468
952341.995664,628.408859456747,-173.98458089231914
952352.138372,631.8785293187223,-173.83006153539677
952366.481759,666.2981172982447,-172.6543207223315
952371.681479,674.2551927872396,-176.93224993604798
952383.249786,676.9913679210283,-174.86553270787132
952391.740276,675.5257837944331,-174.2835649537091
952396.391209,674.5491291405549,-173.78686588680097
952402.01051,671.6829703290913,-174.04782629559756
952412.124248,674.5536879242901,-171.4663832335903
952422.014907,674.350136282247,-172.47819311219425
952431.707505,669.0330677791785,-176.25387009003302
952441.726725,667.6427487979774,-176.16365538188143
952452.020709,670.3862901450606,-178.24806196055383
952461.970187,676.411906151712,-176.00348733465128
952472.640614,672.9561958731053,-177.78832836168533
952482.727804,678.5967971287121,-175.28322058317576
952491.738667,674.2458566248978,-176.8983928602084
952501.691746,679.728681074704,-176.44854906849156
952511.726426,678.7472998056816,-180.6490320850108
952522.057701,676.3634376928927,-176.04731218055647
952532.705083,680.1020575532691,-173.26791577264385
952545.570174,682.1775884074061,-184.7912843003289
952552.86652,681.9094291743961,-185.68337365280163
952562.125161,685.1444409112117,-176.00034128211445
952572.524544,687.9912327240777,-177.41336461537963
952583.081404,691.6575722746297,-179.5243837320926
952592.14842,693.2024374735945,-180.66436329375995
952602.19252,694.6868274877512,-184.12450972564423
952611.686429,694.3312262036834,-184.69620963000048
952623.459324,690.5052441881802,-183.31869299829208
952631.672169,690.2015700208806,-183.4028456621831
952643.991379,690.2015700208806,-183.4028456621831
952652.333324,690.2015700208806,-183.4028456621831
952662.469704,690.2015700208806,-183.4028456621831
952672.167776,690.2015700208806,-183.4028456621831
952682.722587,690.2015700208806,-183.4028456621831
952692.429947,690.2015700208806,-183.4028456621831
952705.367311,690.2015700208806,-183.4028456621831
952712.214751,690.2015700208806,-183.4028456621831
952722.200126,690.2015700208806,-183.4028456621831
952731.889559,690.2015700208806,-183.4028456621831
952742.277533,690.2015700208806,-183.4028456621831
952751.743247,690.2015700208806,-183.4028456621831
952762.097482,679.6190012537006,-181.787455799871
952772.026484,676.7672779714181,-181.7900834501174
952782.048714,674.7764307847183,-185.0546948397124
952792.343739,676.8332585725298,-186.8042534413728
952802.000738,679.8899202392821,-181.0079042804529
952812.157159,678.2922522584406,-174.44592085340292
952822.008037,675.7983646555562,-173.42195302278577
952835.987252,675.7983639336343,-173.42195308993158
952842.302536,676.8528066449318,-171.3379560505629
952852.873533,676.8528149256645,-171.33794433186387
952864.081656,676.8528149256645,-171.33794433186387
952871.690121,676.8528149256645,-171.33794433186387
952882.552881,676.8528149256645,-171.33794433186387
952892.443749,676.8528149256645,-171.33794433186387
952902.095052,676.8528149256645,-171.33794433186387
952912.152558,676.8528149256645,-171.33794433186387
952923.143298,676.8528149256645,-171.33794433186387
952932.19118,676.8528149256645,-171.33794433186387
952942.399708,676.8528149256645,-171.33794433186387
952952.194965,676.8528149256645,-171.33794433186387
952961.749191,676.8528149256645,-171.33794433186387
952972.225674,676.8528149256645,-171.33794433186387
952981.741763,676.8528149256645,-171.33794433186387
952992.360389,676.8528149256645,-171.33794433186387
953002.186622,676.8528149256645,-171.33794433186387
953013.084175,673.3523714647155,-164.5962998435088
953022.487028,671.8238988829727,-165.23856789728535
953032.995687,672.644506122552,-166.70602735338002
953043.009186,672.7588695947672,-167.52439431719802
953052.197723,673.6028012635071,-166.58342766472583
953064.769623,675.8648363789185,-164.02161452152112
953073.298704,668.57419385029,-154.98400643361734
953082.654894,667.8891281522029,-154.23460557098426
953092.310152,674.5091677857669,-157.82882588227966
953103.218513,672.5779786489059,-162.55134609625702
953112.88452,678.3175083941455,-167.51530860828782
953124.569566,678.7571618978865,-169.00210315973962
953133.624528,681.8346581301408,-165.9329941628825
953142.95716,683.7296322988294,-167.01270731278242
953153.21591,683.20305572896,-169.9964530603771
953162.308149,682.8510451394177,-169.37902398820245
953173.827349,680.7308297337846,-171.50979559372846
953182.285338,678.4997199687801,-173.50299867664106
953192.090577,680.8280258948729,-170.5449511376343
953202.625512,679.1869582546918,-166.6408214049743
953212.298266,682.0930832747581,-163.71679163069155
953221.74409,678.5214684336455,-161.49571457610935
953235.538863,677.8303788488787,-158.5870468320112
953241.677618,677.2079237847125,-155.91389895121662
953255.440998,679.054712618092,-156.1700696678167
953262.387947,683.9219652506813,-156.1485533027751
953272.268855,680.2480045496775,-161.12214068001094
953283.766301,678.4488943467534,-164.65089042056707
953292.683112,681.7804581266837,-163.28246766071828
953302.168874,687.8435323734857,-166.67974853559664
953312.366776,687.5174801689043,-178.9738774807432
953322.163696,687.9359665724962,-184.528893929229
953332.359894,694.4878027592029,-185.30349706853545
953341.813778,696.4511886384424,-186.0652047058771
953352.807535,694.9444461677925,-178.6649232183083
953362.093448,693.7712509401671,-181.13658993615115
953371.99625,695.0164170097266,-178.7852025580001
953382.451709,693.7859579266167,-176.66489205887908
953386.340327,693.7859579266167,-176.66489205887908
953392.059578,693.3574403963988,-175.31104181642473
953401.764052,693.3574403963988,-175.31104181642473
953413.159719,707.7652623941701,-157.52233841625718
953421.682862,758.4521818844588,-132.6940538392294
953431.686933,826.1644862398075,-90.5124646052058
953442.103961,903.1853949430692,-53.59386674641007
953455.434714,971.0147789698876,-30.69978143820288
953505.10393,693.7859579266167,-176.66489205887908
954665.806477,693.7859579266167,-176.66489205887908
1032840.462689,819.2630259698602,131.64902791369207
1032849.409959,724.7093499791789,87.20620632599538
1032858.95956,648.4162837375317,11.655706291846066
1032867.681457,670.3241288729106,-30.81230152148062
1032878.822338,696.2055206689465,-126.67975637373516
1032887.914373,687.615255445972,-137.68118134976928
1032897.696692,687.615255445972,-137.68118134976928
1032910.064634,675.8780391819174,-148.90835248583704
1032918.216428,743.4249677477145,-141.46857830204956
1032927.645233,811.7772385417013,-110.0688177960717
1032939.872384,926.2322994412924,-57.738376271399474
1032951.020426,1003.4384099962216,-22.22589299911147
1034489.243296,1012.5444199524624,-530.9069745064807
1034502.096731,962.4371173719884,-569.3300663520984
1034508.335307,961.578402738662,-569.6453189922265
1034518.90934,917.8137455481428,-615.8351365958051
1034531.461708,858.4112813495544,-664.4819060729047
1034538.423712,801.0782338353143,-640.7709201670918
1034551.291507,770.9000677882407,-603.4727912566195
1034558.144193,770.9000677882407,-603.4727912566195
1034568.44886,770.9000677882407,-603.4727912566195
1034579.354655,504.0243524285715,-280.8196931580823
1034588.159673,492.2557072641588,-269.2652613480815
1034598.333662,459.6271302426984,-243.13999326229776
1034608.142292,420.3752379382415,-204.7335666214228
1034618.314361,391.84929970897343,-177.85017246594225
1034629.303947,344.2266392074602,-118.3817646117713
1034637.856393,303.76372586763705,-74.74117891722781
1034648.295684,255.05404683017247,-20.513861650493894
1034660.967959,227.45293761679227,-8.17949409922937
1034669.609998,194.7167382461951,50.69409958472136
1034678.780864,180.7689831682859,74.96007055233318
1034690.855355,173.30227999342432,79.9587818526292
1034697.906627,162.79935679147678,87.91894470814373
1034709.008729,148.29720475767843,87.76411083381635
1034719.685551,132.8202843138457,81.0436435288926
1034730.876121,106.29907722321563,58.20501830063778
1034737.910519,82.30239184207865,42.35925837285448
1034748.48982,44.46384107233994,23.86955012038978
1034759.054518,12.327471695773962,6.448119498628023
1034767.815406,-42.626704156152,-25.01640014351632
1034858.69165,-58.55496145721069,-159.99312217737491
1034868.322398,-34.54701369975751,-236.942876751515
1034881.567974,-22.99719588480561,-285.6032288611612
1034888.626372,-3.1679184263683644,-345.0865205151373
1034898.729475,16.33274252781327,-388.9702548579284
1034911.928611,84.14938795451748,-363.5313499049571
1034918.265049,101.20112623914198,-333.1098379136756
1034928.15847,46.93038769112793,-324.50903559158894
1034938.312729,40.42167949967799,-337.7238854146968
1034951.627039,43.044377101215325,-340.27308383548694
1034957.959216,43.044377101215325,-340.27308383548694
1034958.308714,43.044377101215325,-340.27308383548694
1034968.614762,43.044377101215325,-340.27308383548694
1034978.181455,43.044377101215325,-340.27308383548694
1034988.154509,43.044377101215325,-340.27308383548694
1034997.940917,43.044377101215325,-340.27308383548694
1035008.197855,43.044377101215325,-340.27308383548694
1035018.193799,43.044377101215325,-340.27308383548694
1035028.011594,43.044377101215325,-340.27308383548694
1035038.144596,43.044377101215325,-340.27308383548694
1035048.227145,43.044377101215325,-340.27308383548694
1035058.298759,43.044377101215325,-340.27308383548694
1035068.327976,43.044377101215325,-340.27308383548694
1035078.151007,43.044377101215325,-340.27308383548694
1035088.222873,43.044377101215325,-340.27308383548694
1035098.894233,43.044377101215325,-340.27308383548694
1035109.049904,43.044377101215325,-340.27308383548694
1035118.176102,43.044377101215325,-340.27308383548694
1035128.76045,43.044377101215325,-340.27308383548694
1035138.191141,43.044377101215325,-340.27308383548694
1035147.912407,43.044377101215325,-340.27308383548694
1035158.139878,43.044377101215325,-340.27308383548694
1035168.37435,43.044377101215325,-340.27308383548694
1035178.291312,43.044377101215325,-340.27308383548694
1035188.158174,43.044377101215325,-340.27308383548694
1035198.917276,43.044377101215325,-340.27308383548694
1035208.824374,43.044377101215325,-340.27308383548694
1035220.001637,43.044377101215325,-340.27308383548694
1035228.568875,44.03813398290964,-340.80071496290543
1035238.168648,44.03813398290964,-340.80071496290543
1035247.91351,44.03813398290964,-340.80071496290543
1035258.552574,44.03813398290964,-340.80071496290543
1035270.591468,43.5467156668267,-344.46060598300824
1035277.815656,34.24951464705607,-362.4084448407917
1035289.295509,33.2562173327738,-363.4527187566878
1035299.169043,38.7624683339717,-357.66570998760807
1035308.957966,44.392729964132414,-354.7755370481263
1035318.998382,46.66285958196155,-350.9908301041265
1035327.817139,44.12827848478509,-342.6493095653348
1035338.214913,41.8982810899114,-343.4287395973629
1035349.002839,36.52305137970164,-346.60695690587386
1035358.177499,35.80434817168489,-344.7498522590276
1035367.864505,42.959579336193634,-346.90627250125465
1035378.291693,48.58227904278407,-348.8558448193648
1035387.823705,50.74835837614669,-347.6937566463779
1035401.588133,53.419047237021935,-347.7264252268641
1035410.36828,53.26624459035681,-348.4720099709233
1035418.055013,46.4910229358504,-352.5425606852955
1035428.189401,40.21775046737292,-352.93458673528835
1035437.851254,36.08271694192735,-355.12997352073813
1035448.307619,35.90436108841743,-359.2915503183596
1035458.178066,40.06864891185654,-355.5762553821776
1035469.738245,45.73142434444033,-354.66958470529903
1035478.27665,47.9737218280579,-357.58094485647973
1035488.260554,51.48053342993067,-356.6323023424507
1035498.228004,49.9982773859638,-351.8124422915989
1035510.605196,45.8174192316286,-355.0229507959978
1035519.598317,45.983115263235405,-353.27786937707003
1035528.947612,46.28699540524257,-353.9280254183497
1035537.81798,46.925911673742505,-352.5701084974671
1035549.870203,44.53714442493277,-353.6171842274119
1035558.227617,46.4533232083412,-355.5062297661565
1035568.332363,43.88116500223513,-354.0346324261941
1035578.302587,42.82700806833823,-353.8016022658452
1035588.255741,42.82700806833823,-353.8016022658452
1035598.307697,42.82700806833823,-353.8016022658452
1035608.33939,42.82700806833823,-353.8016022658452
1035621.537106,42.82700806833823,-353.8016022658452
1035629.734127,42.82700806833823,-353.8016022658452
1035637.849492,42.82700806833823,-353.8016022658452
1035654.82616,42.82700806833823,-353.8016022658452
1035658.093581,42.82700806833823,-353.8016022658452
1035668.225113,42.82700806833823,-353.8016022658452
1035678.175582,42.82700806833823,-353.8016022658452
1035688.225269,42.82700806833823,-353.8016022658452
1035698.243079,42.82700806833823,-353.8016022658452
1035707.846992,42.82700806833823,-353.8016022658452
1035719.028415,42.82700806833823,-353.8016022658452
1035728.507743,42.82700806833823,-353.8016022658452
1035739.146238,42.82700806833823,-353.8016022658452
1035748.227594,42.82700806833823,-353.8016022658452
1035757.867519,42.82700806833823,-353.8016022658452
1035768.966364,45.34808408052236,-351.3229518845587
1035778.381033,52.94204382298334,-344.345899492973
1035790.1826,52.7211936627988,-344.84971800166034
1035797.926115,52.42447557686871,-345.69434270987387
1035808.25038,52.84123607453729,-350.31270331099614
1035818.256701,53.12859564505909,-350.3501758724268
1035828.291748,56.11339053069743,-350.8396170640044
1035839.486267,55.12485555184282,-354.782374634375
1035849.010087,52.29042237072589,-353.9115341958377
1035858.369994,51.61854346924847,-353.8500825570125
1035868.983441,51.12909124416391,-355.7737432005467
1035878.284872,53.75745362138529,-354.3262020568962
1035888.262253,45.90861437356971,-347.55706617583473
1035900.739851,37.62252276109011,-343.8976000333315
1035907.848976,30.53576066723114,-341.66710152599035
1035918.232584,30.24215064155747,-341.20132852563626
1035929.268726,40.63356214223524,-343.67856488778216
1035938.530354,43.107690166908014,-345.8584498607141
1035948.299917,50.25697809539797,-350.8167819884464
1035958.992959,51.87451584004065,-351.65674204472947
1035969.128772,46.18548188106238,-349.887584874122
1035979.26081,40.5355227923299,-351.40691441548535
1035988.15122,40.01384514883961,-356.98978531386246
1035999.621992,35.47465040152835,-354.42083248087835
1036007.915921,32.99286962168497,-354.01918751775554
1036017.914481,35.329939649316664,-355.6825356502706
1036028.267686,43.08634373542044,-358.2434999911809
1036040.135487,47.984640551055485,-361.5798443901764
1036048.308784,50.92812871022954,-359.47580162630845
1036058.986215,53.50123690913017,-364.8184893779717
1036068.912504,43.260497982878015,-367.5283892667096
1036078.280973,43.36565225963618,-366.4332217201612
1036089.095396,46.794956703790994,-362.0986162577637
1036098.204933,49.1849632504661,-360.9511606072424
1036110.930765,49.981176080436136,-360.7214934920257
1036117.833408,49.981176080436136,-360.7214934920257
1036127.829372,49.88688483461226,-365.132357014049
1036143.455578,47.829406346792936,-365.4501581218253
1036148.187471,47.829406346792936,-365.4501581218253
1036158.491518,47.829406346792936,-365.4501581218253
1036169.015338,82.82439296740901,-366.0776222694679
1036180.11797,96.6811002327285,-357.91214697342485
1036189.330155,113.20949653399968,-354.0358542341456
1036198.22869,117.8391029921132,-353.1804277021751
1036208.8304,153.64129060546173,-340.68043281212823
1036210.963771,171.00118362123845,-331.7122172595107
1036219.088962,186.82022298222185,-325.2419547809212
1036227.847627,228.62076563086583,-318.81958894054526
1036238.296442,254.8930124864517,-306.0511757413915
1036248.166371,264.56281876636666,-296.4682566776206
1036258.309023,269.5534410929633,-294.8704258139787
1036270.300433,353.69138419221133,-272.59106256111863
1036279.106429,435.8599342228931,-249.0347532567622
1036290.261087,445.95605306593137,-248.36323790050372
1036299.545281,445.95605306593137,-248.36323790050372
1036309.036878,522.7607369610402,-213.3724603784492
1036319.414468,582.5589106826347,-195.1105175080443
1036328.19783,699.435800928158,-157.8847243919234
1036337.857126,745.8585975982044,-138.54617604127046
1036347.859735,868.9132372732222,-84.5454326852918
1036358.224762,942.3731323812108,-50.79296775221006
1038241.710734,1007.2660752147656,-535.5074030811716
1038252.68928,895.085645385846,-639.8248116571266
1038262.545337,856.2643499343518,-672.9958887388526
1038275.297118,856.2643499343518,-672.9958887388526
1038283.467938,856.2643499343518,-672.9958887388526
1038292.304538,856.2643499343518,-672.9958887388526
1038303.032723,845.5030365629076,-679.8905364751937
1038312.110715,779.2770557830377,-746.5900427446207
1117835.041888,986.6142871873336,-547.2032832391593
1117846.678512,963.5079873078572,-572.1563854470669
1117856.763593,957.5980350721472,-577.2105995971676
1117868.870062,874.6055298960327,-651.3195474884736
1117874.980261,802.4642365232233,-720.0283526928966
1126649.713051,460.2463949866303,186.31033976843085
1126655.856237,467.6497046989661,109.21410003416182
1126671.249104,471.6779625031925,47.9015017002387
1126676.314012,482.2002964338893,-27.052585042187022
1126691.044593,449.0082540092575,-7.596655316087673
1126696.644491,394.5618929144875,35.70348902253886
1126709.924589,385.63329917137855,36.0984243724596
1126716.794915,385.63329917137855,36.0984243724596
1126726.428272,385.63329917137855,36.0984243724596
1126746.985299,385.63329917137855,36.0984243724596
1126795.027357,388.8652581690525,42.58054063016428
1126795.028919,388.8652581690525,42.58054063016428
1126797.766438,388.1079661852068,45.667995007705606
1126824.350627,321.1000829426034,93.82645322194982
1126824.352166,321.1000829426034,93.82645322194982
1126827.891283,306.6657497987778,99.54078523601642
1126837.930974,304.4923237516295,62.235226763588535
1126848.07807,343.01747193316254,9.857120713268104
1126859.483038,355.7087633888192,-5.3930601605688455
1126868.810071,379.2094412780376,-24.420320448765057
1126883.735008,413.8319443882829,-62.53792523194214
1126887.922442,431.3469664988802,-91.73347904892395
1126898.01808,459.6526881210939,-104.7697659545614
1126909.176892,477.9380885958701,-43.775298403621
1126922.241356,507.2504153600449,-53.45215402976939
1126928.41102,572.4253035742502,-103.60358223200184
1126938.761945,602.1532784058821,-122.17830648930162
1126948.323156,624.7298155929255,-140.00916476858842
1126958.978788,624.7298155929255,-140.00916476858842
1126969.533224,624.7298155929255,-140.00916476858842
1126979.815092,624.7298155929255,-140.00916476858842
1126988.267671,625.8371375050169,-142.05614144159767
1126998.270742,627.9992967439175,-147.25724261590165
1127008.283544,677.6894133550777,-164.55217685855493
1127017.944792,724.5032136511645,-145.90627135959804
1127029.237035,733.5306394184192,-136.2431217085944
1127038.26115,729.0719369608108,-124.53743847666637
1127048.909558,729.0719369608108,-124.53743847666637
1127059.097662,728.128605162692,-122.46205564291122
1127068.139559,690.0060389571715,-54.15978822094722
1127082.078775,671.1767577137282,-21.351914358895584
1127087.99378,763.7567159539389,123.72762775081162
1127098.760568,838.3764671177527,156.09888992814362
1128230.488539,993.977622280011,150.00027821250555
1128237.947257,950.3384587669703,123.43967946417746
1128251.635454,931.0907228939152,109.47185787037262
1128259.457883,931.0907228939152,109.47185787037262
1128269.489947,931.0907228939152,109.47185787037262
1128279.735686,931.0907228939152,109.47185787037262
1128288.361978,907.9132329340638,89.61605020523928
1128299.99147,949.754543591168,60.856773821576034
1295556.621593,793.2017834250573,-735.3973375203984
1295564.338671,794.5234519625307,-735.079352807911
1295571.224943,794.5234519625307,-735.079352807911
1295578.080006,794.5234519625307,-735.079352807911
1295585.147869,821.1353994563127,-710.3005459952873
1295592.287527,826.0990866136112,-706.2331680033468
1295599.285924,826.0990866136112,-706.2331680033468
1295606.12533,826.0990866136112,-706.2331680033468
1295613.135453,845.3114184890501,-688.0165774390263
1295620.091688,895.4227734159554,-642.7236431656473
1295627.164892,956.9364545327776,-588.251982575374
1295633.994522,983.2624699867732,-565.3932126316492
1295641.115779,994.1622563680748,-557.0332711804767
1295647.620639,994.1622563680748,-557.0332711804767
1295658.136629,1004.9007098489302,-540.3122705175495
1297237.420908,1014.3648335789446,-521.3966185899828
1297244.155571,974.2643658189884,-553.5706620065309
1297252.345136,906.2802213782855,-621.2974404512214
1297258.033247,821.9797906088753,-707.7495505142217
1377299.490698,993.7467438232104,-542.4511830747809
1377306.45368,974.697664900694,-562.6815449318883
1377313.219227,970.1638786916149,-569.6444592437541
1377327.274343,967.4685695550162,-572.010105038101
1377327.277703,935.3969435863004,-600.4644306368177
1377333.504582,917.265762963831,-614.7807079310776
1377344.227488,853.1718796742963,-665.8751928910169
1377347.493117,807.4073707450519,-645.4492732450428
1377355.473069,777.3094115357778,-608.3726042412881
1377361.502605,777.3094115357778,-608.3726042412881
1377368.455892,777.3094115357778,-608.3726042412881
1377375.899036,777.3094115357778,-608.3726042412881
1377382.488415,474.9637429023275,-262.5711636519541
1377389.459739,471.5922443753261,-258.9155117447252
1377397.15675,471.5922443753261,-258.9155117447252
1377403.911205,471.5922443753261,-258.9155117447252
1377410.900774,471.5922443753261,-258.9155117447252
1377417.821362,464.4118254578168,-252.6334400115776
1377426.506636,450.28637965914027,-238.69657579827947
1377431.921664,402.68670935686015,-192.22810279878848
1377438.827922,375.2816157480919,-154.6807473025878
1377445.873923,373.5156479645017,-152.66482008271691
1377454.27584,372.5581989986856,-146.6267962179753
1377459.945102,345.2984568315935,-108.14352800304437
1377467.25316,304.51361800912963,-56.90224826883594
1377477.072224,267.5711420553901,-20.2027656091018
1377481.005828,254.6697603737024,-6.141996464316532
1377487.464605,223.13266513238017,-1.5975355443656387
1377499.225542,202.2255179871395,44.28100023038283
1377501.470868,191.8186706915092,73.33001885318599
1377509.099668,192.14142262713952,76.0567327624542
1377515.805149,192.14142262713952,76.0567327624542
1377523.330229,192.14142262713952,76.0567327624542
1377534.850074,192.14142262713952,76.0567327624542
1377536.953098,192.14142262713952,76.0567327624542
1377543.92379,192.14142262713952,76.0567327624542
1377551.014495,192.14142262713952,76.0567327624542
1377558.07913,192.14142262713952,76.0567327624542
1377570.598819,192.14142262713952,76.0567327624542
1377572.330477,192.14142262713952,76.0567327624542
1377578.496465,192.14142262713952,76.0567327624542
1377585.952929,192.14142262713952,76.0567327624542
1377592.986866,192.14142262713952,76.0567327624542
1377602.583739,192.14142262713952,76.0567327624542
1377606.479,192.14142262713952,76.0567327624542
1377613.93705,192.14142262713952,76.0567327624542
1377621.160033,192.14142262713952,76.0567327624542
1377627.468011,192.14142262713952,76.0567327624542
1377636.245315,192.14142262713952,76.0567327624542
1377641.905087,192.14142262713952,76.0567327624542
1377648.820864,192.14142262713952,76.0567327624542
1377655.497484,192.14142262713952,76.0567327624542
1377664.575322,192.14142262713952,76.0567327624542
1377672.59857,192.14142262713952,76.0567327624542
1377676.49974,192.14142262713952,76.0567327624542
1377684.998982,192.14142262713952,76.0567327624542
1377690.463761,192.14142262713952,76.0567327624542
1377698.329683,192.14142262713952,76.0567327624542
1377706.219438,192.14142262713952,76.0567327624542
1377712.127914,192.14142262713952,76.0567327624542
1377719.108161,173.76746264227032,84.3343068613314
1377726.120028,160.33212829348938,85.58553619928828
1377732.48685,154.25302092356503,81.14671903617128
1377741.462919,137.1262192449607,74.70284106532249
1377747.279265,84.58328536197199,45.53511491525911
1377753.496275,48.52323718996894,28.1067457883494
1377761.010903,33.78662230945131,21.277675424397472
1377767.964566,11.099619575834083,8.66326082251057
1377775.087391,-6.829857644361252,0.791961375965917
1377782.455596,-6.829857644361252,0.791961375965917
1377788.983034,-18.66691129080789,-8.674334227651476
1377796.010343,-46.1116220557569,-21.67933435655461
1392063.84126,127.94045135105,-770.7134865613392
1392071.812265,111.17136153818176,-733.2529631133222
1392076.992837,89.16127557304634,-662.3569739522017
1392085.652074,70.10137517759777,-603.7838147366813
1392096.251995,56.92149264579013,-551.3556412910169
1392098.456187,54.55280032032178,-539.107405042282
1392105.358811,54.55280032032178,-539.107405042282
1392112.59636,54.55280032032178,-539.107405042282
1392119.03268,50.68437393553373,-542.5068609073568
1392126.05125,46.90168875363319,-530.2660561837149
1392137.545072,50.07315454563799,-511.59646677263447
1392139.981865,49.10735222615876,-498.9346646528886
1392148.18524,41.42354706938524,-488.1423796498976
1392154.543076,40.154860219748905,-486.1757592397244
1392161.37343,38.04781027653278,-484.0334615141248
1392172.452204,29.601937416632,-461.97369970033054
1392175.320548,23.33351550943194,-456.93016907709546
1392182.289024,22.267376127518723,-455.5816057730116
1392189.141181,13.915836846686524,-428.54278836031887
1392197.018261,13.915836846686524,-428.54278836031887
1392206.295277,13.915836846686524,-428.54278836031887
1392210.37716,13.915836846686524,-428.54278836031887
1392217.299226,13.915836846686524,-428.54278836031887
1392224.42836,13.915836846686524,-428.54278836031887
1392231.060548,13.915836846686524,-428.54278836031887
1392241.447397,13.915836846686524,-428.54278836031887
1392245.528507,13.915836846686524,-428.54278836031887
1392253.135285,13.915836846686524,-428.54278836031887
1392260.502643,13.915836846686524,-428.54278836031887
1392267.602854,13.915836846686524,-428.54278836031887
1392275.26217,13.915836846686524,-428.54278836031887
1392280.959654,13.915836846686524,-428.54278836031887
1392287.559741,13.915836846686524,-428.54278836031887
1392295.312988,13.915836846686524,-428.54278836031887
1392300.984556,13.915836846686524,-428.54278836031887
1458122.515561,979.734913721322,-554.7735926459253
1458130.174313,965.716712328645,-567.0615610983726
1458139.656146,961.6209368643024,-569.517695145562
1458144.266275,931.5991943562784,-596.4136514746475
1458152.580807,870.9654936803163,-648.4661412032875
1458158.85499,836.8136283511888,-678.3754459787073
1458165.35614,781.2869554301877,-734.7151834458888
1458172.018168,752.5118102595699,-767.9626001708828
1458220.556468,792.292640174099,-778.1183020282126
1458228.332862,810.2878349149344,-750.5929964337122
1458234.960877,813.3776526085079,-719.7992317429068
1458242.260929,809.6736509191305,-716.2348454673087
1458250.059474,797.8016420327849,-720.6304600192873
1458255.96478,744.4542327169098,-767.8592300722459
1634860.839247,886.5598977337648,-632.391192161617
1634860.839967,886.5598977337648,-632.391192161617
1634863.442009,886.5598977337648,-632.391192161617
1634870.442067,854.0826325434559,-668.0869472113907
1634877.517552,854.0826325434559,-668.0869472113907
1634884.469142,854.0826325434559,-668.0869472113907
1634891.814954,854.0826325434559,-668.0869472113907
1634898.799036,854.0826325434559,-668.0869472113907
1634907.158314,847.4054742634181,-680.1334672463172
1634912.94823,793.3069667092745,-720.1299565429413
1634920.799128,753.6367215953959,-753.1020582361126
1635010.541406,359.7771876685572,-719.3533364553776
1635017.456952,349.3673280832078,-692.0872909641521
1635024.537947,349.1594768426372,-691.7385630447872
1635031.538167,349.1594768426372,-691.7385630447872
1635038.871095,349.1594768426372,-691.7385630447872
1635046.400704,349.1594768426372,-691.7385630447872
1635052.900133,349.1594768426372,-691.7385630447872
1635061.114667,338.94080275513613,-689.1229162841373
1635066.980476,310.7101795194561,-688.4316917889558
1635073.849982,304.7809992378847,-671.3442390124311
1635081.250428,281.1711972255552,-672.2147105154529
1635087.572756,244.8627739093303,-679.1971345485101
1635095.073799,243.8387850069539,-690.8621801530277
1635102.034059,246.58304878524496,-705.3573041004527
1635126.057052,233.76192586542825,-761.0116031941952
1635126.057624,233.76192586542825,-761.0116031941952
1635127.765317,233.76192586542825,-761.0116031941952
1635138.379601,233.76192586542825,-761.0116031941952
1635141.727812,233.76192586542825,-761.0116031941952
1641495.020677,472.3763370368719,199.2899372644952
1641500.511204,488.3404710126706,147.6021742918122
1641507.954976,534.5093981821374,167.3467165147583
1641526.728724,589.6050937249424,187.17318543529197
1641526.73488,614.8393539666782,195.43006514473828
1641528.551925,653.6321593029354,207.9803430739408
1641535.55204,679.0577231093448,210.9933199427117
1642333.233148,834.4855381585461,206.64708233301693
1642341.853576,838.2331320892544,162.88920366408607
1642347.371426,838.2331320892544,162.88920366408607
1642360.557793,838.2331320892544,162.88920366408607
1642363.659255,838.2331320892544,162.88920366408607
1642368.588652,838.2331320892544,162.88920366408607
1642376.170478,837.2475960533379,158.61114812532074
1642379.730975,844.4323106359411,138.801347002214
1642382.057889,844.4323106359411,138.801347002214
1642395.366461,912.5530443894068,79.00007737916852
1642396.478488,984.4610026048504,45.356080026483376
1644584.473384,808.8326500458666,208.33565973460617
1644591.511384,759.8824052500465,180.07478507064056
1644607.354147,744.0388687777562,171.58712274925077
1644607.357559,734.0242942860953,208.0223714646791
1644717.177578,477.606477398664,204.1756461667899
1644724.298806,466.5029248590869,172.50309117069867
1644731.695899,467.8609233596336,75.55068418261439
1644744.851381,469.2254518625034,39.79849803398364
1644745.129586,472.5748657891159,-21.20951171512447
1644752.510191,495.8291128992129,-50.68760312684397
1644759.102094,530.4272080486885,-78.19363446328327
1644766.126643,549.0558778788173,-89.37155037201384
1644773.988705,592.2312199042118,-112.44118458866792
1644788.04142,632.0371284203773,-132.6549344749389
1644788.042076,632.0371284203773,-132.6549344749389
1644789.838287,632.0371284203773,-132.6549344749389
1644798.638219,643.0373923624967,-139.79259142598306
1644804.39502,643.0373923624967,-139.79259142598306
1644812.519693,643.0373923624967,-139.79259142598306
1644818.433236,643.0373923624967,-139.79259142598306
1644825.397064,643.0373923624967,-139.79259142598306
1644832.647083,643.0373923624967,-139.79259142598306
1644840.927475,643.0373923624967,-139.79259142598306
1644854.408954,643.0373923624967,-139.79259142598306
1644854.412236,643.0373923624967,-139.79259142598306
1644860.45319,683.3025897702105,-162.3634138805688
1644861.28604,683.3025897702105,-162.3634138805688
1644866.948837,687.7444958436012,-161.98163873787823
1644875.347229,687.7444958436012,-161.98163873787823
1644884.789883,687.7444958436012,-161.98163873787823
1644889.09825,687.7444958436012,-161.98163873787823
1644895.471617,687.7444958436012,-161.98163873787823
1644901.925505,687.7444958436012,-161.98163873787823
1644910.059741,687.7444958436012,-161.98163873787823
1644918.003246,703.9927896248444,-162.1525297340313
1644929.647442,703.9927896248444,-162.1525297340313
1644931.909607,703.9927896248444,-162.1525297340313
1644937.308187,703.9927896248444,-162.1525297340313
1644944.193992,703.9927896248444,-162.1525297340313
1644951.307571,703.9927896248444,-162.1525297340313
1644957.859266,697.3752204478444,-165.07030135341518
1644964.90742,695.9309922784113,-164.7054311578093
1644972.266268,695.9309922784113,-164.7054311578093
1644978.911219,695.9309922784113,-164.7054311578093
1644988.693583,695.9309922784113,-164.7054311578093
1644995.29963,695.9309922784113,-164.7054311578093
1645000.498165,695.9309922784113,-164.7054311578093
1645007.307322,695.9309922784113,-164.7054311578093
1645019.106733,695.9309922784113,-164.7054311578093
1645021.882976,695.9309922784113,-164.7054311578093
1645030.391809,695.9309922784113,-164.7054311578093
1645034.863778,695.9309922784113,-164.7054311578093
1645042.34682,695.9309922784113,-164.7054311578093
1645052.680438,696.2088010078583,-163.7960054386752
1645056.436606,696.5948384284634,-162.51343225921417
1645064.687162,697.0775702005642,-160.53760430984028
1645070.41289,697.2410194406092,-160.7331583354077
1645077.183592,698.2114315717166,-161.70868378869451
1645089.912612,698.8236700792713,-161.76825808409416
1645090.859359,695.8607308226881,-159.4372093189505
1645099.331067,695.2306253349833,-157.67038756631956
1645104.924632,696.59905090417,-156.0927879671321
1645111.943837,696.59905090417,-156.0927879671321
1645125.514947,697.3772457737456,-148.79738326921228
1645126.217563,698.024434677934,-146.5603483227353
1645133.025535,696.8891338926275,-144.3571531720502
1645140.240354,696.8891338926275,-144.3571531720502
1645147.329644,690.5286316773446,-130.71757591799692
1645155.157181,690.2501192879598,-128.92628345389718
1645160.910697,689.486768096013,-125.14663562331432
1645168.045656,689.4641759112454,-122.3545854601151
1645175.283746,688.7252839987216,-120.72872331963596
1645182.517979,688.7252839987216,-120.72872331963596
1645190.855357,695.3559011578631,-118.29073300959097
1645196.356542,695.9458327283381,-119.89512696093816
1645204.041993,695.9458327283381,-119.89512696093816
1645209.9199,695.9458327283381,-119.89512696093816
1645226.898182,695.9458327283381,-119.89512696093816
1645226.901852,695.9458327283381,-119.89512696093816
1645233.124246,695.9458327283381,-119.89512696093816
1645238.644557,695.9458327283381,-119.89512696093816
1645245.979645,696.217664360128,-121.11118992863
1645251.838519,696.2176645344916,-121.11119050643802
1645260.158228,696.2176645344916,-121.11119050643802
1645266.954376,696.2176645344916,-121.11119050643802
1645272.817848,696.2176645344916,-121.11119050643802
1645280.571294,696.2176645344916,-121.11119050643802
1645287.470373,696.2176645344916,-121.11119050643802
1645299.522223,696.2176645344916,-121.11119050643802
1645301.563668,696.2176645344916,-121.11119050643802
1645308.363531,696.2176645344916,-121.11119050643802
1645315.754677,695.8127487816889,-122.77716482107718
1645322.25798,695.5925682375727,-146.42935547246302
1645328.933502,697.0874468878883,-152.63905170248444
1645335.885996,700.3859074520483,-153.32143252110126
1645342.90487,705.8623113414387,-152.95175358291567
1645354.285521,706.3936024204479,-153.1310228426557
1645356.921477,706.6374447489085,-156.44316454669843
1645370.609122,708.5450103604137,-158.2626366610012
1645371.004101,708.5450103604137,-158.2626366610012
1645377.912694,708.5450103604137,-158.2626366610012
1645388.809978,705.4638460442314,-155.2572783498568
1645391.94777,705.9116655213452,-154.76994636515
1645403.473006,707.7371844746864,-150.87148747523923
1645407.082604,706.3513822844678,-150.1766155193423
1645413.289583,704.0436177195019,-151.37321742917774
1645420.777561,709.914905944464,-150.78336990292468
1645427.613999,711.3159589486921,-149.71896305560787
1645435.914423,710.6314609662709,-149.74923139307774
1645441.253394,709.7631527432991,-150.24162594978145
1645447.950813,709.4903155013885,-151.6420761686113
1645454.931774,710.4267322982894,-153.04126908933688
1645463.350152,711.540843148973,-153.58280137072455
1645469.183447,711.540843148973,-153.58280137072455
1645476.388696,711.540843148973,-153.58280137072455
1645483.239603,711.540843148973,-153.58280137072455
1645490.249523,711.540843148973,-153.58280137072455
1645501.333233,711.540843148973,-153.58280137072455
1645504.924731,711.540843148973,-153.58280137072455
1645510.816758,711.540843148973,-153.58280137072455
1645518.67826,711.540843148973,-153.58280137072455
1645525.560977,711.540843148973,-153.58280137072455
1645532.435367,711.540843148973,-153.58280137072455
1645539.768533,711.540843148973,-153.58280137072455
1645546.532537,711.540843148973,-153.58280137072455
1645555.004349,711.540843148973,-153.58280137072455
1645561.83211,718.7214963630367,-152.87022444522822
1645568.521632,718.7214963630367,-152.87022444522822
1645573.930838,740.5000378611652,-137.81581345537646
1645582.704417,740.5000375708045,-137.8158135454933
1645588.189007,740.5000375708045,-137.8158135454933
1645595.182528,740.5000375708045,-137.8158135454933
1645602.190229,740.5000375708045,-137.8158135454933
1645610.078226,740.5000375708045,-137.8158135454933
1645615.950135,740.5000375708045,-137.8158135454933
1645623.487816,740.5000375708045,-137.8158135454933
1645634.618497,740.5000375708045,-137.8158135454933
1645637.299267,740.5000375708045,-137.8158135454933
1645643.926579,740.5000375708045,-137.8158135454933
1645651.530872,740.7069240241129,-136.49563574097988
1645657.882641,744.8626530121031,-113.2185237841701
1645665.682209,746.1534396609969,-108.15895263508324
1645672.233933,746.4131235027565,-108.24500939495442
1645678.934491,746.0738801447535,-114.73212775998304
1645686.660508,744.3857823237608,-115.18464172823958
1645694.30585,739.3005285147874,-114.69606682346398
1645701.870644,739.3005285147874,-114.69606682346398
1645706.931519,739.3005285147874,-114.69606682346398
1645714.169301,743.7176523570857,-122.2488807574786
1645721.446803,740.0581329858267,-122.79860096074977
1645728.218751,740.4363773921183,-125.02511979410568
1645736.869997,739.3535527371369,-124.00674649663527
1645741.916132,736.685995181027,-121.49257241393155
1645749.337307,741.9192810535216,-120.48297093217788
1645756.342834,743.8116119146346,-125.21079507269216
1645762.870997,742.7374682436117,-128.08972273159156
1645772.734784,740.9231942916338,-130.36870338580528
1645777.005183,741.3317118737268,-128.1718686750761
1645783.870981,738.5922712788678,-124.63520793685926
1645790.868368,736.8294463482546,-125.84104472788331
1645799.663194,742.1228559199495,-128.73079737093522
1645806.314157,741.0210919303595,-127.15129372455976
1645812.321324,739.2287525785787,-126.6850357977263
1645818.918466,737.5584399337946,-125.30464779827837
1645826.301036,735.5247619486823,-123.6272628572424
1645840.094515,734.8909869081034,-119.58619057415255
1645840.100735,736.3485951291701,-116.04159581358692
1645848.107646,734.4972621738709,-113.0164681883754
1645853.866512,733.1292486532076,-113.37114952025092
1645860.956779,728.5835550992889,-118.1445595465166
1645877.249877,729.2710457833897,-120.06768925990755
1645877.260704,730.6716971109537,-118.7605503707265
1645881.863443,731.5721345521912,-119.08923356753816
1645890.007333,730.8110976843072,-120.6164201418553
1645896.307887,728.3988100667051,-117.9161253019005
1645903.399567,728.6433827644296,-119.50979112156348
1645915.386575,728.4635437114931,-118.94303406928958
1645917.193865,729.6592762032701,-113.86649825051144
1645924.176056,731.943884875558,-106.60052723890183
1645933.496189,733.2828194136316,-103.75792703365124
1645939.909585,732.1953237111304,-103.7108422927662
1645955.703226,729.8901799840559,-103.5290296063902
1645955.707002,726.4839464218848,-99.1378006402951
1645958.910231,725.6179001745676,-95.04832472014525
1645966.714561,730.1567232261351,-95.6584442863246
1645973.151701,728.722019669335,-97.13774569412352
1645980.150439,726.7387959980929,-100.6256154187456
1646000.655132,725.7310063686434,-105.00049060838197
1646000.658533,724.8979672863031,-104.41183329061732
1646000.662628,724.8979672863031,-104.41183329061732
1646006.47157,683.62714652,-57.00887390875671
1646006.472145,683.62714652,-57.00887390875671
1646008.766059,683.62714652,-57.00887390875671
1646016.130849,683.62714652,-57.00887390875671
1646022.712422,714.3010960480906,111.95196961562571
1646033.699689,801.0658354558122,142.69857888712178
1646037.046728,817.8606476079375,146.3937913938722
1646044.043209,817.8606476079375,146.3937913938722
1646051.044285,817.8606476079375,146.3937913938722
1646058.328124,817.8606476079375,146.3937913938722
1646070.553631,817.8606476079375,146.3937913938722
1646072.774043,817.8606476079375,146.3937913938722
1646079.208583,817.8606476079375,146.3937913938722
1646086.165221,838.8206801435402,169.913946591871
1646093.403597,847.7936516048926,200.3327245243817
1647256.310896,1012.1401417964432,-232.0256414076288
1647264.979007,953.7111599446912,-297.20362617985256
1647270.244162,934.95591523903,-331.15480784229305
1647277.44386,934.95591523903,-331.15480784229305
1647284.232647,907.0322153378586,-314.1174896709785
1647291.246653,904.3472681356144,-310.4081298699898
1647302.128209,904.3472681356144,-310.4081298699898
1647305.285515,904.3472681356144,-310.4081298699898
1647312.029595,904.3472681356144,-310.4081298699898
1647319.028792,904.3472681356144,-310.4081298699898
1647328.012601,903.1749380111976,-322.8707911875716
1647333.495149,891.066031440664,-332.2976866947764
1647356.330556,988.7971169578292,-428.0892427609462
1647356.331259,988.7971169578292,-428.0892427609462
1647358.214636,988.7971169578292,-428.0892427609462
1725224.085125,841.7269979517786,180.03120480169702
1725232.418102,843.2482908446656,173.21818923890888
1725239.599248,843.2482908446656,173.21818923890888
1725245.966893,843.2482908446656,173.21818923890888
1725254.493796,843.2482908446656,173.21818923890888
1725259.900962,843.2482908446656,173.21818923890888
1725266.258632,843.2482908446656,173.21818923890888
1725273.14541,840.6355799999986,165.09548586273414
1725280.073559,871.2579381465146,111.03837577771714
1725287.520385,923.6642252728255,76.08763061794448
1725293.799805,967.2701827880214,54.959716449329925
1725300.847344,976.0744955476872,48.43172304844448
1725520.619085,972.1677561595608,-565.1110472644496
1725527.297115,907.3523449914871,-626.5239338956532
1725535.998134,860.1580266808487,-672.9096531415579
1725541.33529,838.9446534011056,-691.8711867761757
1725548.114926,776.5835814207026,-748.8435469999108
1725555.115052,762.0740194335397,-771.8408449406951
1725569.982703,795.7301858106941,-771.8394227387006
1725576.527249,812.8521387765301,-730.0930297979608
1725583.603287,815.9165736085969,-729.6850353700925
1725590.618318,815.9165736085969,-729.6850353700925
1725597.694841,815.9165736085969,-729.6850353700925
1725604.917323,815.9165736085969,-729.6850353700925
1725611.116816,815.9165736085969,-729.6850353700925
1725620.050143,815.9165736085969,-729.6850353700925
1725625.118842,818.0726283916142,-738.3840168577457
1725634.223113,815.9218660307494,-717.7669336704291
1725642.59049,817.5093198188141,-714.621667401715
1725647.187686,852.4360596127394,-681.1271001047056
1725653.218614,879.3593808361943,-657.2486309347274
1725660.909627,921.9750358820222,-619.7647232507529
1725679.219815,929.2065458602768,-613.4671445823782
1725679.23615,954.8416491650283,-591.7523677103237
1725682.099863,973.764039271318,-574.0803099579232
1725688.81622,1007.2244753832932,-543.9353549090603
1985448.733408,122.75171712398574,-766.768234119879
1985455.508194,101.49282715215796,-690.5895625100469
1985464.566056,87.4619422656732,-647.9484137498268
1985471.92639,57.72579477303206,-553.6940149847343
1985480.428573,36.278293542085,-489.82361257414254
1985483.838344,21.884740892649397,-444.2346067389255
1985490.494375,13.210736997929272,-412.5365978396761
1985497.44461,39.75677712455812,-377.0718033465873
1985506.005168,73.02721771430755,-362.918713850294
1985512.541925,83.02817756723267,-361.8898422568898
1985520.250587,102.0292725024185,-358.20508221151965
1985525.494514,103.16169557252046,-320.88184119613703
1985539.603839,56.78644870673909,-324.5192797267412
1985541.402406,-0.347384995540485,-337.85450762302827
1985546.871416,-7.999529736336918,-331.03889782587606
1985554.104522,-16.294072013995333,-311.96558109214754
1985560.970351,-20.347196277499098,-303.41422190282606
1985567.733877,-25.831144415488392,-290.6934314969495
1985576.716225,-25.831144415488392,-290.6934314969495
1985581.727679,-25.831144415488392,-290.6934314969495
1985588.722434,-25.831144415488392,-290.6934314969495
1985598.020939,-25.831144415488392,-290.6934314969495
1985602.7617,-29.592743645685072,-285.8781327372491
1985613.650929,-46.25954320828094,-286.7663535762485
1985865.125172,-59.46158638601106,-298.8655355975109
1985869.268942,-39.79933171998664,-289.90164503152107
1985875.48811,-39.79933171998664,-289.90164503152107
1985883.684394,-39.79933171998664,-289.90164503152107
1985897.44744,-40.31664998250421,-281.8814417813611
1985897.455385,-38.9119510297444,-273.7745531188592
1985903.84415,-28.862173298367416,-277.30130986810224
1985911.111966,-19.21678282638081,-289.63700884041674
1985917.990534,4.264589273661361,-345.14672358057567
1985924.879798,15.921046174418665,-379.5832369782298
1985936.686463,25.959590504350963,-384.0733666105741
1985938.454125,48.46796345460314,-377.8042307752766
1985947.43512,98.20315567479808,-361.1354209797097
1985952.749882,131.3764088562484,-344.1959369926604
1985959.452595,150.4218506136299,-337.3354989983655
1985969.187582,196.19503356528804,-319.96612117297906
1985973.765874,264.05963086356087,-295.6827413202928
1985980.498788,333.9165357924867,-285.590624145774
1985987.507668,399.4594667603702,-265.8855251478071
1985994.745445,411.63162051801305,-261.3798201266975
1986006.539131,411.63162051801305,-261.3798201266975
1986008.496672,423.26827509287295,-254.4045742468542
1986016.50054,493.5807303784924,-226.72376991319544
1986022.839942,531.0121916467288,-213.56616308473932
1986029.741336,586.8006808343946,-192.5613803159476
1986036.899041,624.7305871835505,-176.41060937389537
1986043.996598,624.7305871835505,-176.41060937389537
1986051.02485,624.7305871835505,-176.41060937389537
1986057.506192,624.7305871835505,-176.41060937389537
1986064.505716,624.7305871835505,-176.41060937389537
1986073.801955,641.8757254252516,-171.7632449893148
1986078.453813,658.0838255190573,-167.4450723799759
1986087.934291,680.9164915364809,-167.1402436490702
1986087.941384,680.9164915364809,-167.1402436490702
1986092.75761,680.9164915364809,-167.1402436490702
1986101.55058,680.9164915364809,-167.1402436490702
1986106.570139,680.9164915364809,-167.1402436490702
1986114.090974,680.9164915364809,-167.1402436490702
1986120.944497,680.9164915364809,-167.1402436490702
1986127.676161,680.9164915364809,-167.1402436490702
1986134.906955,680.9164915364809,-167.1402436490702
1986141.516451,680.9164915364809,-167.1402436490702
1986148.870087,680.9164915364809,-167.1402436490702
1986155.893603,680.9164915364809,-167.1402436490702
1986162.855572,680.9164915364809,-167.1402436490702
1986169.893257,680.9164915364809,-167.1402436490702
1986179.876926,680.9164915364809,-167.1402436490702
1986183.618081,680.9164915364809,-167.1402436490702
1986192.29459,680.9164915364809,-167.1402436490702
1986197.862553,680.9164915364809,-167.1402436490702
1986204.88453,680.9164915364809,-167.1402436490702
1986215.341721,680.9164915364809,-167.1402436490702
1986219.345519,681.6458744687205,-163.42023998389033
1986225.487251,686.7995701089015,-156.60592849438274
1986237.338118,686.7995701089015,-156.60592849438274
1986240.002794,686.7995701089015,-156.60592849438274
1986246.950666,686.7995701089015,-156.60592849438274
1986255.219712,686.7995701089015,-156.60592849438274
1986260.949032,686.7995701089015,-156.60592849438274
1986269.507115,686.7995701089015,-156.60592849438274
1986275.051722,686.7995701089015,-156.60592849438274
1986284.106084,686.7995701089015,-156.60592849438274
1986288.9713,686.7995701089015,-156.60592849438274
1986296.582554,686.7995701089015,-156.60592849438274
1986302.512555,686.7995701089015,-156.60592849438274
1986309.979145,686.7995701089015,-156.60592849438274
1986323.383644,686.7995701089015,-156.60592849438274
1986323.961885,686.7995701089015,-156.60592849438274
1986330.975113,686.7995701089015,-156.60592849438274
1986337.630074,689.2177197563418,-155.3232821703807
1986345.888968,689.2177197563418,-155.3232821703807
1986357.92226,689.2177197563418,-155.3232821703807
1986358.459006,689.2177197563418,-155.3232821703807
1986365.968104,689.2177197563418,-155.3232821703807
1986372.458316,689.2177197563418,-155.3232821703807
1986380.385333,689.2177197563418,-155.3232821703807
1986387.021494,689.2177197563418,-155.3232821703807
1986395.509164,689.2177197563418,-155.3232821703807
1986400.980847,689.2177197563418,-155.3232821703807
1986407.994468,689.2177197563418,-155.3232821703807
1986415.166595,689.2177197563418,-155.3232821703807
1986421.462839,689.2177197563418,-155.3232821703807
1986434.279048,689.2177197563418,-155.3232821703807
1986436.402624,689.2177197563418,-155.3232821703807
1986442.519452,689.2177197563418,-155.3232821703807
1986450.004061,689.2177197563418,-155.3232821703807
1986458.447257,689.2177197563418,-155.3232821703807
1986469.107624,693.4256025964125,-164.0318450972659
1986470.476416,694.4306209566995,-166.26353970326778
1986479.183289,694.7039197325312,-167.34606729070487
1986484.942547,694.7049759817155,-167.34838245243097
1986491.949653,694.7049759817155,-167.34838245243097
1986505.854962,694.7049759817155,-167.34838245243097
1986505.988388,694.7049759817155,-167.34838245243097
1986513.042757,694.7049759817155,-167.34838245243097
1986519.807553,694.7049759817155,-167.34838245243097
1986527.594524,694.7049759817155,-167.34838245243097
1986535.768747,694.7049759817155,-167.34838245243097
1986543.153785,694.7049759817155,-167.34838245243097
1986547.510062,694.7049759817155,-167.34838245243097
1986556.877845,694.7049759817155,-167.34838245243097
1986566.045274,694.7049759817155,-167.34838245243097
1986569.137848,694.7049759817155,-167.34838245243097
1986577.39643,694.7049759817155,-167.34838245243097
1986582.859447,694.7049759817155,-167.34838245243097
1986590.829221,706.1489065396163,-160.8916174306041
1986596.527599,708.3396390431741,-159.23169593117407
1986605.446286,708.3396390431741,-159.23169593117407
1986611.244776,708.3396390431741,-159.23169593117407
1986617.457401,708.3396390431741,-159.23169593117407
1986625.202855,708.3396390431741,-159.23169593117407
1986634.209999,712.4683252112983,-157.49466137541998
1986638.76414,714.7434309355558,-155.966978456207
1986645.911618,714.7443567497098,-155.96398691484046
1986652.977393,714.7443567497098,-155.96398691484046
1986660.015453,714.7443567497098,-155.96398691484046
1986669.065779,714.7443567497098,-155.96398691484046
1986678.142652,716.8541817349726,-149.26899009101714
1986680.506419,717.8673966444555,-135.09030513291015
1986688.264274,717.4929172357478,-133.94429057964328
1986695.483783,718.1503502603824,-133.37693928644893
1986706.820898,712.2506498060176,-135.3984992110442
1986709.403089,712.9704163483003,-140.05806102597742
1986715.525382,715.1713302356708,-138.9925143018802
1986722.893646,712.882586394377,-144.286376868781
1986729.934257,711.1338971749865,-148.02954268941562
1986738.409705,711.1332266714437,-148.02916736870864
1986744.938776,711.1332266714437,-148.02916736870864
1986751.786982,711.1332266714437,-148.02916736870864
1986757.510329,711.1332266714437,-148.02916736870864
1986770.3616,711.1332266714437,-148.02916736870864
1986772.788355,711.1332266714437,-148.02916736870864
1986779.182841,711.1332266714437,-148.02916736870864
1986785.486215,711.1332266714437,-148.02916736870864
1986792.94056,712.709126738088,-146.42964956731052
1986799.511605,713.8851960479459,-145.05753885449394
1986811.647102,713.9600378274456,-145.66180876392454
1986814.025771,715.9220963153194,-148.8180537714156
1986820.977317,714.4397712888217,-152.37172640387917
1986828.026651,713.443190392499,-154.9007972736883
1986834.416995,710.5074399739382,-163.96091155210078
1986844.397599,708.7633481627234,-171.04219521116198
1986848.993074,705.7409142485423,-173.15215165268646
1986855.954471,704.0413382114164,-172.50556268289267
1986862.443369,703.7114203867329,-172.12463031324006
1986869.884137,703.7114203867329,-172.12463031324006
1986876.934903,703.7114203867329,-172.12463031324006
1986883.842607,703.7114203867329,-172.12463031324006
1986890.919848,703.7114203867329,-172.12463031324006
1986897.892237,710.3010866359392,-166.97283005463038
1986905.562808,710.809634600838,-152.77899022037292
1986914.768245,708.9037130087355,-151.269471564716
1986919.08402,713.7759746741958,-150.18306334785942
1986926.029471,718.900378428437,-145.65330263758062
1986933.001797,723.014766911811,-141.2656531491582
1986940.038719,723.6691164197633,-139.2134243164102
1986949.462664,724.4019485675273,-139.98426794319266
1986953.513525,721.6791732999671,-143.8021090680139
1986961.245509,719.6263920570723,-145.007511354625
1986968.051625,718.3369766259159,-145.77593714193367
1986975.137289,718.3364984973798,-145.77729928710713
1986981.466738,718.3364984973798,-145.77729928710713
1986988.516955,718.3364984973798,-145.77729928710713
1986997.135005,718.3364984973798,-145.77729928710713
1987003.087224,718.3364984973798,-145.77729928710713
1987010.066814,718.3364984973798,-145.77729928710713
1987017.364112,718.3364984973798,-145.77729928710713
1987024.041375,718.3364984973798,-145.77729928710713
1987030.463112,718.3364984973798,-145.77729928710713
1987038.864016,718.3364984973798,-145.77729928710713
1987050.495369,718.3364984973798,-145.77729928710713
1987052.510805,718.3364984973798,-145.77729928710713
1987059.092143,718.3364984973798,-145.77729928710713
1987066.62016,718.3364984973798,-145.77729928710713
1987073.012519,718.3364984973798,-145.77729928710713
1987079.532214,718.3448458350873,-147.17335860622586
1987086.53141,718.3897144473985,-148.1302151754357
1987095.253611,717.4943310524693,-148.85289775067022
1987101.691896,717.7120627471859,-150.2197779691358
1987107.512964,716.691876123822,-149.8723495108949
1987122.639045,717.3634057376477,-149.06869100248034
1987122.642652,717.0645933665602,-148.20298451176438
1987138.345753,717.3015724529555,-147.96247349566778
1987138.352553,717.4522996821821,-149.30542031507605
1987143.242443,717.4969167591603,-146.8450127265505
1987152.657976,718.9584225866886,-146.9809704568201
1987156.524182,719.380200846148,-146.19015965300716
1987163.513933,717.6846794684727,-144.46496636308044
1987172.835781,720.5333270498395,-144.0024468899485
1987178.417434,720.6315356249208,-144.09209537152057
1987185.142679,720.5973422237965,-143.64551823508845
1987192.393211,720.2346218560426,-141.18706690208927
1987199.382274,719.1532734555685,-139.4177260556268
1987207.241469,716.8052823680829,-140.08264213064595
1987213.299419,719.5924464824749,-139.6250085405893
1987223.04214,717.1963934583822,-138.29531200957348
1987226.483102,713.9973508137858,-138.42305322182003
1987236.486551,712.9545517019139,-137.19893944273844
1987241.12215,714.4926260534386,-137.4354216925984
1987248.326345,716.217938321233,-139.79992888129198
1987256.017005,715.2808144209181,-139.08483041893257
1987261.911633,719.0724134814695,-138.34763103324832
1987269.689487,737.00071998315,-128.9025590433317
1987276.270322,739.7690710905515,-125.00972811663138
1987286.676132,745.214652939436,-112.52934500809434
1987289.862996,747.2439392169324,-111.51864304977572
1987296.768862,747.8571146155724,-112.51458582617089
1987304.963659,746.7028760310797,-118.64022541587484
1987310.957126,745.9248046515974,-123.35889688523628
1987319.948656,745.9248046515974,-123.35889688523628
1987325.100639,745.9248046515974,-123.35889688523628
1987331.449116,745.9248046515974,-123.35889688523628
1987338.801594,749.856721893074,-128.4334811481002
1987347.357677,749.856721893074,-128.4334811481002
1987354.13479,749.856721893074,-128.4334811481002
1987359.805377,749.856721893074,-128.4334811481002
1987366.89551,738.9582974418867,-129.57834677585728
1987373.865488,736.578055023506,-130.208279163825
1987381.148018,736.578055023506,-130.208279163825
1987392.072568,736.578055023506,-130.208279163825
1987394.929297,736.578055023506,-130.208279163825
1987401.545205,736.578055023506,-130.208279163825
1987408.516432,736.7584440023263,-123.34791525296204
1987415.791684,738.5245383192107,-122.39142627105068
1987427.21884,737.1949320361111,-120.61504805414653
1987429.826822,737.192303523328,-120.61461362043656
1987436.778998,737.192303523328,-120.61461362043656
1987443.840792,737.192303523328,-120.61461362043656
1987452.066004,737.3807516467069,-120.31581214648855
1987459.426481,734.9562598250475,-122.24224660612424
1987464.525807,730.2813378468738,-116.31946633753095
1987471.436555,729.873103180718,-116.23746950551936
1987480.91228,733.0358950953505,-117.6924956399597
1987486.209873,733.92347614965,-118.2799841726649
1987495.450715,734.4495247316871,-117.92920570467848
1987500.223704,734.9748133145323,-118.14218858201748
1987507.045433,735.1927866124639,-118.37036431935576
1987514.088525,735.0257918158705,-118.38068182152436
1987524.613925,735.0257918158705,-118.38068182152436
1987527.7765,735.0257918158705,-118.38068182152436
1987535.96015,735.0257918158705,-118.38068182152436
1987541.462587,735.0257918158705,-118.38068182152436
1987549.412813,735.0257918158705,-118.38068182152436
1987556.737943,735.0257918158705,-118.38068182152436
1987566.094093,735.0257918158705,-118.38068182152436
1987570.363231,735.0257918158705,-118.38068182152436
1987577.038124,735.0257918158705,-118.38068182152436
1987583.526776,735.0257918158705,-118.38068182152436
1987590.465605,735.0257918158705,-118.38068182152436
1987607.374693,735.0257918158705,-118.38068182152436
1987607.378074,735.0257918158705,-118.38068182152436
1987611.988197,735.0257918158705,-118.38068182152436
1987619.683153,735.0257918158705,-118.38068182152436
1987626.134231,726.8315513392491,-116.76954896310014
1987635.24412,724.701892312206,-117.35083975569351
1987641.838597,716.7540545550996,-110.28647381884
1987646.525334,717.1736608239431,-109.2270330395704
1987654.304803,717.6752855231772,-111.57325839947136
1987661.882627,686.8240421164423,-130.35121244739898
1987667.869196,664.264746490209,-144.30651764867545
1987675.525487,657.3581957357449,-147.87955205426056
1987676.622773,657.3581957357449,-147.87955205426056
1987681.525314,657.3581957357449,-147.87955205426056
1987688.584815,657.3581957357449,-147.87955205426056
1987696.437789,657.3581957357449,-147.87955205426056
1987705.412153,657.3581957357449,-147.87955205426056
1987710.511712,667.062302128743,-157.5337425187861
1987716.533702,669.8713089667751,-158.9474802939182
1987723.958476,674.246535143722,-165.18340159315755
1987731.009296,681.0113083883899,-190.65706837233213
1987737.887926,731.2092197767728,-224.6572925283065
1987746.670754,787.1212636828506,-262.7397689287531
1987752.106372,816.2626962058149,-285.1047919013008
1987761.333939,861.4225484304868,-319.8322330291305
1987765.546314,864.8038034942197,-321.66132971061853
1987772.94855,864.8038034942197,-321.66132971061853
1987779.471419,864.8038034942197,-321.66132971061853
1987787.332358,864.8038034942197,-321.66132971061853
1987794.272213,864.8038034942197,-321.66132971061853
1987801.099106,864.8038034942197,-321.66132971061853
1987807.426883,864.8038034942197,-321.66132971061853
1987827.645593,870.0437165122158,-323.15096360738625
1987827.734617,889.5201564506813,-348.59132341136154
1987828.475399,934.4396965391892,-375.9158423556544
1987835.488812,959.6860887063458,-395.3529412207436
1987864.126932,994.6799637601074,-539.3251111432361
1987878.233988,958.2280920942944,-578.1108543426365
1987878.245562,953.159268776553,-588.9580671588817
1987888.330235,913.7683874984302,-621.6873148275998
1987891.482446,881.6070592127971,-647.5331514940507
1987898.426444,809.9819650102163,-712.6066397582753
1991214.437523,-60.523304679255176,-216.2007204535469
1991214.772925,-59.896751866669206,-222.60794725614232
1991214.773527,-59.896751866669206,-222.60794725614232
1991216.704227,-59.896751866669206,-222.60794725614232
1991224.091537,-59.896751866669206,-222.60794725614232
1991230.736176,-59.896751866669206,-222.60794725614232
1991238.066407,-59.896751866669206,-222.60794725614232
1991245.329082,-59.896751866669206,-222.60794725614232
1991253.152883,-59.896751866669206,-222.60794725614232
1991260.057811,-42.364564096710914,-244.75523437465895
1991266.027423,-27.74956516954531,-256.1638211256846
1991273.255723,-23.910652409605586,-313.18121413586084
1991280.046746,-11.04789706408756,-379.6244633503736
1991288.530965,19.877535711213728,-390.8431063737587
1991293.618455,42.685406031980605,-381.2630328148041
1991301.822163,79.13005528081963,-363.1154740823136
1991307.974957,133.22979168357324,-344.41734382436584
1991319.331088,190.15445223502743,-319.976969427598
1991324.339876,217.50674924292792,-311.8305066828364
1991329.016338,272.7947254088421,-289.9207071912614
1991335.655337,298.69215714985864,-282.4128451856991
1991342.651434,298.69215714985864,-282.4128451856991
1991350.335504,298.69215714985864,-282.4128451856991
1991361.821347,298.69215714985864,-282.4128451856991
1991364.47142,313.8788589565421,-314.3746487264546
1991371.956355,380.0747045430937,-275.48233206315297
1991378.311223,408.23020518750354,-256.6244914791124
1991385.038556,444.0092630638107,-243.283089318911
1991392.201807,489.123529794712,-220.03113522437107
1991399.030226,549.9597614912561,-188.42773363088557
1991405.98677,581.8858441765994,-176.73610611448146
1991412.955122,618.9329305376106,-162.82550131551005
1991419.703735,624.302065172691,-162.83248392029276
1991429.640622,657.7704592564137,-158.47227584308806
1991438.06412,670.3841544390615,-169.14860437147425
1991440.658196,697.8924497867099,-203.87492310488324
1991447.618646,722.3581746530766,-228.12291237547944
1991454.616795,722.3581746530766,-228.12291237547944
1991463.642954,722.3581746530766,-228.12291237547944
1991469.216524,722.3581746530766,-228.12291237547944
1991475.960344,722.3581746530766,-228.12291237547944
1991484.287377,722.3581746530766,-228.12291237547944
1991491.693444,722.3581746530766,-228.12291237547944
1991497.843035,722.3581746530766,-228.12291237547944
1991504.189011,722.3581746530766,-228.12291237547944
1991511.373407,722.966655190872,-230.6171214637304
1991518.221654,727.5466138353218,-240.24321090790104
1991528.653627,744.024541073109,-256.8432496109665
1991532.088331,731.3430714224598,-266.32278472110335
1991538.647349,682.9804910549302,-275.1186301028428
1991547.200577,657.2639653762982,-289.7302886468198
1991553.696112,609.3038016926695,-302.4399729770306
1991561.189851,584.0640357439971,-309.97826955979514
1991569.989375,549.2220576398521,-312.0251962485111
1991573.619085,523.4942850660422,-316.70358083584324
1991581.097383,494.26380606463033,-299.7075215316258
1991587.673027,496.653450951649,-269.05936720864935
1991594.783092,515.2414465916305,-243.66047888081724
1991602.418576,523.6824163538649,-235.4070556005331
1991609.991738,579.6098042319434,-208.1305643984672
1991615.624093,624.1301414042421,-181.56118403934644
1991625.611332,653.520894813585,-167.24545608678866
1991630.208433,661.9434511925398,-165.15730343205038
1991637.301615,670.8536940040125,-163.6099869161686
1991644.288221,702.665677112858,-154.6734912392911
1991654.789182,728.7618764189525,-126.43865832474174
1991657.619733,720.3067034847207,-116.7395446407855
1991669.249179,716.0528155645553,-114.70236181918573
1991672.53365,689.0713730996816,-131.51602030193803
1991678.962236,688.0113037723278,-132.7722817039838
1991685.726294,688.0113037723278,-132.7722817039838
1991693.169675,678.1256939956655,-141.50686552959752
1991699.998911,665.5965368369307,-163.40225074552137
1991706.952265,668.9573809357034,-173.1573346785806
1991709.201604,668.9573809357034,-173.1573346785806
1991713.965989,668.9573809357034,-173.1573346785806
1991720.645659,668.9573809357034,-173.1573346785806
1991732.115223,668.9573809357034,-173.1573346785806
1991737.210369,668.9573809357034,-173.1573346785806
1991741.718474,668.9573809357034,-173.1573346785806
1991749.392661,668.9573809357034,-173.1573346785806
1991757.10052,668.9573809357034,-173.1573346785806
1991764.918065,668.9573809357034,-173.1573346785806
1991770.392684,668.9573809357034,-173.1573346785806
1991777.259158,668.9573809357034,-173.1573346785806
1991784.077146,668.9573809357034,-173.1573346785806
1991792.545639,668.9573809357034,-173.1573346785806
1991798.380386,668.9573809357034,-173.1573346785806
1991804.873631,668.9573809357034,-173.1573346785806
1991814.150921,668.9573809357034,-173.1573346785806
1991818.773073,668.9573809357034,-173.1573346785806
1991825.726978,668.9573809357034,-173.1573346785806
1991836.254086,668.9573809357034,-173.1573346785806
1991840.026892,668.9573809357034,-173.1573346785806
1991847.100414,668.9573809357034,-173.1573346785806
1991855.594948,668.9573809357034,-173.1573346785806
1991860.680035,668.9573809357034,-173.1573346785806
1991869.212148,668.9573809357034,-173.1573346785806
1991875.165674,668.9573809357034,-173.1573346785806
1991882.086669,668.9573809357034,-173.1573346785806
1991889.181977,668.9573809357034,-173.1573346785806
1991897.853316,668.9573809357034,-173.1573346785806
1991903.694122,668.9573809357034,-173.1573346785806
1991910.152669,668.9573809357034,-173.1573346785806
1991917.130941,668.9573809357034,-173.1573346785806
1991924.410738,668.9573809357034,-173.1573346785806
1991933.149415,671.9349445868684,-175.6189234967512
1991937.744058,673.6865306899281,-175.1917745590773
1991945.723252,673.6865306899281,-175.1917745590773
1991954.779362,675.484199844159,-176.07001311016728
1991959.22649,676.950278461778,-174.91710167366867
1991967.572398,677.6478414025961,-175.8064945719786
1991972.671992,678.1195896657891,-177.72133746268446
1991979.629551,677.775241431431,-178.40407802517544
1991986.658723,677.8670926560555,-178.78789556120637
1991996.448662,677.8670972362376,-178.78790541360834
1992001.381491,677.8670972362376,-178.78790541360834
1992008.417891,677.8670972362376,-178.78790541360834
1992015.39247,677.8819457761742,-179.46484669182453
1992023.607533,678.3471060879785,-180.25973733109765
1992028.739395,679.0760949855958,-181.2802220052652
1992042.971164,679.0760949855958,-181.2802220052652
1992043.278827,679.0760949855958,-181.2802220052652
1992052.132389,679.0760949855958,-181.2802220052652
1992056.719209,679.0760949855958,-181.2802220052652
1992066.31003,679.0760949855958,-181.2802220052652
1992074.770352,679.0760949855958,-181.2802220052652
1992079.990806,679.0760949855958,-181.2802220052652
1992085.294391,679.0427391560925,-195.44416456839244
1992092.27351,678.8573560128372,-199.3803212645749
1992099.224658,679.6067353585503,-199.40584624968207
1992107.415594,680.1444442094833,-199.09413611525315
1992113.526842,682.566436509863,-198.8562009853144
1992120.252577,683.3058472581788,-198.98311849226832
1992129.001103,685.5002219332698,-198.32604365474143
1992138.86054,685.3341380237567,-197.60023066688487
1992141.633083,684.1823526196306,-194.59264813695
1992147.679878,683.6612319056284,-190.74598383114505
1992154.7392,683.1939336476343,-188.22119096374087
1992161.734305,682.3448071340216,-186.7886565843032
1992172.870518,682.0452273624583,-185.71863330456088
1992175.737279,682.1369052131602,-185.05056974741143
1992182.679086,680.2335968499217,-182.5696780531109
1992191.741051,682.2690561351359,-181.618649264632
1992197.647368,682.4314990929516,-180.02457913315763
1992205.172547,680.2997827283716,-180.3161122116053
1992211.43472,679.8704993161183,-179.7940405531116
1992218.643348,680.1662742376961,-178.86503441016595
1992224.700266,680.4107673551155,-177.69764304390029
1992231.650192,683.5716497592466,-179.25590616777643
1992241.371684,683.7304031261157,-180.06356291049204
1992246.343112,676.9723475791685,-177.45572920520976
1992248.604382,676.9723475791685,-177.45572920520976
1992252.744615,674.5146709035091,-173.30215798701795
1992261.870748,676.6730557434026,-175.7240191753247
1992267.134958,681.5239147962419,-178.50207255163903
1992274.219365,681.2156383338388,-180.2421395098353
1992281.542071,681.8397392345704,-183.87096645804192
1992288.652068,682.115547804147,-184.7537895811232
1992295.198301,687.4942100626885,-175.5844228295992
1992303.241149,704.3124382625073,-166.03969054856535
1992309.462461,730.7728170482943,-130.8436929019204
1992315.690978,742.5455869350195,-107.15737540841305
1992323.283309,782.5102973125539,-88.68910504244862
1992330.009408,801.6531386957454,-77.72003434510786
1992338.115778,830.4709145183152,-69.6119889143376
1992348.717587,849.9008128621713,-53.51999141664241
1992350.687461,852.4939783476739,-50.10305334825942
1992352.282084,676.9723475791685,-177.45572920520976
1992357.776208,852.4939783476739,-50.10305334825942
1992365.134422,852.4939783476739,-50.10305334825942
1992372.623363,852.4939783476739,-50.10305334825942
1992379.761441,852.4939783476739,-50.10305334825942
1992386.230506,852.7962926641774,-48.68918438896891
1992393.229559,852.7963265175798,-48.68913952747785
1992400.914136,852.7963265175798,-48.68913952747785
1992409.151498,852.7087392955076,-46.76962333912958
1992417.065272,852.7087392955076,-46.76962333912958
1992421.314511,850.042086960795,-25.828000861324483
1992428.538364,846.8338565625328,-16.193063962018336
1992442.112451,844.9903923026567,-12.04355199669222
1992444.607871,844.350390587601,-12.59085784773321
1992448.741019,844.0323390062352,-14.865384052755248
1992456.244176,844.6951193980804,-18.116302558623094
1992463.783137,844.648951439864,-18.18780863664856
1992473.311117,844.5803179648977,-18.408262457436702
1992476.743259,845.3279640189965,-21.11709015058208
1992484.6426,845.9409469844686,-24.227678950690617
1992491.856073,846.7621243452402,-24.26855380581444
1992498.23886,847.3636601352669,-24.861310609947644
1992505.700795,847.5945188776145,-25.27330882747845
1992513.08384,847.5945188776145,-25.27330882747845
1992519.689819,847.5945188776145,-25.27330882747845
1992526.228295,847.5945188776145,-25.27330882747845
1992533.2324,847.5945188776145,-25.27330882747845
1992540.273713,847.5945188776145,-25.27330882747845
1992547.61627,847.5945188776145,-25.27330882747845
1992554.377795,847.5945188776145,-25.27330882747845
1992561.755633,850.5057234486732,-31.34640640392454
1992571.446948,849.1155401224225,-34.49063606028644
1992637.539962,723.896022685052,-81.36178228551312
1992637.540595,723.896022685052,-81.36178228551312
1992639.551188,712.498625834884,-97.06291357795924
1992648.887418,671.6993432069013,-143.6738950814911
1992656.356316,661.9764534953845,-153.3493458659128
1992661.131262,661.9764534953845,-153.3493458659128
1992667.919826,661.9764534953845,-153.3493458659128
1992674.485411,634.1320655698693,-172.2513648013798
1992686.262416,604.0227081797175,-181.9199699318372
1992689.051031,536.721292028578,-207.6241624151453
1992695.943044,501.9898201181798,-225.6036731701038
1992704.475947,501.9898201181798,-225.6036731701038
1992709.94722,499.8282974623255,-236.0168804385551
1992718.578482,459.42790691600464,-256.23533106738176
1992723.484873,440.79333481822187,-256.0224340501084
1992730.896872,408.3228777788957,-259.2524364001416
1992737.871118,391.2872991852776,-267.6336299594028
1992744.92824,384.0377202392014,-272.54231522822687
1992751.820544,349.1187259498052,-299.8054968136097
1992758.507652,317.355164158738,-297.13768212920206
1992767.859377,278.7347393238504,-306.54130448936513
1992772.921975,206.965456017596,-329.4577571670393
1992779.914016,144.449098774693,-343.51281509992805
1992789.01977,110.08477882892971,-351.1499657993271
1992793.975252,97.80911852669465,-348.68266863548195
1992800.556148,79.96709543908568,-312.6911029983614
1992808.212407,32.19028063942176,-334.05371049012547
1992815.337411,-3.8311796861498895,-350.0721862713237
1992821.861656,-9.321367600655778,-332.8247066581631
1992828.781161,-19.991893383712576,-301.8906310149538
1992837.461706,-20.29924619793224,-300.44500926138045
1992843.037726,-22.69033448334475,-292.23122406449073
1992849.498388,-22.69033448334475,-292.23122406449073
1992858.390364,-30.726758893293443,-281.84477837005915
1992864.113499,-43.5871779930328,-289.2945140815206
1993038.829873,676.9723475791685,-177.45572920520976
1994693.249099,-61.10759600181543,-198.5347167118812
1994697.680643,-56.27731985771332,-211.4676787210908
1994704.99146,-56.29588914534976,-242.55148568650483
1994714.012538,-40.13346656780245,-285.9380363917607
1994720.287789,-28.4539958090002,-302.5746089687594
1994728.034671,-4.572873983987415,-362.4121117743475
1994733.035619,15.404919922981035,-414.3585884407642
1994739.750894,18.765646360092656,-433.0292189158658
1994748.694661,24.376442526787844,-466.0104144872226
1994753.656173,26.003038371724333,-475.75019972584585
1994767.295031,31.178940548235342,-494.0052178099343
1994768.661562,43.71357919909398,-533.5979411202811
1994775.27639,53.11268281587707,-551.8735362406176
1994782.034808,57.40703213818071,-558.0104253100978
1994790.153401,57.40703213818071,-558.0104253100978
1994797.832205,57.40703213818071,-558.0104253100978
1994803.371107,58.2283815301104,-559.9550628800936
1994810.169489,64.636884595754,-583.3507412121552
1994817.324565,73.45483560077204,-608.1977803071891
1994824.262917,81.19505038854753,-617.7446020865374
1994834.685859,82.36988801077224,-630.0253617475972
1994837.9737,87.46510442499019,-659.9496820898019
1994845.66743,94.52237294879032,-686.5397861853996
1994852.719025,105.64464444194044,-717.4597391289316
1994859.221625,111.12514903118672,-734.0207978319945
1994866.387121,121.8676518043362,-770.8550932333471
1995300.695693,892.4547720253026,-733.1490199145311
1995308.633483,877.7073324679865,-717.6478920686728
1995314.935716,877.7073324679865,-717.6478920686728
1995324.74929,868.7902378551886,-702.1241703396868
1995329.101878,852.1753444557809,-678.9942972811854
1995335.757861,902.9798315995616,-636.5357856158848
1995345.253875,926.7815194648432,-618.1849022495364
1995350.006652,940.8437013863748,-606.7036961054994
1995356.576574,963.4797504518926,-587.1263700341055
1995367.903315,1000.8383196871716,-554.1996775004092
2085282.7453,814.2828343546576,-722.0690279458659
2085289.670137,880.1817744444959,-659.210574247194
2085296.272194,941.6805168910588,-605.3691119798526
2085303.698554,968.244315001877,-583.7345041790171
2085310.837832,991.3016418082178,-562.9894953436764
2085317.352217,991.3016418082178,-562.9894953436764
2085324.253118,995.2541389893404,-560.7040943847729
2085332.671189,1007.006465427654,-549.489335070862
2087359.786731,991.2181961608349,-95.14413256184189
2087362.906081,955.254893569287,-64.06421780567112
2087369.870024,948.85295576766,-40.94712990672931
2087377.556829,948.85295576766,-40.94712990672931
2087384.220261,1007.5626951170686,-13.923054516318125
2087391.357936,1007.5626951170686,-13.923054516318125
2087448.701735,973.4593763379586,72.39314105172382
2087455.247963,933.7144003032664,86.69456714396075
2087460.924151,910.4491084268884,98.8862258581784
2087470.929112,850.0631962611603,157.01780619679755
2167427.820977,113.77636360007595,-747.0087901647823
2167434.982173,103.55349546266736,-696.290326267861
2167441.712223,93.98289802320512,-669.8442222294692
2167450.249071,78.02205970288662,-613.0001123237554
2167455.751398,57.61641554949757,-541.8484452822765
2167462.778979,37.01162803128464,-477.8377813071671
2167471.335474,31.069958462651076,-462.55139513170496
2167476.351494,30.196377497735345,-459.8109274989173
2167485.618778,23.29580090469604,-440.3133073439206
2167490.418621,18.97613859283033,-424.6561529641168
2167497.861043,14.93870130373504,-414.3864081990201
2167504.884404,20.15134814544234,-401.4892518977061
2167511.848411,28.07680859734008,-393.5162695281112
2167518.741074,48.920478813854935,-386.0933885528158
2167525.326769,73.12012513014892,-378.89407336305294
2167532.77907,105.27821573064077,-359.83323164818273
2167540.950941,99.67319909282158,-324.6969030714636
2167546.520747,85.56973470125088,-315.20445559740307
2167553.848126,71.76775022480668,-320.84971467500736
2167560.852683,33.53820944780799,-331.31532700435264
2167567.743574,-4.729030501127859,-341.324169763185
2167574.856874,-18.07096457012316,-314.6344058864211
2167581.719812,-21.70918713307944,-291.44901788589937
2167589.548398,-22.12006644260979,-289.29983029174434
2167595.368589,-22.12006644260979,-289.29983029174434
2167602.793457,-22.12006644260979,-289.29983029174434
2167609.348099,-22.12006644260979,-289.29983029174434
2167617.766494,-22.12006644260979,-289.29983029174434
2167623.979453,-26.2900275052462,-283.41173305422564
2167630.426329,-46.20267438313252,-293.53772393778667
2326978.975846,1012.9672583269418,-533.6289969574423
2326992.92631,979.9509971730656,-563.0960544340763
2326994.094418,962.9004066389596,-579.1634452472678
2326999.872512,950.128363116544,-588.5325070862215
2327006.973376,896.0424322518294,-635.4354224367921
2327014.0094,839.2844009993476,-670.811914862306
2327020.912021,782.1551144325965,-620.4130984227901
2327030.276442,748.9043466563461,-584.04972698822
2327035.210995,748.9043466563461,-584.04972698822
2327044.224554,748.9043466563461,-584.04972698822
2327055.282381,748.9043466563461,-584.04972698822
2327055.621234,476.41688754490406,-262.83458230074484
2327055.621895,476.41688754490406,-262.83458230074484
2327057.15052,476.41688754490406,-262.83458230074484
2327065.758101,474.40002013160455,-262.70592517472244
2327071.508189,474.40002013160455,-262.70592517472244
2327078.505015,474.40002013160455,-262.70592517472244
2327085.5242,474.40002013160455,-262.70592517472244
2327092.960459,474.40002013160455,-262.70592517472244
2327099.158935,474.40002013160455,-262.70592517472244
2327109.482182,467.298062961163,-251.61895428424884
2327114.180619,439.2726591909988,-217.42702509644937
2327120.624401,445.4084881877312,-169.79276027910052
2327127.118382,452.8622623951888,-140.721143965628
2327138.447004,464.8611896184113,-86.02921891624297
2327141.173844,471.3279605531801,-49.926391993757
2327148.965009,454.9786239892758,-20.20146986074288
2327163.423732,434.771571052322,-5.005168685485463
2327163.45246,382.2739620251243,37.83035610561977
2327169.210909,337.4482495874258,74.101787976316
2327179.078848,296.5386872404921,99.88312863562764
2327183.621048,269.6589733488602,110.50244302847716
2327191.020142,248.7226765780962,165.88414983262263
2332248.82341,758.4952852523807,-768.457892477449
2332258.715068,778.3090104903301,-750.7428787439618
2332263.229053,829.273019072349,-704.2962811581032
2332270.14,839.4976156626225,-697.5228412391597
2332276.860634,839.4976156626225,-697.5228412391597
2332284.000617,839.4976156626225,-697.5228412391597
2332290.919569,839.4976156626225,-697.5228412391597
2332299.599738,839.4976156626225,-697.5228412391597
2332308.494395,839.4976156626225,-697.5228412391597
2332312.25879,839.4976156626225,-697.5228412391597
2332319.822033,869.0870790157654,-671.0598409366144
2332328.020723,926.3886927239512,-622.8221295572082
2332332.90327,989.4696849142472,-570.0360805263388
2332342.042504,1007.4772354696292,-556.8177606339359
2335072.309167,841.976171866025,198.04817634522223
2335078.864883,840.4085919141196,177.28247052745678
2335086.412834,840.4085919141196,177.28247052745678
2335093.347413,840.4085919141196,177.28247052745678
2335100.127877,840.4085919141196,177.28247052745678
2335110.994709,840.4085919141196,177.28247052745678
2335117.241597,840.4085919141196,177.28247052745678
2335120.670157,852.7967357613594,159.47251117395518
2335121.425964,857.587111901134,142.9543479468308
2335127.934475,873.4235244699141,122.27467439419532
2335138.487659,927.1545506057332,70.88745674033628
2335143.275536,949.1772941216512,54.28244569461338
2335148.769919,995.9023803498252,20.115441571829315
2335233.00422,1013.4309375626398,-210.0012884972687
2335240.141764,956.946128116626,-265.5496805325035
2335246.753915,918.8219443625142,-305.3244127616508
2335257.522097,911.6303883705828,-312.1901671989739
2335261.032964,911.6303883705828,-312.1901671989739
2335268.005275,908.8197979040513,-310.7239234336224
2335276.2946,873.54339133378,-340.7855482773398
2335286.073631,809.9759600830371,-402.5754510701144
2335288.775334,770.6696887510014,-439.2232462732473
2335295.783321,701.4389092720974,-505.82851334315103
2335302.66991,627.5031886288223,-572.2123243166757
2335309.702302,566.8735171955768,-633.0283040124388
2335316.754717,566.8735171955768,-633.0283040124388
2335323.946826,566.8735171955768,-633.0283040124388
2433041.371741,756.0955542540256,-759.7697589135119
2433048.416927,783.9286529911701,-735.4989634044073
2433055.334051,832.2986640575244,-691.4129091693015
2433062.414929,885.3213162312363,-646.6366733401544
2433069.314309,932.6500667670808,-604.2399873932973
2433076.343857,948.7435766440038,-587.9100287179999
2433083.299179,949.405098570778,-586.9310184990688
2433090.288746,949.405098570778,-586.9310184990688
2433097.281125,949.405098570778,-586.9310184990688
2433104.387204,949.405098570778,-586.9310184990688
2433111.353592,976.2974644285764,-564.4124385448641
2502857.882688,1009.5353648824344,-534.7167141043409
2502869.471522,944.8287505138792,-581.13328979466
2502871.961624,887.1021065397453,-638.1488721441721
2502881.933895,857.4792700925121,-667.5669579722136
2502886.696836,795.6932241273341,-726.6407381482053
2504062.632433,1012.7397938634195,-529.1709440648822
2504068.927374,936.7937818814504,-595.0600218798004
2504078.137475,870.798830322867,-659.2939860136858
2504083.200026,860.7616894980023,-672.161446140904
2504091.284348,860.7616894980023,-672.161446140904
2504097.207316,860.7616894980023,-672.161446140904
2504104.191844,860.7616894980023,-672.161446140904
2504112.307088,860.7616894980023,-672.161446140904
2504118.355888,860.7616894980023,-672.161446140904
2504125.272903,832.5180342455415,-697.6333670626442
2504133.486479,761.6552996079266,-758.5405767914407
2505053.043222,751.1931829800201,-776.1848614124891
2505060.056124,772.8723304941512,-756.108185166438
2505067.587249,805.7747078364429,-726.6017718987152
2505074.308623,815.1673988934048,-720.5846993820315
2505081.005676,828.9091963884396,-708.8859489555923
2505090.878991,828.9091963884396,-708.8859489555923
2505095.531086,828.9091963884396,-708.8859489555923
2505103.874946,828.9091963884396,-708.8859489555923
2505109.488067,828.9091963884396,-708.8859489555923
2505116.392493,832.5119628231137,-705.9425282567074
2505124.610036,870.5081789386819,-672.0812101733121
2505130.376207,921.702792202138,-628.5112776487831
2505137.51006,979.9988236047068,-580.2980122959083
2505144.543718,1009.9349481110912,-554.6480475744091
2509656.054926,827.1812241450019,211.8695439820287
2509664.19732,804.5498842150284,125.72875308233785
2509669.702688,760.9405420077585,107.07177518578722
2509676.940793,670.2782541608245,71.09495384987332
2509683.711033,655.0965459092196,-16.131224484892954
2509691.269267,686.2627502317017,-63.4722107257089
2509698.919399,701.8839150056267,-93.29080029904158
2509705.071538,678.3603493156697,-139.97968762558443
2509712.107282,631.8884673569025,-173.9778816638378
2509719.155239,554.9509542186818,-197.56873407117865
2509726.114892,520.2037992270938,-211.6548551822173
2509734.500392,498.2815836127951,-219.28780313486345
2509740.202322,492.5801567373534,-221.14724482446465
2509747.192144,492.5801567373534,-221.14724482446465
2509754.188735,492.5801567373534,-221.14724482446465
2509761.1754,496.3120486131332,-230.14325150141613
2509769.160601,465.9054246685301,-250.0724247753814
2509775.432556,388.8581372514864,-266.0972874344767
2509782.083148,354.491641077254,-278.4778557771426
2509789.263499,290.0887648127275,-297.7374281694294
2509796.572519,220.9440978047309,-318.6504337527746
2509803.00072,158.4008982983334,-340.54231536260147
2509811.19916,129.01050431193485,-350.9842733061604
2509817.110061,99.73370893599822,-319.67783251029755
2509824.852242,57.479975915324935,-316.8132450568035
2509831.040415,28.259986237107224,-320.4329238962255
2509838.065657,28.492704465894523,-325.4475421897912
2509845.139515,28.492704465894523,-325.4475421897912
2509851.652729,28.492704465894523,-325.4475421897912
2509858.754041,28.492704465894523,-325.4475421897912
2509866.212171,28.492704465894523,-325.4475421897912
2509873.124438,28.492704465894523,-325.4475421897912
2509880.461988,41.40627302047514,-351.926630188122
2509887.179229,42.62551723154099,-359.1686690443568
2509893.852587,42.62551723154099,-359.1686690443568
2509902.364052,42.62551723154099,-359.1686690443568
2509907.737536,42.62551723154099,-359.1686690443568
2509914.749305,42.62551723154099,-359.1686690443568
2509923.139096,42.62551723154099,-359.1686690443568
2509928.753401,42.62551723154099,-359.1686690443568
2509936.180352,42.62551723154099,-359.1686690443568
2509943.181944,42.62551723154099,-359.1686690443568
2509950.183125,42.62551723154099,-359.1686690443568
2509957.20246,42.62551723154099,-359.1686690443568
2509964.206899,42.62551723154099,-359.1686690443568
2509971.258999,42.62551723154099,-359.1686690443568
2509978.416285,42.62551723154099,-359.1686690443568
2509985.230883,42.62551723154099,-359.1686690443568
2509992.17487,42.62551723154099,-359.1686690443568
2509999.239612,42.62551723154099,-359.1686690443568
2510006.476161,42.62551723154099,-359.1686690443568
2510013.011524,42.62551723154099,-359.1686690443568
2510019.759794,42.62551723154099,-359.1686690443568
2510027.220363,42.62551723154099,-359.1686690443568
2510033.854159,42.62551723154099,-359.1686690443568
2510041.236569,42.62551723154099,-359.1686690443568
2510047.657869,42.62551723154099,-359.1686690443568
2510056.299033,42.62551723154099,-359.1686690443568
2510062.188038,42.62551723154099,-359.1686690443568
2510069.264246,42.62551723154099,-359.1686690443568
2510076.216612,42.62551723154099,-359.1686690443568
2510083.316229,42.62551723154099,-359.1686690443568
2510089.763872,42.62551723154099,-359.1686690443568
2510096.652775,42.62551723154099,-359.1686690443568
2510105.08922,42.62551723154099,-359.1686690443568
2510111.217877,42.98454049966749,-361.8291688851729
2510118.422219,50.06507421770916,-368.9743135038418
2510125.259053,50.70150584183487,-370.19213538839296
2510132.253499,50.7724403401463,-370.5654910391138
2510138.754247,48.77339086015598,-371.136485962268
2510147.520701,47.68429132923406,-372.30607738497537
2510152.655508,48.88630672884568,-373.2974525433244
2510161.226,49.32937045932399,-369.81411050791337
2510167.278997,46.96250499454258,-367.3120399329891
2510173.757006,42.97533428271203,-361.601650277944
2510181.93072,43.958305083475096,-361.1198795383696
2510188.236037,49.129481507781385,-363.5610652518381
2510195.27201,50.88063496225018,-364.47513531318833
2510202.121914,47.76831794329787,-362.49052503260685
2510210.404175,44.23561888241329,-361.27902730589705
2510216.175466,41.29459206859553,-359.5406308346483
2510222.751036,36.000319710716546,-359.26162288027825
2510231.40448,39.36596978449715,-358.6550559515192
2510237.162963,42.661211322991015,-357.01158057145017
2510244.169573,45.91772437398548,-353.57663775376733
2510252.534898,44.98728173637695,-352.5609405553301
2510257.707611,44.98728173637695,-352.5609405553301
2510265.196552,44.98728173637695,-352.5609405553301
2510272.240419,46.16745661998262,-355.516003380187
2510278.683244,46.37115071173052,-356.5144774476215
2510285.871075,46.07182673166877,-356.9052214874057
2510293.224733,46.07212533815358,-356.9054582577813
2510299.779867,46.07212533815358,-356.9054582577813
2510308.586024,46.07212533815358,-356.9054582577813
2510313.856514,44.54454510546216,-360.6889297520594
2510321.695547,39.667360444604185,-363.1807088889779
2510327.658516,34.83102657702114,-361.9419003779543
2510335.465642,32.44285522172928,-361.27630016993686
2510342.972782,32.44282426426911,-361.27629411621774
2510350.681837,32.44282426426911,-361.27629411621774
2510356.220252,32.44282426426911,-361.27629411621774
2510362.660443,32.44282426426911,-361.27629411621774
2510371.597963,32.44282426426911,-361.27629411621774
2510377.235229,32.44282426426911,-361.27629411621774
2510385.400105,32.44282426426911,-361.27629411621774
2510391.244139,32.44282426426911,-361.27629411621774
2510398.434096,32.44282426426911,-361.27629411621774
2510404.766456,32.44282426426911,-361.27629411621774
2510413.520388,32.44282426426911,-361.27629411621774
2510419.388106,35.383717813739736,-364.6961457028107
2510427.236632,36.06932514108127,-365.5684133058135
2510433.293977,36.06932514108127,-365.5684133058135
2510440.346878,36.06932514108127,-365.5684133058135
2510447.300487,36.06932514108127,-365.5684133058135
2510453.67455,36.06932514108127,-365.5684133058135
2510463.471139,36.06932514108127,-365.5684133058135
2510467.751778,36.06932514108127,-365.5684133058135
2510475.493202,36.06932514108127,-365.5684133058135
2510482.291556,36.06932514108127,-365.5684133058135
2510489.25922,36.06932514108127,-365.5684133058135
2510496.312412,36.06932514108127,-365.5684133058135
2510502.8966,36.06932514108127,-365.5684133058135
2510509.687435,36.06932514108127,-365.5684133058135
2510516.764727,36.06932514108127,-365.5684133058135
2510525.811507,36.06932514108127,-365.5684133058135
2510531.300496,36.06932514108127,-365.5684133058135
2510540.476786,36.06932514108127,-365.5684133058135
2510544.758573,36.06932514108127,-365.5684133058135
2510552.307153,36.06932514108127,-365.5684133058135
2510559.288048,36.06932514108127,-365.5684133058135
2510566.281776,36.06932514108127,-365.5684133058135
2510573.643433,36.06932514108127,-365.5684133058135
2510580.30061,36.06932514108127,-365.5684133058135
2510587.369978,36.06932514108127,-365.5684133058135
2510593.764591,36.06932514108127,-365.5684133058135
2510600.760256,36.06932514108127,-365.5684133058135
2510607.708181,36.06932514108127,-365.5684133058135
2510614.767363,36.06932514108127,-365.5684133058135
2510621.767222,36.06932514108127,-365.5684133058135
2510628.70799,36.06932514108127,-365.5684133058135
2510635.967374,35.81715195323547,-365.5854563527813
2510642.772922,35.81715274148366,-365.5854561418018
2510649.71689,35.81715274148366,-365.5854561418018
2510657.271787,35.81715274148366,-365.5854561418018
2510663.938736,35.81715274148366,-365.5854561418018
2510673.216635,35.81715274148366,-365.5854561418018
2510679.425904,35.81715274148366,-365.5854561418018
2510684.759606,35.81715274148366,-365.5854561418018
2510691.752083,35.81715274148366,-365.5854561418018
2510701.171314,35.81715274148366,-365.5854561418018
2510706.279698,35.81715274148366,-365.5854561418018
2510712.769543,35.81715274148366,-365.5854561418018
2510721.584084,35.81715274148366,-365.5854561418018
2510727.286798,35.81715274148366,-365.5854561418018
2510734.31518,35.81715274148366,-365.5854561418018
2510741.23795,35.81715274148366,-365.5854561418018
2510747.676576,35.81715274148366,-365.5854561418018
2510756.282118,35.81715274148366,-365.5854561418018
2510762.486745,35.81715274148366,-365.5854561418018
2510770.302209,35.81715274148366,-365.5854561418018
2510776.367173,35.81715274148366,-365.5854561418018
2510783.279197,35.81715274148366,-365.5854561418018
2510794.74952,35.81715274148366,-365.5854561418018
2510796.770003,35.81715274148366,-365.5854561418018
2510804.764624,35.81715274148366,-365.5854561418018
2510811.381954,35.81715274148366,-365.5854561418018
2510818.426091,35.81715274148366,-365.5854561418018
2510825.418169,35.81715274148366,-365.5854561418018
2510832.749873,35.81715274148366,-365.5854561418018
2510838.759586,37.88391997207597,-366.46964023626646
2510845.759512,60.47604162357604,-370.7006816509914
2510852.770011,63.47701468899615,-369.9032729194592
2510859.759782,63.62430337301468,-369.3878151391042
2510868.545407,62.27084998997201,-369.8058382780316
2510873.885914,62.26066220032452,-370.0305002256297
2510882.201854,61.1186428447696,-369.3017010579654
2510887.711042,54.55580633103279,-366.8904880098652
2510894.78124,49.79071832954006,-365.9235231316208
2510901.763778,48.1456405684199,-366.4084134501981
2510910.42858,48.11062135331585,-365.8821868196957
2510916.552285,48.28881248712561,-364.5331609656687
2510923.361439,48.03444161999168,-362.4749277458108
2510930.406261,48.03442750625159,-362.4749018886932
2510937.419791,48.07352141900681,-363.2285293047833
2510944.26604,48.07352130271514,-363.2285295267183
2510951.508506,48.07352130271514,-363.2285295267183
2510957.707186,48.07352130271514,-363.2285295267183
2510964.761179,48.07352130271514,-363.2285295267183
2510972.123136,48.07352130271514,-363.2285295267183
2510979.173566,56.218972487959945,-367.7176662184636
2510986.099485,92.4563409414066,-359.6628294527142
2510992.762069,127.5070225717464,-346.38607575277825
2511000.947176,135.83275712670948,-341.64810627501805
2511006.680482,192.1514543760705,-321.8985464408897
2511013.766373,243.2488561988556,-305.3589981131684
2511022.095513,244.09868316218945,-304.55531487655406
2511028.016562,256.0847146980016,-299.28954539690784
2511035.380839,311.91589965241684,-278.9320896373698
2511041.765687,377.7038343865575,-256.5755855546345
2511048.758733,397.0492635272767,-247.74920815559707
2511057.562148,397.0492635272767,-247.74920815559707
2511065.395709,399.2221955062148,-246.677047987172
2511070.186998,399.2221955062148,-246.677047987172
2511077.253486,399.2221955062148,-246.677047987172
2511085.044148,399.2221955062148,-246.677047987172
2511091.142391,427.5657546941133,-235.2591475392047
2511098.29355,488.3836533302872,-219.73225529158344
2511104.696522,575.3888288930361,-188.9545576630317
2511112.019794,606.4260603998854,-180.62290600172972
2511119.627375,652.9866098464059,-164.74379838940544
2511126.255902,666.8455452773866,-167.07533541644574
2511134.837478,681.7304686738562,-177.34738982024848
2511142.230718,691.5405785056151,-190.27055346323053
2511148.158977,739.0089390610113,-232.69251662957024
2511154.342254,789.0210911170271,-273.5186035154087
2511162.528881,839.4163604176155,-306.3226314311399
2511168.078226,852.9480648579425,-314.48237157468566
2511179.743513,854.2730216580508,-315.26803708912195
2511183.023773,854.2730216580508,-315.26803708912195
2511188.718218,854.2730216580508,-315.26803708912195
2511212.833463,959.9301893239398,-384.065914311532
2511212.834148,959.9301893239398,-384.065914311532
2511213.820796,959.9301893239398,-384.065914311532
2511213.821395,959.9301893239398,-384.065914311532
2511215.838663,959.9301893239398,-384.065914311532
2511222.846842,1003.0507566931198,-418.7143680598439
