time,x,y
0.0,0.0,0.0
15.263695,58.66685623307889,50.73740161297079
30.342702,202.27913151425253,98.27706217296584
45.369665,318.53660865262106,117.81785075951504
60.593496,354.15858670870136,132.04387400114896
75.441884,428.36156756918086,255.89070533545927
89.965287,447.539632669062,353.6646535105582
106.639633,453.3713842057746,377.46392860447367
120.387207,453.3713842057746,377.46392860447367
135.683851,278.5441360935912,521.9556590147862
151.92975,286.6536562680716,514.5971750753803
165.4207,287.54982753466663,513.353174780125
180.825258,287.54982753466663,513.353174780125
195.328782,287.38304010455164,511.7437494011903
211.2937,287.38304010455164,511.7437494011903
225.403749,283.96265310373866,519.8586299212326
240.277609,203.00187704516784,642.170529007526
284.961803,191.949098089369,615.6533250590912
300.844393,99.9728835364841,594.7130206537869
315.682319,98.8020523722102,582.454062732497
330.460021,98.8020523722102,582.454062732497
345.519644,108.40104238493446,583.7180560266037
361.21597,108.40104238493446,583.7180560266037
375.025726,109.25821360583278,579.3884902525881
391.01936,110.37095959531509,575.0267137841681
405.302157,110.3659808660856,575.0244923543459
420.940275,100.91137400190932,582.6195592178183
437.071698,100.91137400190932,582.6195592178183
449.963869,88.76742354928315,469.5421516452831
465.067776,22.14538774768386,445.8339516867367
541.235152,-40.55340939763602,72.49295200867441
555.960808,73.34166072617545,53.53306810313844
570.047895,181.8124053172231,80.03803074699125
585.042963,317.5176287310311,131.86838120750951
601.654868,418.9758331303955,164.2223666912099
615.38647,418.9758331303955,164.2223666912099
629.951844,409.502141141006,175.85709529845482
645.594853,413.4660394184037,173.73563164361184
660.171943,413.4660394184037,173.73563164361184
675.908841,688.7416395596576,260.03477965078935
690.196717,844.8986527786093,333.8861648253708
707.502935,957.7100192743428,389.8172932891245
4181.599017,820.6182200082744,595.2683779987026
4196.876634,806.1010752985303,604.8338529951079
4212.321007,806.1010752985303,604.8338529951079
4226.70941,810.1861226496467,585.883949640444
4242.40157,809.3364195240159,586.170514026661
4280.880695,601.8926864405829,240.3184938663896
4280.881413,601.8926864405829,240.3184938663896
4281.88673,601.8926864405829,240.3184938663896
4297.129004,601.8926864405829,240.3184938663896
4312.590386,601.8926864405829,240.3184938663896
4327.554628,252.37344574391685,132.36042745732422
4342.151809,252.37344574391685,132.36042745732422
4357.2038,61.07573140648243,103.12088517265936
4372.678194,61.07573140648243,103.12088517265936
4387.210722,-6.741199417811428,-3.174419606714359
4404.278353,-6.741199417811428,-3.174419606714359
4417.185777,-6.741199417811428,-3.174419606714359
85844.152381,38.05574688563021,-311.2441031360446
85859.681149,38.05574688563021,-311.2441031360446
85873.881787,38.05574688563021,-311.2441031360446
85889.435806,38.05574688563021,-311.2441031360446
85904.926677,38.05574688563021,-311.2441031360446
85919.201091,38.05574688563021,-311.2441031360446
85924.118303,38.05574688563021,-311.2441031360446
85924.119018,38.05574688563021,-311.2441031360446
85925.823805,38.05574688563021,-311.2441031360446
85941.003061,-50.29097404159697,-205.4153494623665
85956.497886,-44.021094327019135,-200.28940759794745
85971.054863,-45.36120228615189,-198.04465601202023
85986.058986,-49.85201607846589,-202.2731415513169
86001.062128,-49.85201607846589,-202.2731415513169
86016.660403,-49.85201607846589,-202.2731415513169
86032.396555,-49.85201607846589,-202.2731415513169
86046.669336,-49.85201607846589,-202.2731415513169
86071.442814,-52.88821113877625,-81.32978047859667
86076.064328,4.723154491192675,-28.19657612427642
86091.526172,32.89446421959824,-71.95869053386905
86106.130156,32.89446421959824,-71.95869053386905
86121.176889,32.89446421959824,-71.95869053386905
87785.986334,105.42957080511415,-350.2401284253408
87801.132678,89.66276502791041,-292.4663870680123
87817.172272,7.915349734933192,-18.96099245754078
87831.178699,68.06752686373228,70.1537887969926
87848.312879,223.38230526787555,126.82351877820564
87861.663206,286.3765070060598,151.50913508067265
87876.171247,286.3765070060598,151.50913508067265
87891.044539,410.78914265420536,162.16865662215702
87905.977484,421.21128256706623,182.24036845117672
87921.075809,431.6342522678344,269.5624853208147
87936.991657,438.3845793528467,327.05749374665874
87955.836107,438.3845793528467,327.05749374665874
87965.816534,349.7333261862624,476.04871705390553
87981.065589,305.22099725046496,504.3275084247333
87996.128272,305.22099725046496,504.3275084247333
88011.131008,305.22099725046496,504.3275084247333
88026.607778,305.22099725046496,504.3275084247333
88041.187714,305.22099725046496,504.3275084247333
88068.856054,305.22099725046496,504.3275084247333
88069.370868,304.0186341345012,503.38451178611945
88069.371604,304.0186341345012,503.38451178611945
88070.124345,304.0186341345012,503.38451178611945
88085.160392,304.0186341345012,503.38451178611945
88160.41779,89.98970158256174,583.9646346839744
88160.708436,30.48061031680254,573.4395025415545
88160.709175,30.48061031680254,573.4395025415545
88162.157337,30.48061031680254,573.4395025415545
88177.552866,34.73576425760425,534.0779978753509
88192.519089,62.41832873029768,471.0305090377688
88207.110321,62.41832873029768,471.0305090377688
88222.406082,62.41832873029768,471.0305090377688
88282.990321,-1.6828104897644327,23.141719344824374
88297.332187,98.40375403149586,74.39338328597088
88312.357335,98.40375403149586,74.39338328597088
88327.117182,163.13304292388045,127.80094698640274
88342.123865,171.72881899039209,143.03660938643682
88359.140817,171.72881899039209,143.03660938643682
88372.46747,164.58600207953145,131.76952767234022
88387.688185,164.58600207953145,131.76952767234022
88402.741175,423.6251364688135,174.6208706651838
88417.445764,440.07485793573056,179.228112173268
88432.448588,440.07485793573056,179.228112173268
88447.399853,761.5779591717813,-190.38517701457096
88462.688469,791.2379089048904,-227.75290408947205
91914.313874,50.48099554177717,-182.38581964389127
91929.584347,50.48099554177717,-182.38581964389127
91944.717267,91.13812846508678,66.61394400917338
91959.941496,165.0324281364062,96.92421273705736
91974.635792,265.5089931055127,122.83272384368324
91990.768707,429.8842289337498,167.94436910916272
92004.522663,470.1779146017586,139.91106047630473
92019.478787,470.1779146017586,139.91106047630473
92034.639171,826.052502986205,-257.83323970186103
92049.703464,852.3360444913453,-261.7807144048599
92064.522898,935.593674162784,-174.7318940232098
92079.614703,948.4595403302256,-161.47775152948816
196863.701135,943.8558753514448,383.3962537667866
196938.46886,942.2552138979952,494.8619992477024
196952.572857,913.7685847101404,536.5682199796627
196967.194769,913.7685847101404,536.5682199796627
196982.271492,921.0192740738216,561.0961307193461
196997.299519,837.328494952347,632.2251890037792
212772.61959,104.31931418017012,45.34377571476797
212780.773378,104.31931418017012,45.34377571476797
212800.792355,7.644008990226696,79.34161320091651
212818.335202,8.677925099904929,72.5995805313923
212825.715884,7.6830090360794046,64.826805560549
212842.378082,7.529498217357062,65.23443751162263
212858.252436,7.516221605930816,66.66059398747522
212870.662244,7.152774369961432,68.35110034471997
212886.329681,7.356072481421646,68.39219675424683
212900.777092,7.5842642391771,69.94719603456262
212916.38968,7.339476717175691,71.48553461285465
212930.969949,6.426709686301275,75.87951832579523
212945.905879,11.78963088725105,78.787367019773
212960.85109,24.848837735844192,79.17167399089706
212976.508241,24.848837735844192,79.17167399089706
212991.401587,24.848837735844192,79.17167399089706
213005.849332,24.848837735844192,79.17167399089706
213020.855283,24.848837735844192,79.17167399089706
213035.615272,24.848837735844192,79.17167399089706
213050.851977,24.848837735844192,79.17167399089706
213065.870254,24.848837735844192,79.17167399089706
213081.332895,24.848837735844192,79.17167399089706
213096.399041,24.848837735844192,79.17167399089706
213110.849963,24.848837735844192,79.17167399089706
213126.332073,24.848837735844192,79.17167399089706
213140.877858,24.848837735844192,79.17167399089706
213155.90416,24.848837735844192,79.17167399089706
213170.765063,24.848837735844192,79.17167399089706
213186.006473,24.848837735844192,79.17167399089706
213202.246137,24.848837735844192,79.17167399089706
213216.42868,23.463921213345955,65.25109821733895
213231.082944,23.463921213345955,65.25109821733895
213247.011423,23.463921213345955,65.25109821733895
213261.525653,23.47055951898537,65.17556968219206
213275.721064,23.47055951898537,65.17556968219206
213290.94931,23.47055951898537,65.17556968219206
213306.148775,23.77011306280644,65.38993743895055
213321.02904,23.77011306280644,65.38993743895055
213337.718266,23.77011306280644,65.38993743895055
213352.904155,23.730283228822557,65.25109821733895
213367.092685,23.76928327467521,65.29996962447218
213381.578409,23.828198237593504,65.34106603358117
213396.085984,23.828198237593504,65.34106603358117
213412.514316,24.254709377431663,65.63096232481358
213426.841522,24.257198742120146,65.51878023509057
213441.033199,24.28541154123505,65.47768382668437
213455.653975,24.334369045694228,65.4932338195607
213471.138712,24.334369045694228,65.4932338195607
213486.099083,24.3891350675142,65.49101239140158
213501.395494,24.47958198236711,65.58209091979073
213515.986147,24.660475812072928,65.72426228313539
213530.85681,25.370774519912143,66.29405844486975
213545.651635,25.370774519912143,66.29405844486975
213560.898792,25.370774519912143,66.29405844486975
213575.970557,40.76583517942333,78.79514201573465
213594.234682,26.179818024653468,65.26442678382003
213606.075559,22.39266463422608,62.93859216304967
213621.201652,26.571478059737174,63.883809574407024
213638.139289,27.669287861561536,66.41845838616499
213650.934453,28.75714020477922,68.88646438219361
213666.376943,28.76128914587757,68.86758224722178
213681.498941,28.76045935759893,68.75317872985268
213696.093604,28.75714020477922,68.7542894441107
213712.073751,28.767097663238346,68.74762516103478
213725.904761,28.71648058251675,67.57026856422729
213740.873679,28.73390613489389,67.54916500216574
213756.54953,28.72311888815616,67.50362573845463
213771.323962,28.72311888815616,67.50362573845463
213786.480438,28.6899273598117,67.40810435400238
213800.614539,28.287480077990374,65.34995174339127
213815.886665,27.314968295773276,63.38398838213928
213831.642472,27.174734088330005,63.341781258112434
213845.888844,23.60996393829747,63.28624557079885
213860.897867,23.60996393829747,63.28624557079885
213875.647232,20.8890883977596,60.40949693320777
213891.398265,21.284897373941888,58.71676917006975
213905.854337,21.33966339590928,52.189104473862045
213921.484864,21.33966339590928,52.189104473862045
213935.854501,20.86585432802164,45.79472548930013
213951.273487,20.974556583382984,45.15828652285409
213966.420623,20.99613107685848,44.5907118065432
213980.903146,20.98617361839936,44.61403679506967
213995.643434,20.98617361839936,44.61403679506967
214007.14301,20.98617361839936,44.61403679506967
214010.928304,23.314559335574724,49.99100197961206
214025.907877,61.80096630200474,55.3246493755316
214041.34237,61.80096630200474,55.3246493755316
214055.699803,61.80096630200474,55.3246493755316
214071.409623,425.7361176740418,189.10458082200876
214087.132114,476.7913266316448,217.6577057899245
214100.699872,622.0416037365184,249.8861849478071
214115.709373,701.8406762266262,281.4126944019793
214131.587296,674.8883254101793,355.1707820621384
214145.929317,702.2265277438808,512.3079923908258
214161.314203,803.0059652802232,561.9136166886665
289814.206215,452.8287027167816,612.9620632802723
289830.465245,447.0724619070422,546.8023442839765
289844.84315,440.1130281934341,468.5025228996712
289858.891225,499.1499699362208,320.54648700661033
289873.890366,559.6755517170545,291.4846503297869
289889.540806,590.0499491182957,291.5168610410666
289904.466913,591.690440407975,287.327247241472
289919.874935,591.6663765499791,288.9166791952452
289934.363124,591.9095044952135,296.70278547759546
289949.167329,591.9095044952135,296.70278547759546
289963.961622,712.7864124908747,183.64986447969864
289981.54961,753.5008007473617,166.80144446061564
289994.609462,753.5008007473617,166.80144446061564
290010.98713,753.5008007473617,166.80144446061564
290023.913212,813.6612756673126,113.10953473739887
290038.901284,953.6457166309984,5.272557724581092
290145.125049,970.573396075764,-98.44587542563382
290159.312474,933.4279269394688,-139.5600442403174
290176.138626,939.0596995084088,-141.98473160257635
290189.163187,924.1683203241472,-143.4697554222956
290204.82874,898.2797580142756,-123.20923196031391
290219.166135,841.1239462180881,-78.97173569522487
290236.972094,783.5880914088535,-110.06060616954562
290248.880363,720.78806018957,-139.44564075910307
290264.145689,677.938626866477,-91.95264439234764
290279.204662,678.5767339992487,-79.83031724133434
290293.869977,715.330543139461,-48.1105599813059
290309.163281,790.5856953728434,27.774506169341564
290324.257624,831.9506375726531,65.19667324316688
290339.945157,828.4481015444547,60.97929309087602
290354.312391,828.4481015444547,60.97929309087602
290371.469432,828.4481015444547,60.97929309087602
290393.730308,828.4481015444547,60.97929309087602
291087.257248,896.2608833033868,-178.8526405231125
291102.009428,780.2058746700318,-308.7816521734016
301843.251479,456.65651572739193,591.6974302763025
301858.053342,452.6121279940037,541.0088569203174
301873.622029,474.5143877847279,367.4852713140305
301888.427138,505.12942377364834,259.18064050423203
301903.25251,505.12942377364834,259.18064050423203
301918.844724,513.4829016781323,190.506301868063
301934.679233,513.4829016781323,190.506301868063
301948.880111,420.9233460582389,187.31188845689587
301963.947975,369.8307966252936,166.2616374841648
301978.047185,362.37348998472777,143.277634302659
301993.429143,320.6318238822903,151.0692923700195
302009.126584,164.0657248719069,104.49039532787954
302023.740344,129.23951370125766,98.6169406020952
302037.96249,96.57075187572404,75.96393257334816
302053.79134,41.91177269742551,85.97257456082144
302068.355281,23.12204847085249,89.16143389225923
302084.072014,0.5285750897081896,73.55812652222163
302098.307066,5.163772030736277,8.866827139757632
302130.410863,33.296911501566704,-118.13549296523358
302133.302837,15.624911993715353,-155.212217383623
302133.303504,15.624911993715353,-155.212217383623
302134.148107,15.624911993715353,-155.212217383623
302134.148807,15.624911993715353,-155.212217383623
302135.106619,15.624911993715353,-155.212217383623
302150.317465,27.359776859134115,-173.8788661742735
302165.049458,27.40707478718341,-174.1487695160582
466424.074806,888.6152147517696,-200.4171396267427
466436.142124,888.6152147517696,-200.4171396267427
466443.843497,838.6237943458816,-260.600026278585
466455.759761,863.6435684081288,-227.01650120390968
466464.174132,861.3973317278763,-230.3952909138568
466474.277461,861.3973317278763,-230.3952909138568
466484.136053,861.3973317278763,-230.3952909138568
466494.125194,861.3973317278763,-230.3952909138568
466505.3986,861.3973317278763,-230.3952909138568
472160.167221,-73.71838457341875,220.3311944701628
472160.342005,-61.17447620353126,206.36951918698225
472170.347396,-61.17447620353126,206.36951918698225
472179.993854,-68.66746373949962,212.89052118421435
472189.636094,-68.66746373949962,212.89052118421435
472199.931181,-49.05375982046582,152.43658120195124
472209.633431,-49.05375982046582,152.43658120195124
472219.722964,-49.05375982046582,152.43658120195124
472230.328382,-49.05375982046582,152.43658120195124
472240.55427,-50.72744264003955,145.24915148076997
472250.000999,-50.72744264003955,145.24915148076997
472260.213406,-50.72744264003955,145.24915148076997
472272.617884,23.207516656475864,32.90600348279671
472272.625093,23.207516656475864,32.90600348279671
472279.929895,23.207516656475864,32.90600348279671
472289.690348,90.58134057627488,74.23121907375167
472299.95038,61.38275304421914,103.24639583559048
472309.980193,61.38275304421914,103.24639583559048
472319.598118,61.38275304421914,103.24639583559048
472330.292547,61.38275304421914,103.24639583559048
472340.868702,61.38275304421914,103.24639583559048
472350.968159,61.38275304421914,103.24639583559048
472360.687865,61.38275304421914,103.24639583559048
472370.042196,61.38275304421914,103.24639583559048
472380.288203,61.38275304421914,103.24639583559048
472390.053502,61.38275304421914,103.24639583559048
472399.816588,61.38275304421914,103.24639583559048
472409.822795,18.020510556006915,83.03584727713542
472419.824839,18.020510556006915,83.03584727713542
472430.608014,18.693468794256408,83.08805082364023
472439.678497,18.693468794256408,83.08805082364023
472450.541549,17.99976585066263,81.57192649441235
472460.197038,17.778212398694155,81.12986240360831
472470.273811,17.744191082071037,80.97214104610784
472479.824527,17.89770190094068,81.06988386047996
472489.862877,17.8952125362522,81.06210886344684
472500.549106,17.908489147678434,81.0465588697375
472509.904401,17.908489147678434,81.0432267287093
472519.881865,17.87944656028488,80.9577017670183
472529.955525,17.86948910167835,80.93215534951395
472542.658094,17.902680630170234,80.9654767633431
472551.223954,17.902680630170234,80.9654767633431
472559.838352,17.902680630170234,80.9654767633431
472570.208889,17.902680630170234,80.9654767633431
472579.733612,17.902680630170234,80.9654767633431
472589.686656,17.902680630170234,80.9654767633431
472599.73415,17.902680630170234,80.9654767633431
472609.911686,17.902680630170234,80.9654767633431
472619.926621,17.902680630170234,80.9654767633431
472629.945312,14.932038838400034,75.72846125253976
472639.967866,14.932038838400034,75.72846125253976
472653.397577,14.932038838400034,75.72846125253976
472659.824815,14.932038838400034,75.72846125253976
472669.679766,14.932038838400034,75.72846125253976
472684.701159,14.932038838400034,75.72846125253976
472690.21881,14.932038838400034,75.72846125253976
472699.732157,14.932038838400034,75.72846125253976
472709.743891,14.566932026020938,75.13978294658074
472719.827002,14.566932026020938,75.13978294658074
472729.80938,14.566932026020938,75.13978294658074
472740.169702,14.566932026020938,75.13978294658074
472750.412033,14.566932026020938,75.13978294658074
472761.432033,14.566932026020938,75.13978294658074
472770.284506,14.566932026020938,75.13978294658074
472780.444964,14.566932026020938,75.13978294658074
472790.955973,12.862547042781769,70.42702438496582
472800.431144,12.845951278535807,70.39592439913349
472811.2748,12.845951278535807,70.39592439913349
472819.695893,12.950504593093685,70.49477792509899
472829.623487,12.950504593093685,70.49477792509899
472840.083781,12.950504593093685,70.49477792509899
472849.745038,12.950504593093685,70.49477792509899
472861.453468,12.950504593093685,70.49477792509899
472870.940073,51.43193283036717,34.96970955705277
472880.341681,45.57611743262744,45.50149706471886
472890.386289,45.89143695241463,51.26610135363522
472900.458617,46.243267153365856,51.60264761676497
472910.608095,45.28486177085672,50.25757327672577
472919.857684,46.88635301608768,51.34385131495835
472930.070036,46.88303386326798,51.34385131495835
472939.852597,47.02409785898935,52.36570795777218
472949.600496,47.03488510572707,52.4023615117269
472961.012795,47.05397023451401,52.44901148861943
472969.614631,47.06060854030079,52.466782908472624
472980.17438,47.06060854030079,52.466782908472624
472990.42472,47.267225804579645,52.86775056963477
473000.339247,50.081037624498585,55.5001421465431
473009.865907,50.081037624498585,55.5001421465431
473019.84443,50.43203803731824,54.02733571874016
473030.064123,51.78957154882605,53.03324691712591
473039.854281,51.568847884990085,54.29168559110035
473049.904728,51.28920925823609,53.75743227905552
473059.841427,51.28589010541637,53.7341072911218
473069.809268,51.28837946995747,53.738550146354
473080.233379,51.28837946995747,53.75743227905552
473090.786124,51.28837946995747,53.75743227905552
473100.588959,51.28837946995747,53.75743227905552
473110.072894,51.28837946995747,53.75743227905552
473120.166596,51.28837946995747,53.75743227905552
473130.532427,51.27095391758037,53.72522157995253
473139.94379,51.27095391758037,53.72522157995253
473149.873873,51.28423052900656,53.71855729799032
473160.21749,51.28423052900656,53.71855729799032
473169.812294,51.28423052900656,53.71855729799032
473179.916574,51.28423052900656,53.71855729799032
473190.127439,51.28423052900656,53.71855729799032
473199.679573,50.9631024917116,53.07878618084434
473210.172947,50.9631024917116,53.07878618084434
473219.829373,51.12657076903942,53.27538251425676
473229.815187,51.12657076903942,53.27538251425676
473239.583201,51.12657076903942,53.27538251425676
473249.828858,51.12657076903942,53.27538251425676
473259.814854,51.12657076903942,53.27538251425676
473270.234437,50.90916625802311,52.37126152689578
473279.809031,50.90916625802311,52.37126152689578
473289.810134,50.90916625802311,52.37126152689578
473300.120712,50.90916625802311,52.37126152689578
473310.301867,50.90916625802311,52.37126152689578
473321.81362,50.90916625802311,52.37126152689578
473330.348402,50.90916625802311,52.37126152689578
473339.887836,57.090258634147744,55.02919951921381
473350.998241,57.090258634147744,55.02919951921381
473356.347062,168.29847453067944,86.89113487510829
473359.624699,168.29847453067944,86.89113487510829
473369.864694,168.29847453067944,86.89113487510829
473379.826121,285.6189103704692,117.15586530076293
473389.89247,285.6189103704692,117.15586530076293
473400.058689,285.6189103704692,117.15586530076293
473409.966204,462.6002886724033,141.23836358287994
473420.587664,462.6002886724033,141.23836358287994
473430.335624,462.6002886724033,141.23836358287994
473440.329673,462.6002886724033,141.23836358287994
473449.594352,462.6002886724033,141.23836358287994
473460.086891,462.6002886724033,141.23836358287994
473471.022477,462.6002886724033,141.23836358287994
473479.585844,462.6002886724033,141.23836358287994
473491.48196,955.2339312613906,-179.67456839338013
473499.640078,986.7816491428662,-206.9325838178953
473512.854329,986.7816491428662,-206.9325838178953
473520.493007,986.7816491428662,-206.9325838178953
556450.675863,956.629635027335,-144.1583977292413
556458.718606,943.5131728215722,-149.6630933123284
556468.791577,923.6563409996152,-171.92956424589545
556478.879132,896.5662453641115,-191.14157278362288
556488.749241,808.5995675946597,-266.9110986263117
556498.997204,806.36909688984,-233.8973697761068
556508.779341,806.36909688984,-233.8973697761068
556519.201712,806.36909688984,-233.8973697761068
556529.240733,457.19836742824936,154.8579375460621
556539.162964,457.19836742824936,154.8579375460621
556550.296035,457.19836742824936,154.8579375460621
556558.994777,457.19836742824936,154.8579375460621
556569.530313,460.6303714628452,160.40595361070274
556579.441124,460.4917968318836,160.91910344693386
556588.738282,460.4917968318836,160.91910344693386
556600.309899,460.4917968318836,160.91910344693386
556608.97258,460.4917968318836,160.91910344693386
556627.023178,460.4917968318836,160.91910344693386
556628.45188,333.3002004806254,487.9522442812814
556639.581614,333.3002004806254,487.9522442812814
556649.551455,259.8050289511624,543.68012553203
556658.461258,234.29982874511617,611.6980699284214
556708.820669,185.65930345838763,627.629051360243
556719.134164,179.60433889059928,625.2943289632976
556729.230311,178.61938028545754,624.2569213936532
556738.686484,178.61938028545754,624.2569213936532
556749.283705,178.61938028545754,624.2569213936532
556759.232734,176.45031390482467,623.4738675006324
556770.098305,176.45031390482467,623.4738675006324
556780.973846,176.45031390482467,623.4738675006324
556788.44063,177.92733691847428,624.6334536910607
556798.856313,177.92733691847428,624.6334536910607
556808.526715,174.17752399791613,626.5860902121098
556818.849944,174.17752399791613,626.5860902121098
556829.635001,174.17752399791613,626.5860902121098
556840.02036,174.17752399791613,626.5860902121098
556850.03696,174.17752399791613,626.5860902121098
556860.176895,56.26793851798535,503.66885470726487
556871.887311,76.73217535210019,476.6007421520368
556878.730158,76.60853690875699,471.2115554977432
556888.82889,44.406116056609655,450.2179415586917
556898.949474,-0.1078724672302305,424.4060492580315
556909.117515,-57.79723818886785,402.5338618092329
556919.133072,-76.31479188244795,394.4034327854133
556958.58195,-77.6283466188631,218.59070557723416
556968.733189,-72.94087302076841,217.0434809310948
556978.465473,-76.90477129975453,217.95759857811072
556997.445801,-76.90477129975453,217.95759857811072
556999.807623,-76.90477129975453,217.95759857811072
557009.357516,-76.90477129975453,217.95759857811072
557019.123202,-68.38948468915686,214.68543504893933
557043.265794,-68.38948468915686,214.68543504893933
557043.266448,-68.38948468915686,214.68543504893933
557044.440721,-68.38948468915686,214.68543504893933
557056.527137,-68.38948468915686,214.68543504893933
557066.774815,-68.38948468915686,214.68543504893933
557074.673007,-68.38948468915686,214.68543504893933
557084.529545,-68.38948468915686,214.68543504893933
557094.344065,-68.38948468915686,214.68543504893933
557104.729556,-68.38948468915686,214.68543504893933
557114.597278,8.456371647788911,-36.754624369813854
557124.927538,14.098931475641225,-56.57086516564559
557135.496026,14.098931475641225,-56.57086516564559
557145.1101,46.469799334710274,-117.77562180725528
557154.994016,46.469799334710274,-117.77562180725528
557165.438224,46.469799334710274,-117.77562180725528
557176.25321,46.469799334710274,-117.77562180725528
557184.388784,46.469799334710274,-117.77562180725528
557195.0817,46.469799334710274,-117.77562180725528
557204.699754,46.469799334710274,-117.77562180725528
776733.637934,940.7259142302968,-148.7789654540952
776744.20645,895.1780096915395,-185.45583128790423
776753.49241,791.8212500155169,-231.58375408901009
776766.122261,791.8212500155169,-231.58375408901009
776773.653895,791.8212500155169,-231.58375408901009
776784.79079,791.8212500155169,-231.58375408901009
776793.818025,791.8212500155169,-231.58375408901009
776803.746087,791.8212500155169,-231.58375408901009
776813.838905,791.8212500155169,-231.58375408901009
776823.63458,791.8212500155169,-231.58375408901009
776834.063797,791.8212500155169,-231.58375408901009
776844.641074,791.8212500155169,-231.58375408901009
776856.182606,791.8212500155169,-231.58375408901009
776864.972213,791.8212500155169,-231.58375408901009
776873.364405,18.982235091339877,455.45273872671504
776884.389014,18.982235091339877,455.45273872671504
1112952.046453,956.8744225487836,-138.3271523572675
1112962.478252,913.5254567651966,-176.73895303576245
1112972.189772,819.6116869112491,-277.3740167405247
1113362.1163,871.9912377849031,-319.7510547683321
1113372.122231,871.9912377849031,-319.7510547683321
1113386.659527,871.9912377849031,-319.7510547683321
1113401.520046,871.9912377849031,-319.7510547683321
1113408.94903,871.9912377849031,-319.7510547683321
1113408.949617,871.9912377849031,-319.7510547683321
1113410.516856,871.9912377849031,-319.7510547683321
1113422.595846,871.9912377849031,-319.7510547683321
1117619.092917,933.298479979041,503.9809654906311
1117627.791529,933.298479979041,503.9809654906311
1117637.768562,933.298479979041,503.9809654906311
1117652.210217,933.298479979041,503.9809654906311
1117657.473288,829.0297830785875,627.8156514373945
1117668.149992,829.0297830785875,627.8156514373945
1117718.428293,807.4602683842745,593.6656167012401
1117727.758463,766.9118377778017,548.6572376794451
1117738.098464,762.978641668241,546.6790549614637
1117749.301694,755.3545476057706,560.2530983139936
1117757.562797,757.3501882479668,554.9883109875803
1117767.912033,760.2494682495559,547.8253124371672
1117777.467911,760.842766818844,544.323229285554
1117787.492749,761.5148952678546,543.7078933969176
1117797.493414,760.6710006595636,544.4520721802544
1117809.113328,760.6710006595636,544.4520721802544
1117818.426662,760.6710006595636,544.4520721802544
1117827.602295,676.9901789436431,334.906911209077
1117837.90123,681.139119988769,292.65867519886115
1117848.35868,658.9074342917937,267.05671426534707
1117858.713435,662.65558763219,266.92120714237456
1117868.256754,660.944564345159,270.826477992686
1117877.62669,659.3439028897712,272.36481705629546
1117887.777464,659.3439028897712,272.36481705629546
1117897.480923,706.4393624807193,315.219501671537
1117907.964838,706.4393624807193,315.219501671537
1117917.618589,659.864180096872,518.6168510458554
1117927.980978,757.4406351626918,543.1480932378919
1117937.846455,796.3917234690097,566.8873968356202
1117947.480984,796.3917234690097,566.8873968356202
1117957.787485,796.3917234690097,566.8873968356202
1117967.82838,801.4252187426904,564.2305674175159
1117978.521122,801.4252187426904,564.2305674175159
1117988.510245,801.4252187426904,564.2305674175159
1126613.094938,90.49504260237453,-320.9661748910068
1126624.402219,90.49504260237453,-320.9661748910068
1126633.178015,40.96415456165318,-78.10982200903791
1126642.731504,8.227350101902239,-6.401042739474527
1126652.724772,62.570179972756144,52.56563643173748
1126662.780581,168.89841140641184,93.42213207082662
1126672.742403,222.14094210593663,112.15765296918792
1126683.13002,339.8580167022239,146.4253975079572
1126693.220736,402.2199198132753,167.62559420568238
1126703.137303,405.4544342545444,167.31126215951883
1126713.261972,464.52705689487686,191.63034442124885
1126723.526401,624.3940533096071,258.5031049011392
1126732.793953,671.8687261174723,273.67323829954177
1126742.906108,726.0389599754144,284.9836403809716
1126752.735415,824.962991068407,329.45108290179206
1126762.515419,961.2092361477306,409.4402837044603
1128823.802082,449.72861396584926,583.1060522428063
1128833.473602,457.6190700505118,520.9004801814453
1128842.854498,461.9331389518632,413.4510732952079
1128853.713519,505.7011478499501,298.61654599548865
1128863.592738,505.7011478499501,298.61654599548865
1128873.000313,505.7011478499501,298.61654599548865
1128883.004547,505.7011478499501,298.61654599548865
1128893.05354,455.69645076895705,203.35837350790385
1128903.079763,436.12838521092175,190.7617660847489
1128913.015714,436.12838521092175,190.7617660847489
1128923.13429,436.12838521092175,190.7617660847489
1128933.505523,436.12838521092175,190.7617660847489
1128943.460529,436.12838521092175,190.7617660847489
1128952.812759,218.74047002191068,391.4622612171536
1128963.264546,218.74047002191068,391.4622612171536
1128972.797345,218.74047002191068,391.4622612171536
1128984.695822,218.74047002191068,391.4622612171536
1128993.084581,218.74047002191068,391.4622612171536
1129003.087193,218.74047002191068,391.4622612171536
1217391.179007,453.2386180923159,475.1068311727216
1217398.845053,449.2357197694178,417.1619700285826
1217405.596714,517.8583749064745,356.9679177568551
1217413.460246,516.3066709548413,342.54307162979103
1217419.710055,513.9782852391758,308.2208915223028
1217426.440136,526.1828102233161,218.87949122599213
1217433.394359,500.01792840335145,211.1133787492504
1217440.451954,500.01792840335145,211.1133787492504
1217447.402758,500.01792840335145,211.1133787492504
1217454.400406,500.01792840335145,211.1133787492504
1217461.413566,500.01792840335145,211.1133787492504
1217469.50073,500.01792840335145,211.1133787492504
1217475.445263,500.01792840335145,211.1133787492504
1217482.265088,415.8242975102616,209.94268617366015
1217489.925385,415.8242975102616,209.94268617366015
1217497.480985,326.8344907501957,284.21946904727554
1217503.572797,326.8344907501957,284.21946904727554
1217510.888633,326.8344907501957,284.21946904727554
1217519.552913,216.30172247309625,433.4006144751285
1217525.362439,186.74964516620335,444.0779121749175
1217533.207927,186.74964516620335,444.0779121749175
1217538.713995,169.19132664457337,455.9159066509862
1217547.197999,181.56346885429085,454.4908600153285
1217552.67493,181.56346885429085,454.4908600153285
1217559.684018,187.3205394545351,464.4861793899765
1217568.291931,189.33443544002824,465.3303223816414
1217573.747859,189.33443544002824,465.3303223816414
1217580.599591,189.33443544002824,465.3303223816414
1217588.336025,189.33609501643795,465.2203616507985
1217594.757212,189.33609501643795,465.2203616507985
1217601.182179,186.26089991052072,463.15443274981794
1217608.238293,186.25841054583248,463.1555434646616
1217615.206934,186.25841054583248,463.1555434646616
1217622.250917,179.689807076216,462.8112219809757
1217629.489116,179.689807076216,462.8112219809757
1217637.154284,179.689807076216,462.8112219809757
1217643.54761,179.689807076216,462.8112219809757
1217650.506749,179.689807076216,462.8112219809757
1217657.461424,179.689807076216,462.8112219809757
1287717.739345,868.0240203604496,-334.92339543110177
1287726.353521,868.0240203604496,-334.92339543110177
1287732.99069,868.0240203604496,-334.92339543110177
1287738.799178,821.8147746050124,-261.8640178944795
1287746.957439,831.5755733024546,-281.9201657142855
1287753.704328,831.4262114249378,-282.6643435302774
1287760.083028,831.4262114249378,-282.6643435302774
1287767.275596,829.4762091347352,-282.7654184276154
1287775.182121,810.8756766510252,-284.7880270841171
1287780.750621,761.5273420909847,-337.7434958988756
1296062.433756,727.3525147101376,-344.14564595042884
1296067.976245,765.6439213948435,-302.8804333842569
1296074.840638,792.8626342175007,-274.6272230734124
1296083.707232,792.8626342175007,-274.6272230734124
1296089.160926,792.8626342175007,-274.6272230734124
1296097.250197,837.2961332121894,-250.45921472004383
1296102.816506,919.9994643659792,-167.7577248861877
1300862.465874,949.609626786776,-122.58278958224632
1300869.705758,949.609626786776,-122.58278958224632
1300876.06016,949.609626786776,-122.58278958224632
1300883.071844,822.1143281483353,-263.5567447986118
1300891.238289,779.9195977380663,-302.8304512933132
1300897.025062,779.9195977380663,-302.8304512933132
1414250.437596,456.302196161931,601.5694624751677
1414258.909791,452.14827638495456,558.1116405105297
1414264.647757,452.14827638495456,558.1116405105297
1414271.849847,452.14827638495456,558.1116405105297
1414278.768505,452.14827638495456,558.1116405105297
1414285.314547,509.5206629780395,328.4758758115516
1414296.944814,509.5206629780395,328.4758758115516
1414299.629223,509.5206629780395,328.4758758115516
1414307.2254,509.5206629780395,328.4758758115516
1414313.413295,509.5206629780395,328.4758758115516
1414320.598961,444.283543734611,181.25294373400203
1414327.560844,444.283543734611,181.25294373400203
1414336.042914,444.283543734611,181.25294373400203
1414341.586906,444.283543734611,181.25294373400203
1414348.990265,444.283543734611,181.25294373400203
1414355.649464,444.283543734611,181.25294373400203
1414364.824191,444.283543734611,181.25294373400203
1414369.704769,444.283543734611,181.25294373400203
1414376.620352,444.283543734611,181.25294373400203
1414384.162871,444.283543734611,181.25294373400203
1414390.405674,444.283543734611,181.25294373400203
1414397.724545,444.283543734611,181.25294373400203
1414405.206806,444.283543734611,181.25294373400203
1414411.569707,444.283543734611,181.25294373400203
1414418.640496,444.283543734611,181.25294373400203
1414428.470498,444.283543734611,181.25294373400203
1414433.267545,444.283543734611,181.25294373400203
1414439.946981,444.283543734611,181.25294373400203
1414452.616695,444.283543734611,181.25294373400203
1414453.374392,-12.586227568845771,3.1277696493902964
1414460.426322,-9.893564827420384,-15.999829944788248
1414467.40716,41.56575101383471,-115.83742684361994
1414474.386426,41.56575101383471,-115.83742684361994
1414481.994427,41.56575101383471,-115.83742684361994
1414488.665032,41.56575101383471,-115.83742684361994
1414495.617194,41.56575101383471,-115.83742684361994
1414503.493186,41.56575101383471,-115.83742684361994
1414510.062392,78.5867520013628,-294.8499774614757
1414516.322606,78.5867520013628,-294.8499774614757
1414523.648757,78.5867520013628,-294.8499774614757
1414530.646426,78.5867520013628,-294.8499774614757
1414538.147229,78.5867520013628,-294.8499774614757
1415063.302822,-11.24114088047737,24.041397435926463
1415069.701238,-11.24114088047737,24.041397435926463
1415077.042458,-11.24114088047737,24.041397435926463
1415084.238865,-11.24114088047737,24.041397435926463
1415091.459181,-11.24114088047737,24.041397435926463
1415097.544416,-11.24114088047737,24.041397435926463
1415104.410815,-11.24114088047737,24.041397435926463
1415111.659011,-11.24114088047737,24.041397435926463
1415120.580431,-11.24114088047737,24.041397435926463
1415125.359269,304.09082570868213,135.03835863349653
1415132.661343,304.09082570868213,135.03835863349653
1415139.592955,452.51421298528186,176.78232002776264
1415146.633554,452.51421298528186,176.78232002776264
1415155.233653,449.8364864330263,178.85491228126213
1415160.466216,448.6308041645651,177.39876627634723
1415167.355993,448.6308041645651,177.39876627634723
1415175.316538,442.2771158439736,177.48429125193255
1415183.443003,442.2771158439736,177.48429125193255
1415188.576631,442.2771158439736,177.48429125193255
1415196.138284,442.2771158439736,177.48429125193255
1415202.548288,442.2771158439736,177.48429125193255
1415210.070352,442.2771158439736,177.48429125193255
1415219.990368,652.5811289856615,255.56526610582972
1415223.412504,694.0298798156351,270.04453524990845
1415231.468383,708.5569819899042,276.9887199856188
1415238.884388,768.8618400683384,305.72067388520003
1415244.55061,815.207171099924,329.3300150514267
1415257.131463,815.207171099924,329.3300150514267
1415258.607593,815.207171099924,329.3300150514267
1415265.709819,815.207171099924,329.3300150514267
1427073.762658,742.9301287551884,-328.7656021631745
1427073.766357,805.063010249415,-286.1153293003708
1427080.736304,890.8158130803554,-218.91162653301623
1427085.940339,934.560587843612,-163.93909235026857
1427092.998507,934.560587843612,-163.93909235026857
1427112.162476,934.560587843612,-163.93909235026857
1427112.16614,934.560587843612,-163.93909235026857
1427114.965127,934.560587843612,-163.93909235026857
1427118.292141,934.560587843612,-163.93909235026857
1427118.292705,934.560587843612,-163.93909235026857
1507309.372881,845.304419212684,-220.195611070152
1507316.371321,846.1026754691331,-224.74398187963016
1507324.045177,846.1026754691331,-224.74398187963016
1507334.565022,846.1026754691331,-224.74398187963016
1507339.093773,846.1026754691331,-224.74398187963016
1507344.854535,846.1026754691331,-224.74398187963016
1507351.583622,846.1026754691331,-224.74398187963016
1507358.566332,846.1026754691331,-224.74398187963016
1507366.118226,846.1026754691331,-224.74398187963016
1511302.978975,748.5212417062256,-314.9294492163885
1511310.218437,781.628961448113,-287.11830327580566
1511317.877611,781.628961448113,-287.11830327580566
1511326.397028,905.6881071379628,-180.6575496956059
1511330.981379,905.6881071379628,-180.6575496956059
1511340.080707,905.6881071379628,-180.6575496956059
1512142.884287,985.675541461644,467.7561227781287
1512142.884947,985.675541461644,467.7561227781287
1512147.165449,891.164324127806,507.2064804988363
1512157.148826,910.1200059583724,502.28046154411146
1512161.769554,910.1200059583724,502.28046154411146
1512168.58739,910.1200059583724,502.28046154411146
1512175.51394,910.1200059583724,502.28046154411146
1512182.766159,910.1200059583724,502.28046154411146
1512189.539317,910.1200059583724,502.28046154411146
1512196.427847,910.1200059583724,502.28046154411146
1515718.923566,466.71188925063217,636.3559371955189
1515728.470787,454.8135561140553,591.9062446376596
1515734.074796,458.66045425342577,564.1117209513466
1515738.611909,458.22149629066536,524.458098931222
1515745.61108,451.4678500531266,418.0449879612829
1515752.519464,451.4678500531266,418.0449879612829
1515765.720705,513.2787737785252,350.83122141600626
1515766.515096,513.2787737785252,350.83122141600626
1515776.862376,526.6018532691,260.9255723642074
1515781.050311,526.6018532691,260.9255723642074
1515787.874024,526.6018532691,260.9255723642074
1515799.192341,526.6018532691,260.9255723642074
1515801.755909,526.6018532691,260.9255723642074
1515809.6449,526.6018532691,260.9255723642074
1515815.822187,526.6018532691,260.9255723642074
1515823.350563,526.6018532691,260.9255723642074
1515830.009655,526.6018532691,260.9255723642074
1515844.570094,526.6018532691,260.9255723642074
1515844.573771,526.6018532691,260.9255723642074
1515850.609905,407.6608411038948,184.310739294728
1515857.554415,407.6608411038948,184.310739294728
1515864.619682,407.6608411038948,184.310739294728
1515873.319817,407.6608411038948,184.310739294728
1515881.782251,407.6608411038948,184.310739294728
1515885.981708,407.6608411038948,184.310739294728
1515892.528939,211.80095122265564,104.2760275589338
1515900.075881,212.22414320977555,101.91464995363538
1515908.608844,200.00136287816923,88.74158407342833
1515913.843554,178.1480605822945,99.87760079312712
1515920.911726,154.54058601027666,91.70052565985392
1515928.468581,154.54058601027666,91.70052565985392
1515934.852763,154.54058601027666,91.70052565985392
1515942.702317,80.14011553039757,83.83333978294066
1515948.899225,73.1989371540453,79.48156313817451
1515955.913632,73.1989371540453,79.48156313817451
1515963.524244,73.1989371540453,79.48156313817451
1515969.843212,73.1989371540453,79.48156313817451
1515976.79438,73.1989371540453,79.48156313817451
1515984.508247,73.1989371540453,79.48156313817451
1515990.824233,73.1989371540453,79.48156313817451
1515997.664777,45.5852451029553,89.3824659394657
1516007.760828,45.5852451029553,89.3824659394657
1516013.0723,37.00523501185689,67.01713310678043
1516013.08012,37.00523501185689,67.01713310678043
1516018.609294,37.00523501185689,67.01713310678043
1516025.625858,25.403136260125397,48.30827066915821
1516032.654295,20.608619982872845,47.21754978203846
1516048.361809,21.737131948354,46.99429632078366
1516048.365618,21.693153173271767,48.34714564869952
1516053.610031,21.693153173271767,48.34714564869952
1516064.077522,21.93379175417458,50.0587555193697
1516067.619933,21.93379175417458,50.0587555193697
1516074.811202,21.93379175417458,50.0587555193697
1516082.001888,48.78739780513782,11.39925430561445
1516088.654625,48.78739780513782,11.39925430561445
1516095.955198,48.78739780513782,11.39925430561445
1516102.777397,48.78739780513782,11.39925430561445
1516110.932022,25.680285522192268,47.60963172953937
1516118.675595,25.680285522192268,47.60963172953937
1516123.524592,25.680285522192268,47.60963172953937
1516130.576318,25.46620016399461,46.09017534277093
1516138.304388,25.46620016399461,46.09017534277093
1516151.839708,25.46620016399461,46.09017534277093
1516152.208765,25.46620016399461,46.09017534277093
1516159.597909,25.46620016399461,46.09017534277093
1516165.866303,26.05369021662023,46.1301610368642
1516173.015172,26.05369021662023,46.1301610368642
1516183.068738,26.09683920357119,46.07795749137453
1516186.830004,26.09683920357119,46.07795749137453
1516194.840813,25.93171134983272,46.13904674729125
1516200.888062,25.93171134983272,46.13904674729125
1516207.855215,28.72062952346768,47.98172083058578
1516222.830317,28.72062952346768,47.98172083058578
1516222.834054,28.72062952346768,47.98172083058578
1516226.002709,28.72062952346768,47.98172083058578
1516228.833435,28.72062952346768,47.98172083058578
1516237.138132,28.72062952346768,47.98172083058578
1516242.910589,28.72062952346768,47.98172083058578
1516253.309099,28.72062952346768,47.98172083058578
1516256.557008,384.42926059831547,163.4626383573286
1516263.654804,433.60831841846624,175.61051680082304
1516271.15766,433.60831841846624,175.61051680082304
1516277.910848,433.60831841846624,175.61051680082304
1516290.509971,433.60831841846624,175.61051680082304
1516292.198001,433.60831841846624,175.61051680082304
1516300.469251,624.6496280779529,252.2042452532766
1516305.740253,655.9965372543221,257.3002015281872
1516312.869519,681.7349079227625,264.5820432156645
1516327.272407,681.7349079227625,264.5820432156645
1516327.276092,707.0376397793464,293.9915321954301
1516333.687716,724.1652981997672,296.9826854486316
1516341.426174,741.6074463502239,292.8252823227177
1516347.69724,772.1809929033834,307.9065594060549
1516361.967026,879.4452252609967,352.6283570994972
1516361.970746,879.4452252609967,352.6283570994972
1516368.609277,879.4452252609967,352.6283570994972
1516375.665528,879.4452252609967,352.6283570994972
1586550.410273,838.6752412147928,-242.14996911499836
1586556.454098,838.6752412147928,-242.14996911499836
1586566.412763,838.6752412147928,-242.14996911499836
1586570.720571,838.6752412147928,-242.14996911499836
1586577.644965,838.6752412147928,-242.14996911499836
1586592.690617,838.6752412147928,-242.14996911499836
1586592.702304,838.6752412147928,-242.14996911499836
1586601.41901,838.6752412147928,-242.14996911499836
1586605.693476,838.6752412147928,-242.14996911499836
1586612.660634,838.6752412147928,-242.14996911499836
1586619.420193,838.6752412147928,-242.14996911499836
1586629.412726,838.6752412147928,-242.14996911499836
1586633.456145,838.6752412147928,-242.14996911499836
1586641.653116,838.6752412147928,-242.14996911499836
1586648.608077,440.7386885033378,172.3727856221128
1586654.476917,415.0534242634184,210.45805747852623
1586666.695288,415.0534242634184,210.45805747852623
1586670.759632,415.0534242634184,210.45805747852623
1586675.452448,415.0534242634184,210.45805747852623
1586683.113764,415.0534242634184,210.45805747852623
1586689.682534,415.0534242634184,210.45805747852623
1586696.777192,341.72089123303346,289.8663398004553
1586704.215809,341.72089123303346,289.8663398004553
1586710.450058,341.72089123303346,289.8663398004553
1586721.757668,341.72089123303346,289.8663398004553
1586724.539137,341.72089123303346,289.8663398004553
1586731.753998,341.72089123303346,289.8663398004553
1586744.196698,341.72089123303346,289.8663398004553
1586745.65129,238.4844506874216,264.72532533484093
1586753.083541,238.4844506874216,264.72532533484093
1586759.748702,238.4844506874216,264.72532533484093
1586766.755749,238.4844506874216,264.72532533484093
1586774.33666,238.4844506874216,264.72532533484093
1586780.71589,238.4844506874216,264.72532533484093
1586787.708898,238.4844506874216,264.72532533484093
1586795.275316,238.4844506874216,264.72532533484093
1586805.321378,238.4844506874216,264.72532533484093
1586808.448498,238.4844506874216,264.72532533484093
1586816.287688,238.4844506874216,264.72532533484093
1586822.701271,238.4844506874216,264.72532533484093
1586829.817907,238.4844506874216,264.72532533484093
1586837.939463,238.4844506874216,264.72532533484093
1586843.870131,238.4844506874216,264.72532533484093
1586850.71566,238.4844506874216,264.72532533484093
1586857.921904,237.6554922657284,191.9113550588556
1586864.438224,237.6554922657284,191.9113550588556
1586877.117062,237.6554922657284,191.9113550588556
1586879.794228,237.6554922657284,191.9113550588556
1586885.49132,237.6554922657284,191.9113550588556
1586897.519635,237.6554922657284,191.9113550588556
1586900.627612,237.6554922657284,191.9113550588556
1586906.504345,237.6554922657284,191.9113550588556
1586913.697463,237.6554922657284,191.9113550588556
1586920.650087,237.6554922657284,191.9113550588556
1586927.412265,237.6554922657284,191.9113550588556
1586935.081981,237.6554922657284,191.9113550588556
1586938.169459,237.6554922657284,191.9113550588556
1586942.654587,237.6554922657284,191.9113550588556
1586942.655175,237.6554922657284,191.9113550588556
1586945.402916,237.6554922657284,191.9113550588556
1586946.153079,237.6554922657284,191.9113550588556
1586946.153697,237.6554922657284,191.9113550588556
1586947.923713,237.6554922657284,191.9113550588556
1586947.924266,237.6554922657284,191.9113550588556
1586949.482841,237.6554922657284,191.9113550588556
1586956.79464,237.6554922657284,191.9113550588556
1586963.607481,237.6554922657284,191.9113550588556
1586971.09499,237.6554922657284,191.9113550588556
1586983.704611,237.6554922657284,191.9113550588556
1586985.14923,26.238732987571733,61.45690000803208
1586991.570363,26.238732987571733,61.45690000803208
1586999.300425,25.968222030996888,61.5235428332394
1586999.530396,25.968222030996888,61.5235428332394
1587005.733446,25.968222030996888,61.5235428332394
1587012.538066,25.968222030996888,61.5235428332394
1587020.253115,25.968222030996888,61.5235428332394
1587027.564448,25.968222030996888,61.5235428332394
1587033.778846,25.968222030996888,61.5235428332394
1587040.80607,25.968222030996888,61.5235428332394
1587048.326197,25.968222030996888,61.5235428332394
1587055.123622,25.968222030996888,61.5235428332394
1587061.687319,25.968222030996888,61.5235428332394
1587070.137618,25.968222030996888,61.5235428332394
1587075.690557,25.968222030996888,61.5235428332394
1587087.039094,25.968222030996888,61.5235428332394
1587092.788556,25.968222030996888,61.5235428332394
1587096.743443,25.968222030996888,61.5235428332394
1587105.199743,25.968222030996888,61.5235428332394
1587110.542776,27.28592570852714,56.8329986476609
1587119.936967,27.3000321080846,56.83855221573658
1587127.888147,27.3000321080846,56.83855221573658
1587131.681964,27.29754274339612,56.82966650596595
1587138.734643,27.29754274339612,56.82966650596595
1587147.084559,27.29754274339612,56.82966650596595
1587154.386441,27.29754274339612,56.82966650596595
1587159.738478,27.29754274339612,56.82966650596595
1587167.050081,27.29754274339612,56.82966650596595
1587173.689041,27.29754274339612,56.82966650596595
1587181.384943,27.29754274339612,56.82966650596595
1587200.982018,27.29754274339612,56.82966650596595
1587200.989363,27.29754274339612,56.82966650596595
1587201.734231,27.29754274339612,56.82966650596595
1587214.059047,27.29754274339612,56.82966650596595
1587215.790578,27.64605379167621,56.62529517525469
1587222.546353,27.64605379167621,56.62529517525469
1587229.538122,27.64605379167621,56.62529517525469
1587236.546734,27.64605379167621,56.62529517525469
1587244.419064,27.64605379167621,56.62529517525469
1587250.729009,27.64605379167621,56.62529517525469
1587258.559736,27.64605379167621,56.62529517525469
1587265.895734,27.65767082654517,56.6186308922203
1587271.666057,27.65601125013532,56.61640946513197
1587278.50062,27.65601125013532,56.61640946513197
1587286.688834,27.65601125013532,56.61640946513197
1587292.750873,27.65601125013532,56.61640946513197
1587300.170174,27.65601125013532,56.61640946513197
1587309.228409,27.65601125013532,56.61640946513197
1587313.680924,27.65601125013532,56.61640946513197
1587320.675947,27.65601125013532,56.61640946513197
1587327.744658,27.65601125013532,56.61640946513197
1587336.019585,27.65601125013532,56.61640946513197
1587343.194385,27.642734638709094,56.57420234337338
1587348.749645,27.646883579807422,56.56975948743078
1587356.166132,27.64605379167621,56.56753806140078
1587362.539496,27.636926121348317,56.55865235057182
1587369.674354,27.636926121348317,56.55865235057182
1587377.649241,27.636926121348317,56.55865235057182
1587383.743835,27.636926121348317,56.55865235057182
1587390.67177,27.636926121348317,56.55865235057182
1587397.824268,27.636926121348317,56.55865235057182
1587408.548246,27.636926121348317,56.55865235057182
1587411.831798,27.636926121348317,56.55865235057182
1587419.488836,27.728202824332424,56.52088808370095
1587431.746781,27.728202824332424,56.52088808370095
1587433.489264,27.728202824332424,56.52088808370095
1587439.725191,27.728202824332424,56.52088808370095
1587446.960675,27.728202824332424,56.52088808370095
1587453.492156,27.73733049466029,56.52088808370095
1587461.664443,27.73733049466029,56.52088808370095
1587469.252812,27.755585835316083,56.51422380102005
1587474.755419,27.755585835316083,56.51422380102005
1587481.677525,27.754756047184856,56.5153345145656
1587489.093957,27.74728795326682,56.52422022504177
1587502.286986,27.74728795326682,56.52422022504177
1587502.691149,27.74728795326682,56.52422022504177
1587511.516714,27.74728795326682,56.52422022504177
1587516.671108,27.74728795326682,56.52422022504177
1587523.729717,27.74728795326682,56.52422022504177
1587530.674273,27.74728795326682,56.52422022504177
1587538.254856,27.965522252415344,56.272088203122536
1587545.088326,27.965522252415344,56.272088203122536
1587552.091936,27.965522252415344,56.272088203122536
1587558.730064,27.965522252415344,56.272088203122536
1587565.669622,27.965522252415344,56.272088203122536
1587580.795704,27.965522252415344,56.272088203122536
1587580.799419,27.965522252415344,56.272088203122536
1587586.724059,27.965522252415344,56.272088203122536
1587593.732428,27.965522252415344,56.272088203122536
1587600.669905,27.965522252415344,56.272088203122536
1587607.518177,28.001203145448287,56.236545362639305
1587614.542059,28.001203145448287,56.236545362639305
1587621.741867,28.001203145448287,56.236545362639305
1587628.692895,28.001203145448287,56.236545362639305
1587635.676335,28.001203145448287,56.236545362639305
1587644.112603,28.029415944563183,56.21322037503068
1587651.667272,28.029415944563183,56.21322037503068
1587656.677701,28.054309590858377,56.20655609164421
1587664.062823,28.054309590858377,56.20655609164421
1587671.697555,28.054309590858377,56.20655609164421
1587677.732318,28.065926625874734,56.21210966219345
1587689.587868,28.065926625874734,56.21210966219345
1587696.806245,28.065926625874734,56.21210966219345
1587699.432199,41.67279369293326,50.45861246436449
1587707.27285,41.67279369293326,50.45861246436449
1587714.098376,40.92930345675154,45.30379002069199
1587721.673748,27.909096654185557,55.55123497945365
1587726.689014,27.909096654185557,55.55123497945365
1587733.484689,30.53454655049123,55.44127431953448
1587740.532892,30.53454655049123,55.44127431953448
1587747.594093,30.53454655049123,55.44127431953448
1587757.061241,30.53454655049123,55.44127431953448
1587761.723387,32.93595363013932,54.70487110551361
1587769.026312,32.9185280777622,54.61268186339538
1587775.769084,32.9185280777622,54.61268186339538
1587783.644609,32.901102525385035,54.58602473305493
1587790.21071,32.901102525385035,54.58602473305493
1587797.542809,32.837208833237256,54.67599254631821
1587804.814573,32.9484004532869,54.58047116463064
1587810.787077,32.9484004532869,54.58047116463064
1587817.767202,32.9484004532869,54.58047116463064
1587825.682917,32.9484004532869,54.58047116463064
1587831.787544,32.9484004532869,54.58047116463064
1587839.141586,32.9484004532869,54.58047116463064
1587845.733776,32.9484004532869,54.58047116463064
1587853.245191,33.65206085533848,54.669328264350455
1587862.087004,33.64459276142045,54.66155326848922
1587866.970557,33.6462523378303,54.66044255459158
1587874.176809,33.6462523378303,54.66044255459158
1587880.74621,33.6462523378303,54.66044255459158
1587887.732632,33.6462523378303,54.66044255459158
1587895.275133,33.6462523378303,54.66044255459158
1587901.799193,33.6462523378303,54.66044255459158
1587908.810822,33.6462523378303,54.66044255459158
1587917.204796,33.6462523378303,54.66044255459158
1587922.86463,33.6462523378303,54.66044255459158
1587929.765772,33.6462523378303,54.66044255459158
1587936.735247,28.88077864797653,54.358328416409854
1587943.755075,28.88077864797653,54.358328416409854
1587951.372377,28.88077864797653,54.358328416409854
1587959.076752,28.88077864797653,54.358328416409854
1587964.771238,28.88077864797653,54.358328416409854
1587972.416957,28.949651069501314,53.90404649427335
1587978.785851,28.94467234027176,53.88960721468189
1587989.312726,28.94467234027176,53.88960721468189
1587994.938903,28.94467234027176,53.88960721468189
1587999.537812,28.96790641015709,53.82296439009591
1588006.443837,28.96707662187847,53.82296439009591
1588013.994144,28.96707662187847,53.82296439009591
1588020.689966,28.96707662187847,53.82296439009591
1588027.914822,28.96707662187847,53.82296439009591
1588034.763124,33.505188342255934,32.874903498638645
1588041.788837,33.505188342255934,32.874903498638645
1588049.232736,23.921964305266144,46.1657038760995
1588056.854702,23.921964305266144,46.1657038760995
1588062.750328,23.921964305266144,46.1657038760995
1588072.403943,43.60951937501841,41.18193138116335
1588076.720627,63.468010815933226,62.495417372929246
1588083.915632,68.15465462576466,63.277359860644296
1588091.216568,80.78818012234213,64.89233767232435
1588091.671161,80.78818012234213,64.89233767232435
1588097.681145,80.78818012234213,64.89233767232435
1588108.402766,181.0398724938544,103.04202448998876
1588111.478913,181.0398724938544,103.04202448998876
1588118.529725,181.0398724938544,103.04202448998876
1588126.403014,181.0398724938544,103.04202448998876
1588132.716681,319.309141476007,120.11813916200737
1588144.127364,319.33237554588663,119.91932138143638
1588147.337852,319.33154575760835,120.82677460637416
1588153.96252,319.33154575760835,120.82677460637416
1588160.706957,319.33154575760835,120.82677460637416
1588168.808987,441.0000717894607,170.87665392935358
1588175.06807,440.9519440733029,170.12692201388438
1588181.71521,441.455625516476,169.99807919614733
1588189.56884,444.299309710718,170.2468791192102
1588195.836693,444.299309710718,170.2468791192102
1588202.735259,444.299309710718,170.2468791192102
1588214.979282,444.299309710718,170.2468791192102
1588216.934746,630.5203796578593,240.28850458646997
1588225.085188,630.5203796578593,240.28850458646997
1588230.796306,629.2001866170773,235.51021266975312
1588238.276228,628.9097607438673,234.74715210935625
1588251.625428,628.9097607438673,234.74715210935625
1588252.407415,639.9783056656996,250.19052060847108
1588258.59295,694.024071298134,277.8006520181566
1588266.510261,712.1881351922592,300.5536315158487
1588272.714156,712.1881351922592,300.5536315158487
1588282.718191,640.9748813047794,453.3701491425962
1588286.467885,640.9748813047794,453.3701491425962
1588293.453781,774.1127398534,538.3709097587674
1588301.433444,805.8994367638024,550.4488203481651
1588309.250097,821.2306037061784,551.740581444855
1588314.79707,821.5094125441915,552.9801389567267
1588322.230634,821.5094125441915,552.9801389567267
1588328.669233,821.5094125441915,552.9801389567267
1588336.273646,821.5094125441915,552.9801389567267
1588342.892527,821.5094125441915,552.9801389567267
1588349.689154,829.628890165214,594.0421489800632
1588363.010366,829.628890165214,594.0421489800632
1588363.803035,829.628890165214,594.0421489800632
1594012.369154,-10.641204004703352,-1.754927566361733
1594019.126087,-10.641204004703352,-1.754927566361733
1594026.493979,-10.641204004703352,-1.754927566361733
1594033.256367,-10.641204004703352,-1.754927566361733
1594040.706333,-10.641204004703352,-1.754927566361733
1594049.691865,39.696238176716165,-125.54728373850172
1594053.935704,39.696238176716165,-125.54728373850172
1594061.306392,39.24898233153481,-116.22617655008996
1594068.354591,39.24898233153481,-116.22617655008996
1594075.875719,39.24898233153481,-116.22617655008996
1594091.155692,39.24898233153481,-116.22617655008996
1594091.159403,39.24898233153481,-116.22617655008996
1594095.942502,39.24898233153481,-116.22617655008996
1594103.914022,30.376886790670877,-124.78755574994256
1594113.442123,30.376886790670877,-124.78755574994256
1594117.515615,30.376886790670877,-124.78755574994256
1594125.611189,30.376886790670877,-124.78755574994256
1594131.252825,30.376886790670877,-124.78755574994256
1594137.958177,30.376886790670877,-124.78755574994256
1594149.495456,54.00344649297202,-203.44827621949884
1594152.098433,59.21451645156946,-214.30327716495052
1594158.899077,59.21451645156946,-214.30327716495052
1594165.926828,59.21451645156946,-214.30327716495052
1594175.52147,59.21451645156946,-214.30327716495052
1594181.63958,59.21451645156946,-214.30327716495052
1594187.198914,59.21451645156946,-214.30327716495052
1594194.616025,59.21451645156946,-214.30327716495052
1594201.57083,59.21451645156946,-214.30327716495052
1594208.237645,59.21451645156946,-214.30327716495052
1594215.543305,59.21451645156946,-214.30327716495052
1594224.710035,59.21451645156946,-214.30327716495052
1670903.29595,-79.70862566118855,276.38671292464414
1670910.63601,-69.03257055187467,238.11594786732184
1670913.996072,-60.55130525772994,204.66790532324492
1670921.895103,-60.55130525772994,204.66790532324492
1670929.100023,-15.633209875764626,80.991023180494
1670935.029653,-15.633209875764626,80.991023180494
1670943.695809,-15.633209875764626,80.991023180494
1670948.994612,-15.633209875764626,80.991023180494
1670958.596881,117.81996835604106,74.81989737766142
1670963.185157,117.81996835604106,74.81989737766142
1670974.858403,117.81996835604106,74.81989737766142
1670978.037274,212.1552707884056,124.13559121152907
1670983.989718,212.1552707884056,124.13559121152907
1670990.929657,212.1552707884056,124.13559121152907
1670998.235076,212.1552707884056,124.13559121152907
1671005.371081,212.1552707884056,124.13559121152907
1671012.317479,212.1552707884056,124.13559121152907
1671019.761203,212.1552707884056,124.13559121152907
1671026.546184,212.1552707884056,124.13559121152907
1671034.109985,212.1552707884056,124.13559121152907
1671040.203446,212.1552707884056,124.13559121152907
1671047.323129,212.1552707884056,124.13559121152907
1671055.213904,212.1552707884056,124.13559121152907
1671061.151073,212.1552707884056,124.13559121152907
1671067.933346,212.1552707884056,124.13559121152907
1671078.518888,212.1552707884056,124.13559121152907
1671082.653504,212.1552707884056,124.13559121152907
1671089.180308,212.1552707884056,124.13559121152907
1671098.054747,212.1552707884056,124.13559121152907
1671102.984564,212.1552707884056,124.13559121152907
1671109.986038,212.1552707884056,124.13559121152907
1671117.054308,212.1552707884056,124.13559121152907
1671125.013279,212.1552707884056,124.13559121152907
1671131.874329,212.1552707884056,124.13559121152907
1671138.120005,212.1552707884056,124.13559121152907
1671146.268172,212.1552707884056,124.13559121152907
1671152.286572,212.1552707884056,124.13559121152907
1672646.562662,949.5183500838472,487.68678351443
1672654.407705,949.5183500838472,487.68678351443
1672661.080771,949.5183500838472,487.68678351443
1672667.996828,949.5183500838472,487.68678351443
1672675.444397,949.5183500838472,487.68678351443
1672686.17184,850.2101271012966,595.6415781362635
1674424.73922,-65.73914114643226,223.3445616580217
1674426.395658,-58.8651756151605,195.65779334735367
1674433.817895,-54.58761739277464,168.62745818383746
1674444.060649,-56.45381107691957,168.23870830444625
1674447.677111,-56.45381107691957,168.23870830444625
1674455.037647,-56.45381107691957,168.23870830444625
1674463.350411,-56.45381107691957,168.23870830444625
1674468.631783,-56.45381107691957,168.23870830444625
1674477.874043,-56.45381107691957,168.23870830444625
1674482.429233,-56.45381107691957,168.23870830444625
1674489.661192,-56.45381107691957,168.23870830444625
1674497.080714,172.10969177871118,97.00085199162892
1674503.578363,172.10969177871118,97.00085199162892
1674514.676044,273.4907258958635,129.12158578494984
1674517.279204,273.4907258958635,129.12158578494984
1674524.594971,273.4907258958635,129.12158578494984
1674531.537484,273.4907258958635,129.12158578494984
1674539.256846,273.4907258958635,129.12158578494984
1674551.511049,273.4907258958635,129.12158578494984
1674553.873347,273.4907258958635,129.12158578494984
1674559.437088,273.4907258958635,129.12158578494984
1674566.619043,273.4907258958635,129.12158578494984
1674585.769286,273.4907258958635,129.12158578494984
1674585.773022,273.4907258958635,129.12158578494984
1674588.756868,273.4907258958635,129.12158578494984
1674601.59462,452.79468140017576,152.34883480206523
1674601.598684,452.79468140017576,152.34883480206523
1674609.833544,452.79468140017576,152.34883480206523
1674615.272306,452.79468140017576,152.34883480206523
1674622.601511,452.79468140017576,152.34883480206523
1674630.809049,452.79468140017576,152.34883480206523
1674636.305099,452.79468140017576,152.34883480206523
1674644.253849,804.9302441361017,-244.5768775146173
1674652.39641,801.0020267563415,-239.78970350195675
1674657.330117,800.4933665843558,-239.6342036485237
1674665.681628,805.0472442734733,-241.243627120172
1674671.503338,811.1810387117124,-243.2584609166965
1674678.292155,812.4763381053847,-244.18368503221265
1674692.359888,812.7103383802677,-244.91564504713617
1674692.57509,812.7103383802677,-244.91564504713617
1674699.356176,841.7437980098459,-224.64846054050528
1674706.733042,841.7437980098459,-224.64846054050528
1674713.656709,841.7437980098459,-224.64846054050528
1674727.513775,963.5343027067776,-168.94729889188474
1675142.076568,963.5343027067776,-168.94729889188474
1675142.077323,963.5343027067776,-168.94729889188474
1760966.905076,939.1650826108688,-161.94536185673593
1760974.771401,939.1650826108688,-161.94536185673593
1760980.674371,814.6354470242012,-272.8256463067407
1767043.235191,50.83863426023617,-132.66029251593764
1767050.99659,50.83863426023617,-132.66029251593764
1767057.504747,40.38745175561932,-120.14810572360236
1767065.033174,42.079389915852,-122.1918184512437
1767071.504897,42.079389915852,-122.1918184512437
1767078.47924,38.26900245569624,-119.64828467409194
1767085.479185,37.78772529389176,-117.34466499237789
1767093.923854,37.78772529389176,-117.34466499237789
1767099.615664,37.78772529389176,-117.34466499237789
1767107.27993,37.78772529389176,-117.34466499237789
1767113.427383,37.78772529389176,-117.34466499237789
1767120.412439,37.78772529389176,-117.34466499237789
1767129.649882,37.78772529389176,-117.34466499237789
1767134.415712,37.78772529389176,-117.34466499237789
1767141.512929,37.78772529389176,-117.34466499237789
1767148.486888,37.78772529389176,-117.34466499237789
1767156.876663,37.78772529389176,-117.34466499237789
1767169.388358,37.78772529389176,-117.34466499237789
1767171.29825,37.78772529389176,-117.34466499237789
1767176.277348,37.78772529389176,-117.34466499237789
1767183.874614,37.78772529389176,-117.34466499237789
1767190.276963,8.629797383724318,-32.09629156883446
1767197.468555,8.629797383724318,-32.09629156883446
1767214.124286,8.629797383724318,-32.09629156883446
1767214.127975,-5.5546022775420045,24.201340207980405
1767218.573797,-3.9116216217615993,38.36849352582189
1767225.585157,-3.9116216217615993,38.36849352582189
1767232.43425,-3.9116216217615993,38.36849352582189
1767248.066867,-3.9116216217615993,38.36849352582189
1767248.070594,-3.9116216217615993,38.36849352582189
1767253.494364,-3.9116216217615993,38.36849352582189
1767257.241318,-3.9116216217615993,38.36849352582189
1767260.612511,-3.9116216217615993,38.36849352582189
1767268.283609,-3.9116216217615993,38.36849352582189
1767282.342805,-3.9116216217615993,38.36849352582189
1767282.843039,-3.9116216217615993,38.36849352582189
1767288.198235,-3.9116216217615993,38.36849352582189
1767295.213876,-3.9116216217615993,38.36849352582189
1767302.884363,-3.9116216217615993,38.36849352582189
1767309.276767,15.439869222911032,88.80378404639858
1767317.515196,15.439869222911032,88.80378404639858
1767323.686048,15.439869222911032,88.80378404639858
1767330.213117,15.439869222911032,88.80378404639858
1767337.180507,15.439869222911032,88.80378404639858
1767344.18372,15.439869222911032,88.80378404639858
1767351.261569,15.439869222911032,88.80378404639858
1767359.130012,15.439869222911032,88.80378404639858
1767365.552725,15.439869222911032,88.80378404639858
1767372.524292,15.439869222911032,88.80378404639858
1767380.015337,15.439869222911032,88.80378404639858
1767386.493159,15.439869222911032,88.80378404639858
1767393.557909,15.439869222911032,88.80378404639858
1767407.986578,15.439869222911032,88.80378404639858
1767407.990549,15.439869222911032,88.80378404639858
1767414.532561,15.439869222911032,88.80378404639858
1767421.291977,15.439869222911032,88.80378404639858
1767428.271784,15.439869222911032,88.80378404639858
1767436.371412,15.439869222911032,88.80378404639858
1767442.179904,15.439869222911032,88.80378404639858
1767456.041365,15.439869222911032,88.80378404639858
1767458.666549,15.439869222911032,88.80378404639858
1767463.44857,15.439869222911032,88.80378404639858
1767470.511164,15.439869222911032,88.80378404639858
1767477.597687,15.439869222911032,88.80378404639858
1767484.523397,15.439869222911032,88.80378404639858
1767492.301745,15.439869222911032,88.80378404639858
1767498.587074,15.439869222911032,88.80378404639858
1767505.452722,15.439869222911032,88.80378404639858
1767512.479403,15.439869222911032,88.80378404639858
1767522.452268,15.439869222911032,88.80378404639858
1767527.422548,15.439869222911032,88.80378404639858
1767533.455278,15.439869222911032,88.80378404639858
1767541.947561,15.439869222911032,88.80378404639858
1767547.47661,15.439869222911032,88.80378404639858
1767555.242042,15.439869222911032,88.80378404639858
1767562.177063,15.439869222911032,88.80378404639858
1767568.454154,15.439869222911032,88.80378404639858
1767576.413884,15.439869222911032,88.80378404639858
1767582.322451,15.439869222911032,88.80378404639858
1767590.576601,15.439869222911032,88.80378404639858
1767596.545694,15.439869222911032,88.80378404639858
1767603.432868,15.439869222911032,88.80378404639858
1767611.564188,15.439869222911032,88.80378404639858
1767625.310988,15.439869222911032,88.80378404639858
1767625.314655,15.439869222911032,88.80378404639858
1767631.744181,15.439869222911032,88.80378404639858
1767638.434347,15.439869222911032,88.80378404639858
1767645.420186,15.439869222911032,88.80378404639858
1767653.197205,15.439869222911032,88.80378404639858
1767659.473179,15.439869222911032,88.80378404639858
1767671.21611,15.439869222911032,88.80378404639858
1767673.423308,15.439869222911032,88.80378404639858
1767680.267966,15.439869222911032,88.80378404639858
1767687.836903,15.439869222911032,88.80378404639858
1767695.586569,15.439869222911032,88.80378404639858
1767701.673385,15.439869222911032,88.80378404639858
1767708.945743,15.439869222911032,88.80378404639858
1767715.212192,15.439869222911032,88.80378404639858
1767722.288734,15.439869222911032,88.80378404639858
1767731.524012,15.439869222911032,88.80378404639858
1767736.876113,15.439869222911032,88.80378404639858
1767747.877426,15.439869222911032,88.80378404639858
1767750.475242,15.439869222911032,88.80378404639858
1767757.25749,15.439869222911032,88.80378404639858
1767764.532257,15.439869222911032,88.80378404639858
1767771.461156,15.439869222911032,88.80378404639858
1767780.550249,15.439869222911032,88.80378404639858
1767785.518183,15.439869222911032,88.80378404639858
1767792.452585,15.439869222911032,88.80378404639858
1767799.175673,15.439869222911032,88.80378404639858
1767806.866326,15.439869222911032,88.80378404639858
1767820.579523,15.439869222911032,88.80378404639858
1767820.583272,15.439869222911032,88.80378404639858
1767827.603779,15.439869222911032,88.80378404639858
1767834.705855,15.439869222911032,88.80378404639858
1767841.462466,15.439869222911032,88.80378404639858
1767850.263814,15.439869222911032,88.80378404639858
1767855.214558,15.439869222911032,88.80378404639858
1767862.989894,15.439869222911032,88.80378404639858
1767869.430329,15.439869222911032,88.80378404639858
1767876.950044,15.439869222911032,88.80378404639858
1767884.927333,15.439869222911032,88.80378404639858
1767890.43932,15.439869222911032,88.80378404639858
1767898.413269,15.439869222911032,88.80378404639858
1767905.706253,15.439869222911032,88.80378404639858
1767911.513001,15.439869222911032,88.80378404639858
1767924.331483,15.439869222911032,88.80378404639858
1767925.175034,15.439869222911032,88.80378404639858
1767932.65784,15.439869222911032,88.80378404639858
1767939.261544,15.439869222911032,88.80378404639858
1767947.2552,15.439869222911032,88.80378404639858
1767953.722098,15.439869222911032,88.80378404639858
1767960.479549,15.439869222911032,88.80378404639858
1767967.420277,15.439869222911032,88.80378404639858
1767974.177283,15.439869222911032,88.80378404639858
1767981.264016,15.439869222911032,88.80378404639858
1767988.262028,15.439869222911032,88.80378404639858
1767995.17832,15.439869222911032,88.80378404639858
1768003.471583,15.439869222911032,88.80378404639858
1768009.459458,15.439869222911032,88.80378404639858
1768017.205912,15.439869222911032,88.80378404639858
1768023.449859,15.439869222911032,88.80378404639858
1768030.731096,15.439869222911032,88.80378404639858
1768038.41966,15.439869222911032,88.80378404639858
1768044.493,15.439869222911032,88.80378404639858
1768051.322351,15.439869222911032,88.80378404639858
1768058.532846,15.439869222911032,88.80378404639858
1768070.986273,15.439869222911032,88.80378404639858
1768076.767805,15.439869222911032,88.80378404639858
1768079.425438,15.439869222911032,88.80378404639858
1768079.427318,15.439869222911032,88.80378404639858
1768193.304862,25.278668028501983,84.2143146158177
1768193.305437,25.278668028501983,84.2143146158177
1768195.04224,25.278668028501983,84.2143146158177
1768195.043747,25.278668028501983,84.2143146158177
1768198.550895,25.278668028501983,84.2143146158177
1768199.207095,25.278668028501983,84.2143146158177
1768199.207865,25.278668028501983,84.2143146158177
1768200.132042,25.278668028501983,84.2143146158177
1768200.132645,25.278668028501983,84.2143146158177
1768201.279485,25.278668028501983,84.2143146158177
1768208.325049,25.278668028501983,84.2143146158177
1768217.575222,25.278668028501983,84.2143146158177
1768222.582305,25.278668028501983,84.2143146158177
1768229.560795,25.278668028501983,84.2143146158177
1768236.554423,25.278668028501983,84.2143146158177
1768243.602174,25.278668028501983,84.2143146158177
1768257.676774,25.278668028501983,84.2143146158177
1768257.684682,25.278668028501983,84.2143146158177
1768264.784974,25.278668028501983,84.2143146158177
1768271.562308,25.278668028501983,84.2143146158177
1768278.646073,25.278668028501983,84.2143146158177
1768294.925202,25.278668028501983,84.2143146158177
1768294.928965,25.278668028501983,84.2143146158177
1768299.755852,25.278668028501983,84.2143146158177
1768307.851537,25.278668028501983,84.2143146158177
1768313.435486,25.278668028501983,84.2143146158177
1768320.622652,25.278668028501983,84.2143146158177
1768334.232591,25.278668028501983,84.2143146158177
1768334.688757,25.278668028501983,84.2143146158177
1768340.251169,344.7031500588147,157.54253310104713
1768341.320137,344.7031500588147,157.54253310104713
1768348.319517,344.7031500588147,157.54253310104713
1768356.643776,396.5607642235327,161.31229617924598
1768369.906213,445.6825666559903,174.97963127301475
1768369.909979,445.6825666559903,174.97963127301475
1768377.792289,466.1019949165764,154.36811270665257
1768384.229882,466.1019949165764,154.36811270665257
1768390.735767,466.1019949165764,154.36811270665257
1768405.372294,466.1019949165764,154.36811270665257
1768405.376005,466.1019949165764,154.36811270665257
1768411.606684,466.1019949165764,154.36811270665257
1768419.641979,800.0892597267623,-229.96322346067504
1768425.370456,801.9405172203025,-235.83667509485144
1768441.616181,800.0062809059584,-237.61603770243732
1768441.619899,800.0062809059584,-237.61603770243732
1768446.522217,806.3948203243727,-237.3683486504588
1768454.141411,814.6329576595164,-223.00682634147392
1768477.118332,830.6769126725211,-235.25577207077015
1768477.126637,830.6769126725211,-235.25577207077015
1768477.134147,830.6769126725211,-235.25577207077015
1768477.76656,830.6769126725211,-235.25577207077015
1768477.767158,830.6769126725211,-235.25577207077015
1768479.163659,830.6769126725211,-235.25577207077015
1768487.098567,830.6769126725211,-235.25577207077015
1768493.565538,830.6769126725211,-235.25577207077015
1768501.451943,830.6769126725211,-235.25577207077015
1768511.632255,961.9062582425548,-109.6218743534983
1768514.412141,961.9062582425548,-109.6218743534983
1768522.545848,961.9062582425548,-109.6218743534983
1768528.471739,961.9062582425548,-109.6218743534983
1768539.286984,961.9062582425548,-109.6218743534983
1768542.5888,961.9062582425548,-109.6218743534983
1768549.070364,963.484515414301,-106.90951207862688
1768556.658306,963.484515414301,-106.90951207862688
1768564.528083,963.484515414301,-106.90951207862688
1768570.358531,965.1499003478688,-104.7314029714836
1768585.238762,965.1499003478688,-104.7314029714836
1768585.242422,965.1499003478688,-104.7314029714836
1768591.385431,965.1499003478688,-104.7314029714836
1768598.068865,965.1499003478688,-104.7314029714836
1768606.71852,965.1499003478688,-104.7314029714836
1768612.746595,965.1499003478688,-104.7314029714836
1768619.86357,965.1499003478688,-104.7314029714836
1768626.331106,968.9644367403388,-96.15891636725875
1768633.995231,968.9644367403388,-96.15891636725875
1768640.394498,968.9644367403388,-96.15891636725875
1768647.605156,968.9644367403388,-96.15891636725875
1768654.976236,968.9644367403388,-96.15891636725875
1768661.48428,968.9644367403388,-96.15891636725875
1768668.341807,968.9644367403388,-96.15891636725875
1768676.071201,968.9644367403388,-96.15891636725875
1768683.160569,968.9644367403388,-96.15891636725875
1768689.403111,968.9644367403388,-96.15891636725875
1768696.404424,968.9644367403388,-96.15891636725875
1768705.928873,968.9644367403388,-96.15891636725875
1768710.109249,968.9644367403388,-96.15891636725875
1768719.251056,968.9644367403388,-96.15891636725875
1768726.074012,968.9644367403388,-96.15891636725875
1768731.168593,968.9644367403388,-96.15891636725875
1768738.157837,968.9644367403388,-96.15891636725875
1768745.552529,968.9644367403388,-96.15891636725875
1768752.600827,968.9644367403388,-96.15891636725875
1773653.265378,460.0088600939178,624.7589644574697
1773658.184082,451.0421687016312,585.0020421883097
1773664.376909,451.95493573205033,529.7217752894982
1773672.981046,449.61161382834905,501.639579261003
1773678.407276,449.61161382834905,501.639579261003
1773689.369492,449.61161382834905,501.639579261003
1773692.426292,462.680778128755,405.6049870071778
1773702.774075,460.8876058078607,404.5253726505852
1773706.525636,460.8876058078607,404.5253726505852
1773713.405011,460.8876058078607,404.5253726505852
1773728.075858,479.6565853189763,396.6737329008797
1773728.079605,479.6565853189763,396.6737329008797
1773734.800783,479.6565853189763,396.6737329008797
1773742.931949,479.6565853189763,396.6737329008797
1773748.945724,479.6565853189763,396.6737329008797
1773755.48805,457.5991551334562,195.480079107842
1773762.876419,457.4240698212008,195.2057327525201
1773770.079325,458.06217695436897,195.16796847581813
1773776.781699,458.06217695436897,195.16796847581813
1773784.252146,458.06217695436897,195.16796847581813
1773790.398036,456.9701756706107,198.4367997645539
1773800.715923,456.94528202432815,198.4778961825567
1773804.766163,456.94528202432815,198.4778961825567
1773811.638869,456.94528202432815,198.4778961825567
1773820.552141,456.94528202432815,198.4778961825567
1773825.453159,456.94528202432815,198.4778961825567
1773840.858343,222.946666457762,401.0088510017615
1773840.859048,222.946666457762,401.0088510017615
1773842.784229,222.946666457762,401.0088510017615
1773854.808783,217.53478775299453,408.6994372219205
1773881.691975,185.70079286877797,456.5712281756121
1773881.692554,185.70079286877797,456.5712281756121
1773885.264168,154.1182238114135,501.3019220449206
1773892.151875,154.1182238114135,501.3019220449206
1773903.504367,154.1182238114135,501.3019220449206
1773905.398393,128.32010836463368,501.79174715117927
1773921.956176,128.32010836463368,501.79174715117927
1773921.959944,89.54576489020717,493.8667990425446
1773926.35575,78.41581563011847,491.04114132499967
1773934.268655,78.41581563011847,491.04114132499967
1773954.379643,78.41581563011847,491.04114132499967
1773954.383259,22.113026007470605,455.3461101392061
1773955.353095,-11.252757915346358,427.0817602354149
1773955.35365,-11.252757915346358,427.0817602354149
1773956.832685,-11.252757915346358,427.0817602354149
1773963.759653,-48.3774824294,403.2602689978752
1773970.829519,-75.67419538427282,404.4853869333459
2068575.774962,894.6311792622557,-199.4075012367921
2068582.772438,845.291972389558,-241.68791241261036
2068589.772011,735.0562684412547,-338.21554895008563
2068596.772484,735.0562684412547,-338.21554895008563
2068603.773341,735.0562684412547,-338.21554895008563
2068610.769243,735.0562684412547,-338.21554895008563
2073216.073595,143.50440281826857,80.69113045676417
2073223.27416,143.50440281826857,80.69113045676417
2073230.394259,265.0028222976458,124.67428743694272
2073237.294668,391.424375205732,173.35021390047314
2073244.020437,431.3670604643479,187.7361811976485
2073251.309118,410.0506311477018,173.05698541730226
2073258.614695,410.0506311477018,173.05698541730226
2073265.294378,412.3242508419716,171.9140607582427
2073272.290464,413.8875718289837,172.7848604977593
2073279.583494,413.8900611935237,172.668235533112
2073286.292243,413.8900611935237,172.668235533112
2073293.98873,413.8900611935237,172.668235533112
2073301.832137,414.6352110058053,173.56013883727468
2073307.337858,414.6352110058053,173.56013883727468
2073314.257118,414.6352110058053,173.56013883727468
2073322.541473,414.6352110058053,173.56013883727468
2073328.078627,414.6352110058053,173.56013883727468
2073335.888922,414.6352110058053,173.56013883727468
2073342.080625,414.6352110058053,173.56013883727468
2073350.225173,414.6352110058053,173.56013883727468
2073356.287732,414.6352110058053,173.56013883727468
2073363.046575,619.4642815588371,239.2222190792021
2073370.845816,619.4642815588371,239.2222190792021
2073377.423502,619.4642815588371,239.2222190792021
2073384.421434,619.4642815588371,239.2222190792021
2073392.063693,619.4642815588371,239.2222190792021
2073398.33259,619.4642815588371,239.2222190792021
2073405.367217,619.4642815588371,239.2222190792021
2081383.506096,22.88472904276942,-113.98697823489952
2081383.50683,22.88472904276942,-113.98697823489952
2081391.290209,22.88472904276942,-113.98697823489952
2081391.290783,22.88472904276942,-113.98697823489952
2081398.251594,3.801259789842888,-43.58329146617163
2081398.25222,3.801259789842888,-43.58329146617163
2081405.054452,3.801259789842888,-43.58329146617163
2081405.055163,3.801259789842888,-43.58329146617163
2081411.928965,3.801259789842888,-43.58329146617163
2081411.929671,3.801259789842888,-43.58329146617163
2081418.756787,3.801259789842888,-43.58329146617163
2081418.757388,3.801259789842888,-43.58329146617163
2081425.802027,3.801259789842888,-43.58329146617163
2081425.802599,3.801259789842888,-43.58329146617163
2081434.190047,3.801259789842888,-43.58329146617163
2081434.190649,3.801259789842888,-43.58329146617163
2081530.439317,688.2761283745106,262.1751257356724
2081530.440096,688.2761283745106,262.1751257356724
2081536.31079,688.2761283745106,262.1751257356724
2081536.311498,688.2761283745106,262.1751257356724
2081542.513502,688.2761283745106,262.1751257356724
2081542.514092,688.2761283745106,262.1751257356724
2081549.509012,688.2761283745106,262.1751257356724
2081549.509716,688.2761283745106,262.1751257356724
2081559.337628,688.2761283745106,262.1751257356724
2081559.338274,688.2761283745106,262.1751257356724
2081565.719887,688.2761283745106,262.1751257356724
2081565.720488,688.2761283745106,262.1751257356724
2081571.543394,688.2761283745106,262.1751257356724
2081571.54409,688.2761283745106,262.1751257356724
2081577.709777,688.2761283745106,262.1751257356724
2081577.710525,688.2761283745106,262.1751257356724
2081585.66238,688.2761283745106,262.1751257356724
2081585.66306,688.2761283745106,262.1751257356724
2174382.33293,60.24843256123885,-350.5788959015358
2174385.81933,60.24843256123885,-350.5788959015358
2174392.601756,60.24843256123885,-350.5788959015358
2174399.941305,60.24843256123885,-350.5788959015358
2174406.887929,60.24843256123885,-350.5788959015358
2174413.844953,60.24843256123885,-350.5788959015358
2174421.382094,60.24843256123885,-350.5788959015358
2174428.566231,60.24843256123885,-350.5788959015358
2174434.907782,60.24843256123885,-350.5788959015358
2174442.383616,60.24843256123885,-350.5788959015358
2174448.896843,60.24843256123885,-350.5788959015358
2174456.395141,-2.2147047324397278,47.76402093835288
2174464.318087,-3.5017062460214152,51.18724067877281
2174469.800189,-3.5017062460214152,51.18724067877281
2174477.323293,-3.5017062460214152,51.18724067877281
2174483.81415,-3.5017062460214152,51.18724067877281
2174490.909699,-3.5017062460214152,51.18724067877281
2174497.840561,5.19447419439231,68.96976791517682
2174504.854003,5.19447419439231,68.96976791517682
2174511.879433,-1.0073628868259024,35.92381263768007
2174518.872133,-5.5404958779845295,8.123759697640795
2174525.917071,-5.5404958779845295,8.123759697640795
2174533.625486,-5.5404958779845295,8.123759697640795
2174539.786562,-5.5404958779845295,8.123759697640795
2174546.991958,-5.5404958779845295,8.123759697640795
2174554.8855,88.97570038996895,-304.7575385572637
2174560.841379,88.97570038996895,-304.7575385572637
2176436.545865,417.2324481019015,218.9905626295352
2176443.852909,417.2324481019015,218.9905626295352
2176450.857487,417.2324481019015,218.9905626295352
2176458.42547,417.2324481019015,218.9905626295352
2176465.454618,417.2324481019015,218.9905626295352
2176471.879266,417.2324481019015,218.9905626295352
2176479.583707,417.2324481019015,218.9905626295352
2176485.868449,417.2324481019015,218.9905626295352
2176492.828578,417.2324481019015,218.9905626295352
2176500.711592,417.2324481019015,218.9905626295352
2176506.832193,417.2324481019015,218.9905626295352
2176513.843317,417.2324481019015,218.9905626295352
2176521.688631,417.2324481019015,218.9905626295352
2176527.831191,417.2324481019015,218.9905626295352
2176535.442361,417.2324481019015,218.9905626295352
2176541.925758,417.2324481019015,218.9905626295352
2176548.957674,417.2324481019015,218.9905626295352
2176557.064883,417.2324481019015,218.9905626295352
2176562.878225,417.2324481019015,218.9905626295352
2176569.546372,417.2324481019015,218.9905626295352
2176576.781014,417.2324481019015,218.9905626295352
2240915.808543,885.7897859023035,-195.5088975312272
2240924.719484,779.7992784478689,-303.0103868195032
2240930.140762,733.5950114055502,-343.7280178441567
2240936.812025,733.5950114055502,-343.7280178441567
2240943.87167,733.5950114055502,-343.7280178441567
2240950.837852,733.5950114055502,-343.7280178441567
2240958.038264,733.5950114055502,-343.7280178441567
2240965.078117,733.5950114055502,-343.7280178441567
2240972.266909,733.5950114055502,-343.7280178441567
2240978.87292,733.5950114055502,-343.7280178441567
2240985.870738,733.5950114055502,-343.7280178441567
2240992.826844,733.5950114055502,-343.7280178441567
2241000.454958,733.5950114055502,-343.7280178441567
2241007.104066,733.5950114055502,-343.7280178441567
2241014.699995,733.5950114055502,-343.7280178441567
2241021.154987,733.5950114055502,-343.7280178441567
2241028.223995,733.5950114055502,-343.7280178441567
2241035.315561,733.5950114055502,-343.7280178441567
2241044.784821,733.5950114055502,-343.7280178441567
2241048.81,733.5950114055502,-343.7280178441567
2241066.391762,733.5950114055502,-343.7280178441567
2241066.487549,733.5950114055502,-343.7280178441567
2241069.927227,733.5950114055502,-343.7280178441567
2241077.677793,733.5950114055502,-343.7280178441567
2241084.906321,733.5950114055502,-343.7280178441567
2241092.724532,733.5950114055502,-343.7280178441567
2241098.072161,733.5950114055502,-343.7280178441567
2246583.110973,350.24613529984924,264.6031467834572
2246591.240327,350.24613529984924,264.6031467834572
2246597.454058,350.24613529984924,264.6031467834572
2246604.461767,214.16750719729248,379.9419322370552
2246611.333619,214.16750719729248,379.9419322370552
2246618.401568,214.16750719729248,379.9419322370552
2246625.961304,214.16750719729248,379.9419322370552
2246633.448376,214.16750719729248,379.9419322370552
2246639.347174,214.16750719729248,379.9419322370552
2246646.594235,214.16750719729248,379.9419322370552
2246654.61271,214.16750719729248,379.9419322370552
2246660.675592,214.16750719729248,379.9419322370552
2246668.979318,214.16750719729248,379.9419322370552
2246674.499668,214.16750719729248,379.9419322370552
2246681.502961,214.16750719729248,379.9419322370552
2246689.115473,18.273595960057428,377.7616000401557
2246695.52736,18.273595960057428,377.7616000401557
2246703.429351,18.273595960057428,377.7616000401557
2246709.390396,18.273595960057428,377.7616000401557
2246716.374223,18.273595960057428,377.7616000401557
2246724.012368,18.273595960057428,377.7616000401557
2246730.360401,18.273595960057428,377.7616000401557
2246737.578513,18.273595960057428,377.7616000401557
2246744.965359,18.273595960057428,377.7616000401557
2246751.410293,18.273595960057428,377.7616000401557
2246758.323118,6.854050614418615,440.8368474845278
2246765.073057,6.854050614418615,440.8368474845278
2246772.098412,6.854050614418615,440.8368474845278
2246779.601217,6.854050614418615,440.8368474845278
2246787.390396,6.854050614418615,440.8368474845278
2246793.438619,6.854050614418615,440.8368474845278
2246800.506588,6.854050614418615,440.8368474845278
2246848.041799,15.806635611699964,30.80453314971908
2246848.042527,15.806635611699964,30.80453314971908
2246859.865581,15.806635611699964,30.80453314971908
2246859.866295,15.806635611699964,30.80453314971908
2246861.674012,15.806635611699964,30.80453314971908
2246869.165748,159.55914510374208,99.89648292770116
2246875.769864,276.0780055341222,134.87730512120376
2246883.014919,276.0780055341222,134.87730512120376
2246890.019221,276.0780055341222,134.87730512120376
2246897.095842,422.1663687963449,171.22208596748143
2246904.068353,417.2224906434466,169.23390799949627
2246910.992378,420.68519684212754,170.588979017095
2246917.978819,453.2543840682752,187.65843121977588
2246925.900671,505.6389137342509,206.2373442191632
2246931.994923,645.1254819268008,232.17362763448085
2246939.45097,745.548110554005,272.51476346374625
2246946.994987,745.548110554005,272.51476346374625
2246952.982166,745.548110554005,272.51476346374625
2246962.428459,942.1631074069336,394.43231135758174
2246967.290822,942.1631074069336,394.43231135758174
2250612.352185,399.7820020534168,179.1370336274043
2250619.352614,399.7820020534168,179.1370336274043
2250626.351184,399.7820020534168,179.1370336274043
2250633.351862,399.7820020534168,179.1370336274043
2250640.389703,399.7820020534168,179.1370336274043
2250647.351658,399.7820020534168,179.1370336274043
2250654.462479,399.7820020534168,179.1370336274043
2250661.355267,399.7820020534168,179.1370336274043
2250668.354304,399.7820020534168,179.1370336274043
2250675.358833,399.7820020534168,179.1370336274043
2250682.353548,399.7820020534168,179.1370336274043
2250689.357436,399.7820020534168,179.1370336274043
2250696.365621,399.7820020534168,179.1370336274043
2250703.544689,399.7820020534168,179.1370336274043
2250710.404424,399.7820020534168,179.1370336274043
2250717.444369,399.7820020534168,179.1370336274043
2250724.349752,399.7820020534168,179.1370336274043
2250734.407256,399.7820020534168,179.1370336274043
2250738.687121,399.7820020534168,179.1370336274043
2250745.591821,399.7820020534168,179.1370336274043
2250753.493951,399.7820020534168,179.1370336274043
2250759.801642,399.7820020534168,179.1370336274043
2250766.447696,399.7820020534168,179.1370336274043
2250780.544124,399.7820020534168,179.1370336274043
2250780.544813,399.7820020534168,179.1370336274043
2250785.678464,399.7820020534168,179.1370336274043
2250796.724339,399.7820020534168,179.1370336274043
2256007.664356,105.32750685524752,-312.9557120330823
2256014.663378,65.0470977794024,-190.4129448467695
2256022.601,41.525091391572325,-144.01733712780091
2256030.702857,41.525091391572325,-144.01733712780091
2256035.941317,41.525091391572325,-144.01733712780091
2256042.662545,8.047286060327416,41.65065257092588
2256049.967527,8.047286060327416,41.65065257092588
2256056.91317,8.047286060327416,41.65065257092588
2256064.562923,8.047286060327416,41.65065257092588
2256070.909857,8.047286060327416,41.65065257092588
2256078.214103,8.047286060327416,41.65065257092588
2256084.688681,8.047286060327416,41.65065257092588
2256091.867488,8.047286060327416,41.65065257092588
2256099.604359,8.047286060327416,41.65065257092588
2256106.647916,8.047286060327416,41.65065257092588
2256112.913861,8.047286060327416,41.65065257092588
2256119.65095,644.7645240558902,261.328761584502
2256126.827171,709.5950470393935,282.5000835477707
2256133.671775,749.227391471991,300.5625172288846
2256144.354952,792.2651867071935,320.4143120155813
2256147.685516,792.2651867071935,320.4143120155813
2256155.225077,933.213011793601,393.2260755845807
2256163.114463,933.213011793601,393.2260755845807
2256168.942156,933.213011793601,393.2260755845807
2256176.532449,933.213011793601,393.2260755845807
2256182.922829,933.213011793601,393.2260755845807
2256189.977304,933.213011793601,393.2260755845807
2256198.297416,933.213011793601,393.2260755845807
2320346.090413,5.850836668543749,-219.0582406838705
2320352.861593,-6.310539336874379,-220.188946790556
2320361.040978,-72.45710649427996,-210.56017341142424
2320402.947765,-60.15217712873103,-134.54184104602368
2320408.76983,-60.15217712873103,-134.54184104602368
2320416.411466,-60.15217712873103,-134.54184104602368
2320426.232118,-23.781730097675418,-61.319165584353
2320430.035698,-3.3050464403480047,-52.20465017761563
2320436.978002,3.2992379228398088,-52.48121785275515
2320445.296222,8.31364807565693,-47.0720427955546
2320450.956829,8.31364807565693,-47.0720427955546
2320458.691768,29.820098901701584,22.56748036665137
2320465.047256,44.83677613754465,29.732694425587567
2320471.809045,108.58442557932368,75.41523996556047
2320479.603446,108.58442557932368,75.41523996556047
2320486.075835,108.58442557932368,75.41523996556047
2320495.536055,108.58442557932368,75.41523996556047
2320499.837188,332.48700803500515,153.38290946020447
2320507.211179,332.48700803500515,153.38290946020447
2320513.771956,430.1572292547425,162.84619212211985
2320522.131428,425.2473724185341,160.23712509288737
2320528.628558,422.0178367067695,162.18864947272456
2320536.599513,426.0564159229181,161.51777825710664
2320542.546047,427.40233239881815,160.9035534508025
2320549.072943,435.6661931782649,157.3215010306967
2320556.178221,435.0753839729453,157.54475452896102
2320563.107472,434.5459790953509,155.67209085219633
2320571.51657,434.5833195647767,155.63876943352113
2320577.215227,430.9347408071976,155.66875870962238
2320584.105864,430.480846656434,155.79982295288346
2320590.748533,430.4866551739395,155.84091936783895
2320599.524864,430.2153144293558,155.96643004133023
2320605.211275,430.179633536339,155.9675407556389
2320613.360527,430.19539951244656,155.95865504363815
2320618.884317,430.9629536062996,157.7213580428223
2320628.571858,432.0914655712677,158.91981837140287
2320632.876321,432.0176144206944,158.95425050374027
2320639.875322,432.0342101847856,158.969800498089
2320648.665525,431.97529522204127,159.42741463779473
2320653.783323,432.8175302547429,160.4015107548687
2320661.020784,432.9071473812763,160.13938226701288
2320668.387727,435.8694912896307,160.17381439831215
2320676.442255,436.03959787251983,159.75174310438422
2320682.035297,436.4063642611383,160.2093572446305
2320689.534169,439.1023461541192,159.63733956986903
2320696.028204,439.5811339510107,159.50960746786347
2320705.599718,439.770325662824,159.91501805307067
2320710.099224,440.0234110667549,159.96166803826134
2320716.767848,501.1771425319262,86.90224201249667
2320723.852216,501.1771425319262,86.90224201249667
2320735.341294,501.1771425319262,86.90224201249667
2320737.779483,501.1771425319262,86.90224201249667
2320746.298322,754.8483767983809,-184.52838565729263
2320751.878579,808.0992053048731,-231.51600058112436
2320758.980723,808.0992053048731,-231.51600058112436
2320765.904575,811.5088050541164,-249.1319124287465
2320772.990652,811.5088050541164,-249.1319124287465
2320779.801182,810.6566125638055,-252.25301655785205
2320787.455861,820.4605602485681,-251.43331020748175
2320794.50204,815.5274693484173,-249.25409088181436
2320800.825611,815.5274693484173,-249.25409088181436
2320809.625893,886.9083404071592,-206.3627879002865
2320815.060562,930.7916898020692,-192.49331088847217
2320822.088898,930.7916898020692,-192.49331088847217
2320830.041357,930.7916898020692,-192.49331088847217
2320836.43617,930.7916898020692,-192.49331088847217
2320844.152889,930.7916898020692,-192.49331088847217
2321823.018872,875.1826032345055,-225.97909502166195
2321830.009829,824.5920757391414,-269.4268639837214
2332433.813105,895.1174351523314,-303.95671439757785
2332440.612114,895.1174351523314,-303.95671439757785
2332447.907878,895.1174351523314,-303.95671439757785
2332454.966117,895.1174351523314,-303.95671439757785
2343467.345621,-2.9399396279687253,38.38293280423535
2343474.966491,19.2303417661608,36.317005292499736
2343481.361482,38.33953445348335,38.49955774578654
2343488.393113,63.10539336809859,33.2980854227554
2343495.834115,87.22733663167995,-54.72485923976223
2343502.250855,91.06427731448116,-72.42074736083853
2343509.070527,91.06427731448116,-72.42074736083853
2343518.167274,12.507397688861747,-40.276697144225
2343523.62947,-0.4522345744126199,-17.90137166478504
2343531.726931,-0.4522345744126199,-17.90137166478504
2343537.356532,52.31399769757983,47.14646410211663
2343544.318917,117.87141522503966,75.18199007122352
2343551.76694,230.1077387088734,113.015124060696
2343560.013276,281.7554164656493,135.43044063730213
2343565.117142,401.706280911459,161.68438534605554
2343572.808635,430.4858253858086,177.65311977305376
2343579.825586,433.6871482984141,181.04524022110832
2343586.125413,431.93961432902455,178.728290888394
2343593.328809,428.6851849708736,176.15143449885625
2343600.266935,428.6851849708736,176.15143449885625
2343607.859485,428.6851849708736,176.15143449885625
2343614.241358,490.3940447498574,116.76267259634642
2343621.354134,519.444100174555,78.75071346495582
2343629.176841,519.444100174555,78.75071346495582
2343635.348549,519.444100174555,78.75071346495582
2343642.237838,519.444100174555,78.75071346495582
2343649.058175,747.0126867426086,-179.51795781214662
2343656.181227,810.5329741208085,-248.1966918995351
2343664.873701,802.6375393156101,-278.43919066705433
2343670.585795,765.034027061344,-323.8295932316163
2344104.498924,77.69887861664945,-259.9558126247728
2344112.3265,77.69887861664945,-259.9558126247728
2344118.319868,37.23176719320175,-90.32655983898586
2344125.360663,14.226718859937051,-41.99274962340756
2344133.005115,-3.864323693859608,6.602081977897555
2344139.328591,76.27247268377613,62.61870659936648
2344146.169399,147.13140708385734,89.70346223111636
2344153.384801,253.51938326174437,135.90471546740608
2344160.314056,290.5320863606978,134.42080171268182
2344168.016988,291.4846832255062,134.7440194546842
2344174.362585,291.37349160547944,134.82510156761893
2344181.097549,290.66983120357173,135.7170048196718
2344189.872705,385.6415811725713,164.48116303810096
2344195.480241,414.10663591631936,178.01743395271924
2344202.500102,418.99906720012353,175.24509190942285
2344210.263692,417.5685123268913,177.43541983695832
2344216.334001,419.70106802546496,176.66125220664182
2344224.310282,487.4242327481019,202.122148820952
2344230.08588,558.180273363935,225.6848361468355
2344239.959614,682.2983341167261,256.4105195336802
2344244.050333,719.6429524611591,275.58477731930736
2344252.549719,761.4443632701685,295.5887391661793
2344258.309146,786.2508817705614,316.0747516074166
2344266.931844,815.6187460513993,322.3003047490313
2344274.090429,853.8180462318254,336.36861114458736
2344279.388651,944.7611742865572,389.0686718298368
2344286.373765,990.3132277558992,417.1619700285826
2344293.357807,990.3132277558992,417.1619700285826
2412659.368232,453.0427880748721,564.5904389604345
2412666.877674,454.7820241619893,530.2227075640919
2412672.560944,456.9851118584393,446.5092660614147
2412679.540098,449.8920822430972,439.20298657231626
2412686.482637,451.56410548543965,425.6944779546846
2412693.768739,471.47570336152125,383.3807037670505
2412701.859222,492.1988341054907,373.4842392406831
2412708.049063,514.5093496930814,366.7866320230774
2412718.291526,514.5093496930814,366.7866320230774
2412722.092791,560.9658723826041,313.2402089658131
2412728.227616,564.5538765997248,304.91651681665184
2412735.309244,564.2244506806375,305.4951989066755
2412744.480744,563.4734923511232,300.2537386887163
2412750.178643,564.2236208923593,300.5536315158487
2412764.642646,564.1423016478981,300.29039225595574
2412764.649276,563.6228542287778,301.2844814448301
2412781.5732,565.2301539902624,305.6040488971333
2412781.573756,565.2301539902624,305.6040488971333
2412782.519697,565.2301539902624,305.62515246609183
2412789.509661,565.2301539902624,305.62515246609183
2412796.57,565.2301539902624,305.62515246609183
2412804.097506,565.2301539902624,305.62515246609183
2412810.698248,566.0433464354617,305.11977751175664
2412817.656973,706.1887664416652,274.5462596066605
2412825.748425,790.4272058249883,318.35949072731285
2412836.820434,790.4272058249883,318.35949072731285
2412838.461639,923.033999843396,366.6800034508722
2412846.185214,980.6536632268812,400.3768545365425
2412852.892923,980.6536632268812,400.3768545365425
2413370.75474,909.768175758138,-183.93859688010187
2413377.774944,872.5189830854897,-235.71560735289503
2413384.988334,780.1486192837567,-305.00078472959103
2413391.955223,780.1486192837567,-305.00078472959103
2413398.504483,757.9426570291315,-327.4560714448189
2413406.461106,751.2495853369007,-335.39766990928035
2416672.186994,18.49680898843576,-42.72582058511345
2416679.990364,10.929970301786987,-9.722076515123
2416686.054186,10.929970301786987,-9.722076515123
2416693.030297,65.02469349779587,57.742673209461245
2416701.707385,65.02469349779587,57.742673209461245
2416707.362213,173.85556617236443,93.22664643905068
2416714.27347,188.05490202032863,96.56434145871218
2416721.720427,291.43157678010704,135.6381441338808
2416728.004972,304.02195328732006,135.43932634850069
2416735.118219,300.7210557888094,134.17311251569367
2416743.789473,302.6312282477724,131.54405275417778
2416749.318073,303.6676337217587,131.28636713421162
2416756.79693,307.4738722399612,134.2564160582575
2416764.897755,326.6710224729096,141.5615813271045
2416770.188496,407.34054285500673,167.56894779499015
2416778.830973,430.228591040776,167.8010870093476
2416784.341994,430.17465480711184,161.48889969451815
2416791.281696,429.8792502045224,159.06754332390088
2416798.792494,429.1033982286221,159.7228645421757
2416805.38615,424.2698819076649,160.88467131491444
2416812.009074,424.54537159320085,160.67030352580517
2416819.510136,427.127672501562,158.6410291761559
2416828.732729,427.127672501562,158.6410291761559
2416832.76104,427.127672501562,158.6410291761559
2416832.76173,427.127672501562,158.6410291761559
2416833.957892,427.127672501562,158.6410291761559
2416842.067148,427.127672501562,158.6410291761559
2416848.525846,788.0208200198019,-219.3470261337764
2416855.052193,806.1077136041588,-241.36802700224789
2416861.932671,808.3008438395987,-244.2281135617101
2416869.035556,808.8999509262754,-245.28106969763544
2416875.920619,807.3092469301886,-247.29257134064912
2416883.021261,807.3598640109765,-247.8634779340798
2416891.333395,808.9082488083111,-249.0741553410747
2416897.292785,810.706399856463,-250.02714727948648
2416904.241396,836.6032600580711,-253.4148225747532
2416912.406596,868.7857659358733,-232.5811745831468
2416918.110855,924.9806829799963,-176.6378781219111
2416925.355637,924.9806829799963,-176.6378781219111
2416933.205027,926.555620999202,-158.30888627933595
2416939.242815,945.279791916664,-154.7657106037391
2416946.161486,992.3528471711973,-107.23050827039812
2416953.741846,992.3528471711973,-107.23050827039812
2416960.157263,992.3528471711973,-107.23050827039812
2427278.300274,-73.74244843158242,-195.41226547371969
2427284.854946,-64.75667190591179,-177.90186990456291
2427292.144922,-64.75667190591179,-177.90186990456291
2427300.005308,-64.75667190591179,-177.90186990456291
2427305.91156,-64.75667190591179,-177.90186990456291
2427313.366351,-64.75667190591179,-177.90186990456291
2427321.312189,8.341031086640651,-35.627250077784616
2427326.664203,15.464762869206256,-24.77891036202657
2427334.144957,4.293324198386831,16.50964792581619
2427343.452463,4.293324198386831,16.50964792581619
2427347.804766,98.92237166273256,74.85655093204751
2427355.445162,144.86774484707644,98.31482644208128
2427361.907301,214.7732525905068,124.44548037993204
2427369.3078,284.1833767675326,132.96243438191928
2427375.927025,380.0272341459942,165.5396734227457
2427382.893793,400.0417257630053,178.4328409753891
2427390.520671,408.7022253069191,184.2118857508109
2427396.58511,440.5934755667335,179.01152294990098
2427403.987154,439.284899560149,177.88636970615173
2427411.640844,438.9886651694345,177.67089119620005
2427417.926361,478.730541677196,198.18577840063304
2427424.77117,581.2956835105014,243.7628182112114
2427432.637706,615.5385535412107,259.9448118072684
2427438.887725,643.7413951939969,295.211096349402
2427445.586483,743.5549592764066,289.8252433772805
2427458.031517,789.9368009936095,307.8321415565275
2427459.732254,789.9368009936095,307.8321415565275
2427466.722133,792.2245270849936,317.28876223373385
2427473.632099,797.7218739674581,309.95138423244106
2427480.8496,808.4045673657106,318.8670871207352
2427488.21635,820.8895607523825,323.0889118413327
2427495.021176,820.8895607523825,323.0889118413327
2427502.473534,820.8895607523825,323.0889118413327
2427510.116429,820.8895607523825,323.0889118413327
2508114.532283,953.7212273579931,-199.26310850663836
2508121.634678,873.0434092332619,-243.34287512083995
2508128.494546,743.1740864885793,-337.2292357510638
2510200.536782,70.35193380565401,69.22301065551224
2510207.465089,127.7118736066872,105.09684508201468
2510214.689826,127.7118736066872,105.09684508201468
2510221.626425,127.7118736066872,105.09684508201468
2510229.10117,127.7118736066872,105.09684508201468
2510235.713997,127.7118736066872,105.09684508201468
2510242.750454,402.9069844508103,178.66831233581513
2510250.207706,402.9069844508103,178.66831233581513
2510256.809699,402.9069844508103,178.66831233581513
2510263.78264,402.9069844508103,178.66831233581513
2510271.315075,402.9069844508103,178.66831233581513
2510277.735804,402.9069844508103,178.66831233581513
2510285.096977,402.9069844508103,178.66831233581513
2510293.242472,402.9069844508103,178.66831233581513
2510298.769853,402.9069844508103,178.66831233581513
2510306.246962,245.05637330945572,553.8875927995657
2510312.687272,227.39930999197412,595.7970781926878
2511040.530529,-49.74414361123634,174.40872429891806
2511050.237072,-49.74414361123634,174.40872429891806
2511054.677272,-63.58335137693294,130.06236043817114
2511063.182845,-63.58335137693294,130.06236043817114
2511068.654885,11.178076976608066,18.844368087054413
2511075.666086,11.178076976608066,18.844368087054413
2511084.099169,11.178076976608066,18.844368087054413
2511089.696649,11.178076976608066,18.844368087054413
2511097.130115,11.178076976608066,18.844368087054413
2511103.831615,11.178076976608066,18.844368087054413
2511110.780427,11.178076976608066,18.844368087054413
2511118.325659,11.178076976608066,18.844368087054413
2511124.800457,11.178076976608066,18.844368087054413
2511132.554112,11.178076976608066,18.844368087054413
2511138.457499,180.4623398997331,112.4653207060055
2511145.505992,180.4623398997331,112.4653207060055
2511152.657001,180.4623398997331,112.4653207060055
2511159.704463,180.4623398997331,112.4653207060055
2511166.465558,373.7108862938076,179.89676197959676
2511173.761191,373.7108862938076,179.89676197959676
2511180.689913,373.7108862938076,179.89676197959676
2511187.725592,373.7108862938076,179.89676197959676
2511194.649045,373.7108862938076,179.89676197959676
2511201.730439,461.1423507881885,166.3704874513906
2511209.366976,447.7329733218209,180.10002263542333
2511216.788906,447.7362924746389,180.09224763798457
2511222.741241,447.7362924746389,180.09224763798457
2511230.101121,447.7362924746389,180.09224763798457
2511237.917605,447.7362924746389,180.09224763798457
2511243.734146,447.7362924746389,180.09224763798457
2511251.194485,447.7362924746389,180.09224763798457
2511257.760681,447.7362924746389,180.09224763798457
2511264.488119,703.9085084434633,271.5473314598706
2511272.127746,703.9085084434633,271.5473314598706
2511278.652816,703.9085084434633,271.5473314598706
2511286.329231,703.9085084434633,271.5473314598706
2511292.698692,703.9085084434633,271.5473314598706
2511299.898393,703.9085084434633,271.5473314598706
2511306.859642,703.9085084434633,271.5473314598706
2511313.850291,703.9085084434633,271.5473314598706
