time,x,y
0.0,-228.61292612244807,284.849086911783
15.26227900000049,-151.2877949727746,344.03123903691727
30.00571200000013,-94.36235151796792,411.6192783391433
48.225618000000395,-25.67242152552233,446.56566627180456
799.9695869999996,-175.76028368086222,24.84554045120292
815.3718360000003,-179.30531341056698,25.681907402450683
830.2969489999996,-179.30531341056698,25.681907402450683
844.9689510000007,-179.30531341056698,25.681907402450683
860.3450979999998,-179.30531341056698,25.681907402450683
80327.43150600001,-797.2931185786914,432.2985474246559
80327.43207,-797.2931185786914,432.2985474246559
80354.252464,-672.5814291377154,482.1196166194392
80354.253193,-672.5814291377154,482.1196166194392
80356.86842500001,-606.6033805683694,498.4037930425079
80372.087929,-525.8792696604406,519.6928469077333
80387.113178,-523.5474500128504,519.9483111159491
80401.861179,-512.8692097189564,553.0209304758773
80416.84938500001,-524.5540326578885,605.0656587497301
80431.877846,-581.1516935940261,649.3953705901826
80446.858859,-628.3839037976633,702.8207245882844
80461.84841800001,-651.1419656533011,711.7064387859363
80476.859842,-689.1116239271755,763.1247371494129
80491.882749,-727.4032558698168,767.6231303728933
80506.862845,-732.357335331462,846.5815991430956
80521.850536,-764.4642513179998,879.2743711141019
80536.890857,-824.5820470622252,936.336224271676
80551.866195,-880.6245523024588,946.8335887536532
80567.114047,-880.9108433265579,929.0021753146048
80591.142447,-877.2579358260949,919.1490256218004
80591.143048,-877.2579358260949,919.1490256218004
80591.99619,-877.2579358260949,919.1490256218004
80591.99681,-877.2579358260949,919.1490256218004
80593.377966,-877.2579358260949,919.1490256218004
80608.409614,-896.0104128118578,905.8382214544758
80623.391761,-896.0104128118578,905.8382214544758
80643.657794,-896.0104128118578,905.8382214544758
80653.399156,-896.0104128118578,905.8382214544758
80668.391979,-849.5126013681261,882.4632326678276
80683.397152,-838.8351909149557,860.517734356519
80700.71415500001,-838.8351909149557,860.517734356519
83801.11915500001,-832.9799171012463,838.0124366922414
83801.119893,-832.9799171012463,838.0124366922414
83805.638775,-832.9799171012463,838.0124366922414
83820.638051,-832.9799171012463,838.0124366922414
83836.902008,-832.9799171012463,838.0124366922414
83851.58867900001,-832.9799171012463,838.0124366922414
83865.653728,-832.9799171012463,838.0124366922414
83880.95121300001,-832.9799171012463,838.0124366922414
83896.191236,-832.9799171012463,838.0124366922414
83910.652863,-832.9799171012463,838.0124366922414
83925.941598,-832.9799171012463,838.0124366922414
83940.676321,-832.9799171012463,838.0124366922414
83955.696344,-832.9799171012463,838.0124366922414
83970.655919,-832.9799171012463,838.0124366922414
83985.64765900001,-832.9799171012463,838.0124366922414
84000.647703,-832.9799171012463,838.0124366922414
84015.64752900001,-832.9799171012463,838.0124366922414
84031.872953,-832.9799171012463,838.0124366922414
84045.657179,-832.9799171012463,838.0124366922414
84060.677158,-832.9799171012463,838.0124366922414
84076.023946,-832.9799171012463,838.0124366922414
84090.687088,-832.9799171012463,838.0124366922414
84105.657041,-832.9799171012463,838.0124366922414
84120.656789,-832.9799171012463,838.0124366922414
84135.656915,-832.9799171012463,838.0124366922414
84150.687061,-832.9799171012463,838.0124366922414
84165.686988,-832.9799171012463,838.0124366922414
84180.686553,-832.9799171012463,838.0124366922414
84195.65729,-832.9799171012463,838.0124366922414
84761.038502,-34.67191764477332,145.06247156209548
84776.159275,-57.79759379540598,127.96304065739406
84792.37023100001,-57.79759379540598,127.96304065739406
84805.849722,-57.79759379540598,127.96304065739406
84820.812325,-57.79759379540598,127.96304065739406
84837.292487,-57.79759379540598,127.96304065739406
84851.61509800001,-57.79759379540598,127.96304065739406
84866.045021,-57.79759379540598,127.96304065739406
84881.133045,-57.79759379540598,127.96304065739406
84898.16084,-57.79759379540598,127.96304065739406
84911.08149,-57.79759379540598,127.96304065739406
84925.843097,-57.79759379540598,127.96304065739406
84941.237039,-57.79759379540598,127.96304065739406
84956.12813900001,-57.79759379540598,127.96304065739406
84971.046636,-57.79759379540598,127.96304065739406
84985.815354,-57.79759379540598,127.96304065739406
85001.052652,-57.79759379540598,127.96304065739406
85015.81955100001,-57.79759379540598,127.96304065739406
85030.80132900001,-57.79759379540598,127.96304065739406
85045.883525,-57.79759379540598,127.96304065739406
85061.052683,-57.79759379540598,127.96304065739406
85076.143431,-57.79759379540598,127.96304065739406
85091.358425,-57.79759379540598,127.96304065739406
85107.959246,-57.79759379540598,127.96304065739406
85120.84246700001,-57.79759379540598,127.96304065739406
85135.851934,-599.5838565844637,478.3020930204565
85150.904643,-599.5838565844637,478.3020930204565
85165.841063,-599.5838565844637,478.3020930204565
85180.842256,-599.5838565844637,478.3020930204565
85195.85684400001,-599.5838565844637,478.3020930204565
85210.842227,-599.5838565844637,478.3020930204565
85225.841564,-599.5838565844637,478.3020930204565
85240.840559,-599.5838565844637,478.3020930204565
85255.840532,-599.5838565844637,478.3020930204565
85270.900742,-599.5838565844637,478.3020930204565
153758.643489,-826.1305080793534,12.425546885523632
153769.845145,-842.6333185006005,108.08571642354694
153778.984668,-873.4672767025304,225.02272650472725
153788.28625900001,-874.3485551589816,234.0372767835934
153799.301162,-876.7509102735042,233.6896234744766
153808.621925,-876.6770554875347,233.31309161623437
153818.626405,-876.7060995045074,233.32197732343283
153828.623536,-876.7094188207076,233.33308445893184
153838.575946,-876.5949024110663,233.4819200597227
153850.009264,-876.5899234367661,233.4996914748272
153858.625177,-884.684076039876,262.9091628011477
153868.575647,-910.32994298452,386.20392663448087
153879.044169,-842.2914289298737,429.79833067808806
153888.307538,-846.2762680528514,463.3207844557651
153898.308969,-934.5800374561672,435.081996199638
153908.285543,-953.3424723856745,471.9543632597663
153918.564844,-955.5838406626594,490.8753742064634
153929.263753,-955.6610147648008,492.8768806506141
153939.65032000002,-955.6817604911184,492.8935413591762
153948.596893,-955.6742920295968,492.9024270711388
153960.082272,-977.5294998442496,495.1571762926097
155067.399349,-987.0011686743698,131.75945859890518
155077.39792,-965.976619744541,172.11167294515596
155087.443235,-967.9922745184032,250.02932920693436
155097.866385,-972.633508421483,283.75503407803666
155107.365841,-919.2630527609332,305.89044449733314
155117.349829,-901.8515795299176,342.65839697981
155127.511143,-871.2259084247161,403.381114448552
155137.35651,-809.3231503937066,431.4266370983584
155147.38168700002,-725.0971609243285,430.2692733252064
155157.360514,-722.865750593959,402.8701861266221
155167.465426,-705.2700552989804,354.90956852093854
155177.13721400002,-708.0474931481607,338.86197777689495
155187.934563,-706.6799348644008,345.95166292380816
155197.427583,-713.0065515844498,344.56660301174367
155207.414213,-708.2649083605916,347.9154046481002
155217.129498,-709.3262597228394,347.07348370364315
155227.131105,-710.5776419386222,346.7091696278558
155237.35499300002,-711.0763692010372,345.9216736554927
155247.131648,-711.1079027052535,345.89390581419906
155257.343608,-711.1170308248837,345.90612366316645
155267.405216,-711.1518836451552,345.8739129685369
155279.314489,-711.1942049269553,345.81615585892723
155287.130127,-711.1767785168192,345.83503799143153
155297.119596,-711.2481438156108,345.7628416040694
155307.132195,-711.2763580034774,345.7250773401247
155317.117693,-711.2697193710729,345.7206344860824
155328.078609,-711.2987633880638,345.6673202315803
155337.366654,-711.3402548407397,345.6339988216784
155347.371376,-711.346893473292,345.60067741212936
155357.641986,-711.34938296037,345.6084524074088
155367.119591,-711.3394250117627,345.61067383513466
155377.409077,-711.3361056955606,345.60734169460375
155387.366591,-711.3219986016273,345.5962345570288
155397.358515,-711.3161897981995,345.5840167073551
155407.352437,-711.3128704819972,345.57513099750685
155418.415808,-711.3502127894938,345.5673560036428
155427.134767,-711.3668093705055,345.5551381532628
155437.418949,-711.3792568063377,345.5295917396993
155447.414694,-711.3883849259678,345.50626675245144
155457.361115,-711.4141096267565,345.4829417662633
155468.07260400002,-711.4124499686554,345.49404890207154
155477.40399,-711.4107903105541,345.505156040002
155487.450704,-711.4016621909241,345.5295917396993
155497.141924,-711.4157692848577,345.51626317474995
155507.351848,-711.4464729599497,345.4840524797739
155517.403604,-711.47966612212,345.45406321146544
155527.41831,-711.5203277458189,345.401859669774
155537.889392,-711.5344348397523,345.3818668241167
155547.139972,-711.5394138140559,345.3696489748007
155557.137602,-711.5493717628101,345.36409540654165
155567.9126,-711.5916930446101,345.3163347196007
155577.375731,-711.6016509933644,345.304116870636
155587.375936,-711.6365038136356,345.2663526056407
155597.370649,-711.6688671468289,345.1930455047884
155607.40502900002,-711.6945918474705,345.163056236487
155617.121113,-711.7734256077903,345.0630920085741
155627.137399,-714.2770198686006,340.76685165773
155637.446653,-715.9283796892358,343.1149002845186
155647.139681,-715.5981077250505,342.9716182256363
155657.399928,-717.3689629296946,342.05527947446154
155667.12459,-717.5199918179269,342.03639734234923
155677.13876,-717.5199918179269,342.03639734234923
155687.956065,-717.4776705359803,342.00529736058706
155697.390745,-717.483479339408,341.98419380146004
155707.389498,-717.4818196813068,341.9475402510981
155717.406539,-717.4917776299135,341.8920045696863
155727.140637,-717.5025654076445,341.8953367102124
155737.363098,-717.530779595658,341.87645457845565
155747.414317,-717.5515253219954,341.81758675687485
155757.404982,-717.5415673732414,341.8209188973981
155767.969388,-717.573930706434,341.80314747879703
155777.420038,-717.569781561255,341.80092605142806
155788.542972,-717.6096133558285,341.7820439200248
155798.41092,-717.6311889112906,341.7753796386234
155807.367045,-717.660232928281,341.7698260700236
155817.362862,-717.6594030991565,341.76427250213
155827.144381,-717.6867874580461,341.7598296473907
155837.359596,-717.7440456629025,341.70651539264725
155847.367876,-717.7581527568358,341.68763326053994
155857.407099,-717.7672808764653,341.6898546879081
155867.362625,-717.8336672009517,341.6187690159811
155877.359641,-717.9091816449202,341.5443512024711
155887.42437300002,-717.9232887388531,341.504365510888
155898.364433,-717.9515029267193,341.45216197001287
155907.882927,-718.0187190803297,341.3866298656343
155917.14511,-718.1066809601306,341.31110133721324
155929.893847,-718.1813655751223,341.2389049524994
155937.366869,-718.2353044637766,341.1911442653087
155947.428317,-718.2469220706314,341.17781570180256
155957.421096,-718.2535607030356,341.1667085653134
155967.440377,-718.2601993354405,341.1600442832072
155977.895883,-718.2684976259458,341.15004786128685
155987.144639,-718.2643484807667,341.17892641566453
155997.965462,-718.2635186516425,341.2089156842584
156007.803907,-718.2917328395084,341.23001924337706
156017.366875,-718.3423524119604,341.21557996530424
156027.42131,-718.3747157451527,341.21224782548927
156037.686819,-718.4128878816257,341.19669783320165
156047.422226,-718.4402722405151,341.1911442653087
156057.369053,-718.4543793344479,341.2200228200414
156067.94306700001,-718.5091480520788,341.2289085295158
156077.422444,-718.6087275387342,341.2033621156606
156087.145023,-718.618685487488,341.1822585572481
156097.146203,-718.651048820681,341.14893714742425
156107.147598,-718.7149456579416,341.116726452876
156117.42809,-718.7589265978418,341.093401466037
156127.372109,-718.83776035816,341.0145407978115
156137.427899,-718.8858904433864,340.972333681345
156147.147329,-718.950617109771,340.9256837073164
156158.468609,-718.9663838618053,340.905690862061
156167.147941,-719.0111946308296,340.89902657995697
156178.584998,-719.0676230065617,340.86126231540203
156187.403969,-719.0925178782255,340.8234980522624
156197.481182,-719.1315198438225,340.80128377999296
156207.414389,-719.153095399284,340.8001730664852
156218.004011,-719.1672024932169,340.7724052256216
156227.147664,-719.1647130059918,340.77906950737145
156237.151238,-719.1539252282607,340.8079480620977
156248.013247,-719.1057951430342,340.8568194617259
156257.457029,-719.0742616389659,340.895694438726
156267.522371,-719.0900283910003,340.8856980160994
156277.180264,-719.0734318099894,340.90791228872234
156288.814447,-719.0734318099894,340.9601158295806
156297.371942,-719.1066249721588,340.94900869380047
156307.374535,-719.1398181343279,340.9523408339688
156317.903578,-719.1381584762267,340.97455510765354
156327.362612,-719.1282005276203,340.9889943839577
156337.38539,-719.154755057385,340.98121938905206
156347.411855,-719.2178220656685,340.9423444113422
156357.152543,-719.2286098433999,340.9345694164366
156367.15309100001,-747.7191308074842,334.67458740213385
156377.517675,-799.6398751470921,318.49593296566155
156387.427537,-821.4179088745035,302.611618035651
156397.470542,-845.8364586536242,299.9248019219978
156407.14883,-876.4978124116966,297.3146250551403
156417.140185,-901.3188292766116,333.3806060332015
156427.144292,-904.414921480868,378.412269980164
156437.135971,-842.9262481569992,412.54561361343787
156447.456551,-821.6095993863582,419.19767835657854
156457.61801500001,-795.9529446542657,432.0308654001221
156467.194747,-726.39003459301,460.0530643220515
156477.183594,-671.317599485789,489.34925331408687
156487.15460100002,-649.4648811315114,494.3707908497535
156497.576948,-634.738734707225,501.6093133944024
156507.389969,-585.612854598834,503.9584733294259
156517.58856,-532.4581544171511,509.0777538051095
156528.126985,-483.3140180552535,546.447725027102
156537.155836,-475.5534567219861,608.9065081070257
156547.726214,-482.7704800235931,616.3482926387047
156557.545095,-483.0061514754411,621.1199204988334
156567.15851100002,-479.94076294197794,623.2547130491364
156577.217242,-477.6662014990223,627.8075302762056
156587.167981,-479.2013852529181,628.9682265497095
156597.150394,-479.1258708087488,637.5662647497675
156607.158883,-477.12432312531,654.4768879544672
156617.177023,-474.126150745316,669.4604224535319
156627.458656,-467.4684322274372,687.0008214794256
156637.448383,-462.4570945570065,699.2875425137839
156647.963689,-456.91964526482747,721.0664281142949
156657.162279,-417.1608755213253,713.7357137842102
156667.158258,-348.614505979608,667.1823476151999
156677.162024,-335.6965570584797,656.026334241584
156687.15909,-300.43878010829314,691.3370498855137
156697.376129,-318.81202524722937,718.5928673747586
156708.09569000002,-356.5916526986831,761.3642548712304
156717.159487,-394.7040415993498,803.2748415516216
156727.40141,-382.4997456676858,817.917390215683
156737.936454,-318.57718362428307,848.6475281491804
156747.443611,-262.20357650164266,898.8507158066895
156757.854975,-285.03466333305033,966.5843177399224
156807.148166,-94.95484946433872,951.8817870562468
156817.149972,-111.55060076785442,963.7519951900028
156827.415825,-115.66074408530996,973.1219846617578
156837.411038,-87.31046419467513,919.3456221132584
156847.165365,-62.267053094434296,873.0288230870262
156857.166943,-101.28561533743144,826.6809274294093
156867.181411,-129.3919254852199,792.0655114953828
156877.15281200001,-156.62940461014972,769.7701412740653
156888.158526,-203.9039361346269,710.8900637893803
156899.155389,-204.53045707228355,710.572399504784
156907.47814,-205.39015997481735,709.2306566562355
156917.569295,-260.60449590966454,644.2272175605066
156927.480738,-267.1045469093582,614.2012822576486
156937.475734,-229.45105346962092,573.2670256856258
156947.4617,-187.47746995977695,547.2218926809044
156957.496513,-183.93824903338495,526.8813876132963
156967.176529,-221.89877922598745,517.309254782108
156977.99001100002,-281.7062189874481,498.1072324294212
156987.492795,-317.6900963629565,489.8879495532919
156997.47911000001,-331.3407843413311,485.7238831745784
157007.909657,-339.123751061438,490.334456539426
157017.610927,-398.3494806436853,475.8107618047087
157027.165919,-427.57191086145406,485.7549831640305
157037.18312,-455.6226224499432,473.0739628342972
157047.167687,-487.4963564984324,437.1268203069427
157057.45145,-510.7730615232688,414.5959912182565
157068.945821,-545.9254501678033,369.8975388118738
157077.541706,-540.7356992512701,369.27998200321895
157087.152476,-543.2226969322518,372.843151510913
157097.168221,-543.753787528138,373.56733683804487
157107.167654,-543.9023269292258,372.9597764499187
157117.156571,-543.9786712023604,373.01864427530296
157128.006243,-544.0209924841828,373.0641835369579
157146.797803,-544.0409083815541,373.08195495550166
157150.195436,-544.043397868781,373.0786228152765
157150.196018,-544.043397868781,373.0786228152765
157152.704081,-544.0450575268829,373.0808442409153
157162.729995,-544.0458873558603,373.0830656690276
157173.597421,-544.0699523985604,373.06973710529695
157182.984161,-569.1805796325189,337.33141439520085
157192.921304,-646.7778946488354,308.1485251953896
157203.025225,-650.6291312968493,293.0883599786107
157212.711592,-631.0650814770661,231.76253564629368
157223.08612,-648.4641072902715,218.9260205051416
157233.267865,-698.7168952465455,194.7191326610081
157242.710811,-714.3185113214236,190.88828222805597
157253.00077800002,-715.6064060157034,189.55098332931848
157263.673207,-720.1389323173756,198.2345405156349
157272.70282,-738.9146445284418,216.7934507413267
157283.028701,-787.6056941862932,192.85535561353413
157293.026382,-799.8971221543053,242.74415956023324
157302.963339,-799.8971221543053,242.74415956023324
157313.431631,-885.5985476584325,291.0901863040761
157322.967502,-901.9851820077688,314.9982958632354
157332.71558,-881.4668287933115,396.13259659894936
157342.70748800001,-843.2092198649432,410.9306358096584
157352.939291,-783.9046565993636,437.8454521384855
157362.715298,-663.2831945681799,478.1554787899544
157372.73128500002,-570.7780005653811,510.1384856068677
157383.03976400002,-531.0839575002421,521.054582208247
157392.739557,-527.3704724742281,513.2173846306121
157402.711772,-525.7937972676672,513.4561881263669
157413.027826,-505.53684017911047,530.1324473814867
157423.390145,-513.5355624510194,562.1143461014693
157433.076248,-558.9479575430732,608.2089796503495
157444.367433,-560.2018292466718,610.6703221048983
157452.704791,-560.4740131770088,614.2990250984468
157462.720986,-597.1964383905845,655.4121092967521
157472.70325,-623.6596869827706,679.6490039718778
157482.707254,-623.6596869827706,679.6490039718778
157492.760519,-691.8210157940639,720.675456681552
157502.696849,-667.2024771984395,645.3179388702422
157512.702384,-668.1368647152684,634.2841044370844
157524.066403,-687.9548422236624,632.3770082483093
157533.195515,-762.6610327804727,610.991318480119
157542.963656,-787.6098433316184,594.4416785082916
157552.711181,-805.2827127233917,571.235529709167
157564.749144,-802.3691829100861,581.183084701935
157572.711712,-801.620677102156,580.5488669786207
157582.713715,-807.4029259597411,575.8738715444968
157593.431557,-810.1330635516277,574.0389719438105
157603.018812,-806.8552387831713,571.7131367442357
157613.045931,-807.2991973277941,582.3204558952575
157623.28853,-805.0935116987492,582.000570246423
157633.077966,-805.6577954563286,582.3726594555915
157643.159599,-804.8694578538472,581.2774953972144
157652.698364,-804.616359991964,581.2663882561142
157663.01406000002,-804.5964440946102,581.2408418340236
157673.104792,-804.5823370006815,581.2230704081958
157683.09716900002,-804.5732088810547,581.2175168392363
157693.040639,-804.5914651203082,581.2419525469683
157703.527501,-804.5740387101787,581.2375096913055
157712.968508,-804.5939546075329,581.2241811221986
157723.024736,-804.5956142656335,581.2319561212871
157732.89087,-804.5815071717046,581.2041882687149
157743.79122800002,-804.5939546075329,581.2130739818069
157753.530158,-804.5873159749831,581.2052989837797
157763.624663,-804.6080617014613,581.191970414672
157772.719507,-804.6180196500644,581.1975239857525
157783.493957,-804.600593239935,581.1886382733679
157792.975601,-804.5989335818347,581.175309704261
157803.007128,-804.5939546075329,581.1775311322692
157813.272626,-804.5765281972556,581.1708668471846
157822.720072,-804.5317174282458,581.1275489999751
157832.72754300002,-804.5184401634411,581.1231061428994
157842.971797,-804.5300577701449,581.1053347188388
157853.040291,-804.5209296506657,581.0664597265844
157862.740673,-804.4952049498859,581.0420240170879
157872.72296400002,-804.4918856336848,581.0253633070312
157883.076564,-804.5059927276135,581.0220311643125
157892.70317300002,-804.5516333255997,580.978713315692
157902.956527,-874.0672431093226,546.6132214116504
157912.971807,-914.652522531768,523.8235920903193
157923.144074,-964.5476541122636,470.09391754065126
157932.729469,-932.6930061853758,387.1291511582757
157942.704304,-868.8824711730592,415.6867121346698
157952.989954,-832.0978088156652,417.7848504416194
157962.975331,-806.0179412663595,433.22488272969457
157974.01333000002,-711.3062318494456,464.2226841018005
157983.323968,-646.1132015752785,475.0343728103196
157993.211231,-650.880569500771,492.22155944995467
158002.96852,-582.2902190588063,523.349317232079
158012.710024,-520.5036370351678,514.2248021701156
158022.71387500002,-487.80339324926376,523.7736099634545
158032.707997,-432.7077228906888,550.8683667363397
158042.723009,-321.76787634628806,596.0499924959792
158053.406393,-273.0079508172427,596.8541494898126
158062.738042,-254.55172277153588,577.5099533350324
158072.955271,-255.94915490261812,577.2878105262291
158082.996872,-249.2989048437045,579.4237136432426
158092.749897,-170.227813360534,531.7207683538162
158102.720763,-112.90156247208066,491.18748481193273
158112.730855,-63.18982300541169,444.5586064042028
158122.749981,-65.15070906620095,445.9247843998672
158132.722913,-59.29626507173136,453.89526680759593
158143.029209,-60.46466438345658,451.1173715194332
158152.989661,-53.1646581721014,454.7816164466568
158162.724222,-53.40862791474565,460.054175035983
158172.958874,-25.348788193333167,435.9550172468626
158182.768201,16.955897114553466,397.9297314174283
158192.711457,16.955897114553466,397.9297314174283
158202.713402,16.955897114553466,397.9297314174283
158212.802376,16.955897114553466,397.9297314174283
169946.655853,-811.1363268795101,1.9315299776421904
169956.615732,-811.1363268795101,1.9315299776421904
169968.746117,-811.1363268795101,1.9315299776421904
169976.329816,-811.1363268795101,1.9315299776421904
169986.451328,-902.5801694401866,307.5476291503631
169997.313089,-895.6187334979168,315.0360601255028
170006.386329,-895.5008977720848,314.10417142558407
170016.363716,-898.7480188642497,318.5270329466804
170026.631728,-907.1209940291138,346.6725160777567
170037.454774,-904.2506153279504,388.33649696754367
170046.561323,-865.3955294834541,395.6749825416357
170057.183814,-854.5903253565419,407.5785017002061
170067.723083,-809.1613337279471,425.4654361998985
170076.335725,-763.2444026063775,440.73108660732265
170086.668172,-672.6361978553549,478.06106810945033
170096.613576,-620.8382681927608,496.05352241467193
170106.696794,-575.3686149030026,509.2632430316241
170116.335882,-521.6388431839371,523.4270672092258
170127.222333,-420.3507384136365,559.2875789238865
170136.72454,-348.0834153834956,580.354492018125
170146.551895,-272.34325774297434,610.1338471915828
170156.722249,-223.14850178521837,624.71085927364
170166.332953,-207.05894620766617,630.9719548576725
170176.359482,-134.60325196062254,663.2948479114101
170186.372733,-66.03032786634714,703.3627531504667
170197.12706,-12.519630977699697,720.5721602512622
170206.598812,25.102328963606485,744.5658109708013
171626.38624,68.77208306947674,228.75139150780893
171636.358645,11.29480329001329,173.90436427795603
171646.364433,-57.66565097539111,122.05737826797623
171656.999452,-77.29110816488284,105.25339769898916
171666.362799,-76.779933466006,105.26672625729408
171676.358484,-77.85207260714995,103.44404586175092
171686.920044,-125.96058233611188,65.67979751753785
171696.701031,-178.6646853789455,9.868685427004449
173540.165351,-868.3696368170264,188.8379053450041
173550.134108,-873.6000493512746,232.9721025875591
173561.722655,-892.4969165929165,289.0820162131996
173572.368073,-908.5756843623914,314.72617103400285
173580.25153100002,-908.5756843623914,314.72617103400285
173590.159849,-915.796026969445,372.0367733736029
173600.161307,-876.2745883958372,410.709603772076
173610.169721,-831.4297964260618,425.6387075488207
173620.168535,-779.5629909815231,440.1279690092431
173630.451717,-742.199937759277,451.93485689654256
173640.342465,-679.5694196157845,474.6234086792388
173650.161549,-609.3874570508442,501.6692919452169
173660.132632,-524.0976266770119,522.3463425343217
173670.678166,-503.6813424095277,527.9576694416586
173680.131679,-503.625743862736,526.6970090965241
173690.14032,-503.65478787974536,526.7692055039525
173700.131447,-503.7452392468301,526.813634061748
173710.131655,-503.7568568536928,526.7958626385587
173720.138174,-486.7926614588051,537.1321668289447
173730.135363,-421.72327567279774,564.4468455500141
173740.132044,-340.8489656697765,598.9745026766167
173750.614634,-303.96389394024504,603.7750089720085
173760.131884,-304.01783282880825,602.5987627480896
173770.131955,-304.01783282880825,602.5987627480896
173780.130695,-302.49426668111767,600.7760809249613
173790.16138900002,-259.48505651252765,593.4675822640008
173800.161747,-216.0194403603093,554.5126193861474
173810.176444,-211.83544225723116,554.7192121921535
173820.159924,-211.85120900928368,554.607030076537
173855.515821,-211.82050533415668,554.8469443029021
173855.516407,-211.82050533415668,554.8469443029021
173856.774553,-211.82050533415668,554.8469443029021
173867.045725,-211.6080690956423,562.1498889506441
173878.523864,-212.0943489227776,562.2442996417732
173887.130209,-212.68601704011812,562.0399282622088
173897.121096,-212.79140533032367,561.3734998506218
173907.204183,-212.3540854175965,561.4912355366065
173917.069878,-210.405646792701,562.6463781184268
173927.081431,-210.39817833116365,562.5730709927817
173936.751397,-210.40315730562008,562.55974242487
173946.745152,-210.41477491234133,562.5353067156188
173959.383268,-210.407306450804,562.5375281436028
173968.612164,-190.8042546476388,550.0730955131752
173976.751493,-103.29214199624847,482.7349521106364
173986.743485,-61.17582788502419,457.43289037168336
173996.961691,-71.41259912771966,439.006148064448
174006.756671,-177.85643187773314,327.0873026839915
174016.730839,-198.6453094030661,285.3900044039004
174028.663542,-250.6365892827947,228.28489186359624
174036.98816,-370.98918682692647,129.71352476067213
174047.017521,-385.7833792436747,27.10806300307971
248184.11560699999,-838.3123986101076,154.42689539805076
248184.116304,-838.3123986101076,154.42689539805076
248186.334138,-845.8107339528489,174.67853147825235
248196.27127499998,-873.210859524519,231.87693913092943
248206.53819100003,-873.210859524519,231.87693913092943
248216.52640399997,-885.9321389385956,313.2467005353328
248226.553545,-904.9924825030098,350.0735212678189
248237.68446500003,-907.1732732594796,384.4456668277781
248246.547696,-854.8874041583972,409.2434616146373
248256.263832,-812.3470474712785,417.2328256976932
248266.263771,-782.6624025033988,424.0359475634216
248276.532699,-743.0438739086969,445.6782059315552
248286.575233,-720.72064248527,455.82346602277227
248296.331234,-645.0053797856699,486.3125615347056
248306.300695,-522.4960565987586,516.8305370739056
248316.313397,-494.6345460394633,513.0529989675896
248326.310607,-504.8713172760114,521.1101179062925
248336.30979300002,-505.76836248576376,523.6914171304161
248347.331155,-505.7791502635014,523.7247385477347
248347.33190199998,-505.7791502635014,523.7247385477347
248350.40972099997,-505.7791502635014,523.7247385477347
248360.60772300002,-505.7791502635014,523.7247385477347
248374.682366,-505.7791502635014,523.7247385477347
248380.74628400002,-505.7791502635014,523.7247385477347
248391.15969700002,-505.7791502635014,523.7247385477347
248400.653264,-505.7791502635014,523.7247385477347
248410.684721,-505.7791502635014,523.7247385477347
248422.75323,-505.7791502635014,523.7247385477347
248431.18533799998,-505.7791502635014,523.7247385477347
248440.40018199998,-672.2752222161719,938.501007177158
248540.65574699998,-786.9990891468854,962.2203195868884
248550.626471,-786.6903927382432,963.0344734785078
248560.63895899997,-786.8646568398466,962.8234376810412
248570.38441800003,-787.6305890579512,961.491690732247
248580.44759199998,-787.8305778603346,961.169583464276
248590.38362399998,-787.8463446123643,961.158476316642
248600.389675,-787.9002835010048,961.0796155728628
248612.390156,-787.9666698254737,961.0018655412008
248620.413439,-788.0056717910606,960.936333372114
248630.413287,-788.0795265769085,960.8463654800076
248641.215588,-788.1774464054382,960.7241868620728
248650.687694,-788.2396835845817,960.6508796901836
248661.85345000002,-788.3268156353824,960.5475832216418
248670.68253800002,-788.4081388829045,960.4631689028388
248680.70996699997,-788.4496303355688,960.4187403144432
248690.41169100002,-788.4554391389946,960.4076331668128
248700.41809700002,-788.508548198511,960.374311726402
248710.492659,-788.4803340106523,960.4276260321924
248720.41303899998,-788.4653970877465,960.4731653358808
248730.41345700002,-788.470376062048,960.4809403383392
248740.41181599998,-788.5093780276347,960.4453974669864
248750.79573699998,-788.5500396513223,960.4387331791144
248761.10514899998,-788.5658064033522,960.4287367467776
248770.69723999998,-788.5533589675236,960.4220724585542
248780.390567,-788.5724450357546,960.4431760385198
248790.388488,-788.6529384541531,960.3654260079452
248800.65509600003,-788.7409003340779,960.307668843104
248810.735471,-788.7799022996643,960.2276973826548
248820.91987900002,-788.9002275127735,960.0988544761854
248830.64761299998,-788.9632945208937,959.9833401454632
248844.050924,-789.0213825548589,959.937800842138
248850.39259600002,-789.1068549475588,959.846722234788
248860.393451,-789.1002163150092,959.8222865117796
248873.47115199998,-789.1184725542637,959.8933722537558
248880.38159099998,-789.1616236651756,959.8511650934862
248890.38710899997,-789.277799732959,959.7123257540022
248900.675982,-789.270331271432,959.7234329012736
248910.68861600003,-789.2894173396633,959.7212114721028
248920.78264800002,-789.3566334931087,959.676782883726
248931.40432300002,-789.4736393900162,959.550161406112
248940.636096,-789.5698995604438,959.423539929214
248950.63187200003,-789.6479034916172,959.3102470269988
248960.65897900003,-789.7151196450625,959.1791826910688
248973.157356,-789.7939534053595,959.1080969494728
248980.660893,-789.8752766527338,959.0547826423084
248990.67312700002,-789.9565999002557,958.91483258936
249002.918888,-789.9906228913927,958.8470789915318
249011.515192,-790.0445617800328,958.7493360967238
249020.39275700002,-790.1009901558969,958.6604789196628
249030.37433599998,-790.204718787704,958.5249717240272
249042.659052,-790.2470400696388,958.4638824147828
249050.39375199997,-790.2918508385043,958.4294502591124
249062.075003,-790.3532581886707,958.351700228978
249070.38350899998,-790.5449487004014,958.1484394362684
249080.669961,-790.862773228666,957.7530249995876
249090.67555100002,-791.0685708343261,957.4542427406692
249101.61568100002,-791.2685596367069,957.1610140564878
249111.827327,-791.274368440133,957.1599033426102
249120.47151600002,-791.3241581834473,957.0510532999318
249130.674224,-791.4901239945436,956.8155817826636
249144.75905000002,-791.6602389508183,956.614542419291
249150.66866,-791.7382428821384,956.5723352612176
249160.760058,-791.8154169841869,956.474592365826
249171.311043,-791.822055616589,956.4579316460092
249183.95358499998,-791.8876121120804,956.3513030336004
249190.60191599999,-791.9830424533833,956.1691458210282
249200.42089600003,-792.0618762136797,956.072513640948
249210.419365,-792.1597960422072,955.9503350222728
249220.42101199998,-792.2527368964329,955.8692528488452
249230.53935300003,-792.4187027075291,955.700424214149
249240.42299100003,-792.4942171514767,955.6471099074362
249250.42837100002,-792.5166225360566,955.6348920459584
249260.42467399998,-792.527410313784,955.600459889636
249270.41948,-792.5730509117728,955.5293741481804
249280.42133399998,-792.6435863814186,955.4049741007284
249290.42150700002,-792.627819629389,955.398309812523
249300.41973499997,-792.6386074071169,955.4060848153124
249310.419425,-792.6651619368743,955.3927562385466
249320.419478,-792.6917164666318,955.3472169356928
249330.422162,-792.714121851212,955.3205597832236
249340.43018499998,-792.7398465518452,955.3027883481274
249350.42946500002,-792.8211697993661,955.2205954590872
249360.43093499998,-792.8742788588812,955.1983811649528
249370.43090900002,-792.9033228758636,955.1928275906236
249380.81294200002,-792.9423248414499,955.173945440946
249390.429478,-793.187124412694,954.788527438628
249400.430998,-793.1862945837172,954.7963024407092
249410.42102500002,-793.1705278316872,954.8462846018816
249420.42083699998,-793.2286158655043,954.7785310059708
249430.42993200003,-793.2460422756346,954.7529845670338
249440.52279500003,-793.2659581729897,954.7629809996916
249452.31890500002,-793.4974804794282,954.5019630434318
249461.162828,-793.6568076581215,954.3109201140312
249470.78859699998,-793.7231939824414,954.1609736284393
249481.27297299998,-793.7680047514536,954.086555743646
249490.74116499998,-793.8128155204649,953.9954771376468
249501.61760099998,-793.8899896226606,953.9499378337664
249510.40539400003,-793.9480776564773,953.9388306872376
249521.611557,-793.9704830410567,953.985480705348
249530.424624,-794.0028463740924,953.96881998414
249540.442092,-794.0360395364004,953.9599342667746
249550.99207200002,-794.0542957756547,953.957712837611
249560.43331899997,-794.066743211483,953.9266128254196
249575.56080900002,-794.1157031256728,953.9143949636018
249580.960645,-794.1356190230276,953.899955672618
249591.041289,-794.1555349203825,953.9099521056252
249600.76247500003,-794.1713016724124,953.899955672618
249612.28555,-794.1870684244421,953.8544163683875
249620.69798800003,-794.231879193454,953.8155413558904
249631.142494,-794.2924567144952,953.7588949051316
249640.88708599997,-794.3405867997081,953.6778127310946
249650.66627200003,-794.3729501328917,953.5556341139944
249660.39580800003,-794.4833173972469,953.4734412253842
249670.39606899998,-794.9023810700864,952.8736552844276
249681.094122,-795.2708251707836,952.4382551221962
249691.24394,-795.4417699561799,952.2161121808504
249700.407233,-795.5405196136824,952.082826416622
249710.392816,-795.5911391861192,952.0617228378136
249720.408754,-795.6010971347235,952.1105942839772
249730.394024,-795.6168638867531,952.1727943079452
249740.65527800002,-795.7189328606046,952.2860872072428
249750.65139600003,-795.8010859371008,952.3038586430152
249760.83098,-795.8375984156097,952.3116336447326
249792.71640200002,-796.142975507892,952.2172228961384
249792.717102,-796.142975507892,952.2172228961384
249793.59208200002,-796.142975507892,952.2172228961384
249805.40357499997,-796.3271975582393,952.0372871134956
249813.58242299999,-796.3886049082569,951.976197804469
249823.586146,-796.4126699509369,951.9595370846924
249834.74852499997,-796.5636988389773,951.89400491699
249844.28969099998,-796.7827737095846,951.6751941208672
249853.918309,-796.9487395206773,951.4985904830796
249863.83449100002,-797.0757033661852,951.3864082987648
249873.84160900002,-797.2151146473736,951.2297975259296
249883.84156400003,-797.4341895179803,950.9876617212228
249895.589732,-797.7727597725676,950.6533365961362
249904.27745700002,-797.9022131052993,950.5467079851264
249913.57601699998,-798.0341559251078,950.4167543647588
249924.350131,-798.114649343356,950.3589972005872
249933.616219,-798.2001217360529,950.2956864635164
249943.63373700003,-798.3353838722101,950.1324114018826
249953.61604199998,-798.4996900250543,949.9902399208124
249963.617145,-798.6706348104475,949.8414041501568
249973.62155,-798.7843213911492,949.773650553725
249983.61678100002,-798.8930289974019,949.7014540982684
249993.62639000002,-798.9710329285722,949.6314790726836
250003.623989,-799.0946774577295,949.46487186843
250013.62099499998,-799.1776603633494,949.468204011815
250023.942763,-799.267281901224,949.4126682761256
250033.587736,-830.6987170284941,953.156887535625
250044.11403800003,-827.7495045661072,953.9443842605024
250055.36279900002,-826.3935638898165,956.5545638250492
250063.84302200002,-827.3802306366288,956.1102779406772
250073.857965,-828.3063198622569,955.4171919622034
250084.19944099998,-828.332044562887,955.40275267121
250094.355418,-828.3378533663118,955.4227455354734
250103.876419,-828.3619184088415,955.4616205511852
250113.888205,-828.3760255029158,955.4949419918617
250123.597469,-828.3834939642937,955.5249312894948
250133.87963200003,-828.3976010582212,955.5626955895652
250144.448717,-828.4191766136738,955.5604741603988
250153.922874,-828.4324538786242,955.559363445462
250163.85883399998,-828.421666100898,955.5626955895652
250173.571457,-828.4407521691264,955.5449241541132
250183.588961,-828.4648172118034,955.4482919740674
250193.591543,-828.4930313996573,955.4360741125912
250203.621496,-828.5071384935845,955.4216348208896
250214.51507300002,-828.4872225962324,955.4060848153124
250223.62647500003,-828.479754134707,955.3627669419752
250233.620969,-828.4988402030828,955.3494383655644
250243.59137200002,-828.5577580660154,955.3349990738628
250253.59242099998,-828.5917810571476,955.318338353352
250263.620693,-828.5917810571476,955.318338353352
250273.62087800002,-828.5917810571476,955.318338353352
250283.619257,-828.5917810571476,955.318338353352
250294.54524700003,-815.7900082216196,959.4190970694576
250303.591451,-818.1367647899949,962.412473235238
250313.59152400002,-816.5202577902546,965.6524280839836
250323.61969599998,-817.3318306064008,969.813165461468
250333.591354,-817.4571347936496,969.7742904454497
250343.592102,-817.4886682978539,969.7531868664385
250353.591552,-817.6778693223401,969.3111224027324
250363.63544299998,-817.7425959887004,969.2000509290845
250373.59000300002,-817.7508942793504,969.216711650079
250383.62136999998,-817.7334678690739,969.2200437949134
250393.620304,-817.7658312022545,969.2211545091526
250403.619384,-817.7691505184555,969.1933866411822
250413.61967200003,-817.8181104327876,969.1534009112931
250423.620594,-817.850473765968,969.148958051514
250434.08159,-817.8820072700247,969.1023080330172
250443.61938999998,-817.9127109451045,969.0945330301694
250454.10173199998,-817.9334566714336,969.06565444655
250463.623866,-817.9807569275184,969.0201151433536
250474.019092,-818.0039921410727,968.9867937006636
250483.622925,-818.0595906878071,968.9945687031563
250493.62798299998,-818.102741798714,969.0023437067106
250503.62102400002,-818.1633193197497,969.0134508536844
250513.62081199998,-818.1907036786286,969.0245580010126
250523.600846,-818.2338547893881,969.0412187230652
250533.601238,-818.300241113849,969.0689865906784
250543.62495300002,-818.3284553017047,969.0634330177209
250553.628183,-818.3533501733589,969.0734294490438
250563.63556499998,-818.4554191472013,968.8679472248951
250573.63094899998,-818.613916496754,968.540286378425
250583.63085500002,-818.8197141025385,968.1715290879088
250593.629399,-818.9101654695302,968.0804504801478
250603.630853,-818.9026970080039,967.9793754403656
250613.99785,-818.9201234181328,967.9427218528614
250623.61924,-818.9981273492966,967.8249860914
250633.62950299997,-819.0387889731268,967.7750039291648
250643.630361,-819.0421082893274,967.7583432078296
250653.86040600002,-819.181519570504,967.640607447088
250663.853897,-819.3292291424768,967.513985967509
250674.37688000003,-819.5325372608892,967.1085750914798
250684.54961199997,-819.7109505077938,966.8431142708512
250694.542262,-819.7466331571748,966.814235688682
250704.72552399998,-819.8080405073342,966.7653642407106
250714.47416900002,-819.8835549512738,966.7009427860064
250723.85820400002,-820.0030503352438,966.7264892254648
250734.58704600003,-820.0030503352438,966.7264892254648
250744.02309300003,-820.0030503352438,966.7264892254648
250754.71658500002,-820.0030503352438,966.7264892254648
250763.81815700003,-820.0030503352438,966.7264892254648
250774.464213,-820.0030503352438,966.7264892254648
250786.260882,-820.0030503352438,966.7264892254648
250793.893419,-820.0030503352438,966.7264892254648
250803.604946,-820.0030503352438,966.7264892254648
250813.93490800002,-820.0030503352438,966.7264892254648
250824.26407300003,-820.0030503352438,966.7264892254648
250834.97396,-820.0030503352438,966.7264892254648
250843.589015,-721.3894847041335,696.4363390136302
250854.49045299998,-721.3894847041335,696.4363390136302
250863.70131399998,-721.3894847041335,696.4363390136302
250874.74232599998,-643.4453011608149,638.7380681817889
250883.96448599998,-643.4453011608149,638.7380681817889
250894.76850600002,-609.2712809829889,650.2073026510825
250903.860525,-561.7087988123563,660.5258374211029
250922.811723,-473.68136237109945,703.6926352879668
250922.812268,-473.68136237109945,703.6926352879668
250928.732951,-465.6154239449136,720.1378709610918
250938.422428,-403.2537703666664,690.0730570736022
250948.430111,-381.9728042169359,673.6600328901995
250960.17413099998,-360.2960096064364,671.2631116170493
250968.42278599998,-359.05458533811066,672.6115186714751
250978.433873,-358.557517733334,672.7914543744374
250988.420824,-320.2791630190922,640.0053930346369
250998.426329,-316.3482627786603,636.814311268678
251008.49617199998,-315.03962235671213,635.8180006754402
251018.46489899998,-313.2837040731791,634.6306472505316
251029.12721500001,-313.2837040731791,634.6306472505316
251038.78084599998,-313.2837040731791,634.6306472505316
251049.20781199998,-313.2837040731791,634.6306472505316
251072.89900200002,-283.43475291214327,634.4185008481288
251072.89955399997,-283.43475291214327,634.4185008481288
251074.82951600003,-283.43475291214327,634.4185008481288
251090.53431699998,-283.43475291214327,634.4185008481288
251100.04029300003,-159.21930109574996,651.4424168147
251101.790854,-106.78074335032856,678.2550576184533
251101.791529,-106.78074335032856,678.2550576184533
251102.62000899998,-79.88100465060195,685.5991001110326
251112.62448099998,-2.5567033235466226,707.8355995232853
251123.18362400003,58.1635484094456,740.1085143401756
251896.88917200002,18.44212095504252,218.12297470206357
251907.15749600003,-40.493168477214056,147.24391247174026
251917.21593700003,-102.748603964292,112.10316618005264
251927.19948799998,-163.24812116557936,173.56004314133796
251936.899878,-163.24812116557936,173.56004314133796
251948.619417,-163.24812116557936,173.56004314133796
251957.224623,-163.24812116557936,173.56004314133796
251977.110488,-458.2896930366535,512.9841347039967
251978.811877,-456.66737723164704,525.9006271881053
251987.16079199998,-447.50689427991495,530.0957938207207
251996.88563399998,-445.3211245457866,531.7241004950316
252009.32847699997,-450.9116828976796,527.8143873399765
252017.26194899998,-454.6699786932873,526.9291483137147
252027.17363499998,-454.0716719437712,550.3152311640993
252037.75837899998,-468.3131982065304,676.7411541333332
252047.225099,-449.6453637578936,739.1055392995456
252057.17935700002,-476.92018517740206,764.0966122256073
252067.089512,-577.098808484722,830.0530566110677
252081.246044,-618.3861233327749,878.1503279646034
252087.46246699998,-623.4464209153124,899.3183266579301
252149.19924299998,-728.2090198828112,986.5605224365077
252158.13828600003,-786.2489236808098,961.5061300236443
252169.43902700001,-802.2239628254755,958.8137575511474
252182.21647900002,-790.3134263939602,951.3386475664936
252187.445148,-793.6393812478437,960.5664653724348
252197.74508499997,-792.4502362115886,958.1706537307914
252200.76529699998,-791.492613481621,957.0543854450982
252200.76589900002,-791.492613481621,957.0543854450982
252202.38303499998,-791.6029807459774,957.119917612986
252212.444596,-792.9921145847636,958.531636012952
252229.30614099998,-791.9390615134951,956.5523423962344
252232.336949,-792.561433304921,956.9588639799076
252242.638367,-792.6576934753474,957.0310604356496
252254.866006,-793.3647078306411,958.0984572746504
252262.68256900003,-793.2294456946282,957.8685393294646
252272.440705,-793.2145087715757,957.8107821636416
252282.33982199998,-793.2418931304568,957.8118928789332
252297.394925,-793.2759161215935,957.8452143196524
252297.395636,-793.2759161215935,957.8452143196524
252298.068918,-793.2759161215935,957.8452143196524
252308.59940600002,-793.2667880021138,957.8429928901296
252318.06905900003,-793.2609791986882,957.8363286026216
252328.069162,-793.2468721047586,957.8274428838246
252338.068855,-793.2037209938478,957.7930107285222
252351.564673,-793.1921033869957,957.7907892993522
252358.624666,-793.1995718485224,957.7974535872138
252368.31656600002,-793.205380651948,957.80745001918
252378.24344299998,-793.1912735580187,957.7974535872138
252388.39296,-793.1862945837172,957.8041178747214
252398.32436,-793.1705278316872,957.7730178642316
252408.02320000003,-793.1655488572382,957.759689286036
252418.64248100002,-793.1721874897884,957.7663535746034
252428.391349,-793.1622295410367,957.735253564114
252438.339909,-793.1506119343326,957.71081783972
252448.64788799998,-793.1638891991373,957.6886035459104
252458.40524700002,-793.1630593701608,957.5764213601532
252468.372022,-793.173017318765,957.5564284944536
252479.93055299998,-793.2236368912027,957.584196362244
252489.104809,-793.2352544979068,957.5853070771824
252498.33990300001,-793.2203175750012,957.523107053032
252509.55250100003,-793.2203175750012,957.523107053032
252518.06852400003,-793.2078701391727,957.3864891436024
252528.069568,-793.1663786863621,957.2920783929784
252539.42315999998,-793.1638891991373,957.24653908937
252548.33395899998,-804.296875805616,960.061090175667
252558.358683,-810.7139438903484,960.9196726526096
252574.62503700002,-811.9412610631239,956.8633425154292
252581.040734,-812.5727609742746,953.8788520927296
252588.631301,-812.4740113166306,953.6022841320938
252598.37545999998,-812.3188332834222,952.9547374594886
252608.20246700002,-812.2458083265583,952.8880945771696
252618.072573,-812.2499574717356,952.8403338434464
252628.077908,-812.215934480454,952.8836517181364
252638.07130799998,-812.2175941385544,952.7048266503622
252648.08636,-812.1943589249997,952.8569945642896
252658.07206300003,-812.1951887541237,952.85255170561
252668.07219300003,-812.1918694379228,952.822562409434
252678.07064199998,-812.2051467027268,952.7170445121708
252688.32093900003,-812.2084660189278,952.6759480677098
252698.240282,-812.2175941385544,952.4327015471688
252708.071587,-812.2217432838797,952.4604694159432
252718.07524200002,-812.219253796655,952.4549158419758
252728.071859,-812.2059765318508,952.3416229419594
252738.07262800002,-812.2051467027268,952.2472121919524
252748.071847,-812.2308714035058,952.0006335287852
252758.071762,-812.2308714035058,952.0006335287852
252768.072214,-812.2308714035058,952.0006335287852
252778.071203,-812.2101256771757,951.6996298437676
252788.07250799998,-812.2209134549028,951.705183417732
252798.079029,-812.2383398650318,951.6296548173984
252808.071111,-812.2375100359083,951.6141048122072
252818.07327999998,-812.2424890102096,951.5674547948646
252828.07144,-812.2458083265583,951.5496833590964
252840.33774100002,-812.4599042227029,951.7174012791822
252848.101889,-812.5121834532376,951.749612005916
252858.072036,-812.8001341353705,952.0617228378136
252868.042123,-812.817560545647,952.0728299839776
252878.07197299998,-812.9071820835164,952.1539121575904
252888.07140400002,-812.9428647328981,952.1316978638466
252898.05206400002,-812.9760578952033,952.1094835693972
252908.082577,-813.0067615701364,952.1550228725242
252918.07153500002,-813.0067615701364,952.1550228725242
252928.082531,-813.0150598607867,952.1461371551673
252938.05227000001,-813.0117405445858,952.1194800013344
252948.045862,-813.0117405445858,952.1194800013344
252959.04901699998,-813.027507296614,952.0461728312052
252968.042462,-813.0291669547141,951.9895263815608
252978.03160800002,-813.030826612815,951.9817513780804
252988.05209699998,-813.030826612815,951.9817513780804
252998.04846500003,-813.0499126810446,951.9739763760132
253008.376733,-813.0499126810446,951.9739763760132
253018.080661,-813.0499126810446,951.9739763760132
253028.10078200002,-813.0499126810446,951.9739763760132
253038.08057800002,-813.0499126810446,951.9739763760132
253048.10186899998,-813.0499126810446,951.9739763760132
253058.081239,-813.0499126810446,951.9739763760132
253068.079282,-813.0499126810446,951.9739763760132
253082.31780400002,-813.0499126810446,951.9739763760132
253088.33343199998,-813.0499126810446,951.9739763760132
253098.03874100003,-813.0499126810446,951.9739763760132
253108.13759899998,-813.0499126810446,951.9739763760132
253118.31177300002,-813.0499126810446,951.9739763760132
253128.29423600002,-813.0499126810446,951.9739763760132
253138.287484,-813.0499126810446,951.9739763760132
253153.71897000002,-813.0499126810446,951.9739763760132
253158.09527299998,-639.2538345999815,624.4898271611974
253168.07960099998,-639.2538345999815,624.4898271611974
253178.08981499998,-639.2538345999815,624.4898271611974
253189.10958299998,-639.2538345999815,624.4898271611974
253198.07961599997,-639.2538345999815,624.4898271611974
253208.07968599998,-562.864750687343,654.211427265255
253218.080491,-528.7372009296173,664.6054906652278
253228.13061000002,-503.2199574543207,666.4859298096279
253238.080483,-473.7303222854857,680.4231717876972
253248.082463,-460.6638339664413,708.597549517596
253258.080216,-460.6638339664413,708.597549517596
253268.07995800002,-460.6638339664413,708.597549517596
253278.08306900001,-460.6638339664413,708.597549517596
253288.43555000002,-321.6583389109141,637.8661575717651
253298.08048600002,-310.81081348495,646.8662744215069
253308.71776400003,-316.1864461126788,631.9527154447522
253318.09027100002,-316.1864461126788,631.9527154447522
253328.09024800002,-304.4999635107034,632.6335832161043
253338.10012699998,-241.15330282481943,577.7387604282254
253348.09010300002,-202.39281742259377,555.5566905548757
253358.61391699998,-145.1288037146516,509.1232930767959
253368.09031600002,-110.0527593206868,484.6109478602271
253378.090331,-108.65449736029728,486.9978720049267
253392.00872,-108.13917351609612,486.8501470580252
253398.05921399998,-107.3176427500186,487.0522969858861
253408.06055999998,-102.6423858449523,483.58020537568393
253418.060793,-102.6423858449523,483.58020537568393
253428.060745,-102.6423858449523,483.58020537568393
253438.05946,-102.6423858449523,483.58020537568393
253448.059256,-102.6423858449523,483.58020537568393
253458.287844,-102.6423858449523,483.58020537568393
253468.35431,-61.00156378300945,443.6367139368654
253478.30937399997,18.510166937568894,389.6482498701485
253488.304728,37.75971156458023,375.1656538430638
253918.09354200002,38.255119511408544,196.96277369125823
253928.09269599998,41.117199927851104,194.16710811229
253938.06347999998,-0.6887581169595977,169.56147512229413
253948.93656600002,-76.71852611574587,106.426310861971
253960.67974199998,-117.25401587406772,120.69120096899516
253968.35397999999,-198.19056308017687,225.84021159110907
253978.38676300002,-198.19056308017687,225.84021159110907
253988.52969099997,-198.19056308017687,225.84021159110907
253998.29139400003,-435.6760214249677,496.29121518861774
254008.30020800003,-450.4934490533728,508.1725219548501
254021.83947700003,-451.1481841786698,509.827485707237
254028.434027,-451.3714081948403,509.71197145880586
254038.30840100002,-451.39547323739896,509.66976433004953
254049.03663199997,-480.23369259872464,542.1214940354475
254058.30248500002,-482.1165747273208,596.3454424407147
254071.79910799998,-469.5537926456037,617.4690031831437
254079.22144199998,-469.5537926456037,617.4690031831437
254088.886142,-499.0177031140741,775.654706107765
254098.57286500002,-550.4654449334341,801.796480630265
254111.192457,-609.8662684160563,856.9068013878199
254111.193091,-609.8662684160563,856.9068013878199
254113.02604499998,-610.3791027725729,859.7146877420289
254124.76540399998,-625.1840829583164,874.2383912493035
254132.798047,-677.3056459518664,935.9074884082376
255534.05663600002,-730.2213553424757,971.1537981468638
255549.391394,-759.1392382689675,973.7462063459956
255553.37401,-787.5642027334817,961.8871051711496
255565.11014700003,-788.8247130686774,963.8663988060237
255574.18053600003,-788.8753326409686,964.6650026930732
255583.667308,-789.0653634947474,965.309217232782
255593.80122,-789.076981101452,965.2347993464734
255603.626898,-789.1981361435373,965.1792636103038
255613.953467,-791.8328433943171,963.1688699598916
255623.982422,-785.2664060791617,954.9484703551648
255634.246741,-786.0016346223343,956.2146851239044
255643.632986,-785.9891871863579,956.3568566065184
255653.64031800002,-786.0688507757802,956.6023245578097
255664.17978600002,-786.0746595792066,956.6078781317896
255673.658722,-786.1028737670653,956.6112102748332
255683.668078,-788.7823917868889,955.286127626554
255693.63323200002,-788.7823917868889,955.286127626554
255713.22422300003,-788.7823917868889,955.286127626554
255716.91268600003,-794.9065302154121,949.1649788991152
255716.913364,-794.9065302154121,949.1649788991152
255719.395099,-794.9065302154121,949.1649788991152
255731.154517,-794.87748619843,949.1816396199276
255739.66484399998,-794.8177385065128,949.120550311702
255749.661911,-794.5795775676722,948.477446501476
255759.65640200002,-794.4758489357203,948.286403574828
255769.635431,-794.8202279937373,951.2142475196824
255779.93701100003,-795.1463508124999,953.3057233058448
255789.631976,-798.7502983998663,953.2324161346088
255800.07723199998,-799.0316104496127,953.3268268850215
255810.07599100002,-799.0789107057005,953.1235660928704
255819.42810599998,-799.2340887390645,953.3890269079684
255829.662699,-799.268111730348,953.396801911101
255839.42484800002,-799.2722608756735,953.37680904686
255849.43434300003,-799.2730907046495,953.3590376114288
255859.63746800003,-799.2780696789515,953.362369754822
255873.90639699998,-799.2838784823772,953.3457090339728
255883.385904,-799.3004750635304,953.201316123491
255889.637287,-799.5095919853851,952.4315908336482
255899.39183,-799.5120814726096,952.6126373294984
255909.50725400003,-799.5253587375616,952.6415159117958
255919.42773899998,-799.531997369964,952.7126016534918
255929.671098,-799.5378061733895,952.7359266621786
255939.63717600002,-799.5402956604669,952.7292623736288
255950.047301,-799.550253609218,952.7448123798904
255959.77687799998,-799.5718291645256,952.7825766795502
255969.70798600002,-799.5627010450461,952.77035881774
255980.62254500002,-799.5494237800938,952.7836873941304
255989.777233,-799.5419553185675,952.7847981094212
255999.75708600003,-799.5469342928695,952.8036802590734
256009.697189,-799.5660203612475,952.8103445469168
256020.973027,-799.5685098483244,952.8103445469168
256029.63210299998,-800.0232561706878,953.337934032254
256047.115241,-839.6210390302513,951.376411865064
256047.11595799998,-839.6210390302513,951.376411865064
256047.818192,-839.6210390302513,951.376411865064
256058.276546,-847.9433946246735,950.8199438012044
256069.233119,-863.6255041089556,945.665116896477
256078.13728599998,-878.3441820591418,948.477446501476
256088.66369599997,-895.0909622188963,914.5140134246212
256098.14817099998,-884.4135517678059,910.1611227772996
256112.320012,-884.4135517678059,910.1611227772996
256119.18070599998,-884.4135517678059,910.1611227772996
256128.079122,-884.4135517678059,910.1611227772996
256138.47499500003,-884.0310005734693,910.0789298948824
256148.090522,-884.0276812572686,910.0789298948824
256158.062755,-884.0276812572686,910.0789298948824
256168.986321,-884.0276812572686,910.0789298948824
256178.291924,-884.0276812572686,910.0789298948824
256188.12231500002,-884.0276812572686,910.0789298948824
256199.62793400002,-884.0276812572686,910.0789298948824
256208.12515100001,-883.9023770699074,910.1100299045602
256218.064883,-883.9023770699074,910.1089191903578
256228.085246,-883.9023770699074,910.1089191903578
256241.08886,-883.9023770699074,910.1089191903578
256247.91991899998,-883.9023770699074,910.1089191903578
256257.87881400003,-875.1319137869361,802.7428093335484
256268.402845,-884.7438237317715,793.7138117014418
256278.06728400002,-884.7438237317715,793.7138117014418
256288.11422299998,-884.7438237317715,793.7138117014418
256358.00546599997,-984.9017011660176,609.9816793590209
256367.86791,-984.9017011660176,609.9816793590209
256487.838181,-984.9017011660176,609.9816793590209
256487.83891000002,-984.9017011660176,609.9816793590209
256502.08840600002,-984.9017011660176,609.9816793590209
256502.096573,-984.9017011660176,609.9816793590209
256510.71326999998,-984.9017011660176,609.9816793590209
256524.733735,-984.9017011660176,609.9816793590209
256530.072065,-984.9017011660176,609.9816793590209
256540.01409600003,-984.9017011660176,609.9816793590209
256552.02980500003,-984.9017011660176,609.9816793590209
256560.33392700003,-984.9017011660176,609.9816793590209
256570.332095,-984.9017011660176,609.9816793590209
256631.757075,-984.9017011660176,609.9816793590209
256631.757717,-984.9017011660176,609.9816793590209
256634.67822700003,-984.9017011660176,609.9816793590209
256644.93841600002,-984.9017011660176,609.9816793590209
256655.076715,-984.9017011660176,609.9816793590209
256665.19911900003,-984.9017011660176,609.9816793590209
256674.97676100003,-984.9017011660176,609.9816793590209
256695.752788,-984.9017011660176,609.9816793590209
715409.699678,-31.15510210270639,150.14953846115372
715419.648644,-61.49697172983498,110.25271793446028
715429.712682,-73.45397860702408,109.3174973937676
715439.392438,-73.59338988857633,110.54483551412856
715449.39293,-70.7495657114417,103.27410673841146
715459.390205,-70.47821160987499,103.18080682896398
715469.39412,-92.00397733905798,85.79814518700118
715479.3940249999,-177.09298914574575,16.084235718745724
715489.393356,-180.8463059686356,11.129344745818386
715499.61469,-175.2059578710414,5.485811722566684
715509.64769,-177.23074076903862,1.2973128306019586
790991.798354,-795.4060873067951,36.29810314512364
791010.403888,-802.6936460707385,26.65933491637308
791011.754585,-802.6936460707385,26.65933491637308
791022.209945,-853.8824811725954,120.43240478131747
791031.772611,-857.3022067087968,159.3751232079905
791042.486442,-856.9088677366902,166.08494239333223
791051.7569609999,-862.2471580484421,164.8842612858787
791061.756387,-859.5211696023181,165.60844637540905
791071.756545,-861.211531387597,172.40156912733943
791086.5962469999,-861.211531387597,172.40156912733943
791091.755323,-861.211531387597,172.40156912733943
791101.756513,-861.211531387597,172.40156912733943
791111.748709,-885.7064254356698,269.18469409851804
791121.756543,-892.6612227458432,283.3129700918823
791131.756437,-889.8505917365372,284.041598169467
791141.757349,-891.8438411266792,283.0541738388098
791154.311844,-891.595722239188,270.65861092593514
791161.756501,-891.595722239188,270.65861092593514
791172.35333,-906.0903463427704,236.95512101729935
791181.954914,-877.93922548037,228.18825979458592
791191.8814419999,-857.1569866242185,182.44130708709028
791201.721484,-864.7905841023389,131.1918841182847
791211.880567,-865.0718961520093,107.09273879823182
791224.233209,-861.9633565115449,84.44307509751984
791231.804598,-858.0565213199812,77.86098878975018
963373.7517949999,-874.0738817417235,991.3388173647204
963373.752476,-874.0738817417235,991.3388173647204
963379.287514,-874.0738817417235,991.3388173647204
963386.486693,-874.0738817417235,991.3388173647204
963393.524479,-874.0738817417235,991.3388173647204
965164.903756,-52.46760176463051,448.271722701552
965164.904386,-52.46760176463051,448.271722701552
965166.585811,-76.83138286749958,429.3307201731811
965174.1045199999,-117.94858279443868,376.9594564619624
965181.2787039999,-189.05331533814595,305.54501257577107
965187.496543,-215.31906463655952,281.3025785979113
965197.526631,-279.26818121941386,215.99373708087003
965201.923261,-353.52128519011865,128.94046832783786
965208.835413,-380.2251842242635,81.95396685225845
965221.454428,-381.3827957578434,31.592011748352355
1287000.004497,-674.3091332316906,921.8691657938572
1287006.945335,-696.8522693584038,981.98548834409
1287048.945021,-752.6557838586288,977.5737293540906
1287055.944818,-768.443281638783,973.6184741510448
1287062.9470030002,-784.1004962564249,966.3021961991096
1287071.654063,-783.9768517271121,963.0422484809754
1287077.1886570002,-784.1726913841736,962.065930241944
1287084.2475100001,-784.1245612989587,961.9870694967124
1287091.210401,-784.1187524955326,961.9559694854464
1287098.1990540002,-784.1370087347879,961.8993230344352
1287107.0498660002,-784.151115828717,961.852673016124
1287112.215758,-784.1751808713984,961.8115765711012
1287119.4219860001,-784.2075442045829,961.733826539762
1287125.952832,-784.2166723240629,961.7027265292048
1287132.950468,-784.2199916404118,961.7105015316674
1287142.3375940002,-784.2299495890157,961.7005050989716
1287148.286431,-784.258163776875,961.6682943724152
1287154.1965430002,-784.2565041187746,961.5538907558254
1287161.199609,-784.2689515546032,961.4361549968976
1287177.3890520001,-784.2888674519595,961.407276414106
1287177.392799,-784.3087833493145,961.3428549595916
1287182.200815,-784.3336782209725,961.3428549595916
1287189.4326570001,-784.332018562872,961.345076389473
1287196.191136,-784.3444659987008,961.2728799328524
1287203.741115,-784.355253776429,961.0307441243378
1287210.3072630002,-784.340316853375,960.8963476431132
1287216.93643,-784.3353378790733,960.7297404353566
1287223.973244,-784.33616770805,960.6042296719036
1287230.971545,-784.3535941183281,960.3843081587372
1287238.206578,-785.8854585545491,958.921496876872
1287248.403166,-787.2870398290473,959.4435327938756
1287251.955247,-787.4687723921771,959.4601935144276
1287258.954108,-787.4795601699047,959.4579720845492
1287265.935885,-787.4762408537038,959.4679685168784
1287277.054495,-787.4803899988815,959.4690792321732
1287280.2663540002,-787.481219828006,959.4690792321732
1287287.5219150002,-787.4845391442072,959.4968471003456
1287293.952769,-787.5011357253611,959.4901828121264
1287300.956075,-787.5185621354918,959.4957363854072
1287313.435084,-787.525200767895,959.4912935260048
1287315.4124530002,-788.5923609331105,958.8248646977064
1287321.956501,-791.1457449365223,958.3339287938528
1287328.9501450001,-792.4884083480505,957.7574678572212
1287335.957963,-792.7622519364247,957.8829786201236
1287342.9899300002,-792.819510141265,957.8963071965536
1287350.4773310001,-792.8344470641712,957.8974179114922
1287356.982387,-792.8435751837984,957.8874214795228
1287363.9858970002,-792.8502138162012,957.856321467266
1287370.988638,-792.865980568378,957.8041178747214
1287379.8866760002,-792.8941947562364,957.723035701564
1287384.985915,-792.9083018501655,957.697489263292
1287392.164265,-792.8991737305386,957.698599977524
1287399.7023860002,-794.1115539803473,958.2872787766912
1287406.1871250002,-814.7278270308201,952.3060800714726
1287413.1872410001,-830.6414588236622,949.4582075788322
1287428.9451600001,-836.9987792158036,948.3374964507552
1287428.948886,-859.0722320834903,955.5227098599748
1287434.3869790002,-883.3057299793408,982.2276241610411
1287447.4819200002,-896.5332051165763,993.5058218866178
1534977.720347,-14.723656952028367,864.9339353933619
1534984.73077,-32.00401722772923,873.0110516544972
1534991.722786,-44.85889914414836,872.1024871408631
1534998.698757,-72.42167126050234,847.5512529181631
1535005.703103,-81.57219626806452,830.3174066609391
1535012.704499,-97.36716253196704,815.4871469647198
1535019.720004,-135.49365853848275,787.8803395623131
1535026.7211270002,-158.33221383425845,777.3696491344081
1535033.702557,-186.27172834060124,744.3514431042429
1535040.9689510001,-196.6545494964421,700.2560853511907
1535047.95554,-207.48547834265227,688.682442840383
1535054.726834,-223.15265093040205,667.0324011975775
1535061.6994150002,-273.3340736364539,620.6967384189514
1535068.7041840001,-274.18381859030086,620.974416948475
1535075.700162,-254.2297490976479,595.0425748244702
1535082.735763,-209.86957722217912,557.760347153627
1535089.704057,-187.59115654050035,527.0924232654035
1535096.716409,-173.06665856319057,524.7432632449959
1535103.7141490001,-190.3876804611168,543.703150754623
1535110.718241,-199.08179948682127,548.4281280805217
1535117.7197750001,-199.10420487143364,549.1067743324629
1535125.7911450001,-203.84003929714385,558.0302506588382
1535399.569779,-138.0628092977596,486.05598662775935
1535399.5703750001,-138.0628092977596,486.05598662775935
1535400.83932,-138.0628092977596,486.05598662775935
1535408.2106930001,-50.963121684867446,388.5886289814842
1535415.2074610002,-43.95189598522066,373.9649723400565
1535422.0869550002,-43.95189598522066,373.9649723400565
1536436.481478,-69.53386614341089,102.78095007111428
1536443.540145,-114.1546043474825,112.94730823964416
1536450.4901190002,-150.92930882043748,158.00450297619318
1536457.4978490002,-171.8426607047181,183.32321349456365
1536464.7683650001,-171.8426607047181,183.32321349456365
1536472.2830780002,-171.8426607047181,183.32321349456365
1536478.92638,-171.8426607047181,183.32321349456365
1536485.5031390002,-426.6408426602202,482.8438020716031
1536492.474716,-459.8879437989494,509.5387000854661
1536500.1676,-460.1045291825592,509.37320371057547
1536506.763671,-476.5583797088923,531.5497184028403
1536513.744016,-540.7439975419276,526.5159627213314
1536520.781464,-579.1435072785739,512.9252668650106
1536528.769112,-620.0408024701348,499.185735635489
1536535.183645,-667.9360460836745,483.4446982817482
1536541.492078,-708.4690463083602,473.24501277000655
1536548.489543,-761.5507215042342,445.0028919300865
1536555.8872790001,-810.4749531225468,431.3355585662019
1536562.783732,-834.5532729899741,441.3919613230989
1536568.130244,-841.7420820952817,460.07527859927006
1536570.100719,-841.7420820952817,460.07527859927006
1536577.2169360002,-896.1738891356584,449.9411255775551
1536583.722357,-895.7747413601943,439.3004872222775
1536590.859661,-895.2776737562443,435.658456661726
1536597.720989,-895.5241329856316,435.3307960897904
1536604.715613,-896.169739990482,435.0242390812712
1536611.747583,-896.4585205016378,434.9120569873504
1536618.759491,-896.4161992197214,434.9131677016204
1536625.7526470001,-896.3655796474524,434.8987284231776
1536632.716989,-896.3581111859296,434.89428556786487
1536639.719621,-896.3713884507283,434.8598534403373
1536646.7368140002,-896.3257478527593,434.8520784425687
1536653.781156,-896.3016828102369,434.84430344550486
1536660.7369070002,-896.2776177675671,434.8531891564848
1536667.491104,-896.29504417769,434.8454141601287
1536674.4931370001,-896.2875757161667,434.8354177362938
1536683.790273,-896.2776177675671,434.8298641674178
1536688.731597,-896.2593615283204,434.7932106127643
1536695.5237520002,-896.1979541783286,434.79654275239307
1536702.4774870002,-896.1747189647822,434.7954320377693
1536709.723676,-896.1655908451593,434.8020963216227
1536716.81174,-896.1680803323826,434.8043177494568
1536723.76141,-896.1672505032587,434.8109820326025
1536730.750525,-896.1788681101056,434.8198677425211
1536737.8420540001,-896.1888260587054,434.8287534531474
1536745.2107240001,-896.1962945202285,434.8309748809797
1536751.743562,-896.2070822979518,434.8376391637717
1536758.714192,-896.2153805884512,434.8365284495022
1536765.4798420002,-896.2087419560515,434.83430702167016
1536772.4958640002,-896.1938050330052,434.8320855948971
1536782.3563370002,-896.1796979390814,434.8243105974798
1536787.11687,-896.1755487937581,434.8143141732909
1536793.4838480002,-896.1763786228818,434.80542846266593
1536805.367242,-896.1597820417352,434.799874894144
1536810.8855340001,-896.1664206742821,434.78321418786845
1536814.499454,-896.1614416998352,434.78543561428734
1536821.499402,-896.1647610160351,434.78321418786845
1536828.49997,-896.1664206742821,434.7865463285584
1536835.4900250002,-896.1614416998352,434.7954320377693
1536842.500306,-896.1589522127592,434.7954320377693
1536849.500075,-896.1572925546595,434.7954320377693
1536856.4905690001,-896.1647610160351,434.8020963216227
1536863.5001720001,-896.1531434093358,434.8020963216227
1536870.499879,-896.1597820417352,434.8043177494568
1536877.499665,-896.1713996485825,434.8065391772882
1536888.510616,-896.1996138364283,434.79876418022656
1536891.503646,-896.181357597182,434.8009856080601
1536898.499176,-896.1938050330052,434.799874894144
1536905.500624,-896.1921453749052,434.8009856080601
1536912.498445,-896.1929752040287,434.8032070362456
1536919.499969,-896.1987840073045,434.8087606051232
1536927.665218,-896.2021033235042,434.80987131868505
1536933.500522,-896.1971243492046,434.8076498908514
1536940.528382,-896.1921453749052,434.8043177494568
1536947.500274,-896.1921453749052,434.8043177494568
1536954.5062580002,-896.1921453749052,434.8043177494568
1536961.499884,-896.1904857168055,434.8043177494568
1536968.499692,-896.1946348621286,434.8087606051232
1536975.5284900002,-896.1996138364283,434.80987131868505
1536982.499545,-896.2021033235042,434.8087606051232
1536989.500059,-896.2029331526284,434.8076498908514
1536996.5002380002,-896.2054226398517,434.8087606051232
1537003.498414,-896.1996138364283,434.8065391772882
1537010.499854,-896.1996138364283,434.8065391772882
1537017.5004230002,-896.1996138364283,434.8065391772882
1537024.5005140002,-896.2112314431284,434.8043177494568
1537031.595008,-896.2137209303513,434.8009856080601
1537038.4999260001,-896.2137209303513,434.8020963216227
1537045.500242,-896.2079121269279,434.8032070362456
1537052.7670880002,-896.1954646911047,434.8065391772882
1537059.8224550001,-896.1888260587054,434.8032070362456
1537066.774892,-896.1830172552816,434.8032070362456
1537073.8010240002,-896.181357597182,434.8032070362456
1537080.489155,-896.1788681101056,434.8009856080601
1537088.581183,-896.1780382809822,434.799874894144
1537094.721319,-896.1780382809822,434.799874894144
1537101.820826,-896.1780382809822,434.799874894144
1537108.734509,-896.1780382809822,434.799874894144
1537115.506969,-896.1780382809822,434.799874894144
1537122.483275,-896.1780382809822,434.799874894144
1537129.501419,-896.1780382809822,434.799874894144
1537136.5013350002,-896.1780382809822,434.799874894144
1537143.484007,-896.169739990482,434.78432490143166
1537150.7863110001,-896.169739990482,434.78432490143166
1537157.855738,-896.169739990482,434.78432490143166
1537165.664181,-896.169739990482,434.78432490143166
1537171.5037240002,-896.1888260587054,434.78321418786845
1537189.210875,-896.1913155459285,434.78543561428734
1537189.211501,-896.1913155459285,434.78543561428734
1537191.4990090001,-896.1913155459285,434.78543561428734
1537200.816418,-896.1913155459285,434.78543561428734
1537205.167598,-897.4161432310387,435.6073638264885
1537212.1674290001,-897.9356162194072,435.7384280556281
1537219.17469,-897.6850078448463,435.51628529483617
1537226.1687820002,-897.6850078448463,435.51628529483617
1537235.6413230002,-897.4858488716773,435.3230210930801
1537240.462735,-897.4659329743314,435.3207996666597
1537247.435732,-897.4659329743314,435.3207996666597
1537254.459131,-897.4559750257316,435.32524252161977
1537261.464257,-897.4028659660925,435.3330175176253
1537268.941748,-897.4012063079924,435.3307960897904
1537275.439769,-897.3920781885164,435.33412823189553
1537282.4660840002,-897.3812904107934,435.3330175176253
1537289.437987,-897.3705026330705,435.3330175176253
1537296.395559,-897.37216229117,435.3319068040613
1537303.436494,-897.3588850262233,435.3374603739992
1537310.959334,-897.3588850262233,435.3374603739992
1537317.420442,-897.3588850262233,435.3374603739992
1537324.439003,-897.3588850262233,435.3374603739992
1537331.179797,-897.3588850262233,435.3374603739992
1537338.1873940001,-897.3049461376075,435.3563425074063
1537345.171388,-897.2966478471081,435.3585639352384
1537353.0443870001,-897.2966478471081,435.3585639352384
1537359.4976610001,-897.2966478471081,435.3585639352384
1537366.428523,-897.2261123774931,435.3652282183868
1537373.438058,-897.2070263091229,435.3574532209688
1537380.421969,-897.199557847747,435.353010367422
1537387.1707970002,-897.1829612666006,435.3541210799262
1537394.50863,-897.1779822923008,435.353010367422
1537401.403224,-897.1771524631774,435.353010367422
1537408.4700880002,-897.1796419504009,435.3518996524441
1537420.0231660001,-897.1829612666006,435.3541210799262
1537423.67415,-897.1829612666006,435.3541210799262
1537429.1881900001,-897.1829612666006,435.35078893923566
1537436.190495,-897.180471779377,435.35078893923566
1537443.468971,-897.1779822923008,435.34523537071016
1537450.4698470002,-897.1779822923008,435.34190322789954
1537457.196952,-897.1771524631774,435.33968180006536
1537464.188937,-897.1746629761011,435.335238946165
1537471.1905230002,-897.1746629761011,435.3330175176253
1537478.4065800002,-897.1746629761011,435.3330175176253
1537485.4165710001,-897.1763226342011,435.33412823189553
1537492.4221060001,-897.1763226342011,435.3330175176253
1537499.415057,-897.1730033180011,435.33412823189553
1537506.940892,-897.1730033180011,435.3330175176253
1537513.5350590001,-897.1680243435544,435.3274639494546
1537520.417845,-897.1655348564776,435.3230210930801
1537527.418494,-897.1638751983777,435.3196889523895
1537534.821718,-897.1564067368548,435.3163568113455
1537541.894554,-897.1505979334311,435.31080324211456
1537548.421789,-897.1406399848319,435.3041389600265
1537555.536422,-897.1306820360847,435.300806817922
1537562.41968,-897.1223837455854,435.29525324869326
1537569.536446,-897.1174047712854,435.28525682556045
1537576.4230600002,-897.1132556259616,435.2774818284967
1537583.878943,-897.1066169935624,435.2752604006631
1537590.5225870002,-897.1016380192624,435.2741496870992
1537597.431453,-897.096659044815,435.2752604006631
1537604.196035,-897.094999386715,435.273038972829
1537611.190169,-897.0941695577393,435.27081754641
1537618.192129,-897.0933397286154,435.2697068321376
1537625.192023,-897.0900204124159,435.2685961175148
1537632.472632,-897.0875309251923,435.2641532625547
1537639.4260800001,-897.0858712670921,435.260821121158
1537646.4649480002,-897.0875309251923,435.2597104075947
1537661.187729,-897.0858712670921,435.260821121158
1537661.195703,-897.0842116089921,435.260821121158
1537667.479098,-897.0842116089921,435.260821121158
1537674.4167000002,-897.0842116089921,435.260821121158
1537681.430107,-897.0842116089921,435.260821121158
1537692.097612,-897.083381780016,435.27081754641
1537697.5764950002,-897.0825519508921,435.2674854039529
1537698.6196700002,-897.0784028057163,435.2652639761179
1537698.6202530002,-897.0784028057163,435.2652639761179
1537699.780195,-897.0784028057163,435.2652639761179
1537706.784897,-897.0701045150695,435.2597104075947
1537713.776494,-897.0701045150695,435.2519354108829
1537720.780436,-897.048528959623,435.25415683801015
1537728.321059,-897.046039472547,435.255267551927
1537735.027164,-897.0394008399996,435.255267551927
1537741.9960490002,-897.0377411818995,435.253046124092
1537749.086048,-897.0385710110235,435.2519354108829
1537756.002977,-897.0344218657,435.25415683801015
1537763.7118320002,-897.0344218657,435.25415683801015
1537770.043279,-897.028613062424,435.24749255486176
1537777.499154,-897.0277832333002,435.2463818412992
1537783.769843,-897.0277832333002,435.2463818412992
1537790.8401890001,-897.0228042590005,435.253046124092
1537800.0791910002,-897.0228042590005,435.253046124092
1537804.779871,-897.0228042590005,435.253046124092
1537811.778653,-897.0228042590005,435.253046124092
1537818.78027,-897.0228042590005,435.253046124092
1537825.780187,-897.0228042590005,435.253046124092
1537833.373073,-897.0228042590005,435.253046124092
1537839.7801100002,-897.0228042590005,435.253046124092
1537846.780576,-896.9912707549541,435.2130604276819
1537853.7799280002,-896.9912707549541,435.2130604276819
1537860.7802940002,-896.9912707549541,435.2130604276819
1537871.681384,-896.9912707549541,435.2130604276819
1537874.7805340001,-896.9912707549541,435.2130604276819
1537881.780033,-896.9912707549541,435.2130604276819
1537888.77985,-896.9912707549541,435.2130604276819
1537908.8448980001,-896.9912707549541,435.2130604276819
1537908.8455750002,-896.9912707549541,435.2130604276819
1537910.2372040001,-896.9912707549541,435.2130604276819
1537917.228081,-896.9912707549541,435.2130604276819
1537924.2326550002,-896.9912707549541,435.2130604276819
1537940.388377,-896.9912707549541,435.2130604276819
1537940.3920540002,-896.9912707549541,435.2130604276819
1537945.593359,-896.9912707549541,435.2130604276819
1537952.2524040001,-896.9912707549541,435.2130604276819
1537959.249126,-896.9912707549541,435.2130604276819
1537966.5242700002,-896.9912707549541,435.2130604276819
1537973.483868,-896.9912707549541,435.2130604276819
1537980.4768690001,-896.9912707549541,435.2130604276819
1537987.58103,-896.9912707549541,435.2130604276819
1537994.9362640001,-896.9912707549541,435.2130604276819
1538004.2306030001,-896.9912707549541,435.2130604276819
1538009.0637490002,-896.9912707549541,435.2130604276819
1538015.479144,-896.9912707549541,435.2130604276819
1538022.462699,-896.9912707549541,435.2130604276819
1538029.517042,-896.9912707549541,435.2130604276819
1538037.857302,-896.9912707549541,435.2130604276819
1538043.5154630002,-896.9912707549541,435.2130604276819
1538050.2329270002,-896.8875421230468,435.13308903415367
1538057.2488650002,-896.890861439246,435.1230926099647
1538065.0255840002,-896.8950105845697,435.1219818964
1538071.5229800001,-896.9008193878459,435.135310461988
1538078.647657,-896.8875421230468,435.1464176000957
1538085.252274,-896.8883719520227,435.1441961719087
1538092.241496,-896.883392977723,435.140864031218
1538099.500434,-896.8800736615232,435.13419974736416
1538109.7053200002,-896.8717753710234,435.13419974736416
1538113.5150610001,-896.8742648580998,435.1286461788401
1538120.5349980001,-896.883392977723,435.1286461788401
1538127.547133,-896.882563148747,435.1253140374433
1538134.522208,-896.883392977723,435.1186497542977
1538141.548843,-896.8784140034231,435.1208711828375
1538148.525083,-896.8717753710234,435.1208711828375
1538155.542383,-896.8692858838,435.1197604678602
1538163.044427,-896.8676262257003,435.1142068989835
1538169.251082,-896.8626472514002,435.1142068989835
1538176.250163,-896.856838447977,435.1075426176039
1538183.252795,-896.856838447977,435.1075426176039
1538190.2544850002,-896.856838447977,435.1075426176039
1538197.2527750002,-896.856838447977,435.1075426176039
1538204.252767,-896.856838447977,435.1075426176039
1538212.460156,-896.856838447977,435.1075426176039
1538218.2542050001,-896.856838447977,435.1075426176039
1538225.4802720002,-896.856838447977,435.1075426176039
1538232.5364,-896.856838447977,435.1075426176039
1538239.4993170002,-896.856838447977,435.1075426176039
1538246.479309,-896.856838447977,435.1075426176039
1538253.503789,-896.856838447977,435.1075426176039
1538261.05103,-896.856838447977,435.1075426176039
1538267.5264120002,-896.856838447977,435.1075426176039
1538274.486041,-896.7954310978376,435.11753904073305
1538281.715909,-896.7954310978376,435.11753904073305
1538288.724745,-896.7879626364614,435.1142068989835
1538295.2655870002,-896.7904521235379,435.1142068989835
1538302.475268,-896.7846433201145,435.080885485015
1538309.2452230002,-896.7738555425389,435.0564497820284
1538316.251841,-896.7605782775919,435.0242390812712
1538323.251817,-896.7497904998694,435.0031355196814
1538330.2557120002,-896.7041499019,435.0153533713503
1538337.5366180001,-896.6535303294839,435.02312836700224
1538349.4148270001,-838.8733630514101,445.6326666653063
1538351.972218,-838.8733630514101,445.6326666653063
1538352.761196,-747.8054330291741,443.6622603563593
1538358.523368,-743.9741122799536,438.8873016857148
1538365.4989560002,-737.8043332521062,415.00251245506695
1538372.5416630001,-737.8383562433974,400.42217304213295
1538379.99527,-731.2619609781564,390.1558460397305
1538386.530391,-713.075427396015,363.20437818006303
1538393.5810870002,-707.7612021238683,340.2514805317087
1538401.94245,-729.9475117541843,324.01173670516346
1538407.574396,-744.3085333892838,324.0061831362614
1538414.802938,-806.0303887021871,312.354797525849
1538421.3182060001,-839.5729089450468,308.8249497641859
1538428.256034,-895.1100482871193,282.3910778586277
1538435.2548830002,-912.730638440562,329.4931083691994
1538442.254903,-900.8856585100356,385.9251374918021
1538449.4869090002,-866.587164006578,400.9897477636329
1538458.046843,-866.587164006578,400.9897477636329
1538463.629751,-829.0954872937873,426.7061034950795
1538470.499036,-829.0954872937873,426.7061034950795
1538478.2554330002,-829.0954872937873,426.7061034950795
1538485.893355,-829.0954872937873,426.7061034950795
1538491.616484,-560.3420703570954,510.0951677634325
1538498.817828,-496.3439938952087,512.9363740042883
1538505.5277210001,-469.7886342684816,502.6433880505776
1538512.247096,-463.766564807712,513.0563311098323
1538523.1975840002,-460.01905678977215,516.2063158378168
1538527.500955,-459.0091548283734,515.7531445503835
1538533.911082,-469.204434612929,517.099329848256
1538540.2586,-444.7651390780904,493.7521232054361
1538547.2520360001,-444.2780294221595,480.9200456287924
1538555.0761610002,-474.65060270873687,458.5702613434279
1538561.258196,-506.4579504314164,426.4628571766932
1538568.2407820001,-526.1448149583958,387.430154574662
1538575.2469970002,-547.0847213591975,367.8116185147844
1538586.094909,-550.1252150204648,378.0257416121499
1538589.47809,-532.5444566389004,383.0339497034749
1538596.548907,-526.8734048696329,387.2302261055
1538603.4914880001,-540.6286513030262,381.4278576825331
1538610.26775,-537.4910676421974,380.24716901553353
1538617.2600560002,-534.7974425262203,381.39897912612014
1538626.4269070001,-537.5018554199345,379.4985479800258
1538631.263223,-540.1232854079384,378.6621805625283
1538638.258573,-539.6436442135044,377.55368829044806
1538645.260495,-538.7441095167505,378.49001993890687
1538652.264285,-538.24704191217,378.416712834989
1538659.2639630002,-538.3565793476415,378.46558423807295
1538666.259577,-538.3524302023127,378.461141382541
1538673.26165,-538.3516003733353,378.4578092423045
1538680.249791,-538.3433020826776,378.45891995583264
1538688.015726,-538.3333441340656,378.461141382541
1538694.2649160002,-538.3159177239205,378.4711378050136
1538701.2615170002,-538.2935123393219,378.5000163620891
1538708.928302,-538.3001509717301,378.4977949350288
1538715.536524,-538.3076194332629,378.50112707632417
1538723.0795810001,-538.3134282366937,378.5000163620891
1538732.7815790002,-538.3167475528979,378.4922413656124
1538736.7729550002,-538.320066869102,378.4922413656124
1538743.2669250001,-538.3192370401247,378.491130652083
1538750.263364,-538.3192370401247,378.491130652083
1538757.6727810001,-538.320066869102,378.4622520971288
1538764.256675,-538.3159177239205,378.4600306693628
1538771.262943,-538.3051299461836,378.45336638712473
1538778.263914,-538.3076194332629,378.45336638712473
1538785.260347,-538.3101089204896,378.4555878148914
1538792.262173,-538.3150878947957,378.4578092423045
1538799.263024,-538.3142580658184,378.4578092423045
1538806.2514250001,-538.3043001170589,378.4555878148914
1538813.5259810002,-538.3043001170589,378.4555878148914
1538820.491805,-538.3043001170589,378.4555878148914
1538827.522778,-538.3043001170589,378.4555878148914
1538834.4886140001,-538.3043001170589,378.4555878148914
1538846.584607,-538.3043001170589,378.4555878148914
1538848.5285440001,-538.3043001170589,378.4555878148914
1538855.952513,-538.3043001170589,378.4555878148914
1538862.479096,-538.277745587279,378.4400378226483
1538869.5472980002,-538.271936783848,378.4400378226483
1538876.506882,-538.2760859291768,378.4411485361778
1538883.5473850002,-538.26529815144,378.4378163955886
1538890.6955350002,-538.26529815144,378.4378163955886
1538897.586144,-538.2677876386667,378.4311521133504
1538904.514109,-538.2661279805648,378.425598544289
1538911.642015,-538.2661279805648,378.425598544289
1538918.264142,-538.2702771257461,378.418934262755
1538925.248292,-538.2702771257461,378.418934262755
1538932.248364,-538.2702771257461,378.418934262755
1538939.523244,-538.2702771257461,378.418934262755
1538946.5800420002,-538.2785754164036,378.3967199879225
1538953.5756040001,-538.2769157583016,378.3800592828555
1538960.522152,-538.2611490061112,378.38561285121136
1538967.5379710002,-538.2636384933379,378.38672356438747
1538975.022698,-538.2594893480092,378.3800592828555
1538981.499428,-538.26529815144,378.3700628596768
1538988.610674,-538.2594893480092,378.36562000414335
1538996.3820280002,-538.2569998609297,378.3567342948455
1539002.496618,-538.2536805447256,378.35118072684446
1539009.978415,-538.2478717412947,378.3467378713125
1539016.549661,-538.2511910574991,378.3467378713125
1539023.5222860002,-538.2536805447256,378.3445164449605
1539030.5307770001,-538.2536805447256,378.3367414484859
1539037.533359,-538.2478717412947,378.3334093075432
1539045.342009,-538.2354243054559,378.3367414484859
1539051.493701,-538.2395734506375,378.3356307353091
1539059.218906,-538.2404032797621,378.33452002036574
1539065.522175,-538.2379137925353,378.33229859436784
1539073.149489,-538.2287856730479,378.32896645236406
1539079.5296510002,-538.2221470404925,378.32563431142273
1539087.0024380002,-538.2229768696171,378.32674502530494
1539093.4953090001,-538.2146785789595,378.3223021701265
1539100.490901,-538.2146785789595,378.3223021701265
1539107.5367090001,-538.2146785789595,378.3223021701265
1539114.534167,-538.2146785789595,378.3223021701265
1539124.431635,-538.2047206303472,378.3200807434203
1539128.300895,-538.2047206303472,378.3200807434203
1539138.4080400001,-538.2047206303472,378.3200807434203
1539142.271663,-538.2105294337779,378.3134164604759
1539149.2712380001,-538.2121890918802,378.3156378882418
1539156.5961000002,-538.2121890918802,378.3167486014187
1539163.552533,-538.2080399465513,378.3223021701265
1539170.4885550002,-538.2130189208575,378.3167486014187
1539177.489729,-538.2113592627554,378.3056414654144
1539191.0210850001,-538.2196575534131,378.29897718211663
1539191.61965,-538.2329348182294,378.302309323412
1539198.483956,-538.2337646473541,378.2923128998791
1539205.59122,-538.2428927669888,378.2923128998791
1539212.49918,-538.2487015702723,378.2856486187
1539220.182121,-538.24704191217,378.28231647740654
1539226.496494,-538.2412331088868,378.2889807585837
1539233.6406460002,-538.2379137925353,378.2789843364624
1539240.260288,-538.2395734506375,378.2745414805778
1539247.271926,-538.23874362166,378.2667664855171
1539254.547957,-538.2379137925353,378.2678771986938
1539261.626346,-538.2412331088868,378.2612129164549
1539268.551888,-538.2536805447256,378.2545486349251
1539275.5006330002,-538.2536805447256,378.2545486349251
1539283.0649930001,-538.2536805447256,378.2545486349251
1539289.270698,-538.2536805447256,378.2545486349251
1539296.270497,-538.2536805447256,378.2545486349251
1539303.270427,-538.2536805447256,378.2545486349251
1539310.524782,-538.2536805447256,378.2545486349251
1539317.5708440002,-538.2536805447256,378.2545486349251
1539324.269554,-538.2536805447256,378.2545486349251
1539331.47518,-538.271106954871,378.2256700782079
1539343.4869390002,-538.2744262710748,378.2256700782079
1539345.4980600001,-538.2744262710748,378.2256700782079
1539352.536516,-538.2744262710748,378.2256700782079
1539360.0442350002,-538.2744262710748,378.2256700782079
1539370.2766850002,-538.2744262710748,378.2256700782079
1539373.4994360001,-538.2960018265487,378.1967915225517
1539380.5035980002,-538.298491313628,378.18679509866536
1539387.4963510002,-538.3192370401247,378.1556951148912
1539394.5009680002,-538.320066869102,378.1534736892454
1539403.676801,-538.320066869102,378.1523629743019
1539408.517068,-538.320066869102,378.1523629743019
1539415.599845,-538.320066869102,378.1523629743019
1539422.4984310002,-538.320066869102,378.1645808256002
1539429.500404,-538.3208966982266,378.1601379700683
1539437.0211200002,-538.3242160144307,378.1534736892454
1539443.493637,-538.3242160144307,378.1534736892454
1539450.259112,-538.3242160144307,378.1534736892454
1539457.2829240002,-538.3242160144307,378.1534736892454
1539464.277401,-538.3308546468388,378.14236655076905
1539475.0429850002,-538.3491108861086,378.1279272724127
1539478.502547,-538.3831338774212,378.08127729781137
1539485.514009,-538.4071989199747,378.04684517203697
1539492.539533,-538.4055392618726,378.0535094546272
1539501.6834210001,-538.4379025950833,378.0357380363876
1539506.496451,-538.4611378086591,378.0057487654382
1539513.624571,-538.4594781505572,378.0257416121499
1539520.5005130002,-538.4544991762508,378.02796304062144
1539527.547615,-538.4511798600468,378.034627322152
1539534.496364,-538.4536693471263,378.0312951808572
1539541.603304,-538.4636272958859,378.024630899326
1539548.5634680002,-538.4835431932578,378.0046380519087
1539563.5043930002,-538.4868625094614,378.0157451893232
1539563.5050060002,-538.4868625094614,378.0157451893232
1539566.847432,-538.4885221675637,378.01241304767575
1539573.8457570001,-538.4901818256658,378.0090809067337
1539580.846295,-538.4835431932578,378.0090809067337
1539588.7731380002,-538.4860326803368,378.0079701924972
1539595.181391,-538.4910116546431,378.00241662379
1539602.090428,-538.4827133641331,377.9990844835564
1539609.109587,-538.4876923384389,377.9968630564966
1539618.0045760002,-538.4876923384389,377.9968630564966
1539622.8721820002,-538.4876923384389,377.9968630564966
1539629.8438960002,-538.4876923384389,377.9968630564966
1539636.933313,-538.4876923384389,377.9968630564966
1539643.8443200001,-538.4876923384389,377.9968630564966
1539650.844215,-538.4876923384389,377.9968630564966
1539657.8983540002,-538.4876923384389,377.9968630564966
1539665.523451,-538.4876923384389,377.9968630564966
1539672.145456,-538.4876923384389,377.9968630564966
1539678.8541970002,-538.4876923384389,377.9968630564966
1539685.832409,-538.4876923384389,377.9968630564966
1539692.848193,-538.4876923384389,377.9968630564966
1539699.9089660002,-538.4876923384389,377.9968630564966
1539706.935037,-413.2017610936869,99.97973133896356
1539713.8560950002,-382.0914697719364,50.47413462669993
1545910.8157290001,-336.16043150092594,167.1923235832954
1545917.339998,-273.2651978248147,232.89657407338711
1545924.3401660002,-233.380294052262,271.4572139413497
1545931.361451,-204.66986835382343,303.9355886103921
1545938.7425860001,-166.5674373919734,337.7501534341215
1545946.591859,-123.74078960966526,386.2072587754369
1545953.666405,-118.0116498026533,412.1624173677138
1545960.0933460002,-118.0116498026533,412.1624173677138
1545966.6504610002,-118.0116498026533,412.1624173677138
1545973.644147,-118.0116498026533,412.1624173677138
1545984.1396360002,-91.4596094778259,429.61173076217096
1545987.598457,-91.4596094778259,429.61173076217096
1545995.8319020001,-67.64683486858497,441.1998078350091
1546002.7722770001,-67.64683486858497,441.1998078350091
1546008.430618,41.190224884834265,538.2828665110882
1546024.533281,82.42940968359143,563.4027743681617
1546443.9675490002,53.364646974789785,828.0237812427858
1546443.968118,53.364646974789785,828.0237812427858
1546445.707995,53.364646974789785,828.0237812427858
1546452.749115,53.364646974789785,828.0237812427858
1546463.5864030002,53.364646974789785,828.0237812427858
1546467.952214,53.364646974789785,828.0237812427858
1546467.9528060001,53.364646974789785,828.0237812427858
1547823.5283090002,-99.77698611251148,993.9134542093942
1547834.1391130001,-95.7058447606679,952.512673006568
1547837.5281500001,-96.26514954482748,944.36780213858
1547850.372536,-97.05182749044806,942.2618870919096
1547851.5470810002,-96.7140870644626,941.9275619716016
1547858.53459,-96.2319563824692,941.6832047418064
1547866.3193,-96.00707270823634,941.5932368513546
1547872.7701770002,-95.98383749464448,941.5787975601152
1547882.213353,-96.01288151152376,941.5765761313204
1547886.954897,-119.86880723143145,910.0656013188031
1547893.571093,-170.6609841280944,898.4908442745482
1547901.983588,-231.83432251996624,867.4330431364921
1547907.562849,-284.41063188253463,842.5341554512701
1547918.594588,-286.04954426907824,835.6621648071174
1547926.427635,-286.2254680290151,834.8035825006358
1547929.0821770001,-286.0395863204611,834.6702967612158
1547935.6866980002,-285.8312992271494,834.4859181540045
1547942.5282400001,-285.77984982566545,834.4081681393833
1547955.9786780002,-256.27444789285875,772.4669558039619
1547959.3146320002,-256.27444789285875,772.4669558039619
1547963.5775970002,-225.16415656348025,674.871822101433
1547970.5477550002,-225.16415656348025,674.871822101433
1547978.301465,-225.16415656348025,674.871822101433
1547990.025288,-225.16415656348025,674.871822101433
1547993.571656,-225.16415656348025,674.871822101433
1547998.80985,-287.622900160186,608.9542688137929
1548006.228445,-319.89246267878286,595.3591283377546
1548012.8130100002,-319.89246267878286,595.3591283377546
1548020.4285600001,-319.89246267878286,595.3591283377546
1548034.925453,-319.89246267878286,595.3591283377546
1548034.929198,-319.89246267878286,595.3591283377546
1548040.5538950001,-319.89246267878286,595.3591283377546
1548047.5572340002,-319.89246267878286,595.3591283377546
1548055.4709720002,-319.89246267878286,595.3591283377546
1548061.550796,-319.89246267878286,595.3591283377546
1548071.903024,-639.2513451127553,483.9900587986809
1548075.5393710001,-647.5728708843166,485.2851511889409
1548082.608869,-647.5728708843166,485.2851511889409
1548089.567029,-647.5728708843166,485.2851511889409
1548096.5357070002,-647.5728708843166,485.2851511889409
1548106.881907,-647.5728708843166,485.2851511889409
1548110.571215,-647.5728708843166,485.2851511889409
1548118.1935790002,-647.5728708843166,485.2851511889409
1548125.2851550002,-647.5728708843166,485.2851511889409
1548132.110303,-647.5728708843166,485.2851511889409
1548139.38295,-647.5728708843166,485.2851511889409
1548145.833815,-647.5728708843166,485.2851511889409
1548153.553362,-647.5728708843166,485.2851511889409
1548159.818292,-647.5728708843166,485.2851511889409
1548171.201567,-647.5728708843166,485.2851511889409
1548174.609594,-647.5728708843166,485.2851511889409
1548180.539119,-647.5728708843166,485.2851511889409
1548187.53651,-647.5728708843166,485.2851511889409
1548194.558409,-647.5728708843166,485.2851511889409
1548201.540024,-647.5728708843166,485.2851511889409
1548212.0733200002,-647.5728708843166,485.2851511889409
1548215.5560670001,-647.5728708843166,485.2851511889409
1548222.5406540001,-647.5728708843166,485.2851511889409
1548230.2709700002,-647.5728708843166,485.2851511889409
1548236.8555,-647.5728708843166,485.2851511889409
1548244.035778,-647.5728708843166,485.2851511889409
1548250.9397510001,-647.5728708843166,485.2851511889409
1548257.537793,-647.5728708843166,485.2851511889409
1548266.403284,-647.5728708843166,485.2851511889409
1548271.796428,-647.5728708843166,485.2851511889409
1548278.5322530002,-981.033038113068,499.0779963854013
1550377.7410960002,-991.9486094981658,596.2332603186952
1550386.9255650002,-970.7647333902694,538.4483628938489
1550391.721361,-969.4668807487584,526.8947161813066
1550398.76267,-964.471309839249,519.4451576983821
1550405.7214870001,-963.1742870266748,516.9193941893743
1550412.7317020001,-963.204990701588,516.7849978016784
1550426.88146,-963.197522240214,516.7772228039202
1550427.0693750002,-963.1950327529908,516.7772228039202
1550435.440046,-963.1966924110908,516.7761120899547
1550444.738942,-963.1950327529908,516.7794442318525
1550447.939745,-963.2473119834916,515.0023019276641
1550456.956125,-957.0999383457356,438.3175055043778
1550461.694295,-934.7053416433532,389.03402518322014
1550468.685151,-919.1518556676602,336.1251793969561
1550475.680954,-902.7386667896828,280.06524372662886
1550482.6848050002,-896.7199166539234,264.11650837505914
1550489.7640880002,-888.8116457596152,265.2427718651953
1550496.69188,-888.2689375575321,256.41815315030726
1550503.79178,-882.8061728882866,224.36851629311607
1550510.691787,-871.8275344896144,186.12554330512117
1550517.6940330002,-842.674809953403,84.61523564094077
1550530.6877710002,-842.674809953403,84.61523564094077
1550531.7513050002,-820.0694366597043,28.500897215309276
1827431.521802,-808.9538764640536,12.409996904422195
1827438.9891350002,-824.120662107505,43.63880608009033
1827445.766542,-832.0588068499378,70.05045379258306
1827452.2039160002,-837.9041227149193,88.67156021284724
1827462.297556,-846.1841570277702,126.19811728566664
1827466.2324350001,-856.0450156902992,137.89948158013786
1827473.3736180002,-856.0450156902992,137.89948158013786
1827480.232829,-856.0450156902992,137.89948158013786
1827487.231176,-856.0450156902992,137.89948158013786
1827496.110018,-856.0450156902992,137.89948158013786
1827501.203165,-856.0450156902992,137.89948158013786
1827508.202925,-877.1359509549297,286.4018644382459
1827515.203159,-876.8554687343978,289.72400864249954
1827522.252915,-883.7115163872264,297.9532853510457
1827533.4575450001,-889.9302553257777,321.9913486606823
1827536.2027130001,-899.1621035627552,343.0393717567336
1827543.202697,-908.1881541937954,385.05989151037096
1827550.231357,-883.2775157914929,399.0459987211023
1827557.2328020001,-856.7744354296898,406.3911487004475
1827564.232664,-814.3353178877683,413.7096416364245
1827571.3833350001,-776.6851438173123,437.8532271345008
1827578.2539090002,-736.8334332571335,454.1696131234264
1827585.254447,-676.5812051862855,471.94658826219467
1827592.2034170001,-648.2848642142784,482.9493198896811
1827607.992541,-626.2869257735418,488.6450607065833
1827607.996249,-571.5157185960132,499.5855926433881
1827613.23139,-531.8042491209596,518.5221544086639
1827620.233093,-507.2330107698452,535.30504233821
1827627.2383440002,-501.24330464267774,547.5162318897526
1827640.6231000002,-497.79287542713183,538.0740522828393
1827642.0926430002,-500.70225609797336,539.6479339929436
1827648.2435670001,-498.889079610343,531.7352076354802
1827655.2348,-494.40966236521297,522.8561602371933
1827662.231485,-494.42874843360937,526.041687860285
1827672.013885,-492.7632815179338,518.4566222860603
1827676.2316760002,-449.5856160657654,538.2673165150386
1827683.2328380002,-392.5946161381453,563.8948206803059
1827690.232976,-300.69685694483303,593.6297465184813
1827697.2319180002,-292.8914848398012,595.8878282398713
1827704.24153,-290.88329852310085,592.5845645736914
1827711.900714,-292.82260902801653,592.5412467248
1827718.232936,-293.0831753517872,594.3228321023172
1827725.231876,-292.7670104812021,594.1095749997072
1827732.2314020002,-292.7620315068934,594.1251249962224
1827739.232976,-292.74460509673975,594.1129071420945
1827746.2328980002,-292.7313278317694,594.1162392841297
1827753.2329540001,-266.36267973278285,606.6639763370705
1827760.2384970002,-216.9455295873958,626.6257304368374
1827767.241439,-212.990564303866,658.0656054888697
1827779.8775330002,-214.60043267367604,666.1193941213251
1827781.414365,-213.95648532572284,657.9234340728106
1827788.23163,-214.5116409645009,656.9959877251273
1827795.233521,-236.3012923313538,636.7332291351288
1827802.241912,-247.29154835601364,637.7750790104159
1827809.233278,-274.92485593774336,646.6019244491968
1827819.8360650002,-294.0059452625789,692.395560563765
1827823.2935040002,-311.4356747645667,718.4551388033179
1827830.24139,-336.7819734643121,750.5703327215273
1827837.2335040001,-347.8892353842982,770.8064377941611
1827846.0472990002,-347.8892353842982,770.8064377941611
1827851.248023,-347.8892353842982,770.8064377941611
1827858.220674,-380.6210126841711,822.5934981442091
1827865.2138210002,-345.4976680436829,836.0686863144555
1827872.2125610001,-310.8406873310953,851.2610394250058
1827879.821279,-260.6907981316068,882.673157724864
1827886.2146480002,-263.2010310275472,913.931998955536
1827893.2144630002,-271.9640258641747,951.7873763059084
1827900.2180020001,-292.6558133877208,976.3819324311316
1827963.2432660002,-467.6825281238159,940.92347589753
1827970.241716,-463.9117848924772,928.6067608951944
1827977.799789,-456.89143107694,932.2299121317612
1827984.2432370002,-440.5778216601982,923.728502120206
1827991.2421620002,-419.00226619717847,927.6315534227194
1827998.2436280001,-414.6489829677765,923.3130948397906
1828005.243028,-425.3139459992592,933.295087499202
1828014.4871160001,-426.8939405223946,936.6816565366768
1828019.243246,-427.9013529967837,941.93866911841
1828026.242057,-423.5746242972487,936.0596563182916
1828033.2416170002,-420.3880807211637,933.4350375470068
1828040.241658,-416.6696167198886,928.9788503072832
1828055.745423,-413.7046375018448,928.851118121473
1828055.7490370001,-413.5743543399868,929.5042183417568
1828061.2432290001,-413.25901929859225,929.458679040253
1828068.2416450002,-413.55692792968927,929.6152898091016
1828075.245457,-413.5975895535692,929.63306124324
1828084.404639,-413.6075475021844,929.6375041015108
1828089.243347,-413.6365915191994,929.6630505397416
1828096.2431670001,-413.63991083540446,929.6541648221418
1828103.243655,-413.6299528866418,929.639725530645
1828110.2418820001,-413.638251177302,929.6586076807662
1828120.102438,-413.6175054507994,929.6308398148124
1828124.2420680001,-413.6548477583272,929.6563862516324
1828131.2415570002,-413.6531881002246,929.6363933869428
1828138.2431,-413.6365915191994,929.617511236821
1828145.241873,-413.6440599807344,929.6119576650462
1828152.245149,-413.6921900660021,929.639725530645
1828160.523521,-413.69882869841246,929.6352826730816
1828166.246768,-413.6921900660021,929.6208433815848
1828173.259279,-413.6955093822072,929.63306124324
1828180.241937,-413.7021480146171,929.6486112489524
1828187.242085,-413.70131818549225,929.6441683899756
1828194.241561,-413.6880409206721,929.6230648110716
1828201.2435750002,-413.6847216044671,929.6030719467376
1828208.241871,-413.69467955308215,929.61417909418
1828217.898096,-398.644069958733,935.1444274268952
1828222.251054,-377.854362610142,941.3833117765984
1828229.2433550002,-349.3430958911223,954.8129631612172
1828236.243684,-310.0482005820615,973.238609709673
1828243.242184,-297.77004986270094,977.9391545048406
1828251.787313,-259.6460433493969,988.6264518987203
1828313.361002,-124.87599575899868,994.4299365799924
1828324.483182,-92.35250554278856,929.6797112596686
1828327.243928,-83.8940579685677,908.4217436702144
1828334.326232,-61.635553182409865,876.0133131282296
1828341.293268,12.703023199209897,835.0979218426113
1828348.35339,59.20830319167237,807.4511278688253
1910674.210349,-869.1156531375269,-2.182551116425264
1910683.1859960002,-879.9399433319919,54.68040525265183
1910688.219709,-890.2298236146645,88.63601739065855
1910695.225454,-904.7850252393486,135.9690619024022
1910702.216989,-927.3430982685855,136.7576683297661
1910709.218031,-942.8185803125712,130.24777784217355
1910722.3751080001,-945.279853289258,127.77644082794764
1910738.7572100002,-988.2118892650464,138.22047771887048
1910738.757826,-988.2118892650464,138.22047771887048
1910755.927746,-967.282770676718,189.45657269372103
1910755.92836,-967.282770676718,189.45657269372103
1910757.2849730002,-967.282770676718,189.45657269372103
1910764.776855,-965.7168832504389,208.82741415878604
1910772.0493400001,-964.2447665072796,218.34511738589677
1910780.9649510002,-969.146566733518,222.2781536203452
1910792.699918,-970.8178424497432,226.23007200701727
1910797.02871,-974.8176184934678,243.3650483867371
1910812.6204390002,-971.9696451777668,257.63216299303474
1910812.6210180002,-971.9696451777668,257.63216299303474
1910813.4914310002,-971.9530485966256,257.6354951337624
1910820.7357750002,-971.8401918451332,257.5344202048201
1910827.421949,-971.9181957763922,258.1597519006327
1910834.439311,-971.2866958656844,263.98433346812766
1910841.4300870001,-963.6406509554104,280.99935380552523
1910848.384668,-948.668875149156,289.23085182758257
1910857.755019,-926.1282285322382,298.32315296676336
1910862.414602,-919.7509922452076,306.27141925195644
1910875.9231780001,-916.591003204102,306.42025487158844
1910877.245117,-909.9922025592164,300.10251609275326
1910883.418217,-904.043987893264,313.98976792676217
1910890.4360570002,-908.7109464983388,326.32757457535337
1910897.415068,-912.9571817725846,346.09161284238814
1910904.7503590002,-913.5579780083964,358.55270933326045
1910911.6644370002,-906.7085689887232,385.84516610427016
1910918.721512,-888.4415420011092,392.2051128577121
1910925.386589,-864.4022241045451,403.4921858227961
1910932.4276400001,-849.559901624205,407.4118946370645
1910939.4160600002,-836.0237300758806,415.4590158130965
1910946.889692,-791.363160149034,436.31044566295407
1910953.621436,-718.227006173271,457.7150116876658
1910961.4532390002,-669.6380254770312,474.7300372104373
1910967.663693,-644.4137116688703,480.7178957026572
1910974.8548410002,-610.0554694408276,490.7809635263751
1910981.808199,-522.0413102761296,515.0767197615085
1910989.5874090001,-454.1289301486715,544.6950183477533
1910999.019417,-356.99577944912096,582.5348237083958
1911002.7481550002,-320.57292250505554,591.1417469927233
1911009.6164540001,-316.4553107269544,592.1258396608259
1911016.6758740002,-309.2192013547644,592.6478752758361
1911023.617581,-282.6596925733791,600.0818846197515
1911031.2103260001,-259.4999934354541,607.5980868952454
1911042.0177570002,-229.78962372469576,616.9103139827608
1911044.379262,-202.2940677647993,640.3019537138513
1911051.384402,-211.23132670404377,673.2235222041489
1911058.406659,-283.439731886452,788.5045610653597
1911065.383835,-252.8580416670846,859.4614448275145
1911072.407363,-175.01592701713255,889.9094632625395
1911079.380084,-91.4529708454132,945.676224044018
1911088.913961,-93.59144032440014,990.9322957585356
1912270.345245,-445.9849877907281,993.9367792193142
1912277.184301,-456.02757902927925,933.869326983774
1912283.7154980002,-447.973258209489,920.0798044949106
1912290.659704,-424.8160485655683,926.3453458483764
1912297.717204,-423.96879309902,926.471967318386
1912304.647334,-409.1754305124959,934.2136485316186
1912311.684208,-403.6354917324638,935.9463634217668
1912319.1567910002,-409.69407367270543,933.7626983758636
1912325.7088310001,-408.8078162405004,933.8604412661548
1912332.6364240001,-408.3016205161325,934.3635950127448
1912340.1568810001,-408.1223774400272,934.4891057701522
1912346.642805,-408.1223774400272,934.4935486287886
1912353.4241580002,-408.1373143629499,934.4935486287886
1912361.190194,-408.13814419207495,934.4724450501824
1912367.802013,-408.1398038501776,934.4635593318516
1912374.644965,-408.1464424825877,934.4502307570068
1912381.6878270002,-408.1356547048477,934.4446771830948
1912388.647633,-408.1348248758698,934.4402343241068
1912396.194653,-408.12403709812986,934.4402343241068
1912402.719604,-408.1256967562323,934.442455754661
1912409.7378260002,-408.1198879527996,934.4435664688784
1912416.740226,-408.1182282946972,934.4446771830948
1912423.9936910002,-408.1265265853573,934.4535629007174
1912431.252295,-408.13233538864233,934.4613379034172
1912437.825541,-408.1348248758698,934.4557843309192
1912444.7580000001,-408.14312316638257,934.4457878980206
1912451.727902,-408.15225128602015,934.4380128949662
1912458.6547460002,-408.1588899184305,934.4413450397376
1912465.58589,-408.1588899184305,934.4413450397376
1912472.833124,-408.1688478671931,934.4324593224673
1912479.4282530001,-408.1763163287281,934.4213521753496
1912486.419798,-408.1962322259585,934.4046914557354
1912493.403754,-408.22195692676894,934.3902521641994
1912500.407265,-408.236064020714,934.3846985916996
1912508.067789,-408.26510803772953,934.3846985916996
1912514.421974,-408.263448379627,934.3802557312988
1912521.405247,-408.2601290634218,934.379145017436
1912528.417517,-408.26178872152434,934.379145017436
1912536.3968870002,-408.26261855050205,934.3858093069788
1912542.425943,-408.2451921403519,934.402470025887
1912549.423935,-408.2335745334866,934.4324593224673
1912556.4100300001,-408.2244464139964,934.460227189554
1912563.409716,-408.2153182943589,934.4779986240952
1912570.4143800002,-408.2144884652337,934.494659343711
1912577.4298730001,-408.205360345596,934.509098634187
1912584.655706,-408.1987217131859,934.5102093487566
1912591.424846,-408.1846146192406,934.500212917623
1912598.42375,-408.1796356449332,934.4868843406582
1912605.422161,-408.1738268415007,934.4668914766236
1912612.406716,-408.1746566706256,934.4291271780488
1912620.610181,-408.1729970123756,934.4235736044916
1912626.6990850002,-408.1613794056579,934.4013593116696
1912633.672739,-408.1655285509879,934.3980271668986
1912640.687352,-408.1729970123756,934.3780343032188
1912648.42091,-408.16967769617054,934.374702159508
1912654.710408,-408.1663583799656,934.3780343032188
1912661.669137,-408.16801803806817,934.3824771622072
1912668.6755360002,-408.1738268415007,934.3869200208424
1912675.651761,-408.1854444482183,934.402470025887
1912682.740804,-408.16801803806817,934.4369021800434
1912689.6769370001,-408.1564004313504,934.4635593318516
1912696.6438210001,-408.1572302603281,934.4657807617012
1912703.65932,-408.1605495765328,934.4680021919012
1912710.77929,-408.1547407732477,934.4757771946004
1912717.969053,-408.1547407732477,934.464670047483
1912724.4333600001,-408.16801803806817,934.4491200420838
1912731.429311,-408.1796356449332,934.4480093271604
1912738.4371870002,-408.1804654739108,934.4635593318516
1912745.679922,-408.17714615770586,934.5024343453504
1912752.779658,-408.1713373542731,934.520205780952
1912760.159534,-408.1663583799656,934.5546379361692
1912766.684233,-408.1464424825877,934.561302223946
1912773.696011,-408.1414635082799,934.5624129381628
1912780.727717,-408.13814419207495,934.5657450829348
1912787.718022,-408.1406336793026,934.5624129381628
1912794.70531,-408.1422933374049,934.5557486503858
1912802.177471,-408.14312316638257,934.5413093592034
1912808.640719,-408.15225128602015,934.551305791398
1912816.233713,-408.1456126536103,934.5490843619026
1912822.7310980002,-408.13814419207495,934.5446415036204
1912829.7811820002,-408.14395299550745,934.5357557870572
1912837.174909,-408.1398038501776,934.5335343572089
1912843.437421,-408.133995046745,934.537977215492
1912850.435333,-408.119058123822,934.5501950771808
1912857.735852,-408.1132493203895,934.5535272205392
1912864.4245220001,-408.1091001750596,934.5601915090208
1912871.434321,-408.1099300041845,934.5646343683628
1912878.9276750002,-408.1207177819247,934.5812950876282
1912885.4091140002,-408.1198879527996,934.5646343683628
1912892.701568,-408.1273564143348,934.573520084927
1912899.695766,-408.1232072690049,934.561302223946
1912906.661023,-408.1140791495146,934.5601915090208
1912913.7370000002,-408.11490897849205,934.5635236534392
1912921.292636,-408.119058123822,934.5668557989178
1912927.713566,-408.12901607243725,934.5690772255858
1912934.689087,-408.1398038501776,934.5912915205298
1912941.70343,-408.1398038501776,934.5990665225224
1912949.446193,-408.1481021406901,934.637941534964
1912956.260524,-408.1464424825877,934.6468272536472
1912962.696925,-408.13233538864233,934.6368308214542
1912969.4271900002,-408.1256967562323,934.6257236746889
1912976.4288070002,-408.1306757305398,934.6257236746889
1912983.4158980001,-408.1281862434598,934.623502245546
1912991.283246,-408.1215476109023,934.6146165293356
1912997.6914020001,-408.1215476109023,934.6423843953656
1913004.70514,-408.1232072690049,934.6601558288476
1913011.689098,-408.1273564143348,934.675705834602
1913019.351728,-408.1281862434598,934.6790379797276
1913025.68448,-408.1356547048477,934.6823701227322
1913032.691728,-408.1356547048477,934.6879236966442
1913039.6543780002,-408.1356547048477,934.6912558403563
1913046.675828,-408.1298459015625,934.6868129813672
1913053.6946160002,-408.1265265853573,934.6745951203844
1913060.654356,-408.1215476109023,934.6712629770273
1913068.33666,-408.1207177819247,934.6679308322553
1913074.6743130002,-408.12403709812986,934.670152262104
1913081.6553260002,-408.1273564143348,934.675705834602
1913088.6581940001,-408.13233538864233,934.6845915525788
1913095.431694,-408.133995046745,934.6857022671504
1913102.7760740002,-408.1265265853573,934.6834808376552
1913109.740527,-408.12403709812986,934.6857022671504
1913116.6870000002,-408.119058123822,934.6834808376552
1913123.696627,-408.1140791495146,934.6834808376552
1913131.3468580001,-408.1107598331621,934.6834808376552
1913137.7005750001,-408.1132493203895,934.6834808376552
1913144.675157,-408.12403709812986,934.6901451261388
1913152.474503,-408.1248669271074,934.6912558403563
1913158.43937,-408.1232072690049,934.69903084341
1913165.417046,-408.1281862434598,934.721245136588
1913172.4214730002,-408.1306757305398,934.7445701453976
1913179.8525820002,-408.1265265853573,934.7823344429182
1913186.967175,-408.12901607243725,934.7956630202386
1913193.6685040002,-408.1315055596648,934.8023273080156
1913201.0061010001,-408.12901607243725,934.8067701670049
1913208.287669,-408.1281862434598,934.81121302564
1913214.878159,-408.1298459015625,934.8200987422052
1913223.069668,-408.13233538864233,934.827873744908
1913228.427022,-408.1315055596648,934.8345380340968
1913235.433417,-408.1256967562323,934.8434237506622
1913243.3676830002,-408.12901607243725,934.851198753364
1913249.664756,-408.1281862434598,934.8689701879074
1913256.7960390002,-408.1248669271074,934.8778559058882
1913263.4409460002,-408.115738807617,934.8956273400784
1913270.436985,-408.11490897849205,934.8989594848492
1913277.663039,-408.1107598331621,934.8911844821477
1913285.165467,-408.1082703460821,934.878966620456
1913291.759269,-408.1049510298769,934.878966620456
1913298.657753,-408.0916737649092,934.873413046898
1913305.715522,-408.0742473547589,934.8778559058882
1913312.6674010002,-408.06179991891634,934.8800773353812
1913320.1329370001,-408.0535016284035,934.8889630526536
1913326.7064150001,-408.02860675671815,934.9111773454804
1913334.142524,-408.02777692759327,934.913398774974
1913340.436657,-408.03026641482063,934.9122880600512
1913347.4453810002,-408.03109624379806,934.9122880600512
1913356.0244480001,-408.03109624379806,934.9122880600512
1913362.2927040001,-408.03109624379806,934.9122880600512
1913368.7277290002,-408.03109624379806,934.9122880600512
1913375.6585050002,-408.03109624379806,934.9122880600512
1913383.313694,-408.03109624379806,934.9122880600512
1913389.7023870002,-408.0294365856957,934.913398774974
1913398.0879640002,-408.02777692759327,934.9122880600512
1913403.759729,-408.02860675671815,934.9122880600512
1913410.7024770002,-408.0261172694906,934.9122880600512
1913417.715278,-408.0261172694906,934.9122880600512
1913424.7124360001,-408.0261172694906,934.9122880600512
1913431.731633,-408.0261172694906,934.9122880600512
1913438.731391,-408.03026641482063,934.9178416336116
1913446.09911,-408.03358573102565,934.9189523485352
1913455.8436780002,-408.03441556000337,934.9189523485352
1913460.136555,-408.03109624379806,934.9189523485352
1913466.4274650002,-408.02860675671815,934.9178416336116
1913473.43866,-408.0294365856957,934.9256166366648
1913480.440221,-408.0269470984682,934.9278380658076
1913488.0352430001,-408.0252874403657,934.928948781084
1913494.6711970002,-408.02279795328553,934.9300594956565
1913501.8546230001,-408.023627782263,934.9333916386609
1913508.7501410001,-408.0261172694906,934.9322809233836
1913515.4420480002,-408.03109624379806,934.9322809233836
1913522.4378230001,-408.0319260729232,934.9333916386609
1913529.7120700001,-408.03109624379806,934.9345023539385
1913536.7331430002,-408.0327559019008,934.9322809233836
1913544.02431,-408.03109624379806,934.9345023539385
1913550.7540210001,-408.03109624379806,934.9389452129273
1913557.732433,-408.03358573102565,934.944498786488
1913564.714406,-408.0327559019008,934.9422773569936
1913571.7271530002,-408.02860675671815,934.9411666413622
1913578.4361400001,-408.0261172694906,934.9400559264386
1913585.474819,-408.024457611388,934.9400559264386
1913592.456226,-408.02279795328553,934.9456095007056
1913599.4362980002,-408.0203084660581,934.9544952176244
1913606.435727,-408.0211382951829,934.955605932548
1913613.440475,-408.0203084660581,934.955605932548
1913620.817096,-408.0203084660581,934.955605932548
1913627.7799590002,-408.0211382951829,934.955605932548
1913634.8045440002,-408.0211382951829,934.955605932548
1913641.443681,-408.0211382951829,934.9544952176244
1913648.427748,-408.0219681241605,934.9544952176244
1913655.6831490002,-408.0219681241605,934.9544952176244
1913662.751227,-408.01864880795546,934.9567166471196
1913669.664936,-408.0153294917504,934.955605932548
1913676.7564440002,-408.013669833648,934.9567166471196
1913683.732248,-408.0062013721129,934.9622702203266
1913691.163189,-408.00371188488543,934.9600487918916
1913697.720841,-407.9979030816001,934.9667130793152
1913705.437329,-407.9970732524752,934.9700452237348
1913716.194994,-407.9945837653951,934.9678237949464
1913718.441333,-407.9945837653951,934.9678237949464
1913725.970257,-407.9945837653951,934.9678237949464
1913732.442728,-407.9945837653951,934.9678237949464
1913739.43796,-407.9945837653951,934.9678237949464
1913746.445462,-407.9945837653951,934.9678237949464
1913753.426986,-407.9945837653951,934.9678237949464
1913760.443776,-407.9945837653951,934.9678237949464
1913767.4390220002,-407.9945837653951,934.9678237949464
1913778.9296320002,-407.9945837653951,934.9678237949464
1913781.4388960002,-407.9945837653951,934.9678237949464
1913788.4494140001,-407.9796468423248,934.9589380759082
1913795.437348,-407.9796468423248,934.9589380759082
1913802.467437,-407.9796468423248,934.9589380759082
1913810.693126,-407.9796468423248,934.9589380759082
1913816.488991,-407.9796468423248,934.9589380759082
1913826.953654,-407.9796468423248,934.9578273627512
1913830.438754,-407.9788170132,934.955605932548
1913837.438601,-407.9779871842225,934.9544952176244
1913844.4386820002,-407.9771573550974,934.953384503054
1913851.440907,-407.9771573550974,934.953384503054
1913858.448696,-407.9788170132,934.9567166471196
1913865.437173,-407.9788170132,934.9567166471196
1913873.4062720002,-407.9854556457576,934.9600487918916
1915461.1881040002,-173.89482796164327,182.81894962810676
1915461.1887710001,-173.89482796164327,182.81894962810676
1915462.5022850002,-173.89482796164327,182.81894962810676
1915462.502857,-173.89482796164327,182.81894962810676
1915467.6930900002,-173.89482796164327,182.81894962810676
1915473.926404,-173.89482796164327,182.81894962810676
1915481.000313,-173.89482796164327,182.81894962810676
1915488.916599,-173.89482796164327,182.81894962810676
1915495.184393,-472.5088139146746,522.8017352534206
1915502.179747,-490.9252101584404,550.2896847424348
1915509.836483,-489.8995414450691,594.8981819944116
1915519.8947090001,-474.1203419418843,634.3929544231875
1915525.90552,-469.87576631936906,671.107611627394
1915530.88874,-456.0657511659285,766.416894556789
1915537.097602,-494.8187680899888,787.4482716548368
1915546.820365,-526.2477137614621,830.2629816500853
1915551.125716,-607.4298903080289,857.8264730253759
1915559.604039,-647.720580456234,849.8071141116149
1915565.18335,-651.0664512091681,868.6925934422297
1915572.185818,-651.7087388984185,880.0029998762393
1915579.168731,-652.0954392384195,882.3221719164549
1915587.225428,-656.2537126369047,879.4443104449678
1915592.948361,-652.2082959899092,875.9433381114709
1915599.9691420002,-653.9675335882223,875.1414021920332
1915606.927808,-654.4031938424347,875.2813522283159
1915613.929364,-654.1783101684343,875.1791664876154
1915623.764623,-654.153415296765,875.1491771944814
1915628.256433,-654.0571551262907,875.1525093380841
1915634.93316,-654.1069448696295,875.1125236141381
1915641.9332140002,-654.1268607668468,875.1036378975117
1915648.8915080002,-654.1542451257419,875.1236307601896
1915658.180783,-654.148436322313,875.1047486120458
1915662.8911040002,-654.1459468352347,875.0991950386677
1915669.8914670001,-654.148436322313,875.0858664639006
1915678.8646860002,-653.8521873495072,875.13473790518
1915684.26208,-653.8521873495072,875.13473790518
1915692.314947,-653.8223135033862,875.1369593349553
1915698.16649,-653.8123555547779,875.1547307671525
1915705.7285600002,-653.8073765804733,875.1680593419175
1915712.198087,-653.8098660675519,875.1736129149427
1915718.8904680002,-653.8115257256533,875.1713914855217
1915725.906037,-653.8131853837546,875.1958272063381
1915744.396646,-653.8065467513491,875.2058236371474
1915744.4059030002,-653.7858010250069,875.1836093457538
1915747.052175,-653.7841413669055,875.1780557730812
1915747.052818,-653.7841413669055,875.1780557730812
1915749.501259,-653.7750132472736,875.1658379121421
1915759.206402,-653.763395640416,875.1569521962224
1915763.383297,-653.7360112816681,875.2302593576112
1915770.4111020002,-653.7285428201378,875.3235593816868
1915777.6482580001,-653.7169252134278,875.3013450902914
1915784.6685060002,-653.6994988031413,875.2724665113345
1915793.238109,-653.6580073504572,875.2791307988948
1915798.4074650002,-653.6472195727243,875.2757986552906
1915805.387608,-653.6455599146227,875.2535843638962
1915812.3855090002,-653.6563476923559,875.2413665036632
1915819.403562,-653.6837320511036,875.2091557811046
1915827.333948,-653.6198352138288,875.1680593419175
1915833.381833,-653.6007491455882,875.1402914774991
1915840.427743,-653.5816630772005,875.1147450432081
1915847.679673,-653.5816630772005,875.0847557507802
1915854.673861,-653.5675559832642,875.0769807469192
1915861.6716200002,-653.5741946158174,875.0869771787891
1915868.4017470002,-653.6090474360956,875.1314057615764
1915875.441549,-653.6032386326667,875.1502879093682
1915883.0841420002,-653.6032386326667,875.1502879093682
1915889.65507,-653.6032386326667,875.1502879093682
1915896.674258,-653.5957701712839,875.1491771944814
1915903.7282830002,-653.5874718806293,875.1591736259955
1915910.711051,-653.5783437609972,875.1613950557717
1915918.572835,-653.5484699150239,875.1558414816867
1915925.851152,-653.5517892312267,875.1613950557717
1915931.7376660001,-653.5459804277976,875.1469557654106
1915938.856657,-653.542661111595,875.1547307671525
1915945.676689,-653.5376821372905,875.1491771944814
1915952.725607,-653.5136170947457,875.1902736336662
1915962.415701,-653.4928713682561,875.2013807797175
1915967.666276,-653.4787642743203,875.2158200683111
1915973.6752330002,-653.4729554708914,875.1902736336662
1915981.650871,-653.4746151291399,875.180277202504
1915988.0629790002,-653.4795941034446,875.1747236294771
1915994.6647060001,-653.4721256419144,875.1824986308654
1916001.641877,-653.4613378641811,875.1847200609943
1916009.6327840001,-653.4688063257115,875.1725022004093
1916015.404487,-653.4629975222826,875.1813879177457
1916022.406342,-653.4389324797377,875.1769450589004
1916033.417387,-653.4289745309815,875.1758343443661
1916036.405672,-653.4289745309815,875.180277202504
1916043.6460600002,-653.3941217107032,875.1813879177457
1916050.68368,-653.3849935910714,875.1780557730812
1916057.702664,-653.3899725653758,875.1736129149427
1916064.9992320002,-653.3766953004167,875.170280772047
1916071.650352,-653.3825041038458,875.170280772047
1916079.6949530002,-653.38333393297,875.1669486270313
1916085.6760550002,-653.3675671809326,875.1591736259955
1916092.7123520002,-653.3576092321762,875.1613950557717
1916099.893932,-653.3501407706459,875.1414021920332
1916106.730075,-653.3335441896314,875.1369593349553
1916114.561439,-653.3144581212432,875.1480664799456
1916120.7015290002,-653.3069896598603,875.1536200519105
1916127.6646530002,-653.3111388050402,875.1536200519105
1916134.394111,-653.3177774375936,875.1591736259955
1916141.4051960001,-653.3119686341649,875.170280772047
1916148.401605,-653.2962018821274,875.1947164921572
1916155.660204,-653.2845842752697,875.2036022087852
1916163.496528,-653.2779456428641,875.2058236371474
1916170.0948710002,-653.2754561556378,875.2158200683111
1916177.2998970002,-653.2771158137393,875.2180414984409
1916184.5817570002,-653.274626326661,875.2058236371474
1916190.665247,-653.2696473523564,875.1958272063381
1916198.335278,-653.2762859847624,875.1824986308654
1916204.660224,-653.2638385489274,875.1924950634423
1916211.695571,-653.2638385489274,875.1958272063381
1916218.6941880002,-653.2621788908262,875.1980486357598
1916226.7248580002,-653.2563700873974,875.1980486357598
1916233.156199,-653.267987694255,875.1725022004093
1916239.885217,-653.2696473523564,875.1636164844875
1916246.409704,-653.2696473523564,875.1636164844875
1916253.546826,-653.2820947881912,875.1547307671525
1916261.4829230001,-653.2845842752697,875.1513986239025
1916267.4301820002,-653.306159830736,875.130295047043
1916274.6283850002,-653.3086493179619,875.132516476817
1916281.727929,-653.309479146939,875.116966471217
1916288.703319,-653.3127984631419,875.1158557570362
1916295.7360490002,-653.3127984631419,875.1103021854241
1916302.712359,-653.3152879503682,875.1025271829768
1916310.861368,-653.3227564118979,875.0914200372802
1916316.786814,-653.3293950443042,875.0780914618069
1916323.756401,-653.3310547024056,875.0747593189118
1916330.878913,-653.3335441896314,875.0758700334461
1916337.7486740001,-653.3277353862026,875.071427174955
1916344.7880650002,-653.3310547024056,875.071427174955
1916352.253147,-653.3352038477332,875.0758700334461
1916358.7244900002,-653.3302248734284,875.0758700334461
1916365.718298,-653.3285652153269,875.0914200372802
1916372.681576,-653.3285652153269,875.0936414677626
1916379.4120480001,-653.3136282922663,875.0936414677626
1916386.44023,-653.3136282922663,875.0936414677626
1916393.439707,-653.3078194888376,875.0858664639006
1916401.595987,-653.3069896598603,875.0903093230986
1916407.4087520002,-653.3069896598603,875.0903093230986
1916414.452066,-653.3069896598603,875.0903093230986
1916422.685605,-653.3069896598603,875.0903093230986
1916428.6351720002,-653.3069896598603,875.0903093230986
1916436.222159,-653.2920527368001,875.0780914618069
1916442.4146,-653.2895632495743,875.0803128912296
1916449.3986220001,-653.2870737624954,875.0792021766952
1916456.400534,-653.2870737624954,875.0792021766952
1916463.414303,-653.2862439333711,875.0325521644887
1916471.48792,-653.2920527368001,875.0025628724128
1916477.400747,-653.2953720530029,874.973684292756
1916484.4082880002,-653.294542224026,874.9214807075257
1916491.4084990001,-653.3036703435104,874.8937128445225
1916498.412122,-653.3169476084693,874.8726092658994
1916506.2535090002,-653.339352992913,874.84039854476
1916512.6892360002,-653.3352038477332,874.8281806841775
1916520.109897,-653.3318845315299,874.8281806841775
1916526.752521,-653.326905557078,874.839287829874
1916533.6874280002,-653.352630257872,874.8126306799918
1916541.2625940002,-653.3617583775039,874.807077108029
1916547.675969,-653.360098719402,874.8237378260412
1916554.738879,-653.3683970099097,874.8170735391878
1916561.6816510002,-653.3700566680111,874.7981913917552
1916573.499125,-653.3708864971354,874.8059663927864
1916575.7672030001,-653.37586547144,874.7826413868621
1916582.818813,-653.3841637619472,874.7459878061749
1916589.722821,-653.3791847876429,874.708223510955
1916597.005355,-653.3874830781497,874.6526877828366
1916603.700079,-653.389142736399,874.6271413474932
1916611.830116,-653.3982708558833,874.576048477514
1916617.41172,-653.4073989755149,874.5382841826496
1916626.3231620002,-653.397441026906,874.4827484541827
1916632.049322,-653.397441026906,874.476084166626
1916638.668097,-653.3916322234772,874.4372091572309
1916645.820031,-653.3957813688049,874.3872270017905
1916652.7246060001,-653.4090586336166,874.352794849826
1916659.721298,-653.4107182917178,874.3316912733287
1916666.869371,-653.4015901722337,874.3272484141334
1916674.176475,-653.4165270951469,874.3039234085682
1916680.678947,-653.4132077789438,874.2883734050934
1916687.766789,-653.4115481208424,874.286151975673
1916694.6888980002,-653.4231657275526,874.2561626832593
1916701.9694760002,-653.4414219668159,874.2583841112661
1916708.7631750002,-653.4405921378392,874.2350591060572
1916717.3008710002,-653.4671466676101,874.2006269533888
1916725.38645,-653.4621676933057,874.1462019408788
1916729.712885,-653.4546992317752,874.107326930784
1916736.79502,-653.4605080350567,874.0962197847397
1916743.6909740001,-653.4546992317752,874.0695626348686
1916751.2143400002,-653.4480605992219,874.0562340601114
1916757.6839740002,-653.4405921378392,874.0206911943264
1916765.435026,-653.4430816249176,873.9929233306292
1916772.070647,-653.4480605992219,873.9840376133014
1916778.7920040002,-653.4372728214889,873.9518268911177
1916785.693538,-653.432293847184,873.955159035425
1916794.944821,-653.4298043601057,873.9529376060038
1916799.7323210002,-653.4156972661697,873.9207268831145
1916809.512478,-653.4073989755149,873.8785197297786
1916813.41328,-653.4065691465379,873.8551947249252
1916820.416741,-653.4032498303351,873.8307590027124
1916832.2245500002,-653.3949515396802,873.8129875705288
1916834.417565,-653.4024200012108,873.8174304293689
1916841.4077330001,-653.3999305139847,873.7796661334615
1916848.4190200001,-653.3966111977817,873.7530089843036
1916856.197359,-653.3924620526019,873.7307946936335
1916862.756,-653.3899725653758,873.7219089759521
1916869.7767140002,-653.3908023945004,873.7119125451496
1916879.709286,-653.386653249173,873.6974732555071
1916883.7039700001,-653.3908023945004,873.6974732555071
1916890.882163,-653.3617583775039,873.6408268128862
1916897.729854,-653.3542899159731,873.5941768010683
1916905.2944540002,-653.3476512835673,873.5830696553804
1916912.992142,-653.3260757281012,873.5686303664461
1916918.69898,-653.3327143605069,873.5564125055186
1916925.690924,-653.3534600869963,873.5441946452964
1916933.741626,-653.346821454443,873.5397517871625
1916940.074103,-653.346821454443,873.5497482190245
1916947.3413530001,-653.3476512835673,873.5541910768042
1916953.737463,-653.3410126511617,873.5475267892498
1916960.681665,-653.339352992913,873.5475267892498
1916968.997655,-653.3352038477332,873.546416075424
1916974.860789,-653.3293950443042,873.5242017833426
1916982.632834,-653.3152879503682,873.4897696321004
1916988.4243150002,-653.3119686341649,873.4842160590802
1916995.430964,-653.3020106854086,873.4431196199321
1917002.422256,-653.2962018821274,873.415351757306
1917009.424381,-653.2895632495743,873.4009124655448
1917016.731388,-653.2953720530029,873.389805321273
1917023.401067,-653.2845842752697,873.3653696001262
1917030.419154,-653.2688175232319,873.3220517326214
1917037.4187170002,-653.2630087198031,873.3153874440086
1917044.40121,-653.266328036006,873.3342695921335
1917052.749511,-653.2430928224381,873.305391013916
1917059.2002970001,-653.2339647029537,873.2942838675228
1917066.3028280002,-653.2323050448526,873.2809552941839
1917072.422118,-653.2339647029537,873.2720695772108
1917079.4203960001,-653.2605192327246,873.2754017201039
1917086.419591,-653.2621788908262,873.2787338647632
1917093.752383,-653.2530507711947,873.2820660094244
1917100.684691,-653.2480717968901,873.2776231495243
1917107.7000520001,-653.2430928224381,873.2842874374309
1917115.484816,-653.2455823096639,873.2876195810309
1917123.6713810002,-653.2464121387884,873.2765124349922
1917128.4281330002,-653.2356243610553,873.2620731467649
1917136.13608,-653.2455823096639,873.2554088585048
1917142.6266400001,-653.2406033353599,873.2554088585048
1917149.4998320001,-653.2356243610553,873.2376374256218
1917156.48019,-653.2464121387884,873.2542981446792
1917163.4481670002,-653.2472419677657,873.2676267194317
1917170.6893540001,-653.2497314549913,873.2642945761854
1917177.7286220002,-653.251391113093,873.2631838609448
1917185.498839,-653.2505612839685,873.2820660094244
1917191.7352540002,-653.2522209420702,873.2898410100963
1917199.3437660001,-653.2464121387884,873.2942838675228
1917205.729433,-653.2356243610553,873.2909517246292
1917212.688519,-653.2406033353599,873.3087231585756
1917224.284889,-653.2414331643367,873.312055300409
1917226.42298,-653.2306453866037,873.3153874440086
1917233.9388380002,-653.2231769252205,873.3264945911076
1917240.703861,-653.2107294893859,873.3298267343538
1917247.7322510001,-653.2074101731831,873.3153874440086
1917258.37794,-653.2074101731831,873.3153874440086
1917261.739269,-653.203261027856,873.313166016002
1917268.805418,-653.2074101731831,873.3153874440086
1917276.303235,-653.2065803440588,873.3142767301828
1917282.745634,-653.19662239545,873.3231624468009
1917290.1840920001,-653.190813592021,873.3309374499484
1917296.755108,-653.180025814288,873.3253838762206
1917305.442798,-653.1700678655315,873.3198303035552
1917310.813938,-653.1700678655315,873.3198303035552
1917317.436739,-653.1700678655315,873.3198303035552
1917324.429712,-653.1625994041486,873.2909517246292
1917332.164075,-653.1617695750242,873.2898410100963
1917339.5885750002,-653.1601099169227,873.2842874374309
1917345.704415,-653.1501519683142,873.2876195810309
1917355.486277,-653.1501519683142,873.2876195810309
1917359.422624,-653.1501519683142,873.2876195810309
1917367.003893,-653.1493221391895,873.2853981516104
1917373.718998,-653.1493221391895,873.2865088654368
1917381.4349210002,-653.1493221391895,873.2865088654368
1917387.783189,-653.1493221391895,873.2865088654368
1917395.452575,-653.1493221391895,873.2865088654368
1917401.774687,-653.1418536776594,873.2831767239569
1917408.417932,-653.1418536776594,873.2798445792962
1917415.4269440002,-653.1418536776594,873.2787338647632
1917427.269604,-653.1443431648853,873.2831767239569
1917429.9772700001,-653.1410238486825,873.2865088654368
1917436.711815,-653.1426835067838,873.2920624391633
1917444.3430660001,-653.1418536776594,873.2920624391633
1917450.434667,-653.1418536776594,873.2920624391633
1917457.421329,-653.1352150452533,873.2887302955643
1917464.4168840002,-653.1343852162764,873.2898410100963
1917472.228699,-653.133555387152,873.2909517246292
1917480.8349380002,-653.133555387152,873.2909517246292
1917485.712486,-653.1343852162764,873.3009481561362
1917492.705697,-653.1343852162764,873.3009481561362
1917500.0619410002,-653.1252570966449,873.268737433612
1917506.7659250002,-653.1277465837231,873.2642945761854
1917513.7092330002,-653.1186184640915,873.2554088585048
1917521.239849,-653.1128096608102,873.2520767149065
1917527.753514,-653.1177886351143,873.2365267114425
1917534.664261,-653.1161289770131,873.2309731384221
1917541.688884,-653.1186184640915,873.2176445629624
1917548.6889020002,-653.1277465837231,873.2176445629624
1917555.7177950002,-653.1294062418243,873.219865992382
1917563.2694680002,-653.1252570966449,873.219865992382
1917569.797608,-653.1053411992801,873.2098695615849
1917576.9553430001,-653.1094903444597,873.2120909906503
1917583.793878,-653.1053411992801,873.2043159885637
1917590.709736,-653.1028517120537,873.1932088432321
1917599.024746,-653.1045113701551,873.1854338411457
1917604.727292,-653.0987025668737,873.1410052584055
1917612.1056350002,-653.1036815411784,873.124344540408
1917618.7670860002,-653.1020218830768,873.1176802528577
1917625.659043,-653.0970429086252,873.1032409632201
1917632.7151960002,-653.0879147891408,873.101019534151
1917639.702976,-653.0762971822828,873.0910231030007
1917646.72019,-653.0679988917758,873.058812381187
1917653.6851950001,-653.0679988917758,873.058812381187
1917664.425541,-653.0679988917758,873.058812381187
1917668.39531,-653.0679988917758,873.0621445254935
1917668.395865,-653.0679988917758,873.0621445254935
1917670.622442,-653.07297786608,873.0565909510609
1917677.6201230001,-653.0572111140424,873.0543695230549
1917684.624511,-653.0472531652862,873.0521480932825
1917691.63736,-653.0348057294514,873.055480236881
1917698.6886240002,-653.0397847039034,873.0577016663008
1917705.607372,-653.0547216268163,873.0488159496812
1917712.864303,-653.0514023106133,873.0688088109251
1917719.9281610001,-653.0331460713502,873.0610338102532
1917727.410224,-653.0256776099673,873.0565909510609
1917733.952373,-653.0588707721439,873.0365980891107
1917740.838952,-653.0588707721439,873.03770880329
1917747.626389,-653.067169062651,873.0354873752841
1917754.876602,-653.0580409430195,873.0277123724946
1917761.8956590001,-653.0580409430195,873.0277123724946
1917768.8601890001,-653.0580409430195,873.0277123724946
1917775.9538460001,-653.0580409430195,873.0277123724946
1917782.900651,-653.0580409430195,873.0277123724946
1917789.8684200002,-653.0580409430195,873.0277123724946
1917797.7663,-653.0580409430195,873.0277123724946
1917803.9083490002,-653.0580409430195,873.0277123724946
1917810.974543,-474.88544433161206,660.6580124101923
1917819.8380790001,-470.8889875970947,680.8663467647777
1917824.6287570002,-455.9470856109459,726.6933067772278
1917832.473517,-421.8767940480888,720.4699745357727
1917839.007735,-397.7669406461466,709.2184387988727
1917845.7402980002,-407.5016653058467,694.8668997718369
1917853.106253,-407.5016653058467,694.8668997718369
1917859.835616,-407.5016653058467,694.8668997718369
1917866.931633,-409.8401235866125,567.0448056605073
1917875.7947550002,-437.72901851021,541.2118192820943
1917881.6968500002,-441.7453911423998,538.1418058362112
1917888.402285,-444.73111608677016,540.8941550820831
1917895.262543,-444.7427336936344,541.6983120064464
1917902.0139680002,-446.3808162505831,544.2007506208577
1917908.9799310002,-446.3808162505831,544.2007506208577
1917915.867722,-446.3808162505831,544.2007506208577
1917924.054314,-476.3384750090862,557.1016937439739
1917931.767805,-519.2920866132554,562.0710282557641
1917937.3952340002,-547.9510628935969,584.7107125483864
1917943.8727570002,-556.7024401174442,612.7862324796826
1917950.881146,-556.7024401174442,612.7862324796826
1917957.8791800002,-581.0645615431646,615.5085927681934
1917966.477506,-587.5339088632411,629.2314658008752
1917971.858366,-587.5339088632411,629.2314658008752
1917979.0561630002,-668.0107306986791,703.3794138648051
1917986.4818900002,-686.8005500072227,732.25465334625
1917993.1270440002,-696.7551793589665,750.9812970318349
1917999.91843,-715.0578890099677,756.2249795053943
1918006.9125060001,-714.7599803789745,775.3114953600166
1918013.9249890002,-714.5251387562657,774.7694667363832
1918021.391618,-714.4288785858114,774.9849453280257
1918028.280887,-714.4346873890916,774.9927203282826
1918035.586544,-714.4546032864522,774.9849453280257
1918041.8562780002,-714.4562629445533,774.9838346131983
1918049.091894,-714.4811578162174,774.9693953264532
1918056.354675,-714.5027333716797,774.9616203261976
1918063.188939,-714.515180807512,774.9560667538284
1918069.87143,-714.5234790981647,774.9516238966394
1918076.921113,-714.5566722603344,775.0360381906388
1918083.8700670002,-716.4470228490023,776.9120348039005
1918090.895502,-725.3793028032769,789.5886183367837
1918099.589966,-738.4383226505132,840.4071371658569
1918105.4649800002,-753.9951279541522,843.1661520087792
1918111.652625,-769.1768505237548,853.7046113884342
1918118.652671,-776.1399461279011,853.7745864043442
1918125.704538,-790.4769027179797,844.6656166025166
1918132.6839470002,-809.5397357770782,832.6399106630711
1918140.6683500002,-815.0473112171547,816.7011578749464
1918146.905395,-826.7669869647683,814.8451540049928
1918153.8980440001,-856.0201208186484,803.957930933586
1918162.7989800002,-871.2333768862405,797.7956872297798
1918169.7886730002,-871.2333768862405,797.7956872297798
1918174.902014,-871.2333768862405,797.7956872297798
1918181.6649260002,-871.2333768862405,797.7956872297798
1918188.7096610002,-871.2333768862405,797.7956872297798
1918198.084701,-871.2333768862405,797.7956872297798
1918202.625737,-871.2333768862405,797.7956872297798
1918209.828222,-871.2333768862405,797.7956872297798
1918216.790004,-871.2333768862405,797.7956872297798
1918223.6659340002,-871.2333768862405,797.7956872297798
1918231.1670040002,-871.2333768862405,797.7956872297798
1918237.677821,-871.2333768862405,797.7956872297798
1918244.666674,-871.2333768862405,797.7956872297798
1918323.368864,-973.1363848286776,549.1489814656485
1918329.896712,-973.1363848286776,549.1489814656485
1918336.367124,-973.1363848286776,549.1489814656485
1918343.920415,-950.9840982119867,364.3606311155309
1918350.056513,-923.901797177992,350.9998564519517
1918357.56676,-900.5570462041934,290.84249718259207
1918364.823575,-896.0212005895809,274.17512991441106
1918370.8812560001,-894.7366252124232,266.9088421215714
1918379.730194,-894.3822882059499,267.70633441804296
1918386.464568,-894.7640095712933,268.0628734549343
1918392.855401,-896.9896110967073,258.2586054005704
1918399.868495,-900.8118037240748,238.8466660310816
1918405.704508,-881.0295088813732,209.650452791168
1918412.664154,-881.0295088813732,209.650452791168
1918426.076268,-859.1759607152682,196.1330707948265
1918426.8265910002,-859.1759607152682,196.1330707948265
1918433.6605840002,-859.1759607152682,196.1330707948265
1918440.780546,-859.1759607152682,196.1330707948265
1918451.019635,-859.1759607152682,196.1330707948265
1918454.711852,-859.1759607152682,196.1330707948265
1918462.863535,-859.1759607152682,196.1330707948265
1918468.819388,-859.1759607152682,196.1330707948265
1918758.756583,-861.0621621576964,25.902939305530087
1918765.886142,-861.0621621576964,25.902939305530087
1918773.0019470002,-861.0621621576964,25.902939305530087
1918779.9983670001,-861.0621621576964,25.902939305530087
1918786.908034,-861.0621621576964,25.902939305530087
1918798.8285790002,-923.3972611125822,135.41037312478684
1918800.528756,-945.9561639688789,152.0210903762111
1918807.5281550002,-982.4113841729838,161.14671095147352
1918814.8300770002,-984.421230143413,159.857172787814
1918821.8565860002,-980.9118830710838,170.6688563185335
1918828.876137,-980.9118830710838,170.6688563185335
1918835.796577,-980.9118830710838,170.6688563185335
1918842.909502,-965.4911697474467,208.65747500831543
1918850.431844,-961.7021702834984,208.47420729706204
1918925.5404490002,-904.1958466103596,328.513458962165
1918925.541222,-904.1958466103596,328.513458962165
1918926.494165,-906.4704080499944,327.93588788316526
1918934.1363030002,-911.5614093020996,333.2162204170933
1918941.0094440002,-921.9135267624354,359.3257660433158
1918949.828063,-881.7016704160136,394.98411860154073
1918954.5922070001,-844.6763576344487,411.7159104366722
1918961.3915580001,-843.4332737098105,427.7090780431572
1918968.39044,-867.8841868197175,471.7366633408763
1918975.391433,-877.6288694137429,452.93672077215786
1918984.3377170002,-877.6288694137429,452.93672077215786
1918986.1061580002,-877.6288694137429,452.93672077215786
1918989.435575,-877.6288694137429,452.93672077215786
1918996.634706,-877.6288694137429,452.93672077215786
1919003.629316,-877.6288694137429,452.93672077215786
1919010.4260520001,-891.8596078787024,402.5636291343781
1919017.454598,-886.557830046127,390.9611134875626
1919024.468014,-847.6728703527078,396.7457105778448
1919031.513611,-823.0062016863566,418.2780073546556
1919038.5373530001,-780.4791222585744,424.834550771349
1919045.673937,-744.9665878303601,446.5279020029976
1919056.685707,-706.2558922169728,459.1500539683405
1919059.552134,-664.2250505464035,463.083091692382
1919066.4364550002,-644.4303082500331,471.82774187818313
1919073.4745240002,-630.8451767773537,464.4092840293033
1919081.5560690002,-633.6325725758253,446.48458416386825
1919087.435676,-643.4004903917794,435.3563425074063
1919094.415483,-658.8668443334691,423.61276561352656
1919103.7638750002,-658.8668443334691,423.61276561352656
1919108.404302,-664.0541057609271,377.7047453544545
1919115.427042,-648.6358819048813,344.85872069908106
1919122.393452,-641.5590997170125,327.7837201177974
1919130.717541,-638.5642466545909,320.10757839417613
1919136.431385,-647.5537848160754,306.0415015424946
1919145.9941560002,-647.5537848160754,306.0415015424946
1919150.4281960002,-652.0240739396141,296.8881110485316
1919157.3938540001,-650.9245504406812,296.64264335112534
1919164.393384,-650.9245504406812,296.64264335112534
1919177.185697,-650.9245504406812,296.64264335112534
1919179.125866,-650.9245504406812,296.64264335112534
1919185.4120540002,-650.9245504406812,296.64264335112534
1919192.3902770001,-650.9245504406812,296.64264335112534
1919199.3938600002,-650.9245504406812,296.64264335112534
1919206.3907370002,-650.9245504406812,296.64264335112534
1919214.661478,-650.9245504406812,296.64264335112534
1919220.430601,-650.9245504406812,296.64264335112534
1919227.396011,-650.9245504406812,296.64264335112534
1919237.204604,-650.9245504406812,296.64264335112534
1919241.820216,-650.9245504406812,296.64264335112534
1919248.389223,-650.9245504406812,296.64264335112534
1919255.410385,-650.9245504406812,296.64264335112534
1919262.5605300001,-537.9018330248832,291.7866036983912
1919269.390627,-538.5358224236929,300.220251730826
1919276.492702,-540.3880008769062,302.5816287705009
1919283.41586,-540.7979364304645,302.6016216149936
1919290.415683,-541.0551834378992,302.6260573141351
1919297.399196,-541.195424548331,302.6682644286785
1919304.414732,-541.2228089072353,302.67048585564913
1919311.3893590001,-541.2228089072353,302.67048585564913
1919321.212524,-541.4725874531371,302.63161088049924
1919326.3547790002,-541.4725874531371,302.63161088049924
1919332.438415,-541.4725874531371,302.63161088049924
1919338.6362760002,-877.6288694137429,452.93672077215786
1919339.422036,-541.4725874531371,302.63161088049924
1919346.4340990002,-541.4725874531371,302.63161088049924
1919355.2650950002,-541.4725874531371,302.63161088049924
1919360.775393,-533.471375694574,307.6320433814413
1919367.41017,-536.9632963625064,301.571990137809
1919376.0861320002,-540.5133050642726,295.0265551280363
1919381.4343380001,-540.5133050642726,295.0265551280363
1919388.42799,-541.416988906351,293.57596322785
1919396.26679,-543.1762265052482,292.2053427059573
1919402.400075,-552.1300820198868,287.2282353110181
1919411.013438,-548.9269418636097,288.23565249350645
1919416.7394390001,-546.3826859777784,284.7702262494523
1919424.690561,-543.9214129974729,284.76689410867647
1919430.6436,-543.9197533393706,284.7835548125577
1919437.7991560001,-543.9703729118506,284.78910838063666
1919444.7161060001,-544.0052257321399,284.78688695297933
1919452.268294,-544.0309504329422,284.795772661128
1919460.0000780001,-544.0309504329422,284.795772661128
1919465.688268,-544.0309504329422,284.795772661128
1919472.741993,-544.0309504329422,284.795772661128
1919479.996878,-544.0309504329422,284.795772661128
1919486.699342,-544.0309504329422,284.795772661128
1919493.72546,-544.0309504329422,284.795772661128
1919501.7235130002,-544.0309504329422,284.795772661128
1919507.630873,-544.0309504329422,284.795772661128
1919514.415675,-563.8298418795742,225.23820491015115
1919521.4200600001,-502.6216507048724,194.82131829117043
1919528.625707,-458.45814833500094,184.884876478662
1919535.8288200002,-465.3374312110781,122.01961401805174
1919542.645728,-415.8215314243489,80.23458284894612
1919549.4368190002,-390.9283193929771,87.76743967414333
1919556.407012,-367.95533179684617,119.41277001965568
1919564.3710510002,-322.62923890694185,185.5157616683562
1919576.2765360002,-269.5367758739984,231.4615323036069
1919577.4362710002,-228.9357296254711,264.1231726565388
1919584.396983,-164.49037526334192,310.023409716193
1919591.3966410002,-143.90978483060945,339.84384862800505
1919598.3950470001,-140.236961425981,345.550695298161
1919606.072348,-141.3024619346762,346.54811615005104
1919612.396631,-140.84356646643386,346.6658517963372
1919619.6558470002,-139.76976766707534,348.1686473595107
1919628.105614,-95.6004564704531,396.1681394375359
1919633.64396,-57.48059909577912,434.3578108020524
1919642.101484,-17.847133521283297,475.0921299320452
1919680.646504,25.69565673911464,732.5534354981519
1919687.644186,18.785670184470423,725.6181353280081
1919696.475786,44.3527034197236,730.3497782926298
1919747.817921,31.84883919412133,835.2278754395916
1919750.632707,-34.14331653573318,875.1080807560019
1919757.6147830002,-74.4281979194917,921.2105120063184
1919764.6130370002,-84.54464394899475,954.2576058077112
1919771.640443,-98.34636081888168,980.7259378132424
1920369.088953,-87.90877094448264,921.7991907703972
1920375.6137350001,-53.20117065066658,885.6565370962257
1920382.744952,-4.736664255305975,844.7078237527069
1920390.11061,46.09451460957351,819.0514296898476
1920487.6203120002,38.77376267182907,530.6622579433193
1920495.556765,-3.484452208842528,491.1730455312874
1920501.680906,-24.07831990773625,483.5291125363084
1920509.5731320002,-20.466074024066472,479.5783032644311
1920516.338247,-23.75717606277555,471.1879706931322
1920522.812844,-38.21611754576213,449.8833684594336
1920529.696412,-84.39112557349235,391.5342417689326
1920537.156017,-128.52226463386657,377.71029892139376
1920543.6313510002,-166.3151693586811,339.0818990762376
1920550.595678,-200.1489596535673,306.0592729596973
1920557.3397350002,-243.4179063201068,270.0588256300257
1920564.3570090001,-292.3230519361069,219.96009470183927
1920574.6626040002,-391.03702699936,125.94931751519204
1920578.3526030001,-397.2881292806811,59.82967136535514
1920585.3514100001,-392.5099735743238,35.392871967475216
1920593.081502,-389.8445626453517,34.87416894906988
1920599.759551,-388.85291692308175,36.80680974643245
1920614.9721070002,-387.5459361593995,32.732714096359715
1996942.130365,-271.607199369838,751.6044077824583
1996942.1311100002,-271.607199369838,751.6044077824583
1996947.4791360002,-126.12156917300136,895.7307184768401
1996957.050853,-130.65575513835364,897.4467725419667
1996961.47408,-129.96284787609105,898.2276049113673
1996969.226606,-130.20349830252067,898.2764763536157
1996975.726555,-130.74205736030655,898.3753299540837
1996982.7425010002,-108.93166026514682,917.8106144751016
1996990.845165,-93.82794160550289,967.1630001131172
1997964.441366,-84.3064830096405,955.787059961192
1997970.9760490002,-71.08564647932764,913.3155523328796
1997977.886327,-29.27139014421676,872.2257764578649
1997984.757167,36.619526440750604,835.6199576560758
1997991.544775,73.42078544481294,816.7244828787183
1998075.779762,44.79251281972548,524.044624167807
1998083.0917220002,44.79251281972548,524.044624167807
1998089.738475,44.79251281972548,524.044624167807
1998096.743006,-18.82965112442656,465.523330021504
1998104.2458610001,-27.52211049282345,451.7949069548531
1998110.75694,-74.43234706482333,426.9204712556741
1998117.6889870001,-74.43234706482333,426.9204712556741
1998124.6966010001,-164.28789697343703,337.9100961962505
1998131.7503290002,-197.5806387235468,309.4325100919662
1998138.684995,-235.6714520773651,270.2587540616216
1998145.701574,-311.273028269459,203.06059019304595
1998152.502607,-355.6796705657245,164.63435078772994
1998159.461298,-382.64496575247546,111.1479527991624
1998166.4677060002,-387.2920084680803,37.64761956508557
2093071.5970830002,-464.8063406150893,657.2981019836728
2093078.6473780002,-482.6144721609485,671.037636631858
2093085.667207,-474.658071170271,682.8700752371004
2093092.637297,-483.6418005324397,694.6003283514409
2093099.8465810001,-502.1710535274022,759.5026975904829
2093106.88739,-526.0037440189816,782.2079210685811
2093115.897104,-544.3603925681808,803.4092379997189
2093120.87253,-544.3603925681808,803.4092379997189
2093127.884268,-544.3603925681808,803.4092379997189
2093134.8643540002,-611.4022819985252,873.7041375434153
2093143.2547330002,-622.1643350240699,868.5459791210344
2093149.6078180003,-622.5751004068018,866.8532501397098
2093155.9208489999,-623.550149547327,868.5648612680502
2093162.8366560002,-621.7626977611178,869.3468043166915
2093169.878539,-622.9294374136355,870.2120509583461
2093179.1837930002,-625.5218233841314,870.0476652041757
2093184.8524820001,-630.5140749839503,869.0835649665361
2093191.03293,-630.81115378605,868.6415005727677
2093197.630532,-630.7613640427076,868.5448684061489
2093204.6296030001,-630.9007753239775,868.5826327008903
2093213.6229,-631.0136320756222,868.5659719832869
2093218.8591139999,-631.1306379724468,868.5315398324924
2093225.895288,-631.3488830142048,868.3438290712156
2093232.886803,-631.5106996800669,868.3305004975585
2093239.907519,-631.6758356621322,868.2949576304708
2093247.186337,-631.9322528403734,868.2927362021188
2093254.3556279999,-632.0708342928131,868.3149504930773
2093260.9273170002,-632.1538171983341,868.3205040657274
2093267.838539,-632.3123145479924,868.3227254951406
2093274.839539,-632.4201923251841,868.264968338508
2093284.2868390002,-632.5156226666883,868.210543324762
2093288.939966,-639.6264278460612,861.9394489726913
2093296.0551330002,-640.6778212596474,862.0027597014013
2093303.0490730002,-642.3540759525068,857.6420944115935
2093310.2559940002,-642.515062789239,858.2441016913482
2093316.616158,-642.6080036435136,858.390716011013
2093323.615966,-642.6677513354633,858.041951645493
2093331.224162,-642.6943058653823,857.8664587485881
2093337.85455,-642.6171317631455,857.9719766297753
2093344.6191840002,-642.6021948400846,857.9675337713269
2093351.60847,-642.5988755238815,857.9664230571561
2093358.610679,-642.5980456949046,857.9719766297753
2093365.6184890002,-642.2179839872979,858.899423270597
2093372.607255,-643.6735041511737,861.6106774676143
2093379.609293,-639.9791051947748,863.2012206973452
2093386.6171410002,-641.8163467242233,864.6362638938242
2093393.614266,-640.1683062193817,865.2638176149751
2093400.6079790003,-639.5766381027207,865.254931897688
2093408.0005310003,-639.3832879326384,865.3349033462074
2093415.393945,-639.1409778483397,865.629242701919
2093424.699756,-639.0762511819378,865.4659676626873
2093429.2559860002,-639.0355895582288,865.5759284038401
2093435.6171390002,-639.061314259024,865.5737069744293
2093442.6117180001,-639.1069548570375,865.5137283888273
2093449.6072950002,-639.1608937457058,865.435978370064
2093456.6154310002,-639.155914771401,865.4804069529706
2093463.858568,-639.1476164807463,865.4792962380885
2093471.0537389999,-639.132679557832,865.478185523206
2093477.8946900002,-639.1194022928726,865.4604140903978
2093485.2299849999,-639.1127636604665,865.4515283741688
2093491.966115,-639.1351690449109,865.4015462189739
2093498.615651,-639.1716815234395,865.3648926388286
2093505.5990890001,-639.1857886173764,865.368224782414
2093512.6182780003,-639.1932570789069,865.3693354962356
2093522.113579,-639.2156624633515,865.3349033462074
2093526.88903,-639.2289397283112,865.30935691064
2093534.759324,-639.2289397283112,865.2993604805905
2093541.454048,-639.1808096430719,865.3149104839886
2093548.2942930001,-639.1567446003783,865.3282390586845
2093554.8330170002,-639.137658532137,865.3693354962356
2093561.6203830002,-639.1633832327843,865.3626712097724
2093572.10161,-639.1667025491349,865.4015462189739
2093575.6257479999,-639.1584042584798,865.4115426497304
2093583.238056,-639.1301900706063,865.4415319430598
2093590.0283550003,-639.134339215934,865.464856948158
2093598.568952,-639.0920179341235,865.5259462489942
2093603.870626,-639.0480369940643,865.5825926913652
2093610.891226,-639.0463773359626,865.5981426940582
2093617.847797,-638.9302012681177,865.7636391634196
2093624.865035,-638.8853904992292,865.8202856047365
2093633.112023,-638.901157251267,865.813621317565
2093642.647143,-638.9484575073823,865.8047356016885
2093645.840021,-639.0007367379493,865.7947391705765
2093652.907177,-639.0015665669262,865.7925177411645
2093660.120227,-639.0231421223934,865.7936284556945
2093668.5040570002,-639.0671230624532,865.7991820290454
2093673.9458510003,-639.0828898144913,865.7936284556945
2093680.6219010002,-639.1019758827327,865.8236177490289
2093687.955206,-639.1252110963017,865.845832039957
2093694.9433720002,-639.1368287030126,865.8658249014748
2093701.8952610001,-639.1301900706063,865.9002570525727
2093708.9647930001,-639.1152531476923,865.9413534911984
2093716.557133,-639.0928477631006,865.9657892115384
2093722.9351589999,-639.0521861393918,866.0091070785157
2093730.231287,-639.0272912677212,866.0346535130329
2093736.9963920002,-638.9940981055431,866.0868570980103
2093743.9182730003,-639.0098648575814,866.077971381072
2093751.540611,-639.0496966521658,866.0690856644873
2093757.921638,-639.0496966521658,866.0646428067266
2093765.035378,-639.0712722076331,866.0701963793698
2093771.6033190002,-639.082059985367,866.087967811833
2093778.606889,-639.094507421202,866.096853528417
2093786.272586,-639.0895284468976,866.1212892480529
2093792.948573,-639.0496966521658,866.2368035618903
2093799.892295,-639.0413983616578,866.2579071382935
2093806.627581,-639.0629739171255,866.2345821328322
2093817.154001,-639.087868788796,866.2212535581316
2093820.6245700002,-639.0928477631006,866.2412464203586
2093827.6246479999,-639.0953372503269,866.2590178524689
2093834.6219810003,-639.0961670793038,866.273457142053
2093841.6286219999,-639.0986565665295,866.2656821403502
2093848.894056,-639.1077846861618,866.2756785711108
2093855.893153,-639.1036355408341,866.2790107150512
2093862.9572950003,-639.087868788796,866.2978928627517
2093869.60931,-639.0812301563899,866.3145535803342
2093876.7756340003,-639.0853793015698,866.3112214371006
2093884.2313540003,-639.0853793015698,866.3112214371006
2093892.7819140002,-639.0853793015698,866.3112214371006
2093899.4491680001,-639.0853793015698,866.3112214371006
2093904.612982,-639.0853793015698,866.3112214371006
2093911.706167,-639.0853793015698,866.3112214371006
2093919.3046180003,-639.0853793015698,866.3112214371006
2093930.834993,-639.0853793015698,866.3112214371006
2093934.682361,-639.290347078363,850.6568107241611
2093939.624463,-637.1161949522219,856.7224227758982
2093946.628671,-637.1161949522219,856.7224227758982
2093957.2749480002,-637.1161949522219,856.7224227758982
2093960.6160080002,-637.1161949522219,856.7224227758982
2093969.339481,-637.1161949522219,856.7224227758982
2093974.625154,-637.1161949522219,856.7224227758982
2093981.629542,-637.1161949522219,856.7224227758982
2093988.627153,-638.2190377674065,854.6531615980656
2093997.379163,-638.2190377674065,854.6531615980656
2094003.0186969999,-638.2190377674065,854.6531615980656
2094009.9649099999,-638.2190377674065,854.6531615980656
2094016.9440400002,-638.2190377674065,854.6531615980656
2094024.136375,-638.2190377674065,854.6531615980656
2094030.632521,-638.2190377674065,854.6531615980656
2094038.998607,-638.2190377674065,854.6531615980656
2094044.6074090002,-638.2190377674065,854.6531615980656
2094051.950389,-637.8713393929955,857.0267585588158
2094063.052454,-637.8713393929955,857.0267585588158
2094065.626134,-637.8713393929955,857.0267585588158
2094073.822692,-637.8713393929955,857.0267585588158
2094080.4639060001,-637.8713393929955,857.0267585588158
2094087.06872,-637.8713393929955,857.0267585588158
2094099.4445110003,-637.8713393929955,857.0267585588158
2094101.3885589999,-637.8713393929955,857.0267585588158
2094108.0345850002,-637.8713393929955,857.0267585588158
2094115.68961,-637.8713393929955,857.0267585588158
2094122.030881,-637.8713393929955,857.0267585588158
2094129.0753320002,-637.0282330722503,859.1904304792273
2094157.433806,-636.9709748673783,859.4869912612334
2094157.4343959999,-636.9709748673783,859.4869912612334
2094158.277482,-636.9709748673783,859.4869912612334
2094158.278065,-636.9709748673783,859.4869912612334
2094158.9730690003,-636.9709748673783,859.4869912612334
2094166.747654,-636.9709748673783,859.4869912612334
2094172.973145,-642.1549169789977,868.5059933968803
2094180.2306760002,-642.1549169789977,868.5059933968803
2094186.975196,-642.1549169789977,868.5059933968803
2094193.9675050003,-636.6963014498768,860.1767449922716
2094200.972373,-636.6631082876984,860.2322807178309
2094208.239779,-636.6365537579261,860.3266914549611
2094215.413725,-636.5709972625459,860.5188450721038
2094222.257416,-636.5743165787493,860.6776772499658
2094229.280389,-636.5792955530541,860.6365808121656
2094238.570658,-636.5792955530541,860.6365808121656
2094243.3186299999,-636.5792955530541,860.6365808121656
2094250.3075210003,-636.6747258944092,860.8842701556267
2094257.8448639999,-636.6747258944092,860.8842701556267
2094264.2644920002,-636.7585386290536,860.8553915776046
2094271.381522,-636.7585386290536,860.8553915776046
2094277.9889940002,-636.811647688745,860.6898951104545
2094284.9769269999,-636.8755445260231,860.5943736598394
2094292.336258,-636.8830129874068,860.5777129423101
2094299.2853750002,-636.9087376882021,860.5888200865052
2094306.285246,-636.9087376882021,860.5888200865052
2094313.217878,-636.9626765768704,860.5521665064553
2094319.9899930002,-636.9626765768704,860.5521665064553
2094327.304013,-636.9942100809476,860.5288415021273
2094334.295391,-637.0000188843766,860.4977414950597
2094341.2982190002,-637.0000188843766,860.4977414950597
2094348.287264,-637.0381910208598,860.6232522382123
2094355.8634460003,-637.0381910208598,860.6232522382123
2094362.3152770002,-637.0630858925305,860.657684388504
2094369.350229,-637.0630858925305,860.657684388504
2094375.9879190002,-637.0863211060991,860.6654593894779
2094383.103822,-637.0863211060991,860.6654593894779
2094389.992465,-637.09378956763,860.7476522661411
2094397.020266,-637.09378956763,860.7476522661411
2094404.0137790001,-637.09378956763,860.7476522661411
2094411.01698,-637.09378956763,860.7476522661411
2094418.0300360003,-637.0995983710592,860.7554272688807
2094425.045547,-637.1153651230977,860.7143308303714
2094432.065365,-637.0979387129577,860.7787522735651
2094439.0239200003,-637.1112159777698,860.7898594181149
2094447.1451319999,-637.0348717046566,861.0442130501666
2094453.241937,-637.0464893115146,861.0642059119848
2094460.3085720001,-636.9344623889968,861.5062702993293
2094467.3780389999,-636.8689058934698,861.7450739274068
2094474.412563,-636.8232652954558,861.935006113525
2094481.2846240003,-636.725345466875,862.232677612271
2094488.3350100003,-636.6838540140415,862.3581883548345
2094495.4209860002,-636.633234441723,862.4970276742024
2094502.337736,-636.6340642706998,862.5036919620683
2094508.98058,-636.619957176763,862.5903276962139
2094515.9814760003,-636.5950623050924,862.7524920210162
2094523.34671,-636.6282554672706,862.8435706118686
2094530.4074370002,-636.6257659801923,862.8602313315379
2094537.3608879999,-636.6597889714951,862.906881342378
2094544.339248,-636.697961107978,863.1045885313663
2094551.335096,-636.75521931285,863.0690456654404
2094558.322668,-636.7635176035055,863.0790420965382
2094564.982949,-636.7983704237853,863.1312456810765
2094572.375408,-636.8133073468466,863.1601242584286
2094579.5663270003,-636.7726457229899,863.3089600086001
2094586.275981,-636.7195366634458,863.7054851019216
2094593.3255399999,-636.671406578206,863.9298494400118
2094600.238106,-636.677215381635,864.1331102035191
2094607.8900579999,-636.6373835869028,864.5040888628757
2094614.780627,-636.6390432450045,864.5707317345524
2094621.3687890002,-636.6523205099644,864.7095710540872
2094628.264849,-636.6805346978382,864.9028353858653
2094635.294409,-636.7021102533059,865.1483033012007
2094642.8794540002,-636.7104085438133,865.318242627574
2094649.2845190002,-636.7676667486854,865.7414248714317
2094656.278007,-636.792561620356,865.9058106248636
2094663.2569350002,-636.8863323037573,865.8802641899952
2094670.2889830002,-637.0531279439213,865.6203569853362
2094677.774271,-637.1012580291606,865.6303534168024
2094684.008458,-637.1551969178295,865.701439147341
2094690.978303,-637.2356903362706,865.8125106026824
2094697.9790050003,-637.2887993958151,865.8102891729184
2094705.2666630002,-637.329461019524,865.7736355934711
2094713.019718,-637.3867192243956,865.7936284556945
2094719.8918570003,-637.4240615319015,865.7669713070051
2094726.3473500002,-637.4248913608789,865.7780784515843
2094733.0022330002,-637.4663828137124,865.7969605992798
2094739.994346,-637.546876232153,865.7936284556945
2094747.000018,-637.5385779416455,865.884707048817
2094753.9928289999,-637.5385779416455,865.884707048817
2094761.224927,-637.6555838384679,865.7280962970879
2094768.307847,-637.7078630688876,865.6947748612278
2094775.2999159999,-637.7385667439875,865.6814462858248
2094782.4584760002,-637.7659511028838,865.6803355709426
2094788.9962910002,-637.7908459745546,865.6259105586862
2094796.319614,-637.8721692219724,865.4715212356838
2094803.2342180002,-637.9003834098463,865.445974800821
2094810.3564819999,-637.9377257173518,865.3993247906247
2094817.270996,-637.9941540932467,865.3415676326708
2094823.9962680002,-638.0182191357931,865.2993604805905
2094830.991025,-638.0182191357931,865.2993604805905
2094838.421545,-638.0821159730708,865.3271283434492
2094844.9972210003,-638.1103301610918,865.3404569192033
2094852.00077,-638.1236074259043,865.3460104918449
2094859.0025740003,-638.1559707591057,865.2849211913683
2094866.25644,-638.2962118694965,865.1516354451389
2094873.296456,-638.4762847746194,864.9461532531717
2094880.345124,-638.7069772522079,864.7817674998246
2094887.884097,-638.8231533199054,864.665142471552
2094899.1786420003,-638.9302012681177,864.5696210203774
2094901.807191,-638.9750120371543,864.6518138965098
2094908.242115,-638.9907787891924,864.6551460404465
2094915.4273340001,-639.0505264812905,864.6362638938242
2094925.5049250002,-639.1185724638957,864.5640674473843
2094929.320581,-639.167532378112,864.4940924310633
2094936.798789,-639.2140028052496,864.4307817026215
2094943.282711,-639.2762399844258,864.4596602803455
2094951.225419,-639.282048787855,864.7151246277871
2094957.2978390001,-639.2795593006293,864.8595175185599
2094964.4404630002,-639.2596434032631,865.4659676626873
2094971.7885760001,-639.2886874202615,865.4437533721155
2094978.375412,-639.301964685221,865.5203926749384
2094985.2720589999,-639.3310087020715,865.691442716581
2094992.770135,-639.3650316933744,865.629242701919
2094999.4261200002,-639.373329984029,865.6281319877434
2095006.271415,-639.3633720352727,865.6836677148815
2095013.2960130002,-639.3625422062955,865.6858891446456
2095020.539391,-639.4206302401443,865.6325748455037
2095027.832096,-639.4538234023224,865.603696267761
2095034.3355679999,-639.4679304964066,865.5725962595468
2095041.3505480003,-639.4936551970541,865.5337212503422
2095048.30808,-639.4994640004832,865.5725962595468
2095055.9789500001,-639.5127412652956,865.6236891296286
2095062.8472610002,-639.5177202397473,865.6547891357244
2095069.894143,-639.5144009233969,865.7847427398171
2095077.1859180003,-639.5069324620137,865.7969605992798
2095083.3045929999,-639.516890410623,865.8191748905609
2095091.2342140002,-639.5027833166863,865.8924820505191
2095097.2381880002,-639.5011236585847,865.8713784751789
2095105.216545,-639.5359764788644,865.8447213250768
2095111.5458760003,-639.5309975045597,865.9446856344318
2095118.5402960002,-639.5401256241918,865.9169177712113
2095125.0017510003,-639.5434449403949,865.9946677892876
2095135.058039,-639.5509134019258,865.9335784887901
2095139.0127100002,-639.5451045984963,865.953571350662
2095146.260409,-639.5617011796593,865.818064175679
2095153.9165979999,-639.5791275897989,865.7469784444276
2095160.01594,-639.5650204958621,865.7847427398171
2095167.0235090002,-639.596553999939,865.7136570078619
2095174.0083840003,-639.6065119486956,865.7081034355731
2095181.3438950002,-639.6015329743913,865.7292070109099
2095188.850742,-639.6156400683278,865.7314284403196
2095194.988852,-639.5940645128604,865.8769320464091
2095201.9854440002,-639.5915750256341,865.891371335989
2095209.0050180003,-639.5832767351263,865.9424642060804
2095215.999335,-639.5899153675329,865.8969249089872
2095223.2995980002,-639.5899153675329,865.8969249089872
2095230.471621,-639.5899153675329,865.8969249089872
2095237.2915610003,-639.6023628033678,865.860271328831
2095244.3354730003,-639.6189593845305,865.7314284403196
2095251.771858,-639.6239383588352,865.6625641384841
2095258.3164720002,-639.6164698973047,865.7314284403196
2095265.0117249999,-639.622278700734,865.6658962817153
2095271.993821,-639.6148102392032,865.6547891357244
2095279.0106260001,-639.6164698973047,865.6603427097799
2095286.0080600001,-639.622278700734,865.5936998359435
2095293.7770570002,-639.6355559655461,865.5825926913652
2095300.2572430002,-639.631406820366,865.5992534092935
2095307.276965,-639.6264278460612,865.6403498482656
2095315.6863030002,-639.6172997264296,865.7125462940396
2095321.8346240001,-639.6247681879598,865.6758927121217
2095328.3426329999,-639.6272576750383,865.67700342771
2095335.2671510002,-639.6571315210135,865.6214677005731
2095343.934023,-639.6704087859728,865.57814983219
2095349.002794,-639.681196563707,865.5759284038401
2095355.9965330001,-639.6919843414406,865.6181355562809
2095363.009192,-639.6861755380114,865.6503462786692
2095370.9611210001,-639.6836860507855,865.6936641456394
2095377.543863,-634.8341650487279,859.4592233977598
2095384.0125170003,-639.5882557094313,866.4456178979431
2095391.480754,-639.4430356247361,867.1986823647309
2095398.015461,-639.74011442668,867.6240860394971
2095405.262285,-639.8289061356281,866.0390963715018
2095412.223405,-640.2695453643121,865.1805140232285
2095419.254163,-640.2795033129215,865.1383068700915
2095432.396717,-640.2960998940838,865.0183496989176
2095434.0409569999,-640.2994192102872,865.1449711569082
2095442.556137,-640.3043981845918,865.1194247227577
2095448.7994720002,-640.335101859691,865.0872140007303
2095454.5715670001,-640.3442299793231,865.0927675737254
2095461.2647150003,-640.3508686117295,865.0772175696227
2095468.3112530003,-640.3458896374249,865.1016532899513
2095475.6408960002,-640.3757634833997,865.0838818578532
2095483.0371100002,-640.4089566455777,865.0727747115094
2095489.277298,-640.4512779275353,865.0227925573845
2095496.243912,-640.4612358761447,865.0172389843898
2095503.0116700002,-640.4736833119797,865.0161282695086
2095510.0096870002,-640.4902798931427,865.0172389843898
2095517.0118640002,-640.4894500640181,865.0283461307322
2095524.828833,-640.4985781836502,865.0350104175482
2095531.2858170003,-640.5234730553204,865.0205711286821
2095538.2967649999,-640.5458784397648,865.0272354158524
2095545.7126940002,-640.5450486107878,865.0250139860877
2095552.2795880002,-640.5533469012954,865.0261247002621
2095565.8457160003,-640.567453995232,865.052781850001
2095566.582586,-640.5774119439887,865.0605568527594
2095573.2341410003,-640.5815610891689,865.0661104243409
2095580.441212,-640.5881997217225,865.0649997101649
2095587.343747,-640.5923488669027,865.0794389993853
2095594.276665,-640.5890295506995,865.0883247159645
2095601.3445610001,-640.5915190379255,865.0938782889586
2095608.275749,-640.5973278413546,865.0805497132076
2095615.3075540003,-640.6089454480651,865.0616675658732
2095625.5968160003,-640.6097752771898,865.0716639976879
2095629.141782,-640.6081156190883,865.0616675658732
2095636.0014020002,-640.6164139095956,865.0561139932322
2095643.5957560001,-640.6272016873295,865.0416747043649
2095651.0631530003,-640.6404789521418,865.0261247002621
2095657.235685,-640.6662036529368,865.0105746975739
2095664.403925,-640.6902686954824,864.9905818350062
2095671.24393,-640.7035459604419,864.9850282634253
2095679.7529750003,-640.7350794645185,864.9561496849849
2095685.3946860002,-640.7558251910086,864.951706826164
2095694.3748820003,-640.7674427977195,864.9594818278626
2095699.294,-640.8031254471235,864.9250496771347
2095706.266546,-640.8313396349969,864.9072782439779
2095714.4841830002,-640.8628731392207,864.8595175185599
2095720.418388,-640.9358980961302,864.788431786287
2095731.946758,-640.9923264718769,864.7462246349273
2095734.2865820003,-641.0429460441947,864.6929103358135
2095741.803511,-641.0977147619875,864.639596037761
2095748.000526,-641.1317377532898,864.6262674627175
2095755.0101250003,-641.1483343343051,864.6051638859798
2095762.012535,-641.1765485221787,864.559624589626
2095773.025274,-641.246254162885,864.517417437211
2095776.0004510002,-641.2794473252104,864.4763209993253
2095783.2171000002,-641.2985333934515,864.4030138390718
2095790.2557050001,-641.3267475813249,864.3274852487028
2095797.430221,-641.3400248462843,864.2819459527095
2095804.294064,-641.3732180084623,864.2153030796312
2095811.797691,-641.3981128801325,864.1764280700983
2095818.415628,-641.4163691193968,864.1686530680518
2095825.258737,-641.426327068006,864.150881635255
2095832.2445660003,-641.4387745038412,864.1264459159975
2095839.235553,-641.4470727944964,864.0553601844605
2095846.433982,-641.4653290336132,864.0264816056824
2095853.994456,-641.4752869823697,863.9920494556789
2095860.0830540003,-641.4885642471817,863.9387351562331
2095867.212133,-641.4927133925095,863.8987494325346
2095874.006599,-641.5035011702433,863.8776458568641
2095881.0254380002,-641.5035011702433,863.8776458568641
2095888.25811,-641.5035011702433,863.8776458568641
2095895.246294,-657.8644108341575,861.5307060196113
2095902.246244,-658.3647977547629,857.2300193183755
2095909.229354,-657.3947275885022,859.3770305215052
2095916.6958880003,-656.3922940891862,858.8127875352119
2095923.3530750002,-655.0728658904255,858.7983482463941
2095930.2731860003,-655.2836424706371,858.8672125486794
2095937.5733379999,-655.525952554923,858.917194702636
2095944.2529460003,-655.5168244352915,858.9071982722697
2095951.780959,-655.4346713587536,859.0282661558011
2095958.2845369999,-655.4454591364869,859.0293768703239
2095965.616766,-655.458736401446,859.0171590116156
2095973.1087110003,-655.4579065723213,859.0116054379315
2095979.9755900002,-655.4960787089495,859.0093840092358
2095986.2703179999,-655.4927593927466,858.991612576489
2095993.019759,-655.4919295636221,858.9782840021934
2096000.019284,-655.4910997346451,858.9693982856444
2096007.281201,-655.4927593927466,858.9505161383724
2096014.017634,-655.4960787089495,858.9516268525447
2096021.6632470002,-655.4977383670514,858.9727304295711
2096031.322897,-655.4504381107911,859.0504804477056
2096035.0171510002,-655.4437994783852,859.0404840169838
2096042.019232,-655.4355011878782,859.0593661646095
2096049.287768,-655.4371608459797,859.0638090223558
2096056.3047590002,-655.4313520425509,859.0549233047441
2096063.28543,-655.4313520425509,859.0549233047441
2096070.6529940001,-655.4089466581074,859.0493697317678
2096077.252732,-655.3948395641717,859.0693625956851
2096084.724381,-655.3989887093514,859.0904661702382
2096091.775766,-655.3583270856445,859.0638090223558
2096098.8353490003,-655.3193251200394,859.0082732940032
2096105.396209,-655.3160058038367,859.0160482960288
2096112.8847780002,-655.3699446925023,859.0382625868742
2096119.0160700001,-655.3765833249078,859.0260447267514
2096126.018364,-655.3732640087051,859.0204911548345
2096133.011385,-655.3857114445398,859.0238232980549
2096140.018945,-655.3649657180504,859.0349304429483
2096147.473128,-655.3599867437458,858.9993875785132
2096154.243645,-655.3732640087051,858.9982768636371
2096161.0214500001,-655.3550077694418,858.9727304295711
2096168.0191360002,-655.3599867437458,858.9549589971767
2096175.020989,-655.3599867437458,858.9549589971767
2096182.847241,-655.3508586241143,858.9449625661023
2096189.2753080002,-655.3267935815696,858.9527375681288
2096196.245266,-655.3151759747121,858.9482947100303
2096203.3015659999,-655.3060478552277,858.9238589894303
2096212.7610040002,-655.2745143510053,858.9227482741985
2096217.0235380002,-655.2662160604979,858.9183054164539
2096224.8407059999,-655.1359328987234,859.0793590256992
2096231.2844320002,-655.1093783689524,859.0738054523683
2096238.0250330002,-655.0961011039936,859.0715840222598
2096245.035645,-655.0736957195503,859.0649197358196
2096252.0116490002,-655.0736957195503,859.0649197358196
2096259.0261910001,-655.0736957195503,859.0649197358196
2096266.2792769999,-654.8886438401324,859.1104590323912
2096273.355783,-654.880345549478,859.1182340344159
2096280.3032000002,-654.8786858913764,859.1304518941868
2096287.3554800001,-654.8836648658283,859.141559038728
2096294.472245,-654.9027509340686,859.1471126120573
2096302.909954,-654.887814011008,859.1548876144365
2096308.2780450003,-654.8811753786025,859.1448911833618
2096315.348128,-654.8969421306399,859.1615519008765
2096322.536313,-654.8969421306399,859.1615519008765
2096329.024145,-654.8969421306399,859.1615519008765
2096337.2976340002,-654.9210071733323,859.2159769140023
2096343.279303,-654.907729908373,859.2381912048508
2096350.02797,-654.862089310362,859.2448554923513
2096357.0157100002,-654.862089310362,859.2448554923513
2096364.02854,-654.862089310362,859.2448554923513
2096371.3070810002,-654.862089310362,859.2448554923513
2096378.2585790001,-654.862089310362,859.2448554923513
2096385.3047070003,-654.4646011926309,859.6880305941362
2096392.3370959999,-654.3741498255854,859.7291270326228
2096399.5074910002,-654.345105808589,859.8124306223546
2096406.410248,-654.1608837581475,860.0223556707883
2096413.635225,-654.1442871771332,860.0601199649969
2096420.366162,-653.1559607715956,859.1004626009617
2096427.321985,-651.7070792403172,859.1704376177821
2096434.031466,-651.7079090692941,859.1704376177821
2096442.032204,-651.8788538547774,859.1648840444515
2096448.092134,-651.8713853932469,859.1759911904059
2096455.06215,-651.7767848810211,859.2615162102221
2096462.0821470001,-651.7718059065693,859.2581840659417
2096469.064713,-651.7784445391223,859.2615162102221
2096476.515401,-651.790891974957,859.2615162102221
2096483.0146620001,-651.7784445391223,859.2892840733421
2096490.024693,-653.4903818811779,866.384528597784
2096497.0316740002,-653.6032386326667,864.3941281214336
2096504.0118660002,-653.8306117940408,862.6758527158382
2096513.6766640001,-653.8654646143191,862.565891976626
2096518.3287890002,-654.2546544415436,864.7973175028649
2096527.8103739999,-654.8040012763688,870.5497081840475
2096532.30097,-654.4936452096274,870.2986866935659
2096539.767477,-654.4728994831385,870.3764367125334
2096547.0643440003,-654.4521537567964,870.5341581809593
2096553.5629670003,-655.8396279380138,870.053218775417
2096560.5024870003,-649.3478752346934,870.9018046997845
2096567.814366,-647.4201823380948,869.4389936259367
2096574.3026130002,-645.9049144821396,869.2046328528602
2096581.2728290001,-645.2568179895958,869.337918599384
2096588.8575200003,-620.4067570838299,831.3625889959179
2096597.010252,-585.7215622051655,795.9741155619304
2096602.8804190003,-571.8650766285949,769.9578520044133
2096609.0320730002,-562.7601922263328,758.526379664158
2096617.854606,-562.7601922263328,758.526379664158
2096623.3280459999,-562.7601922263328,758.526379664158
2096630.3515840003,-562.7601922263328,758.526379664158
2096637.5571550003,-491.5201975917012,672.151682986204
2096644.2623679999,-495.4726733862413,669.4804153083214
2096651.890905,-495.4726733862413,669.4804153083214
2096658.850487,-477.2014972274344,665.1963906207989
2096665.017231,-467.749744277476,666.3115476793188
2096672.018271,-466.95725752882606,670.2034902594644
2096679.8087870001,-459.087158759626,689.3688642421899
2096686.3437460002,-457.4457568863714,706.8681673903252
2096693.052767,-456.3802563783165,719.565853097377
2096700.053271,-444.3103927552303,731.5782283263565
2350981.516703,-910.9572937500832,336.1007436963191
2350988.5170259997,-910.9572937500832,336.1007436963191
2350995.5176879996,-910.9572937500832,336.1007436963191
2351002.766273,-913.5803833928172,381.5100504965865
2351009.852806,-889.3767593461209,393.10479097485626
2351017.666669,-847.5069045416494,407.732890911869
2351023.971385,-845.2190658364859,406.5299879202437
2351030.8053409997,-845.2190658364859,406.5299879202437
2351037.4892619997,-845.2190658364859,406.5299879202437
2351044.717811,-816.4165291583113,401.6306295915417
2351051.800773,-816.4165291583113,401.6306295915417
2351058.808737,-816.4165291583113,401.6306295915417
2351067.2961689997,-816.4165291583113,401.6306295915417
2351073.196735,-816.4165291583113,401.6306295915417
2351080.928014,-816.4165291583113,401.6306295915417
2351088.228718,-816.4165291583113,401.6306295915417
2351093.778936,-816.4165291583113,401.6306295915417
2351102.294958,-816.4165291583113,401.6306295915417
2351108.234719,-816.4165291583113,401.6306295915417
2351118.333094,-816.4165291583113,401.6306295915417
2351121.513254,-816.4165291583113,401.6306295915417
2351128.5560479998,-816.4165291583113,401.6306295915417
2351135.563297,-816.4165291583113,401.6306295915417
2351142.52343,-816.4165291583113,401.6306295915417
2351149.561429,-816.4165291583113,401.6306295915417
2351156.513386,-816.4165291583113,401.6306295915417
2351164.243872,-816.4165291583113,401.6306295915417
2351170.8261809996,-816.4165291583113,401.6306295915417
2351180.520794,-816.4165291583113,401.6306295915417
2351184.763297,-816.4165291583113,401.6306295915417
2351191.7856489997,-816.4165291583113,401.6306295915417
2351199.255851,-816.4165291583113,401.6306295915417
2351205.953036,-816.4165291583113,401.6306295915417
2351212.7753029997,-816.4165291583113,401.6306295915417
2351219.783554,-816.4165291583113,401.6306295915417
2351228.614931,-816.4165291583113,401.6306295915417
2351234.4707819996,-816.4165291583113,401.6306295915417
2351241.314351,-816.4165291583113,401.6306295915417
2351247.783351,-816.4165291583113,401.6306295915417
2351254.757163,-816.4165291583113,401.6306295915417
2351261.746303,-816.4165291583113,401.6306295915417
2351268.737994,-816.4165291583113,401.6306295915417
2351275.838399,-816.4165291583113,401.6306295915417
2351284.86705,-816.4165291583113,401.6306295915417
2351289.496407,-816.4165291583113,401.6306295915417
2351297.163251,-816.4165291583113,401.6306295915417
2351303.748462,-816.4165291583113,401.6306295915417
2351310.790923,-911.023680074518,364.3572989746121
2351319.310398,-891.8745448017495,371.78130922449526
2351324.8046299997,-843.9859398605995,394.79529726837967
2351331.515584,-843.9859398605995,394.79529726837967
2351338.4876929997,-843.9859398605995,394.79529726837967
2351345.5356349996,-617.6774493190968,490.4699636338623
2351352.4963209997,-549.8953523719399,532.6526573742478
2351359.499041,-466.8560183838473,564.3113384395875
2351366.4884079997,-466.8560183838473,564.3113384395875
2351374.4029019997,-466.8361024866194,670.843261645256
2351380.7197769997,-461.986581482118,708.2654459485852
2351387.7549409997,-458.57681389013,721.9960959827617
2351394.533252,-458.57681389013,721.9960959827617
2351401.4748509997,-458.57681389013,721.9960959827617
2351412.742448,-458.57681389013,721.9960959827617
2351415.4960749997,-458.57681389013,721.9960959827617
2351424.521239,-458.57681389013,721.9960959827617
2351429.493099,-458.57681389013,721.9960959827617
2351436.4755579997,-458.57681389013,721.9960959827617
2351443.739331,-458.57681389013,721.9960959827617
2351450.564218,-244.84023332304747,915.0660385986888
2351457.4749519997,-265.11046768653574,957.1821176360615
2351499.8412349997,-456.9843719311144,945.0953202612034
2351507.251228,-441.41179986175,936.3873171476228
2351513.7276169998,-415.5510071520183,935.6131490193076
2351520.840951,-416.9019688557133,934.2147592454804
2351527.7270569997,-416.9086074881234,935.0066988073964
2351535.458398,-415.28214253779055,932.3076621572498
2351541.756126,-411.581104946627,931.688994089009
2351553.2092569997,-411.581104946627,931.688994089009
2351557.8549619997,-411.581104946627,931.688994089009
2351570.984816,-411.581104946627,931.688994089009
2351577.165017,-411.581104946627,931.688994089009
2351579.1860539997,-411.581104946627,931.688994089009
2351585.003554,-411.581104946627,931.688994089009
2351596.225875,-411.581104946627,931.688994089009
2351597.8653349997,-411.581104946627,931.688994089009
2351604.62506,-411.581104946627,931.688994089009
2351681.6838809997,-420.735779095773,942.1052763209178
2351681.684585,-420.735779095773,942.1052763209178
2351683.284561,-420.735779095773,942.1052763209178
2351696.097486,-420.735779095773,942.1052763209178
2351697.597664,-420.7142035402933,942.054183445518
2351704.3760849996,-420.709224565986,942.040854869205
2351724.218728,-420.4469985841709,941.690979744184
2351724.716981,-417.91601996253337,942.7550444114032
2351725.4362319997,-417.21896355520784,942.2974299611416
2351732.677656,-417.01150629106826,945.6018061599232
2351739.5175429997,-414.0863588676342,944.669916534492
2351763.4019009997,-414.2407070721997,945.274145326111
2351763.402438,-414.2407070721997,945.274145326111
2351764.100296,-414.2407070721997,945.274145326111
2351771.108435,-414.434057242248,945.4907346905476
2351778.106522,-414.620768779886,945.9061419859016
2351785.108499,-414.6232582671137,945.9105848435051
2351797.281643,-414.6232582671137,945.9039205556865
2351799.11734,-414.6232582671137,945.9039205556865
2351806.1148369997,-414.5991932244062,945.8639348263068
2351813.099205,-415.1999894612004,944.9320452014488
2351820.11856,-409.3903562380264,952.1872335982054
2351827.1126599996,-408.2310850464064,951.9517620815648
2351834.1165759997,-408.48916188289786,951.9695335169814
2351841.444726,-408.6128064123475,951.9939692402394
2351848.390363,-410.95790332537047,947.4711389875804
2351855.340823,-411.9221646888325,946.2315813899628
2351862.361123,-412.0001686200932,946.140502785418
2351869.8460959997,-412.5926665663778,945.6584526097224
2351876.432213,-412.71963041188377,945.659563324299
2351883.371731,-412.7246093863389,945.665116896477
2351890.46713,-412.7395463092615,945.6495668913356
2351897.351175,-412.1611554570694,942.4384907263296
2351904.912546,-412.18688015773233,941.5821297041932
2351911.4474359998,-412.4067848577165,942.5884372091908
2351918.627517,-411.0840373418994,938.729814401092
2351925.425339,-408.9563556416352,937.6657497404582
2351932.378027,-422.9696789152823,966.2688747575288
2351939.435563,-422.9696789152823,966.2688747575288
2351946.3690979998,-324.8050506928115,966.429928392842
2351995.971538,-92.5010449439809,977.2949399518336
2352002.3539839997,-73.72450287946522,901.6941452138202
2352009.595934,-1.2953631574417754,843.737059268163
2352016.3562749997,64.0976559934601,818.4416474451316
2352086.139073,46.82144486319792,530.5334151230841
2352093.107604,-28.289702370199983,480.0559102307398
2352100.120176,-64.91835693042728,439.6026013775882
2352107.4037369997,-124.19636576170628,387.7633686899781
2352114.397316,-174.29563539597098,332.74305641260474
2352122.1658199998,-209.47042944596777,270.3365040081122
2352128.3572919997,-209.47042944596777,270.3365040081122
2352135.3545589997,-340.0838632796967,164.73209356053195
2352142.850133,-388.7624655559745,83.4334368125061
2352149.456328,-385.4937689029276,18.84657912155795
