time,x,y
0.0,0.0,0.0
14.75969,0.0,0.0
30.089915,0.0,0.0
44.703308,0.0,0.0
60.831264,-34.791918972575054,21.260362966827124
74.699795,-46.37410067145689,28.79606448325177
90.034429,-46.37410067145689,28.79606448325177
105.09587,-46.37410067145689,28.79606448325177
120.011348,-46.37410067145689,28.79606448325177
134.690256,-46.37410067145689,28.79606448325177
150.175688,-46.37410067145689,28.79606448325177
165.0493,-46.37410067145689,28.79606448325177
180.75666,-46.37410067145689,28.79606448325177
195.104273,-46.37410067145689,28.79606448325177
210.022772,-46.37410067145689,28.79606448325177
225.706685,-46.37410067145689,28.79606448325177
239.837123,-46.37410067145689,28.79606448325177
256.205109,-46.37410067145689,28.79606448325177
270.014939,-46.37410067145689,28.79606448325177
284.6897,-46.37410067145689,28.79606448325177
301.067914,-48.060311903178864,34.48737209386483
315.671169,-57.19700943805204,48.10025339358406
329.70635,-57.19700943805204,48.10025339358406
345.180616,-58.366570638194005,51.600753904682975
360.145415,-130.59085383320135,134.03979884614463
374.692777,-130.59085383320135,134.03979884614463
389.663103,-404.209748290841,457.5134700287009
404.667798,-437.79591208871415,487.38377371661824
420.612802,-512.8537706048256,558.1018708532515
435.89678,-544.2662761993269,605.0421401173601
450.083173,-558.4337499304122,629.2263051732803
465.922143,-613.7041760337859,643.2973565041052
480.077745,-639.5830135834525,720.8207883817705
494.697516,-661.2242176439477,698.7067615206954
509.664922,-648.8965826473676,603.4635213706543
526.789053,-744.5207176082642,551.1062210538923
540.116779,-812.3417625264974,531.0051270676487
556.966716,-885.6821205144281,490.6749440245545
571.002005,-922.7255620225448,470.3622914924806
586.253181,-923.0945034014208,445.2580079981195
601.926958,-889.4576868275562,305.0947514143768
614.704989,-872.2865225775505,258.81115664629624
629.684624,-842.0086173200162,151.1322204117581
645.260088,-849.7278629224604,132.32415386642947
659.679115,-808.6987645741724,55.87923745850574
89797.295846,66.07798928679074,184.435013524602
89806.322352,1.730244822398371,131.43202149985635
89815.316572,-47.26339528012407,87.32208262422293
89825.645757,-47.26339528012407,87.32208262422293
89836.094917,-47.26339528012407,87.32208262422293
89845.321298,-50.638481119624544,84.34807372763397
89855.648005,-97.959230803236,42.94377242995723
89865.642579,-138.733241811127,9.968807025989154
156031.44871,-793.6858151197885,0.3055009671631223
156041.586394,-820.7708556267771,101.08977794610936
156051.760016,-843.235117295507,177.16347730599085
156061.676909,-845.9544934316627,187.6787860453996
156071.430106,-858.1886089583767,221.58621903536843
156082.797705,-880.8569808893599,280.4904877428056
156095.261183,-895.6091385078831,329.8583769030637
156102.428595,-872.9402493892995,377.31873444048495
156112.323922,-834.0324859686602,393.5325893621288
156121.397715,-814.454611426643,399.5682813021056
156132.01294,-791.1751180878591,405.4615190554919
156141.766074,-757.237051263174,414.2401213433862
156151.400765,-743.1206688331771,423.2839631710069
156164.925711,-683.6417849483544,443.94302662381534
156171.928814,-618.9393797702114,465.250111215816
156182.899049,-606.5892323341496,468.6924859798582
156191.444063,-606.5892323341496,468.6924859798582
156201.803927,-576.4098620343955,479.9229605257496
156212.487578,-497.9072798420162,505.5294858672387
156221.682629,-487.17748775365385,507.9565458526168
156231.743441,-487.17748775365385,507.9565458526168
156241.70053,-473.0787985445119,514.0742715937237
156251.448117,-370.8432828040733,553.1005556815727
156261.747509,-312.3618472510472,571.0015010232696
156271.403296,-256.81476258671256,586.1308271840113
156282.643484,-201.902520408352,600.3528660413584
156291.459614,-183.3780909425052,617.1359343625419
156302.319623,-183.3780909425052,617.1359343625419
156311.484969,-188.7920113978043,633.396697099051
156322.11862,-216.87181788960987,632.6331621183451
156331.53706,-222.8196727283729,627.5602809467889
156341.950158,-222.8196727283729,627.5602809467889
156351.714838,-222.8196727283729,627.5602809467889
156361.458488,-222.8196727283729,627.5602809467889
156372.184121,-222.8196727283729,627.5602809467889
156382.092015,-222.8196727283729,627.5602809467889
156391.458952,-222.8196727283729,627.5602809467889
156404.126397,-222.8196727283729,627.5602809467889
156411.45958,-222.8196727283729,627.5602809467889
156423.582,-222.8196727283729,627.5602809467889
156432.60773,-222.8196727283729,627.5602809467889
156441.6563,-222.8196727283729,627.5602809467889
156451.703734,-222.8196727283729,627.5602809467889
156461.748149,-222.8196727283729,627.5602809467889
156471.72034,-222.8196727283729,627.5602809467889
156481.965346,-222.8196727283729,627.5602809467889
156491.781164,-222.8196727283729,627.5602809467889
156501.379129,-222.8196727283729,627.5602809467889
156512.26248,-243.317810306118,598.8556513231084
156521.386912,-244.14282455156948,597.3473973981904
156531.591218,-315.42766764327524,564.5681352751144
156541.391469,-407.9710584334324,534.4743305954926
156551.438481,-481.15456592158,511.5051205217287
156561.480839,-520.1235163928819,500.6347468253042
156571.945786,-529.9579926971526,498.55227866273833
156581.874407,-529.9579926971526,498.55227866273833
156593.886438,-548.8115235483879,494.9221711435815
156601.724524,-584.1942128956682,485.4653762528509
156612.001842,-643.9526675985987,461.6405223591461
156622.598444,-686.2602157539719,453.24917847261503
156632.315117,-745.67712115407,432.5377276877837
156641.472225,-799.6899263365233,408.8490417045516
156654.273916,-810.470519143636,417.0553044294495
156663.249068,-815.1527670335546,430.3489708118834
156671.345151,-838.2773871346473,438.46669664573983
156682.31768,-889.8519891460713,418.2662131290559
156696.970961,-915.0116805499188,403.4644383619564
156701.389045,-894.3926307650157,327.2813291462112
156711.772228,-876.823940049333,271.48171115340466
156723.659304,-857.1796848087229,204.4199992072185
156731.680603,-820.9976128371312,87.98167437263228
156742.652593,-800.4613703073088,11.339660769753117
334030.443519,-72.76730276275258,948.6761496221068
334040.490496,-72.76730276275258,948.6761496221068
334051.837322,-72.76730276275258,948.6761496221068
334060.494546,-65.68475249691461,895.6888168634332
334070.542901,-10.464161042957889,839.2648049658088
334081.678013,56.274489704382,806.4180790411394
334171.776644,57.63397564577614,497.1775922730188
334181.374798,46.02914063778505,489.25669898274816
334190.493887,46.02914063778505,489.25669898274816
334202.794564,46.02914063778505,489.25669898274816
334211.090772,46.02914063778505,489.25669898274816
334220.862451,46.02914063778505,489.25669898274816
334230.766907,14.90994975414888,452.1307631166616
334240.896057,-5.175920199532241,439.1724682648481
334250.437308,-5.175920199532241,439.1724682648481
334260.823149,-5.175920199532241,439.1724682648481
334272.551548,-31.83792946832085,427.7776649479253
334280.513051,7.826597104678666,385.0664072375649
334291.016479,62.71099629111322,350.2867208474444
397283.883307,-844.9910261733153,-9.52600452283068
397293.522334,-851.2848498961101,75.23514963928737
397303.506631,-867.8790196015586,116.2865553476732
397315.640594,-921.623614839033,111.67965974990446
397325.20603,-932.944037836512,111.44902502395944
397334.487043,-966.0307661989692,147.44448447094703
397343.57274,-964.922797956695,173.54024600467756
397354.1748,-964.922797956695,173.54024600467756
397364.688325,-964.922797956695,173.54024600467756
397373.879864,-964.922797956695,173.54024600467756
397383.533933,-964.922797956695,173.54024600467756
397394.014877,-964.922797956695,173.54024600467756
397404.096337,-964.922797956695,173.54024600467756
397413.670617,-964.922797956695,173.54024600467756
397424.08643,-964.922797956695,173.54024600467756
397434.715116,-964.922797956695,173.54024600467756
397445.599292,-964.922797956695,173.54024600467756
397453.587236,-950.977121039426,204.7055357439332
397464.30749,-959.6658873844516,225.52115887497467
397474.624577,-956.1652520406332,252.21728070310024
397484.631784,-929.1730471840116,264.717509367205
397494.931001,-886.667360827179,277.3936966095568
397504.654984,-888.8543952069942,307.0561634855402
397514.22709,-888.2005766248974,355.3836562657499
397523.489705,-811.3872342105859,396.7891965912586
397533.538437,-747.945311303847,415.4950020652647
397543.488051,-728.4353889735887,417.35291221061465
397554.719439,-716.3440860864232,406.8027429841895
397564.756743,-716.3440860864232,406.8027429841895
397573.488361,-716.3440860864232,406.8027429841895
397584.579866,-716.3440860864232,406.8027429841895
397593.587874,-716.3440860864232,406.8027429841895
397604.234422,-716.3440860864232,406.8027429841895
397614.02541,-716.3440860864232,406.8027429841895
397624.016698,-716.3440860864232,406.8027429841895
397633.57485,-716.3440860864232,406.8027429841895
397644.148729,-716.3440860864232,406.8027429841895
397654.294789,-716.3440860864232,406.8027429841895
397663.494466,-716.3440860864232,406.8027429841895
397675.443071,-716.3440860864232,406.8027429841895
397683.509964,-716.3440860864232,406.8027429841895
397693.995078,-716.3440860864232,406.8027429841895
397704.243036,-716.3440860864232,406.8027429841895
397713.526644,-716.3440860864232,406.8027429841895
397724.064843,-716.3440860864232,406.8027429841895
397734.055673,-716.3440860864232,406.8027429841895
397743.914826,-716.3440860864232,406.8027429841895
397753.510275,-716.3440860864232,406.8027429841895
397763.878699,-716.3440860864232,406.8027429841895
397773.894831,-716.3440860864232,406.8027429841895
397786.660229,-716.3440860864232,406.8027429841895
397794.880321,-716.3440860864232,406.8027429841895
397804.026035,-716.3440860864232,406.8027429841895
397815.296223,-716.3440860864232,406.8027429841895
397823.57489,-716.3440860864232,406.8027429841895
397834.642994,-716.4488401950341,408.488594761401
397843.975455,-716.4488401950341,408.488594761401
397853.840017,-724.2173395858558,406.5608966391681
397863.926941,-724.218785806301,406.561485084664
397874.388759,-724.218785806301,406.561485084664
397884.843194,-724.218785806301,406.561485084664
397894.124509,-724.218785806301,406.561485084664
397904.698398,-724.218785806301,406.561485084664
397913.577838,-724.218785806301,406.561485084664
397924.130821,-724.218785806301,406.561485084664
397935.622441,-724.218785806301,406.561485084664
397943.513249,-724.218785806301,406.561485084664
397953.940624,-724.218785806301,406.561485084664
397963.58836,-724.218785806301,406.561485084664
397973.860379,-724.218785806301,406.561485084664
397985.352448,-724.218785806301,406.561485084664
397994.62936,-724.218785806301,406.561485084664
398004.014123,-724.218785806301,406.561485084664
398014.623331,-724.218785806301,406.561485084664
398025.003593,-724.218785806301,406.561485084664
398033.512331,-724.218785806301,406.561485084664
398044.085484,-724.218785806301,406.561485084664
398053.931346,-724.218785806301,406.561485084664
398064.001648,-724.218785806301,406.561485084664
398073.963277,-724.218785806301,406.561485084664
398083.579741,-724.218785806301,406.561485084664
398094.088549,-724.218785806301,406.561485084664
398104.039044,-724.218785806301,406.561485084664
398114.55061,-724.218785806301,406.561485084664
398123.512148,-724.218785806301,406.561485084664
398135.942952,-724.218785806301,406.561485084664
398143.486611,-724.218785806301,406.561485084664
398154.085833,-724.218785806301,406.561485084664
398164.017917,-724.218785806301,406.561485084664
398174.019448,-724.218785806301,406.561485084664
398184.081276,-724.218785806301,406.561485084664
398193.952138,-724.218785806301,406.561485084664
398203.492509,-724.218785806301,406.561485084664
398214.802338,-724.218785806301,406.561485084664
398224.809712,-724.218785806301,406.561485084664
398235.765503,-724.218785806301,406.561485084664
398243.531161,-724.218785806301,406.561485084664
398253.851838,-724.218785806301,406.561485084664
398265.193474,-724.218785806301,406.561485084664
398273.823961,-724.218785806301,406.561485084664
398283.572383,-724.218785806301,406.561485084664
398293.93927,-724.218785806301,406.561485084664
398303.873764,-724.218785806301,406.561485084664
398314.647121,-724.218785806301,406.561485084664
398324.957404,-724.218785806301,406.561485084664
398335.260326,-724.218785806301,406.561485084664
398344.796314,-724.218785806301,406.561485084664
398354.624057,-724.218785806301,406.561485084664
398366.388825,-724.218785806301,406.561485084664
398374.503893,-724.218785806301,406.561485084664
398384.068708,-724.218785806301,406.561485084664
398393.958021,-724.218785806301,406.561485084664
398403.578391,-724.218785806301,406.561485084664
398413.57883,-724.218785806301,406.561485084664
398425.63086,-719.2817782462857,407.8706015574042
398433.513672,-717.4458203541215,409.55042702638906
398443.51196,-716.2830245765091,409.9926465196015
398454.037311,-719.0638189162574,409.84765445046565
398464.764286,-719.0638734358006,409.847683684307
398474.978576,-719.0638734358006,409.847683684307
398483.529541,-719.0638734358006,409.847683684307
398493.580374,-719.0638734358006,409.847683684307
398503.898798,-719.0638734358006,409.847683684307
398513.850305,-719.0638734358006,409.847683684307
398523.834986,-719.0638734358006,409.847683684307
398534.241426,-719.0638734358006,409.847683684307
398544.656754,-719.0638734358006,409.847683684307
398553.513722,-719.0638734358006,409.847683684307
398564.026534,-719.0638734358006,409.847683684307
398573.573786,-719.0638734358006,409.847683684307
398583.911965,-719.0638734358006,409.847683684307
398595.162906,-719.0638734358006,409.847683684307
398604.017757,-719.0638734358006,409.847683684307
398613.936672,-719.0638734358006,409.847683684307
398623.580378,-719.0638734358006,409.847683684307
398634.533811,-719.0638734358006,409.847683684307
398644.171256,-719.0638734358006,409.847683684307
398653.524901,-719.0638734358006,409.847683684307
398663.945426,-719.0638734358006,409.847683684307
398673.492199,-719.0638734358006,409.847683684307
398684.007634,-719.0638734358006,409.847683684307
398693.514058,-719.0638734358006,409.847683684307
398705.168234,-719.0638734358006,409.847683684307
398713.57185,-719.0638734358006,409.847683684307
398723.975755,-719.0638734358006,409.847683684307
398734.02917,-719.0638734358006,409.847683684307
398744.387134,-719.0638734358006,409.847683684307
398753.936046,-719.0638734358006,409.847683684307
398764.304823,-719.0638734358006,409.847683684307
398773.522049,-719.0638734358006,409.847683684307
398785.132967,-719.0638734358006,409.847683684307
398793.834047,-719.0638734358006,409.847683684307
398804.310402,-719.0638734358006,409.847683684307
398813.509183,-719.0638734358006,409.847683684307
398823.888497,-719.0638734358006,409.847683684307
398833.863373,-717.2134332314334,420.8785790434777
398844.066928,-773.027608612259,410.3712767259081
398853.945604,-804.5881493433083,405.0380741387816
398864.339635,-811.3326619805221,423.8698240180132
398875.029402,-813.2442665263569,429.9403291486113
398886.351527,-822.561474345989,436.7216657446841
398893.479742,-878.2662623951879,419.8826226656098
398903.714177,-890.955282481531,413.5250030752921
398913.880352,-908.7801848605462,405.2116919878745
398924.001401,-912.0999087592052,368.9237580222255
398933.722877,-906.0055227286056,349.690727217042
398943.57929,-902.3750150348808,336.0778092911748
398954.092341,-883.2891329580904,279.912133353456
398964.17324,-848.2411934610999,202.4289428987804
398974.232165,-838.7267760840084,183.2809777961032
398984.601331,-826.9645034824714,151.21968494542708
398993.520494,-808.5939987236236,79.4029759585595
399004.042603,-786.2181258485672,24.673015497199533
402756.997765,-971.199441267994,88.31125403395876
402767.510814,-964.7417703600936,82.35179228938598
402778.789181,-961.0296553987956,49.79773487441787
402786.996216,-959.46557428573,-18.70368116916439
407729.24623,-76.74203925483954,923.769555883972
407738.618912,-76.74203925483954,923.769555883972
407748.01662,-76.74203925483954,923.769555883972
407759.933257,-83.9771580893252,905.8844493506888
407760.328798,-83.9771580893252,905.8844493506888
407769.537063,-175.32822939814056,851.1766173729086
407779.598588,-258.26084555655666,790.115895703262
407787.597004,-208.6240992322501,657.8065188359734
407798.032675,-236.0113312007757,600.7759802619466
407808.128092,-230.70238482475455,565.4558782516341
407821.517814,-204.1168524626285,537.4396396641937
407827.63892,-163.302412654484,511.90961597389264
407842.870398,-103.53770791552591,463.8444849634299
407851.230085,-76.592925027355,447.046665154379
407858.244273,-71.40645665370022,444.7181909744409
407867.599141,-71.40645665370022,444.7181909744409
407878.462058,-71.40645665370022,444.7181909744409
407887.643641,-49.78043851737894,432.7747677392621
407898.494171,-28.59488577363116,417.1916088956305
407907.728531,-127.93753609029332,310.5600744603924
407918.113929,-199.3859408781359,252.5411409771312
407927.636159,-274.54260085270977,180.15710725630825
407942.363551,-354.9005366798235,89.39515287077896
407961.494057,-359.31917687221994,36.711262352749
480644.6947,-125.95286708956576,6.51169778448945
480654.259254,-57.37020067373975,58.52193141782663
480665.270605,4.964342587435383,115.65074147495302
480674.414263,91.6011212957534,186.9288685129137
485258.321274,32.40625290747891,167.207126216942
485268.74757,-60.72892373239633,83.75408178378295
485278.722016,-123.04540161637944,134.29908253116827
485289.186967,-153.67306225938424,170.4808003305763
485298.331186,-153.67306225938424,170.4808003305763
485308.581446,-408.6222582270221,448.208347894114
485318.320434,-414.193917744869,470.5524160023453
485328.712761,-425.5496857264383,482.0200715232233
485338.725798,-425.5496857264383,482.0200715232233
485350.160797,-467.0058982985394,528.1597063976478
485358.389751,-511.98715248289807,580.5651558697373
485368.676636,-537.999793598291,607.7068369208515
485378.322555,-543.2285767903064,610.2446040759388
485388.723634,-593.3274995729158,667.4395948510976
485398.286784,-639.5155826204405,722.7398416450735
485409.808306,-653.6485437235604,729.6028333760078
485418.331711,-653.6485437235604,729.6028333760078
485429.003001,-653.6485437235604,729.6028333760078
485438.323115,-653.6485437235604,729.6028333760078
485449.934162,-657.8158759546797,732.9704568168427
485460.756415,-668.7282996549316,735.3498151766323
485460.765255,-668.7282996549316,735.3498151766323
485468.889816,-668.7282996549316,735.3498151766323
485478.935264,-668.7282996549316,735.3498151766323
485488.901535,-668.7282996549316,735.3498151766323
485498.914939,-668.7282996549316,735.3498151766323
485509.215267,-668.7282996549316,735.3498151766323
485518.289628,-668.7282996549316,735.3498151766323
485529.734011,-668.7282996549316,735.3498151766323
485539.908497,-668.7282996549316,735.3498151766323
485549.188592,-668.7282996549316,735.3498151766323
485558.335305,-668.7282996549316,735.3498151766323
485569.028989,-668.7282996549316,735.3498151766323
485578.779168,-668.7282996549316,735.3498151766323
485588.861825,-668.7282996549316,735.3498151766323
485598.860651,-668.7282996549316,735.3498151766323
485608.820447,-668.7282996549316,735.3498151766323
485618.820351,-668.7282996549316,735.3498151766323
485629.556645,-668.7282996549316,735.3498151766323
485638.920663,-668.7282996549316,735.3498151766323
485649.513734,-668.7282996549316,735.3498151766323
485658.291485,-668.7282996549316,735.3498151766323
485668.774092,-668.7282996549316,735.3498151766323
485678.293908,-668.7282996549316,735.3498151766323
485688.619886,-668.7282996549316,735.3498151766323
485698.641773,-669.8025743367698,735.1795839154189
485708.650197,-669.8025743367698,735.1795839154189
485718.756812,-669.8025743367698,735.1795839154189
485728.907486,-669.8025743367698,735.1795839154189
485738.323505,-669.8025743367698,735.1795839154189
485749.687742,-669.8025743367698,735.1795839154189
485759.486879,-669.8025743367698,735.1795839154189
485770.122892,-669.8025743367698,735.1795839154189
485778.289532,-669.8025743367698,735.1795839154189
485788.619621,-669.8025743367698,735.1795839154189
485798.827015,-669.8025743367698,735.1795839154189
485808.620973,-669.8025743367698,735.1795839154189
485818.630043,-669.8025743367698,735.1795839154189
485828.629803,-669.8025743367698,735.1795839154189
485838.741029,-669.8025743367698,735.1795839154189
485849.551245,-669.8025743367698,735.1795839154189
485859.248351,-669.8025743367698,735.1795839154189
485869.753288,-669.8025743367698,735.1795839154189
485878.623392,-669.8025743367698,735.1795839154189
485888.404753,-669.8025743367698,735.1795839154189
485898.322303,-669.8025743367698,735.1795839154189
485908.703607,-669.8025743367698,735.1795839154189
485918.709807,-669.8025743367698,735.1795839154189
485928.62704,-669.8025743367698,735.1795839154189
485938.751792,-669.8025743367698,735.1795839154189
485948.695333,-670.9422782258869,734.3751103909642
485958.811374,-661.5416706502826,699.5376763220943
485963.624149,-658.1620073371128,648.1496374723006
485968.804542,-658.1620073371128,648.1496374723006
485978.533763,-650.2390906485005,608.6210629703318
485988.647542,-625.4537047840987,605.6887830532347
485999.107745,-588.4229243282158,621.4644100366779
486008.32158,-578.2609292063844,627.505273771235
486018.302797,-578.2609292063844,627.505273771235
486028.695106,-567.4869730146407,627.0470751799995
486038.813726,-532.0403091431658,628.8633117809915
486048.324037,-519.1273528731788,634.277189852078
486058.716151,-487.0151206673504,637.2974716311695
486069.396391,-455.6807054770936,642.5065329178756
486078.320474,-438.1982249994229,677.5115991909854
486088.73493,-436.13144354924935,704.5536549402725
486099.235909,-403.21225334014696,701.8423522809563
486108.879891,-390.9517065471191,690.2353428123179
486118.320021,-376.8771378011528,676.5378716330895
486128.336181,-360.0826108999261,654.8663986599174
486138.359453,-318.54667243164363,624.3363001200444
486149.058108,-299.55708554214164,603.9092185904274
486159.831624,-299.55708554214164,603.9092185904274
486169.950475,-291.80511842402524,598.6683473887939
486187.353039,-258.49958205078565,574.9002070459788
486188.334718,-198.36396475220263,528.3111838864656
486198.738669,-140.64061859623004,486.7738961103801
486209.360692,-90.4210056311481,449.9962915020917
486219.431394,-45.35283110888423,416.9834157442834
486228.923323,-51.86025713074565,384.7697028929994
486238.328303,-95.09076591883864,355.22969098613686
486249.454566,-160.20579073456005,295.6013492062027
486258.310592,-219.0849337427001,241.2656415674637
486268.718158,-292.4673788841631,170.7316614014305
486278.650867,-357.85422626745293,81.8941860149882
486299.360937,-364.8724841271147,-16.326942929289334
491671.240747,-74.16545702237414,939.3363703073768
491682.647809,-127.74023418859792,873.1113764225072
491691.320793,-233.86191777060972,827.3045527344304
491701.582069,-239.75615182429124,712.8291556164511
491713.036352,-214.94427203704907,668.3062446973332
491721.672374,-209.4341074041924,653.2936469261884
491733.31088,-242.2242443536576,596.8611348491611
491741.676418,-219.6925962149074,550.7163813149489
491751.790501,-152.4375578909589,497.1175639481192
491761.212821,-74.92236055276162,437.9665514956404
491771.65256,-58.30278032878143,424.2144818960378
491781.594772,-56.1076306541285,422.3191359862701
491791.923603,-50.40212108903502,393.35437937936695
491802.572908,-101.97259933348502,350.500276204266
491811.2046,-158.37457107137456,299.3723150314048
491821.612479,-236.44561660611456,226.15594570189216
491832.978227,-302.60812562322684,161.8979791668762
491841.302095,-344.37330390991224,109.3830730448016
491852.630196,-364.83074363590623,-12.658060260951906
748127.22692,-150.01440779373928,-23.46649830652169
748137.60161,-146.6562874627635,-21.359115063983225
748147.178888,-146.6562874627635,-21.359115063983225
748157.646349,-146.6562874627635,-21.359115063983225
748167.21032,-145.54339581952644,-18.05385713124784
748177.211869,-102.21458714364172,21.433068583636505
748187.190807,-81.8485537712027,41.32647819328948
748197.179919,-62.2768873481838,56.40878684017326
748207.192223,-8.443138390435186,104.79374439374858
748228.833234,38.1120532850618,149.8363047192594
748487.641468,83.60929018076727,190.1093157178509
748497.179008,-46.942254784548815,79.78399587757018
748508.05626,-124.84590260209129,13.921230880477047
748517.213183,-141.49461365617046,-6.302851449110404
748527.717113,-159.49123124430784,-21.050736071101326
842426.586481,-956.525277255646,506.3352493850985
842436.520461,-956.297664694084,502.3931184428772
842447.247025,-954.6658179408956,505.2930676213597
842456.553926,-954.6658179408956,505.2930676213597
842467.668186,-954.6658179408956,505.2930676213597
842478.99784,-949.6628425963344,502.0339479123976
842486.523154,-943.9608289757967,496.3242406830964
842496.566569,-936.12704343852,482.2618238958832
842506.582616,-929.8196141913368,454.5544823377462
842521.123107,-922.5768230093704,420.3060715903976
842528.204864,-904.664176709189,357.4265061879298
842537.013751,-892.8440443513342,314.4016787414046
842540.425063,-890.7383893038474,302.85505278549795
842540.425791,-890.7383893038474,302.85505278549795
842541.543393,-890.7383893038474,302.85505278549795
842555.587212,-888.9434182147003,290.5970156251589
842562.697763,-886.2244542038259,274.83568881806525
842575.651608,-864.7663712430273,221.6165171099622
842583.060277,-845.3464594556506,173.7526905205993
842593.237182,-837.7245407791729,144.59275153532843
842602.5135,-836.8573781760541,143.32964894889145
842611.552421,-832.8809343986068,123.107295648257
842621.922773,-826.3113075849753,93.86198347920944
842631.492447,-816.4353470162786,69.6844725949277
842642.051606,-800.9529334732106,9.924467693104818
842653.249336,-783.5933959269536,-29.923174893271923
1113647.847902,-7.9743097561924925,-0.8767869244170828
1113652.822532,-27.343542626192736,26.71974692150493
1113660.310509,-58.5856853018909,58.07415144011996
1113667.270433,-74.59708658654888,72.23560124796768
1113674.263118,-74.59708658654888,72.23560124796768
1113680.883158,-86.75141882339791,84.34657512008968
1113687.775548,-101.62022188437224,100.979146606103
1113695.346656,-109.33547002979864,110.30498963509116
1113703.164341,-113.7543986377474,115.60165623403128
1113708.813049,-113.7543986377474,115.60165623403128
1113716.93146,-113.7543986377474,115.60165623403128
1113722.815536,-113.7543986377474,115.60165623403128
1113731.426102,-113.7543986377474,115.60165623403128
1113736.822664,-113.7543986377474,115.60165623403128
1113743.871841,-113.7543986377474,115.60165623403128
1113751.197569,-113.7543986377474,115.60165623403128
1113759.352195,-131.23157490939622,137.17768113150143
1113766.088569,-149.0053157021638,156.65007082177956
1113771.809383,-149.0053157021638,156.65007082177956
1113779.936411,-149.0053157021638,156.65007082177956
1113786.109081,-149.0053157021638,156.65007082177956
1113792.774765,-402.6219353161702,447.1277627275121
1113799.811704,-408.8964081054213,455.5484330232197
1113807.110062,-421.7091393269688,467.9514234929735
1113813.77496,-441.01109124915615,481.34344603515024
1113823.301202,-444.6872199876891,484.7166794213029
1113828.219096,-444.6872199876891,484.7166794213029
1113834.811497,-444.6872199876891,484.7166794213029
1113841.774336,-473.10280160687216,519.0892858586299
1113848.77316,-501.1068314469889,550.9054447496213
1113855.771037,-530.6561417325992,584.8806891419225
1113862.809864,-571.7020617434832,631.0080764959637
1113870.207463,-583.3194448795941,653.6526431819275
1113878.614447,-627.610000539568,703.5699433303779
1113883.798896,-657.6498470211006,729.8672864906544
1113890.774205,-663.6193498955006,732.2434226238252
1113899.034158,-663.6193498955006,732.2434226238252
1113905.211412,-663.6193498955006,732.2434226238252
1113912.946531,-663.6193498955006,732.2434226238252
1113918.828385,-663.6193498955006,732.2434226238252
1113925.80672,-663.6193498955006,732.2434226238252
1113932.787495,-663.6193498955006,732.2434226238252
1113940.15226,-663.6193498955006,732.2434226238252
1113940.45037,-663.6193498955006,732.2434226238252
1113947.289193,-663.6193498955006,732.2434226238252
1113953.980084,-663.6193498955006,732.2434226238252
1113961.282338,-663.6193498955006,732.2434226238252
1113968.442597,-663.6193498955006,732.2434226238252
1113975.321004,-663.6193498955006,732.2434226238252
1113981.781254,-663.6193498955006,732.2434226238252
1113989.354213,-663.6193498955006,732.2434226238252
1113996.411773,-663.6193498955006,732.2434226238252
1114004.093673,-663.6193498955006,732.2434226238252
1114010.328762,-663.6193498955006,732.2434226238252
1114017.410653,-663.6193498955006,732.2434226238252
1114025.262616,-663.6193498955006,732.2434226238252
1114031.32953,-663.6193498955006,732.2434226238252
1114037.79915,-663.6193498955006,732.2434226238252
1114045.202268,-663.6193498955006,732.2434226238252
1114051.774983,-663.6193498955006,732.2434226238252
1114058.774096,-663.6193498955006,732.2434226238252
1114066.423693,-663.6193498955006,732.2434226238252
1114073.439389,-663.6193498955006,732.2434226238252
1114079.81121,-663.6193498955006,732.2434226238252
1114086.807453,-663.6193498955006,732.2434226238252
1114094.751526,-663.6193498955006,732.2434226238252
1114100.774759,-663.6193498955006,732.2434226238252
1114110.353057,-663.6193498955006,732.2434226238252
1114115.394932,-663.6193498955006,732.2434226238252
1114122.964769,-663.6193498955006,732.2434226238252
1114129.296604,-663.6193498955006,732.2434226238252
1114136.328351,-663.6193498955006,732.2434226238252
1114147.007788,-663.6193498955006,732.2434226238252
1114150.254795,-663.6193498955006,732.2434226238252
1114159.881564,-663.6193498955006,732.2434226238252
1114163.87045,-663.6193498955006,732.2434226238252
1114170.871321,-663.6193498955006,732.2434226238252
1114177.820428,-664.2844713541011,733.3130791333058
1114185.579542,-664.2844713541011,733.3130791333058
1114192.137788,-664.2844713541011,733.3130791333058
1114198.796084,-664.2844713541011,733.3130791333058
1114207.52117,-664.2844713541011,733.3130791333058
1114213.237462,-664.2844713541011,733.3130791333058
1114221.348496,-664.2844713541011,733.3130791333058
1114226.809174,-664.2844713541011,733.3130791333058
1114232.386796,-664.2844713541011,733.3130791333058
1114236.393985,-664.2844713541011,733.3130791333058
1114240.880085,-664.2844713541011,733.3130791333058
1114248.48796,-664.2844713541011,733.3130791333058
1114256.758234,-664.2844713541011,733.3130791333058
1114262.436905,-664.2844713541011,733.3130791333058
1114269.44514,-664.2844713541011,733.3130791333058
1114277.471361,-664.2844713541011,733.3130791333058
1114282.774477,-664.2844713541011,733.3130791333058
1114295.842591,-664.2844713541011,733.3130791333058
1114296.772495,-664.2844713541011,733.3130791333058
1114303.908665,-664.2844713541011,733.3130791333058
1114311.402406,-664.2844713541011,733.3130791333058
1114319.51666,-664.2844713541011,733.3130791333058
1114324.8032,-664.2844713541011,733.3130791333058
1114333.111801,-664.2844713541011,733.3130791333058
1114339.391575,-664.2844713541011,733.3130791333058
1114345.772952,-668.4695093643618,730.0116111482088
1114356.236508,-670.3641418140658,724.6704423349762
1114359.857433,-669.4152334188266,718.4761469200671
1114367.207501,-668.0600690876626,693.0831121891792
1114373.818748,-665.1985085568799,676.4097322943504
1114380.971902,-657.5130832418877,625.6235259856014
1114388.143478,-657.5130832418877,625.6235259856014
1114394.818633,-647.8002370446941,580.5676315515133
1114401.813052,-660.2364620366961,574.643317525185
1114408.873308,-682.5696954056434,570.3673522894856
1114415.816248,-693.0011281281344,570.9172850042936
1114422.907354,-700.1470400235871,571.6002689481248
1114433.928988,-699.9893090002683,571.0505566326717
1114436.819866,-707.5974989914369,566.0132027870156
1114444.216335,-748.2082034817694,553.1427023150106
1114451.581534,-748.2082034817694,553.1427023150106
1114458.320527,-818.9089995580443,520.7166840217885
1114465.749559,-848.2978288706539,502.243571581542
1114471.859613,-863.5110714631032,493.3938468971805
1114478.85938,-863.5133693174422,493.3925426416093
1114488.075497,-874.3424142114535,490.1762055062232
1114494.675976,-905.6982573872964,475.3947983032455
1114499.867584,-917.9673990067716,464.0145856638142
1114510.036526,-931.0305054070348,458.70116954989146
1114514.650168,-932.5023638614492,457.7261710720612
1114522.401258,-927.4586538322324,452.1684277577377
1114530.365343,-927.4586538322324,452.1684277577377
1114534.822564,-908.9686407680448,393.78532166364494
1114541.82175,-906.5345141205042,371.8621820711403
1114550.267947,-900.7345311962268,343.71661583959576
1114555.887371,-882.2755976569546,284.8181476151785
1114563.415443,-877.829624210186,254.12496414442717
1114569.824082,-854.7652406515267,183.9623775798536
1114577.840111,-842.7105124874502,165.25446995356376
1114583.811268,-844.0149021781623,134.70103739806265
1114593.789963,-844.9705943247434,118.89344717040642
1114597.808642,-821.6108881926632,23.98965446582205
1114606.293424,-807.3030515151361,-3.5029585365415707
1117429.61846,-809.0706296206041,21.608879098825007
1117436.018242,-829.1759275742453,69.43809155959346
1117442.750608,-843.5613606886174,96.42227109127504
1117450.124705,-848.9598668202406,122.64359789223946
1117458.063918,-856.4653451157709,162.2821835535586
1117464.174636,-877.5504974348319,235.85244719060643
1117470.515497,-890.3437224011255,269.31820285020103
1117479.581979,-891.8878260538706,272.779641973694
1117484.395187,-897.3119637716301,297.67465594661456
1117497.409121,-897.5019396299034,299.07513745262986
1117498.440304,-901.5573136814932,312.81604281636083
1117505.900474,-891.4788816316633,337.75863044733507
1117513.468123,-883.1891051147084,344.40595775234283
1117520.034245,-841.2190877421099,371.2471909179628
1117526.448186,-828.5962341107654,377.0512457693474
1117533.987867,-805.9383711644988,392.8284034164817
1117541.232598,-749.6800209025197,410.0127960455218
1117547.49555,-718.1146534245997,420.42966835955394
1117554.884452,-706.2059389366954,425.3654038635206
1117563.957974,-706.2059389366954,425.3654038635206
1117568.492541,-679.5800180972091,433.2717147634265
1117576.398162,-630.2329120900959,452.0844802246277
1117582.719763,-615.4233638478282,446.779515877332
1117589.438597,-608.1185884969793,450.09538771678825
1117596.767111,-608.1185884969793,450.09538771678825
1117603.920373,-604.9344443946992,450.9241420085041
1117610.834773,-591.925774382713,451.10689620266186
1117618.601631,-533.8069759602807,474.0625351924709
1117624.512791,-479.3807206537553,495.28767081830176
1117631.916456,-479.3807206537553,495.28767081830176
1117638.7787,-479.3807206537553,495.28767081830176
1117647.646048,-479.3807206537553,495.28767081830176
1117655.321694,-479.3807206537553,495.28767081830176
1117659.883458,-479.3807206537553,495.28767081830176
1117666.394684,-479.3807206537553,495.28767081830176
1117678.419931,-474.87889678990297,503.9500949215605
1117680.387067,-496.8265071001164,535.4829958104682
1117687.762438,-536.1128930255225,585.5187026090291
1117695.571589,-558.8639771382127,613.8102276212921
1117701.524708,-572.4072032486629,631.4104592575046
1117708.410513,-603.0601806765993,675.7152895192652
1117717.219734,-629.5557341906662,710.839478500664
1117720.534392,-640.155980885389,725.9416121388356
1117723.027997,-652.0992248046691,731.8135054551244
1117731.36067,-668.1443079666687,730.1199721302834
1117738.768428,-668.1443079666687,730.1199721302834
1117743.393213,-668.1443079666687,730.1199721302834
1117750.429897,-668.1443079666687,730.1199721302834
1117757.397397,-668.1443079666687,730.1199721302834
1117764.732332,-668.1443079666687,730.1199721302834
1117771.393188,-668.1443079666687,730.1199721302834
1117778.393023,-668.1443079666687,730.1199721302834
1117785.507785,-669.5304256168444,729.4907577759935
1117793.313507,-669.5304256168444,729.4907577759935
1117799.902769,-669.5304256168444,729.4907577759935
1117808.879193,-669.5304256168444,729.4907577759935
1117813.943442,-669.5304256168444,729.4907577759935
1117822.316168,-669.5304256168444,729.4907577759935
1117828.199963,-669.5304256168444,729.4907577759935
1117834.490963,-669.5304256168444,729.4907577759935
1117841.49041,-669.5304256168444,729.4907577759935
1117849.882364,-669.5304256168444,729.4907577759935
1117855.491144,-669.5304256168444,729.4907577759935
1117863.196425,-669.5304256168444,729.4907577759935
1117869.392387,-669.5304256168444,729.4907577759935
1117876.89366,-669.5304256168444,729.4907577759935
1117884.59446,-669.5304256168444,729.4907577759935
1117890.386907,-669.5304256168444,729.4907577759935
1117898.56421,-669.5304256168444,729.4907577759935
1117906.076574,-669.5304256168444,729.4907577759935
1117911.489747,-669.5304256168444,729.4907577759935
1117918.96706,-669.5304256168444,729.4907577759935
1117925.395966,-669.5304256168444,729.4907577759935
1117932.392429,-669.5304256168444,729.4907577759935
1117940.230916,-669.5304256168444,729.4907577759935
1117948.491122,-669.5304256168444,729.4907577759935
1117953.416064,-669.5304256168444,729.4907577759935
1117961.202668,-669.5304256168444,729.4907577759935
1117967.909735,-669.5304256168444,729.4907577759935
1117974.391703,-669.5304256168444,729.4907577759935
1117982.372037,-669.5304256168444,729.4907577759935
1117989.01744,-669.5304256168444,729.4907577759935
1117995.439987,-669.5304256168444,729.4907577759935
1118002.84419,-669.5304256168444,729.4907577759935
1118009.858913,-669.5304256168444,729.4907577759935
1118019.342156,-669.5304256168444,729.4907577759935
1118023.393428,-669.5304256168444,729.4907577759935
1118030.394074,-669.5304256168444,729.4907577759935
1118037.391906,-669.5304256168444,729.4907577759935
1118046.608679,-669.5304256168444,729.4907577759935
1118051.445909,-669.5304256168444,729.4907577759935
1118058.945752,-669.5304256168444,729.4907577759935
1118065.820185,-669.5304256168444,729.4907577759935
1118072.68631,-669.5304256168444,729.4907577759935
1118079.880948,-669.5304256168444,729.4907577759935
1118086.908612,-669.5304256168444,729.4907577759935
1118094.859716,-669.5304256168444,729.4907577759935
1118100.497254,-669.5304256168444,729.4907577759935
1118107.748427,-669.5304256168444,729.4907577759935
1118114.401382,-669.5304256168444,729.4907577759935
1118121.400336,-669.5304256168444,729.4907577759935
1118128.814705,-669.5304256168444,729.4907577759935
1118135.414703,-669.5304256168444,729.4907577759935
1118142.416103,-669.5304256168444,729.4907577759935
1118152.027742,-669.5304256168444,729.4907577759935
1118156.463734,-669.5304256168444,729.4907577759935
1118164.190539,-669.5304256168444,729.4907577759935
1118170.391113,-669.5304256168444,729.4907577759935
1118177.994352,-669.5304256168444,729.4907577759935
1118184.968046,-669.5304256168444,729.4907577759935
1118192.548265,-669.5304256168444,729.4907577759935
1118198.437893,-669.5304256168444,729.4907577759935
1118205.847082,-669.5304256168444,729.4907577759935
1118213.59867,-669.5304256168444,729.4907577759935
1118219.417427,-669.5304256168444,729.4907577759935
1118229.078014,-669.5304256168444,729.4907577759935
1118233.438061,-669.5304256168444,729.4907577759935
1118240.482531,-669.5304256168444,729.4907577759935
1118247.852166,-669.5304256168444,729.4907577759935
1118257.896203,-669.5304256168444,729.4907577759935
1118261.477001,-669.5304256168444,729.4907577759935
1118268.908066,-669.5304256168444,729.4907577759935
1118275.390474,-669.5304256168444,729.4907577759935
1118282.961543,-669.5304256168444,729.4907577759935
1118289.389237,-669.5304256168444,729.4907577759935
1118296.390384,-669.5304256168444,729.4907577759935
1118303.99748,-669.5304256168444,729.4907577759935
1118310.446845,-669.5304256168444,729.4907577759935
1118317.926688,-669.5304256168444,729.4907577759935
1118325.393563,-669.5304256168444,729.4907577759935
1118333.164274,-669.5304256168444,729.4907577759935
1118339.025992,-669.5304256168444,729.4907577759935
1118345.906716,-669.5304256168444,729.4907577759935
1118352.767297,-669.5304256168444,729.4907577759935
1118360.455645,-669.5304256168444,729.4907577759935
1118367.577331,-669.5304256168444,729.4907577759935
1118374.186886,-669.5304256168444,729.4907577759935
1118380.392069,-669.5304256168444,729.4907577759935
1118387.931059,-669.5304256168444,729.4907577759935
1118394.861684,-669.5304256168444,729.4907577759935
1118402.1988,-669.5304256168444,729.4907577759935
1118412.528507,-669.5304256168444,729.4907577759935
1118415.486574,-669.5304256168444,729.4907577759935
1118425.063125,-669.5304256168444,729.4907577759935
1118429.420629,-669.5304256168444,729.4907577759935
1118438.06702,-669.5304256168444,729.4907577759935
1118445.650422,-669.5304256168444,729.4907577759935
1118450.806709,-669.5304256168444,729.4907577759935
1118460.160583,-669.5304256168444,729.4907577759935
1118464.441858,-669.5304256168444,729.4907577759935
1118471.490376,-669.5304256168444,729.4907577759935
1118479.848339,-669.5304256168444,729.4907577759935
1118485.41865,-669.5304256168444,729.4907577759935
1118493.064353,-669.5304256168444,729.4907577759935
1118500.642497,-669.5304256168444,729.4907577759935
1118509.210826,-669.5304256168444,729.4907577759935
1118513.79617,-669.5304256168444,729.4907577759935
1118520.490306,-669.5304256168444,729.4907577759935
1118527.444948,-669.5304256168444,729.4907577759935
1118534.439956,-669.5304256168444,729.4907577759935
1118541.773947,-669.5304256168444,729.4907577759935
1118548.747996,-669.5304256168444,729.4907577759935
1118556.612034,-669.5304256168444,729.4907577759935
1118562.791455,-669.5304256168444,729.4907577759935
1118570.072135,-669.5304256168444,729.4907577759935
1118577.448285,-669.5304256168444,729.4907577759935
1118583.80665,-669.5304256168444,729.4907577759935
1118591.628785,-669.5304256168444,729.4907577759935
1118599.629933,-669.5304256168444,729.4907577759935
1118604.814486,-669.5304256168444,729.4907577759935
1118611.977872,-669.5304256168444,729.4907577759935
1118619.540319,-669.5304256168444,729.4907577759935
1118625.416399,-669.5304256168444,729.4907577759935
1118633.875546,-669.5304256168444,729.4907577759935
1118639.390869,-669.5304256168444,729.4907577759935
1118647.036012,-669.5304256168444,729.4907577759935
1118654.597381,-669.5304256168444,729.4907577759935
1118661.800431,-669.5304256168444,729.4907577759935
1118668.619953,-669.5304256168444,729.4907577759935
1118676.115503,-669.5304256168444,729.4907577759935
1118681.874671,-669.5304256168444,729.4907577759935
1118690.055906,-669.5304256168444,729.4907577759935
1118695.906678,-669.5304256168444,729.4907577759935
1118702.896036,-669.5304256168444,729.4907577759935
1118709.438372,-669.5304256168444,729.4907577759935
1118716.94256,-669.5304256168444,729.4907577759935
1118723.974921,-669.5304256168444,729.4907577759935
1118730.387021,-669.5304256168444,729.4907577759935
1118739.206525,-669.5304256168444,729.4907577759935
1118744.40625,-669.5304256168444,729.4907577759935
1118752.64468,-669.5304256168444,729.4907577759935
1118759.091013,-669.5304256168444,729.4907577759935
1118766.032136,-669.5304256168444,729.4907577759935
1118773.181777,-669.5304256168444,729.4907577759935
1118779.995986,-669.5304256168444,729.4907577759935
1118786.388372,-669.5304256168444,729.4907577759935
1118794.001569,-670.721156910744,728.8256733246634
1118800.787063,-671.6222512775558,719.2887134530812
1118807.489247,-670.4444559153729,714.7391159938467
1118814.488827,-665.9334817051438,699.7528763418351
1118822.042666,-665.9334817051438,699.7528763418351
1118828.388971,-658.5045674393036,679.3160921303834
1118835.416385,-652.1385351839506,662.4035985110738
1118842.789002,-652.1385351839506,662.4035985110738
1118850.399136,-652.1385351839506,662.4035985110738
1118854.180661,-661.9209298937355,589.3164106081651
1118856.489239,-661.9209298937355,589.3164106081651
1118864.564773,-709.1313934134881,575.0280241254594
1118870.484153,-742.8212033322369,558.3558198629694
1118877.4325,-757.060160696919,544.4651323215145
1118884.48396,-808.8359208526603,522.5638853604286
1118892.291583,-823.3843126122842,520.4722345426269
1118898.750432,-851.8666512750482,507.2783023818953
1118905.437742,-867.3668836496229,496.6082500066968
1118912.386805,-877.2651607154745,493.64287311868736
1118919.772669,-887.3880464226849,487.9767492564456
1118927.498344,-888.8866445645095,486.8125227987253
1118933.47848,-888.8866445645095,486.8125227987253
1118944.183899,-888.8866445645095,486.8125227987253
1118947.394541,-888.8866445645095,486.8125227987253
1118954.849206,-892.7624841088787,485.60975089198735
1118962.540939,-907.8723302183027,483.2642669535426
1118968.836744,-907.8723302183027,483.2642669535426
1118975.474465,-907.8723302183027,483.2642669535426
1118983.195576,-907.8723302183027,483.2642669535426
1118989.910518,-907.8723302183027,483.2642669535426
1118996.386477,-907.8723302183027,483.2642669535426
1119003.497586,-907.8723302183027,483.2642669535426
1119010.492243,-916.6766799679308,477.9379946423848
1119017.85356,-922.5523718245204,474.66129861458086
1119024.388641,-939.7599636927522,462.4089345011264
1119031.396368,-926.1152999413224,413.6936412304475
1119040.298644,-919.183397892038,385.8897527692593
1119045.490872,-915.6791475106816,371.115876817786
1119053.066927,-911.5816841674274,355.30290570189027
1119060.423169,-899.1430423692753,311.9968800729089
1119066.758022,-884.0789139897041,263.39123063326025
1119073.395858,-859.9980842174186,190.27913964734677
1119080.412338,-832.2782336969726,134.6966010409812
1119087.491395,-821.6267469621394,97.7816411007341
1119094.732478,-802.53726708562,56.8892186876045
1119102.542945,-802.53726708562,56.8892186876045
1119108.881288,-802.53726708562,56.8892186876045
1125999.481174,-961.020569967003,730.2191132610136
1125999.94762,-961.020569967003,730.2191132610136
1126005.523984,-949.7251905687382,736.3755552005969
1126012.524676,-925.9901870587436,750.8644184306993
1126019.925859,-854.454351161763,792.4067063085743
1126027.810013,-815.8655664371306,806.4260780077256
1126033.494024,-801.1612114900016,811.0398947377896
1126042.408506,-758.0957813749062,828.0875758129472
1126047.524805,-758.0957813749062,828.0875758129472
1126055.24258,-758.0957813749062,828.0875758129472
1126061.524697,-797.5013406627845,888.3145947469347
1126068.683265,-824.8235447200528,913.56714480733
1126076.641694,-845.432979301882,940.5954034274384
1126082.486407,-872.325222769314,964.2567939539812
1126405.039592,-77.3799694523347,948.6033145260668
1126411.688188,-70.7697843146339,925.3216397306936
1126418.527933,-70.7697843146339,925.3216397306936
1126425.578208,-70.7697843146339,925.3216397306936
1126432.576586,-70.7697843146339,925.3216397306936
1126440.497685,-70.7697843146339,925.3216397306936
1126446.52108,-70.7697843146339,925.3216397306936
1126453.965182,-63.85751912635969,901.5825125557832
1126460.516411,11.052714027425631,823.8258002607599
1127363.898885,88.519112543189,208.8001670509292
1127371.043495,48.93671441989981,170.00016127232075
1127377.543228,8.058669524549554,135.7997006128549
1127384.488423,-66.40862216896512,79.11134399617623
1127393.017037,-109.4551068998988,109.54377452955347
1127398.92506,-134.38999203008083,148.67117263769214
1127405.515175,-134.38999203008083,148.67117263769214
1127415.875609,-134.38999203008083,148.67117263769214
1127419.891379,-134.38999203008083,148.67117263769214
1127426.516367,-468.24913941541627,510.2446294385532
1127437.261,-505.5739982628386,564.0525547750153
1127440.486555,-505.5739982628386,564.0525547750153
1127448.426118,-591.2518294102605,664.7547501423392
1127454.837991,-591.2518294102605,664.7547501423392
1127461.580574,-658.4111647514695,728.7832998155045
1127469.142998,-668.314118640975,730.1605938099294
1127475.808614,-668.314118640975,730.1605938099294
1127482.818495,-668.314118640975,730.1605938099294
1127490.349747,-718.1288346595219,584.1994971542114
1127496.498106,-737.7552546041568,565.844345912362
1127503.508402,-785.3904323455698,509.8810618196645
1127513.445646,-821.7197448525749,503.4569922347422
1127517.899478,-852.3697291546388,505.53632777561575
1127524.484632,-863.7094121488185,500.1975599680197
1127531.519835,-863.7094121488185,500.1975599680197
1127538.94755,-863.7094121488185,500.1975599680197
1127545.483063,-918.7622738746796,471.5687467201008
1127552.754553,-918.7622738746796,471.5687467201008
1127559.998043,-918.7622738746796,471.5687467201008
1127566.830699,-918.7622738746796,471.5687467201008
1127574.093013,-953.0932002845508,474.9339201695725
1129595.903477,-795.1008626241776,-16.194081255493547
1129602.883441,-795.1008626241776,-16.194081255493547
1129611.629113,-795.1008626241776,-16.194081255493547
1129616.89382,-841.0356151878912,184.91692049589705
1129623.903501,-852.0292996804836,220.96196132009217
1129632.170935,-852.0292996804836,220.96196132009217
1129640.749851,-895.5802064042175,352.84014340674355
1129644.855977,-855.2010319080464,374.9699665874507
1129655.227737,-836.4354118687627,383.8214147282805
1129658.868895,-809.2341981204929,390.898536850664
1129665.871926,-770.7774088141266,405.62283729419664
1129672.894533,-746.6694474337135,413.12442100753753
1129679.882487,-654.6707384247751,444.35560723087895
1129687.198434,-614.1542896207909,457.6904530782364
1129693.896283,-565.8137454061533,470.9478807027156
1129701.181594,-473.6308614121211,505.4728980339031
1129708.962618,-465.9449222316488,515.4047168054927
1129715.182492,-495.6316823492615,556.5492053675613
1129721.881085,-532.1378821459742,597.9738313380893
1129730.195575,-535.2469647959934,600.0551940639964
1129736.191604,-535.2469647959934,600.0551940639964
1129742.898377,-547.3411462066094,617.2992552401664
1129749.888363,-580.2997451499613,649.6040833455456
1129757.354618,-595.4499989680544,669.2986981850772
1129764.620175,-641.2166987433051,736.0237873275513
1129770.879562,-644.5236898217926,739.3302070301952
1129778.238722,-644.5236898217926,739.3302070301952
1129785.411198,-644.5236898217926,739.3302070301952
1129792.436381,-644.5236898217926,739.3302070301952
1129800.33666,-644.5236898217926,739.3302070301952
1129806.504805,-644.5236898217926,739.3302070301952
1129813.551372,-644.5236898217926,739.3302070301952
1129821.262992,-644.5236898217926,739.3302070301952
1129822.984151,-644.5236898217926,739.3302070301952
1129827.542628,-644.5236898217926,739.3302070301952
1129835.293357,-644.5236898217926,739.3302070301952
1129841.980755,-644.5236898217926,739.3302070301952
1129847.854006,-644.5236898217926,739.3302070301952
1129855.594538,-644.5236898217926,739.3302070301952
1129862.792929,-644.5236898217926,739.3302070301952
1129869.057995,-644.5236898217926,739.3302070301952
1129876.64824,-644.5236898217926,739.3302070301952
1129883.561538,-644.5236898217926,739.3302070301952
1129892.599234,-644.5236898217926,739.3302070301952
1129896.94827,-644.5236898217926,739.3302070301952
1129903.948399,-644.5236898217926,739.3302070301952
1129911.511247,-644.5236898217926,739.3302070301952
1129919.355188,-644.5236898217926,739.3302070301952
1129925.498963,-644.5236898217926,739.3302070301952
1129932.529485,-644.5236898217926,739.3302070301952
1129941.068209,-644.5236898217926,739.3302070301952
1129947.122887,-644.5236898217926,739.3302070301952
1129955.525974,-644.5236898217926,739.3302070301952
1129960.45733,-644.5236898217926,739.3302070301952
1129966.856968,-644.5236898217926,739.3302070301952
1129974.415109,-660.8525131768575,738.1073692025519
1129981.364065,-660.8525131768575,738.1073692025519
1129991.115173,-660.8525131768575,738.1073692025519
1129994.945061,-660.8525131768575,738.1073692025519
1130001.945273,-660.8525131768575,738.1073692025519
1130008.865053,-660.8525131768575,738.1073692025519
1130017.57597,-660.8525131768575,738.1073692025519
1130023.434639,-660.8525131768575,738.1073692025519
1130031.213333,-660.8525131768575,738.1073692025519
1130037.3906,-660.8525131768575,738.1073692025519
1130044.406542,-660.8525131768575,738.1073692025519
1130051.394807,-660.8525131768575,738.1073692025519
1130058.570866,-660.8525131768575,738.1073692025519
1130066.238899,-660.8603544423974,738.1051084336284
1130072.37605,-660.8603544423974,738.1051084336284
1130079.444472,-660.8603544423974,738.1051084336284
1130085.852621,-660.8603544423974,738.1051084336284
1130093.914666,-660.8603544423974,738.1051084336284
1130100.400167,-660.8603544423974,738.1051084336284
1130108.15862,-660.8603544423974,738.1051084336284
1130113.879383,-660.8603544423974,738.1051084336284
1130121.464186,-660.8603544423974,738.1051084336284
1130128.353782,-660.8603544423974,738.1051084336284
1130135.378471,-660.8603544423974,738.1051084336284
1130143.09077,-660.8603544423974,738.1051084336284
1130149.406036,-660.8603544423974,738.1051084336284
1130156.394016,-660.8603544423974,738.1051084336284
1130164.190817,-660.8603544423974,738.1051084336284
1130170.348433,-660.8603544423974,738.1051084336284
1130177.924945,-660.8603544423974,738.1051084336284
1130185.559964,-660.8603544423974,738.1051084336284
1130191.34815,-660.8603544423974,738.1051084336284
1130198.825279,-660.8603544423974,738.1051084336284
1130206.041539,-660.8603544423974,738.1051084336284
1130212.330146,-660.8603544423974,738.1051084336284
1130219.350944,-660.8603544423974,738.1051084336284
1130227.158756,-660.8603544423974,738.1051084336284
1130233.338602,-660.8603544423974,738.1051084336284
1130240.939992,-660.8603544423974,738.1051084336284
1130247.921079,-660.8603544423974,738.1051084336284
1130254.342007,-660.8603544423974,738.1051084336284
1130262.081287,-660.8603544423974,738.1051084336284
1130268.36913,-660.8603544423974,738.1051084336284
1130276.387343,-660.8603544423974,738.1051084336284
1130283.928039,-660.8603544423974,738.1051084336284
1130289.365705,-660.8603544423974,738.1051084336284
1130297.081488,-660.8603544423974,738.1051084336284
1130304.976113,-660.8603544423974,738.1051084336284
1130310.486627,-660.8603544423974,738.1051084336284
1130318.266389,-660.8603544423974,738.1051084336284
1130324.360739,-660.8603544423974,738.1051084336284
1130330.882469,-660.8603544423974,738.1051084336284
1130339.229081,-660.8603544423974,738.1051084336284
1130345.39055,-660.8603544423974,738.1051084336284
1130352.762606,-660.8603544423974,738.1051084336284
1130358.880319,-660.8603544423974,738.1051084336284
1130365.881401,-660.8603544423974,738.1051084336284
1130373.399913,-660.8603544423974,738.1051084336284
1130380.463853,-660.8603544423974,738.1051084336284
1130387.441287,-660.8603544423974,738.1051084336284
1130395.254608,-660.8603544423974,738.1051084336284
1130401.442894,-660.8603544423974,738.1051084336284
1130408.433334,-660.8603544423974,738.1051084336284
1130416.233357,-660.8603544423974,738.1051084336284
1130422.682733,-660.8603544423974,738.1051084336284
1130429.430686,-660.8603544423974,738.1051084336284
1130437.194508,-660.8603544423974,738.1051084336284
1130443.448785,-660.8603544423974,738.1051084336284
1130453.192229,-660.8603544423974,738.1051084336284
1130458.192791,-660.8603544423974,738.1051084336284
1130463.943587,-660.8603544423974,738.1051084336284
1130471.424281,-660.8603544423974,738.1051084336284
1130479.846631,-660.8603544423974,738.1051084336284
1130484.946587,-660.8603544423974,738.1051084336284
1130492.394696,-660.8603544423974,738.1051084336284
1130499.454825,-660.8603544423974,738.1051084336284
1130506.428713,-660.8603544423974,738.1051084336284
1130514.12439,-660.8603544423974,738.1051084336284
1130522.185457,-660.8603544423974,738.1051084336284
1130529.854815,-660.8603544423974,738.1051084336284
1130533.945263,-660.8603544423974,738.1051084336284
1130540.943665,-660.8603544423974,738.1051084336284
1130549.265765,-660.8603544423974,738.1051084336284
1130555.510816,-660.8603544423974,738.1051084336284
1130564.10665,-660.8603544423974,738.1051084336284
1130569.687152,-660.8603544423974,738.1051084336284
1130575.879544,-660.8603544423974,738.1051084336284
1130583.497281,-660.8603544423974,738.1051084336284
1130591.231152,-660.8603544423974,738.1051084336284
1130597.393283,-660.8603544423974,738.1051084336284
1130603.879384,-660.8603544423974,738.1051084336284
1130611.999288,-660.8603544423974,738.1051084336284
1130618.349208,-660.8603544423974,738.1051084336284
1130626.089609,-660.8603544423974,738.1051084336284
1130635.225537,-660.8603544423974,738.1051084336284
1130639.413456,-660.8603544423974,738.1051084336284
1130647.231474,-660.8603544423974,738.1051084336284
1130653.409816,-660.8603544423974,738.1051084336284
1130661.594224,-660.8603544423974,738.1051084336284
1130667.426987,-660.8603544423974,738.1051084336284
1130674.410769,-660.8603544423974,738.1051084336284
1130682.14594,-660.8603544423974,738.1051084336284
1130688.419935,-660.8603544423974,738.1051084336284
1130694.842086,-660.8603544423974,738.1051084336284
1130702.382958,-660.8603544423974,738.1051084336284
1130710.51065,-660.8603544423974,738.1051084336284
1130716.357373,-660.8603544423974,738.1051084336284
1130724.277237,-660.8603544423974,738.1051084336284
1130732.486657,-660.8603544423974,738.1051084336284
1130737.354069,-660.8603544423974,738.1051084336284
1130744.93219,-660.8603544423974,738.1051084336284
1130751.302452,-660.8603544423974,738.1051084336284
1130759.150762,-660.8603544423974,738.1051084336284
1130766.604309,-660.8603544423974,738.1051084336284
1130772.318847,-660.8603544423974,738.1051084336284
1130779.329566,-660.8603544423974,738.1051084336284
1130787.80678,-660.8603544423974,738.1051084336284
1130793.323849,-660.8603544423974,738.1051084336284
1130801.089795,-660.8603544423974,738.1051084336284
1130807.363805,-660.8603544423974,738.1051084336284
1130815.303798,-660.8603544423974,738.1051084336284
1130820.878553,-660.8603544423974,738.1051084336284
1130828.320525,-660.8603544423974,738.1051084336284
1130836.123281,-660.8603544423974,738.1051084336284
1130842.325859,-660.8603544423974,738.1051084336284
1130848.880553,-660.8603544423974,738.1051084336284
1130856.983554,-660.8603544423974,738.1051084336284
1130864.481722,-660.8603544423974,738.1051084336284
1130870.350192,-660.8603544423974,738.1051084336284
1130878.039769,-660.8603544423974,738.1051084336284
1130884.353275,-660.8603544423974,738.1051084336284
1130891.346094,-660.8603544423974,738.1051084336284
1130899.00021,-666.7636133698295,741.6979208185272
1130905.366143,-669.6943869314699,738.8948925084587
1130911.841829,-671.8154856463643,738.3156648013286
1130920.673754,-674.2106659198374,738.7338915281672
1130925.880185,-676.1954221000349,739.3633303107549
1130932.847651,-677.052083099247,739.1803261550897
1130939.879849,-678.2860529857007,739.2376821804559
1130946.849827,-678.8515951713053,739.5175939210873
1130958.502174,-679.7220674856927,739.6209848912439
1130961.326569,-679.8999799244026,739.5569206183768
1130968.931262,-680.2044894805273,739.2433210770253
1130975.590694,-682.6540189019818,735.737955779913
1130982.810197,-684.5622360910521,733.2748884415898
1130989.731928,-684.571829674988,732.4456974381525
1130998.25848,-684.5604048727829,731.7952121011751
1131003.343127,-684.6859015665337,730.574576500593
1131010.337439,-684.6423815137013,730.129329799353
1131017.35737,-684.6423815221036,730.129329799353
1131024.369244,-684.6423815221036,730.129329799353
1131032.255897,-684.6423815221036,730.129329799353
1131038.339093,-684.6423815221036,730.129329799353
1131045.347869,-684.6423815221036,730.129329799353
1131053.106966,-684.6423815221036,730.129329799353
1131059.492149,-684.6423815221036,730.129329799353
1131065.878747,-684.6423815221036,730.129329799353
1131073.326609,-684.6423815221036,730.129329799353
1131080.337403,-684.6423815221036,730.129329799353
1131088.0972,-684.6423815221036,730.129329799353
1131093.87815,-684.6423815221036,730.129329799353
1131101.357979,-684.6423815221036,730.129329799353
1131109.0777,-683.6461876312172,730.462135320511
1131115.321699,-682.2071160027349,731.2440815858683
1131123.485098,-681.3546775393584,732.2216334728402
1131130.872074,-680.0819531657876,732.4442760901115
1131135.870252,-679.1787060563757,732.494766620933
1131143.331955,-678.6096481391195,733.0380080543725
1131151.014467,-680.5026615487112,733.2490569462026
1131157.651874,-681.7932962618085,733.4035985440418
1131164.345274,-682.2050758260492,733.7824965027404
1131172.391198,-681.5501026071239,733.9683460072685
1131178.368051,-681.346515164413,733.160260052367
1131184.940743,-681.3465149154432,733.1602453912684
1131193.145108,-681.3465149154432,733.1602453912684
1131199.309198,-681.3465149154432,733.1602453912684
1131206.936143,-681.3465149154432,733.1602453912684
1131212.877284,-681.3465149154432,733.1602453912684
1131221.082822,-681.3465149154432,733.1602453912684
1131228.701724,-681.3465149154432,733.1602453912684
1131234.314568,-681.3465149154432,733.1602453912684
1131241.311832,-681.3465149154432,733.1602453912684
1131249.638891,-681.3465149154432,733.1602453912684
1131255.339186,-681.3465149154432,733.1602453912684
1131263.142456,-681.3465149154432,733.1602453912684
1131269.348134,-681.3465149154432,733.1602453912684
1131277.088021,-681.3465149154432,733.1602453912684
1131284.728305,-681.3465149154432,733.1602453912684
1131290.338843,-681.3465149154432,733.1602453912684
1131298.121326,-681.3465149154432,733.1602453912684
1131305.528477,-681.3465149154432,733.1602453912684
1131310.928815,-681.3465149154432,733.1602453912684
1131318.714554,-681.3465149154432,733.1602453912684
1131325.355933,-681.3465149154432,733.1602453912684
1131332.537233,-681.3465149154432,733.1602453912684
1131343.120827,-681.3465149154432,733.1602453912684
1131346.319788,-681.3465149154432,733.1602453912684
1131353.311015,-681.3465149154432,733.1602453912684
1131360.388248,-681.3465149154432,733.1602453912684
1131367.41084,-681.3465149154432,733.1602453912684
1131378.44265,-681.3465149154432,733.1602453912684
1131381.357678,-681.3465149154432,733.1602453912684
1131388.348026,-681.3465149154432,733.1602453912684
1131396.146925,-681.3465149154432,733.1602453912684
1131402.305516,-681.3465149154432,733.1602453912684
1131409.324048,-681.3465149154432,733.1602453912684
1131417.151045,-680.1289264561753,732.5265244101153
1131423.321352,-678.1795237716694,729.6180087776182
1131429.844316,-677.7107581798194,730.5366920221978
1131437.309652,-677.4676698217094,731.4581486218912
1131444.323016,-676.985117660278,730.73886526142
1131452.110869,-676.9300894076933,730.5389997083265
1131457.869786,-676.9278858713762,730.1962579248869
1131465.293741,-678.1966795257408,729.718924130269
1131474.22697,-678.1966803637475,729.7189243854226
1131479.338597,-678.7561747784996,731.1021467516272
1131486.293756,-684.1059481763982,744.7987815397479
1131493.285995,-685.6025790512467,743.5575271013086
1131500.309472,-685.7840316681201,741.4918416607923
1131507.321765,-686.8789361535781,737.4560224354973
1131515.037656,-686.7585726548668,735.2506962259883
1131521.336141,-685.3808134011318,732.8437248735776
1131529.085063,-684.4737645356811,731.4106476667481
1131535.295003,-684.0935649252841,731.0493225422422
1131542.319234,-683.6155167269145,732.2237896028757
1131550.142976,-682.9593700510965,733.8237410710113
1131556.659996,-682.6741402629917,733.2472964859535
1131563.29721,-682.863834611056,732.5345786454641
1131570.973195,-682.0104749497693,732.0403855030676
1131576.843621,-679.8929310762475,732.5074482133514
1131587.138697,-677.8894301581788,732.0485044810583
1131591.464386,-676.8057940610651,732.6128727339825
1131598.333497,-676.8057940610651,732.6128727339825
1131606.099911,-676.8057940610651,732.6128727339825
1131613.649546,-676.8057940610651,732.6128727339825
1131619.337739,-676.8057940610651,732.6128727339825
1131626.390939,-676.8057940610651,732.6128727339825
1131634.686972,-676.8057940610651,732.6128727339825
1131640.338513,-676.8057940610651,732.6128727339825
1131649.215804,-676.8057940610651,732.6128727339825
1131653.89089,-676.8057940610651,732.6128727339825
1131661.331017,-676.8057940610651,732.6128727339825
1131669.103777,-676.8057940610651,732.6128727339825
1131674.870057,-676.8057940610651,732.6128727339825
1131682.983787,-676.8057940610651,732.6128727339825
1131691.971764,-676.8057940610651,732.6128727339825
1131696.071773,-676.8057940610651,732.6128727339825
1131703.286635,-676.8057940610651,732.6128727339825
1131711.375902,-676.8057940610651,732.6128727339825
1131717.334474,-676.8057940610651,732.6128727339825
1131725.049066,-676.8057940610651,732.6128727339825
1131731.357762,-676.8057940610651,732.6128727339825
1131738.440081,-676.8057940610651,732.6128727339825
1131745.320298,-676.8057940610651,732.6128727339825
1131752.306553,-676.8057940610651,732.6128727339825
1131760.152324,-676.8057940610651,732.6128727339825
1131766.994861,-676.8057940610651,732.6128727339825
1131773.299972,-676.8057940610651,732.6128727339825
1131781.128038,-676.8057940610651,732.6128727339825
1131788.649161,-676.8057940610651,732.6128727339825
1131793.843658,-676.8057940610651,732.6128727339825
1131801.329879,-676.8057940610651,732.6128727339825
1131808.666368,-676.8057940610651,732.6128727339825
1131814.844509,-676.8057940610651,732.6128727339825
1131821.879066,-676.8057940610651,732.6128727339825
1131828.886094,-676.8057940610651,732.6128727339825
1131836.591889,-676.8057940610651,732.6128727339825
1131844.365601,-676.8057940610651,732.6128727339825
1131850.341903,-676.8057940610651,732.6128727339825
1131858.0665,-676.8057940610651,732.6128727339825
1131864.951916,-676.8057940610651,732.6128727339825
1131871.334364,-676.8057940610651,732.6128727339825
1131879.080238,-676.8057940610651,732.6128727339825
1131885.3403,-676.8057940610651,732.6128727339825
1131892.338943,-676.8057940610651,732.6128727339825
1131900.15278,-676.8057940610651,732.6128727339825
1131906.335035,-676.8057940610651,732.6128727339825
1131914.033227,-676.8057940610651,732.6128727339825
1131919.843258,-676.8057940610651,732.6128727339825
1131926.870078,-676.8057940610651,732.6128727339825
1131934.592883,-676.8057940610651,732.6128727339825
1131940.868554,-676.8057940610651,732.6128727339825
1131948.442368,-676.8057940610651,732.6128727339825
1131955.377515,-676.8057940610651,732.6128727339825
1131962.354179,-676.8057940610651,732.6128727339825
1131970.133247,-676.8057940610651,732.6128727339825
1131977.747768,-676.8057940610651,732.6128727339825
1131983.322429,-676.8057940610651,732.6128727339825
1131991.046494,-676.8057940610651,732.6128727339825
1131998.903005,-676.8057940610651,732.6128727339825
1132004.31326,-676.8057940610651,732.6128727339825
1132012.095696,-676.8057940610651,732.6128727339825
1132019.829465,-676.8057940610651,732.6128727339825
1132025.361741,-677.0897380754575,732.6892852401501
1132032.360266,-679.319914059563,734.5763518320126
1132038.884588,-679.5764547086787,734.2738318452608
1132045.885209,-679.5764547086787,734.2738318452608
1132054.025173,-679.5574909714652,734.0099288551464
1132061.266227,-679.5574909714652,734.0099288551464
1132066.934977,-679.5574909714652,734.0099288551464
1132073.877196,-680.1435816792257,734.6635316571906
1132080.877888,-680.5796965515013,735.1936471148003
1132089.030521,-680.1906954590971,733.7580897550815
1132096.569317,-680.162786804475,733.891813877707
1132102.201796,-680.162786804475,733.891813877707
1132109.981072,-680.162786804475,733.891813877707
1132116.304643,-680.162786804475,733.891813877707
1132123.857515,-680.162786804475,733.891813877707
1132131.106869,-680.162786804475,733.891813877707
1132137.285803,-680.162786804475,733.891813877707
1132145.06016,-680.162786804475,733.891813877707
1132151.32174,-680.162786804475,733.891813877707
1132158.535878,-680.162786804475,733.891813877707
1132164.879465,-680.162786804475,733.891813877707
1132171.842091,-680.162786804475,733.891813877707
1132179.374195,-680.162786804475,733.891813877707
1132185.869951,-680.162786804475,733.891813877707
1132194.143343,-680.1767968878505,734.0971088251922
1132200.343668,-679.2381174327244,737.7103789823615
1132208.097169,-678.1263439976457,738.7269905819091
1132214.331859,-677.3299711273697,739.7928739168727
1132222.072088,-676.4134885024822,740.5086699569182
1132228.3798,-675.3891056584091,741.2021054272983
1132235.393646,-675.1373158206152,741.3461583178923
1132243.072002,-675.1269882971504,740.159118167218
1132249.386661,-674.5815347771559,738.9937320159854
1132256.34516,-674.2015753016774,737.5107436999291
1132263.617098,-673.404828022232,735.8480612182094
1132270.416062,-673.1260148296271,735.5684805713753
1132277.370549,-673.5379233818082,735.0934980871557
1132283.924392,-673.0353706903926,734.1933837689365
1132290.840788,-673.8626589069917,734.1875712126098
1132298.395717,-674.6690307975638,735.2836500217554
1132304.86925,-677.5533731857319,737.7264846283886
1132311.883821,-678.3536535818167,736.2216248833237
1132319.763698,-678.6118512438298,734.6858984903402
1132327.898186,-678.6118514429764,734.6858981012483
1132333.402963,-678.6118514429764,734.6858981012483
1132342.005604,-678.6118514429764,734.6858981012483
1132347.386723,-678.6118514429764,734.6858981012483
1132354.393621,-678.6118514429764,734.6858981012483
1132361.102761,-678.6118514429764,734.6858981012483
1132361.985217,-678.6118514429764,734.6858981012483
1132367.840708,-678.6118514429764,734.6858981012483
1132374.869443,-678.6118514429764,734.6858981012483
1132381.850693,-678.6118514429764,734.6858981012483
1132388.878437,-678.6118514429764,734.6858981012483
1132396.357535,-678.6118514429764,734.6858981012483
1132404.025573,-683.0201656185651,730.9911095372831
1132409.868798,-675.4448172061544,706.6737761698616
1132416.869855,-675.4448172061544,706.6737761698616
1132426.122122,-675.4448172061544,706.6737761698616
1132430.969612,-675.4448172061544,706.6737761698616
1132437.868305,-572.9467171570429,615.3049595519923
1132444.839486,-572.9467171570429,615.3049595519923
1132452.396722,-572.9467171570429,615.3049595519923
1132460.318329,-572.9467171570429,615.3049595519923
1132465.869802,-572.9467171570429,615.3049595519923
1132473.175809,-483.97121308187576,646.3206998992587
1132481.686047,-452.9743222036087,651.1823794552512
1132487.350294,-438.7597356009423,688.585331260525
1132496.383272,-462.4743369848681,732.9919906800343
1132501.178253,-462.4743369848681,732.9919906800343
1132517.534761,-462.4743369848681,732.9919906800343
1132517.542252,-609.7488877349107,845.2874195762968
1132520.088652,-630.2584501727449,857.6227124779236
1132520.089291,-630.2584501727449,857.6227124779236
1132521.343589,-645.3359759564197,871.0698990304758
1132528.393418,-663.4523680064207,918.8595675509922
1132646.790018,-678.6118514429764,734.6858981012483
1132997.835943,-966.7350678113228,732.6371847167034
1133003.885852,-678.6118514429764,734.6858981012483
1133005.128598,-937.733550329659,746.7821934211189
1133012.440955,-911.2193210589552,761.7687085523418
1133018.324614,-869.6169670803497,781.794504852958
1133027.134675,-834.55363552266,802.1785442480391
1133036.088734,-814.7303154274373,790.5435409873572
1133039.618578,-786.3500862552953,747.5043164528543
1133046.775608,-786.3500862552953,747.5043164528543
1133053.297294,-786.3500862552953,747.5043164528543
1133061.838464,-736.9672865506885,669.0611891578541
1133067.317254,-727.5065436441803,654.3961623624419
1133075.308773,-713.0050945739218,635.3432395418554
1133082.548434,-709.1151539946785,590.8268152561398
1133088.901372,-732.1077584815963,580.2303871296274
1133095.623099,-763.0616487353634,568.5573481618314
1133102.654459,-763.0616487353634,568.5573481618314
1133109.692439,-841.9312105385868,510.2815285574538
1133116.695275,-879.0880326588458,494.7988559483568
1133124.413904,-925.4997970926266,467.1392727308443
1133130.772854,-925.4997970926266,467.1392727308443
1133140.153023,-914.511716990409,397.7991265024304
1133144.393309,-898.1859036371989,357.44408885248185
1133151.391511,-870.4021697551646,364.4650936476999
1133158.647724,-860.604856260644,363.7190576407561
1133166.719799,-860.604856260644,363.7190576407561
1133172.625584,-860.604856260644,363.7190576407561
1133179.320308,-852.2790522208672,368.16960670255946
1133187.797271,-823.4008137416401,386.36659358197625
1133193.760453,-838.991341879654,383.7260925286712
1133200.786872,-870.9787832450947,405.78379540768105
1133207.908081,-870.9787832450947,405.78379540768105
1133215.533389,-870.9787832450947,405.78379540768105
1133221.74388,-870.9787832450947,405.78379540768105
1133228.738692,-870.9787832450947,405.78379540768105
1133236.512578,-870.9787832450947,405.78379540768105
1133244.242272,-870.9787832450947,405.78379540768105
1133249.699815,-870.9787832450947,405.78379540768105
1133257.400347,-870.9787832450947,405.78379540768105
1133263.292091,-870.9787832450947,405.78379540768105
1133270.782544,-870.9787832450947,405.78379540768105
1133277.657277,-870.9787832450947,405.78379540768105
1133284.625274,-870.9787832450947,405.78379540768105
1133292.718176,-870.9787832450947,405.78379540768105
1133298.331723,-870.9787832450947,405.78379540768105
1133305.694472,-870.9787832450947,405.78379540768105
1133313.409574,-870.9787832450947,405.78379540768105
1133320.046689,-870.9787832450947,405.78379540768105
1133326.698996,-870.9787832450947,405.78379540768105
1133333.91435,-870.9787832450947,405.78379540768105
1133340.725556,-870.9787832450947,405.78379540768105
1133346.115379,-870.9787832450947,405.78379540768105
1133347.80015,-870.9787832450947,405.78379540768105
1133355.383717,-870.9787832450947,405.78379540768105
1133361.76142,-870.9787832450947,405.78379540768105
1133368.722309,-870.9787832450947,405.78379540768105
1133376.481984,-870.9787832450947,405.78379540768105
1133384.453171,-870.9787832450947,405.78379540768105
1133389.390973,-870.9787832450947,405.78379540768105
1133396.391289,-870.9787832450947,405.78379540768105
1133404.649223,-870.9787832450947,405.78379540768105
1133410.318666,-870.9787832450947,405.78379540768105
1133418.226781,-870.9787832450947,405.78379540768105
1133424.303828,-870.9787832450947,405.78379540768105
1133431.980391,-870.9787832450947,405.78379540768105
1133438.32212,-874.8719541681338,409.7010511036858
1133447.269089,-874.8719541681338,409.7010511036858
1133452.68759,-879.9431013377545,416.1195085597292
1133459.757293,-909.9531706833408,402.5076458225769
1133466.795589,-902.736466355604,381.52808198628856
1133474.738411,-889.0173148740263,368.1726515360933
1133483.221066,-846.0567026051483,376.1255951166955
1133487.696167,-814.1607309776023,388.59133798872176
1133494.642602,-777.4369474139373,401.7914096336023
1133501.846419,-740.1810735840706,416.0089103076078
1133504.781934,-708.3291381399013,431.3009148710424
1133508.329027,-687.4879103641135,438.8935920293421
1133515.321092,-629.520662910556,455.7510084308833
1133523.007983,-556.6407573432224,475.37513133612674
1133529.699744,-492.7201769948352,498.0470202483383
1133536.855635,-484.0330913562323,500.71928521913367
1133543.32561,-484.0330913562323,500.71928521913367
1133550.729827,-480.5379703571966,501.8065402359017
1133557.291198,-422.8374069216338,523.5265602984235
1133564.633275,-296.2664541546953,567.8571529509153
1133571.763318,-230.25023521801265,584.4343975274622
1133579.743556,-210.9153150120867,591.5240319224517
1133585.688825,-163.99555747514262,612.2403467969286
1133592.711569,-95.17585977589916,640.6696722595959
1133600.414537,-13.791159766450791,681.196964122502
1133608.054174,92.26401604995006,729.3720822660887
1134490.045127,3.1531151807887534,-9.45007692105246
1134495.312346,-18.49459373322935,15.401575098222205
1134502.282508,-53.57723570084941,48.18606555939518
1134510.498053,-56.367289000866535,50.01958836799378
1134516.312247,-56.367289000866535,50.01958836799378
1134524.735258,-72.43049307137714,67.80405880597176
1134530.312365,-156.1295387286227,162.2689395731975
1134537.303725,-156.1295387286227,162.2689395731975
1134544.743676,-156.1295387286227,162.2689395731975
1134552.606843,-156.1295387286227,162.2689395731975
1134558.294968,-423.76557493948354,470.5644552750129
1134565.667081,-434.6280217516812,480.4821753083949
1134572.780532,-460.4875261878594,509.2431080650791
1134579.649705,-491.3480899737637,547.8032319814153
1134587.318026,-548.7354012295635,604.3940204106128
1134593.314815,-588.1518406069613,647.2349423778672
1134601.649373,-625.7150865462183,691.7237944656787
1134609.365995,-657.5993015708913,733.9687068909597
1134616.696035,-670.55998289005,733.3991047271498
1134623.815561,-670.55998289005,733.3991047271498
1134628.294546,-670.55998289005,733.3991047271498
1134635.314208,-670.55998289005,733.3991047271498
1134642.94046,-670.55998289005,733.3991047271498
1134649.902409,-670.55998289005,733.3991047271498
1134657.123386,-670.55998289005,733.3991047271498
1134664.868391,-670.55998289005,733.3991047271498
1134670.916278,-670.55998289005,733.3991047271498
1134677.278377,-670.55998289005,733.3991047271498
1134684.9587,-670.55998289005,733.3991047271498
1134691.872888,-670.55998289005,733.3991047271498
1134699.643575,-670.55998289005,733.3991047271498
1134705.884534,-670.55998289005,733.3991047271498
1134712.950259,-670.55998289005,733.3991047271498
1134719.291348,-670.55998289005,733.3991047271498
1134727.456679,-670.55998289005,733.3991047271498
1134734.373007,-670.55998289005,733.3991047271498
1134741.685724,-670.55998289005,733.3991047271498
1134747.315577,-670.55998289005,733.3991047271498
1134755.359048,-670.55998289005,733.3991047271498
1134763.233696,-670.55998289005,733.3991047271498
1134768.800338,-670.55998289005,733.3991047271498
1134775.315197,-670.55998289005,733.3991047271498
1134783.728583,-670.55998289005,733.3991047271498
1134789.913044,-670.55998289005,733.3991047271498
1134796.819774,-670.55998289005,733.3991047271498
1134803.307301,-670.55998289005,733.3991047271498
1134810.893755,-670.55998289005,733.3991047271498
1134817.866065,-670.55998289005,733.3991047271498
1134824.838323,-670.55998289005,733.3991047271498
1134832.688688,-670.55998289005,733.3991047271498
1134840.264443,-670.55998289005,733.3991047271498
1134845.316165,-670.55998289005,733.3991047271498
1134852.783213,-670.55998289005,733.3991047271498
1134859.833801,-670.55998289005,733.3991047271498
1134866.390271,-670.55998289005,733.3991047271498
1134874.727342,-670.55998289005,733.3991047271498
1134880.884235,-670.55998289005,733.3991047271498
1134883.558187,-670.55998289005,733.3991047271498
1134887.829064,-670.55998289005,733.3991047271498
1134895.848205,-670.55998289005,733.3991047271498
1134901.862818,-670.55998289005,733.3991047271498
1134909.669538,-670.5648159621209,733.3987883183316
1134915.864195,-670.5648159621209,733.3987883183316
1134922.998661,-670.5648159621209,733.3987883183316
1134930.008891,-670.5648159621209,733.3987883183316
1134936.890932,-670.5648159621209,733.3987883183316
1134943.852219,-670.5648159621209,733.3987883183316
1134951.648539,-670.5648159621209,733.3987883183316
1134957.856775,-670.5648159621209,733.3987883183316
1134965.017095,-670.5648159621209,733.3987883183316
1134971.906853,-670.5648159621209,733.3987883183316
1134978.281971,-670.5648159621209,733.3987883183316
1134986.04478,-670.5648159621209,733.3987883183316
1134992.305793,-670.5648159621209,733.3987883183316
1134999.916629,-670.5648159621209,733.3987883183316
1135007.836716,-670.5648159621209,733.3987883183316
1135013.917713,-670.5648159621209,733.3987883183316
1135020.870836,-670.5648159621209,733.3987883183316
1135028.55756,-670.5648159621209,733.3987883183316
1135035.122966,-670.5648159621209,733.3987883183316
1135041.809726,-670.5648159621209,733.3987883183316
1135048.314904,-670.5648159621209,733.3987883183316
1135055.315401,-670.5648159621209,733.3987883183316
1135062.967169,-670.5648159621209,733.3987883183316
1135071.121676,-670.5648159621209,733.3987883183316
1135076.920752,-670.5648159621209,733.3987883183316
1135084.598955,-670.5648159621209,733.3987883183316
1135090.281743,-670.5648159621209,733.3987883183316
1135098.097954,-670.5648159621209,733.3987883183316
1135105.717903,-670.5648159621209,733.3987883183316
1135111.283818,-670.5648159621209,733.3987883183316
1135118.905653,-670.5648159621209,733.3987883183316
1135126.699256,-670.5648159621209,733.3987883183316
1135132.897774,-670.5648159621209,733.3987883183316
1135140.555114,-670.5648159621209,733.3987883183316
1135148.11583,-670.5648159621209,733.3987883183316
1135153.727068,-670.5648159621209,733.3987883183316
1135161.481109,-670.5648159621209,733.3987883183316
1135169.151648,-670.5648159621209,733.3987883183316
1135174.282803,-670.5648159621209,733.3987883183316
1135181.767783,-670.5648159621209,733.3987883183316
1135188.747259,-670.5648159621209,733.3987883183316
1135196.405782,-670.5648159621209,733.3987883183316
1135203.664221,-670.5648159621209,733.3987883183316
1135209.785774,-670.5648159621209,733.3987883183316
1135217.408244,-670.5648159621209,733.3987883183316
1135225.354956,-670.5648159621209,733.3987883183316
1135230.858049,-670.5648159621209,733.3987883183316
1135238.071056,-670.5648159621209,733.3987883183316
1135244.823133,-670.5648159621209,733.3987883183316
1135251.795297,-670.5648159621209,733.3987883183316
1135259.555318,-670.5648159621209,733.3987883183316
1135265.808332,-670.5648159621209,733.3987883183316
1135272.823839,-670.5648159621209,733.3987883183316
1135280.703178,-670.5648159621209,733.3987883183316
1135286.827845,-670.5648159621209,733.3987883183316
1135293.307141,-670.5648159621209,733.3987883183316
1135300.80602,-670.5648159621209,733.3987883183316
1135307.788617,-670.5648159621209,733.3987883183316
1135315.502876,-670.5648159621209,733.3987883183316
1135322.509971,-670.5648159621209,733.3987883183316
1135328.837706,-670.5648159621209,733.3987883183316
1135335.315779,-670.5648159621209,733.3987883183316
1135342.279572,-670.5648159621209,733.3987883183316
1135350.049264,-670.5648159621209,733.3987883183316
1135356.321135,-670.5648159621209,733.3987883183316
1135363.306948,-670.5648159621209,733.3987883183316
1135370.700307,-670.5648159621209,733.3987883183316
1135378.500639,-670.5648159621209,733.3987883183316
1135384.69347,-670.5648159621209,733.3987883183316
1135392.407836,-670.5648159621209,733.3987883183316
1135400.237883,-670.5648159621209,733.3987883183316
1135405.703832,-670.5648159621209,733.3987883183316
1135412.277089,-670.5648159621209,733.3987883183316
1135420.971801,-670.5648159621209,733.3987883183316
1135426.710985,-670.5648159621209,733.3987883183316
1135434.501798,-670.5648159621209,733.3987883183316
1135440.773736,-670.5648159621209,733.3987883183316
1135448.380586,-670.5648159621209,733.3987883183316
1135455.798847,-670.5648159621209,733.3987883183316
1135461.286522,-670.5648159621209,733.3987883183316
1135468.310281,-670.5648159621209,733.3987883183316
1135476.351218,-670.5648159621209,733.3987883183316
1135482.282742,-670.5648159621209,733.3987883183316
1135489.70764,-670.5648159621209,733.3987883183316
1135496.794899,-670.5648159621209,733.3987883183316
1135504.261151,-670.5648159621209,733.3987883183316
1135511.423834,-670.5648159621209,733.3987883183316
1135517.744371,-670.5648159621209,733.3987883183316
1135524.712298,-670.5648159621209,733.3987883183316
1135532.37419,-670.5648159621209,733.3987883183316
1135538.305135,-670.5648159621209,733.3987883183316
1135545.672672,-670.5648159621209,733.3987883183316
1135552.772785,-670.5648159621209,733.3987883183316
1135559.779286,-670.5648159621209,733.3987883183316
1135567.485244,-670.5648159621209,733.3987883183316
1135573.820263,-670.5648159621209,733.3987883183316
1135580.277257,-670.5648159621209,733.3987883183316
1135587.774935,-670.5648159621209,733.3987883183316
1135595.061809,-670.5648159621209,733.3987883183316
1135601.280652,-670.5648159621209,733.3987883183316
1135608.796477,-670.5648159621209,733.3987883183316
1135615.767858,-670.5648159621209,733.3987883183316
1135623.208462,-670.5648159621209,733.3987883183316
1135630.91727,-670.5648159621209,733.3987883183316
1135636.780232,-670.5648159621209,733.3987883183316
1135643.989854,-670.5648159621209,733.3987883183316
1135650.697729,-670.5648159621209,733.3987883183316
1135658.081885,-670.5648159621209,733.3987883183316
1135664.783541,-670.5648159621209,733.3987883183316
1135671.775765,-670.5648159621209,733.3987883183316
1135679.457772,-670.5648159621209,733.3987883183316
1135685.807829,-670.5648159621209,733.3987883183316
1135692.669606,-670.5648159621209,733.3987883183316
1135699.785604,-670.5648159621209,733.3987883183316
1135706.282022,-670.5648159621209,733.3987883183316
1135714.3669,-670.5648159621209,733.3987883183316
1135720.967394,-670.5648159621209,733.3987883183316
1135721.528272,-670.5648159621209,733.3987883183316
1135727.276427,-670.5648159621209,733.3987883183316
1135734.28009,-670.5648159621209,733.3987883183316
1135743.626347,-668.257173747795,708.4183533861201
1135748.627004,-663.7979764077489,676.9032012838906
1135756.568442,-663.7979764077489,676.9032012838906
1135764.007034,-641.3736629492424,615.8977647937634
1135769.302262,-645.8979988423058,606.4141708243961
1136322.441521,-670.5648159621209,733.3987883183316
1136323.621891,-670.5648159621209,733.3987883183316
1141259.253196,94.19784579253316,205.0916842140284
1141265.40201,18.312977789828174,138.24363352155322
1141272.495596,18.312977789828174,138.24363352155322
1141279.706496,-50.42457545574671,76.73971847851723
1141286.373855,-50.42457545574671,76.73971847851723
1141294.187722,-50.42457545574671,76.73971847851723
1141300.804432,-50.42457545574671,76.73971847851723
1141307.749107,-50.42457545574671,76.73971847851723
1141315.483769,-54.21319233179608,65.07244233099499
1141321.393838,-62.77860638869816,47.77527804560162
1218019.974318,59.56286947611434,176.00337836030133
1218026.971083,9.370380563782868,133.03010861281558
1218033.936244,-50.36219168445817,81.0679047526792
1218040.972863,-50.36219168445817,81.0679047526792
1218047.975665,-50.36219168445817,81.0679047526792
1218054.980478,-50.36219168445817,81.0679047526792
1218062.633111,-50.36219168445817,81.0679047526792
1218070.541918,-50.36219168445817,81.0679047526792
1218076.26833,-50.36219168445817,81.0679047526792
1218082.990519,-56.4129563777068,77.1549071563109
1218090.319159,-91.02107700559252,47.4544920755947
1218098.127274,-172.26508293666097,-26.621856613072755
1221267.350511,-122.1651827138072,1.2980922957746992
1221274.350438,-81.03034274532361,38.45402954563332
1221281.378075,-75.6187611538573,46.96973293176404
1221288.676392,-75.6187611538573,46.96973293176404
1221295.722767,-75.6187611538573,46.96973293176404
1221303.570949,-75.6187611538573,46.96973293176404
1221309.873185,-75.6187611538573,46.96973293176404
1221318.2027,-75.6187611538573,46.96973293176404
1221323.839146,-68.4293413457321,52.90870139816459
1221330.806317,-21.127256985308254,94.51240006468676
1221339.337669,-21.127256985308254,94.51240006468676
1221344.662108,60.85630628041015,158.3459286748749
1224932.163472,-807.9172064779632,42.3636316738637
1224938.932464,-817.3352660421504,70.10971694473403
1224946.317874,-853.9392121942866,177.6375005272639
1224952.108082,-874.1900945161145,235.94219236387627
1224961.733171,-890.4336710382298,295.94037829382626
1224966.104966,-867.9928544117704,349.45655247071335
1224975.455716,-835.5223866392829,367.81775244058366
1224980.183963,-805.9782612269037,385.6394788797341
1224989.420618,-746.4255970547171,407.8287047546448
1224995.034226,-726.9763442328526,415.6083995919187
1225001.583348,-705.5171515824086,422.7879393921549
1225009.452549,-705.5171515824086,422.7879393921549
1225015.556118,-599.103687578207,439.21075163849423
1225022.106459,-598.8414620408646,441.5740492647464
1225030.138634,-598.5143923897846,440.91810339047606
1225036.10393,-598.5143923897846,440.91810339047606
1225043.599771,-598.5143923897846,440.91810339047606
1225051.872889,-598.5143923897846,440.91810339047606
1225057.49994,-598.5143923897846,440.91810339047606
1225066.098164,-598.5143923897846,440.91810339047606
1225071.480909,-598.5143923897846,440.91810339047606
1225078.153845,-598.5143923897846,440.91810339047606
1225085.61198,-598.5143923897846,440.91810339047606
1225092.137195,-598.5143923897846,440.91810339047606
1225099.570392,-598.5143923897846,440.91810339047606
1225106.728391,-598.5143923897846,440.91810339047606
1225113.198439,-598.5143923897846,440.91810339047606
1225120.520813,-598.5143923897846,440.91810339047606
1225127.625153,-598.5143923897846,440.91810339047606
1225134.646118,-598.5143923897846,440.91810339047606
1225141.608841,-598.5143923897846,440.91810339047606
1225148.538209,-598.5143923897846,440.91810339047606
1225155.55867,-587.071620089555,457.0631502991394
1225163.505015,-565.4978601898599,468.8041111610589
1225169.571651,-518.1149343005528,483.8679419092827
1225176.679599,-479.86670495042296,502.86828194432087
1225184.468925,-479.86670495042296,502.86828194432087
1225190.545263,-479.86670495042296,502.86828194432087
1225197.127536,-479.86670495042296,502.86828194432087
1225207.100527,-479.86670495042296,502.86828194432087
1225211.148613,-479.86670495042296,502.86828194432087
1225218.441244,-430.0618614281034,522.8225869772842
1225225.150162,-373.2077641685488,544.9503132519187
1225232.477132,-340.6585652557137,554.2095893914411
1225240.22899,-264.3786506294309,573.810598489474
1225246.488916,-222.13462519940984,582.7800703151316
1225254.262153,-181.19295622091,607.8908465346998
1225261.680915,-184.02910554412333,636.8240820189161
1225268.005127,-184.02910554412333,636.8240820189161
1225274.761426,-184.02910554412333,636.8240820189161
1225283.526039,-184.02910554412333,636.8240820189161
1225288.156043,-184.02910554412333,636.8240820189161
1225296.212004,-188.4180439120369,643.0432745203866
1225303.037188,-229.7896608372264,699.133904279953
1225309.63847,-256.93842322442964,750.1175557764611
1225316.112422,-241.42132023946849,808.3679853240786
1225323.194221,-134.7265181532804,851.2471221011926
1225331.038851,-91.37621869600346,867.790480835414
1225337.104962,-90.0432491771213,868.850489041156
1225344.101273,-90.0432491771213,868.850489041156
1225351.811507,-90.0432491771213,868.850489041156
1225359.60227,-90.0432491771213,868.850489041156
1225365.517109,-90.0432491771213,868.850489041156
1225373.379255,-90.0432491771213,868.850489041156
1225379.450583,-90.0432491771213,868.850489041156
1225387.33017,-61.298499934721264,926.5526638190224
1225395.742165,-74.57058312596577,962.962265074945
1225400.432774,-79.0434644325404,965.1912805435162
1225408.088682,-129.50271887536476,929.1775830219318
1225415.9115,-161.23134986623853,905.7192558355988
1225421.845502,-176.04121703203538,927.9051568497316
1286618.665459,-783.1684619462877,-21.848216956483284
1286626.531093,-794.4328852371945,13.885296434546042
1286632.666406,-810.4511986725139,55.759776145595545
1286640.348774,-822.0706559488908,82.89562105742309
1286646.43068,-834.2512742529354,107.60949089481387
1286653.430416,-845.0697964747296,141.1603499882955
1286661.675495,-851.3801266128797,163.18748389228134
1286667.345917,-863.8520906779456,195.30900869392005
1286674.437327,-878.6403244471212,248.92216665461476
1286682.701225,-893.1304857431836,285.8957068213592
1286688.830526,-897.650190132756,310.0745388153634
1286696.384413,-899.9882443601225,322.9465207547885
1286704.631734,-892.9241667130266,341.511624276446
1286709.366059,-888.8950170928904,344.94323815348696
1286716.795741,-841.5031536327677,366.11273873854975
1286724.429619,-830.2436877737915,370.5309447206796
1286730.39106,-820.701134468722,372.8770745339008
1286742.181698,-784.090781765321,392.9551621923725
1286744.840112,-729.5474472876731,407.19420466524826
1286752.077095,-673.2550818326572,423.37983925574656
1286764.656252,-618.480772475469,438.2966470650318
1286767.584899,-595.7940817510498,437.82501300734174
1286772.66119,-595.0074172791344,438.0759122918824
1286780.386932,-595.0074172791344,438.0759122918824
1286786.69959,-595.0074172791344,438.0759122918824
1286793.534753,-595.0074172791344,438.0759122918824
1286802.264406,-595.0074172791344,438.0759122918824
1286807.749181,-595.0074172791344,438.0759122918824
1286817.77043,-595.0074172791344,438.0759122918824
1286821.44067,-595.0074172791344,438.0759122918824
1286828.430384,-595.0074172791344,438.0759122918824
1286836.389173,-595.0074172791344,438.0759122918824
1286844.231535,-595.0074172791344,438.0759122918824
1286849.827395,-595.0074172791344,438.0759122918824
1286857.516909,-595.0074172791344,438.0759122918824
1286863.863856,-595.0074172791344,438.0759122918824
1286876.190797,-595.0074172791344,438.0759122918824
1286877.334771,-595.0074172791344,438.0759122918824
1286884.336673,-595.0074172791344,438.0759122918824
1286892.004713,-595.0074172791344,438.0759122918824
1286899.672335,-595.0074172791344,438.0759122918824
1286905.878146,-595.0074172791344,438.0759122918824
1286913.711979,-595.0074172791344,438.0759122918824
1286919.38093,-595.0074172791344,438.0759122918824
1286927.365615,-595.0074172791344,438.0759122918824
1286935.293531,-595.0074172791344,438.0759122918824
1286941.222187,-595.0074172791344,438.0759122918824
1286947.941318,-595.0074172791344,438.0759122918824
1286955.807444,-595.0074172791344,438.0759122918824
1286961.817435,-595.0074172791344,438.0759122918824
1286969.48947,-595.0074172791344,438.0759122918824
1286975.822458,-595.0074172791344,438.0759122918824
1286982.864645,-595.0074172791344,438.0759122918824
1286990.579652,-595.0074172791344,438.0759122918824
1287003.164155,-595.0074172791344,438.0759122918824
1287003.693366,-595.0074172791344,438.0759122918824
1287011.479092,-595.0074172791344,438.0759122918824
1287017.800023,-595.0074172791344,438.0759122918824
1287024.755449,-595.0074172791344,438.0759122918824
1287032.778326,-595.0074172791344,438.0759122918824
1287039.60054,-595.0074172791344,438.0759122918824
1287046.400938,-595.0074172791344,438.0759122918824
1287055.351453,-595.0074172791344,438.0759122918824
1287060.80826,-598.2484465353386,440.2785157656996
1287066.990932,-598.2484465353386,440.2785157656996
1287073.935618,-598.2484465353386,440.2785157656996
1287080.897454,-598.2484465353386,440.2785157656996
1287088.822073,-598.2484465353386,440.2785157656996
1287094.927713,-598.2484465353386,440.2785157656996
1287101.906574,-598.2484465353386,440.2785157656996
1287109.522736,-598.2484465353386,440.2785157656996
1287115.957436,-598.2484465353386,440.2785157656996
1287122.374541,-598.2484465353386,440.2785157656996
1287129.892645,-598.2484465353386,440.2785157656996
1287137.279628,-598.2484465353386,440.2785157656996
1287144.004228,-598.2484465353386,440.2785157656996
1287152.425897,-598.2484465353386,440.2785157656996
1287157.527219,-598.2484465353386,440.2785157656996
1287164.904911,-598.2484465353386,440.2785157656996
1287172.867986,-598.2484465353386,440.2785157656996
1287181.322701,-598.2484465353386,440.2785157656996
1287186.336098,-598.2484465353386,440.2785157656996
1287192.355121,-598.2484465353386,440.2785157656996
1287200.195577,-598.2484465353386,440.2785157656996
1287207.263742,-598.2484465353386,440.2785157656996
1287217.403756,-598.2484465353386,440.2785157656996
1287220.37531,-598.2484465353386,440.2785157656996
1287227.962402,-598.2484465353386,440.2785157656996
1287235.92048,-598.2484465353386,440.2785157656996
1287241.917329,-598.2484465353386,440.2785157656996
1287249.588305,-598.2484465353386,440.2785157656996
1287255.906141,-598.2484465353386,440.2785157656996
1287263.823668,-598.2484465353386,440.2785157656996
1287269.77524,-598.2484465353386,440.2785157656996
1287279.425254,-598.2484465353386,440.2785157656996
1287283.434953,-598.2484465353386,440.2785157656996
1287290.424938,-598.2484465353386,440.2785157656996
1287298.806597,-598.2484465353386,440.2785157656996
1287304.851351,-598.2484465353386,440.2785157656996
1287316.875062,-598.2484465353386,440.2785157656996
1287319.545403,-598.2484465353386,440.2785157656996
1287327.708717,-598.2484465353386,440.2785157656996
1287332.866557,-598.2484465353386,440.2785157656996
1287340.231567,-598.2484465353386,440.2785157656996
1287346.76715,-598.2484465353386,440.2785157656996
1287354.689665,-598.2484465353386,440.2785157656996
1287362.200035,-598.2484465353386,440.2785157656996
1287367.707382,-598.2484465353386,440.2785157656996
1287376.41936,-598.2484465353386,440.2785157656996
1287381.892944,-598.2484465353386,440.2785157656996
1287388.75925,-598.2484465353386,440.2785157656996
1287395.862955,-598.2484465353386,440.2785157656996
1287404.039992,-598.2484465353386,440.2785157656996
1287409.386433,-598.2484465353386,440.2785157656996
1287417.527667,-598.2484465353386,440.2785157656996
1287424.797471,-598.2484465353386,440.2785157656996
1287432.099166,-598.2484465353386,440.2785157656996
1287437.931856,-598.2484465353386,440.2785157656996
1287444.933947,-598.2484465353386,440.2785157656996
1287451.383082,-598.2484465353386,440.2785157656996
1287458.86403,-598.2484465353386,440.2785157656996
1287465.839118,-598.2484465353386,440.2785157656996
1287474.271393,-598.2484465353386,440.2785157656996
1287479.870321,-598.2484465353386,440.2785157656996
1287487.855687,-598.2484465353386,440.2785157656996
1287494.09977,-598.2484465353386,440.2785157656996
1287501.464783,-598.2484465353386,440.2785157656996
1287509.240867,-598.2484465353386,440.2785157656996
1287514.920569,-598.2484465353386,440.2785157656996
1287522.010564,-598.2484465353386,440.2785157656996
1287528.899723,-598.2484465353386,440.2785157656996
1287537.034429,-598.2484465353386,440.2785157656996
1287543.75073,-598.2484465353386,440.2785157656996
1287552.023772,-598.2484465353386,440.2785157656996
1287560.364738,-598.2484465353386,440.2785157656996
1287564.45901,-598.2484465353386,440.2785157656996
1287570.94102,-598.2484465353386,440.2785157656996
1287577.866741,-598.2484465353386,440.2785157656996
1287585.647989,-598.2484465353386,440.2785157656996
1287595.428934,-598.2484465353386,440.2785157656996
1287598.99825,-598.2484465353386,440.2785157656996
1287608.037564,-598.2484465353386,440.2785157656996
1287613.032344,-598.2484465353386,440.2785157656996
1287619.945893,-598.2484465353386,440.2785157656996
1287628.9843,-598.2484465353386,440.2785157656996
1287633.898499,-598.2484465353386,440.2785157656996
1287640.842971,-598.2484465353386,440.2785157656996
1287651.978767,-598.2484465353386,440.2785157656996
1287654.497308,-598.2484465353386,440.2785157656996
1287664.884933,-598.2484465353386,440.2785157656996
1287668.927829,-598.2484465353386,440.2785157656996
1287676.000956,-598.2484465353386,440.2785157656996
1287683.677113,-598.2484465353386,440.2785157656996
1287691.581342,-598.2484465353386,440.2785157656996
1287696.369293,-598.2484465353386,440.2785157656996
1287704.033383,-598.2484465353386,440.2785157656996
1287711.179597,-598.2484465353386,440.2785157656996
1287717.996044,-598.2484465353386,440.2785157656996
1287725.477085,-598.2484465353386,440.2785157656996
1287732.66988,-598.2484465353386,440.2785157656996
1287738.969696,-598.2484465353386,440.2785157656996
1287747.175494,-598.2484465353386,440.2785157656996
1287754.337125,-598.2484465353386,440.2785157656996
1287759.873906,-598.2484465353386,440.2785157656996
1287773.19426,-598.2484465353386,440.2785157656996
1287773.479036,-598.2484465353386,440.2785157656996
1287782.136263,-598.2484465353386,440.2785157656996
1287787.854707,-598.2484465353386,440.2785157656996
1287795.195672,-598.2484465353386,440.2785157656996
1287801.872662,-598.2484465353386,440.2785157656996
1287809.164748,-598.2484465353386,440.2785157656996
1287815.358276,-598.2484465353386,440.2785157656996
1287823.323581,-598.2484465353386,440.2785157656996
1287829.93994,-598.2484465353386,440.2785157656996
1287837.964833,-598.2484465353386,440.2785157656996
1287843.923133,-598.2484465353386,440.2785157656996
1287850.414992,-598.2484465353386,440.2785157656996
1287858.238984,-598.2484465353386,440.2785157656996
1287864.977009,-598.2484465353386,440.2785157656996
1287873.010404,-598.2484465353386,440.2785157656996
1287880.630612,-598.2484465353386,440.2785157656996
1287885.923282,-598.2484465353386,440.2785157656996
1287892.971085,-598.2484465353386,440.2785157656996
1287899.431623,-598.2484465353386,440.2785157656996
1287906.763185,-598.2484465353386,440.2785157656996
1287913.432003,-598.2484465353386,440.2785157656996
1287924.194514,-598.2484465353386,440.2785157656996
1287927.363736,-598.2484465353386,440.2785157656996
1287935.384128,-598.2484465353386,440.2785157656996
1287941.842078,-598.2484465353386,440.2785157656996
1287949.131123,-598.2484465353386,440.2785157656996
1287956.830221,-598.2484465353386,440.2785157656996
1287962.331233,-598.2484465353386,440.2785157656996
1287969.91678,-598.2484465353386,440.2785157656996
1287977.827081,-598.2484465353386,440.2785157656996
1287984.071498,-598.2484465353386,440.2785157656996
1287991.516162,-598.2484465353386,440.2785157656996
1287998.346495,-598.2484465353386,440.2785157656996
1288004.957162,-598.2484465353386,440.2785157656996
1288012.709774,-598.2484465353386,440.2785157656996
1288020.347501,-598.2484465353386,440.2785157656996
1288026.841143,-598.2484465353386,440.2785157656996
1288034.399526,-598.2484465353386,440.2785157656996
1288039.82549,-598.2484465353386,440.2785157656996
1288048.819327,-598.2484465353386,440.2785157656996
1288053.958673,-598.2484465353386,440.2785157656996
1288060.908792,-598.2484465353386,440.2785157656996
1288067.898259,-598.2484465353386,440.2785157656996
1288076.162411,-598.2484465353386,440.2785157656996
1288083.907651,-598.2484465353386,440.2785157656996
1288089.556691,-598.2484465353386,440.2785157656996
1288098.256225,-598.2484465353386,440.2785157656996
1288102.906307,-598.2484465353386,440.2785157656996
1288110.833207,-598.2484465353386,440.2785157656996
1288120.81675,-598.2484465353386,440.2785157656996
1288123.817275,-598.2484465353386,440.2785157656996
1288131.596127,-598.2484465353386,440.2785157656996
1288137.851206,-598.2484465353386,440.2785157656996
1288144.375818,-598.2484465353386,440.2785157656996
1288153.852037,-598.2484465353386,440.2785157656996
1288158.980565,-598.2484465353386,440.2785157656996
1288166.821112,-598.2484465353386,440.2785157656996
1288173.260031,-598.2484465353386,440.2785157656996
1288179.856996,-600.1373649620705,444.1635884729847
1288187.541882,-593.2396055348186,451.3650028053633
1288193.66604,-592.433322891716,451.6574389631742
1288201.603549,-584.3407974486739,454.41606583974567
1288209.348278,-564.4241521210121,470.33555016707913
1288214.464681,-524.6712193961691,486.2976442568444
1288223.677094,-482.00398672360575,503.6101540259384
1288229.166221,-463.4303917250777,517.2374055936713
1288235.379256,-486.1293328453258,534.9392361316699
1288243.501427,-505.2702379479327,543.7090385224917
1288249.862221,-510.9430307689221,547.1790565841119
1288262.950429,-538.7732481383262,574.9942599388451
1288263.537391,-557.3338032482008,590.2723602861988
1288270.535385,-561.5402305449267,602.8785601593943
1288277.822177,-561.5402305449267,602.8785601593943
1288284.731168,-561.5402305449267,602.8785601593943
1288291.783024,-584.6751111727547,640.2328103236749
1288299.495919,-589.7221722030946,647.9830176102365
1288307.55823,-596.1994891403069,659.8259515863859
1288312.428364,-600.3442914996403,665.6299803736567
1288321.508022,-600.3442914996403,665.6299803736567
1288326.946753,-600.3442914996403,665.6299803736567
1288334.698102,-600.3442914996403,665.6299803736567
1288341.255647,-620.6372167116792,692.9200656062188
1288347.721096,-630.487350972808,720.6176178012511
1288354.669575,-659.0464319789315,720.1167938039986
1288362.485162,-653.3569575437583,684.323752717402
1288368.975083,-645.2102960868448,659.7925061150777
1288375.765307,-637.2700061629498,614.0467378745446
1288382.655183,-652.1486210372441,590.9613995637862
1288389.427373,-652.1486210372441,590.9613995637862
1288397.188676,-683.8320644648613,589.0333230560815
1288403.765083,-712.3535183551994,577.5260048713867
1288412.426685,-739.4728691255475,565.8770715258365
1288418.198141,-810.6274394268551,537.7346401895542
1288424.722916,-867.8891836990522,533.5746733645202
1288432.360804,-873.1780955131057,508.4789509336106
1288439.705079,-911.2600523408056,490.4451274562446
1288446.040383,-919.0363693243216,481.4934534372253
1288453.732748,-919.0363693243216,481.4934534372253
1288459.857077,-919.0363693243216,481.4934534372253
1288466.965505,-919.0363693243216,481.4934534372253
1288474.71614,-919.0363693243216,481.4934534372253
1288480.651926,-919.0363693243216,481.4934534372253
1288490.414862,-919.0363693243216,481.4934534372253
1288495.055839,-934.0279790760152,478.4002276606048
1306832.464677,96.79817710267535,203.15762394194687
1306839.480408,35.00014195555497,148.666422560516
1306851.753557,-55.22802402202084,74.50169662016495
1306853.439661,-110.8666591631421,24.17828086704588
1306860.535505,-165.27552538371538,-26.98211525450157
1308925.720908,-165.4025395055051,298.71489738574485
1308925.721529,-165.4025395055051,298.71489738574485
1308926.894457,-165.4025395055051,298.71489738574485
1308933.99347,-100.07523293737732,361.5289641566904
1308940.981964,-38.22060173943502,418.8284812214933
1308947.982822,56.34538493339874,513.232811262462
1313395.332163,46.10411641121755,170.01400260415892
1313404.044653,-8.300866832490222,123.62869282911996
1313409.786472,-60.68145741758081,80.78623084224385
1313418.446863,-139.12617135783492,6.814826127998196
1370785.768856,-798.7494173896697,16.274070905291836
1370785.769592,-798.7494173896697,16.274070905291836
1370789.246955,-807.9725499729938,41.88785715861224
1370797.909383,-810.465676769321,46.86444598716285
1370809.30725,-821.0963640100689,83.24652855492671
1370810.252241,-829.9429774094559,96.59130307794288
1370817.301438,-846.1143287604168,141.36554966789453
1370824.683584,-858.6364078286447,183.20080995787345
1370832.435365,-867.4233350369558,211.88355453696397
1370838.789319,-875.9692653469256,250.87070186140804
1370845.610388,-879.7329347451991,269.8553170696252
1370857.476472,-884.5495636177725,285.61903311043136
1370859.778523,-889.6872101212771,308.20092281585
1370869.183875,-894.5882131841013,329.9203419297822
1370873.291686,-886.0347168376265,350.8811942016413
1370884.22897,-875.7202890090674,357.53826567870925
1370887.664673,-839.365722916778,367.7046119751043
1370896.778157,-825.876721360106,374.2588812206662
1370901.326283,-819.926534039346,378.7604997628229
1370908.304932,-811.2748735860525,383.0054620878305
1370917.05875,-800.833229304477,390.24140979525447
1370924.562296,-783.9314161427843,398.9214469996222
1370929.5989,-745.8754913484863,410.3721895878277
1370936.559078,-745.8754913484863,410.3721895878277
1370943.525626,-736.8327339753359,411.5655718211539
1370951.257962,-721.208289494448,415.4821332129556
1370957.52961,-716.0546441187353,416.56623903201154
1370965.221473,-708.2776763379314,420.1579400431507
1370972.577233,-699.0612348363812,423.3051449271641
1370978.526031,-674.315718018899,431.878095641188
1370986.307893,-625.0389717200925,445.0519773412367
1371000.774663,-602.2314142413576,443.7683069130061
1371000.778434,-602.2314142413576,443.7683069130061
1371006.907258,-602.2314142413576,443.7683069130061
1371014.048564,-602.2314142413576,443.7683069130061
1371020.603045,-602.2314142413576,443.7683069130061
1371028.60932,-602.2314142413576,443.7683069130061
1371034.671807,-602.2314142413576,443.7683069130061
1371042.438429,-602.2314142413576,443.7683069130061
1371048.644452,-602.2314142413576,443.7683069130061
1371055.667724,-602.2314142413576,443.7683069130061
1371067.419641,-602.2314142413576,443.7683069130061
1371069.693286,-602.2314142413576,443.7683069130061
1371076.245143,-602.2314142413576,443.7683069130061
1371083.723169,-602.2314142413576,443.7683069130061
1371090.755269,-602.2314142413576,443.7683069130061
1371105.38174,-602.2314142413576,443.7683069130061
1371105.385412,-602.2314142413576,443.7683069130061
1371111.686807,-602.2314142413576,443.7683069130061
1371127.87221,-588.9756647901573,446.1790435791876
1371127.876239,-588.9756647901573,446.1790435791876
1371132.242365,-586.5211595244259,435.2293459155917
1371141.03276,-586.5211595244259,435.2293459155917
1371146.810928,-586.5211595244259,435.2293459155917
1371155.515842,-586.5211595244259,435.2293459155917
1371160.294611,-586.5211595244259,435.2293459155917
1371171.297839,-586.5211595244259,435.2293459155917
1371175.571961,-586.5211595244259,435.2293459155917
1371181.736226,-586.5211595244259,435.2293459155917
1371188.849438,-586.5211595244259,435.2293459155917
1371196.999109,-586.5211595244259,435.2293459155917
1371204.832516,-586.5211595244259,435.2293459155917
1371209.243742,-586.5211595244259,435.2293459155917
1371216.779149,-586.5211595244259,435.2293459155917
1371223.797329,-586.5211595244259,435.2293459155917
1371230.193055,-586.5211595244259,435.2293459155917
1371242.796509,-586.5211595244259,435.2293459155917
1371244.288897,-586.5211595244259,435.2293459155917
1371251.639214,-586.5211595244259,435.2293459155917
1371259.973249,-586.5211595244259,435.2293459155917
1371265.886411,-586.5211595244259,435.2293459155917
1371275.274113,-586.5211595244259,435.2293459155917
1371280.499165,-586.5211595244259,435.2293459155917
1371286.768199,-587.7770255372895,435.70072023380686
1371294.49036,-587.7770255372895,435.70072023380686
1371300.672156,-587.7770255372895,435.70072023380686
1371307.573355,-587.7770255372895,435.70072023380686
1371315.278549,-587.7770255372895,435.70072023380686
1371321.749481,-587.7770255372895,435.70072023380686
1371329.679618,-587.7770255372895,435.70072023380686
1371335.297669,-587.7770255372895,435.70072023380686
1371342.708211,-587.7770255372895,435.70072023380686
1371351.647461,-587.7770255372895,435.70072023380686
1371356.721202,-587.7770255372895,435.70072023380686
1371363.629983,-587.7770255372895,435.70072023380686
1371375.852481,-587.7770255372895,435.70072023380686
1371378.177648,-587.7770255372895,435.70072023380686
1371388.01718,-587.7770255372895,435.70072023380686
1371391.29341,-587.7770255372895,435.70072023380686
1371398.283162,-587.7770255372895,435.70072023380686
1371409.539203,-587.7770255372895,435.70072023380686
1371412.235755,-587.7770255372895,435.70072023380686
1371420.610634,-587.7770255372895,435.70072023380686
1371427.338866,-587.7770255372895,435.70072023380686
1371433.865191,-587.7770255372895,435.70072023380686
1371440.679077,-587.7770255372895,435.70072023380686
1371448.486915,-587.7770255372895,435.70072023380686
1371454.761569,-587.7770255372895,435.70072023380686
1371461.734047,-587.7770255372895,435.70072023380686
1371469.567554,-587.7770255372895,435.70072023380686
1371475.734905,-587.7770255372895,435.70072023380686
1371491.466212,-587.7770255372895,435.70072023380686
1371491.46998,-587.7770255372895,435.70072023380686
1371496.784153,-587.7770255372895,435.70072023380686
1371503.678724,-587.7770255372895,435.70072023380686
1371517.45248,-587.7770255372895,435.70072023380686
1371517.456505,-587.7770255372895,435.70072023380686
1371524.786011,-587.7770255372895,435.70072023380686
1371531.240056,-587.7770255372895,435.70072023380686
1371538.941168,-587.7770255372895,435.70072023380686
1371548.445412,-587.7770255372895,435.70072023380686
1371552.823022,-587.7770255372895,435.70072023380686
1371560.793722,-587.7770255372895,435.70072023380686
1371567.572774,-587.7770255372895,435.70072023380686
1371573.888285,-587.7770255372895,435.70072023380686
1371581.683559,-587.7770255372895,435.70072023380686
1371591.918696,-587.7770255372895,435.70072023380686
1371594.792332,-587.7770255372895,435.70072023380686
1371602.647733,-587.7770255372895,435.70072023380686
1371608.739016,-587.7770255372895,435.70072023380686
1371617.749651,-587.7770255372895,435.70072023380686
1371622.285002,-587.7770255372895,435.70072023380686
1371629.285243,-587.7770255372895,435.70072023380686
1371636.853711,-587.7770255372895,435.70072023380686
1371644.2521,-587.7770255372895,435.70072023380686
1371650.678103,-587.7770255372895,435.70072023380686
1371658.709157,-587.7770255372895,435.70072023380686
1371664.637215,-587.7770255372895,435.70072023380686
1371671.911177,-587.7770255372895,435.70072023380686
1371678.71019,-587.7770255372895,435.70072023380686
1371686.025094,-587.7770255372895,435.70072023380686
1371694.261578,-587.7770255372895,435.70072023380686
1371699.746505,-587.7770255372895,435.70072023380686
1371706.692436,-587.7770255372895,435.70072023380686
1371715.519264,-587.7770255372895,435.70072023380686
1371720.682389,-587.7770255372895,435.70072023380686
1371727.670621,-587.7770255372895,435.70072023380686
1371735.550277,-587.7770255372895,435.70072023380686
1371743.024408,-587.7770255372895,435.70072023380686
1371748.671135,-587.7770255372895,435.70072023380686
1371756.364629,-587.7770255372895,435.70072023380686
1371770.866753,-587.7770255372895,435.70072023380686
1371770.870421,-587.7770255372895,435.70072023380686
1371776.756031,-587.7770255372895,435.70072023380686
1371783.801702,-587.7770255372895,435.70072023380686
1371791.625412,-587.7770255372895,435.70072023380686
1371803.960716,-587.7770255372895,435.70072023380686
1371807.689364,-587.7770255372895,435.70072023380686
1371811.643055,-587.7770255372895,435.70072023380686
1371819.778578,-587.7770255372895,435.70072023380686
1371825.644807,-587.7770255372895,435.70072023380686
1371833.227682,-587.7770255372895,435.70072023380686
1371841.811667,-587.7770255372895,435.70072023380686
1371846.831201,-587.7770255372895,435.70072023380686
1371854.366236,-587.7770255372895,435.70072023380686
1371860.573995,-587.7770255372895,435.70072023380686
1371868.570471,-587.7770255372895,435.70072023380686
1371878.672084,-587.7770255372895,435.70072023380686
1371882.201179,-587.7770255372895,435.70072023380686
1371888.320253,-587.7770255372895,435.70072023380686
1371895.66198,-587.7770255372895,435.70072023380686
1371909.09441,-587.7770255372895,435.70072023380686
1371912.169102,-587.7770255372895,435.70072023380686
1371916.238568,-587.7770255372895,435.70072023380686
1371923.811582,-587.7770255372895,435.70072023380686
1371931.612717,-587.7770255372895,435.70072023380686
1371938.050139,-587.7770255372895,435.70072023380686
1371947.538912,-587.7770255372895,435.70072023380686
1371951.892398,-587.7770255372895,435.70072023380686
1371958.652537,-587.7770255372895,435.70072023380686
1371965.573686,-587.7770255372895,435.70072023380686
1371975.271099,-587.7770255372895,435.70072023380686
1371981.215821,-587.7770255372895,435.70072023380686
1371986.640124,-587.7770255372895,435.70072023380686
1371993.876021,-587.7770255372895,435.70072023380686
1372000.732068,-587.7770255372895,435.70072023380686
1372008.256703,-587.7770255372895,435.70072023380686
1372014.731145,-587.7770255372895,435.70072023380686
1372021.63381,-587.7770255372895,435.70072023380686
1372029.45583,-587.7770255372895,435.70072023380686
1372035.642492,-587.7770255372895,435.70072023380686
1372042.626194,-587.7770255372895,435.70072023380686
1372056.070264,-587.7770255372895,435.70072023380686
1372056.641655,-587.7770255372895,435.70072023380686
1372063.784424,-587.6785568370573,439.40888046453017
1372070.559298,-585.7205155814994,443.59391017500513
1372078.186563,-583.5736901224288,444.25739219199454
1372084.656004,-570.9453231249289,455.866977755777
1372093.090365,-535.7256562175254,472.7221674919466
1372098.669393,-497.1687788463845,489.95653518914486
1372106.374099,-446.72987517118224,508.1705073952516
1372112.227966,-411.1794886116568,520.495615905134
1372119.551131,-365.1507362331799,535.7241383444759
1372129.002719,-295.49329282490373,559.1448228719177
1372133.71717,-293.6498745138666,559.5715647243793
1372141.351178,-293.6498745138666,559.5715647243793
1372147.574296,-293.6498745138666,559.5715647243793
1372154.528534,-275.38433337628373,566.3500215425626
1372167.059016,-254.3358224735322,575.9528983783063
1372168.894475,-207.2862354002652,541.6600199838758
1372175.497519,-167.58166854471295,510.7683084209486
1372175.498192,-167.58166854471295,510.7683084209486
1372176.503807,-167.58166854471295,510.7683084209486
1372184.607364,-103.75840252613064,460.3079552858735
1372190.945773,-55.94320779851152,422.6004526087139
1372205.979062,-55.94320779851152,422.6004526087139
1372207.509788,-46.39659004018189,418.0381113977188
1372212.01858,-46.39659004018189,418.0381113977188
1372221.46264,-46.39659004018189,418.0381113977188
1372227.142275,-46.39659004018189,418.0381113977188
1372237.63531,-46.39659004018189,418.0381113977188
1372240.883941,-61.26377168807556,387.6727549476614
1372246.864249,-131.63214398262727,319.8139240052005
1372253.456158,-182.69152395243285,269.203983187961
1372260.875038,-241.8971633586537,212.5987425772002
1372267.896594,-333.28439387605255,129.46085548670246
1372281.870231,-362.10871223555904,70.38098661982968
1372297.037442,-368.48873258853615,-0.4080544959287061
1372694.427287,-793.8690105702502,-7.968509662025504
1372702.560798,-809.8382471647341,19.20665743678677
1372711.938575,-819.3287134276178,64.38061320063451
1372715.456593,-820.1805692199224,66.86455426783915
1372722.143128,-825.7131527856403,91.24619335692674
1372730.232243,-830.9561628893873,118.46020834126492
1372738.364044,-832.1001034207583,131.65752537083026
1372743.479928,-838.6240772551265,142.31895551554618
1372780.364577,-901.1152253162404,324.94022221503934
1372780.365259,-901.1152253162404,324.94022221503934
1372782.110838,-901.1152253162404,324.94022221503934
1372789.204223,-887.7324453275077,352.11245736980794
1372796.202145,-855.9482724963848,368.842109023385
1372809.056428,-822.6390773313301,385.6967926754143
1372811.956131,-785.0256260302845,400.6815280915845
1372817.435993,-759.5817021263822,414.4779412210789
1372825.17691,-728.6084220276697,421.0964011651459
1372831.504007,-723.7198186599073,422.038124556113
1372838.699083,-696.587752930607,422.64375404208215
1372846.574262,-660.9393290968546,435.4818436946762
1372852.471452,-613.3805092912097,449.3618516828869
1372859.845552,-609.3469768417818,452.91344790958175
1372868.101088,-609.3469768417818,452.91344790958175
1372873.522325,-609.3469768417818,452.91344790958175
1372886.506584,-609.3469768417818,452.91344790958175
1372889.426292,-609.3469768417818,452.91344790958175
1372894.748702,-609.3469768417818,452.91344790958175
1372904.84839,-609.3469768417818,452.91344790958175
1372908.198052,-609.3469768417818,452.91344790958175
1372919.256186,-609.3469768417818,452.91344790958175
1372922.476754,-609.3469768417818,452.91344790958175
1372929.196314,-609.3469768417818,452.91344790958175
1372936.535666,-609.3469768417818,452.91344790958175
1372945.199283,-609.3469768417818,452.91344790958175
1372950.54001,-609.3469768417818,452.91344790958175
1372958.219988,-609.3469768417818,452.91344790958175
1372965.988897,-609.3469768417818,452.91344790958175
1372971.596759,-609.3469768417818,452.91344790958175
1372979.246352,-609.3469768417818,452.91344790958175
1372986.644658,-609.3469768417818,452.91344790958175
1372993.004111,-609.3469768417818,452.91344790958175
1373000.579547,-609.3469768417818,452.91344790958175
1373006.529354,-609.3469768417818,452.91344790958175
1373018.598624,-609.3469768417818,452.91344790958175
1373020.121889,-609.3469768417818,452.91344790958175
1373030.396874,-609.3469768417818,452.91344790958175
1373034.202215,-609.3469768417818,452.91344790958175
1373043.169387,-609.3469768417818,452.91344790958175
1373048.712989,-609.3469768417818,452.91344790958175
1373055.621136,-609.3469768417818,452.91344790958175
1373062.915202,-609.3469768417818,452.91344790958175
1373069.563136,-609.3469768417818,452.91344790958175
1373077.346978,-609.3469768417818,452.91344790958175
1373083.634794,-609.3469768417818,452.91344790958175
1373091.362074,-609.3469768417818,452.91344790958175
1373099.761179,-609.3469768417818,452.91344790958175
1373104.480003,-609.3469768417818,452.91344790958175
1373127.143431,-609.3469768417818,452.91344790958175
1373127.144016,-609.3469768417818,452.91344790958175
1373129.333862,-609.3469768417818,452.91344790958175
1373129.335337,-609.3469768417818,452.91344790958175
1373130.460068,-609.3469768417818,452.91344790958175
1373138.003167,-609.3469768417818,452.91344790958175
1373144.781899,-609.3469768417818,452.91344790958175
1373155.772702,-604.6925970244147,446.5326374275453
1373158.414831,-604.6925970244147,446.5326374275453
1373165.454766,-604.6925970244147,446.5326374275453
1373172.445584,-604.6925970244147,446.5326374275453
1373179.799821,-604.6925970244147,446.5326374275453
1373192.460351,-604.6925970244147,446.5326374275453
1373194.643691,-604.6925970244147,446.5326374275453
1373201.537853,-604.6925970244147,446.5326374275453
1373214.263613,-604.6925970244147,446.5326374275453
1373216.078286,-604.6925970244147,446.5326374275453
1373221.823697,-604.6925970244147,446.5326374275453
1373232.736716,-604.6925970244147,446.5326374275453
1373235.827611,-604.6925970244147,446.5326374275453
1373242.945488,-604.6925970244147,446.5326374275453
1373250.628058,-604.6925970244147,446.5326374275453
1373256.840914,-604.6925970244147,446.5326374275453
1373270.649614,-604.6925970244147,446.5326374275453
1373271.787342,-604.6925970244147,446.5326374275453
1373277.615065,-604.6925970244147,446.5326374275453
1373284.844209,-604.6925970244147,446.5326374275453
1373291.769824,-604.6925970244147,446.5326374275453
1373298.862457,-604.6925970244147,446.5326374275453
1373306.712759,-604.6925970244147,446.5326374275453
1373312.993733,-604.6925970244147,446.5326374275453
1373319.465377,-604.6925970244147,446.5326374275453
1373326.810352,-604.6925970244147,446.5326374275453
1373334.665251,-604.6925970244147,446.5326374275453
1373340.874209,-604.6925970244147,446.5326374275453
1373347.907486,-604.6925970244147,446.5326374275453
1373355.055595,-604.6925970244147,446.5326374275453
1373362.320781,-604.6925970244147,446.5326374275453
1373371.494836,-604.6925970244147,446.5326374275453
1373375.526635,-604.6925970244147,446.5326374275453
1373382.445956,-604.6925970244147,446.5326374275453
1373390.111245,-604.6925970244147,446.5326374275453
1373396.416698,-604.6925970244147,446.5326374275453
1373404.762705,-604.6925970244147,446.5326374275453
1373410.841799,-604.6925970244147,446.5326374275453
1373417.982662,-604.6925970244147,446.5326374275453
1373425.63773,-604.6925970244147,446.5326374275453
1373431.784132,-604.6925970244147,446.5326374275453
1373439.407632,-604.6925970244147,446.5326374275453
1373445.747896,-604.6925970244147,446.5326374275453
1373453.420063,-604.6925970244147,446.5326374275453
1373459.862265,-604.6925970244147,446.5326374275453
1373475.130289,-604.6925970244147,446.5326374275453
1373475.13401,-604.6925970244147,446.5326374275453
1373480.52403,-604.6925970244147,446.5326374275453
1373487.509675,-604.6925970244147,446.5326374275453
1373494.870336,-604.6925970244147,446.5326374275453
1373501.831632,-604.6925970244147,446.5326374275453
1373511.338049,-604.6925970244147,446.5326374275453
1373518.431193,-604.6925970244147,446.5326374275453
1373522.51769,-604.6925970244147,446.5326374275453
1373529.547914,-604.6925970244147,446.5326374275453
1373537.619691,-604.6925970244147,446.5326374275453
1373549.620958,-604.6925970244147,446.5326374275453
1373551.055229,-604.6925970244147,446.5326374275453
1373558.642235,-604.6925970244147,446.5326374275453
1373564.836387,-604.6925970244147,446.5326374275453
1373573.246141,-604.6925970244147,446.5326374275453
1373588.04167,-604.6925970244147,446.5326374275453
1373588.045342,-604.6925970244147,446.5326374275453
1373592.941022,-604.6925970244147,446.5326374275453
1373600.665256,-604.6925970244147,446.5326374275453
1373606.911778,-604.6925970244147,446.5326374275453
1373622.057305,-604.6925970244147,446.5326374275453
1373622.061438,-604.6925970244147,446.5326374275453
1373627.799359,-604.6925970244147,446.5326374275453
1373635.623334,-604.6925970244147,446.5326374275453
1373641.42993,-604.6925970244147,446.5326374275453
1373650.475161,-604.6925970244147,446.5326374275453
1373665.609097,-604.6925970244147,446.5326374275453
1373665.612755,-604.6925970244147,446.5326374275453
1373669.923506,-604.6925970244147,446.5326374275453
1373676.799435,-604.6925970244147,446.5326374275453
1373685.886229,-590.2123821640006,456.4472659155725
1373690.602605,-584.7235133901443,461.55070039392047
1373718.546975,-453.0655524156826,510.628776821947
1373718.547619,-453.0655524156826,510.628776821947
1373721.32338,-401.1722584869565,530.4581208289782
1373728.330963,-346.9128242171715,547.6671151186806
1373735.330451,-325.3307329368639,557.8923025232251
1373748.798377,-325.3307329368639,557.8923025232251
1373750.995916,-294.33897945980993,567.4550380235228
1373756.574029,-266.6985383210137,579.867799231274
1373765.802238,-256.15282716934945,583.8436384497103
1373775.688933,-244.04510712582427,574.9564857738558
1373777.717109,-244.04510712582427,574.9564857738558
1373791.77317,-236.9211146671736,567.9235978208626
1373791.783744,-168.32049111506805,527.3072379721343
1373799.371211,-131.93455111712248,489.47761679701154
1373806.689623,-83.04228311932427,452.0205602745061
1373812.574603,-63.81113799969439,441.0033664287113
1373820.475176,-51.28810849300228,435.5046665102592
1373828.739514,-36.006193581669315,420.2856078427864
1373836.010771,-83.88053604208952,363.7171456470557
1373841.28381,-129.067741793574,320.3280558353498
1373849.865741,-170.2019726852448,276.67440909777685
1373854.913566,-250.2845335478146,193.90391743465676
1373866.928975,-315.33629500816056,139.92629132024527
1373868.929335,-352.5260063644979,88.87029894591097
1397258.923975,-791.3755716679543,15.015140267593084
1397265.894608,-824.673776432236,104.57988458429574
1397272.559915,-846.8553971867356,166.5204450982477
1397280.024674,-865.9922536453976,232.9733755788832
1397287.750995,-893.9719995230158,323.94946724699463
1397293.891328,-874.5745419552711,358.47930051150354
1397301.053016,-834.2785199761734,381.4949395649708
1397308.743705,-786.4336841436472,404.9433643397747
1397314.96328,-741.872249670117,420.097994872248
1397322.699073,-708.5948238768709,427.8903082929234
1397328.979842,-671.0525659453798,434.274955203489
1397336.06759,-631.7767011324817,446.2115366022981
1397344.207737,-541.0379686962441,482.5003370171764
1397350.170812,-466.62632154691335,520.0055033808304
1397357.022354,-462.7066547923864,571.858405188346
1397365.773936,-455.8430511040904,629.417143807883
1397371.029402,-436.4956646217407,696.7584388207121
1397378.486935,-436.4956646217407,696.7584388207121
1397393.6153,-456.7721028783401,725.261443144604
1397393.624425,-506.0212180479338,784.6782363423641
1397404.563486,-552.2606261122856,805.9396708501139
1397406.059896,-573.6213728505905,822.1488480252851
1397412.953135,-576.2766771779864,823.5807664727002
1397420.559497,-576.2766771779864,823.5807664727002
1397426.891123,-576.2766771779864,823.5807664727002
1397434.083324,-576.2766771779864,823.5807664727002
1397441.051927,-576.2766771779864,823.5807664727002
1397447.990106,-576.2766771779864,823.5807664727002
1397454.601996,-576.2766771779864,823.5807664727002
1397462.035853,-576.2766771779864,823.5807664727002
1397469.024718,-576.2766771779864,823.5807664727002
1397476.763673,-576.2766771779864,823.5807664727002
1397482.565579,-576.2766771779864,823.5807664727002
1397487.098736,-576.2766771779864,823.5807664727002
1397489.589543,-576.2766771779864,823.5807664727002
1397496.645646,-590.2846223830381,840.7633089576277
1397503.557639,-621.306747201304,847.2975617394595
1397517.41649,-621.313401475508,848.1682734805578
1397517.56792,-620.1325697803202,852.8864983167473
1397524.587427,-620.1325697803202,852.8864983167473
1397532.056619,-620.1325697803202,852.8864983167473
1397538.584635,-620.1325697803202,852.8864983167473
1397545.588407,-620.1325697803202,852.8864983167473
1397554.198162,-620.1325697803202,852.8864983167473
1397559.664102,-620.1325697803202,852.8864983167473
1397566.718676,-620.1325697803202,852.8864983167473
1397575.742831,-620.1325697803202,852.8864983167473
1397581.05034,-620.1325697803202,852.8864983167473
1397590.727738,-620.1325697803202,852.8864983167473
1397595.089072,-620.1325697803202,852.8864983167473
1397602.075901,-620.1325697803202,852.8864983167473
1397608.556334,-620.1325697803202,852.8864983167473
1397615.55978,-620.1325697803202,852.8864983167473
1397622.5576,-620.1325697803202,852.8864983167473
1397630.264596,-620.1325697803202,852.8864983167473
1397639.971874,-620.1325697803202,852.8864983167473
1397644.129039,-620.1325697803202,852.8864983167473
1397652.157433,-620.1325697803202,852.8864983167473
1397657.576055,-620.1325697803202,852.8864983167473
1397664.551292,-620.1325697803202,852.8864983167473
1397671.5603,-620.1325697803202,852.8864983167473
1397678.553355,-620.1325697803202,852.8864983167473
1397685.556407,-620.1325697803202,852.8864983167473
1397692.742299,-620.1325697803202,852.8864983167473
1397702.730567,-620.1325697803202,852.8864983167473
1397707.432195,-619.3642429337018,854.9813574490981
1397713.558618,-619.3642429337018,854.9813574490981
1397720.558924,-619.3642429337018,854.9813574490981
1397727.572208,-619.3642429337018,854.9813574490981
1397734.663923,-619.3642429337018,854.9813574490981
1397741.992349,-619.3642429337018,854.9813574490981
1397748.887807,-619.3642429337018,854.9813574490981
1397755.895015,-619.3642429337018,854.9813574490981
1397763.34921,-619.3642429337018,854.9813574490981
1397770.382455,-619.3642429337018,854.9813574490981
1397777.01808,-619.3642429337018,854.9813574490981
1397784.734758,-619.3642429337018,854.9813574490981
1397792.476598,-619.3642429337018,854.9813574490981
1397797.981029,-619.3642429337018,854.9813574490981
1397805.514613,-619.3642429337018,854.9813574490981
1397811.921171,-619.3642429337018,854.9813574490981
1397818.923493,-619.3642429337018,854.9813574490981
1397825.886423,-619.3642429337018,854.9813574490981
1397832.596036,-619.3642429337018,854.9813574490981
1397839.915659,-619.3642429337018,854.9813574490981
1397847.942657,-619.3642429337018,854.9813574490981
1397855.591241,-619.3642429337018,854.9813574490981
1397861.758818,-619.3642429337018,854.9813574490981
1397868.906356,-619.3642429337018,854.9813574490981
1397874.9172,-619.3642429337018,854.9813574490981
1397882.673319,-619.3642429337018,854.9813574490981
1397890.041567,-619.3642429337018,854.9813574490981
1397895.9084,-619.3642429337018,854.9813574490981
1397903.757795,-619.3642429337018,854.9813574490981
1397909.987328,-619.3642429337018,854.9813574490981
1397917.544021,-619.3642429337018,854.9813574490981
1397924.780082,-619.3642429337018,854.9813574490981
1397931.0542,-619.3642429337018,854.9813574490981
1397938.804049,-619.3642429337018,854.9813574490981
1397946.1971,-619.3642429337018,854.9813574490981
1397951.598837,-619.3642429337018,854.9813574490981
1397961.276892,-619.3642429337018,854.9813574490981
1397965.59579,-619.3642429337018,854.9813574490981
1397972.656025,-619.3642429337018,854.9813574490981
1397979.657305,-619.3642429337018,854.9813574490981
1397988.039785,-619.3642429337018,854.9813574490981
1397994.166975,-619.3642429337018,854.9813574490981
1398002.008414,-619.3642429337018,854.9813574490981
1398008.166378,-619.3642429337018,854.9813574490981
1398015.977952,-619.3642429337018,854.9813574490981
1398022.140467,-619.3642429337018,854.9813574490981
1398029.20526,-619.3642429337018,854.9813574490981
1398037.560475,-619.3642429337018,854.9813574490981
1398043.182521,-619.3642429337018,854.9813574490981
1398050.09505,-619.3642429337018,854.9813574490981
1398057.950442,-619.3642429337018,854.9813574490981
1398064.166661,-619.3642429337018,854.9813574490981
1398073.22081,-619.3642429337018,854.9813574490981
1398080.283184,-619.3642429337018,854.9813574490981
1398085.189541,-619.3642429337018,854.9813574490981
1398093.343546,-619.3642429337018,854.9813574490981
1398099.179162,-619.3642429337018,854.9813574490981
1398105.822044,-619.3642429337018,854.9813574490981
1398113.128638,-619.3642429337018,854.9813574490981
1398121.746915,-619.3642429337018,854.9813574490981
1398127.192608,-619.3642429337018,854.9813574490981
1398134.928495,-619.3642429337018,854.9813574490981
1398141.171628,-619.3642429337018,854.9813574490981
1398149.493912,-619.3642429337018,854.9813574490981
1398154.652286,-619.3642429337018,854.9813574490981
1398161.650891,-619.3642429337018,854.9813574490981
1398169.03343,-619.3642429337018,854.9813574490981
1398176.849446,-619.3642429337018,854.9813574490981
1398183.092634,-619.3642429337018,854.9813574490981
1398190.862951,-619.3642429337018,854.9813574490981
1398197.027664,-619.3642429337018,854.9813574490981
1398204.0631,-619.3642429337018,854.9813574490981
1398211.846645,-619.3642429337018,854.9813574490981
1398218.067798,-619.3642429337018,854.9813574490981
1398224.553258,-619.3642429337018,854.9813574490981
1398232.069882,-619.3642429337018,854.9813574490981
1398238.991768,-619.3642429337018,854.9813574490981
1398246.085792,-619.3642429337018,854.9813574490981
1398253.816383,-619.3642429337018,854.9813574490981
1398260.046604,-619.3642429337018,854.9813574490981
1398267.735378,-619.3642429337018,854.9813574490981
1398275.265944,-619.3642429337018,854.9813574490981
1398281.030294,-619.3642429337018,854.9813574490981
1398288.765814,-619.3642429337018,854.9813574490981
1398295.023675,-619.3642429337018,854.9813574490981
1398302.830575,-619.3642429337018,854.9813574490981
1398310.575566,-619.3642429337018,854.9813574490981
1398316.054098,-619.3642429337018,854.9813574490981
1398323.806408,-619.3642429337018,854.9813574490981
1398331.615786,-619.3642429337018,854.9813574490981
1398337.075898,-619.3642429337018,854.9813574490981
1398344.853888,-619.3642429337018,854.9813574490981
1398350.644326,-619.3642429337018,854.9813574490981
1398358.219051,-619.3642429337018,854.9813574490981
1398365.713493,-619.3642429337018,854.9813574490981
1398372.017878,-619.3642429337018,854.9813574490981
1398379.087344,-619.3642429337018,854.9813574490981
1398386.686777,-619.3642429337018,854.9813574490981
1398393.021886,-619.3642429337018,854.9813574490981
1398400.065509,-619.3642429337018,854.9813574490981
1398408.356424,-619.3642429337018,854.9813574490981
1398414.068446,-619.3642429337018,854.9813574490981
1398421.059112,-619.3642429337018,854.9813574490981
1398429.309154,-619.3642429337018,854.9813574490981
1398435.193967,-619.3642429337018,854.9813574490981
1398443.399606,-619.3642429337018,854.9813574490981
1398449.058838,-618.5055620633589,854.7748624258928
1398456.82717,-616.1555041447648,855.7732451302676
1398464.542038,-615.7011573337767,855.5337672819372
1398470.086364,-615.7011573337767,855.5337672819372
1398478.097935,-615.7011573337767,855.5337672819372
1398484.065794,-615.7011573337767,855.5337672819372
1398491.055849,-615.7011573337767,855.5337672819372
1398498.828797,-615.7011573337767,855.5337672819372
1398506.606204,-615.7011573337767,855.5337672819372
1398512.333467,-615.7011573337767,855.5337672819372
1398518.575547,-615.7011573337767,855.5337672819372
1398526.009203,-615.7011573337767,855.5337672819372
1398533.014553,-615.7011573337767,855.5337672819372
1398540.715914,-615.7011573337767,855.5337672819372
1398547.027744,-615.7011573337767,855.5337672819372
1398554.651761,-615.7011573337767,855.5337672819372
1398562.114918,-615.7011573337767,855.5337672819372
1398568.102059,-615.7011573337767,855.5337672819372
1398574.583096,-615.7011573337767,855.5337672819372
1398582.034639,-615.7011573337767,855.5337672819372
1398589.056524,-615.7011573337767,855.5337672819372
1398595.577419,-615.7011573337767,855.5337672819372
1398603.277083,-615.7011573337767,855.5337672819372
1398610.021372,-615.7011573337767,855.5337672819372
1398617.739102,-615.7011573337767,855.5337672819372
1398623.99565,-615.7011573337767,855.5337672819372
1398631.02837,-615.7011573337767,855.5337672819372
1398638.897825,-615.7011573337767,855.5337672819372
1398645.046547,-615.7011573337767,855.5337672819372
1398652.757137,-615.7011573337767,855.5337672819372
1398660.518806,-615.7011573337767,855.5337672819372
1398666.05976,-615.7011573337767,855.5337672819372
1398673.743652,-615.7011573337767,855.5337672819372
1398680.673308,-615.7011573337767,855.5337672819372
1398687.037421,-615.7011573337767,855.5337672819372
1398694.821685,-615.7011573337767,855.5337672819372
1398701.042359,-615.7011573337767,855.5337672819372
1398708.755874,-615.7011573337767,855.5337672819372
1398715.043037,-615.7011573337767,855.5337672819372
1398721.584813,-615.7011573337767,855.5337672819372
1398729.695848,-615.7011573337767,855.5337672819372
1398736.071816,-615.7011573337767,855.5337672819372
1398743.037366,-615.7011573337767,855.5337672819372
1398750.681657,-615.7011573337767,855.5337672819372
1398757.017741,-615.7011573337767,855.5337672819372
1398764.682697,-615.7011573337767,855.5337672819372
1398772.252548,-615.7011573337767,855.5337672819372
1398778.008707,-615.7011573337767,855.5337672819372
1398785.001267,-615.7011573337767,855.5337672819372
1398792.789092,-615.7011573337767,855.5337672819372
1398799.042846,-615.7011573337767,855.5337672819372
1398806.828159,-615.7011573337767,855.5337672819372
1398814.385439,-615.7011573337767,855.5337672819372
1398820.590759,-615.7011573337767,855.5337672819372
1398827.037795,-615.7011573337767,855.5337672819372
1398834.577679,-615.7011573337767,855.5337672819372
1398840.548629,-615.7011573337767,855.5337672819372
1398849.223999,-615.7011573337767,855.5337672819372
1398855.010753,-615.7011573337767,855.5337672819372
1398862.883715,-615.7011573337767,855.5337672819372
1398869.028832,-615.7011573337767,855.5337672819372
1398876.057618,-615.7011573337767,855.5337672819372
1398883.810045,-615.7011573337767,855.5337672819372
1398890.046421,-615.7011573337767,855.5337672819372
1398896.9797,-615.7011573337767,855.5337672819372
1398904.819192,-615.7011573337767,855.5337672819372
1398911.033751,-615.7011573337767,855.5337672819372
1398919.245993,-615.7011573337767,855.5337672819372
1398926.151298,-615.7011573337767,855.5337672819372
1398932.062269,-615.7011573337767,855.5337672819372
1398939.981995,-615.7011573337767,855.5337672819372
1398945.548214,-615.7011573337767,855.5337672819372
1398952.578523,-615.7011573337767,855.5337672819372
1398959.579228,-615.7011573337767,855.5337672819372
1398967.259844,-615.7011573337767,855.5337672819372
1398974.028733,-615.7011573337767,855.5337672819372
1398981.066681,-615.7011573337767,855.5337672819372
1398988.065198,-615.7011573337767,855.5337672819372
1398995.832584,-615.7011573337767,855.5337672819372
1399002.114478,-615.7011573337767,855.5337672819372
1399009.080468,-615.7011573337767,855.5337672819372
1399016.062135,-615.7011573337767,855.5337672819372
1399023.886177,-615.7011573337767,855.5337672819372
1399030.043976,-615.7011573337767,855.5337672819372
1399037.818068,-615.7011573337767,855.5337672819372
1399045.627733,-615.7011573337767,855.5337672819372
1399051.058649,-615.7011573337767,855.5337672819372
1399058.754584,-615.7011573337767,855.5337672819372
1399065.043823,-615.7011573337767,855.5337672819372
1399072.062257,-615.7011573337767,855.5337672819372
1399078.554157,-615.7011573337767,855.5337672819372
1399085.578669,-615.7011573337767,855.5337672819372
1399093.082352,-615.7011573337767,855.5337672819372
1399100.824011,-615.7011573337767,855.5337672819372
1399107.042204,-615.7011573337767,855.5337672819372
1399114.755828,-615.7011573337767,855.5337672819372
1399122.279481,-615.7011573337767,855.5337672819372
1399128.569024,-615.7011573337767,855.5337672819372
1399136.005644,-615.7011573337767,855.5337672819372
1399140.712403,-615.7011573337767,855.5337672819372
1399142.513936,-616.1106218829714,856.1285450875109
1399148.600273,-616.1106218829714,856.1285450875109
1399156.116954,-616.1106218829714,856.1285450875109
1399163.087251,-616.1106218829714,856.1285450875109
1399171.554343,-616.1106218829714,856.1285450875109
1399176.909112,-616.1106218829714,856.1285450875109
1399184.418857,-635.5060197918261,866.8737170957828
1399190.94754,-654.8233995851836,912.3728033060736
1399247.740036,-702.8369470605703,961.4925897309872
1399254.861965,-730.9454484093817,942.3227645078572
1399260.998998,-796.4195029317342,919.322484211448
1399268.792779,-811.8879965606803,916.2846800228816
1399274.873753,-811.8879965606803,916.2846800228816
1399281.886734,-811.8879965606803,916.2846800228816
1399288.913894,-811.840606415695,903.924030431148
1399296.526081,-781.5931311149219,866.1202941353225
1399303.568064,-723.7630911840304,805.5168841421103
1399310.68012,-688.6101975106843,750.1903590506018
1399316.918624,-670.2433136792911,709.164635765061
1399323.578341,-651.2541321758129,634.0373858345994
1399331.338598,-644.6673991526022,585.7344819165226
1399337.577904,-648.3026946962775,522.7824619895224
1399345.83696,-682.3212925188333,471.53643960686105
1399353.7225,-727.6400876492581,457.010920666411
1399359.0141,-727.6400876492581,457.010920666411
1399365.581032,-827.8110893327384,422.2902884155153
1399374.09815,-870.3586506566743,412.2197023155107
1399380.086042,-867.0163928102874,399.13568743868296
1399387.996267,-801.6856216291873,391.1122436550906
1399394.012946,-715.3687247588481,424.9266173659513
1399400.577613,-625.5087342482283,455.5464641159841
1399407.640512,-493.1794198950015,493.63706958326304
1399414.573824,-464.50988800399176,483.4246362645498
1399421.543542,-455.47961498874673,459.28319736703975
1399428.886961,-446.8731908657708,438.4618663516396
1399430.6888,-615.7011573337767,855.5337672819372
1399436.083963,-450.576170347028,415.03800666484864
1399445.737917,-450.576170347028,415.03800666484864
1399449.63744,-450.576170347028,415.03800666484864
1399457.460791,-450.576170347028,415.03800666484864
1399465.070248,-450.576170347028,415.03800666484864
1399470.929979,-450.576170347028,415.03800666484864
1399478.046493,-490.982259014192,362.2296277617735
1399485.652254,-501.2066048078876,354.1328250592965
1399491.962896,-529.306856667456,350.0089054501303
1399499.977101,-550.1957589382839,376.28693235334913
1399507.385101,-563.4377865466149,387.73494832022897
1399513.084727,-587.3250256481632,409.2818492763853
1399520.853161,-586.022437217963,423.3243104839591
1399527.03819,-580.1038169836919,456.6976540347888
1399534.654411,-527.6598369104196,487.74176568271656
1399541.962776,-499.3408026163468,499.5580174020992
1399547.544193,-460.96821228687975,510.27675210840016
1399556.647252,-354.531857052261,547.0433286048531
1399561.955981,-301.60610503432764,565.3667595207305
1399577.080273,-247.5650754039144,578.0648788775388
1399577.081709,-247.5650754039144,578.0648788775388
1399577.920138,-247.5650754039144,578.0648788775388
1399577.920716,-247.5650754039144,578.0648788775388
1399579.183815,-239.21857385772552,569.2789835097869
1399616.557671,-209.6545298816877,539.6913890354449
1399616.575295,-124.67076905110558,487.35491542592246
1399616.579905,-66.8945124300146,442.4050037925405
1399616.948164,-20.223117297585983,415.8988068139497
1399616.948905,-20.223117297585983,415.8988068139497
1399618.10715,-20.223117297585983,415.8988068139497
1399621.692494,-615.7011573337767,855.5337672819372
1399625.10747,-20.223117297585983,415.8988068139497
1456267.749624,-807.138203365834,-2.771621693505761
1456278.581422,-819.544418145419,45.8242036274092
1456282.529362,-831.0920487294532,81.16874512829122
1456288.749521,-840.4491832808733,109.93096495759688
1456296.761333,-854.8166060857546,149.53714288746133
1456304.850969,-860.6055335312926,160.4988949979227
1456316.343764,-877.9068398410951,225.3663052445804
1456316.344456,-877.9068398410951,225.3663052445804
1456317.572555,-877.9068398410951,225.3663052445804
1456325.182608,-877.9068398410951,225.3663052445804
1456332.253565,-879.597088380083,231.6149390786257
1456339.252136,-880.6145208257727,244.41707616336384
1456352.849476,-880.130076362887,257.7233444231329
1456353.353417,-884.4357984548709,269.72148742579964
1456359.992343,-890.2828774592451,293.2205868054704
1456367.46617,-894.1359942628501,310.7874244333325
1456375.247268,-898.0156812201926,331.7748702353893
1456380.662523,-889.753031114259,354.1337130302628
1456396.586454,-879.5206162813408,358.75749243334684
1456396.590138,-879.5206162813408,358.75749243334684
1456402.287694,-879.5206162813408,358.75749243334684
1456408.814401,-848.9174091187493,366.9227323988162
1456419.419469,-829.5890298806903,374.1230948870167
1456422.931378,-811.2218548812807,387.0476408866727
1456438.480585,-777.7872903782527,400.3650367527262
1456438.48429,-747.9721726600235,408.7546489375094
1456443.667853,-728.6519724604245,415.3296013617242
1456451.606099,-710.6546923364347,422.4998604989362
1456458.046808,-666.9799266322419,441.0459176098923
1456471.226181,-625.5277136939862,454.8669486451026
1456472.543505,-612.3715244555375,459.8480954882861
1456478.913241,-612.3715244555375,459.8480954882861
1456486.035718,-612.3715244555375,459.8480954882861
1456492.905236,-612.3715244555375,459.8480954882861
1456499.60207,-564.7409903010654,468.743573398421
1456507.548361,-522.3409264277497,483.1605566846817
1456514.639313,-497.1535290447343,492.3065840197283
1456520.928297,-495.60699324496574,492.8999569222231
1456529.095517,-495.60699324496574,492.8999569222231
1456534.815357,-472.3423887513812,500.4301428500215
1456542.377811,-411.8990443588339,526.197341272758
1456550.414797,-366.4069904725828,539.6742958563734
1456555.70806,-327.19299161478267,550.0597707317995
1456562.664297,-292.3444442860148,561.4214586673188
1456569.615349,-282.0777380257007,565.1276841025465
1456580.708731,-282.0777380257007,565.1276841025465
1456583.964245,-282.0777380257007,565.1276841025465
1456591.598185,-282.0777380257007,565.1276841025465
1456597.723102,-282.0777380257007,565.1276841025465
1456606.161047,-257.1532051180076,576.966563194585
1456615.577431,-245.4338802948379,581.6829552618159
1456621.320585,-220.93042417893463,588.9136036921782
1456628.470651,-164.5909978237057,614.5315274630722
1456633.295208,-116.47180840652382,635.3258512330046
1456639.99613,-69.37484583763845,654.1921653207997
1456655.555314,-3.165978552457497,681.2520753437634
1456655.563064,31.696881845515342,696.2916138511367
1456661.204948,70.81958551883824,711.9763285939373
1456937.539665,95.03696169257664,204.73035846769483
1456945.267495,62.35108374913325,173.94577894743634
1456951.539395,37.217637015921554,151.80302722003017
1456959.457395,-8.239720115830632,112.72976867209604
1456966.986778,-48.1324852466637,80.71783702072831
1456972.976719,-89.28096162004819,45.07168102888363
1456979.832419,-121.74439507382164,15.95933353878573
1456986.513774,-153.73918868652262,-10.894519613964716
1456993.867069,-157.32369807600998,-14.24266774738572
1457183.184368,-134.28298513497367,-12.753457184364567
1457190.026464,-90.91079358450618,27.95226394477112
1457197.630552,-73.444105664492,41.78316602308799
1457203.988323,-73.444105664492,41.78316602308799
1457214.609869,-69.53348764477654,45.29615193913379
1457217.530055,-48.29316157936073,66.21835588803121
1457224.497943,-19.05938945804208,95.6750134256972
1457231.5497,23.120670260029613,136.11701951409557
1457239.032393,50.12836482191231,159.98935841798635
1457245.946386,69.41901569414472,176.56058923854513
1457258.062644,96.76048046074312,202.29290298399644
1471633.16684,-129.97166072264298,-1.906121870341567
1471639.430708,-79.99467660816956,40.43721680351436
1471645.93545,-22.747439726015667,88.30542504519157
1471652.935864,53.86121139016284,155.0195974258135
1471660.375251,96.76959316883746,191.46541558947607
1483002.765642,-797.6786655514722,-14.767343007064373
1483009.640376,-830.8143718922333,95.50670844643984
1483016.180152,-848.9616930179843,169.9263913328681
1483025.901235,-874.8756023068113,247.50416442156757
1483030.618248,-894.5776522471645,344.3908114064236
1483037.190126,-843.4848169426945,372.23492609382913
1483044.204321,-767.1897686294933,405.4736587024968
1483051.5064,-671.7729663385774,439.4308151077157
1483058.219108,-608.4785649435619,461.2245960383849
1483065.753159,-543.2595670033082,480.8269862297992
1483072.202258,-496.2996039892943,497.1454153779069
1483079.826157,-494.3408531324816,498.6424067811301
1483086.571304,-445.35948069598265,508.8127480063704
1483094.300622,-338.89595492551274,544.5655883882208
1483100.52975,-279.31784292250126,567.6885081343831
1483107.512602,-276.3136030216064,569.3228389442222
1483115.300663,-276.3136030216064,569.3228389442222
1483121.501713,-276.3136030216064,569.3228389442222
1483129.293942,-271.6491746898044,572.4538770145639
1483135.566133,-233.86027191050195,582.8485097857748
1483142.59294,-201.84890215450125,596.7624077243612
1483149.599507,-180.93042199635423,618.8609563116967
1483156.499228,-182.72974204862345,626.9673727074802
1483163.279909,-182.72974204862345,626.9673727074802
1483170.595269,-182.72974204862345,626.9673727074802
1483177.624636,-189.55932711877108,641.0419194055787
1483186.322614,-214.56010107865268,678.1917712980265
1483191.505004,-240.4140981109216,721.5322466149856
1483198.280798,-250.8967171852693,799.2793854871728
1483205.516108,-194.6315503243852,837.0943518862133
1483212.528111,-132.59722520407956,864.8394168272348
1483219.209589,-71.41758184725178,934.204503625823
1484783.12792,33.907694400932854,829.0923211164071
1484790.127961,11.174667115797298,841.1565903783224
1484797.126769,-14.343399628080869,850.2923688380214
1484804.1267,-20.00899215295851,848.5953570162648
1484814.483704,-26.93914856175913,843.3356958615987
1484818.055317,-26.93914856175913,843.3356958615987
1484826.212925,-26.93914856175913,843.3356958615987
1484832.37429,-26.93914856175913,843.3356958615987
1484839.494967,-26.93914856175913,843.3356958615987
1484847.147326,-26.93914856175913,843.3356958615987
1484853.477451,-37.413180433498574,829.8156560529058
1484860.122201,-67.26539671414974,799.8266710122766
1484867.624035,-102.49376026536136,765.1954280798358
1484874.39927,-162.62855094622572,701.6760983743067
1484881.068878,-188.31893676033712,673.6279725392927
1484888.497684,-188.31893676033712,673.6279725392927
1484895.487358,-188.31893676033712,673.6279725392927
1484903.009709,-188.31893676033712,673.6279725392927
1484909.602099,-188.31893676033712,673.6279725392927
1484916.556196,-204.41445715407636,642.3449683174862
1484923.491151,-234.52135324615216,604.1038641351519
1484930.471226,-238.15606534251108,594.5316001885674
1484938.135295,-238.15606534251108,594.5316001885674
1484944.468303,-238.15606534251108,594.5316001885674
1484951.356156,-238.15606534251108,594.5316001885674
1484959.266604,-238.15606534251108,594.5316001885674
1484966.945734,-238.15606534251108,594.5316001885674
1484972.402914,-238.15606534251108,594.5316001885674
1484980.198885,-212.59474854108447,594.8881196633586
1484986.476345,-151.43691165936738,619.298555034655
1484993.433566,-64.9362586129584,655.5774402339929
1485001.218995,68.80867665984437,723.1595651475976
1485196.484748,87.07737339636667,203.13571300855867
1485203.484938,58.53647089246811,177.12101660895445
1485211.636952,-5.964663726306116,126.52501979778717
1485217.047819,-53.29030113474116,89.74594292594588
1485224.503326,-87.00133296455691,86.03608512073357
1485233.197768,-128.85121514943108,133.21601759819112
1485238.498794,-128.85121514943108,133.21601759819112
1485251.467775,-128.85121514943108,133.21601759819112
1485252.067706,-128.85121514943108,133.21601759819112
1485259.11789,-489.9796250845544,542.2702135631155
1485267.047664,-489.9796250845544,542.2702135631155
1485274.649148,-610.9466434303815,672.3802406764875
1485280.469388,-650.7244854033776,716.9346628581636
1485288.231762,-670.2424309437648,725.0426225542765
1485289.186886,-670.2424309437648,725.0426225542765
1485294.429395,-670.2424309437648,725.0426225542765
1485301.830329,-670.2424309437648,725.0426225542765
1485310.135645,-670.2424309437648,725.0426225542765
1485315.345388,-670.2424309437648,725.0426225542765
1485322.343999,-670.2424309437648,725.0426225542765
1485330.040085,-670.2424309437648,725.0426225542765
1485336.122055,-670.2424309437648,725.0426225542765
1485343.369131,-670.2424309437648,725.0426225542765
1485351.2612,-670.2424309437648,725.0426225542765
1485357.360256,-670.2424309437648,725.0426225542765
1485365.052985,-670.2424309437648,725.0426225542765
1485371.375615,-670.2424309437648,725.0426225542765
1485378.019138,-670.2424309437648,725.0426225542765
1485386.02765,-670.2424309437648,725.0426225542765
1485392.351874,-670.2424309437648,725.0426225542765
1485400.333115,-670.2424309437648,725.0426225542765
1485406.546884,-670.2424309437648,725.0426225542765
1485413.369272,-670.2424309437648,725.0426225542765
1485421.070371,-670.2424309437648,725.0426225542765
1485427.119513,-670.2424309437648,725.0426225542765
1485434.352926,-670.2424309437648,725.0426225542765
1485441.357041,-670.2424309437648,725.0426225542765
1485448.37853,-670.2424309437648,725.0426225542765
1485457.372909,-670.2424309437648,725.0426225542765
1485462.917942,-670.2424309437648,725.0426225542765
1485469.358208,-670.2424309437648,725.0426225542765
1485476.119956,-670.2424309437648,725.0426225542765
1485483.384917,-670.2424309437648,725.0426225542765
1485490.404214,-670.2424309437648,725.0426225542765
1485499.320431,-670.2424309437648,725.0426225542765
1485505.137235,-670.2424309437648,725.0426225542765
1485511.358626,-670.2424309437648,725.0426225542765
1485520.61565,-670.2424309437648,725.0426225542765
1485525.355907,-670.2424309437648,725.0426225542765
1485532.417262,-670.2424309437648,725.0426225542765
1485539.989225,-670.2424309437648,725.0426225542765
1485546.357107,-670.2424309437648,725.0426225542765
1485554.039828,-670.2424309437648,725.0426225542765
1485561.32659,-670.2424309437648,725.0426225542765
1485567.342813,-670.2424309437648,725.0426225542765
1485574.987691,-670.2424309437648,725.0426225542765
1485581.086303,-670.2424309437648,725.0426225542765
1485590.072992,-672.2163518963591,724.8588752135107
1485595.342418,-672.2163518963591,724.8588752135107
1485602.3492,-672.2163518963591,724.8588752135107
1485609.069123,-672.2163518963591,724.8588752135107
1485616.345063,-672.2163518963591,724.8588752135107
1485623.895297,-672.2163518963591,724.8588752135107
1485631.670465,-672.2163518963591,724.8588752135107
1485637.362492,-672.2163518963591,724.8588752135107
1485644.373248,-672.2163518963591,724.8588752135107
1485651.365075,-672.2163518963591,724.8588752135107
1485658.048184,-672.2163518963591,724.8588752135107
1485665.362424,-672.2163518963591,724.8588752135107
1485673.085115,-672.2163518963591,724.8588752135107
1485679.428973,-672.2163518963591,724.8588752135107
1485686.019273,-672.2163518963591,724.8588752135107
1485694.465934,-672.2163518963591,724.8588752135107
1485700.351767,-672.2163518963591,724.8588752135107
1485707.409853,-672.2163518963591,724.8588752135107
1485714.347694,-672.2163518963591,724.8588752135107
1485721.356163,-672.2163518963591,724.8588752135107
1485729.131793,-672.2163518963591,724.8588752135107
1485735.3545,-672.2163518963591,724.8588752135107
1485742.498604,-672.2163518963591,724.8588752135107
1485749.600093,-672.2163518963591,724.8588752135107
1485756.367578,-672.2163518963591,724.8588752135107
1485763.654544,-672.2163518963591,724.8588752135107
1485771.425614,-672.2163518963591,724.8588752135107
1485777.370275,-672.2163518963591,724.8588752135107
1485784.366469,-672.2163518963591,724.8588752135107
1485792.107906,-672.2163518963591,724.8588752135107
1485798.355694,-672.2163518963591,724.8588752135107
1485806.050347,-672.2163518963591,724.8588752135107
1485812.394636,-672.2163518963591,724.8588752135107
1485819.37031,-672.2163518963591,724.8588752135107
1485826.118866,-672.2163518963591,724.8588752135107
1485833.10904,-672.2163518963591,724.8588752135107
1485840.641325,-672.2163518963591,724.8588752135107
1485848.193237,-672.2163518963591,724.8588752135107
1485854.344987,-672.2163518963591,724.8588752135107
1485862.018582,-672.2163518963591,724.8588752135107
1485868.111259,-672.2163518963591,724.8588752135107
1485875.349154,-672.2163518963591,724.8588752135107
1485882.98629,-672.2163518963591,724.8588752135107
1485890.25846,-672.2163518963591,724.8588752135107
1485896.387779,-672.2163518963591,724.8588752135107
1485904.050535,-672.2163518963591,724.8588752135107
1485910.056419,-672.2163518963591,724.8588752135107
1485917.759736,-672.2163518963591,724.8588752135107
1485925.121264,-672.2163518963591,724.8588752135107
1485931.397765,-672.2163518963591,724.8588752135107
1485939.020031,-672.2163518963591,724.8588752135107
1485945.017466,-672.2163518963591,724.8588752135107
1485952.383851,-672.2163518963591,724.8588752135107
1485960.19316,-672.2163518963591,724.8588752135107
1485967.569264,-672.2163518963591,724.8588752135107
1485973.383057,-672.2163518963591,724.8588752135107
1485981.127758,-672.2163518963591,724.8588752135107
1485987.485158,-672.2163518963591,724.8588752135107
1485994.016725,-672.2163518963591,724.8588752135107
1486001.361302,-672.2163518963591,724.8588752135107
1486008.373283,-672.2163518963591,724.8588752135107
1486016.154513,-672.2163518963591,724.8588752135107
1486023.750524,-672.2163518963591,724.8588752135107
1486029.409111,-672.2163518963591,724.8588752135107
1486037.413029,-672.2163518963591,724.8588752135107
1486044.849083,-672.2163518963591,724.8588752135107
1486050.41571,-672.2163518963591,724.8588752135107
1486058.083919,-672.2163518963591,724.8588752135107
1486064.40008,-672.2163518963591,724.8588752135107
1486072.47845,-672.2163518963591,724.8588752135107
1486078.398126,-672.2163518963591,724.8588752135107
1486085.385278,-672.2163518963591,724.8588752135107
1486093.219764,-672.2163518963591,724.8588752135107
1486100.510516,-672.2163518963591,724.8588752135107
1486106.376432,-672.2163518963591,724.8588752135107
1486113.018897,-672.2163518963591,724.8588752135107
1486120.813115,-672.2163518963591,724.8588752135107
1486127.393049,-672.2163518963591,724.8588752135107
1486135.053634,-672.2163518963591,724.8588752135107
1486141.410848,-672.2163518963591,724.8588752135107
1486148.832113,-672.2163518963591,724.8588752135107
1486156.547776,-672.2163518963591,724.8588752135107
1486162.378293,-672.2163518963591,724.8588752135107
1486173.648868,-672.2163518963591,724.8588752135107
1486176.046035,-672.2163518963591,724.8588752135107
1486183.058133,-672.2163518963591,724.8588752135107
1486190.048993,-672.2163518963591,724.8588752135107
1486197.59825,-672.2163518963591,724.8588752135107
1486204.522,-672.2163518963591,724.8588752135107
1486212.232033,-672.2163518963591,724.8588752135107
1486218.371634,-672.2163518963591,724.8588752135107
1486226.078449,-672.2163518963591,724.8588752135107
1486232.413203,-672.2163518963591,724.8588752135107
1486239.112929,-672.2163518963591,724.8588752135107
1486246.466505,-672.2163518963591,724.8588752135107
1486254.118367,-672.2163518963591,724.8588752135107
1486260.49711,-672.2163518963591,724.8588752135107
1486267.38901,-672.2163518963591,724.8588752135107
1486275.457108,-672.2163518963591,724.8588752135107
1486282.431567,-672.2163518963591,724.8588752135107
1486288.401039,-672.2163518963591,724.8588752135107
1486295.378757,-672.2163518963591,724.8588752135107
1486302.711753,-672.2163518963591,724.8588752135107
1486309.022474,-672.2163518963591,724.8588752135107
1486316.046299,-672.2163518963591,724.8588752135107
1486323.410216,-672.2163518963591,724.8588752135107
1486331.071843,-672.2163518963591,724.8588752135107
1486337.439658,-672.2163518963591,724.8588752135107
1486345.143721,-672.2163518963591,724.8588752135107
1486352.740969,-672.2163518963591,724.8588752135107
1486358.054754,-672.2163518963591,724.8588752135107
1486365.393126,-672.2163518963591,724.8588752135107
1486372.422157,-672.2163518963591,724.8588752135107
1486379.96922,-672.2163518963591,724.8588752135107
1486386.350489,-672.2163518963591,724.8588752135107
1486393.352188,-672.2163518963591,724.8588752135107
1486401.159926,-672.2163518963591,724.8588752135107
1486407.425495,-672.2163518963591,724.8588752135107
1486414.398564,-672.8129743146083,723.5427773273715
1486422.113173,-673.6602930593319,713.8501084933017
1486428.406672,-672.9947362076766,701.0983464410921
1486435.058778,-666.5947575429915,676.0564904580185
1486437.149086,-657.0886449990155,643.6746831485789
1486442.10988,-657.0886449990155,643.6746831485789
1486449.754592,-638.4270456378521,602.5779802207842
1486456.479926,-638.4270456378521,602.5779802207842
1486464.397544,-580.5518886845795,607.5763492561662
1486470.402265,-558.5075480064423,613.6417764460979
1486477.045193,-525.6219212695535,626.8642457617789
1486484.345163,-521.7221296838487,630.2229003415592
1486491.388964,-521.7221296838487,630.2229003415592
1486499.158794,-521.7221296838487,630.2229003415592
1486506.568271,-522.7556711175494,629.5266354368599
1486512.442243,-540.5747760573217,624.6085158935202
1486520.107733,-552.4502380339958,622.8966144193364
1486526.470027,-559.5951030231154,620.7340201023221
1486533.961353,-620.0339364425979,688.8930323516573
1486541.246484,-667.4441069049468,739.7191489287769
1486547.390877,-694.7171462474357,769.1128359260542
1486556.703666,-749.474714873861,848.1569497237103
1486561.114098,-795.7616783150785,899.6578018045988
1486568.356583,-835.1065410695921,941.8389919848548
1552034.827636,-71.3585067578251,937.384846599818
1552039.555334,-71.69055766316788,931.5283106693194
1552047.083681,-71.69055766316788,931.5283106693194
1552053.196974,-72.48343285970432,926.9407137276186
1552061.794368,-67.0089246249226,893.7453540792433
1552067.649469,8.49892380948409,826.3574994563437
1552074.627781,76.50115224201947,796.207226240853
1552725.113785,70.12527953113045,172.95386083243153
1552732.115056,26.69661106674393,134.44120536417765
1552742.016948,-44.68025855994187,78.76408302681166
1552746.126907,-90.35522218782938,44.43691638574048
1552753.678556,-115.91465828258536,22.639907797857735
1552760.711589,-140.4112716980567,-2.907281655487046
1552767.58702,-150.21240809358696,-11.127388684301238
1569331.36358,-72.32277414417158,945.1637114502907
1569337.142873,-76.59989026216876,915.094042773013
1569342.938317,-76.59989026216876,915.094042773013
1569349.951365,-76.59989026216876,915.094042773013
1569356.938913,-76.59989026216876,915.094042773013
1569364.342832,-76.59989026216876,915.094042773013
1569371.472117,-76.59989026216876,915.094042773013
1569377.95136,-144.6011078406857,866.5122950299864
1569385.659529,-230.1328490847503,828.1824766515983
1569393.329064,-263.90538762983886,768.9092140578261
1569400.011034,-221.05749247179185,676.2421909087128
1569406.961723,-215.7542664339783,666.3956972483334
1569413.522654,-215.7542664339783,666.3956972483334
1569421.184276,-215.7542664339783,666.3956972483334
1569427.484545,-210.16654092076357,655.7855089874381
1569434.309909,-222.9284242080309,619.0563356875336
1569442.528262,-219.1939380453209,589.5321052029017
1569447.938385,-203.41452248999903,595.8668008693908
1569459.747841,-181.7274994727721,622.475463148462
1569462.026998,-166.1970508117433,645.4649804875978
1569470.179645,-166.1970508117433,645.4649804875978
1569477.223797,-97.1573060897978,674.3991142296718
1569482.966444,-97.1573060897978,674.3991142296718
1569490.843563,-97.1573060897978,674.3991142296718
1569500.113607,-97.1573060897978,674.3991142296718
1569503.954346,-97.1573060897978,674.3991142296718
1569511.383725,-97.1573060897978,674.3991142296718
1569519.832531,-97.1573060897978,674.3991142296718
1569525.038015,-90.42502825372635,683.1629586952052
1569532.438998,-66.78447120180373,687.5610218687665
1569539.412995,-37.39821161080607,710.9903756732124
1569546.310486,-3.0861451856979736,738.7348227503703
1569553.978699,23.369072167902512,749.331202439539
1569559.948402,85.81976297228147,767.918298510509
1569729.198496,99.18615237400122,215.5554276881286
1569735.380859,1.133116101893533,122.52387551711686
1569742.45783,-55.15385961923098,76.89974506286393
1569751.517883,-100.73113508068202,97.02518593991496
1569756.680598,-132.71580084300538,130.3742229348226
1569762.971792,-132.71580084300538,130.3742229348226
1569770.814661,-132.71580084300538,130.3742229348226
1569776.95092,-442.5292693342968,486.20298172820907
1569784.266342,-475.05823471199056,527.3053262111542
1569791.275122,-475.05823471199056,527.3053262111542
1569798.538931,-559.1775514222495,624.0813522177899
1569805.810151,-559.1775514222495,624.0813522177899
1569812.030647,-559.1775514222495,624.0813522177899
1569819.93394,-674.0876572101399,721.1356246062415
1569819.94399,-674.0876572101399,721.1356246062415
1569825.965053,-674.0876572101399,721.1356246062415
1569832.965022,-674.0876572101399,721.1356246062415
1569840.341227,-674.0876572101399,721.1356246062415
1569847.18014,-674.0876572101399,721.1356246062415
1569854.380795,-674.0876572101399,721.1356246062415
1569861.395745,-674.0876572101399,721.1356246062415
1569867.974499,-674.0876572101399,721.1356246062415
1569877.94858,-674.0876572101399,721.1356246062415
1569882.384661,-674.0876572101399,721.1356246062415
1569889.409791,-674.0876572101399,721.1356246062415
1569897.067006,-674.0876572101399,721.1356246062415
1569904.063002,-674.0876572101399,721.1356246062415
1569910.31099,-674.0876572101399,721.1356246062415
1569918.099152,-674.0876572101399,721.1356246062415
1569925.074356,-674.0876572101399,721.1356246062415
1569930.938315,-674.0876572101399,721.1356246062415
1569937.966732,-674.0876572101399,721.1356246062415
1569946.297858,-674.0876572101399,721.1356246062415
1569952.315119,-674.0876572101399,721.1356246062415
1569959.324647,-674.0876572101399,721.1356246062415
1569965.935078,-674.0876572101399,721.1356246062415
1569974.693813,-674.0876572101399,721.1356246062415
1569980.407518,-674.0876572101399,721.1356246062415
1569986.96583,-674.0876572101399,721.1356246062415
1569994.303258,-674.0876572101399,721.1356246062415
1570001.605775,-674.0876572101399,721.1356246062415
1570008.329787,-674.0876572101399,721.1356246062415
1570015.281345,-674.0876572101399,721.1356246062415
1570021.964685,-674.0876572101399,721.1356246062415
1570029.32731,-674.0876572101399,721.1356246062415
1570037.019697,-674.0876572101399,721.1356246062415
1570043.272708,-674.0876572101399,721.1356246062415
1570050.502193,-674.0876572101399,721.1356246062415
1570057.405852,-674.0876572101399,721.1356246062415
1570064.329861,-674.0876572101399,721.1356246062415
1570072.000439,-674.0876572101399,721.1356246062415
1570078.278952,-674.0876572101399,721.1356246062415
1570085.233872,-674.0876572101399,721.1356246062415
1570092.957158,-674.0876572101399,721.1356246062415
1570099.988486,-674.0876572101399,721.1356246062415
1570106.321939,-674.0876572101399,721.1356246062415
1570113.459196,-675.0459969915288,720.9160452209694
1570120.455192,-675.5581555648698,720.4976111142704
1570128.079194,-674.7417430381568,715.6675787902094
1570134.431571,-672.0140131591473,708.2539248149789
1570141.353792,-662.8367989952204,675.3846668361574
1570148.917558,-655.6989360033953,656.5078287566712
1570155.412208,-651.7784669752789,634.036794279829
1570162.126296,-646.21310981432,621.528625298924
1570170.754582,-650.0279446537301,600.7719143935125
1570176.266474,-650.0279446537301,600.7719143935125
1570182.934977,-725.7063692553011,560.8134916846228
1570189.935694,-751.6699043853828,548.7617510231184
1570196.957199,-780.3431232420993,535.3532623467336
1570204.278791,-838.3045636502966,512.0256364355316
1570211.85874,-874.7933077016158,499.01497547481415
1570218.302532,-912.4087394842232,479.613757395628
1570224.935185,-967.5248789404282,462.1397217006317
1575393.042101,-883.3018024409984,247.083509721132
1575401.476963,-897.4731134202558,342.0152744971182
1575406.978892,-876.1316375365307,358.8297751928642
1575414.934441,-820.6147236698232,382.31159777327576
1575422.383914,-722.6264781392235,426.2369866946351
1575427.956786,-691.3812724237572,435.08688976782935
1575434.956167,-583.4090788965296,471.2243606527403
1575442.255992,-583.4090788965296,471.2243606527403
1575449.458351,-470.4992297117811,513.0964305795502
1575456.599343,-472.7077087872953,530.2974349552974
1575463.428719,-547.2784490848591,605.0539123441264
1575469.927314,-564.5078935941542,623.8841897778972
1575477.404033,-564.5078935941542,623.8841897778972
1575484.363133,-564.5078935941542,623.8841897778972
1575491.46778,-659.8379986554678,729.6158991527369
1575498.287981,-668.2698703827311,735.2722227148344
1575505.480267,-668.2698703827311,735.2722227148344
1575511.96183,-680.717813934494,739.4289813607745
1575521.949305,-706.4647490848291,783.111194159202
1575525.93429,-744.5636967971992,827.9293460751583
1575532.96351,-778.7390245626062,814.6988836839197
1575546.545674,-800.2908992993166,797.8104560116354
1575546.934084,-790.1310485046107,756.79989668025
1575555.22904,-776.9490651066798,736.8014329482223
1575561.538366,-756.5446861975664,698.7860448092599
1575567.970107,-754.330751549901,693.9399448121759
1575576.546301,-754.330751549901,693.9399448121759
1575582.301949,-754.330751549901,693.9399448121759
1575588.945256,-767.8147049723781,664.623903959846
1575596.753941,-807.7412171690668,657.7012389759468
1575603.302476,-818.6856068520161,657.5643990047703
1575611.236322,-853.118923186312,687.6090721796412
1575617.431444,-853.118923186312,687.6090721796412
1575624.312676,-866.4962390308518,713.6323138504479
1575630.965994,-886.9255633933527,751.5503712527316
1575637.962661,-886.9255633933527,751.5503712527316
1575644.930979,-902.7164787791544,753.8432167593163
1575652.302296,-960.2841077800272,731.7521861578574
1575701.303783,-947.5587155077282,498.29784765014864
1575708.217888,-945.6165869130924,485.5811943705556
1575715.021902,-904.0379768736084,427.4283539558237
1575723.114496,-879.5150874834554,375.6097027042633
1575730.834881,-840.8548591185871,374.5211533553771
1575736.659846,-755.352832946311,399.7063634512424
1575744.25044,-732.9714571428391,410.774008733666
1575750.242653,-710.2714610069376,422.0858983129594
1575757.310572,-665.0639724036314,435.5706268397849
1575765.460645,-591.2073228935694,466.25198459524086
1575772.670954,-545.4118878933978,481.8316383841744
1575778.705538,-483.18142497072375,507.8759524244148
1575786.415581,-483.18142497072375,507.8759524244148
1575792.82521,-483.18142497072375,507.8759524244148
1575800.677259,-467.87454465627417,525.6529912689384
1575805.924004,-502.2388249928815,558.765717402529
1575813.475652,-520.8461292847528,579.6655589309986
1575821.438166,-545.5681774841156,619.8849133961893
1575827.578366,-545.5681774841156,619.8849133961893
1575833.952041,-545.5681774841156,619.8849133961893
1575841.387827,-548.5488932468303,621.8691397864313
1575848.356589,-567.5103670013979,642.876102145374
1575856.171798,-582.630398453359,660.5008224701062
1575863.803595,-648.2177063848517,730.0395762472422
1575869.554528,-652.4738252894846,734.0629776950848
1575878.600904,-652.4738252894846,734.0629776950848
1575883.546762,-652.4738252894846,734.0629776950848
1575889.956087,-652.4738252894846,734.0629776950848
1575898.565062,-652.4738252894846,734.0629776950848
1575904.517098,-652.4738252894846,734.0629776950848
1575911.570278,-652.4738252894846,734.0629776950848
1575919.33699,-652.4738252894846,734.0629776950848
1575925.515614,-652.4738252894846,734.0629776950848
1575933.777665,-652.4738252894846,734.0629776950848
1575939.549166,-652.4738252894846,734.0629776950848
1575946.583622,-652.4738252894846,734.0629776950848
1575958.011062,-652.4738252894846,734.0629776950848
1575958.011776,-652.4738252894846,734.0629776950848
1575962.804226,-652.4738252894846,734.0629776950848
1575969.822223,-652.4738252894846,734.0629776950848
1575977.726065,-652.4738252894846,734.0629776950848
1575985.211481,-652.4738252894846,734.0629776950848
1575991.347499,-665.1223113047763,738.7797377191433
1575998.343589,-665.1223113047763,738.7797377191433
1576006.127341,-665.1223113047763,738.7797377191433
1576023.169584,-665.1223113047763,738.7797377191433
1576023.170213,-665.1223113047763,738.7797377191433
1576027.901638,-665.1223113047763,738.7797377191433
1576035.934945,-665.1223113047763,738.7797377191433
1576041.863,-665.1223113047763,738.7797377191433
1576049.429967,-665.1223113047763,738.7797377191433
1576056.457961,-665.1223113047763,738.7797377191433
1576063.479267,-665.1223113047763,738.7797377191433
1576070.465044,-665.1223113047763,738.7797377191433
1576077.456581,-665.1223113047763,738.7797377191433
1576085.523329,-665.1223113047763,738.7797377191433
1576091.47394,-665.1223113047763,738.7797377191433
1576098.463152,-665.1223113047763,738.7797377191433
1576106.723386,-665.1223113047763,738.7797377191433
1576112.606121,-665.1223113047763,738.7797377191433
1576119.469942,-665.1223113047763,738.7797377191433
1576127.351347,-665.1223113047763,738.7797377191433
1576133.493926,-665.1223113047763,738.7797377191433
1576140.464687,-665.1223113047763,738.7797377191433
1576148.292611,-665.1223113047763,738.7797377191433
1576153.921976,-665.1223113047763,738.7797377191433
1576161.543934,-665.1223113047763,738.7797377191433
1576170.28332,-665.1223113047763,738.7797377191433
1576175.433005,-665.1223113047763,738.7797377191433
1576183.334405,-665.1223113047763,738.7797377191433
1576189.456713,-665.1223113047763,738.7797377191433
1576196.415268,-665.1223113047763,738.7797377191433
1576203.476574,-665.1223113047763,738.7797377191433
1576211.85525,-665.1223113047763,738.7797377191433
1576217.431505,-665.1223113047763,738.7797377191433
1576225.966402,-665.1223113047763,738.7797377191433
1576231.415519,-665.1223113047763,738.7797377191433
1576239.519163,-665.1223113047763,738.7797377191433
1576245.428604,-665.1223113047763,738.7797377191433
1576252.475137,-665.1223113047763,738.7797377191433
1576259.70463,-665.1223113047763,738.7797377191433
1576266.461803,-665.1223113047763,738.7797377191433
1576273.108817,-665.1223113047763,738.7797377191433
1576279.902638,-665.1223113047763,738.7797377191433
1576287.736798,-665.1223113047763,738.7797377191433
1576294.45913,-665.1223113047763,738.7797377191433
1576302.186378,-665.1223113047763,738.7797377191433
1576308.439283,-665.1223113047763,738.7797377191433
1576314.862465,-665.1223113047763,738.7797377191433
1576322.441015,-665.1223113047763,738.7797377191433
1576329.462843,-665.1223113047763,738.7797377191433
1576336.480657,-665.1223113047763,738.7797377191433
1576343.471319,-665.1223113047763,738.7797377191433
1576350.479615,-665.1223113047763,738.7797377191433
1576358.423179,-665.1223113047763,738.7797377191433
1576364.487714,-665.1223113047763,738.7797377191433
1576371.515806,-665.1223113047763,738.7797377191433
1576379.498381,-665.1223113047763,738.7797377191433
1576385.496602,-665.1223113047763,738.7797377191433
1576393.500775,-665.1223113047763,738.7797377191433
1576398.891499,-665.1223113047763,738.7797377191433
1576405.863502,-665.1223113047763,738.7797377191433
1576413.51001,-665.1223113047763,738.7797377191433
1576421.703214,-665.1223113047763,738.7797377191433
1576427.523182,-665.1223113047763,738.7797377191433
1576435.381957,-665.1223113047763,738.7797377191433
1576441.78713,-665.1223113047763,738.7797377191433
1576448.492684,-665.1223113047763,738.7797377191433
1576456.325972,-665.1223113047763,738.7797377191433
1576462.46314,-665.1223113047763,738.7797377191433
1576469.50178,-665.1223113047763,738.7797377191433
1576477.256678,-665.1223113047763,738.7797377191433
1576483.512671,-665.1223113047763,738.7797377191433
1576490.644652,-665.1223113047763,738.7797377191433
1576498.964672,-665.1223113047763,738.7797377191433
1576504.494106,-665.1223113047763,738.7797377191433
1576512.322147,-665.1223113047763,738.7797377191433
1576517.862343,-665.1223113047763,738.7797377191433
1576525.519391,-665.1223113047763,738.7797377191433
1576533.389967,-665.1223113047763,738.7797377191433
1576539.523634,-665.1223113047763,738.7797377191433
1576546.513144,-665.1223113047763,738.7797377191433
1576554.42304,-665.1223113047763,738.7797377191433
1576560.502947,-665.1223113047763,738.7797377191433
1576568.324993,-665.1223113047763,738.7797377191433
1576574.515168,-665.1223113047763,738.7797377191433
1576581.493975,-665.1223113047763,738.7797377191433
1576589.243634,-665.1223113047763,738.7797377191433
1576597.101999,-665.1223113047763,738.7797377191433
1576602.477867,-665.1223113047763,738.7797377191433
1576610.206228,-665.1223113047763,738.7797377191433
1576616.448595,-665.1223113047763,738.7797377191433
1576623.478156,-665.1223113047763,738.7797377191433
1576631.160476,-665.1223113047763,738.7797377191433
1576637.753175,-665.1223113047763,738.7797377191433
1576645.411605,-665.1223113047763,738.7797377191433
1576650.860653,-665.1223113047763,738.7797377191433
1576657.861882,-665.1223113047763,738.7797377191433
1576665.437763,-665.1223113047763,738.7797377191433
1576673.706357,-665.1223113047763,738.7797377191433
1576679.572721,-665.1223113047763,738.7797377191433
1576686.559354,-665.1223113047763,738.7797377191433
1576693.508029,-665.1223113047763,738.7797377191433
1576700.457283,-665.1223113047763,738.7797377191433
1576708.383194,-665.1223113047763,738.7797377191433
1576714.4871,-665.1223113047763,738.7797377191433
1576722.375132,-665.1223113047763,738.7797377191433
1576728.509774,-665.1223113047763,738.7797377191433
1576735.497742,-665.1223113047763,738.7797377191433
1576743.372597,-665.1223113047763,738.7797377191433
1576749.587218,-665.1223113047763,738.7797377191433
1576756.479369,-665.1223113047763,738.7797377191433
1576762.901189,-665.1223113047763,738.7797377191433
1576771.687281,-665.1223113047763,738.7797377191433
1576777.846979,-665.1223113047763,738.7797377191433
1576785.675263,-665.1223113047763,738.7797377191433
1576791.5205,-665.1223113047763,738.7797377191433
1576799.227104,-665.1223113047763,738.7797377191433
1576805.508734,-665.1223113047763,738.7797377191433
1576812.472407,-665.1223113047763,738.7797377191433
1576820.269893,-665.1223113047763,738.7797377191433
1576826.427219,-665.1223113047763,738.7797377191433
1576833.463364,-665.1223113047763,738.7797377191433
1576840.475138,-665.1223113047763,738.7797377191433
1576847.457469,-665.1223113047763,738.7797377191433
1576854.467561,-665.1223113047763,738.7797377191433
1576862.343481,-665.1223113047763,738.7797377191433
1576868.528499,-665.1223113047763,738.7797377191433
1576875.350264,-665.1223113047763,738.7797377191433
1576881.864614,-665.1223113047763,738.7797377191433
1576889.719232,-665.1223113047763,738.7797377191433
1576897.576583,-665.1223113047763,738.7797377191433
1576903.555059,-665.1223113047763,738.7797377191433
1576910.56114,-665.1223113047763,738.7797377191433
1576918.556775,-665.1223113047763,738.7797377191433
1576924.569967,-665.1223113047763,738.7797377191433
1576932.707079,-665.1223113047763,738.7797377191433
1576938.614998,-665.1223113047763,738.7797377191433
1576945.540482,-665.1223113047763,738.7797377191433
1576952.516421,-665.1223113047763,738.7797377191433
1576960.664481,-665.1223113047763,738.7797377191433
1576966.520318,-665.1223113047763,738.7797377191433
1576974.268536,-665.1223113047763,738.7797377191433
1576980.537771,-665.1223113047763,738.7797377191433
1576987.515109,-665.1223113047763,738.7797377191433
1576995.448611,-665.1223113047763,738.7797377191433
1577001.402893,-665.1223113047763,738.7797377191433
1577009.052504,-665.1223113047763,738.7797377191433
1577016.944804,-665.1223113047763,738.7797377191433
1577022.527316,-665.1223113047763,738.7797377191433
1577030.461725,-665.1223113047763,738.7797377191433
1577036.483083,-665.1223113047763,738.7797377191433
1577043.582925,-665.1223113047763,738.7797377191433
1577051.779161,-665.1223113047763,738.7797377191433
1577058.116645,-665.1223113047763,738.7797377191433
1577064.51115,-665.1223113047763,738.7797377191433
1577072.356803,-665.1223113047763,738.7797377191433
1577078.535197,-665.1223113047763,738.7797377191433
1577085.694856,-665.1223113047763,738.7797377191433
1577093.66475,-665.1223113047763,738.7797377191433
1577100.821963,-665.1223113047763,738.7797377191433
1577106.549791,-665.1223113047763,738.7797377191433
1577114.823215,-665.1223113047763,738.7797377191433
1577120.532311,-665.1223113047763,738.7797377191433
1577126.857908,-665.1223113047763,738.7797377191433
1577135.644557,-665.1223113047763,738.7797377191433
1577141.478909,-665.1223113047763,738.7797377191433
1577149.331211,-665.1223113047763,738.7797377191433
1577155.544488,-665.1223113047763,738.7797377191433
1577162.451158,-665.1223113047763,738.7797377191433
1577170.356284,-665.1223113047763,738.7797377191433
1577176.508888,-665.1223113047763,738.7797377191433
1577184.429827,-665.1223113047763,738.7797377191433
1577190.53915,-665.1223113047763,738.7797377191433
1577197.520475,-665.1223113047763,738.7797377191433
1577205.763534,-665.1223113047763,738.7797377191433
1577211.587127,-665.1223113047763,738.7797377191433
1577218.946052,-665.1223113047763,738.7797377191433
1577226.987675,-665.1223113047763,738.7797377191433
1577232.323144,-665.1223113047763,738.7797377191433
1577239.827101,-665.6979671677427,729.6091401999911
1577247.029866,-665.6979671677427,729.6091401999911
1577253.970305,-665.6979671677427,729.6091401999911
1577259.850066,-622.625986718592,621.1305769072568
1577266.880703,-610.0530951017879,615.2389269729234
1577274.270581,-610.0530951017879,615.2389269729234
1577282.038056,-513.1018178451152,623.8818537694702
1577288.3788,-489.0232806024043,624.8742201626649
1577295.27728,-458.4700826251992,632.1769175919326
1577301.914905,-436.0545220249415,704.3027494847248
1577308.905889,-421.3932650891188,709.666100902686
1577315.905896,-355.7872937719751,641.2536619194681
1577323.373041,-306.93381577319815,592.1581876314277
1577330.285188,-286.5070148023128,585.0040236694347
1577336.945175,-253.6211902990257,573.3976478640437
1577346.509186,-194.94897756493344,596.7509997580376
1577350.954725,-155.4571186187237,613.4688942539713
1577357.906099,-126.9851948205702,628.2773824041024
1577366.122782,-126.9851948205702,628.2773824041024
1577371.889655,26.29140588063769,680.8527044407483
1631758.814843,-93.51256436033545,961.569146967366
1631766.130531,-82.2976720819159,937.049933910294
1631774.066821,-48.96071710889209,869.3403058392909
1631779.709546,12.162392941769554,817.3705373938889
1631786.259689,61.99047618637987,793.7807983726834
1648155.701684,-435.6904613993248,711.3775196301274
1648155.703794,-435.6904613993248,711.3775196301274
1648157.280881,-421.3086888857671,707.1994127478295
1648164.332135,-396.0194294396256,685.6304014768341
1648171.308871,-396.0194294396256,685.6304014768341
1648178.283579,-325.57017421046095,623.9285202030118
1648186.627141,-297.9694270890482,605.2203905110147
1648192.282226,-295.0891533759834,603.6998730769848
1648199.309902,-295.0891533759834,603.6998730769848
1648207.689555,-295.0891533759834,603.6998730769848
1648217.751082,-295.0891533759834,603.6998730769848
1648220.735334,-295.0891533759834,603.6998730769848
1648229.196647,-240.0397564318185,579.1997789954338
1648238.399826,-201.26779906468693,597.2759943737404
1648241.380926,-193.06558351166095,635.0216356114291
1648248.380383,-194.84678010834023,635.285269013468
1648256.371018,-194.84678010834023,635.285269013468
1648262.298709,-226.73905697027925,610.0388699584702
1648269.731932,-267.063840266725,577.4726437771102
1648276.838854,-317.7141072519147,560.2046770616264
1648283.308686,-335.9987251147148,554.445520941118
1648290.282502,-401.9283149060401,530.6341823517682
1648297.682324,-425.5893180864707,521.7870200223026
1648304.704654,-425.5893180864707,521.7870200223026
1648311.622682,-427.9567472164124,518.7605238357571
1648318.63032,-441.57491758765656,511.9421844734997
1648325.380592,-504.07969299924525,543.8331771755533
1648333.310824,-528.4342168723266,570.693898088418
1648341.47589,-545.4990560909438,587.3184163180392
1648346.305297,-545.4990560909438,587.3184163180392
1648353.611535,-549.5921286981771,592.6756070175551
1648362.160741,-569.8894861450634,614.0762326117305
1648367.963831,-623.5233250196637,677.2329655978823
1648375.153382,-636.1670866795766,695.6731161348706
1648381.280639,-661.3464621422413,725.8827550740878
1648390.105448,-661.3464621422413,725.8827550740878
1648396.6791,-661.3464621422413,725.8827550740878
1648402.363893,-661.3464621422413,725.8827550740878
1648407.883094,-661.3464621422413,725.8827550740878
1648409.322649,-661.3464621422413,725.8827550740878
1648416.909248,-661.3464621422413,725.8827550740878
1648423.86119,-661.3464621422413,725.8827550740878
1648431.593646,-661.3464621422413,725.8827550740878
1648437.747224,-661.3464621422413,725.8827550740878
1648444.923847,-661.3464621422413,725.8827550740878
1648451.820644,-661.3464621422413,725.8827550740878
1648459.235517,-661.3464621422413,725.8827550740878
1648466.096981,-661.3464621422413,725.8827550740878
1648472.77185,-661.3464621422413,725.8827550740878
1648479.785996,-661.3464621422413,725.8827550740878
1648486.795256,-661.3464621422413,725.8827550740878
1648495.109944,-661.3464621422413,725.8827550740878
1648500.818115,-661.3464621422413,725.8827550740878
1648508.629972,-661.3464621422413,725.8827550740878
1648514.802068,-661.3464621422413,725.8827550740878
1648522.8578,-661.3464621422413,725.8827550740878
1648528.392293,-661.3464621422413,725.8827550740878
1648535.314581,-661.3464621422413,725.8827550740878
1648542.84199,-661.3464621422413,725.8827550740878
1648550.733024,-661.3464621422413,725.8827550740878
1648556.285174,-661.3464621422413,725.8827550740878
1648564.511903,-661.3464621422413,725.8827550740878
1648570.274502,-661.3464621422413,725.8827550740878
1648577.274738,-661.3464621422413,725.8827550740878
1648584.270501,-661.3464621422413,725.8827550740878
1648591.270558,-661.3464621422413,725.8827550740878
1648598.284494,-661.3464621422413,725.8827550740878
1648605.271483,-661.3464621422413,725.8827550740878
1648612.278147,-661.3464621422413,725.8827550740878
1648619.300983,-661.3464621422413,725.8827550740878
1648626.272148,-661.3464621422413,725.8827550740878
1648633.274911,-661.3464621422413,725.8827550740878
1648640.273951,-661.3464621422413,725.8827550740878
1648647.275385,-661.3464621422413,725.8827550740878
1648654.2761,-661.3464621422413,725.8827550740878
1648661.285236,-661.3464621422413,725.8827550740878
1648668.327936,-661.3464621422413,725.8827550740878
1648675.276034,-670.4417499278766,725.0646927942661
1648682.31483,-670.4417499278766,725.0646927942661
1648689.283656,-670.4417499278766,725.0646927942661
1648696.284713,-670.4417499278766,725.0646927942661
1648703.285346,-670.4417499278766,725.0646927942661
1648710.286127,-670.4417499278766,725.0646927942661
1648717.276362,-670.4417499278766,725.0646927942661
1648724.282266,-670.4417499278766,725.0646927942661
1648731.280961,-670.4417499278766,725.0646927942661
1648738.274281,-670.4417499278766,725.0646927942661
1648745.274429,-670.8486412948238,724.8456994859976
1648752.271378,-674.5726182731244,724.0550992856391
1648759.303115,-677.5655843309868,722.2459861463127
1648766.279672,-678.6958748493665,723.1268130472889
1648773.290237,-679.0567002161528,724.6342233721415
1648780.308085,-679.5346178663012,725.2369223496421
1648787.27834,-677.1353568161462,725.7681280073882
1648794.293837,-677.0322460698212,727.0247272749168
1648801.271025,-675.7189530105559,728.7458845244649
1648808.27811,-673.266075390991,728.3851328863581
1648815.276916,-670.9970203628259,727.5994614549446
1648822.274545,-668.6732685145008,726.974772286413
1648829.286918,-668.7639666835953,726.7216425946734
1648836.277556,-668.8339112640923,724.1359518379994
1648843.278093,-669.4171808044755,723.7188333926018
1648850.280825,-670.566502840497,724.2019685116572
1648857.278755,-671.0630253198542,723.796662802091
1648864.275758,-671.9322152130165,723.7929545159759
1648871.277515,-671.2173941541764,722.002227297542
1648878.29641,-672.5195603604176,721.0382557316251
1648885.281284,-673.1693299153758,720.18461587699
1648892.306137,-673.1693299153758,720.18461587699
1648899.285348,-673.1693299153758,720.18461587699
1648906.282487,-673.1693299153758,720.18461587699
1648913.276629,-673.1693299153758,720.18461587699
1648920.275395,-673.1693299153758,720.18461587699
1648927.314268,-673.1693299153758,720.18461587699
1648934.275031,-673.1693299153758,720.18461587699
1648941.274376,-673.1693299153758,720.18461587699
1648948.276182,-673.1693299153758,720.18461587699
1648955.278342,-673.1693299153758,720.18461587699
1648962.276612,-673.1693299153758,720.18461587699
1648969.288409,-673.1693299153758,720.18461587699
1648977.007391,-673.1693299153758,720.18461587699
1648983.278022,-673.1693299153758,720.18461587699
1648990.296001,-673.1693299153758,720.18461587699
1648997.276021,-673.1693299153758,720.18461587699
1649004.304251,-673.1693299153758,720.18461587699
1649011.269099,-673.1693299153758,720.18461587699
1649018.278099,-673.1693299153758,720.18461587699
1649025.275275,-673.1693299153758,720.18461587699
1649032.281972,-673.1693299153758,720.18461587699
1649039.275396,-673.1693299153758,720.18461587699
1649046.282208,-673.1693299153758,720.18461587699
1649053.282357,-673.1693299153758,720.18461587699
1649060.281204,-673.1693299153758,720.18461587699
1649067.305063,-673.1693299153758,720.18461587699
1649074.279982,-673.1693299153758,720.18461587699
1649081.268927,-673.1693299153758,720.18461587699
1649088.274942,-673.1693299153758,720.18461587699
1649095.275576,-673.1693299153758,720.18461587699
1649102.2718,-673.1693299153758,720.18461587699
1649109.276367,-673.1693299153758,720.18461587699
1649116.305101,-673.1693299153758,720.18461587699
1649123.27822,-673.1693299153758,720.18461587699
1649130.275836,-673.1693299153758,720.18461587699
1649137.268222,-673.1693299153758,720.18461587699
1649145.742291,-673.1693299153758,720.18461587699
1649151.294694,-673.1693299153758,720.18461587699
1649158.27008,-673.1693299153758,720.18461587699
1649165.277534,-673.1693299153758,720.18461587699
1649172.283775,-673.1693299153758,720.18461587699
1649179.27199,-673.1693299153758,720.18461587699
1649186.303992,-673.1693299153758,720.18461587699
1649193.280579,-673.1693299153758,720.18461587699
1649200.277145,-673.1693299153758,720.18461587699
1649207.268874,-673.1693299153758,720.18461587699
1649214.283849,-673.1693299153758,720.18461587699
1649221.295022,-673.1693299153758,720.18461587699
1649228.305947,-673.1693299153758,720.18461587699
1649235.27756,-676.0054101443537,719.8754475741823
1649242.275636,-676.0054518181412,719.875443541548
1649249.277394,-676.0054518181412,719.875443541548
1649256.274862,-676.0054518181412,719.875443541548
1649263.271446,-676.0054518181412,719.875443541548
1649270.276293,-676.0054518181412,719.875443541548
1649277.274826,-676.0054518181412,719.875443541548
1649284.280657,-676.0054518181412,719.875443541548
1649291.273858,-676.0054518181412,719.875443541548
1649298.791162,-676.0054518181412,719.875443541548
1649305.307232,-676.0054518181412,719.875443541548
1649312.282455,-676.0054518181412,719.875443541548
1649319.273401,-676.0054518181412,719.875443541548
1649326.275639,-676.0054518181412,719.875443541548
1649333.287324,-676.0054518181412,719.875443541548
1649341.954673,-676.0054518181412,719.875443541548
1649347.27839,-676.0054518181412,719.875443541548
1649354.27362,-676.0054518181412,719.875443541548
1649361.273535,-676.0054518181412,719.875443541548
1649368.274718,-676.0054518181412,719.875443541548
1649375.263454,-676.0054518181412,719.875443541548
1649382.262664,-676.0054518181412,719.875443541548
1649389.276709,-676.0054518181412,719.875443541548
1649396.281043,-676.0054518181412,719.875443541548
1649403.269045,-676.0054518181412,719.875443541548
1649410.274284,-676.0054518181412,719.875443541548
1649417.274449,-676.0054518181412,719.875443541548
1649424.268824,-676.0054518181412,719.875443541548
1649431.268152,-676.0054518181412,719.875443541548
1649438.307063,-676.0054518181412,719.875443541548
1649445.273924,-676.0054518181412,719.875443541548
1649452.28196,-676.0054518181412,719.875443541548
1649459.277256,-676.0054518181412,719.875443541548
1649466.273936,-676.0054518181412,719.875443541548
1649473.274562,-676.0054518181412,719.875443541548
1649480.273231,-676.0054518181412,719.875443541548
1649487.267263,-676.0054518181412,719.875443541548
1649494.272996,-676.0054518181412,719.875443541548
1649501.273226,-677.9599416757101,720.3852974576675
1649508.275472,-677.9599416757101,720.3852974576675
1649515.273049,-677.9599416757101,720.3852974576675
1649522.266176,-677.9599416757101,720.3852974576675
1649529.267877,-677.9599416757101,720.3852974576675
1649536.273732,-677.9599416757101,720.3852974576675
1649545.625733,-677.9599416757101,720.3852974576675
1649550.275831,-677.9599416757101,720.3852974576675
1649557.280266,-677.9599416757101,720.3852974576675
1649564.285256,-677.9599416757101,720.3852974576675
1649571.288207,-677.9599416757101,720.3852974576675
1649578.273695,-677.9599416757101,720.3852974576675
1649585.281008,-677.9599416757101,720.3852974576675
1649592.283082,-677.9599416757101,720.3852974576675
1649599.273932,-677.9599416757101,720.3852974576675
1649606.273547,-677.9599416757101,720.3852974576675
1649613.266402,-677.9599416757101,720.3852974576675
1649620.274453,-675.4774229242327,712.98841830189
1649627.269661,-656.874020108644,678.1982696883114
1649634.289668,-649.7364716373029,640.8694305323281
1649643.719995,-642.1980371575199,626.3317179683221
1649648.37134,-650.5233004228805,594.5026809243338
1649655.372427,-673.622494589637,591.0986383786178
1649662.320999,-706.9614944887364,575.8996307071355
1649669.290619,-745.1843929955561,561.575905536072
1649676.322385,-762.1130479154006,552.7659272718379
1649684.391451,-762.1130479154006,552.7659272718379
1649690.341351,-852.3126465768695,497.4465169696054
1649697.291649,-891.8142106224818,489.7594392229272
1649704.298959,-908.5858492050407,480.2208637638679
1649711.279017,-918.5552019187418,474.2362268453935
1649718.370513,-918.5552019187418,474.2362268453935
1649725.342219,-918.5552019187418,474.2362268453935
1649732.332267,-936.5071200186362,459.1042605154319
1649739.343286,-931.164102661784,411.73064614056807
1649746.292,-906.5353603105214,338.9977760039848
1649753.32578,-874.3365481722692,250.4239758598193
1649760.326457,-861.3520814474725,215.52608541480015
1649767.295995,-853.7612764958027,177.475734872972
1649774.286874,-829.1114280043873,100.6261826916678
1649781.275596,-809.6571838108326,35.1870582556577
1649788.406259,-791.130036559961,-28.777846708328624
1651651.899068,-808.7763043020008,36.50030141726836
1651657.763308,-815.422280035493,60.74643186441583
1651665.473877,-821.2004687715337,87.55718503016168
1651671.657134,-833.6770152610766,133.9525555238254
1651679.897658,-836.5451630061691,149.28744118627276
1651687.529171,-847.7586594150812,167.0395298428786
1651692.277292,-859.5121123937381,188.460829431236
1651700.201023,-864.545099978591,210.31334929923443
1651706.927352,-893.0074322063315,297.742024414258
1651715.041762,-881.3050284085784,353.00469161997006
1651716.827571,-849.5910283092717,367.607446060993
1651720.264589,-826.3033687651033,377.2279433983976
1651727.711279,-785.8409532937901,399.2652276877891
1651734.263174,-722.4420577080199,424.4805124737157
1651741.752742,-672.4979408151552,439.7159704980128
1651748.369683,-600.9826374559664,464.4893525556019
1651756.026807,-524.9981778341295,492.277880593904
1651763.325948,-522.2684912825143,492.99998270030505
1651769.732223,-489.8256138139688,505.0362945437321
1651777.246488,-471.45939509417934,545.7331012992165
1651784.171565,-471.6677707318566,587.5729960020878
1651790.37468,-459.0434702176472,635.8530241476565
1652287.570584,-802.5829501626746,935.130089915474
1652287.571272,-802.5829501626746,935.130089915474
1652292.164477,-802.5829501626746,935.130089915474
1652299.167937,-802.5829501626746,935.130089915474
1652306.197961,-802.5829501626746,935.130089915474
1652313.569603,-802.5829501626746,935.130089915474
1652322.715798,-802.5829501626746,935.130089915474
1652327.262845,-802.5829501626746,935.130089915474
1652335.323603,-802.5829501626746,935.130089915474
1652341.759026,-802.5829501626746,935.130089915474
1652350.584037,-802.5829501626746,935.130089915474
1652357.51455,-802.5829501626746,935.130089915474
1652362.654595,-799.2452299693822,929.6893226438916
1652370.34252,-799.2452299693822,929.6893226438916
1652378.139817,-799.2452299693822,929.6893226438916
1652383.593111,-799.2452299693822,929.6893226438916
1652391.468377,-799.2452299693822,929.6893226438916
1652398.886256,-799.2452299693822,929.6893226438916
1652404.49446,-799.2452299693822,929.6893226438916
1652411.569305,-801.7127244646387,927.420089686763
1652421.066024,-826.7639449542957,926.085297541073
1652425.20511,-832.9490851277993,933.9051326448348
1652433.608993,-858.090802558706,964.1042453558008
1652462.342014,-901.2442631342532,953.428220117186
1652469.100383,-900.8731007429304,953.2630255672876
1652474.191758,-900.8731007429304,953.2630255672876
1652481.818158,-888.1027518114914,929.2870224201622
1652490.265125,-882.8511333358219,912.1562539401514
1652495.805195,-876.0294101233968,899.3810263734866
1652502.729544,-855.7847781748164,878.6509615001062
1652510.519957,-849.5299289344432,870.0052150903382
1652516.836804,-848.0348446899814,869.5393782856617
1652524.742741,-844.5579885612966,849.4303981611426
1652530.97318,-830.7163572229667,825.7110673772711
1652537.922119,-825.210149125704,808.8790688501821
1652549.360752,-812.3612159854288,790.017906550172
1652551.198603,-812.3612159854288,790.017906550172
1652558.885097,-777.6008464499106,733.1237528478403
1652565.17846,-755.8094372900928,686.1782154798149
1652572.768119,-751.8321749545182,682.0288090896632
1652581.949243,-737.0983486377845,656.2134372593707
1652586.611049,-732.651755814575,644.0193676800207
1652593.159273,-717.6802145932692,616.5332198272798
1652600.460519,-712.0291411490406,613.3508484864101
1652607.730976,-710.4943877575641,609.1919576598534
1652614.591557,-704.6928711861331,594.1173551464515
1652622.240746,-702.0220216815509,583.8071688730756
1652631.933804,-737.6553697811729,559.1977786859476
1652635.659514,-749.5116669047059,551.8523487147567
1652643.450077,-749.5116669047059,551.8523487147567
1652650.018983,-870.9221645317126,493.1178337704238
1652656.244751,-915.1965149312448,477.1151083519797
1652664.291274,-931.932989888904,473.33288783912417
1652670.188413,-931.932989888904,473.33288783912417
1652681.176894,-931.932989888904,473.33288783912417
1652684.204269,-879.8481296565867,268.3587607387776
1652691.200737,-864.3296240520801,222.92806928486087
1652699.778342,-857.2532988873717,187.9249023111424
1652705.18954,-857.2532988873717,187.9249023111424
1652712.776283,-838.1504710485412,129.476986231155
1652720.335024,-828.1893628176034,88.61432553821015
1652727.057693,-813.2642032508971,55.74483286587533
1652733.775191,-807.5349134325743,22.900362351360183
1652741.431087,-791.4914383401178,-31.014829611366466
1862704.490985,-794.6161433394788,-13.612614107610604
1862711.493213,-807.660747965007,14.969922582587282
1862719.080794,-814.3106287430397,44.91844147535944
1862725.942651,-825.2649846428332,101.24035944284306
1862732.449898,-836.9005054226112,148.66110279950234
1862740.353231,-848.220587722458,188.03433918273055
1862746.93942,-849.2328943835302,191.93889653583992
1862754.799252,-849.2328943835302,191.93889653583992
1862763.137649,-850.13646041101,194.56012234973537
1862767.484495,-870.8429512525681,255.3992524132519
1862774.944138,-884.5126679738395,294.1167476690891
1862786.042971,-890.8694705182071,312.8166574967279
1862788.444731,-887.4862054318202,348.78574016600214
1862797.182332,-881.3115173483376,353.6996982508344
1862802.866199,-850.3025421711952,369.6344898102356
1862809.489021,-820.2236804093244,383.3615721243252
1862816.788362,-809.3549586491922,392.9826655211776
1862824.145946,-776.9489365334058,403.5365281968719
1862831.337914,-726.8869268420289,413.6157448493623
1862839.525732,-698.9211358956346,428.0555786560258
1862845.73406,-661.0688689264518,440.2430070206095
1862851.868893,-624.5305509977967,455.632158878698
1862861.00373,-606.2855952318644,446.1996691794235
1862865.886788,-597.7280738390702,448.2650141487608
1862873.614902,-597.7280738390702,448.2650141487608
1862880.201076,-597.7280738390702,448.2650141487608
1862886.522392,-597.7280738390702,448.2650141487608
1862894.474884,-597.7280738390702,448.2650141487608
1862900.793893,-597.7280738390702,448.2650141487608
1862907.904118,-597.7280738390702,448.2650141487608
1862915.577254,-597.7280738390702,448.2650141487608
1862923.202965,-597.7280738390702,448.2650141487608
1862928.47268,-597.7280738390702,448.2650141487608
1862937.622737,-597.7280738390702,448.2650141487608
1862942.923316,-597.7280738390702,448.2650141487608
1862949.996619,-597.7280738390702,448.2650141487608
1862959.317637,-597.7280738390702,448.2650141487608
1862963.870523,-597.7280738390702,448.2650141487608
1862971.465539,-597.7280738390702,448.2650141487608
1862977.868304,-597.7280738390702,448.2650141487608
1862985.590201,-597.7280738390702,448.2650141487608
1862993.563733,-597.7280738390702,448.2650141487608
1862998.806239,-597.7280738390702,448.2650141487608
1863005.456841,-597.7280738390702,448.2650141487608
1863015.891785,-597.7280738390702,448.2650141487608
1863021.758965,-597.7280738390702,448.2650141487608
1863028.711221,-597.7280738390702,448.2650141487608
1863033.869591,-597.7280738390702,448.2650141487608
1863041.233645,-597.7280738390702,448.2650141487608
1863047.862855,-597.7280738390702,448.2650141487608
1863054.546285,-597.7280738390702,448.2650141487608
1863062.482635,-597.7280738390702,448.2650141487608
1863068.95088,-597.7280738390702,448.2650141487608
1863076.789939,-597.7280738390702,448.2650141487608
1863083.713614,-597.7280738390702,448.2650141487608
1863090.515685,-597.7280738390702,448.2650141487608
1863098.007549,-597.7280738390702,448.2650141487608
1863104.03854,-597.7280738390702,448.2650141487608
1863110.939088,-597.7280738390702,448.2650141487608
1863117.858946,-597.7280738390702,448.2650141487608
1863124.444873,-597.7280738390702,448.2650141487608
1863131.474912,-597.7280738390702,448.2650141487608
1863138.981623,-597.7280738390702,448.2650141487608
1863145.535375,-596.8436298123671,451.5437402814305
1863152.525416,-596.8436298123671,451.5437402814305
1863159.48762,-596.8436298123671,451.5437402814305
1863175.473483,-596.8436298123671,451.5437402814305
1863175.481101,-596.8436298123671,451.5437402814305
1863182.218496,-596.8436298123671,451.5437402814305
1863187.953326,-596.8436298123671,451.5437402814305
1863195.27382,-596.8436298123671,451.5437402814305
1863203.414358,-596.8436298123671,451.5437402814305
1863208.850147,-596.8436298123671,451.5437402814305
1863217.852766,-596.8436298123671,451.5437402814305
1863222.989432,-596.8436298123671,451.5437402814305
1863230.186702,-596.8436298123671,451.5437402814305
1863237.034507,-596.8436298123671,451.5437402814305
1863243.894785,-596.8436298123671,451.5437402814305
1863250.846057,-596.8436298123671,451.5437402814305
1863258.683819,-596.8436298123671,451.5437402814305
1863264.826881,-596.8436298123671,451.5437402814305
1863271.529453,-596.8436298123671,451.5437402814305
1863278.49032,-596.8436298123671,451.5437402814305
1863285.541352,-596.8436298123671,451.5437402814305
1863293.199897,-596.8436298123671,451.5437402814305
1863299.475894,-596.8436298123671,451.5437402814305
1863308.315736,-596.8436298123671,451.5437402814305
1863313.475262,-596.8436298123671,451.5437402814305
1863320.480419,-605.3285240133702,458.5485277612926
1863328.473647,-619.7626285271441,456.6893546691941
1863335.868052,-619.7626285271441,456.6893546691941
1863342.905632,-619.7626285271441,456.6893546691941
1863349.534118,-619.7626285271441,456.6893546691941
1863358.184203,-619.7626285271441,456.6893546691941
1863362.556058,-620.7801136512144,443.2113423683997
1863369.535556,-615.4142190087692,442.1590738953501
1863380.060026,-608.8820375107734,441.5622191289936
1863383.538491,-608.8776120991249,441.5602578647273
1863392.839563,-608.8776120991249,441.5602578647273
1863400.997699,-608.8776120991249,441.5602578647273
1863404.984062,-608.8776120991249,441.5602578647273
1863413.166293,-608.8776120991249,441.5602578647273
1863421.09831,-608.8776120991249,441.5602578647273
1863425.488739,-608.8776120991249,441.5602578647273
1863432.959223,-608.8776120991249,441.5602578647273
1863439.503852,-608.8776120991249,441.5602578647273
1863447.073684,-608.8776120991249,441.5602578647273
1863454.230442,-608.8776120991249,441.5602578647273
1863464.193281,-608.8776120991249,441.5602578647273
1863467.856075,-608.8776120991249,441.5602578647273
1863476.189799,-608.8776120991249,441.5602578647273
1863481.493382,-608.8776120991249,441.5602578647273
1863489.524137,-608.8776120991249,441.5602578647273
1863495.898391,-608.8776120991249,441.5602578647273
1863503.442966,-608.8776120991249,441.5602578647273
1863510.114843,-608.8776120991249,441.5602578647273
1863516.48471,-608.8776120991249,441.5602578647273
1863524.708492,-608.8776120991249,441.5602578647273
1863532.60711,-611.3467377101457,440.7952083000513
1863537.536015,-609.7864696615328,439.9977532933567
1863546.620418,-608.4297600448551,440.183814258821
1863551.497509,-608.4297600448551,440.183814258821
1863558.926628,-608.4297600448551,440.183814258821
1863565.541135,-608.4297600448551,440.183814258821
1863572.641516,-608.4297600448551,440.183814258821
1863579.904767,-608.4297600448551,440.183814258821
1863587.633226,-608.4297600448551,440.183814258821
1863593.551469,-608.4297600448551,440.183814258821
1863602.843877,-608.4297600448551,440.183814258821
1863607.858524,-608.4297600448551,440.183814258821
1863617.618087,-608.4297600448551,440.183814258821
1863621.823135,-608.4297600448551,440.183814258821
1863628.830661,-608.4297600448551,440.183814258821
1863635.450088,-608.4297600448551,440.183814258821
1863647.341688,-608.4297600448551,440.183814258821
1863649.884488,-608.4297600448551,440.183814258821
1863656.492198,-608.4297600448551,440.183814258821
1863667.239889,-608.4297600448551,440.183814258821
1863670.52418,-608.4297600448551,440.183814258821
1863677.939877,-608.4297600448551,440.183814258821
1863684.564511,-608.4297600448551,440.183814258821
1863691.820599,-609.3110588156338,440.960169500553
1863698.955959,-610.8483571590538,442.80402469127705
1863705.888713,-608.9183248343118,443.74220973512985
1863712.938426,-605.5940619750745,444.6404010071114
1863720.841396,-605.1541939827396,444.9268028861363
1863726.926553,-605.1541939827396,444.9268028861363
1863734.818579,-605.1541939827396,444.9268028861363
1863741.067781,-605.1541939827396,444.9268028861363
1863748.717345,-605.1541939827396,444.9268028861363
1863754.485839,-605.1541939827396,444.9268028861363
1863762.276995,-605.1541939827396,444.9268028861363
1863769.021454,-605.1541939827396,444.9268028861363
1863775.978823,-605.1541939827396,444.9268028861363
1863784.132571,-605.1541939827396,444.9268028861363
1863789.504598,-605.1541939827396,444.9268028861363
1863797.031851,-605.1541939827396,444.9268028861363
1863805.654582,-605.1541939827396,444.9268028861363
1863810.493347,-605.1541939827396,444.9268028861363
1863817.880372,-605.1541939827396,444.9268028861363
1863825.4133,-605.1541939827396,444.9268028861363
1863834.469057,-605.1541939827396,444.9268028861363
1863838.806962,-605.1541939827396,444.9268028861363
1863845.895019,-605.1541939827396,444.9268028861363
1863853.716689,-605.1541939827396,444.9268028861363
1863862.463654,-605.1541939827396,444.9268028861363
1863867.181577,-605.1541939827396,444.9268028861363
1863877.992366,-605.1541939827396,444.9268028861363
1863880.603675,-605.1541939827396,444.9268028861363
1863888.138939,-605.1541939827396,444.9268028861363
1863895.008054,-605.1541939827396,444.9268028861363
1863901.834965,-605.1541939827396,444.9268028861363
1863912.58408,-605.1541939827396,444.9268028861363
1863915.526133,-605.1541939827396,444.9268028861363
1863923.001575,-605.1541939827396,444.9268028861363
1863929.444068,-605.1541939827396,444.9268028861363
1863938.116199,-605.1541939827396,444.9268028861363
1863943.907901,-605.1541939827396,444.9268028861363
1863952.119037,-605.1541939827396,444.9268028861363
1863957.959148,-605.1541939827396,444.9268028861363
1863964.877758,-605.1541939827396,444.9268028861363
1863973.895671,-605.1541939827396,444.9268028861363
1863981.99887,-605.1541939827396,444.9268028861363
1863985.946421,-605.1541939827396,444.9268028861363
1863993.905768,-605.1541939827396,444.9268028861363
1863999.641531,-605.1541939827396,444.9268028861363
1864007.366709,-605.1541939827396,444.9268028861363
1864013.922849,-605.1541939827396,444.9268028861363
1864020.913233,-605.1541939827396,444.9268028861363
1864028.000703,-605.1541939827396,444.9268028861363
1864035.619409,-605.1541939827396,444.9268028861363
1864043.010688,-605.1541939827396,444.9268028861363
1864051.078859,-605.1541939827396,444.9268028861363
1864058.999827,-605.1541939827396,444.9268028861363
1864062.53612,-605.1541939827396,444.9268028861363
1864069.639736,-605.1541939827396,444.9268028861363
1864076.539047,-605.1541939827396,444.9268028861363
1864084.139801,-605.1541939827396,444.9268028861363
1864090.845627,-605.1541939827396,444.9268028861363
1864097.863635,-605.1541939827396,444.9268028861363
1864104.831855,-605.1541939827396,444.9268028861363
1864111.894714,-605.1541939827396,444.9268028861363
1864118.861322,-605.1541939827396,444.9268028861363
1864126.981006,-605.1541939827396,444.9268028861363
1864132.837856,-605.1541939827396,444.9268028861363
1864140.717129,-605.1541939827396,444.9268028861363
1864146.855818,-605.1541939827396,444.9268028861363
1864154.805165,-605.1541939827396,444.9268028861363
1864160.538016,-605.1541939827396,444.9268028861363
1864167.90042,-605.1541939827396,444.9268028861363
1864176.044379,-605.1541939827396,444.9268028861363
1864181.532052,-605.1541939827396,444.9268028861363
1864189.603484,-605.1541939827396,444.9268028861363
1864195.834268,-605.1541939827396,444.9268028861363
1864203.649877,-605.1541939827396,444.9268028861363
1864209.926849,-605.1541939827396,444.9268028861363
1864220.917401,-592.2196346755898,454.0740355405149
1864223.962755,-583.1582409768673,463.1708631743803
1864230.790313,-556.9286545984709,483.0709600114778
1864238.610683,-496.49653844388496,496.093454959611
1864244.445612,-496.49653844388496,496.093454959611
1864252.253178,-486.9169853413239,500.6767020670867
1864323.781374,-249.09111520187997,574.7613837789218
1864323.782027,-249.09111520187997,574.7613837789218
1864325.35729,-249.09111520187997,574.7613837789218
1864334.016191,-244.854423405521,573.3573044419428
1864340.456719,-225.25397226649707,552.6477024237172
1864348.511536,-192.06212287586857,522.577130890514
1864353.56666,-146.13171119160273,489.34467062425045
1864360.413605,-79.94581553847877,438.2292009895261
1864372.681508,-38.54785579465546,407.4902310081743
1864374.387007,-45.03357309830036,389.32617084386135
1864381.420173,-102.2549760063201,348.8119882077244
1864393.810828,-138.5896073471499,317.7960419129844
1864396.632425,-169.13770097250278,285.2670265052955
1864402.348696,-196.1424014125986,258.6887843599183
1864409.400192,-251.00888782972012,206.80782792178385
1864416.400096,-288.42349691795124,167.70023065345404
1864424.520212,-355.4992091503107,91.81397579566932
1875812.985236,-785.2544368440416,-29.771721362375494
1875821.001248,-796.7933988608773,7.579085029839414
1875828.717652,-824.6379871287121,93.32494098219613
1875838.042575,-838.4325911801884,137.19152324022158
1875841.381359,-857.0406390747064,182.7944005004873
1875847.66412,-862.7776302985172,212.40633954922976
1875855.974517,-870.5620408826486,235.85034226577756
1875862.129779,-871.5156260596657,244.4467826080501
1875868.704387,-871.5156260596657,244.4467826080501
1875875.700985,-871.5156260596657,244.4467826080501
1875882.699152,-878.8005015397366,276.6911260597025
1875889.698799,-887.2915998339649,320.91316261270345
1875897.354218,-885.8965302804692,342.94699830503487
1875907.399041,-869.1209798555467,365.28917136743246
1875910.701169,-794.2050684552971,393.9200576297497
1875917.718989,-734.0241009520083,417.389748357339
1875924.635582,-685.2784548920785,434.4277579289082
1875931.834798,-624.3912144927641,453.4884095156765
1875939.15378,-610.7079452162291,456.7229208090567
1875946.338601,-599.7564292544508,458.8090400390718
1875953.111422,-591.9791636627831,460.602885299877
1875960.772765,-563.9469542118647,465.37982994784096
1875967.010825,-502.2844656159694,489.6387265985502
1875973.64615,-468.1316341192231,500.1888963662483
1875980.704036,-468.1316341192231,500.1888963662483
1875988.162157,-468.1316341192231,500.1888963662483
1875995.599665,-468.1316341192231,500.1888963662483
1876003.650234,-468.1316341192231,500.1888963662483
1876010.722372,-461.95117432243967,501.63435692371337
1876017.895307,-437.3433207244712,507.9101785873846
1876022.952603,-435.34816189544495,511.1868769852322
1876030.070178,-435.34816189544495,511.1868769852322
1876036.934863,-435.34816189544495,511.1868769852322
1876044.018856,-435.34816189544495,511.1868769852322
1876050.698873,-435.34816189544495,511.1868769852322
1876060.664074,-416.793310910922,522.9368336090683
1876064.702759,-391.421798275649,530.4918538262901
1876072.859927,-349.70480940914587,540.9870671521339
1876085.176021,-267.1174276014289,570.7855222034398
1876090.026126,-231.92190881277432,558.45803967853
1876092.614527,-202.05008754173576,533.4120748839013
1876102.475774,-156.18747494010532,500.9394051574095
1876106.684666,-121.10898806156054,476.4098691333936
1876114.310295,-88.61798504496676,451.7674877722657
1876120.934519,-83.82177664325211,448.1060680174333
1876128.470725,-83.82177664325211,448.1060680174333
1876135.258462,-83.82177664325211,448.1060680174333
1876141.64531,-83.82177664325211,448.1060680174333
1876149.012725,-83.82177664325211,448.1060680174333
1876155.973305,-83.82177664325211,448.1060680174333
1876163.212303,-74.47072466638826,439.78656046168334
1876171.943524,-51.163596561880055,420.1900422044292
1876176.60122,-51.93399565040229,392.1981498006401
1876183.636939,-126.0626420348114,329.319423801963
1876190.629797,-186.2657403308338,277.4809713952191
1876199.910034,-252.21140571443163,211.2149346489248
1876205.013549,-341.5056452684911,119.8452644422762
1876211.634771,-364.4895725126472,47.9441975037164
1876218.600607,-366.6985751422673,-18.55001433998108
1951645.157502,-349.10105434640946,90.73047657917368
1951645.158163,-349.10105434640946,90.73047657917368
1951647.115919,-337.1700829873181,114.19865761335332
1952342.944173,-240.5708368367956,594.320170390494
1952342.944976,-240.5708368367956,594.320170390494
1952350.540984,-236.62588558460135,563.783922369437
1952350.542557,-236.62588558460135,563.783922369437
1952353.071269,-236.62588558460135,563.783922369437
1952361.757197,-236.62588558460135,563.783922369437
1952362.087364,-236.62588558460135,563.783922369437
1952366.955743,-236.62588558460135,563.783922369437
1952373.991146,-236.62588558460135,563.783922369437
1952381.67184,-231.74670664340132,566.7685165378655
1952389.202772,-231.68440050237973,567.261218816738
1952394.979126,-228.38882592475983,565.6319309427705
1952402.486491,-225.87462664222028,565.3171005942093
1952410.14763,-225.21148059196832,566.2637829482626
1952417.86247,-225.9252491168945,567.5365205855817
1952423.400168,-225.9252491168945,567.5365205855817
1952431.15089,-225.9252491168945,567.5365205855817
1952438.970881,-225.9252491168945,567.5365205855817
1952444.767669,-225.9252491168945,567.5365205855817
1952451.593793,-225.9252491168945,567.5365205855817
1952461.232683,-225.9252491168945,567.5365205855817
1952465.059487,-225.9252491168945,567.5365205855817
1952472.707693,-225.9252491168945,567.5365205855817
1952479.438479,-225.9252491168945,567.5365205855817
1952486.00082,-225.9252491168945,567.5365205855817
1952494.458543,-225.9252491168945,567.5365205855817
1952500.531562,-225.9252491168945,567.5365205855817
1952508.447297,-225.9252491168945,567.5365205855817
1952514.547542,-225.9252491168945,567.5365205855817
1952521.586211,-225.9252491168945,567.5365205855817
1952529.456806,-225.9252491168945,567.5365205855817
1952535.682811,-225.9252491168945,567.5365205855817
1952542.555193,-225.9252491168945,567.5365205855817
1952550.231599,-225.9252491168945,567.5365205855817
1952556.580273,-225.9252491168945,567.5365205855817
1952567.252018,-224.9186395325542,566.5903614418584
1952570.652274,-221.854285475378,566.2713040152526
1952572.485403,-221.854285475378,566.2713040152526
1952576.973681,-221.8542854671231,566.2713040152526
1952586.445113,-221.8542854671231,566.2713040152526
1952590.98,-221.8542854671231,566.2713040152526
1952597.988193,-221.8542854671231,566.2713040152526
1952613.451058,-221.8542854671231,566.2713040152526
1952613.458065,-221.8542854671231,566.2713040152526
1952618.988958,-219.99261906061895,567.6461592721103
1952625.954464,-180.7699669118239,597.2504468049937
1952635.471847,-181.83202275707663,625.4856564215327
1952640.54022,-164.49294849248048,645.5754757273944
1952647.532656,-131.56133249962815,651.3705699764208
1952654.211851,-112.10197029027483,663.3591204080276
1952663.969251,-100.77205562101209,663.7609188541271
1952668.111993,-72.45188655553278,685.4558955233477
1952675.684715,-43.92518838049924,688.9768889917859
1952686.472225,-37.64123171606021,684.9938091687944
1952689.472569,-9.801611712003046,702.4296803611238
1952700.96342,0.626446660206203,711.511367426187
1952703.139971,-1.4581951750928113,712.8996496904675
1952710.018701,-28.74764258006307,709.5663163944649
1952718.129166,-32.787376147700485,706.018592027044
1952719.200325,-221.854285475378,566.2713040152526
1952724.336564,-35.78357579975787,705.6639069789662
1952731.740307,-35.78357579975787,705.6639069789662
1952741.031154,-41.241751019730174,710.0353090874702
1952745.852121,-41.241751019730174,710.0353090874702
1952753.769856,-58.1294369029095,711.6857507298158
1952759.594063,-58.1294369029095,711.6857507298158
1952776.402784,-58.1294369029095,711.6857507298158
1952776.45573,-58.1294369029095,711.6857507298158
1952780.051959,-58.1294369029095,711.6857507298158
1952790.285352,-58.1294369029095,711.6857507298158
1952795.633473,-58.1294369029095,711.6857507298158
1952802.051191,-58.1294369029095,711.6857507298158
1952808.818576,-58.1294369029095,711.6857507298158
1952817.678864,-58.1294369029095,711.6857507298158
1952824.615096,-58.1294369029095,711.6857507298158
1952829.061489,-58.1294369029095,711.6857507298158
1952836.544375,-58.1294369029095,711.6857507298158
1952843.672829,-58.1294369029095,711.6857507298158
1952849.966323,-58.1294369029095,711.6857507298158
1952857.097892,-58.1294369029095,711.6857507298158
1952864.050268,-58.1294369029095,711.6857507298158
1952870.997998,-58.1294369029095,711.6857507298158
1952881.518757,-58.1294369029095,711.6857507298158
1952885.075759,-58.1294369029095,711.6857507298158
1952896.355147,-58.1294369029095,711.6857507298158
1952899.075475,-58.1294369029095,711.6857507298158
1952906.075521,-58.1294369029095,711.6857507298158
1952915.352952,-58.1294369029095,711.6857507298158
1952920.053168,-58.1294369029095,711.6857507298158
1952929.583966,-58.1294369029095,711.6857507298158
1952935.573196,-58.1294369029095,711.6857507298158
1952941.426056,-58.1294369029095,711.6857507298158
1952949.481289,-58.1294369029095,711.6857507298158
1952955.003856,-58.1294369029095,711.6857507298158
1952962.001679,-58.1294369029095,711.6857507298158
1952970.707129,-58.1294369029095,711.6857507298158
1952976.108452,-57.26400664294314,709.7631085039208
1952983.154447,-57.26400664294314,709.7631085039208
1952990.46902,-57.26400664294314,709.7631085039208
1952997.41645,-57.26400664294314,709.7631085039208
1953010.176238,-57.26400664294314,709.7631085039208
1953010.970548,-56.548485608496094,710.4257685689627
1953018.141048,-50.07735983070456,711.331451053098
1953025.557038,-15.531150620056543,724.5383219840517
1953033.109961,2.812399590228304,739.3665577467154
1953039.476352,35.91021862444636,759.9351319965411
1953051.495507,73.64632567880975,780.9999031980373
1953053.968383,80.19926883731335,784.7117888932734
1953060.538256,81.43822582939936,786.6980932341935
1953067.705588,47.35274879959774,812.7012180233913
1953074.793805,28.52488298097589,826.0182352684825
1953087.462744,18.922520854985827,831.170887443043
1953089.17282,1.7858598284058214,842.0502281927876
1953095.362962,-14.077660889675585,847.0731841226656
1953102.077463,-27.279648438990627,840.6597242281049
1953111.703029,-52.31931507956596,808.80851655323
1953116.4662,-76.18720858561993,788.3968320953754
1953123.810371,-110.82454440382998,760.1732236054645
1953134.49772,-159.65214762083008,712.7001419268663
1953135.257642,-174.80401921297977,698.0521709859141
1953135.258268,-174.80401921297977,698.0521709859141
1953137.283496,-174.80401921297977,698.0521709859141
1953143.586928,-210.0527715836871,656.222194219202
1953150.242065,-246.94679100245128,606.0731736844181
1953157.783249,-246.94679100245128,606.0731736844181
1953165.403253,-266.5977048574443,588.0369997449188
1953171.794632,-315.12801767992204,560.2455356341017
1953180.358727,-361.5998412991503,541.6725919337574
1953185.794234,-392.93136564766064,527.9181162710717
1953192.861392,-398.8989162696383,524.9040175227765
1953199.239394,-398.8989162696383,524.9040175227765
1953206.276905,-398.8989162696383,524.9040175227765
1953213.731419,-434.31741308274286,518.8534373819148
1953220.653395,-457.1403384825328,516.3552889395226
1953227.483126,-467.6635064973498,521.3293448660294
1953234.558163,-476.3026091883205,532.9320909730048
1953241.696481,-480.5703714650788,537.7160405935435
1953248.335713,-480.5703714650788,537.7160405935435
1953256.823023,-488.9439010675751,543.6393467140716
1953263.965578,-490.4943334227318,544.6241000151988
1953269.664289,-500.8036951943677,557.5114797577708
1953277.430308,-514.2780363476305,570.9700509092787
1953284.022162,-518.2114763443675,575.6382887007297
1953290.838755,-529.4737857132206,589.9949239477953
1953298.305866,-540.5285310305487,600.6464305524834
1953304.565525,-540.5285310305487,600.6464305524834
1953312.222861,-540.5285310305487,600.6464305524834
1953319.632091,-540.5285310305487,600.6464305524834
1953325.627261,-547.1283481613228,608.8334988370676
1953333.582631,-562.0080808969146,627.8462919254154
1953339.672104,-606.3717793803658,670.4527639638047
1953346.349684,-640.353603556084,704.921782496541
1953353.339012,-663.515993114287,713.5420570820036
1953360.329067,-677.314262158164,698.9021214733418
1953367.666072,-665.230606927667,671.4071823555832
1953377.133841,-636.7533694755831,640.9042899980954
1953381.440892,-642.0063328133795,606.354627760422
1953388.250214,-677.2213666846676,591.412625642812
1953395.264959,-702.7261580930444,579.3721022119133
1953402.636219,-732.2347196852567,565.7340630561383
1953409.331749,-743.8509206453591,554.6847509659606
1953416.331676,-766.8961346219777,545.1613196285867
1953417.861274,-221.854285475378,566.2713040152526
1953423.281431,-806.1980998552114,531.289011051331
1953431.269983,-840.0769188973849,510.2132057849014
1953438.012362,-875.8541668446703,492.8980648766835
1953444.332584,-925.6738790132656,472.1950222257752
1953454.227476,-925.6738790132656,472.1950222257752
1953458.815008,-925.6738790132656,472.1950222257752
1953465.25164,-925.6738790132656,472.1950222257752
1953472.265395,-925.6738790132656,472.1950222257752
1953479.835097,-925.6738790132656,472.1950222257752
1953489.151607,-962.2553471398106,461.0755834505579
1962651.819614,-814.5622918995435,34.478426654630795
1962658.864088,-814.5622918995435,34.478426654630795
1962666.414712,-839.9266235456089,134.78804740207036
1962673.702839,-849.8494094706306,180.14004460885172
1962680.315139,-851.7792451497832,192.8503224259284
1962690.30891,-851.7792451497832,192.8503224259284
1962695.3153,-851.7792451497832,192.8503224259284
1962703.443634,-854.1709239548246,216.712025214024
1962709.825451,-856.3734981440556,224.509826083698
1962715.269988,-862.2653028475922,231.9985585701517
1962722.488073,-867.1411794718713,242.4071915484793
1962728.860307,-873.2134943421978,265.22659019438373
1962741.934712,-875.5859277418762,276.69688172060324
1962742.785708,-876.6038585477846,280.2015388605808
1962749.857031,-876.33342177561,289.7078465651831
1962757.181552,-876.1942144495267,293.1528501036909
1962764.718986,-878.4889310616126,306.5638652523235
1962772.410929,-885.1178470831205,332.19475652230733
1962777.807826,-887.2818934766962,340.05734372890765
1962784.859175,-883.2780948381335,357.7594582179907
1962791.807855,-852.3030127630012,379.2202505512672
1962798.875184,-831.5083299494505,389.63327688090607
1962808.743006,-816.868017546628,393.0787022205116
1962812.787627,-751.0392516872483,408.32499563847387
1962819.814071,-716.5264950612226,420.03254008604085
1962830.789854,-699.157086074907,425.0628264136561
1962833.816054,-687.2257477109806,430.7975142014315
1962840.858448,-677.6635118435977,435.36466586181473
1962847.891803,-656.1139240230034,442.5074352680952
1962854.797274,-627.735729352298,450.1096471166979
1962863.878321,-580.235158116288,465.339181706898
1962869.750568,-518.8223109171109,487.5425922825041
1962877.371806,-499.59770692026,494.455355241069
1962883.326937,-499.59770692026,494.455355241069
1962891.068366,-499.59770692026,494.455355241069
1962897.019371,-499.59770692026,494.455355241069
1962903.856329,-499.59770692026,494.455355241069
1962912.94348,-482.1358982536448,501.9571573141611
1962918.442165,-462.8679509634968,514.3407349551601
1962925.16449,-469.7511448660134,526.6406491590293
1962932.886974,-490.41169278833297,549.163927216252
1962938.858079,-537.6152242654372,608.4236314094437
1962949.724303,-538.6226371456297,610.5529909726009
1962952.764448,-554.758881342658,633.7488259751098
1962959.804588,-595.0341316483022,681.6919082906581
1962967.881005,-623.5087417755918,708.4647197011288
1962973.830403,-636.4254143836591,730.0657679364408
1962983.72527,-665.6150876514116,744.8484571186411
1962988.084133,-684.2260047140935,744.0231570760712
1962995.220409,-702.8852154684881,768.7471655654301
1963003.043559,-724.25209569807,813.6150872869745
1963013.123874,-729.6423033326246,827.5687808138692
1963020.113284,-739.3325932410738,837.2304060883057
1963022.995714,-753.7293057523324,858.7272867562373
1963030.995581,-766.5836104497013,873.6190788960091
1963037.982148,-787.9624046755031,900.5951061276177
1963053.392331,-817.3532820268653,926.527384062936
1963053.396116,-840.5741457990936,951.3225272040868
1963176.767609,-897.1404898775786,964.333534326658
1963185.345916,-892.7108034071276,957.7560886866452
1963190.767801,-870.93827751832,930.1270040753096
1963198.3054,-867.204635651769,922.3006509564368
1963205.256134,-858.9353835910642,912.2511102959116
1963212.707487,-838.278246070774,886.3205778410736
1963220.62015,-832.3959139535651,868.6394981165892
1963228.396015,-832.3959139535651,868.6394981165892
1963233.419728,-826.9155518624068,850.0113527858247
1963243.249712,-818.1637084547533,824.313765608267
1963250.202616,-813.0555649487292,815.3711930356317
1963253.866607,-813.0555649487292,815.3711930356317
1963265.525003,-813.0555649487292,815.3711930356317
1963267.812359,-813.0555649487292,815.3711930356317
1963277.443101,-813.0555649487292,815.3711930356317
1963284.191677,-813.1713566212438,806.847491961225
1963289.376575,-841.1465149786565,788.6977958177827
1963295.765463,-885.2648513784303,766.8848620846588
1963302.768144,-918.2439883819912,753.531313226479
1963310.966126,-948.78326466154,738.147858574141
1963358.762681,-956.0862363929108,541.0978551895821
1963366.343492,-941.5309444402168,526.2167895209204
1963372.787221,-941.5309444402168,526.2167895209204
1963382.051182,-938.9646750736536,517.0098042913683
1963389.966604,-939.0311478533058,515.9258746704754
1963399.71324,-939.0311478533058,515.9258746704754
1963400.803263,-939.0311478533058,515.9258746704754
1963410.442959,-939.0311478533058,515.9258746704754
1963415.658444,-939.0311478533058,515.9258746704754
1963427.746652,-934.3585429077664,491.0537004999513
1963433.803603,-927.8285815670436,467.0363107074898
1963435.827878,-916.1445865291944,437.2435076448375
1963442.876423,-911.3937371423156,389.34477817641135
1963450.210011,-909.2135596223516,372.8064678944608
1963456.872131,-909.2135596223516,372.8064678944608
1963465.829641,-909.2135596223516,372.8064678944608
1963472.450902,-909.2135596223516,372.8064678944608
1963478.210474,-909.2135596223516,372.8064678944608
1963485.68075,-896.6163875874499,356.54966157897115
1963492.604294,-890.7247681018837,323.36953798159954
1963498.787141,-886.5995060471495,298.2236734084281
1963507.83362,-874.6117579453398,269.82284093743203
1963512.859737,-868.0524297699112,253.4716009049244
1963519.855745,-868.0711692135342,252.07737830395976
1963528.415162,-866.5765130847974,244.85862972493732
1963534.318063,-861.4851728403881,233.1668940469958
1963541.571352,-853.8133315153287,208.6786379047791
1963547.795372,-837.1308953948986,158.96096000956757
1963556.312376,-828.9837107380072,127.55576459232536
1963561.811503,-820.0349235736506,95.96261170870407
1963571.0535,-807.3711455672002,62.4728517010461
1963578.926432,-807.3711455672002,62.4728517010461
1963583.287126,-791.7653828528267,12.781173563281452
1963591.047089,-791.7653828528267,12.781173563281452
1963597.376644,-788.1579393797194,-18.295847150499014
1963605.043894,-782.3223972430824,-29.71882726440642
2044133.973021,-360.5155764006275,57.59799113938848
2044133.973646,-360.5155764006275,57.59799113938848
2044135.174484,-360.5155764006275,57.59799113938848
2044142.208047,-402.6836531522122,75.42228219126382
2044149.235447,-434.12285534902526,94.736349789602
2044163.154168,-437.70937572884174,162.17584177806904
2044163.603182,-472.8481013372009,176.99001701703625
2044174.23452,-500.4464821923866,179.25565392606487
2044177.635519,-500.4464821923866,179.25565392606487
2044184.243064,-500.4464821923866,179.25565392606487
2044192.63923,-500.4464821923866,179.25565392606487
2044198.571438,-500.4464821923866,179.25565392606487
2044205.743576,-525.9336320218871,174.38656720008677
2044213.667218,-550.3047234506117,181.28460973493796
2044220.73825,-588.7720810235629,191.8199233581936
2044226.49814,-602.0880342352046,191.39829246660375
2044234.554074,-615.3654705797975,185.7725869948484
2044240.53262,-643.4110299583763,172.69012348184216
2044247.900806,-659.6398366559895,164.82802190537888
2044255.412605,-669.1745007454954,160.9360123898282
2044263.364679,-695.1960707420003,147.2922764004981
2044268.194903,-726.2120938066254,125.3164686219418
2044275.341273,-736.4089850027221,123.08045878259752
2044282.229512,-737.2477064273558,109.51223296020804
2044290.959108,-730.8139006501123,90.15108121234108
2044297.52624,-729.4629274129135,87.42927643773348
2044303.367353,-713.3159655671167,44.886463866253976
2044318.39047,-707.4533408992688,20.472376993167813
2044318.540759,-695.1747228402928,2.1705371334851984
2044422.860785,-797.2988782816702,9.612061783535513
2044430.63449,-813.3849492744812,67.71393997998261
2044436.502887,-826.5916148042143,103.95766549938786
2044443.176086,-835.0239321262511,128.48531084158523
2044450.666266,-849.8586296660452,179.1323478784499
2044457.188021,-855.1227047998833,194.1085043720325
2044471.493868,-855.1227047998833,194.1085043720325
2044474.309708,-858.2416138713261,199.8564780522985
2044478.289758,-867.0232929868506,226.6674773878489
2044485.562712,-873.381670773683,242.8904743934769
2044492.705486,-876.8978104365166,255.801421600468
2044504.93227,-879.1154934397417,262.53703111578767
2044506.153675,-881.8039364212883,270.72909873124047
2044513.241414,-886.3439131672369,289.3446876494088
2044520.566964,-891.8658815240465,310.7593082167444
2044527.235212,-893.8493182129665,319.6648805617312
2044541.15362,-897.0946464533139,329.7964574152943
2044541.628867,-894.6063928104305,344.8719254811726
2044548.306219,-873.2537546562922,361.8855846974662
2044555.742942,-840.4290932707725,377.3493526978169
2044562.719273,-830.206697006691,380.520640743971
2044571.403073,-830.206697006691,380.520640743971
2044576.175046,-813.9877137565302,391.5508470305171
2044583.580172,-793.7497584906077,397.4919646489712
2044590.516821,-771.4338541606026,401.5187413703372
2044600.680803,-735.322316365199,413.0390022401583
2044608.060086,-717.8918948713507,413.76155124998894
2044612.467726,-714.3058307326988,406.13370686138194
2044618.520246,-714.3058307326988,406.13370686138194
2044626.694082,-714.3058307326988,406.13370686138194
2044633.808775,-714.3058307326988,406.13370686138194
2044640.7901,-714.3058307326988,406.13370686138194
2044646.694838,-714.3058307326988,406.13370686138194
2044653.56421,-714.3058307326988,406.13370686138194
2044661.492064,-714.3058307326988,406.13370686138194
2044667.877074,-714.3058307326988,406.13370686138194
2044674.790106,-714.3058307326988,406.13370686138194
2044681.568153,-714.3058307326988,406.13370686138194
2044688.175871,-714.3058307326988,406.13370686138194
2044700.880608,-714.3058307326988,406.13370686138194
2044702.18937,-714.3058307326988,406.13370686138194
2044710.25729,-714.3058307326988,406.13370686138194
2044716.574333,-714.3058307326988,406.13370686138194
2044723.228391,-709.6669666694157,408.2807133224069
2044730.734193,-709.6669666694157,408.2807133224069
2044739.3338,-709.6669666694157,408.2807133224069
2044744.480528,-709.6669666694157,408.2807133224069
2044751.598541,-709.6669666694157,408.2807133224069
2044758.203021,-709.6669666694157,408.2807133224069
2044765.582962,-709.6669666694157,408.2807133224069
2044775.617533,-709.6669666694157,408.2807133224069
2044779.47799,-709.6669666694157,408.2807133224069
2044786.235083,-709.6669666694157,408.2807133224069
2044793.245494,-709.6669666694157,408.2807133224069
2044800.234359,-709.6669666694157,408.2807133224069
2044807.87192,-709.6669666694157,408.2807133224069
2044815.781466,-709.6669666694157,408.2807133224069
2044821.177893,-709.6669666694157,408.2807133224069
2044828.992992,-709.6669666694157,408.2807133224069
2044836.664591,-709.6669666694157,408.2807133224069
2044844.1552,-709.6669666694157,408.2807133224069
2044852.967369,-709.6669666694157,408.2807133224069
2044856.23488,-709.6669666694157,408.2807133224069
2044863.578929,-709.6669666694157,408.2807133224069
2044870.646694,-709.6669666694157,408.2807133224069
2044877.381829,-709.6669666694157,408.2807133224069
2044884.477415,-709.6669666694157,408.2807133224069
2044891.653273,-709.6669666694157,408.2807133224069
2044898.613547,-709.6669666694157,408.2807133224069
2044906.200205,-709.6669666694157,408.2807133224069
2044912.608077,-709.6669666694157,408.2807133224069
2044919.189099,-709.6669666694157,408.2807133224069
2044926.138771,-709.6669666694157,408.2807133224069
2044936.593836,-709.6669666694157,408.2807133224069
2044940.175775,-709.6669666694157,408.2807133224069
2044947.968932,-709.6669666694157,408.2807133224069
2044957.407989,-709.6669666694157,408.2807133224069
2044962.064408,-709.6669666694157,408.2807133224069
2044968.239318,-709.6669666694157,408.2807133224069
2044975.163065,-709.6669666694157,408.2807133224069
2044982.234053,-709.6669666694157,408.2807133224069
2044990.371893,-709.6669666694157,408.2807133224069
2044999.33457,-709.6669666694157,408.2807133224069
2045003.232089,-709.6669666694157,408.2807133224069
2045012.091726,-709.6669666694157,408.2807133224069
2045017.577524,-709.6669666694157,408.2807133224069
2045027.321258,-709.6669666694157,408.2807133224069
2045031.608067,-709.6669666694157,408.2807133224069
2045038.830337,-709.6669666694157,408.2807133224069
2045045.191123,-709.6669666694157,408.2807133224069
2045052.184426,-709.6669666694157,408.2807133224069
2045061.222407,-709.6669666694157,408.2807133224069
2045067.571559,-709.6669666694157,408.2807133224069
2045076.619741,-709.6669666694157,408.2807133224069
2045080.517946,-709.6669666694157,408.2807133224069
2045087.183328,-709.6669666694157,408.2807133224069
2045094.233068,-709.6669666694157,408.2807133224069
2045101.513898,-709.6669666694157,408.2807133224069
2045108.703023,-709.6669666694157,408.2807133224069
2045115.677247,-709.6669666694157,408.2807133224069
2045122.192119,-709.6669666694157,408.2807133224069
2045130.445809,-709.6669666694157,408.2807133224069
2045137.506826,-709.6669666694157,408.2807133224069
2045143.582623,-709.6669666694157,408.2807133224069
2045150.625505,-709.6669666694157,408.2807133224069
2045158.325551,-709.6669666694157,408.2807133224069
2045166.321288,-709.6669666694157,408.2807133224069
2045171.232788,-709.6669666694157,408.2807133224069
2045178.152584,-709.6669666694157,408.2807133224069
2045187.355601,-709.6669666694157,408.2807133224069
2045192.470744,-709.6669666694157,408.2807133224069
2045200.234286,-709.6669666694157,408.2807133224069
2045206.471828,-709.6669666694157,408.2807133224069
2045213.230811,-709.6669666694157,408.2807133224069
2045221.848874,-709.6669666694157,408.2807133224069
2045227.528735,-709.6669666694157,408.2807133224069
2045234.538799,-709.6669666694157,408.2807133224069
2045241.751566,-709.6669666694157,408.2807133224069
2045248.230819,-709.6669666694157,408.2807133224069
2045255.502347,-709.6669666694157,408.2807133224069
2045262.472276,-709.6669666694157,408.2807133224069
2045269.682664,-709.6669666694157,408.2807133224069
2045276.469731,-709.6669666694157,408.2807133224069
2045283.607816,-709.6669666694157,408.2807133224069
2045290.234266,-709.6669666694157,408.2807133224069
2045301.726907,-709.6669666694157,408.2807133224069
2045304.137981,-709.6669666694157,408.2807133224069
2045311.171532,-709.6669666694157,408.2807133224069
2045319.417739,-709.6669666694157,408.2807133224069
2045325.485516,-709.6669666694157,408.2807133224069
2045332.188012,-709.6669666694157,408.2807133224069
2045339.197365,-709.6669666694157,408.2807133224069
2045346.709525,-709.6669666694157,408.2807133224069
2045354.109438,-709.6669666694157,408.2807133224069
2045360.518098,-709.6669666694157,408.2807133224069
2045367.228741,-709.6669666694157,408.2807133224069
2045374.138707,-709.6669666694157,408.2807133224069
2045381.754444,-709.6669666694157,408.2807133224069
2045389.67554,-709.6669666694157,408.2807133224069
2045395.760096,-709.6669666694157,408.2807133224069
2045402.182999,-709.6669666694157,408.2807133224069
2045409.233041,-709.6669666694157,408.2807133224069
2045417.674163,-709.6669666694157,408.2807133224069
2045423.18616,-709.6669666694157,408.2807133224069
2045432.326681,-709.6669666694157,408.2807133224069
2045437.626789,-709.6669666694157,408.2807133224069
2045445.252583,-709.6669666694157,408.2807133224069
2045453.090081,-709.6669666694157,408.2807133224069
2045458.240443,-709.6669666694157,408.2807133224069
2045466.14851,-709.6669666694157,408.2807133224069
2045472.467082,-709.6669666694157,408.2807133224069
2045479.522404,-709.6669666694157,408.2807133224069
2045487.037703,-709.6669666694157,408.2807133224069
2045494.483372,-709.6669666694157,408.2807133224069
2045501.581468,-709.6669666694157,408.2807133224069
2045507.228078,-709.6669666694157,408.2807133224069
2045514.229294,-709.6669666694157,408.2807133224069
2045521.478873,-709.6669666694157,408.2807133224069
2045531.040591,-709.6669666694157,408.2807133224069
2045535.231083,-709.6669666694157,408.2807133224069
2045545.680355,-709.6669666694157,408.2807133224069
2045549.142589,-709.6669666694157,408.2807133224069
2045556.636676,-709.6669666694157,408.2807133224069
2045563.587833,-709.6669666694157,408.2807133224069
2045571.588266,-709.6669666694157,408.2807133224069
2045577.178593,-709.6669666694157,408.2807133224069
2045584.499231,-709.6669666694157,408.2807133224069
2045591.279327,-709.6669666694157,408.2807133224069
2045598.495114,-709.6669666694157,408.2807133224069
2045612.633903,-709.6669666694157,408.2807133224069
2045612.63771,-709.6669666694157,408.2807133224069
2045619.909417,-709.6669666694157,408.2807133224069
2045626.494304,-709.6669666694157,408.2807133224069
2045633.491699,-709.6669666694157,408.2807133224069
2045641.300293,-709.6669666694157,408.2807133224069
2045647.482543,-709.6669666694157,408.2807133224069
2045657.127157,-709.6669666694157,408.2807133224069
2045661.22666,-709.6669666694157,408.2807133224069
2045672.192314,-709.6669666694157,408.2807133224069
2045677.177238,-709.6669666694157,408.2807133224069
2045682.471943,-709.6669666694157,408.2807133224069
2045689.491865,-709.6669666694157,408.2807133224069
2045697.970446,-709.6669666694157,408.2807133224069
2045703.233682,-709.6669666694157,408.2807133224069
2045710.774571,-709.6669666694157,408.2807133224069
2045717.48168,-709.6669666694157,408.2807133224069
2045724.507299,-709.6669666694157,408.2807133224069
2045731.157014,-709.6669666694157,408.2807133224069
2045738.489259,-709.6669666694157,408.2807133224069
2045745.573504,-709.6669666694157,408.2807133224069
2045753.206471,-709.6669666694157,408.2807133224069
2045760.636109,-709.6669666694157,408.2807133224069
2045766.720363,-709.6669666694157,408.2807133224069
2045774.153243,-709.6669666694157,408.2807133224069
2045784.693531,-709.6669666694157,408.2807133224069
2045787.226258,-709.6669666694157,408.2807133224069
2045794.468711,-709.6669666694157,408.2807133224069
2045801.467876,-709.6669666694157,408.2807133224069
2045808.888238,-709.6669666694157,408.2807133224069
2045817.611852,-709.6669666694157,408.2807133224069
2045822.245382,-709.6669666694157,408.2807133224069
2045830.898549,-709.6669666694157,408.2807133224069
2045836.466555,-709.6669666694157,408.2807133224069
2045843.478014,-709.6669666694157,408.2807133224069
2045850.468385,-709.6669666694157,408.2807133224069
2045857.231463,-709.6669666694157,408.2807133224069
2045864.473377,-709.6669666694157,408.2807133224069
2045872.200356,-709.6669666694157,408.2807133224069
2045878.975319,-709.6669666694157,408.2807133224069
2045885.47377,-709.6669666694157,408.2807133224069
2045893.23457,-709.6669666694157,408.2807133224069
2045899.766585,-709.6669666694157,408.2807133224069
2045906.234864,-709.6669666694157,408.2807133224069
2045916.436672,-709.6669666694157,408.2807133224069
2045920.568652,-709.6669666694157,408.2807133224069
2045928.204259,-709.6669666694157,408.2807133224069
2045934.513215,-709.6669666694157,408.2807133224069
2045941.476447,-709.6669666694157,408.2807133224069
2045948.230399,-709.6669666694157,408.2807133224069
2045958.260818,-709.6669666694157,408.2807133224069
2045962.707794,-709.6669666694157,408.2807133224069
2045972.143195,-709.6669666694157,408.2807133224069
2045976.183734,-709.6669666694157,408.2807133224069
2045987.107584,-709.6669666694157,408.2807133224069
2045990.47939,-709.6669666694157,408.2807133224069
2045997.521968,-709.6669666694157,408.2807133224069
2046005.167161,-709.6669666694157,408.2807133224069
2046011.494628,-709.6669666694157,408.2807133224069
2046018.559196,-709.6669666694157,408.2807133224069
2046029.326527,-706.4954027869164,412.06491579355645
2046032.1753,-707.3841866782201,413.9823657872888
2046039.185418,-707.9534106104354,416.1769390616519
2046047.276778,-701.5397632369802,420.9556775560337
2046053.466725,-696.2638455800109,428.5843212698591
2046069.266856,-656.2781502843562,443.1645881452707
2046069.270629,-618.2981163121217,453.6727520536158
2046076.818214,-612.4288218337947,453.9495241034436
2046081.203983,-582.0526093069238,463.6445161639959
2046088.98909,-526.5741420978226,483.8130973755788
2046098.476016,-512.7362941201671,489.4455007692968
2046105.322394,-509.3548775743889,489.6594232977751
2046109.231553,-473.50961553468034,503.71986157655545
2046116.150405,-481.0919824444803,534.8831820488772
2046124.186828,-510.3063105244068,560.9203957707584
2046130.228387,-539.8596401706745,613.2099170424287
2046137.370215,-570.8201523866819,642.084336030532
2046144.170996,-597.8522072036136,670.0945749434024
2046151.231126,-615.7082605107324,687.8194700666483
2046158.353277,-629.2503577152603,698.0382880353493
2046168.083763,-649.0203211642051,722.8300824661436
2046172.243041,-683.0285459637821,740.6258425709756
2046179.442488,-704.3559041933598,772.7339074281899
2046189.735283,-721.2559474409949,806.8927167566712
2046193.185626,-740.024233885246,831.9455331170128
2046200.137871,-748.4853989205229,837.4989264511528
2046207.491333,-770.7277613933503,861.752083602557
2046214.242266,-812.8672739192212,907.5151227697304
2046221.162341,-824.1754942325899,925.0479116449312
2046229.80095,-824.1754942325899,925.0479116449312
2048993.914016,-427.85519976247815,961.273827948416
2049001.128072,-438.75227304308345,924.8743280620404
2049008.003309,-435.3268307727308,905.7681878021684
2049014.909716,-426.3470876561884,899.6786489527373
2049024.860595,-418.3051424462212,898.2561257909197
2049028.93063,-418.3051424462212,898.2561257909197
2049036.857799,-411.5830432904928,901.2666386354532
2049044.299042,-404.5906310475103,903.2061234509142
2049052.283914,-393.677499100059,907.1826400069992
2049058.631777,-386.48018686190176,909.8728796707906
2049063.918835,-386.48018686190176,909.8728796707906
2049073.200166,-386.48018686190176,909.8728796707906
2049079.248887,-386.48018686190176,909.8728796707906
2049084.857713,-375.0075528478824,913.3028785823484
2049091.907628,-356.96534077984046,918.3641067394044
2049099.315881,-332.0799421818384,930.18150703518
2049106.902116,-329.8529051617068,931.0278551069232
2049117.295821,-320.40980176292027,931.5737334690322
2049120.168398,-306.43992835558475,935.5635866430374
2049127.847796,-297.15952224707337,940.3305420704648
2049135.282026,-280.34764037314955,945.5039923506188
2049140.861509,-275.68860454881144,946.9825570529474
2049147.902486,-262.45611738185164,953.2921749205944
2049154.901556,-246.40249926318108,957.3699095040348
2049162.258579,-224.1186525455816,963.0844838412218
2049329.964233,-423.7257118795793,966.2403441170942
2049336.888568,-430.9913799378282,930.8355218028806
2049343.923237,-435.16901969611166,892.501722375937
2049351.007636,-438.25008000612377,852.5898083502125
2049359.483989,-438.4400633081331,823.5427336857884
2049364.918671,-437.60605871258247,782.2190440968411
2049371.903677,-438.4380597681992,740.4082740941234
2049380.438798,-439.7385935915302,737.9704343145412
2049388.572958,-439.7385935915302,737.9704343145412
2049393.601388,-439.7385935915302,737.9704343145412
2049400.242918,-436.4080939750171,726.4478897048505
2049408.413242,-429.9854340568617,707.0594248574454
2049415.370672,-410.27842475695854,694.1087649881601
2049421.13876,-402.8949103934739,691.5640362414703
2049427.859753,-382.3785559019617,684.7946386947543
2049435.284269,-336.70965980901235,653.2267811185869
2049442.243069,-312.12129587771216,635.0994875463487
2049450.71719,-299.7612086208567,625.9649102417437
2049455.883669,-299.7612086208567,625.9649102417437
2049464.087607,-299.7612086208567,625.9649102417437
2049470.391725,-296.42654248929625,622.2365849056024
2049479.124289,-259.0859487426199,592.4387973690812
2049488.257241,-220.54114396581696,586.6989510986938
2049491.316963,-192.1278325726477,604.1544754682723
2049498.553589,-146.8288960693748,621.0384655017289
2049504.961549,-111.02316753777866,635.7301505903611
2049517.569224,-79.76952410646702,652.0496103049959
2049521.16523,-36.31578870136664,673.049572818786
2049525.931394,-9.138320981413202,686.405758897799
2049544.082137,26.425840728785392,701.0309708894753
2049544.509646,82.40340589148481,724.3571179117466
2049546.865107,84.44117631408284,725.1332538022202
2049558.365688,84.44117631408284,725.1332538022202
2129357.248696,-807.0222633951114,9.79619074760994
2129364.475511,-815.7337203720182,46.1438821375308
2129371.343528,-834.831822229738,103.26569414444396
2129392.321153,-838.463966490482,121.95825798541657
2129392.324989,-846.5144842145036,145.24668149204248
2129396.985986,-863.3329160183995,210.7407479490459
2129396.986576,-863.3329160183995,210.7407479490459
2129401.406415,-866.0190817753568,236.44775773715648
2129414.512061,-869.0202910641478,242.6941950549489
2129418.275634,-869.9908358908245,252.11589934919917
2129424.769695,-883.0733436479227,288.31335368215014
2129431.780911,-887.6240354459517,299.18038666370387
2129439.525637,-895.1109435065201,326.8183751412919
2129443.402869,-854.9904889894332,371.4331581838978
2129452.583022,-842.9420618675911,377.9836291923832
2129464.742661,-842.9420618675911,377.9836291923832
2129466.734872,-805.4910118611768,389.8151425535024
2129472.218501,-770.3251376801641,402.6306570415189
2129478.451115,-762.4511895514761,406.4818359989159
2129485.730215,-762.4511895514761,406.4818359989159
2129493.844757,-762.4511895514761,406.4818359989159
2129500.71843,-762.4511895514761,406.4818359989159
2129501.460853,-762.4511895514761,406.4818359989159
2129501.461387,-762.4511895514761,406.4818359989159
2129502.314561,-762.4511895514761,406.4818359989159
2129510.302825,-762.4511895514761,406.4818359989159
2129516.594859,-762.4511895514761,406.4818359989159
2129524.362138,-762.4511895514761,406.4818359989159
2129530.717642,-762.4511895514761,406.4818359989159
2129538.495187,-739.3724731962538,420.8365683817459
2129545.404025,-723.8073874393579,423.1799070225596
2129551.727862,-714.4679806285492,412.8723288695036
2129558.683024,-714.4679806285492,412.8723288695036
2129566.288077,-714.4679806285492,412.8723288695036
2129574.712056,-714.4679806285492,412.8723288695036
2129579.276031,-714.4679806285492,412.8723288695036
2129586.772658,-714.4679806285492,412.8723288695036
2129593.260172,-714.4679806285492,412.8723288695036
2129603.001545,-714.4679806285492,412.8723288695036
2129611.885449,-714.4679806285492,412.8723288695036
2129614.339667,-714.4679806285492,412.8723288695036
2129621.345801,-714.4679806285492,412.8723288695036
2129629.619545,-714.4679806285492,412.8723288695036
2129635.671684,-714.4679806285492,412.8723288695036
2129642.344915,-714.4679806285492,412.8723288695036
2129650.194643,-714.4679806285492,412.8723288695036
2129656.304605,-714.4679806285492,412.8723288695036
2129663.355845,-714.4679806285492,412.8723288695036
2129670.377151,-714.4679806285492,412.8723288695036
2129678.779144,-714.4679806285492,412.8723288695036
2129687.026206,-714.4679806285492,412.8723288695036
2129692.036079,-714.4679806285492,412.8723288695036
2129699.431887,-714.4679806285492,412.8723288695036
2129708.167628,-714.4679806285492,412.8723288695036
2129712.307807,-714.4679806285492,412.8723288695036
2129721.029214,-714.4679806285492,412.8723288695036
2129726.615265,-714.4679806285492,412.8723288695036
2129734.418317,-714.4679806285492,412.8723288695036
2129740.710643,-714.4679806285492,412.8723288695036
2129748.550993,-714.4679806285492,412.8723288695036
2129754.745874,-714.4679806285492,412.8723288695036
2129764.000307,-714.4679806285492,412.8723288695036
2129768.663595,-714.4679806285492,412.8723288695036
2129776.530677,-716.3881305810025,409.5277566913309
2129783.099167,-716.3881305810025,409.5277566913309
2129791.57269,-716.3881305810025,409.5277566913309
2129796.595323,-716.3881305810025,409.5277566913309
2129803.700972,-716.3881305810025,409.5277566913309
2129812.820481,-716.3881305810025,409.5277566913309
2129817.299696,-716.3881305810025,409.5277566913309
2129827.252579,-716.3881305810025,409.5277566913309
2129831.635686,-716.3881305810025,409.5277566913309
2129838.598777,-716.3881305810025,409.5277566913309
2129845.593199,-716.3881305810025,409.5277566913309
2129853.322575,-716.3881305810025,409.5277566913309
2129859.589253,-716.3881305810025,409.5277566913309
2129866.587618,-716.3881305810025,409.5277566913309
2129874.351253,-716.3881305810025,409.5277566913309
2129880.607963,-716.3881305810025,409.5277566913309
2129889.876824,-716.3881305810025,409.5277566913309
2129894.685789,-716.3881305810025,409.5277566913309
2129901.757639,-716.3881305810025,409.5277566913309
2129908.594921,-716.3881305810025,409.5277566913309
2129915.578607,-716.3881305810025,409.5277566913309
2129922.352295,-716.3881305810025,409.5277566913309
2129929.603477,-716.3881305810025,409.5277566913309
2129936.301022,-716.3881305810025,409.5277566913309
2129943.674683,-716.3881305810025,409.5277566913309
2129950.891667,-716.3881305810025,409.5277566913309
2129959.84779,-716.3881305810025,409.5277566913309
2129964.587947,-716.3881305810025,409.5277566913309
2129971.675907,-716.3881305810025,409.5277566913309
2129978.71012,-716.3881305810025,409.5277566913309
2129985.58455,-716.3881305810025,409.5277566913309
2129997.766505,-716.3881305810025,409.5277566913309
2129999.635168,-716.3881305810025,409.5277566913309
2130007.257081,-716.3881305810025,409.5277566913309
2130019.579076,-716.3881305810025,409.5277566913309
2130021.947955,-716.3881305810025,409.5277566913309
2130028.551566,-716.3881305810025,409.5277566913309
2130034.629048,-716.3881305810025,409.5277566913309
2130041.667742,-716.3881305810025,409.5277566913309
2130048.624015,-716.3881305810025,409.5277566913309
2130055.818439,-716.3881305810025,409.5277566913309
2130067.29162,-716.3881305810025,409.5277566913309
2130069.605159,-716.3881305810025,409.5277566913309
2130076.650485,-716.3881305810025,409.5277566913309
2130083.645009,-716.3881305810025,409.5277566913309
2130090.635271,-716.3881305810025,409.5277566913309
2130100.938614,-716.3881305810025,409.5277566913309
2130105.241595,-716.3881305810025,409.5277566913309
2130111.597457,-716.3881305810025,409.5277566913309
2130118.857143,-716.3881305810025,409.5277566913309
2130126.319396,-716.3881305810025,409.5277566913309
2130132.617417,-716.3881305810025,409.5277566913309
2130140.241523,-716.3881305810025,409.5277566913309
2130148.12611,-716.3881305810025,409.5277566913309
2130153.851876,-716.3881305810025,409.5277566913309
2130168.225269,-716.3881305810025,409.5277566913309
2130168.229061,-716.3881305810025,409.5277566913309
2130174.874348,-716.3881305810025,409.5277566913309
2130181.35885,-716.3881305810025,409.5277566913309
2130188.352268,-716.3881305810025,409.5277566913309
2130198.558176,-716.3881305810025,409.5277566913309
2130202.351525,-716.3881305810025,409.5277566913309
2130209.355888,-716.3881305810025,409.5277566913309
2130217.237207,-716.3881305810025,409.5277566913309
2130223.730397,-716.3881305810025,409.5277566913309
2130234.283484,-716.3881305810025,409.5277566913309
2130237.613932,-716.3881305810025,409.5277566913309
2130244.714024,-716.3881305810025,409.5277566913309
2130251.705798,-716.3881305810025,409.5277566913309
2130257.203102,-716.3881305810025,409.5277566913309
2130261.230413,-716.3881305810025,409.5277566913309
2130269.514808,-715.7608620703313,412.5308459305344
2130272.718351,-715.7946840558886,416.8704974787661
2130281.262698,-712.0582043652287,420.19138574480337
2130286.601433,-618.8803363718041,448.9389786761129
2130293.618864,-569.9838383612209,467.2121367399203
2130301.999865,-516.8952598408663,486.8031545589624
2130307.265112,-501.0042726179373,499.5042527588273
2130320.906149,-501.0042726179373,499.5042527588273
2130324.675241,-501.0042726179373,499.5042527588273
2130328.296917,-501.0042726179373,499.5042527588273
2130339.993043,-501.0042726179373,499.5042527588273
2130342.774459,-501.0042726179373,499.5042527588273
2130349.988329,-479.4257852449636,504.6804994717977
2130356.986624,-465.5763756998799,513.2727856032352
2130365.831896,-484.6975764548936,537.4989403867081
2130375.013316,-510.01292336507385,566.010614055495
2130376.162123,-510.01292336507385,566.010614055495
2130379.294576,-510.01292336507385,566.010614055495
2130384.329372,-513.0798195672452,569.4334224934581
2130391.577743,-542.148284559257,606.817663083887
2130398.576435,-548.0740389899323,615.282862437343
2130410.610535,-548.0740389899323,615.282862437343
2130413.336361,-548.0740389899323,615.282862437343
2130419.73898,-548.0740389899323,615.282862437343
2130426.345718,-556.1070990690368,622.2195548463094
2130433.758394,-602.877373028548,682.8028366139827
2130441.023241,-634.2721077773633,719.8927524693646
2130447.353575,-662.7879544557678,714.6985000805939
2130455.657562,-663.0050953202175,677.1475048872608
2130461.628294,-653.2707552220882,649.0052734841747
2130470.8685,-644.8137234388756,615.3677325848086
2130479.868606,-663.9572637610872,591.0591578348439
2130482.579241,-690.1770755120419,580.2045952251581
2130491.746334,-707.9601990095426,575.7914914836356
2130496.345502,-745.2384860840219,567.9150304290903
2130504.190338,-768.7851398309652,543.3830579912405
2130511.385238,-791.1236148444301,535.0014820669469
2130517.92201,-804.8463678256599,528.9227291472631
2130524.59503,-808.9849992232288,526.1226338833927
2130531.248727,-814.9489477460178,523.5340220313739
2130541.751163,-814.9489477460178,523.5340220313739
2130545.301466,-814.9489477460178,523.5340220313739
2130553.83216,-814.9489477460178,523.5340220313739
2130559.767736,-814.9489477460178,523.5340220313739
2130567.63506,-814.9489477460178,523.5340220313739
2130573.729673,-814.9489477460178,523.5340220313739
2130581.852884,-814.9489477460178,523.5340220313739
2130587.719725,-814.9489477460178,523.5340220313739
2130594.72925,-814.9489477460178,523.5340220313739
2130605.03389,-814.9489477460178,523.5340220313739
2130608.718183,-823.4730628729752,518.8795567433237
2130615.253032,-823.4730628729752,518.8795567433237
2130624.986907,-823.4730628729752,518.8795567433237
2130632.462363,-823.4730628729752,518.8795567433237
2130636.437332,-823.4730628729752,518.8795567433237
2130643.749999,-823.4730628729752,518.8795567433237
2130650.858509,-823.4730628729752,518.8795567433237
2130657.29835,-823.4730628729752,518.8795567433237
2130666.931812,-823.4730628729752,518.8795567433237
2130680.12139,-823.4730628729752,518.8795567433237
2130680.135992,-823.4730628729752,518.8795567433237
2130685.350491,-823.4730628729752,518.8795567433237
2130693.607245,-823.4730628729752,518.8795567433237
2130699.799639,-823.4730628729752,518.8795567433237
2130706.80092,-823.4730628729752,518.8795567433237
2130714.919265,-823.4730628729752,518.8795567433237
2130720.344622,-823.4730628729752,518.8795567433237
2130727.353375,-823.4730628729752,518.8795567433237
2130735.451474,-823.4730628729752,518.8795567433237
2130745.383768,-823.4730628729752,518.8795567433237
2130748.342906,-823.4730628729752,518.8795567433237
2130755.97078,-823.4730628729752,518.8795567433237
2130763.820271,-823.4730628729752,518.8795567433237
2130769.353552,-823.4730628729752,518.8795567433237
2130776.932947,-823.4730628729752,518.8795567433237
2130785.664488,-823.4730628729752,518.8795567433237
2130790.257933,-823.4730628729752,518.8795567433237
2130797.653074,-823.4730628729752,518.8795567433237
2130804.360266,-823.4730628729752,518.8795567433237
2130820.058061,-823.4748477371461,518.879487679683
2130820.061828,-823.4748477371461,518.879487679683
2130825.266145,-823.4748477371461,518.879487679683
2130833.289372,-823.4748477371461,518.879487679683
2130840.263812,-823.4748477371461,518.879487679683
2130848.253147,-823.4748477371461,518.879487679683
2130853.770982,-823.4748477371461,518.879487679683
2130861.539056,-823.4748477371461,518.879487679683
2130867.600559,-823.4748477371461,518.879487679683
2130877.286777,-823.4748477371461,518.879487679683
2130881.354175,-823.4748477371461,518.879487679683
2130888.358525,-823.4748477371461,518.879487679683
2130896.507852,-823.4748477371461,518.879487679683
2130902.352451,-832.115876701577,513.995154591723
2130915.163761,-838.765842071374,510.543554714342
2130918.282099,-838.7674499917977,510.5422939766236
2130923.684344,-838.7674499917977,510.5422939766236
2130931.474336,-838.7674499917977,510.5422939766236
2130937.894642,-838.7674499917977,510.5422939766236
2130944.281042,-838.7674499917977,510.5422939766236
2130951.84253,-838.7674499917977,510.5422939766236
2130958.854624,-838.7674499917977,510.5422939766236
2130966.825443,-838.7674499917977,510.5422939766236
2130972.918464,-838.7674499917977,510.5422939766236
2130979.974375,-838.7674499917977,510.5422939766236
2130997.813176,-844.3751432144364,507.11339909898265
2130997.816961,-844.3751991529168,507.1133664223301
2131007.536094,-844.3751991529168,507.1133664223301
2131007.536689,-844.3751991529168,507.1133664223301
2131011.222477,-844.3751991529168,507.1133664223301
2131018.801555,-844.3751991529168,507.1133664223301
2131025.12002,-844.3751991529168,507.1133664223301
2131032.742218,-844.3751991529168,507.1133664223301
2131041.055295,-844.3751991529168,507.1133664223301
2131046.710782,-844.3751991529168,507.1133664223301
2131054.651139,-844.3751991529168,507.1133664223301
2131066.349291,-844.3751991529168,507.1133664223301
2131068.137728,-844.3751991529168,507.1133664223301
2131076.527453,-844.3751991529168,507.1133664223301
2131081.073879,-844.3751991529168,507.1133664223301
2131089.071475,-844.3751991529168,507.1133664223301
2131096.228117,-844.3751991529168,507.1133664223301
2131102.815384,-844.3751991529168,507.1133664223301
2131111.164913,-844.3751991529168,507.1133664223301
2131117.829204,-844.3751991529168,507.1133664223301
2131123.017315,-844.3751991529168,507.1133664223301
2131130.127836,-844.3751991529168,507.1133664223301
2131139.267372,-844.3751991529168,507.1133664223301
2131144.042172,-844.3751991529168,507.1133664223301
2131152.013255,-845.6933357559274,506.3004490051661
2131158.950152,-845.6933357559274,506.3004490051661
2131166.166317,-845.6933357559274,506.3004490051661
2131172.789221,-845.6933357559274,506.3004490051661
2131179.951251,-845.6933357559274,506.3004490051661
2131187.068324,-845.6933357559274,506.3004490051661
2131194.309128,-845.6933357559274,506.3004490051661
2131202.073365,-845.6933357559274,506.3004490051661
2131208.721771,-845.6933357559274,506.3004490051661
2131215.331622,-845.6933357559274,506.3004490051661
2131223.360157,-845.6933357559274,506.3004490051661
2131228.050305,-845.6933357559274,506.3004490051661
2131237.080234,-845.6933357559274,506.3004490051661
2131244.598359,-845.6933357559274,506.3004490051661
2131249.762469,-845.6933357559274,506.3004490051661
2131256.831005,-845.6933357559274,506.3004490051661
2131265.505173,-845.6933357559274,506.3004490051661
2131272.148574,-850.4703328168371,504.1289128616474
2131278.273485,-870.3153181029705,496.3278758940413
2131284.023057,-891.3443341016829,484.9069728077152
2131292.721766,-910.044057513308,468.03451942226695
2131298.455109,-935.2460104868796,466.4804823029346
2131305.406315,-952.8883735303448,463.8086815102719
2134217.456805,67.49044840869297,180.9850502303835
2134225.661612,10.811443510450005,129.12345626970858
2134231.352506,-51.59068968370628,73.73259391612804
2134240.838229,-51.59068968370628,73.73259391612804
2134245.532944,-51.59068968370628,73.73259391612804
2134252.929973,-51.59068968370628,73.73259391612804
2134261.323377,-51.59068968370628,73.73259391612804
2134269.057339,-51.59068968370628,73.73259391612804
2134273.796746,-51.59068968370628,73.73259391612804
2134282.462568,-70.79786780511886,56.91381474170239
2134288.060906,-122.43084163118552,10.921099665820412
2134294.289215,-152.7007504329128,-17.955810323883625
2134302.745108,-152.41025860229595,-22.781764240487657
2134308.650122,-152.41025860229595,-22.781764240487657
2134339.632646,-57.45936978081101,-20.030152986282847
2134343.35966,-59.14025676676824,-12.003409945111176
2134350.350677,-59.14025676676824,-12.003409945111176
2134359.050576,-104.56760364267912,23.83580038285527
2134366.39137,-166.10702145736693,-25.567846728037225
