time,x,y
0.0,0.0,0.0
14.677433,-58.5656242013617,178.3174654155406
29.342099,-52.86386663329434,296.2947419506842
34.54301,-35.815491812606794,303.10619126652523
44.375469,9.559512347547225,333.9816002362945
59.669298,-33.860244904322094,352.3809449428325
74.670654,-48.72210178851998,328.21384480319074
89.665239,-48.72210178851998,328.21384480319074
104.670483,-48.72210178851998,328.21384480319074
120.101389,-48.72952163521177,328.1779966276228
134.678441,-41.31543765531235,321.94846545128013
149.669496,-40.853288260401584,320.92162074185194
164.663494,-40.853288260401584,320.92162074185194
179.415396,-39.179766050109855,319.18181774015005
194.678397,-39.179766050109855,319.18181774015005
209.447562,-38.13207927536385,318.35380072947186
224.356139,-40.19434436625061,313.5299407653746
239.671608,-41.92529537724754,316.9258290579287
254.667884,-41.92529537724754,316.9258290579287
269.674551,-41.6379077637687,316.79132320887743
284.945447,-41.6379077637687,316.79132320887743
299.670076,-41.6379077637687,316.79132320887743
314.677184,-41.6379077637687,316.79132320887743
329.339399,-42.65581509206079,316.4811618557935
344.67837,-42.65581509206079,316.4811618557935
359.657019,-42.95405404711588,316.6189485524884
374.348012,-43.85368973852191,316.9182852129959
389.671731,-45.42873789953178,317.2285193072559
404.661528,-45.42873789953178,317.2285193072559
419.9165,-45.42873789953178,317.2285193072559
434.670321,-45.42873789953178,317.2285193072559
449.339722,-45.42873789953178,317.2285193072559
464.674187,-44.66709591943608,317.10408304532325
479.658876,-44.66709591943608,317.10408304532325
494.66109,-44.66709591943608,317.10408304532325
509.671947,-44.66709591943608,317.10408304532325
524.658321,-44.407776676755205,317.06333461119425
539.347467,-45.07159854526755,317.13903560886604
554.673943,-45.07159854526755,317.13903560886604
569.662024,-45.520965879017794,316.6818781727923
584.674389,-45.520965879017794,316.6818781727923
599.349361,-45.520965879017794,316.6818781727923
614.935343,-50.21473483648576,317.63773888010803
629.671545,-51.62606904170275,318.9612743918221
644.657172,-50.6434800839903,318.79550432716104
659.569553,-50.6434800839903,318.79550432716104
674.674305,-48.33731772680542,318.09179946892743
689.891519,-45.28360175783353,318.41349757427514
704.67349,-43.10469998640694,318.85471311325927
719.661196,-43.10469998640694,318.85471311325927
734.34775,-43.10469998640694,318.85471311325927
749.670197,-43.93855359343224,318.8798741663528
764.383583,-43.35785825705627,318.60169553659165
779.943224,-42.94598971420164,318.6682600687232
794.337376,-45.60237844797837,319.0744622885987
809.671438,-49.26041168793664,321.0889647442389
824.335674,-49.26041168793664,321.0889647442389
839.671711,-50.21470262284679,320.6940232609988
854.660813,-50.47464892550624,320.68204156878875
869.674615,-49.46501144261627,319.4617154879365
884.3354,-49.67596179094271,319.37998381586783
899.663296,-49.67596103578583,319.3799710754958
914.674127,-49.67596103578583,319.3799710754958
929.659497,-49.67596103578583,319.3799710754958
944.409536,-48.71577436343388,319.78592910589697
959.671695,-46.38873385504855,319.10586726592715
974.660924,-46.388691833067135,319.10587868353184
989.335403,-47.100927032854266,315.8069758390949
1004.674463,-46.03730754568741,316.98702917498207
1019.65971,-44.10991157933404,320.8925962686978
1034.85958,-44.08329393711614,320.3567247683993
1049.657103,-38.358182498598,322.6039756100664
1064.373392,-39.32221439613659,322.89692260215014
1079.670384,-39.1027245780924,323.9399977538414
1094.335301,-39.87463835511761,325.0993855660628
1109.945252,-41.94034764515328,323.67042884191784
1124.674087,-41.94034786920918,323.67042873095136
1139.383697,-42.52795059011736,323.4231027847172
1154.335373,-45.84381464978041,321.92351115649274
1169.671614,-45.84381464978041,321.92351115649274
1184.847731,-45.84381464978041,321.92351115649274
1199.66987,-45.84381464978041,321.92351115649274
1214.660816,-45.84381464978041,321.92351115649274
1229.672694,-45.84381464978041,321.92351115649274
1244.67327,-45.84381464978041,321.92351115649274
1259.662362,-45.84381464978041,321.92351115649274
1274.338046,-45.93474829643122,322.2431717585305
1289.671782,-45.93474829643122,322.2431717585305
1304.659571,-45.82530340373163,322.3986476850648
1319.671527,-46.899274839850335,322.00441478066807
1334.659541,-47.46537919566696,321.88542473463497
1349.661128,-47.33299288512789,322.02212223484986
1364.674217,-47.33299288512789,322.02212223484986
1379.333595,-45.97957328071057,323.10779777797705
1394.353724,-44.60896981456944,323.1140049798628
1409.663613,-44.48584130540882,323.0795252476875
1424.655571,-44.31527694029371,322.9332512849166
1439.9436,-44.39540492697869,322.8908398241528
1454.67417,-44.39540492697869,322.8908398241528
1469.661986,-46.35254057472477,323.48151220090324
1484.349192,-46.36040117064863,323.4834246395636
1499.659468,-47.46957170766499,324.0236788850449
1514.333206,-47.1253841373578,324.5702282471989
1529.671349,-47.1253841373578,324.5702282471989
1544.660769,-47.1253841373578,324.5702282471989
1559.658544,-47.1253841373578,324.5702282471989
1574.33728,-47.1253841373578,324.5702282471989
1589.671472,-47.1253841373578,324.5702282471989
1604.95174,-47.23394646098922,324.1677543234975
1619.671349,-47.23394646098922,324.1677543234975
1634.669496,-42.92546904008512,325.50964991353163
1650.91138,-43.82794935436255,325.53384604777006
1664.364022,-43.92929512003337,325.53875993361595
1679.331194,-43.92929512003337,325.53875993361595
1694.660917,-43.64003573681881,325.5587519496096
1709.660068,-41.740613998568726,326.6381449122468
1724.655405,-48.7715959155521,323.92421156796894
1739.671632,-49.58470993418721,322.537137521095
1754.660932,-49.56571631521385,322.4714558171531
1769.959462,-49.59179647648111,322.38877481725086
1784.674378,-49.59179647648111,322.38877481725086
1799.379462,-49.67985169346596,322.5952451107828
1814.673975,-49.900429626377424,322.90239815575904
1829.662291,-49.970099970155445,323.1237028001429
1844.664983,-49.3024867897662,322.90141126390006
1859.657328,-49.302486449407546,322.90141115293284
1874.674119,-47.051087959066194,323.22292488255016
1891.394065,-42.634126250551816,323.74849290490124
1904.67411,-39.71280679063947,325.3207886968999
1919.329552,-37.201171237768285,325.8556386121953
1934.653484,-43.185796801623134,325.32338251323773
1949.671569,-46.30663284437004,327.13790808013795
1964.663637,-47.85048253794295,327.25202414678137
1979.659696,-49.399545585150825,326.3952666960431
1994.678416,-49.399545585150825,326.3952666960431
2009.648804,-49.08049097251328,322.67288219359347
2024.335604,-47.1023407432699,320.6684497425418
2039.654336,-46.1275065878792,321.79955991939545
2054.417284,-49.11213398147516,321.28795653573167
2069.661538,-48.00859391414488,319.3385237025602
2084.653911,-46.09151579130673,321.04893728566145
2099.659491,-45.28320751980846,321.80198123054123
2114.430245,-46.841027772502535,321.5559969713294
2129.648846,-48.402216976641135,316.9218100060899
2144.646159,-49.34435578138154,313.25672897158216
2159.65001,-51.47125314488464,303.3840226367167
2174.417303,-51.600515864514,303.44077486570046
2189.360337,-48.13497715030865,305.2137292758146
2204.652799,-44.22430657426894,304.2405163182428
2219.645286,-46.95580527186061,302.3922981374682
2234.645991,-47.02521142674132,300.0708709486715
2249.393817,-43.44412362401181,299.708015454861
2264.945437,-44.35215686148604,305.2834454228911
2279.654179,-43.53740403613476,304.10676747931365
2294.371792,-44.53364037236132,307.2587208007256
2309.653993,-43.54738172076174,308.20267719693805
2324.660936,-47.04561184371055,305.3379053843214
2339.440616,-45.509390272868046,308.44380087913805
2354.644685,-43.84448897883086,311.1000953996103
2369.341784,-43.49067338408124,313.5169774689085
2384.347331,-42.71303257163061,314.495227617533
2399.654442,-42.45665040996787,317.70008707592666
2414.661119,-43.45758388694497,320.6609423623251
2429.951597,-45.919071964262535,320.39970865892417
2444.335786,-42.96186304502651,320.4308101877048
2459.654178,-45.93130830437359,313.91813408028673
2474.651285,-44.74234179895935,314.09019834711125
2489.323814,-43.50217957608746,313.61993214971835
2504.334216,-40.76745239035424,315.2632572944848
2519.653602,-42.51499968587473,315.18023468351697
2534.335882,-45.3437091931245,315.8464528830664
2549.648782,-42.0800340347697,325.0505337069033
2564.660796,-44.04919891669144,322.2421879444215
2579.644717,-50.505445778023706,322.0143833813441
2594.983108,-49.09748298031694,322.8169489789749
2609.340734,-47.73211445957952,321.8654602661046
2624.647545,-47.32143840612417,316.34253470363444
2639.654207,-42.39631668351069,304.97388080615724
2654.646075,-35.34922339426834,304.197665146947
2669.649415,-31.36403260582937,302.6861751330818
2684.64862,-33.145113359238465,304.13046672206974
2699.656572,-27.05215881639417,307.02015385003955
2714.660995,-23.82841777249718,307.36612172305075
2729.605924,-32.24836242884496,309.0239253943213
2744.652781,-40.14148626682635,307.5140485904747
2759.333635,-49.514103730526486,302.90465530220695
2774.325528,-48.12367345885796,305.10448242635965
2789.327561,-57.71612250088097,306.5552716855049
2804.653033,-55.31021432445781,308.2694773876353
2819.657015,-59.21201767765154,309.22749508789127
2834.649323,-54.44511943969432,310.8418861951216
2849.755789,-54.81818773074336,312.3497699545311
2864.323375,-57.19165654703168,313.501043114736
2880.619752,-57.04373365404132,310.4817220450926
2894.325457,-55.64563561928929,306.75424194747166
2909.3299,-54.0068767727408,307.2844028579686
2925.832207,-54.35245368163356,306.8813701666608
2939.654038,-54.35245368163356,306.8813701666608
2954.325834,-54.35245368163356,306.8813701666608
2969.653276,-54.27173254981231,308.72130374700174
2984.671427,-53.656533068241465,310.0577123007599
2999.722465,-53.13976495831085,312.3789548249477
3014.329558,-54.8958799871652,311.3816762870828
3029.417066,-52.96719691584765,311.825470188376
3044.41395,-52.951667312000666,314.0076982385592
3059.325478,-51.69839226248046,314.73231985431
3074.33669,-51.69839226248046,314.73231985431
3089.339634,-56.54605689907466,313.8716188653103
3105.001532,-55.80490800989831,313.74242080606945
3119.652947,-64.98763945422176,313.3450588497332
3134.424318,-62.32051871518931,313.1153021892752
3149.321547,-61.49400852039585,313.5744057476768
3164.329949,-61.97507085940805,312.91895110990754
3179.331584,-65.52597412375425,310.141824643416
3194.652914,-65.92049952972515,310.1109666824476
3209.646167,-65.37073071307077,308.3801153076152
3224.326203,-63.853318135009,307.7344247053365
3239.654261,-61.581421989651936,307.212502336161
3254.79424,-60.60982820547517,307.52387023237105
3269.369996,-60.18003469926071,308.49057302398256
3284.64784,-60.1800347076628,308.4905730349365
3299.483612,-63.99482566730533,309.99731674046404
3314.659311,-62.79737183795057,310.2767172178895
3329.4576,-62.53175305187965,310.9790245685239
3344.324264,-61.75311898924928,311.4585510302539
3359.64903,-62.50290646163352,311.96974916230533
3374.325676,-62.45176515512324,312.0603800945669
3389.668986,-60.14896578287026,311.82492615908865
3404.652997,-51.19087680078948,311.9291640362744
3419.939481,-51.99321377154583,312.2238737716883
3434.653254,-51.79993691049844,312.2419462515848
3449.64622,-51.92198272355383,311.2004238520136
3464.321599,-52.72844992864021,312.7948294476162
3479.647973,-50.410944355805626,315.6042825395145
3496.433884,-52.57037050045328,315.59544745582417
3496.435304,-52.57037050045328,315.59544745582417
3498.100353,-55.77282485724499,315.7342136247044
3513.598636,-57.47920990012274,316.8716587370965
3529.78468,-52.14660887159043,317.9504281532333
3543.399516,-54.55218814970674,317.00945977332265
3558.395585,-55.26974785711927,316.4141293801175
3573.071635,-56.899528916166815,314.373292316611
3588.075622,-59.27077194611966,314.1605771699776
3603.410893,-56.563195095844335,315.897846341186
3618.411762,-55.30988843852176,317.72349666767235
3635.498357,-51.68020098581764,317.6291928040484
3648.396856,-46.65962233921704,319.86774367152174
3663.699658,-47.9933819645376,321.0456107976129
3678.406116,-47.3324917749379,320.9667487641447
3693.680935,-44.18422076097596,321.69789443214046
3708.164088,-41.75789246775426,320.0801070581635
3723.394538,-40.466358257330384,317.10403409537054
3738.399108,-38.46666153342368,315.3527378379947
3753.402477,-41.42143809974761,313.96571496957324
3768.398451,-37.751397018378725,313.75881758625343
3783.06819,-33.270167410227835,310.46104666372395
3798.401713,-37.046088355333325,311.2306608350464
3813.390091,-35.45035670997462,310.91281496552034
3828.77399,-36.11246569417091,305.8996607794254
3844.47795,-39.68615340811297,305.92059444496647
3858.412772,-44.711850236480274,306.3118334778253
3873.399691,-49.68317850662694,309.2534744944255
3889.554143,-53.48900228370032,310.1711809517215
3903.40365,-57.19375366188714,309.2069160737513
3918.400729,-60.37887571946642,310.6216876719033
3933.289705,-59.27760703694748,309.4333770122349
3948.677636,-61.69696785854735,308.82414577643067
3963.404495,-62.84978390204439,309.0028679498135
3978.217624,-60.09467122781769,307.0767706942356
3993.088092,-59.50014389528097,306.26386139552505
4008.146551,-59.101781861091325,306.5563294518034
4023.3983,-58.90521155367328,306.8866173670969
4038.394462,-58.76188510289317,306.97133555927513
4053.410429,-58.49938975015528,312.1178136576581
4068.399704,-58.49794994209013,312.1183822986863
4084.512936,-58.49794994209013,312.1183822986863
4098.403563,-59.75552316424749,312.32608790486967
4113.430046,-59.87777686330735,312.97578166786604
4128.069545,-61.14760780168864,311.640610131313
4143.390906,-67.817648240029,311.3815668041844
4158.68366,-73.35597158373025,306.29988808399014
4173.67588,-73.90150623152641,305.8876947375697
4188.950712,-71.80367615674902,304.6556300520496
4203.466522,-68.04902138541368,304.5497385120723
4218.391893,-67.6155194910059,306.8911753041305
4233.171998,-70.08099813605666,305.5667870786284
4248.648719,-68.3123379173726,306.3120272964821
4264.446069,-68.05437274599439,306.7709619548229
4279.93969,-66.04243506010087,305.77921753553426
4293.399929,-57.68653660114902,302.03131355008674
4308.388907,-57.03954070218615,300.6406211671999
4323.388218,-56.97102046881034,300.5940510951875
4338.070005,-56.36044309579213,300.0506927014078
4353.400245,-48.811654220380255,298.8371070591699
4368.392156,-40.98429153053687,292.1786024255175
4383.154203,-40.38773596618448,291.28201641568063
4398.064297,-37.91401337436655,291.0416342755715
4413.41889,-36.673334722806544,294.7510138229557
4428.065974,-37.41892515225606,299.7773378435588
4443.0721,-40.20880384559309,305.7229949047304
4458.065609,-40.34455209551176,305.70439704622464
4473.686195,-40.34455209551176,305.70439704622464
4488.665193,-43.177778946897085,310.1928408023902
4503.400034,-42.70436901090406,309.8452304277563
4519.785248,-40.238499189858366,309.1396838143096
4533.390557,-40.38986607474727,311.0718426856228
4549.364456,-40.19435122044529,308.86182749721115
4563.105828,-38.93799125795886,308.6060107039258
4579.201393,-38.93799125795886,308.6060107039258
4593.400188,-38.93799125795886,308.6060107039258
4608.388162,-38.93799125795886,308.6060107039258
4623.064436,-38.91211990368402,308.6499944903946
4638.390665,-38.97254247862939,309.0114800905289
4653.687131,-39.40546247182572,312.9825676289033
4668.124361,-39.7917576727544,313.87029557081627
4684.871148,-39.17504199007333,313.3743549916151
4698.203786,-40.354005128010655,313.97830504279915
4714.715781,-42.8834573696639,313.0915173521957
4728.06371,-44.80465159494905,314.73137373759084
4743.387056,-46.94523900605717,314.9745988812601
4758.390401,-46.9452390641348,314.9745989257882
4773.73878,-52.32424288370919,318.14328429479406
4788.39999,-54.53389720368703,318.0044955665332
4803.388155,-53.82452060078616,310.13863348444835
4821.619371,-53.66713269272756,310.8276787117628
4833.065305,-54.175209177601744,311.8283073051675
4848.386935,-51.48625168197117,312.26082289680124
4863.108816,-49.74871728854348,308.54406376605675
4878.394475,-47.67370469830479,308.3702553573022
4894.154576,-43.3721877205846,302.5572643742745
4908.393121,-43.71103916581865,302.06342673941487
4923.386834,-46.62500929695044,305.05805692537723
4938.385763,-44.74003048326014,307.441499921773
4953.383797,-44.05835116518162,308.4458772809705
4968.351723,-48.07675630531525,308.3862353171721
4983.062348,-42.92544038657667,302.8869021650686
4998.419783,8.955689033762166,322.71050151363784
5013.38677,8.955689033762166,322.71050151363784
5015.276339,238.49221312925096,396.1072831534119
5028.390861,360.7608131048096,435.947147255276
5043.15205,508.5628083671787,492.83325742607343
5059.415145,626.4027091958772,525.9587485755424
5073.725549,648.3386554861214,563.857558431637
5088.07225,648.3386554861214,563.857558431637
5103.061948,632.4206637197623,580.5329937411342
5118.062625,576.968096187919,665.2485606529197
5133.398298,682.8799103151173,786.3525050454068
5148.672192,722.4133902674413,808.3237189052891
5163.392192,722.4133902674413,808.3237189052891
5178.202077,742.4245050715568,840.4803174607301
6423.054295,922.862109133716,147.7922655662828
6438.381761,877.7936766398424,100.1082438457041
6453.1061,678.1744207460912,-68.45219257137597
6769.91624,-147.0835365555902,164.42053710850143
6784.604542,-134.88336817638776,180.94606451667624
6799.899488,-51.02049272182335,193.5078176325116
6814.895571,-51.02049272182335,193.5078176325116
6834.062564,-51.02049272182335,193.5078176325116
6844.688944,-51.02049272182335,193.5078176325116
6859.648828,-51.02049272182335,193.5078176325116
18734.533674,-88.44312101733061,273.2577779306015
18749.53623,-17.647336548847587,311.197764248773
18765.55929,56.66107440639017,343.1256490525197
18779.246974,56.66107440639017,343.1256490525197
18794.525409,56.66107440639017,343.1256490525197
18809.544588,382.75843505879953,471.3615556346187
18824.539473,382.75843505879953,471.3615556346187
18839.826329,560.848014197928,501.3630230464871
18854.541505,560.848014197928,501.3630230464871
18869.538319,558.1213262286182,502.74673787435455
18884.24651,558.6917210144751,504.8873125034048
18900.636113,641.8022705958685,556.1925066652642
18915.959556,658.9205777740351,576.7052570962927
18929.661743,658.9205777740351,576.7052570962927
18944.586921,888.3259022747012,708.3592738047631
22729.332661,782.9176516895092,63.460890568679126
91598.471402,53.12439584114524,-95.74203822034464
91629.251255,-12.600615189405977,63.716461084181525
91629.251849,-12.600615189405977,63.716461084181525
91630.11985,-12.600615189405977,63.716461084181525
91640.348766,-25.45138092611035,97.40015160016078
91650.344755,-43.23656157008355,139.06203846090756
91660.628667,-57.29864873973845,203.22073169716975
91670.081365,-69.57937140814651,238.02982718914416
91680.077487,-76.04319258660739,270.39915951707945
91692.166011,-17.920712610260875,299.0384779600917
91700.34172,-0.9728911541577052,308.54854051965225
91710.067461,8.132514149442617,325.51877062889633
91720.339187,1.3412418993038335,354.64472897249766
91730.361138,-11.595187503684954,355.7918557139295
91742.060218,-11.595187503684954,355.7918557139295
91742.090971,-11.595187503684954,355.7918557139295
91751.004715,-45.8079351068452,318.9656413289354
91761.231997,-45.80793528107816,318.9656413515523
91771.471974,-45.80793528107816,318.9656413515523
91780.086713,-47.39282224020226,319.69017854828843
91790.174079,-47.39282224020226,319.69017854828843
91800.92397,-47.39282224020226,319.69017854828843
91810.348359,-48.170257506999775,324.31530599632765
91820.344873,-47.96720190985749,329.4788070343266
91830.356496,-47.979264859582784,331.0913864972174
91842.019135,-47.977845772120055,331.09273808022334
91850.057276,-46.52426967165911,329.0353362175638
91860.037887,-45.04386652440664,328.6204479088888
91870.343033,-43.6564666052837,329.1163393856075
91880.132557,-43.6564666052837,329.1163393856075
91890.344374,-44.01535741391156,326.5483360718174
91900.358404,-49.29403410221087,325.33196948532947
91910.356297,-51.0134754195874,327.2187904896631
91921.231826,-51.549675781721966,326.8325933424667
91930.344084,-51.3557449912324,327.5943371931322
91941.866938,-49.754554905586346,327.9324162442678
91950.344197,-48.32549919156905,327.94319934191105
91964.956797,-46.34705203694276,316.784985787745
91970.350507,-43.92583654828651,311.0468688533367
91980.361548,-44.107948355575616,311.23539192081347
91990.407687,-50.37323523934901,313.3429182714098
92000.152442,-48.203587028897886,312.80575867056206
92010.549548,-47.60690197983323,312.79141816864603
92020.379202,-48.21713070504698,313.6852548134083
92030.431347,-48.30149520890099,314.45209327156124
92041.327369,-51.67428193874847,319.7759908498066
92050.425517,-51.31145071669813,321.1255564976257
92060.437893,-51.026124502678286,320.9011277066466
92070.021929,-51.98023057082251,322.77938642782505
92082.05275,-48.06274141732157,325.6933643500381
92092.823193,-48.06274141732157,325.6933643500381
92102.006844,-42.954923281024605,328.1123284975255
92110.348075,-43.756146337908085,327.5425708447
92120.062299,-46.9489502238419,320.5833730109205
92130.348345,-47.08452272666019,320.28540010599846
92140.348255,-48.52331446596665,318.12139250497006
92152.630073,-48.65626954170546,317.2043114123717
92160.070229,-48.65626954170546,317.2043114123717
92170.241789,-47.90987902701571,325.14196863160174
92180.698467,-49.10926170081747,326.29190933621726
92190.347756,-50.59463923074198,326.34659036394885
92201.772818,-66.92350028968573,324.70397836829926
92210.555922,-69.84909538440247,321.6412898928469
92220.344428,-72.63069228291178,320.5448413838439
92230.348492,-70.1972507107644,320.4697733940353
92240.077905,-69.69644075554487,320.543958711013
92250.340275,-69.98720768496885,320.2432967449447
92260.056108,-69.0638358594278,319.8563348303872
92270.369597,-70.04818462789954,319.4919299235613
92280.029226,-71.92193742087693,319.17836202129024
92290.925296,-72.26114231858678,319.1290569249937
92300.347129,-73.00410148800297,318.38439803893334
92310.018385,-73.00410148800297,318.38439803893334
92320.346955,-73.00410148800297,318.38439803893334
92330.340165,-72.40978958434529,316.60195507634614
92340.340322,-68.7391994374813,315.7192254642736
92350.351958,-63.4835754373438,315.59590129389034
92360.150515,-49.19283682429033,310.4209037136362
92370.166099,-42.40986074129188,306.4360883027677
92380.342512,-39.13338557283264,313.7266020432904
92390.34929,-38.22342725815015,316.52603733506936
92400.026408,-40.29081121121815,316.9474720158678
92410.7982,-40.29081121121815,316.9474720158678
92420.348378,-40.29081121121815,316.9474720158678
92430.671907,-53.22324912540107,309.34891471837426
92440.338608,-53.17493645935255,309.05012010119924
92450.038313,-54.28163173364922,308.82467573161694
92460.03074,-54.28163173364922,308.82467573161694
92470.018403,-54.28163173364922,308.82467573161694
92480.353087,-54.28163173364922,308.82467573161694
92491.171263,-54.28163173364922,308.82467573161694
92501.382809,-54.28163173364922,308.82467573161694
92510.770238,-64.03761505098534,310.0479597673676
92521.030794,-64.04958504462893,310.5591600194278
92530.059722,-71.84111164904823,315.9856243408344
92540.351036,-71.64737505238976,318.9642404860533
92550.604748,-70.55956431751432,319.15410198841823
92561.099727,-71.27341339631724,319.5065198708989
92570.454857,-72.29656581870466,321.5843558478405
92580.064016,-72.29656581870466,321.5843558478405
92590.026029,-67.40615929712816,322.42619438577725
92600.342622,-61.48435970901891,323.8517514334752
92610.066586,-61.15303224429658,321.9332402977844
92620.065409,-63.20586619323028,320.729358909442
92630.348452,-62.48176210488623,321.2246428077028
92640.017992,-58.08892741611947,320.2940261865738
92652.372578,-62.120338792710335,319.4628521819442
92660.349767,-65.53032450024241,318.2866038572751
92670.017874,-65.53032450024241,318.2866038572751
92680.025289,-65.99046781951905,319.304636958886
92690.029978,-67.47556388361706,315.66092904188963
92700.525682,-66.65813786750707,314.5905908457276
92710.018269,-55.44928015997108,318.2685811598809
92715.325947,-55.44928015997108,318.2685811598809
92720.271852,-55.44928015997108,318.2685811598809
92730.652983,-55.44928015997108,318.2685811598809
92740.062723,-64.22602696578447,303.85804393981243
92750.346785,-64.22602696578447,303.85804393981243
92760.055343,-8.889427945549999,306.43519884257057
92770.362765,-8.889427945549999,306.43519884257057
92780.34589,-8.889427945549999,306.43519884257057
92790.024562,258.1521246028958,400.657213759073
92800.057666,328.06781750234427,426.0741533165008
92810.122059,392.4206294733119,451.0778717832423
92820.016511,433.18064355313766,470.93636632642153
92830.017432,509.00670582539885,496.9624616713773
92841.987159,509.00670582539885,496.9624616713773
92850.34169,564.4057118395481,513.3551283615911
92860.059106,631.5677930356505,541.5019899992802
92873.402361,633.4004310812833,561.2673188712379
92880.342087,633.4004310812833,561.2673188712379
92890.013912,622.5779440155876,586.2906320012945
92900.351774,588.1658510769279,642.8794438150148
92910.018332,570.6031909831572,729.2915659902549
92920.414903,598.6838372613121,757.4455123625771
92930.317468,745.8478042924031,876.0319949361241
93123.430146,751.0426635517407,848.1984466250725
93133.104622,682.4026480678336,794.6027008432329
93142.962766,572.9162769128319,743.9336511266065
93152.64925,572.9162769128319,743.9336511266065
93160.026239,-55.44928015997108,318.2685811598809
93165.103838,572.9162769128319,743.9336511266065
93173.253448,572.9162769128319,743.9336511266065
93183.536516,614.6297655421575,558.2568982213842
93192.645433,614.6297655421575,558.2568982213842
93202.828955,579.9947782755606,535.8974883462794
93212.641351,579.0685679769123,504.4575766987508
93223.100579,598.7945299920516,475.7576136094688
93232.971066,634.8457235599019,449.04862031392906
93242.95154,648.869408950276,439.1997353507651
93252.980408,648.869408950276,439.1997353507651
93263.193141,648.869408950276,439.1997353507651
93273.044019,648.869408950276,439.1997353507651
93283.036801,648.869408950276,439.1997353507651
93293.034083,648.869408950276,439.1997353507651
93302.635605,648.869408950276,439.1997353507651
93315.738951,648.869408950276,439.1997353507651
93323.089604,648.869408950276,439.1997353507651
93333.705693,648.869408950276,439.1997353507651
93342.971386,477.0500883677578,50.71435719299547
93356.78425,453.7217070235116,-52.8212922238716
94146.944612,-55.44928015997108,318.2685811598809
95310.401393,-110.58035930659014,334.55042618381907
95312.088695,-43.02037954580155,308.3954026598702
95322.422809,0.9388839284211372,316.6662436780462
95332.150532,100.73879342108798,351.5485237971302
95342.282949,164.03560954771555,372.5961296069793
95352.413988,164.03560954771555,372.5961296069793
95362.220376,285.95578727287875,408.88682997512535
95372.428505,285.95578727287875,408.88682997512535
95382.100372,415.2909622680568,456.7276906520361
95392.091111,475.9617894187332,480.2297328245759
95402.089484,475.9617894187332,480.2297328245759
95412.416434,501.0091076818095,493.4821580561921
95422.088075,513.3501665253859,501.66594845522326
95432.559743,577.6902715640464,516.8536236483887
95442.783952,605.1969895018718,521.4921087798717
95454.11417,641.6397727295089,549.6222146756817
95462.210777,602.437140903651,617.9499722387482
95472.12722,596.0738456283607,632.4014183241328
95482.247814,584.9960771613526,743.1952056353127
95494.115283,654.1444085788121,774.1079831614957
95502.082511,750.3900626926124,829.5343263230048
95512.134675,756.4018308245556,890.3878707728967
98153.028151,919.3210140215036,120.03549455670728
98163.045484,858.9463324750886,81.01560966437906
98173.32405,778.632346697608,25.52794983127525
98183.330672,733.2660151490963,13.066681309220698
98232.668544,733.2660151490963,13.066681309220698
98232.669204,733.2660151490963,13.066681309220698
98233.461331,733.2660151490963,13.066681309220698
98243.780998,733.2660151490963,13.066681309220698
98253.781498,733.2660151490963,13.066681309220698
98266.661691,733.2660151490963,13.066681309220698
98274.079628,733.2660151490963,13.066681309220698
98283.455953,226.484904952556,399.93052823828776
98293.781856,224.4658548675133,394.7392455403371
98304.077949,214.84365921609137,392.9617606003108
98314.536174,214.84365921609137,392.9617606003108
98323.502555,214.84365921609137,392.9617606003108
98333.79457,214.84365921609137,392.9617606003108
98344.603547,100.03551509761748,329.22059154847847
98353.788434,100.03551509761748,329.22059154847847
98363.778705,100.03551509761748,329.22059154847847
98373.4602,18.821594438751823,321.441314331028
98383.954016,14.986196213392374,334.32909714368685
98393.469743,14.939048295967044,334.69216671505814
98404.449173,13.253661288193534,338.1490687069624
98413.786627,11.690856827671835,347.8447097280473
98423.784166,11.53324482728942,357.073702083426
98433.785564,-0.1409125861644696,364.24544538581193
98443.794986,-21.7122894906423,364.2587873358528
98453.610726,-38.21062105747124,352.8670791824723
98463.50423,-31.14297074811049,309.5979692962992
98473.82046,2.667143434596289,311.0667918585503
98485.290285,12.875776196677622,322.1627491950667
98493.788434,40.9905663036625,330.1744347955505
98504.693676,74.42461248776264,338.16242391845475
98513.785499,82.62140290962101,341.82988610128075
98523.797886,103.086537561706,346.7094361506429
98533.790348,107.31595036549255,345.65873718869574
98543.793269,106.28803072431408,345.47339848305603
98556.055918,106.05279426373964,345.7582672316486
98564.060411,106.78159795728848,343.01104210288395
98577.378131,105.52544262775108,341.6337911438721
98583.497543,103.38946150055526,340.6854159794427
98593.78835,104.69202713938316,342.5856298826735
98603.790886,105.37839852804728,342.68176558483754
98613.782939,105.37778300252576,342.6828050903444
98623.783688,103.74467871524304,342.8249219769102
98633.778831,104.86575640364944,343.77848415705114
98643.532045,108.10462465617437,344.45943167420666
98653.796263,118.28298735020697,334.691733979832
98663.787278,114.61750205842152,338.55834779423185
98674.149102,112.72987562896807,338.6650700636072
98683.87104,110.69178362110875,339.38957474996744
98696.523655,110.69178361270669,339.38957474996744
98703.789725,110.69178361270669,339.38957474996744
98713.484851,110.69178361270669,339.38957474996744
98723.786803,110.69178361270669,339.38957474996744
98736.063534,110.69178361270669,339.38957474996744
98743.504974,110.69178361270669,339.38957474996744
98753.800015,110.69178361270669,339.38957474996744
98765.738888,110.69178361270669,339.38957474996744
98773.798957,110.69178361270669,339.38957474996744
98783.463217,110.69178361270669,339.38957474996744
98793.788325,110.69178361270669,339.38957474996744
98803.469484,110.69178361270669,339.38957474996744
98813.783945,110.69178361270669,339.38957474996744
98823.482568,110.69178361270669,339.38957474996744
98833.879039,110.30580178405388,339.68728877928
98843.782568,110.30580178405388,339.68728877928
98853.781373,110.30580178405388,339.68728877928
98863.489356,110.91634432137582,340.6773963923389
98876.721442,111.28846294435088,340.4935178879851
98883.788315,111.2884628115388,340.49351793251327
98896.83721,111.72917290764504,340.21414002180984
98905.388074,111.72917290764504,340.21414002180984
98913.890748,110.27003590129428,339.8560030399361
98923.786006,109.04050035488967,339.70272946651266
98933.918107,108.35840158897456,340.21699844505014
98945.352329,106.96477401380116,340.9631136690799
98953.500606,106.9306585136349,342.1661040813786
98963.786851,105.85430741800684,342.3099660108361
98973.785635,104.9824239203262,341.9036875020089
98983.568174,105.036356567147,342.9920740211125
98993.794788,105.88787382788328,342.5585891449803
99004.942354,107.59456016092496,343.10813335153813
99013.823435,107.6346868510074,341.96980245322555
99027.656689,108.48986192270462,340.933293900942
99033.540847,108.47334176574746,339.7747331766675
99043.794666,108.47334176574746,339.7747331766675
99053.479267,107.72743650356009,340.0120211546028
99063.783055,104.44095333725998,339.506608518976
99074.090278,104.27006804020668,339.1019279532647
99083.514401,104.26229870756318,338.8287812030132
99093.784383,103.12756271202228,339.7675356965936
99103.781581,103.13492522663816,339.7837031357716
99114.078236,104.64620181841592,340.2962733980769
99123.786917,105.3307612672012,339.98194852197435
99133.786452,105.29711531084226,340.0040389648534
99143.780346,104.73055745157026,340.61640333148574
99153.864362,106.08602633178036,342.58821589210487
99165.553944,107.21635663525896,347.7559654484277
99173.458352,126.71982199624824,357.0891197465276
99183.448846,126.71982199624824,357.0891197465276
99193.472486,215.53731062708317,375.79696831950446
99204.212053,219.28295170409544,377.6696784427807
99213.791289,233.01163624942785,383.761231734359
99224.05812,252.42464996942155,391.2898382707928
99233.452394,371.1869444263023,428.03747624312575
99244.54147,398.3082774620325,445.2568063931369
99253.459824,476.7796310237724,469.55174106011424
99263.509986,476.7796310237724,469.55174106011424
99273.497608,476.7796310237724,469.55174106011424
99283.665017,631.8731822875159,524.2295087038784
99295.973894,711.9733065777583,566.7418568214296
99303.452628,793.0420517736621,602.0040349914071
99321.070915,851.6799847337859,635.3714186097226
99323.454773,894.0330619520817,654.8320637168673
99333.78431,894.0330619520817,654.8320637168673
99343.769446,907.0165715583552,668.7542337012572
99353.774999,907.0165715583552,668.7542337012572
102480.639215,-135.48713551066035,439.8556931921892
102491.239228,-134.7284613315951,438.36908435767833
102501.259627,-145.85638154831426,440.1589167208784
102512.779768,-145.54163079271763,440.063433994076
102521.008279,-144.7093660621759,442.4491750758741
102537.410529,-144.7093660621759,442.4491750758741
102540.650969,-113.94002761685556,367.8926076682189
102570.18087,1.2699951924563,322.7952715776758
102570.181618,1.2699951924563,322.7952715776758
102571.048802,1.2699951924563,322.7952715776758
102581.049502,10.184175524766443,381.7438258075248
102591.375151,10.184175524766443,381.7438258075248
102601.375896,10.184175524766443,381.7438258075248
102614.25932,-88.65316795172113,289.568208294372
102627.718978,-59.61168016051839,201.34300326205835
102628.121325,-59.61168016051839,201.34300326205835
102628.122013,-59.61168016051839,201.34300326205835
102628.970656,-59.61168016051839,201.34300326205835
102639.303231,-38.318669093329625,160.5893189593383
102649.336037,-38.318669093329625,160.5893189593383
102659.364092,-5.160532162930369,64.31230918821242
102669.522708,-2.164644800757284,59.59857707669222
102679.316249,-2.164644800757284,59.59857707669222
102689.273354,10.174412920550049,10.421179133989462
102699.481494,46.05616155601059,-95.89586015996814
173466.19455,-45.64337202365808,165.3569286885416
173474.941442,-71.56646107077968,254.0004307417001
173485.234421,-69.33934375522102,285.59625744586964
173495.227502,13.871263564549134,316.7610350444449
173504.938787,50.17887174868861,325.2861945059321
173515.237156,50.17887174868861,325.2861945059321
173525.223671,50.17887174868861,325.2861945059321
173534.984801,50.17887174868861,325.2861945059321
173545.226397,50.17887174868861,325.2861945059321
173555.190831,50.17887174868861,325.2861945059321
173565.52897,50.17887174868861,325.2861945059321
173575.228927,50.17887174868861,325.2861945059321
173581.514609,50.17887174868861,325.2861945059321
173584.899207,50.17887174868861,325.2861945059321
173595.395942,50.17887174868861,325.2861945059321
173605.230094,50.17887174868861,325.2861945059321
173615.230073,50.17887174868861,325.2861945059321
173626.606016,50.17887174868861,325.2861945059321
173635.005392,50.17887174868861,325.2861945059321
173644.927164,50.17887174868861,325.2861945059321
173654.965375,-21.600959551272087,311.98162291414525
173664.914949,-21.600959551272087,311.98162291414525
173675.541006,-29.81381184696974,333.2404067926491
173685.369801,-29.81381184696974,333.2404067926491
173695.225722,-29.81381184696974,333.2404067926491
173705.230098,-29.81381184696974,333.2404067926491
173715.329927,-29.81381184696974,333.2404067926491
173725.222262,-29.81381184696974,333.2404067926491
173735.225916,-29.81381184696974,333.2404067926491
173745.253792,-29.7551626832777,333.11998659142154
173755.238482,-29.7551626832777,333.11998659142154
173765.225128,-29.13659961094386,333.03426354577385
173774.899055,-28.932021746820997,333.3485549298303
173785.363335,-30.440206496596296,328.6503426492925
173795.228972,-32.66271581045007,326.4352640434028
173805.316193,-32.662716432794845,326.43526336593715
173815.230417,-34.9177780367124,308.8767933524786
173825.226414,-35.045162912480016,307.8002925629105
173834.905054,-35.517352626554114,307.197104233378
173845.227453,-35.517352626554114,307.197104233378
173855.22642,-37.45719144963223,307.9939403411181
173865.409132,-37.45719144963223,307.9939403411181
173874.939196,-37.45719144963223,307.9939403411181
173884.912937,-39.78639533372871,317.8150684654272
173895.719832,-41.69903194946573,333.23439096846465
173904.902806,-45.55536942546743,350.9406954519383
173915.227187,-53.66766165999566,352.51319068497986
173925.321554,-51.743627043846594,356.4014408463656
173935.229723,-51.743627043846594,356.4014408463656
173945.227759,-51.95291730073552,352.6436025153925
173955.646597,-51.95291730073552,352.6436025153925
173965.229127,-51.95291730073552,352.6436025153925
173975.226556,-51.95291730073552,352.6436025153925
173985.410884,-51.95291730073552,352.6436025153925
173995.361213,-51.37104042038795,350.7122304490396
174004.906959,-51.84984570562243,348.2437809728009
174015.532372,-52.05864565638596,344.66288655487153
174025.045769,-46.717612893351394,340.46422826553083
174035.229116,-46.14005913824858,339.8896639000488
174044.895289,-43.150097096724814,338.94919910716106
174055.221964,-43.150097096724814,338.94919910716106
174065.353458,-43.150097096724814,338.94919910716106
174075.223543,-43.150097096724814,338.94919910716106
174084.898802,-41.53553475037746,335.11461291202136
174095.22397,-41.67187771397136,334.80148933066226
174105.251155,-42.4061253259107,321.9429901312705
174115.519491,-43.775499326057584,321.0290892082767
174124.897144,-44.80978289606606,320.3437431562955
174135.426984,-46.24942139780053,319.4278854014834
174145.23588,-51.28283129718497,312.1614661633772
174156.131636,-53.53502732530919,305.73771079546253
174165.237899,-57.01899689267515,304.1363423532744
174175.221948,-59.30343188826995,306.9349335939564
174185.229081,-59.30343188826995,306.9349335939564
174195.243153,-58.06047244996183,310.492700205963
174205.686152,-54.56242090371314,313.8390967444301
174215.22341,-55.25122291919055,313.9023211146571
174225.516314,-53.49779649084049,318.86111413414045
174235.230556,-53.49779649084049,318.86111413414045
174245.225185,-49.9267474639468,318.1633843817808
174255.562421,-50.17089458826532,320.54382370319
174264.970575,-50.92677765125162,320.27597025802453
174275.59224,-50.981989851767935,322.17527374753223
174285.22339,-49.68996269652073,323.0134714768017
174295.22557,-47.935840765003846,322.7132795870749
174305.22204,-48.41330188677868,321.4213739194085
174315.226304,-48.490551418886255,321.73766057293443
174324.905269,-49.41459084924558,322.38599795385096
174335.564736,-47.56697548311914,322.1622276030552
174345.257425,-47.21731056927613,322.38002629039846
174355.211797,-45.956359060350486,322.05906403031537
174365.230207,-45.93169485831264,321.2449132568982
174374.936272,-42.570971327006006,323.3279173134707
174385.46907,-42.61841559729192,323.26914723665914
174395.271415,-44.12657315389845,322.18109200028255
174405.450849,-44.24494558867544,321.0321665849145
174416.282746,-44.64126044653657,319.7116714037202
174425.229078,-45.31545542446029,317.15619401403745
174435.519025,-45.08619634700235,314.56525690901566
174445.574771,-42.06977696715892,314.3244612633692
174455.643508,-38.20864278909525,316.269998196805
174465.212513,-37.28345043510328,315.85178377574664
174475.223739,-39.417427494818455,316.6714157608012
174485.209591,-40.91263901818839,314.96503216025377
174494.942616,-41.51927408569254,313.7990955986551
174505.22402,-42.808971768901415,313.4350266528359
174515.043394,-46.04339181763096,309.74151855240166
174525.371148,-46.393471739777134,311.13380942768055
174535.222469,-42.934498251660656,311.8217128759504
174544.907296,-42.708625460352565,310.98891812918123
174555.503461,-41.77762942067037,308.54626235652995
174565.212815,-41.77762943717975,308.5462626233445
174574.902832,-42.67483347289777,309.0725776771908
174585.282182,-45.26426778097573,307.78392715079525
174595.211673,-45.8437334604668,308.9491701037523
174605.210527,-46.12042931471948,311.8155346976731
174615.2114,-47.45028094765521,310.50582770908704
174625.245915,-46.63026380950988,311.764003010967
174635.012962,-47.23340161110496,311.4999956362555
174644.957383,-46.01105992724136,313.2154603460488
174654.892806,-45.886480921811504,313.66152472483867
174664.892817,-43.09565553121679,319.5577874425158
174675.592621,-39.84958175717754,326.210124236691
174685.902061,-40.73939805164764,325.7268342551821
174695.083018,-41.40734832902461,324.6105405154709
174705.352223,-43.040626786798015,326.70262423470274
174714.905231,-42.11067769465767,330.24484694097646
174724.906236,-41.79818786810807,330.2229822298315
174735.22494,-43.44443522048719,322.5377696166202
174744.92096,-44.18795885662602,325.25000519506415
174755.222595,-42.68064773874489,327.0621474149432
174765.06289,-38.2929606987533,327.0254012598087
174775.490929,-41.18708196767663,324.8658154635279
174786.69723,-44.43694967578384,324.43145877762834
174795.637458,-49.03834744386028,323.82968824736326
174804.891519,-52.33961609181153,322.01648352981283
174815.218536,-56.25643066174335,318.47195921520364
174825.801373,-58.282430361081005,314.5959406544221
174834.892949,-58.490554616401816,306.7403885151556
174845.214499,-60.0341480208123,305.4414528060815
174856.121489,-61.09454560044637,303.7177898062798
174864.897349,-61.771639869554846,304.36948680012193
174874.8933,-62.29602473358836,304.7658440775714
174884.932678,-60.897124945706615,304.08852241726987
174895.214068,-52.90103099096307,308.3440996914429
174904.895815,-52.09153198109369,308.8516823913004
174915.601767,-48.14508800404197,308.58633306694736
174925.215583,-46.605188291816816,309.45232717741663
174935.217143,-47.037324173777854,310.5825326685588
174944.919429,-46.55222190115778,310.8447660332144
174955.223607,-48.68370165827193,313.43331424346894
174965.210562,-47.78573231506568,317.67329910378845
174975.493684,-48.32343491254998,316.46716169759014
174985.783133,-45.90521906486186,320.905681932675
174996.004868,-44.238898807919504,320.925634705114
175004.901967,-41.37663716359575,320.42902739192425
175015.214242,-41.37663716359575,320.42902739192425
175024.992886,-39.82428581504545,320.92209360655244
175035.217058,-32.71839642638702,322.4310825820068
175045.213555,-29.852711585496277,320.549424822155
175055.228185,-29.30389029613693,320.15116244846183
175064.923036,-28.299857433951537,318.8242523644457
175075.495379,-28.299857433951537,318.8242523644457
175085.225269,-28.299857433951537,318.8242523644457
175094.903416,-28.438428100737177,318.69338513735164
175105.491809,-28.438428100737177,318.69338513735164
175115.227607,-28.438428100737177,318.69338513735164
175124.942065,-28.438428100737177,318.69338513735164
175135.214313,-28.438428100737177,318.69338513735164
175144.907278,-28.438428100737177,318.69338513735164
175155.443679,-28.438428100737177,318.69338513735164
175166.05167,-28.41341976517788,318.5127551991498
175175.210686,-28.08662390913667,315.8192216804998
175184.894963,-28.086622772200315,315.81922153631325
175194.930506,-28.086622772200315,315.81922153631325
175205.234238,-28.086622772200315,315.81922153631325
175215.491182,-28.086622772200315,315.81922153631325
175225.213896,-28.086622772200315,315.81922153631325
175235.210164,-28.086622772200315,315.81922153631325
175245.827804,-28.086622772200315,315.81922153631325
175254.917394,-28.086622772200315,315.81922153631325
175265.297703,-28.38762516066659,315.8555381662809
175274.887344,-28.37919305279432,317.90543487060665
175285.223376,-28.378827617746573,317.90665428958005
175295.22165,-28.378827617746573,317.90665428958005
175305.324291,-28.378827617746573,317.90665428958005
175314.888843,-28.378827617746573,317.90665428958005
175325.50299,-28.378827617746573,317.90665428958005
175335.589052,-28.378827617746573,317.90665428958005
175345.211823,-28.56567299462477,317.98016150479003
175354.895914,-28.975163935871,318.1720025872126
175364.985748,-29.658117090240022,319.8145991940593
175374.900993,-29.836480279801105,319.9692605672699
175385.214516,-30.065139573434926,320.3460069021816
175394.955273,-30.81276185261154,321.12514861021464
175405.229606,-31.218865047216905,321.1060833528732
175415.221897,-31.347255271745297,321.2373167294004
175425.890091,-38.37108143970472,318.9826773574743
175435.490893,-47.24697150105893,319.4918394227633
175445.214291,-48.65522048626923,318.793584746671
175455.495934,-48.69892214662059,319.0523190778949
175465.210449,-47.924847458357725,317.8131302025201
175475.21196,-48.06928757404525,318.0653732773338
175485.419209,-48.74836677498445,317.0239581306696
175495.574903,-50.3656388407246,315.87144304278604
175506.822585,-50.90756710974479,315.53881905876995
175515.214329,-44.77705236141499,314.17941205303674
175524.897369,-43.07281808121737,314.6773870844563
175535.225121,-43.41411547174778,314.3106435394561
175545.532915,-45.07363821189193,313.36167545022806
175556.194269,-45.61478887555435,313.741842780187
175564.887366,-45.14110266019443,313.9427108763085
175575.651913,-43.22083264417946,313.40568932587473
175585.211598,-42.71952341263437,313.4228686469113
175595.210538,-44.22012455118319,313.5173495694043
175605.397212,-42.515829511738566,314.48152594089765
175615.214326,-39.22567459355177,313.33612588947165
175624.890813,-39.70407837147468,312.8233290854994
175635.223591,-40.34624993535881,313.20796463897403
175646.051674,-42.452938503358624,313.0628730343184
175655.500918,-42.35172415591504,313.0938313135463
175665.372055,-42.37098144108691,312.1654989323752
175676.771695,-42.25196408037771,312.1466934485685
175684.887434,-42.251960744450486,312.14669325985443
175695.435397,-42.32697132929759,312.1240354986919
175704.890906,-42.32697132929759,312.1240354986919
175715.225237,-42.32697132929759,312.1240354986919
175724.891698,-42.32697132929759,312.1240354986919
175735.225017,-40.70013739235785,311.87301156870114
175745.420073,-40.49055420992608,311.8481485191021
175755.264357,-40.06428991763266,311.7128395589314
175765.505405,-39.746816638567104,310.79842507882785
175775.214405,-38.46597189698653,311.5795496206824
175784.887386,-38.464933936297975,311.5804251407194
175795.214333,-38.464933936297975,311.5804251407194
175805.067021,-38.464933936297975,311.5804251407194
175815.325032,-38.464933936297975,311.5804251407194
175825.211691,-38.464933936297975,311.5804251407194
175835.215309,-38.464933936297975,311.5804251407194
175845.347378,-38.464933936297975,311.5804251407194
175855.214372,-38.464933936297975,311.5804251407194
175865.237061,-38.464933936297975,311.5804251407194
175875.539675,-38.464933936297975,311.5804251407194
175885.204056,-38.529487558808086,311.8685384695937
175895.210763,-38.53011959769266,311.871284276307
175904.89292,-38.53011959769266,311.871284276307
175914.885113,-38.53011959769266,311.871284276307
175925.521527,-38.53011959769266,311.871284276307
175934.895209,-38.53011959769266,311.871284276307
175945.222771,-39.2112568789686,312.6660775418641
175954.892009,-39.2143089560949,312.66959265041504
175964.962198,-40.0946507341996,312.49041670540754
175975.361635,-40.09465129021203,312.4904166386145
175985.479639,-40.09465129021203,312.4904166386145
175994.878122,-41.93325492908711,313.86859716699075
176005.21462,-41.75883246014196,314.35769841749203
176015.213965,-41.75883236889813,314.3576986397797
176025.21066,-41.75883236889813,314.3576986397797
176034.891074,-41.75883236889813,314.3576986397797
176044.992975,-41.75883236889813,314.3576986397797
176055.065059,-42.05024410795379,314.79903372267574
176068.61751,-39.749846850047305,316.35769075881706
176075.633267,-39.94424406451348,316.7514912367372
176085.387072,-33.914254375494835,319.76012339359033
176094.883756,-33.10749243575886,319.78306898460863
176105.417938,-33.10749243575886,319.78306898460863
176115.615602,-33.10749243575886,319.78306898460863
176125.203648,-33.10749243575886,319.78306898460863
176134.883007,-33.10749243575886,319.78306898460863
176145.407407,-33.10749243575886,319.78306898460863
176154.900999,-34.487591437661365,319.61404373954605
176165.870529,-34.487591437661365,319.61404373954605
176175.562027,-34.487591437661365,319.61404373954605
176185.202639,-34.487591437661365,319.61404373954605
176194.89162,-35.506684193612514,319.9173907881018
176205.482055,-35.506684193612514,319.9173907881018
176214.899403,-35.506684193612514,319.9173907881018
176225.203067,-35.506684193612514,319.9173907881018
176236.113837,-35.506684193612514,319.9173907881018
176244.883017,-35.506684193612514,319.9173907881018
176255.201184,-35.506684193612514,319.9173907881018
176265.544273,-35.506684193612514,319.9173907881018
176276.461779,-35.506684193612514,319.9173907881018
176285.277222,-35.71894361219989,320.66502935541564
176295.76,-35.71894361219989,320.66502935541564
176306.71659,-35.71894361219989,320.66502935541564
176315.64632,-35.71894361219989,320.66502935541564
176325.839876,-35.71894361219989,320.66502935541564
176334.905206,-36.2818860975976,320.49683924497884
176345.205282,-36.2818860975976,320.49683924497884
176354.883437,-35.72631386072489,320.10150344743334
176365.565568,-35.18238391420098,319.71211145782854
176375.202706,-35.18238391420098,319.71211145782854
176385.456884,-35.28811173875082,319.7012785882744
176394.940597,-35.28811173875082,319.7012785882744
176405.218231,-36.02739166302102,319.867355544042
176415.206542,-36.02739166302102,319.867355544042
176424.891199,-36.02739166302102,319.867355544042
176434.885158,-36.02739166302102,319.867355544042
176445.527552,-36.02739166302102,319.867355544042
176455.465376,-36.02739166302102,319.867355544042
176465.20301,-33.28343655774144,320.0125927540576
176474.885516,-31.82813339125158,319.9881490425845
176485.21966,-31.82813339125158,319.9881490425845
176496.218751,-31.82813339125158,319.9881490425845
176505.35608,-32.67115005112826,319.7443413831579
176515.227733,-33.05645189412064,319.4599980362723
176526.152583,-33.05645189412064,319.4599980362723
176534.895087,-33.05645189412064,319.4599980362723
176544.881935,-30.309295527031416,320.9945784979212
176557.63822,-30.309295527031416,320.9945784979212
176565.215622,-30.309295527031416,320.9945784979212
176575.209801,-30.309295527031416,320.9945784979212
176586.935409,-30.309295527031416,320.9945784979212
176596.689692,-30.309295527031416,320.9945784979212
176604.883384,-30.309295527031416,320.9945784979212
176615.02604,-30.309295527031416,320.9945784979212
176625.217592,-30.309295527031416,320.9945784979212
176635.346111,-30.309295527031416,320.9945784979212
176645.349541,-30.309295527031416,320.9945784979212
176655.204047,-30.309295527031416,320.9945784979212
176665.264038,-30.309295527031416,320.9945784979212
176674.879849,-30.309295527031416,320.9945784979212
176685.207753,-30.309295527031416,320.9945784979212
176696.794162,-30.309295527031416,320.9945784979212
176706.253059,-30.309295527031416,320.9945784979212
176715.202324,-30.309295527031416,320.9945784979212
176724.981443,-30.309295527031416,320.9945784979212
176734.982952,-30.309295527031416,320.9945784979212
176745.206491,-30.309295527031416,320.9945784979212
176755.505495,-30.309295527031416,320.9945784979212
176765.20396,-30.309295527031416,320.9945784979212
176775.20133,-30.309295527031416,320.9945784979212
176785.201495,-30.309295527031416,320.9945784979212
176796.305513,-30.309295527031416,320.9945784979212
176807.271125,-35.05914148764339,309.7110553840165
176815.203667,-35.78815345710167,312.96714133687686
176824.977564,-36.01121310878483,313.17271489445824
176835.222497,-35.97216051783998,313.3878593710838
176845.206501,-35.98895697907623,313.4176007213931
176857.431544,-36.97605454318766,315.12588772561315
176865.033255,-36.97605454318766,315.12588772561315
176875.202557,-40.99711246878833,317.8612273408786
176885.201047,-40.99711246878833,317.8612273408786
176897.234157,-40.99711246878833,317.8612273408786
176905.570915,-40.99711246878833,317.8612273408786
176915.202609,-40.99711246878833,317.8612273408786
176926.628792,-49.596010571991656,317.7569366051774
176937.628309,-45.26141880154345,320.68140619655367
176945.554571,3.4140374991838613,327.7847625629869
176954.878944,3.422017074399307,352.52029291109056
176965.219328,3.422017074399307,352.52029291109056
176974.881812,-100.2384436413442,322.74357541505486
176996.49604,-66.08887110191768,192.49267998455812
176996.49667,-66.08887110191768,192.49267998455812
176996.995277,-66.08887110191768,192.49267998455812
176997.495465,-66.08887110191768,192.49267998455812
177008.639362,-66.08887110191768,192.49267998455812
177017.934035,-66.08887110191768,192.49267998455812
177027.805451,-66.08887110191768,192.49267998455812
177038.001797,-66.08887110191768,192.49267998455812
177062.390503,50.72021770154842,-90.98283219294493
177932.637583,15.763898167019764,-75.3011663019613
177947.740909,7.505032364159762,-34.65505419971546
177952.518552,-45.10308459436505,70.5327388213108
177967.958369,-51.0772274051207,89.52979212540627
177972.525808,-86.34709875819377,203.03338270811088
177982.546045,-91.02447658698708,239.5965839500821
177992.85082,-90.33927305866564,256.1546989211637
178002.846765,-52.11415884005537,306.2595819373281
178014.317747,-52.11415884005537,306.2595819373281
178022.697218,15.476291564532794,323.3497446600515
178032.519735,46.78860594959423,329.28574707352726
178044.717764,46.78860594959423,329.28574707352726
178054.899743,46.78860594959423,329.28574707352726
178064.072397,46.78860594959423,329.28574707352726
178072.6567,231.00168518000453,401.2670298842904
178082.842732,231.00168518000453,401.2670298842904
178092.858038,254.80053817663423,421.4729749628264
178102.844183,254.80053817663423,421.4729749628264
178114.321533,254.80053817663423,421.4729749628264
178123.949832,254.80053817663423,421.4729749628264
178132.538742,500.48466664786497,489.3439177092621
178142.524905,518.0859583195534,494.8350790192995
178153.878866,518.0859583195534,494.8350790192995
178162.854405,518.0859583195534,494.8350790192995
178172.94708,518.0859583195534,494.8350790192995
178183.07047,550.4981766052114,511.2992755112329
178192.846808,582.7025196847101,512.7197248523001
178202.842879,639.2003061699544,541.5215222066702
178212.53482,618.7347235355409,591.2602600982476
178222.519647,576.1899305745058,666.9660127644172
178232.84377,593.8833892054515,745.4224463732476
178243.853493,650.113057384884,779.9301989763968
178253.783818,650.113057384884,779.9301989763968
178262.517447,730.6111926163785,813.8577118855022
178272.53354,764.204772263676,865.5007636451796
181957.943054,865.8393986046767,75.10871806717526
181957.943718,865.8393986046767,75.10871806717526
181958.827189,865.8393986046767,75.10871806717526
181969.442487,886.2596845179471,93.3351320891591
181979.002769,890.2583096546424,95.11786504487546
190262.840143,459.0557900537906,-30.88290516524386
190262.840775,459.0557900537906,-30.88290516524386
190263.926384,459.0557900537906,-30.88290516524386
190275.282831,498.0657613476901,68.66496234721974
190286.190651,533.3185759778122,112.21012353837092
190286.465979,575.1668429699588,144.73284971672138
190286.466638,575.1668429699588,144.73284971672138
190287.269439,575.1668429699588,144.73284971672138
190298.220507,636.7677770509749,197.3777612067613
190307.982588,652.6402938699678,211.5841681377408
190317.603057,652.6402938699678,211.5841681377408
190327.276527,733.1583387304552,279.14704308799685
190337.750175,736.391228201338,283.2370782803304
190347.631489,736.391228201338,283.2370782803304
190357.597541,825.3273627637392,372.0935480119514
192313.087785,747.6971535681087,-2.628503942978577
192322.381317,732.2062638079577,11.031490152019302
192332.185343,732.2062638079577,11.031490152019302
192342.181322,732.2062638079577,11.031490152019302
192352.590193,732.2062638079577,11.031490152019302
192362.869682,395.2955289224125,398.0804879648582
192372.178634,347.34831729993857,448.14313290862873
192382.202787,292.09042741647994,456.2624389427066
192392.192308,292.09042741647994,456.2624389427066
192402.50146,292.09042741647994,456.2624389427066
192412.508638,292.09042741647994,456.2624389427066
192423.154917,292.09042741647994,456.2624389427066
192435.536786,292.09042741647994,456.2624389427066
192435.971049,292.09042741647994,456.2624389427066
192435.972481,292.09042741647994,456.2624389427066
192437.006039,292.09042741647994,456.2624389427066
192447.174477,-4.2927890563645565,366.9385761977504
192457.547028,-18.217793778936283,362.5082160777462
266486.471123,34.59298660492217,-99.48540454064192
266496.328979,11.115832248590795,-41.75520559611188
266506.720669,-3.918738991656383,12.68968418894286
266516.644775,-29.646223888075568,94.49147893482017
266526.655993,-29.646223888075568,94.49147893482017
266540.816252,-31.275354635603165,110.24544547259715
266546.321393,-46.93036745590258,188.2738295835749
266556.311365,-65.0895182863515,246.5411065275224
266569.490063,-46.6286532167408,294.22669191103824
266576.997587,2.947925650821633,315.90341325044227
266586.657486,13.047093944791367,336.34240531911
266599.865154,-3.836126589274302,351.370868608314
266607.429419,-8.606031795748619,358.52946618186616
266616.927251,-8.606031795748619,358.52946618186616
266626.639339,-8.606031795748619,358.52946618186616
266636.349404,-8.606031795748619,358.52946618186616
266646.637615,-8.606031795748619,358.52946618186616
266656.454746,-37.86220917647205,347.6690816366917
266667.697826,-44.52326048348969,339.920073933317
266676.640124,-44.52326048348969,339.920073933317
266687.332083,11.29052663223566,308.1341569564021
266696.309348,79.97059805136395,349.21874571563745
266706.405494,96.0590799381005,353.9839146107665
266718.49067,105.36793160789912,341.25729259651024
266727.801487,105.29765748045756,341.2382902820906
266736.639358,104.00244436526852,341.2735752828884
266746.318432,101.92723822849794,342.0500066083411
266756.316714,101.9263650114058,342.0504344776234
266766.63244,101.24425239588456,342.9341720218706
266776.316639,99.99874074582355,343.01934267796867
266787.165378,99.95770837618984,343.13017320084435
266796.635229,99.95770837618984,343.13017320084435
266806.337002,99.95770837618984,343.13017320084435
266816.335096,99.95770837618984,343.13017320084435
266826.633522,99.95770837618984,343.13017320084435
266837.205449,99.95770837618984,343.13017320084435
266846.6372,99.95770837618984,343.13017320084435
266856.498324,99.95770837618984,343.13017320084435
266866.645795,99.95770837618984,343.13017320084435
266876.634808,99.95770837618984,343.13017320084435
266887.020678,99.95770837618984,343.13017320084435
266896.644344,99.8493959603992,342.7130629558543
266906.327245,99.8493959603992,342.7130629558543
266916.684402,99.8493959603992,342.7130629558543
266926.361357,98.58423690313644,340.12708773857463
266936.309508,98.63205416799778,337.5621985225307
266946.929419,98.82895198781792,336.99153491951864
266956.638869,98.76091637618168,336.85977638337704
266966.320279,98.76091637618168,336.85977638337704
266978.73425,98.78845331524316,335.3764692867983
266986.638772,98.78845331524316,335.3764692867983
266997.091289,98.78845331524316,335.3764692867983
267008.437731,98.78845331524316,335.3764692867983
267016.633484,98.78845331524316,335.3764692867983
267026.309795,98.78845331524316,335.3764692867983
267036.983792,98.792623837185,335.40029312099205
267046.30939,98.792623837185,335.40029312099205
267056.500502,98.792623837185,335.40029312099205
267066.642617,98.792623837185,335.40029312099205
267076.746843,98.792623837185,335.40029312099205
267086.663388,98.38130152172424,335.37610718429715
267096.313464,98.62780132820808,336.8708255870716
267108.19921,98.40720456664386,337.64208199257337
267116.640675,98.40720456664386,337.64208199257337
267126.309438,99.75219981372956,341.9347009419403
267136.633459,99.8109811174908,346.7089461365625
267146.852318,96.74412269760512,349.6186335366717
267158.615638,92.8187887063014,351.7926659927948
267166.934652,92.8187887063014,351.7926659927948
267178.895542,-1.0977844445871523,355.9221317179192
267187.814558,-3.290654476655651,361.14656172014617
267196.634537,-10.353699887779085,365.7077073431516
267206.324046,-10.353699887779085,365.7077073431516
267216.310722,-10.353699887779085,365.7077073431516
267226.632424,-10.353699887779085,365.7077073431516
267236.643902,-106.51141172287932,323.0602542752098
267246.636077,-106.51141172287932,323.0602542752098
267256.306317,-106.51141172287932,323.0602542752098
267266.650654,-106.51141172287932,323.0602542752098
269297.781418,-28.945750314647125,114.166913290303
269297.782,-28.945750314647125,114.166913290303
269299.111257,-28.945750314647125,114.166913290303
269308.69956,-31.51285544430925,133.04140624661724
269323.018141,-67.76224257578102,222.4319318841565
269328.625899,-75.29288345781448,288.49518310449974
269338.609142,-50.86358888774528,297.23810739879326
269348.931619,-7.788073725401826,312.8624582088009
269358.611525,73.32636400924207,338.3904624814558
269368.929977,101.9720679262053,347.009067096657
269378.935672,101.9720679262053,347.009067096657
269388.931419,226.1853952232967,387.93493096825097
269398.619234,331.0842308236354,414.498484214839
269409.221313,386.3289953301809,437.1509944517742
269419.196329,467.0940924578024,471.4365293529018
269428.721439,530.4877437495371,495.08595395303576
269438.723301,539.0574188097322,500.28225571133487
269448.602145,539.0574188097322,500.28225571133487
269458.603079,541.1919693630687,501.1540897402385
269468.949207,575.8975601142898,496.35456161283497
269469.772622,575.8975601142898,496.35456161283497
269478.657482,575.8975601142898,496.35456161283497
269489.761081,584.5812895116818,497.4879199214288
269498.930609,591.5891135136576,503.5069571810656
269508.603296,591.5891135136576,503.5069571810656
269519.201163,591.5891135136576,503.5069571810656
269528.631755,592.1507033793596,504.2384672850535
269538.927249,592.2934154579417,507.0089098224738
269548.603349,592.2934154579417,507.0089098224738
269558.60126,592.2877192169424,506.3641992562243
269568.599408,591.411313853469,503.4484235254873
269578.924673,590.5618569389522,502.1948508445739
269588.924856,588.9683659848403,502.8046878707928
269598.921369,585.6369135482386,502.793853143776
269608.619179,587.4281231857973,497.8707771552485
269618.93127,584.3130635469539,490.7969182100934
269628.613588,585.3196285051515,487.81452567493454
269638.924969,585.4882684734874,486.6256213852464
269648.922622,589.7573240640891,489.4560217691188
269658.92197,594.0226888751774,487.5084965050232
269668.926301,594.586715948284,487.496068103455
269679.173947,595.0091790119425,485.9416334031493
269688.925001,595.9622050967369,488.81416667834856
269698.923263,600.4279690263091,495.3369001171367
269708.923486,598.9773759469781,491.7673057744203
269718.936817,596.1368596654927,493.79488766841786
269728.621268,595.3085616212334,491.4519369745262
269739.258856,594.3683059967964,490.9231583166369
269748.937243,594.3856700284985,490.8261226371965
269758.617402,593.4823950402688,491.61243322635306
269768.600811,594.3339489948974,493.0691978305322
269779.153357,595.2653758335933,496.37045994063055
269789.678013,596.382366852183,499.8701367232088
269800.374302,596.2620775638927,502.0780547701648
269808.73156,594.7426571938004,500.65282542892953
269819.583137,594.1811245024548,502.7850896213709
269829.81386,591.9975997779591,504.72893270386334
269838.922281,591.0912106918587,501.4128804369152
269848.607922,591.0936382816668,500.34621219421393
269858.925097,602.4042277179112,490.1206298371565
269868.603042,602.2746691518731,491.94669821589775
269878.922394,603.1388382913738,495.0227825454938
269888.936591,599.4669873977899,499.8455505126796
269898.928677,601.1751556755628,502.5847668482538
269908.919322,603.8828990345684,503.0395490648104
269918.75152,602.429072189419,505.40522704464377
269928.639833,600.3286448290867,505.6757661313956
269938.653695,598.6151923646128,503.67734499890526
269949.421237,599.6381607160667,509.0625165738904
269959.199562,597.29396911752,509.9408973760607
269968.601509,595.9282135379924,506.8380844600146
269978.924656,592.1849529200632,495.5884597615774
269988.921777,593.7391691326958,495.0593974576713
269998.926061,599.9678247780466,495.0471935532669
270009.785762,599.7759555614174,495.21164921134994
270018.601092,600.278250773267,496.6169126117773
270028.928559,600.3686206168873,497.7330685583271
270038.597479,599.1038991317444,499.0566826604429
270048.601116,602.941927543257,503.3857677998377
270058.957338,603.1029909537074,507.0473329437445
270068.612645,610.8915767109918,522.7088005596403
270078.923462,614.8994625823697,525.7733062542559
270088.92288,616.8347769727092,523.0432420137943
270098.615311,615.1458128139136,520.4685139313751
270108.597878,614.6526530798349,519.5387230352322
270118.923075,610.6024090145223,522.3229507237327
270128.923435,611.0256706365794,521.7093777571232
270139.308673,615.7135515944458,524.4419672903573
270148.923682,615.0368548167786,523.4098469172576
270158.596968,611.3009077294479,516.2940494330136
270168.629561,611.9669322236721,510.53040197663
270178.613468,616.4714328075597,508.2506600281579
270188.893616,616.3638740736556,509.46016052987886
270199.001126,627.4298729470554,515.7572909290858
270209.269972,627.8790704166553,518.9155952192147
270218.912232,630.6425522462454,521.2614242858962
270228.922386,632.2813477856569,518.5915378237188
270239.110831,631.5062460579788,517.7213087849176
270275.702104,640.727790109188,543.2721934769482
270275.704597,640.727790109188,543.2721934769482
270277.330187,640.727790109188,543.2721934769482
270286.85392,640.0689532206779,543.186641963854
270296.563163,637.9968515909713,543.4469687596945
270306.918393,636.4003084271527,543.724925068008
270318.437822,631.8063643004363,542.7510003423919
270326.551324,625.4962995720508,541.0538698830853
270336.537761,625.970112110122,541.1817059619862
270346.538375,627.981301066294,541.7896338865196
270356.531252,628.493441200303,541.5792690901916
270366.523843,628.493441200303,541.5792690901916
270378.470493,628.493441200303,541.5792690901916
270387.069549,628.493441200303,541.5792690901916
270396.535086,628.493441200303,541.5792690901916
270406.850342,628.493441200303,541.5792690901916
270416.533743,628.493441200303,541.5792690901916
270427.574076,628.493441200303,541.5792690901916
270436.558079,628.493441200303,541.5792690901916
270446.653381,628.493441200303,541.5792690901916
270457.511185,628.493441200303,541.5792690901916
270466.850759,628.493441200303,541.5792690901916
270476.53145,628.493441200303,541.5792690901916
270487.091404,628.493441200303,541.5792690901916
270497.306689,628.493441200303,541.5792690901916
270508.64036,628.493441200303,541.5792690901916
270516.525069,628.493441200303,541.5792690901916
270527.421825,628.493441200303,541.5792690901916
270536.707338,628.493441200303,541.5792690901916
270550.350755,628.493441200303,541.5792690901916
270556.531468,628.493441200303,541.5792690901916
270566.523242,628.493441200303,541.5792690901916
270576.857783,628.493441200303,541.5792690901916
270586.595412,628.493441200303,541.5792690901916
270596.848642,628.493441200303,541.5792690901916
270607.138854,628.493441200303,541.5792690901916
270616.843056,628.3368460751839,543.3296664931528
270626.841841,628.1613785425579,544.3721482623695
270636.839299,628.1613785425579,544.3721482623695
270648.537338,628.2626556323399,545.3269409375603
270656.525068,628.2626556323399,545.3269409375603
270666.521365,628.2626556323399,545.3269409375603
270676.851527,628.2626556323399,545.3269409375603
270687.668847,628.2626556323399,545.3269409375603
270696.527005,628.2626556323399,545.3269409375603
270708.433117,628.2626556323399,545.3269409375603
270717.151197,628.2626556323399,545.3269409375603
270726.850208,628.2626556323399,545.3269409375603
270736.527381,628.2626556323399,545.3269409375603
270746.844443,628.2626556323399,545.3269409375603
270756.840435,628.2626556323399,545.3269409375603
270766.643063,628.2626556323399,545.3269409375603
270776.54127,628.2626556323399,545.3269409375603
270786.550985,628.2626556323399,545.3269409375603
270796.848968,628.2626556323399,545.3269409375603
270806.646853,629.1475890720344,546.3317706225815
270816.926256,631.6936259616236,549.1140030858934
270826.535461,635.7167937275816,555.7347931579428
270836.522791,646.5477399861077,571.7835552004456
270846.84344,682.8104595907306,593.0281092119852
270856.92803,682.8104595907306,593.0281092119852
270867.174487,682.8104595907306,593.0281092119852
270875.194629,700.7775966872969,632.8291523971897
270876.52091,700.7775966872969,632.8291523971897
270886.623778,701.4268057835549,632.6656348905632
270896.847119,701.7703440628467,632.5932147180592
270907.120034,701.7703440628467,632.5932147180592
270918.356933,709.0865282765343,632.2375898729834
270926.577278,748.1153537592236,635.3647723838325
270937.488202,769.3946991784819,637.9878261798336
270946.84288,775.1362704210884,636.9662081366679
270957.852396,775.1362704210884,636.9662081366679
270966.533579,650.7340944330314,621.6844738302965
270976.844485,650.7340944330314,621.6844738302965
270986.521523,595.3395808564413,569.3515954356252
270996.849095,588.0237337699491,559.2907733789576
271006.846185,588.0237337699491,559.2907733789576
271018.878998,580.5189600164111,538.6996463771865
271027.975556,606.710692429038,524.8283085855267
271036.56716,690.5316535153645,555.3011846800024
271046.52898,774.8651892287451,595.4534819530413
271057.152403,798.7608881312063,606.5227148052518
271069.538845,860.3371564678115,629.143609094689
271076.517472,921.1882675219553,650.2649101413722
271087.914918,921.1882675219553,650.2649101413722
272496.628728,-20.800855976197067,98.7975925447688
272504.924465,-21.08813390457834,98.73211524587973
272514.116756,-21.08813390457834,98.73211524587973
272524.45499,-21.08813390457834,98.73211524587973
272534.443251,-21.08813390457834,98.73211524587973
272548.996644,-57.80699678229573,200.71900616998204
272554.226227,-70.9072535769155,265.7558719715404
272564.448326,-67.20609354101369,294.6471943544532
272574.526948,-62.27937267712559,299.7673043427532
272587.977044,-29.931791023082145,311.5192307110866
272594.453383,33.71589237592334,328.28173639598106
272606.372153,57.81519389413471,333.2136685251008
272617.118204,72.90559564003017,338.3708799076944
272624.290876,72.90559564003017,338.3708799076944
272634.799851,97.28351808954172,349.8070548963552
272644.445415,118.02119590671693,359.3869674319817
272654.161928,118.99647257044504,360.06648858626266
272664.127654,209.82473136755408,391.3576263288973
272676.147774,209.82473136755408,391.3576263288973
272686.437417,209.82473136755408,391.3576263288973
272695.959591,271.86180508127273,401.11756611193374
272704.16243,320.9888054159567,420.3548403933846
272715.994867,343.6139802057178,429.0432683200247
272724.498772,343.6139802057178,429.0432683200247
272734.119138,343.6139802057178,429.0432683200247
272744.688435,343.6139802057178,429.0432683200247
272755.336882,347.0259354178668,430.1835977820466
272764.876735,414.7793453006382,457.0732503966741
272774.446079,466.7632912302822,477.5446106899254
272784.590099,466.7632912302822,477.5446106899254
272794.52992,548.9944860736874,501.8970278114832
272804.113185,548.9944860736874,501.8970278114832
272814.443446,548.9944860736874,501.8970278114832
272824.125195,548.9944860736874,501.8970278114832
272834.115993,599.3076871421351,513.9704708208972
272845.322092,647.9406397269229,535.014348610077
272854.11484,692.2812965212721,557.5348733444575
272864.16376,803.0869121367322,609.327937485127
272875.14071,858.5224565313076,640.460030829722
272885.002973,912.3244585102656,662.0869965976026
273351.108992,864.8518490159183,107.3975878506142
273361.149196,817.813503360708,59.87090683398171
273371.197423,732.2548202741938,-1.5998630000043432
273383.064057,674.205417677587,-62.186942466554754
273391.434209,674.205417677587,-62.186942466554754
273406.079092,653.8263689246144,-86.48779189277373
273413.557449,653.8263689246144,-86.48779189277373
273413.558018,653.8263689246144,-86.48779189277373
273429.460442,653.8263689246144,-86.48779189277373
273438.783343,653.8263689246144,-86.48779189277373
358900.247885,751.7326921279328,862.4993376999172
358910.390781,755.316722317542,848.3445467694371
358920.462594,755.3205918230119,848.5635692998611
358930.253822,755.0805261981033,849.040888644382
358940.247887,755.2203407778713,848.9915403119295
358950.279209,751.5178025862592,843.6626927193178
358952.243564,694.910909877898,800.8693489926738
358959.934165,637.5284975677916,778.0611452505303
358970.244357,565.3865346710386,715.6590025126344
358980.262559,586.2377881630501,642.6357309740608
358990.165979,615.494446496529,586.43535562252
359000.247845,587.356561654656,526.4399430921206
359010.244213,587.356561654656,526.4399430921206
359019.939341,587.356561654656,526.4399430921206
359030.559216,585.5128535109486,496.854237000845
359040.248356,610.5328650852183,466.6773365180998
359049.961869,610.5328650852183,466.6773365180998
359060.729901,699.7960034452693,397.63203007252207
359070.331032,699.7960034452693,397.63203007252207
359080.248365,699.7960034452693,397.63203007252207
359090.268459,699.7960034452693,397.63203007252207
359099.920088,699.7960034452693,397.63203007252207
359110.249563,699.7960034452693,397.63203007252207
359120.248541,699.7960034452693,397.63203007252207
359130.24142,712.2552490360774,256.142299613612
359140.547355,652.229029235618,213.8626923471043
359149.97427,584.0865981417999,158.79270353495542
359160.243739,522.2322630933791,94.39610564305232
359170.24712,471.36802511976674,31.498652834252585
361560.707635,687.722174302543,-75.63389482191621
361572.496209,742.5445148109751,-26.2657257211218
361580.701091,805.4667011881771,29.79969471583693
361590.377964,849.8117026572228,70.00035268282055
361600.71707,878.6170828507452,95.25375522880069
366326.165412,741.581325544663,876.1941032200638
366336.182131,741.581325544663,876.1941032200638
366346.175432,741.3619107507112,873.478640818755
366356.164668,741.3619107507112,873.478640818755
366366.169309,741.3619107507112,873.478640818755
366376.160252,741.3619107507112,873.478640818755
366386.54378,741.3619107507112,873.478640818755
366396.174088,568.7429700759678,735.8692208862767
366405.999863,568.7429700759678,735.8692208862767
366416.45486,568.7429700759678,735.8692208862767
366425.843082,568.7429700759678,735.8692208862767
366436.170058,568.7429700759678,735.8692208862767
366446.421573,566.7819220060907,728.5447104627688
366456.472871,567.6062082975949,723.9123317176113
366466.17875,558.8791373804587,680.1358530544654
366475.852584,572.6572754156954,639.1385829806512
366485.846402,579.4785879100001,532.9093809538913
366495.866488,578.2874465617323,517.584055930524
366506.191335,578.2874465617323,517.584055930524
366515.849854,578.2874465617323,517.584055930524
366526.167842,578.2874465617323,517.584055930524
366536.165143,578.2874465617323,517.584055930524
366545.979867,585.7788918606581,520.7316417955418
366555.848862,650.0605839308507,540.0512904585468
366565.854721,744.5816512648169,580.3183346448589
366575.850741,744.5816512648169,580.3183346448589
366586.206758,744.5816512648169,580.3183346448589
366596.172459,744.5816512648169,580.3183346448589
518058.645044,14.126976503185755,-13.269758263594866
518063.668468,-18.448400488447096,102.69444505018323
518073.643588,-53.94088535026688,201.24484992640123
518083.614638,-61.71649739022725,276.72788796222017
518093.946239,27.833468053131355,324.48337891587505
518104.057437,89.9022313451235,346.25987348812043
518113.93915,114.0248134687609,338.4155645465727
518123.933504,126.61789842045025,279.6003409873288
518133.763036,127.96921327555528,241.94831756221487
518143.958802,109.62361146432336,220.93671856116657
518153.940187,49.58379218922508,210.08016414150265
518163.945402,24.53405816329578,199.3208460599457
518173.625123,-44.93867426409771,190.8161661589314
518184.3353,-76.07354044964671,281.41964453631493
518193.937753,-11.108644145141518,314.4174743220395
518203.942604,6.982824966291846,338.85760065010203
518213.949321,-21.64213041753205,355.72761403657336
518214.372519,-21.64213041753205,355.72761403657336
518223.662924,-46.13964958187445,346.32640856722264
518233.937157,-37.087826119758624,325.98305616438523
518243.627218,-35.28011499451399,317.8007657258854
518253.724464,-35.28011499451399,317.8007657258854
518263.94409,-35.28011499451399,317.8007657258854
518273.961059,-38.53688801272352,316.85955614405657
518283.619097,-38.53688801272352,316.85955614405657
518294.220166,-38.44055221245844,312.4429487528238
518303.942115,-37.59915185465015,311.4045526369555
518313.938646,-39.44464856383338,311.74227477304896
518323.942931,-39.444638240899394,311.7422683418995
518333.944031,-39.444638240899394,311.7422683418995
518343.624493,-39.444638240899394,311.7422683418995
518356.046145,-39.444638240899394,311.7422683418995
518363.937248,-39.444638240899394,311.7422683418995
518373.624422,-39.444638240899394,311.7422683418995
518383.959859,-39.444638240899394,311.7422683418995
518393.948905,-39.444638240899394,311.7422683418995
518404.179451,-39.444638240899394,311.7422683418995
518413.944095,-39.444638240899394,311.7422683418995
518423.93389,-39.444638240899394,311.7422683418995
518433.947035,-39.444638240899394,311.7422683418995
518443.943153,-39.444638240899394,311.7422683418995
518453.957875,-39.444638240899394,311.7422683418995
518463.933971,-39.444638240899394,311.7422683418995
518473.937582,-32.441388884267006,308.188393229651
518483.941051,-30.97055051282685,305.01997502630496
518493.633419,-31.138261915326627,305.693026925651
518504.787878,-32.39727336905816,306.99198199513575
518514.170968,-32.85898408917104,309.1910360772742
518523.943172,-34.95354717241109,310.25981314317914
518533.936737,-34.45680001216128,312.3950922631746
518543.951431,-34.45674194984013,312.3995634189429
518553.94403,-34.45674194984013,312.3995634189429
518563.956028,-34.45674194984013,312.3995634189429
518573.952487,-34.45674194984013,312.3995634189429
518583.948479,-37.28200794662183,310.62100012954744
518593.654251,-43.3992985567433,307.00702087138313
518603.953347,-46.02633606326653,306.87087051251603
518613.642131,-47.13779002573787,307.2033031716897
518623.621634,-46.69726603282098,307.5108667393255
518635.095963,-46.99725160425305,307.13752693733005
518643.945461,-45.54438114754991,306.8499019135091
518653.941827,-45.36333521610516,306.75950077719693
518663.631994,-45.36333521610516,306.75950077719693
518673.938097,-45.36333521610516,306.75950077719693
518683.935591,-45.36333521610516,306.75950077719693
518693.944323,-44.41465191412802,306.2722095078634
518703.934931,-40.46374353543128,304.7171261177982
518713.960913,-37.18561317130252,305.8728720409338
518723.967817,-37.09632153448189,306.0758532126953
518734.211694,-37.09632153448189,306.0758532126953
518743.659205,-37.542071236981805,307.6728693596936
518753.943045,-37.05151805898054,310.39140348938724
518763.953628,-38.589054807673335,310.62958021524736
518773.95378,-38.58906883991197,310.6295775502692
518783.944605,-38.58906883991197,310.6295775502692
518793.938826,-38.58906883991197,310.6295775502692
518803.946246,-38.58906883991197,310.6295775502692
518813.942596,-38.58906883991197,310.6295775502692
518823.942834,-38.58906883991197,310.6295775502692
518833.934554,-38.58906883991197,310.6295775502692
518843.938935,-38.58906883991197,310.6295775502692
518853.932628,-38.58906883991197,310.6295775502692
518864.576382,-38.58906883991197,310.6295775502692
518873.94389,-38.58906883991197,310.6295775502692
518883.940243,-38.58906883991197,310.6295775502692
518893.941275,-38.58906883991197,310.6295775502692
518903.93223,-38.58906883991197,310.6295775502692
518913.942419,-38.58906883991197,310.6295775502692
518923.943857,-38.58906883991197,310.6295775502692
518933.928794,-38.58906883991197,310.6295775502692
518943.934355,-38.58906883991197,310.6295775502692
518953.933963,-38.58906883991197,310.6295775502692
518963.945239,-38.58906883991197,310.6295775502692
518973.938756,-38.58906883991197,310.6295775502692
518983.614922,-38.58906883991197,310.6295775502692
518993.937424,-37.02113097878574,315.3586390386872
519003.956306,-35.494819404243806,323.54440737849853
519013.937684,-34.654542818622275,329.7031595356919
519023.923939,-32.40035469727361,332.9471715988224
519033.932961,-36.37408458528196,317.1663492483983
519044.074191,-6.991406507813526,318.5236347848152
519053.601098,56.57548870155136,329.4677855654017
519058.910971,85.96055671133281,346.7447204617096
519063.801419,98.72004787057736,352.5249459686612
519073.929277,125.85521855427898,359.8952191780522
519083.924484,208.88454358004225,392.24203815487374
519093.925371,264.86017304855346,410.4784185773897
519103.651505,331.529814803208,434.1366429515916
519113.935207,340.4311035109159,435.7672051937911
519123.939882,340.4311035109159,435.7672051937911
519134.159112,340.4311035109159,435.7672051937911
519143.940001,340.4311035109159,435.7672051937911
519154.732256,398.17150472785136,454.1394312425618
519163.930144,488.0816772346664,489.84170764278986
519174.164134,542.557473367085,510.2503910854603
519184.077551,542.557473367085,510.2503910854603
519194.051538,542.557473367085,510.2503910854603
519203.607501,542.557473367085,510.2503910854603
519213.937626,591.7791799516477,521.7263516359914
519223.611702,639.8694640136943,549.1585711365194
519233.620055,631.8554348718264,573.4303129200161
519243.93098,631.8554348718264,573.4303129200161
519255.977442,619.6698240428327,588.7635472634544
519263.945699,563.4727756456026,680.3250553336463
519273.602783,607.2150192002136,747.93665288716
519284.202578,694.9537715636342,796.0690130894415
519293.926395,733.3435468106867,820.3628116212079
519303.611672,733.3435468106867,820.3628116212079
519313.636128,733.3435468106867,820.3628116212079
519323.9394,733.3435468106867,820.3628116212079
519333.940418,746.4606522694719,828.0569777492299
519343.945432,762.1823644904209,883.3937738611521
519787.934975,900.4867050655839,126.77838037538608
519798.259174,817.3561991717015,58.33169392780808
519808.265856,762.5873224864706,14.69283339412534
519817.937915,688.0979909075094,79.56411919350765
519828.266751,688.0979909075094,79.56411919350765
519838.271052,688.0979909075094,79.56411919350765
519848.584313,388.1163472381508,389.30166074547134
519860.226229,376.0282658446714,405.950199215948
519868.268687,376.0282658446714,405.950199215948
519878.262328,376.0282658446714,405.950199215948
519888.270289,376.0282658446714,405.950199215948
519898.265784,376.0282658446714,405.950199215948
519908.921943,348.94059932706483,419.9636551823119
519918.265962,352.8890848448642,415.48821720089165
519928.265978,351.4320695079369,417.4902563061534
519937.948425,351.4320695079369,417.4902563061534
519948.262369,351.4320695079369,417.4902563061534
519957.936326,351.4320695079369,417.4902563061534
519967.950905,351.4320695079369,417.4902563061534
519977.94091,351.4320695079369,417.4902563061534
519988.273983,351.4320695079369,417.4902563061534
519997.952193,351.9850746543787,416.797460393157
520007.931366,351.98974032839084,416.7912864899504
520018.26528,351.98974032839084,416.7912864899504
520028.26445,351.98974032839084,416.7912864899504
520037.947068,351.98974032839084,416.7912864899504
520048.523538,351.98974032839084,416.7912864899504
520058.596995,351.98974032839084,416.7912864899504
520068.266827,351.98974032839084,416.7912864899504
520078.562015,351.98974032839084,416.7912864899504
520087.94838,351.98974032839084,416.7912864899504
520098.073777,351.98974032839084,416.7912864899504
520108.25759,351.98974032839084,416.7912864899504
520118.271314,351.98974032839084,416.7912864899504
520127.922898,351.98974032839084,416.7912864899504
520138.262294,351.98974032839084,416.7912864899504
520148.091045,351.98974032839084,416.7912864899504
520157.961804,350.41154429650203,416.48502219329
520168.270857,350.41154369066663,416.4850214720016
520177.999633,350.41154369066663,416.4850214720016
520189.099792,350.41154369066663,416.4850214720016
520198.26226,350.41154369066663,416.4850214720016
520207.944219,350.41154369066663,416.4850214720016
520218.081523,350.41154369066663,416.4850214720016
520228.259742,350.41154369066663,416.4850214720016
520238.262321,350.41154369066663,416.4850214720016
520248.259031,350.41154369066663,416.4850214720016
520258.264302,350.41154369066663,416.4850214720016
520267.934844,350.41154369066663,416.4850214720016
520277.948454,350.41154369066663,416.4850214720016
520288.265203,350.41154369066663,416.4850214720016
520298.601791,350.41154369066663,416.4850214720016
520307.929633,350.41154369066663,416.4850214720016
520318.40611,350.41154369066663,416.4850214720016
520328.843384,350.41154369066663,416.4850214720016
520337.932189,350.41154369066663,416.4850214720016
520347.957677,350.41154369066663,416.4850214720016
520358.28473,350.41154369066663,416.4850214720016
520368.268292,350.41154369066663,416.4850214720016
520377.983027,350.41154369066663,416.4850214720016
520388.254536,350.41154369066663,416.4850214720016
520397.931296,350.41154369066663,416.4850214720016
520407.936727,350.41154369066663,416.4850214720016
520418.248061,350.41154369066663,416.4850214720016
520428.123557,358.3324869185875,419.79124503273295
520438.254542,387.88000980065294,404.2038844537356
520448.482495,433.9260572311695,352.36709196394327
520457.936334,433.9260572311695,352.36709196394327
520468.252442,433.9260572311695,352.36709196394327
520477.92919,433.9260572311695,352.36709196394327
520488.254568,742.3976624741425,-4.602281516602938
520497.944023,694.2288837631995,-57.72934444548275
604741.496534,26.54056544037453,-93.50520049534362
604741.497219,26.54056544037453,-93.50520049534362
604742.423061,26.54056544037453,-93.50520049534362
604752.662879,8.885157745849027,10.230257593726629
604762.46658,-22.094412028864248,118.02856678286231
604772.679219,-51.67857116610304,205.14841937925925
604782.666514,-68.48671322785326,260.1370891953144
604792.665505,-20.378119387806624,308.92787049106045
604802.665855,42.42114021038206,328.49825894209795
604813.418582,87.70774675380153,347.82702819647375
604822.352556,114.06479766267243,353.3354938716296
604834.116391,174.34526916741586,369.6053401296613
604842.342717,212.8556461325621,381.9082203254435
604856.543979,340.95080452779496,429.5028399388265
604856.732501,340.95080452779496,429.5028399388265
604856.733121,340.95080452779496,429.5028399388265
604857.546752,340.95080452779496,429.5028399388265
604867.863631,340.95080452779496,429.5028399388265
604877.532167,340.95080452779496,429.5028399388265
604887.870138,340.95080452779496,429.5028399388265
604897.861329,365.5934094481421,431.4228160207113
604907.860017,443.8997010706908,462.52830814648496
604917.552756,530.920611662998,499.4512826985621
604927.010199,561.2831909541791,510.23476882446494
604927.990508,561.2831909541791,510.23476882446494
604937.857444,561.2831909541791,510.23476882446494
604947.534233,561.2831909541791,510.23476882446494
604957.857825,571.9338262946613,506.4861311950577
604968.134892,584.8505796840674,504.09604333754265
604977.863803,584.8505796840674,504.09604333754265
604987.859433,585.5409488922527,503.8236357859272
604997.858116,585.5409488922527,503.8236357859272
605008.081497,585.5409488922527,503.8236357859272
605017.860867,585.5409488922527,503.8236357859272
605027.563936,590.7212684317388,504.7235721866464
605037.858445,590.7219449653264,504.72378557689626
605047.870015,590.5658189360319,504.8741105219148
605057.537753,592.4214727015162,504.84828131028223
605067.53182,592.4214727015162,504.84828131028223
605078.150863,592.4214727015162,504.84828131028223
605087.546484,592.4214727015162,504.84828131028223
605097.859534,592.4214727015162,504.84828131028223
605107.868646,592.4214727015162,504.84828131028223
605117.550011,592.4214727015162,504.84828131028223
605127.534735,592.4214727015162,504.84828131028223
605138.098267,592.4214727015162,504.84828131028223
605148.134902,592.4214727015162,504.84828131028223
605157.867623,592.4214727015162,504.84828131028223
605167.850829,592.4214727015162,504.84828131028223
605177.528873,592.4214727015162,504.84828131028223
605188.091923,592.4214727015162,504.84828131028223
605197.863699,592.4214727015162,504.84828131028223
605207.845981,592.4214727015162,504.84828131028223
605217.845325,592.4214727015162,504.84828131028223
605227.862303,592.4214727015162,504.84828131028223
605237.86519,592.4214727015162,504.84828131028223
605247.542425,592.4214727015162,504.84828131028223
605257.645881,592.4214727015162,504.84828131028223
605268.361399,592.4214727015162,504.84828131028223
605277.86104,592.4214727015162,504.84828131028223
605287.858185,592.4214727015162,504.84828131028223
605297.810631,592.4214727015162,504.84828131028223
605307.858525,592.4214727015162,504.84828131028223
605317.549766,592.4214727015162,504.84828131028223
605327.851408,592.4214727015162,504.84828131028223
605337.85424,592.4214727015162,504.84828131028223
605347.856664,592.4214727015162,504.84828131028223
605357.854135,592.4214727015162,504.84828131028223
605367.537837,592.4214727015162,504.84828131028223
605377.857238,592.4214727015162,504.84828131028223
605387.852164,592.4214727015162,504.84828131028223
605397.845898,592.4214727015162,504.84828131028223
605408.065787,592.4214727015162,504.84828131028223
605419.157531,592.4214727015162,504.84828131028223
605427.540151,592.4214727015162,504.84828131028223
605437.535761,592.4214727015162,504.84828131028223
605447.860887,592.2125888397815,504.8910651068293
605457.535807,592.2125890554352,504.8910649174069
605467.857588,592.2125890554352,504.8910649174069
605477.846493,592.2125890554352,504.8910649174069
605487.845929,592.2125890554352,504.8910649174069
605498.310207,592.2125890554352,504.8910649174069
605507.851906,592.2125890554352,504.8910649174069
605518.095832,592.2125890554352,504.8910649174069
605527.847645,592.2125890554352,504.8910649174069
605537.846038,592.2125890554352,504.8910649174069
605547.862302,592.2125890554352,504.8910649174069
605557.569272,592.4578584498184,504.1308212620223
605568.997781,593.4146716641666,503.3369054538641
605577.856105,593.4146720707099,503.3369049979806
605587.845549,593.4146720707099,503.3369049979806
605597.845581,593.4146720707099,503.3369049979806
605607.847372,593.4146720707099,503.3369049979806
605617.525728,593.3451938462409,504.3355025775133
605628.138646,593.1202330414103,504.2145182006813
605637.847718,593.1202330414103,504.2145182006813
605647.864873,593.1202330414103,504.2145182006813
605657.54651,593.1202330414103,504.2145182006813
605668.128878,593.1202330414103,504.2145182006813
605677.594228,593.1202330414103,504.2145182006813
605687.847898,593.1202330414103,504.2145182006813
605697.846346,593.1202330414103,504.2145182006813
605707.848261,593.1202330414103,504.2145182006813
605717.845954,593.1202330414103,504.2145182006813
605727.85002,593.1202330414103,504.2145182006813
605737.530797,593.1202330414103,504.2145182006813
605747.849276,593.1202330414103,504.2145182006813
605757.844924,593.1202330414103,504.2145182006813
605767.845128,593.1202330414103,504.2145182006813
605777.566569,593.1202330414103,504.2145182006813
605787.857774,593.1202330414103,504.2145182006813
605797.937885,594.6336360310221,508.6490491180165
605807.847637,595.5002008621587,511.0341673255506
605817.845979,594.3978401905889,512.5704205184951
605827.845565,593.5876813270245,512.2384674251188
605837.847228,592.9761641530343,512.1811797674816
605848.135692,592.9761592072949,512.1811644398739
605857.606278,592.9761592072949,512.1811644398739
605868.900091,592.9761592072949,512.1811644398739
605877.850567,592.9761592072949,512.1811644398739
605887.84627,592.9761592072949,512.1811644398739
605897.55583,592.9761592072949,512.1811644398739
605907.546076,592.9761592072949,512.1811644398739
605917.631796,592.9761592072949,512.1811644398739
605928.396707,592.9761592072949,512.1811644398739
605938.466654,592.9761592072949,512.1811644398739
605947.861759,592.9761592072949,512.1811644398739
605957.525074,592.9761592072949,512.1811644398739
605968.531513,592.9761592072949,512.1811644398739
605977.845307,592.9761592072949,512.1811644398739
605987.628609,592.9761592072949,512.1811644398739
605997.523691,592.9761592072949,512.1811644398739
606007.848629,592.9761592072949,512.1811644398739
606017.848691,592.8937669058687,511.8678709426903
606027.845931,593.9780890453137,512.3129493239936
606037.523694,595.0193250166494,513.0065396801695
606047.5238,595.0193250166494,513.0065396801695
606057.858405,595.0193250166494,513.0065396801695
606068.147127,595.0193250166494,513.0065396801695
606077.846462,595.0193250166494,513.0065396801695
606087.855614,595.0193250166494,513.0065396801695
606097.851348,595.0193250166494,513.0065396801695
606109.050468,595.1452138807009,513.7701796541992
606117.874481,595.1452140798452,513.7701795107203
606127.854794,595.1452140798452,513.7701795107203
606137.843054,595.1452140798452,513.7701795107203
606147.522407,595.1452140798452,513.7701795107203
606157.522287,595.1452140798452,513.7701795107203
606167.978424,595.1452140798452,513.7701795107203
606178.136543,595.1452140798452,513.7701795107203
606187.857188,595.1452140798452,513.7701795107203
606197.857666,595.1452140798452,513.7701795107203
606207.850303,594.7802779926898,513.464423940629
606217.870337,594.7802779926898,513.464423940629
606227.850006,594.7802779926898,513.464423940629
606237.549333,594.6870724965434,511.90153772038303
606247.85012,594.1729415472714,512.5183796529778
606257.852767,594.1729415472714,512.5183796529778
606267.843716,594.1729415472714,512.5183796529778
606279.860212,594.1729415472714,512.5183796529778
606287.538195,594.1729415472714,512.5183796529778
606298.149646,594.1729415472714,512.5183796529778
606307.841883,594.1729415472714,512.5183796529778
606317.842885,594.1729415472714,512.5183796529778
606327.558419,594.1729415472714,512.5183796529778
606337.84763,594.1729415472714,512.5183796529778
606347.867993,594.1729415472714,512.5183796529778
606357.559586,594.1729415472714,512.5183796529778
606367.878723,594.1729415472714,512.5183796529778
606377.841019,594.1729415472714,512.5183796529778
606387.847635,594.1729415472714,512.5183796529778
606398.138446,594.1729415472714,512.5183796529778
606407.842712,594.1729415472714,512.5183796529778
606417.997812,594.1729415472714,512.5183796529778
606427.850581,594.1729415472714,512.5183796529778
606437.551833,594.1729415472714,512.5183796529778
606447.845215,594.1729415472714,512.5183796529778
606457.525681,594.1729415472714,512.5183796529778
606467.854281,594.1729415472714,512.5183796529778
606477.846124,594.7667873418901,514.0418969578083
606487.845999,594.7667873418901,514.0418969578083
606497.851655,595.2461979702163,513.118770865668
606500.986558,595.432108300284,511.9102377448621
606509.12234,595.432108300284,511.9102377448621
606517.842268,597.8352415232579,506.9401746361694
606527.529396,599.1923023492009,505.2638355286592
606538.306325,601.1806211111118,503.9294008918423
606547.851362,601.3089247690176,502.6455117020013
606557.850236,600.9839388780623,501.8344705844565
606567.850096,599.2078730703903,500.6177552643091
606577.904476,598.202461907175,498.75482492748415
606587.847846,606.0110364421677,502.2652041969444
606597.530588,608.0542060354818,503.15837825670326
606607.840957,607.0203959935475,501.84912288051777
606618.150037,605.6909416536292,501.30802935900334
606627.848646,604.8544288720263,501.2763352663395
606637.846203,604.8544288720263,501.2763352663395
606647.53179,604.8544288720263,501.2763352663395
606657.51806,604.8544288720263,501.2763352663395
606667.856657,604.8544288720263,501.2763352663395
606679.89334,604.8544288720263,501.2763352663395
606688.851467,605.4086114046911,501.53181722269767
606697.851254,605.4086114046911,501.53181722269767
606707.841219,605.4086114046911,501.53181722269767
606717.854178,605.4086114046911,501.53181722269767
606727.639785,609.5071423535747,499.6394475048503
606737.836823,609.0182950568202,498.06920350540247
606747.842328,609.1823545899642,497.4131272779245
606757.842103,609.1823545899642,497.4131272779245
606767.729781,609.1823545899642,497.4131272779245
606777.520726,609.1823545899642,497.4131272779245
606788.700771,609.1823545899642,497.4131272779245
606797.564632,609.1823545899642,497.4131272779245
606807.841087,609.1823545899642,497.4131272779245
606817.843686,609.1823545899642,497.4131272779245
606827.613108,609.1823545899642,497.4131272779245
606837.573154,609.1823545899642,497.4131272779245
606847.561601,609.3198126206061,497.9506649432501
606857.836697,610.500521585666,501.1863671248354
606867.850214,610.5073137417737,501.3724689700642
606877.835194,610.5219577725682,501.7719939828674
606887.630043,610.549668666258,501.966674627652
606897.520554,610.5499001024556,501.9684784939417
606907.839229,611.1785118662856,493.40846543230776
606917.517492,611.9559571398573,493.75239258117386
606927.520288,613.5780298728381,495.8760531488272
606937.836657,617.6487642076767,501.0538990533024
606947.516424,617.6229729059507,501.0473118419394
606957.835237,618.580758749453,505.2418127225692
606967.624261,618.9532778835309,507.08245285747887
606977.836654,618.9532778835309,507.08245285747887
606987.844785,618.9532778835309,507.08245285747887
606997.842116,618.9532778835309,507.08245285747887
607007.834256,618.9532778835309,507.08245285747887
607017.836632,618.9532778835309,507.08245285747887
607027.837323,618.9532778835309,507.08245285747887
607037.867124,618.9532778835309,507.08245285747887
607047.872458,618.9532778835309,507.08245285747887
607058.144239,618.9532778835309,507.08245285747887
607067.561351,619.3662036633067,508.045135479316
607077.835574,619.36620899908,508.0451540726814
607087.843405,620.367215482406,509.3080509770072
607097.83918,618.851835286591,507.2601351353222
607107.845018,618.5077701727446,508.67247643191513
607119.092164,618.5074980590489,508.6721517041186
607127.836769,618.1536632045196,508.01815413459104
607137.554119,615.6728224401594,507.1349320107088
607147.558437,616.2444491647848,511.3792045202321
607157.842546,617.8906600948944,512.691988233044
607168.141464,618.279708439248,513.0003894900493
607177.836492,618.6189063082146,516.1619103957813
607187.514648,617.6769703614848,516.6942956523168
607197.780291,617.6769703614848,516.6942956523168
607207.581025,615.9853414345177,515.7530560534199
607224.58493,615.9853414261157,515.753055964362
607227.524196,615.9853414261157,515.753055964362
607237.842131,615.9853414261157,515.753055964362
607247.839455,615.9853414261157,515.753055964362
607257.515542,615.9853414261157,515.753055964362
607267.526106,615.528917183512,515.7280036409094
607278.141612,615.2321790700709,516.1771197154168
607287.837504,614.9692811647184,516.7553718220283
607297.530218,614.5848957560235,518.2192447991333
607307.836647,615.4894021684684,518.774308951751
607317.856243,615.489403155936,518.7743130840415
607327.873456,615.3265914361671,518.8273403303284
607337.515598,615.3265912784435,518.8273403755629
607347.84195,615.0808536098709,519.0129377162556
607358.491833,615.0808328229363,519.0129052283155
607367.86345,615.020650587961,518.4770290509035
607377.843265,615.1544043795707,518.5223934140389
607387.599728,615.1938326040508,518.514732408149
607397.836222,615.194245006819,518.5145086212617
607408.070051,615.194245006819,518.5145086212617
607417.844843,615.5563207293865,519.0194796573136
607427.843244,615.5563207293865,519.0194796573136
607437.835126,615.5563207293865,519.0194796573136
607447.836598,615.5563207293865,519.0194796573136
607457.52564,615.5563207293865,519.0194796573136
607467.516014,615.6804342900849,519.0202646533152
607478.093229,615.9720523545898,517.9475521759256
607487.923257,616.9350861052766,514.6916215383271
607498.177303,618.3585456612616,511.97541993526175
607507.559457,621.004464036971,508.4342423867853
607517.561793,621.4628031914147,502.2872929348249
607528.396688,621.6131312025921,501.5098286599219
607537.861904,621.6731385286121,501.7216404931349
607547.864557,622.1090517064554,503.5704042250195
607557.843329,621.9598133866439,503.81564713040297
607567.964211,621.9565967484122,504.0650283452695
607577.517378,621.9565967484122,504.0650283452695
607587.836809,621.9565967484122,504.0650283452695
607597.844394,621.9565967484122,504.0650283452695
607608.84655,621.462516589114,504.1301458588426
607617.519973,621.4625171865473,504.1301639185741
607627.577882,621.4625171865473,504.1301639185741
607637.522523,621.7681283314587,506.241274516616
607647.84165,621.7681044659662,506.2413129709865
607657.844784,621.7681044659662,506.2413129709865
607667.864644,621.7681044659662,506.2413129709865
607677.836792,621.7681044659662,506.2413129709865
607687.840416,621.7681044659662,506.2413129709865
607697.541599,621.7681044659662,506.2413129709865
607707.519944,621.7681044659662,506.2413129709865
607718.134603,621.7681044659662,506.2413129709865
607728.774903,624.5400835110261,510.13620683209535
607737.838122,626.1360025276518,510.8251862443688
607747.836754,626.7046916401425,515.1141678973471
607757.513533,626.7046916401425,515.1141678973471
607767.841606,626.7046916401425,515.1141678973471
607777.838932,626.7046916401425,515.1141678973471
607787.841718,625.8014633209315,515.1693071010313
607797.840535,623.8201710059748,514.843899309762
607807.842091,623.1768348851183,512.4948344233214
607817.511333,622.0905877267882,512.9298503591214
607827.511752,622.0905877267882,512.9298503591214
607837.839961,622.2329440375854,513.6306444404704
607847.840612,622.2329440375854,513.6306444404704
607857.836528,622.2329440375854,513.6306444404704
607867.844817,622.2329440375854,513.6306444404704
607877.525557,622.2981148616999,513.8238115630082
607887.840393,622.2981148616999,513.8238115630082
607897.838118,622.2981148616999,513.8238115630082
607908.017286,622.2981148616999,513.8238115630082
607917.511347,622.2981148616999,513.8238115630082
607927.840342,622.2981148616999,513.8238115630082
607938.081799,622.2981148616999,513.8238115630082
607947.834773,622.2981148616999,513.8238115630082
607957.834883,622.2981148616999,513.8238115630082
607967.844493,622.2981148616999,513.8238115630082
607977.514175,622.2981148616999,513.8238115630082
607987.528442,622.2981148616999,513.8238115630082
607997.522615,622.2981148616999,513.8238115630082
608007.842281,622.2981148616999,513.8238115630082
608017.837657,622.2981148616999,513.8238115630082
608027.843148,622.2981148616999,513.8238115630082
608037.83667,622.2981148616999,513.8238115630082
608048.076458,622.7424091303175,514.747784775453
608057.517673,622.806543055946,516.4170712052531
608067.836476,622.905785184134,516.0561402005815
608077.521089,622.905785184134,516.0561402005815
608087.846865,622.905785184134,516.0561402005815
608100.255104,622.905785184134,516.0561402005815
608108.2368,622.7299560750839,516.9258515996578
608118.784075,623.1684443592312,517.9114057618071
608127.525629,623.1684444422203,517.9114059837412
608137.843312,623.1684444422203,517.9114059837412
608147.875116,623.1684444422203,517.9114059837412
608159.669355,623.1684444422203,517.9114059837412
608168.097652,623.1684444422203,517.9114059837412
608177.509819,623.1684444422203,517.9114059837412
608187.829671,623.1684444422203,517.9114059837412
608197.518564,623.1684444422203,517.9114059837412
608207.841674,623.1684444422203,517.9114059837412
608217.825466,623.2043153551359,518.2804471251542
608227.944149,623.2043153551359,518.2804471251542
608237.831247,623.7778525603006,518.2357453799553
608249.430322,624.2072834523943,517.6635337779642
608257.836649,624.2072834523943,517.6635337779642
608267.509401,624.2072834523943,517.6635337779642
608277.837111,624.2072834523943,517.6635337779642
608287.832517,624.2414373232834,518.1901472778808
608297.547121,624.2414373232834,518.1901472778808
608307.508432,624.2414373232834,518.1901472778808
608317.49903,624.2414373232834,518.1901472778808
608327.929331,624.2414373232834,518.1901472778808
608337.506901,624.2414373232834,518.1901472778808
608347.809528,624.1579883240593,519.6801078681193
608357.849279,624.1579883240593,519.6801078681193
608367.510788,624.1579883240593,519.6801078681193
608378.199617,624.1579883240593,519.6801078681193
608387.518237,624.1579883240593,519.6801078681193
608397.854893,628.6117955949265,523.590084509778
608407.566284,646.7879951746437,542.0713960792962
608417.519548,645.7396490776805,543.2392239935185
608427.521308,645.7396490776805,543.2392239935185
608437.881656,646.9647076575804,541.2599586196077
608448.872832,646.9647079149497,541.2599583739955
608458.033911,646.9647079149497,541.2599583739955
608467.857316,646.9647079149497,541.2599583739955
608477.928743,646.9647079149497,541.2599583739955
608487.509184,646.9647079149497,541.2599583739955
608497.833938,646.0790350164983,542.840873813226
608507.505375,646.303792333417,544.9424900885547
608517.830047,646.3547209079248,541.4357409968813
608527.557404,648.2315784778959,541.172557066266
608537.848775,649.3638065230587,540.4573023329974
608547.507311,651.2035434668209,539.7351268289167
608557.649002,649.7166674041392,542.1775991239813
608567.515199,649.7166674041392,542.1775991239813
608577.849383,649.7166674041392,542.1775991239813
608587.831157,649.7945199645268,543.0341677212807
608598.115415,648.8884493295515,544.1661786834101
608607.829727,648.9420022765737,544.6912067146387
608617.908528,647.9786233883378,546.3003399882242
608627.834919,647.9786233883378,546.3003399882242
608637.826635,647.9786233883378,546.3003399882242
608647.834274,647.9786233883378,546.3003399882242
608657.831173,647.9786233883378,546.3003399882242
608667.836246,648.8630447475975,548.3538045725506
608677.830933,649.9068652934889,550.2155884534751
608687.617267,649.9068652934889,550.2155884534751
608697.841662,655.0134041197238,552.08519185786
608708.117792,655.0193377133222,552.0913496454739
608717.828689,655.0193377133222,552.0913496454739
608727.830285,654.825288425023,553.0150378375641
608739.681528,655.1420989451825,553.398164153147
608749.515806,655.1420992522276,553.3981641418399
608757.83593,655.1420992522276,553.3981641418399
608767.827043,655.2156435328461,553.170509443215
608777.825716,654.6704133041983,553.6661388220388
608787.833033,654.6704133041983,553.6661388220388
608798.152666,654.6704133041983,553.6661388220388
608807.517448,654.6704133041983,553.6661388220388
608818.109677,655.7248182972623,553.6433441127778
608827.829613,658.8115085315328,556.196662979787
608837.881416,660.0044125198606,556.4191314558802
608847.503793,660.1285947561854,557.3773089506499
608857.511314,660.4153182083722,557.8422376714207
608867.848614,660.4153182083722,557.8422376714207
608877.832193,660.4153182083722,557.8422376714207
608887.841444,660.4153182083722,557.8422376714207
608897.829756,660.4153182083722,557.8422376714207
608907.839253,660.4153182083722,557.8422376714207
608917.828221,660.4153182083722,557.8422376714207
608927.506057,660.4153182083722,557.8422376714207
608937.517665,660.4153182083722,557.8422376714207
608947.828857,660.4153182083722,557.8422376714207
608957.560056,660.4153182083722,557.8422376714207
608967.829679,659.6553879766174,557.8190643187395
608977.52534,659.6538109581865,557.8208495245715
608987.841594,659.1994983275059,557.9225895787246
608997.830747,658.0759610029478,556.5747241973429
609007.843455,658.4417490636745,556.976281085272
609017.829724,660.170200123126,558.1220517546061
609027.543252,655.448816859352,556.9624330895521
609038.1212,655.5991928671225,557.8337441948288
609047.829776,655.371189096475,559.5798288277672
609057.520321,656.2402126104689,560.0113773001732
609067.841827,658.6516082515184,559.2668451868092
609077.829821,661.7807057552994,559.7291094703173
609087.503583,657.9821224141359,559.4470858973077
609097.499672,656.8708983703244,557.7494057008519
609108.001789,656.1399293765664,557.6462932713252
609117.829378,656.1399293765664,557.6462932713252
609127.829606,656.1399293765664,557.6462932713252
609137.834382,656.1399293765664,557.6462932713252
609148.105542,656.6972547185926,558.771103420761
609157.829813,654.7060529386366,557.6504165974987
609167.832686,653.6355818979315,556.84486748112
609177.507824,652.5898811598803,557.0432805639082
609187.833594,651.9109516172073,554.2311566030468
609197.54678,651.0550114796046,553.8242042564118
609207.84149,648.2908349352043,551.8749904210287
609217.647403,647.5947622998533,551.9824226826728
609227.832056,648.4873589884354,550.9242142114725
609237.826326,648.4873589884354,550.9242142114725
609247.832547,650.4925332443948,555.4921711832494
609258.121271,649.0380452756073,556.565084686986
609269.395113,647.679878734529,555.8013015773985
609277.832378,645.8680568942989,557.0212851805893
609287.83104,643.5154806703853,555.7065130087444
609297.517532,643.4780712343525,557.9491872077671
609307.841517,644.0470049272793,557.1725127150257
609317.832817,642.8864773821759,556.2639626850683
609328.07458,641.2704409495815,556.385092375404
609337.899069,641.1270170784024,558.1444893361728
609347.841824,639.9398371631675,557.5715255569745
609357.832588,639.4578430474362,557.8517664100275
609368.11973,645.0796275833083,559.9369175422904
609377.82996,646.1277948295569,558.682121697733
609387.837782,647.9780451715169,560.5407665414266
609397.498062,651.6480229506292,561.9222435525294
609407.829731,643.1490559985425,558.7659353568913
609418.047147,622.3768474852731,556.6264262879855
609427.829786,620.542210052313,551.1111705100773
609437.505063,620.626133698955,551.0930150201731
609447.613538,615.2398848884575,553.405740246312
609457.841744,624.7866211569315,547.8249917460458
609469.297528,635.0816698544413,547.5194145737865
609478.331311,641.6512795521032,555.0756710484958
609487.83125,650.447710625131,555.860936022761
609497.828624,664.9839462197187,546.2366573248423
609508.548632,674.8195609749631,543.3477099213193
609517.827704,674.7754280419623,543.3918626873594
609527.826738,674.7754280419623,543.3918626873594
609537.826895,674.7754280419623,543.3918626873594
609547.829732,674.7754280419623,543.3918626873594
609557.826807,674.7754280419623,543.3918626873594
609567.825353,674.7754280419623,543.3918626873594
609577.873459,672.8875854636958,544.5927334616812
609587.501442,667.1533998688567,541.8135960902396
609597.835724,663.7837579437133,541.5311604167964
609607.87216,662.5683150157083,543.1729619739702
609617.851303,662.5689899975613,543.1732796380384
609627.841578,662.5689899975613,543.1732796380384
609637.543059,662.2559830374762,542.9139606585941
609647.503111,660.9999395354189,546.1197038103235
609657.498831,664.7496395367475,546.0242729704477
609667.597782,664.7340905483956,546.3116778138618
609677.507483,664.8853106383191,550.562720764685
609687.597133,664.8853121983083,550.5628263602122
609697.721272,666.1686542329815,552.3161741668529
609707.631698,665.915052840005,555.0479728907522
609717.831389,663.1861743025428,559.4342309246679
609727.513241,661.5884888285461,558.7084526531984
609737.834459,660.8619193281714,559.7995132332998
609747.505149,661.2368159060829,560.4280394693304
609757.841495,662.5417423910692,559.7778715783546
609767.832016,660.1566025420868,559.6992675794615
609777.828004,660.917790768785,559.1570525314496
609787.627266,663.1055923808752,557.9714908141223
609798.09378,663.0806301498587,557.937311040298
609807.505561,660.8915359559611,562.8826780615977
609817.828619,659.4335358176196,563.7511561427118
609827.707904,657.0619638172858,564.5875124046373
609837.828609,656.4177471853537,564.4374360792498
609847.826943,655.3143662948472,563.9638570008785
609857.636934,655.3143661455256,563.9638568005
609867.835143,655.3143661455256,563.9638568005
609877.954909,655.3143661455256,563.9638568005
609887.549106,655.0000272535109,564.7098629377862
609897.830642,655.000027245109,564.7098629494462
609907.607896,655.000027245109,564.7098629494462
609917.539992,655.000027245109,564.7098629494462
609929.909062,655.000027245109,564.7098629494462
609937.849466,655.000027245109,564.7098629494462
609947.610456,655.000027245109,564.7098629494462
609957.976271,655.000027245109,564.7098629494462
609967.830934,655.000027245109,564.7098629494462
609977.840026,655.000027245109,564.7098629494462
609987.550081,655.000027245109,564.7098629494462
609997.832554,655.000027245109,564.7098629494462
610007.831866,655.000027245109,564.7098629494462
610018.660589,655.000027245109,564.7098629494462
610028.168297,655.000027245109,564.7098629494462
610038.490659,655.000027245109,564.7098629494462
610048.008104,655.000027245109,564.7098629494462
610057.817627,655.000027245109,564.7098629494462
610067.82703,655.000027245109,564.7098629494462
610077.52097,655.000027245109,564.7098629494462
610087.827834,655.000027245109,564.7098629494462
610097.496952,652.8284965957989,566.6188975263951
610107.824592,636.8795581288794,579.8436650461699
610117.821473,636.879550328638,579.8436713317183
610129.79091,622.4692321506566,592.4341202816698
610138.048989,608.841590216381,607.3117819620136
610138.065132,564.0110801177303,682.486916746285
610147.817485,608.8541000394234,758.9108677768592
610157.497571,608.8541000394234,758.9108677768592
610167.818369,724.5371214094897,813.0869348294007
610177.832901,727.0737419768993,816.8129254842053
610187.836651,744.9087438382475,872.5112601524879
610812.267516,-149.10563847733656,425.4427853393663
610821.992424,-149.10563847733656,425.4427853393663
610839.762958,-149.10563847733656,425.4427853393663
610842.050778,-89.95800824481363,293.5904647378618
610852.26548,-65.1317925110935,300.0903979638802
610862.281803,-48.73009913844479,311.3998215412935
610872.269538,3.5892305117469383,324.8787002875504
610881.993484,90.75789110504633,331.19993838904355
610892.2782,110.8339180139419,330.34722648478856
610901.994403,110.8339180139419,330.34722648478856
610912.559649,110.8339180139419,330.34722648478856
610921.943597,110.8339180139419,330.34722648478856
610932.280781,110.8339180139419,330.34722648478856
610942.304592,105.65671097489704,333.4193318672383
610952.265074,104.0431283692298,334.2605726225388
610961.958005,102.1716122664701,334.7342045093239
610972.285966,99.07590777063898,337.26294416810515
610982.297907,97.84077903833028,339.35978282896104
610991.957559,93.8278621040915,344.59333385391386
611002.615773,96.08512808502012,342.3259410078641
611012.313726,93.54085417355785,347.6134755605255
611022.533731,92.28492504393472,348.5191468438677
611033.175813,92.27961768027046,348.06949544675444
611041.941381,94.41855245168196,344.47066254534553
611052.582835,93.60867478777278,344.8262706678223
611062.280291,102.98974453201411,337.5517877794268
611072.266824,102.98974453201411,337.5517877794268
611081.944313,102.98974453201411,337.5517877794268
611092.104306,102.98974453201411,337.5517877794268
611102.269958,102.98974453201411,337.5517877794268
611114.72837,102.98974453201411,337.5517877794268
611122.278266,102.98974453201411,337.5517877794268
611132.554389,102.98974453201411,337.5517877794268
611144.155594,-58.74694546627384,183.7387388642344
611151.963407,-64.97087234357326,166.68736916615296
611162.267151,-64.88511352208042,166.67868871767055
611172.282855,-65.50105979807658,165.97070760217298
611182.273904,-32.63692823466124,90.09666288726594
611192.261773,-28.666953893308172,76.62144746368554
611201.940549,-28.666953893308172,76.62144746368554
611212.095414,15.7739297648062,-60.41403268308268
693421.908445,46.51901252850634,-68.04672375910367
693431.095633,41.23849868224221,-54.399214264270434
693440.987467,28.714356822035217,-38.00972411478354
693451.025348,13.600400630418566,-21.658793929420515
693461.315887,7.703165367385246,-15.854155631619394
693472.593533,-36.79167529270544,133.82957559312345
693481.31235,-53.36291013095615,197.2852471194984
693504.18908,-70.14261205520938,287.0359445983364
693504.189675,-70.14261205520938,287.0359445983364
693504.982272,-70.14261205520938,287.0359445983364
693504.982819,-70.14261205520938,287.0359445983364
693505.770487,-70.14261205520938,287.0359445983364
693516.094741,-17.976975110903293,320.38218685955354
693518.745375,-2.8641793859237485,324.1490439168816
693527.643803,12.017744378448809,354.1914978965259
693535.893333,-3.9647874920671433,363.5553116003684
693546.08653,-45.58945935068376,340.5695272880566
693555.761558,-28.38744998623564,315.4962505658417
693565.864162,-28.38744998623564,315.4962505658417
693576.098584,-28.38744998623564,315.4962505658417
693586.086551,-19.87259624323685,315.87924918336813
693595.763158,-19.87259624323685,315.87924918336813
693606.519274,-17.08264287456174,313.5345857367353
693616.375081,-17.452620501931253,314.437365206178
693626.086458,-17.145150980229808,314.75793079265566
693636.084362,-17.744864962921845,315.14203837001577
693646.079867,-17.938222930442244,315.5353899865279
693655.921612,-19.64611734500948,315.84507350986183
693666.086454,-19.9031802143347,316.01687032830483
693677.393833,-23.840761167408235,319.7819269157621
693686.082192,-23.796617430145933,319.8601804999116
693696.095917,-23.866079182733017,319.8999795516209
693706.081077,-25.684359785154065,319.45603770762114
693716.150162,-23.981276221188477,320.44173335803686
693726.085375,-22.33801033677297,320.4200939216744
693736.082506,-21.341439310241185,320.04903560643845
693746.08647,-21.013853550824933,320.3190164357651
693755.787703,-21.01257576466635,320.31974982912266
693766.085927,-21.11516831438055,320.80003701349705
693775.769765,-21.115166530335344,320.800040523452
693786.104451,-20.794121824327163,320.7499301277345
693795.807688,-20.515666673752825,320.51918376252024
693805.776697,-20.51586470969944,320.51840358589857
693816.086572,-20.606783469456616,320.2973985581353
693826.960586,-20.1487828303388,316.699623236666
693836.425573,-21.79503289630592,316.8862119751297
693846.082231,-21.748209586813573,317.22505487995
693858.121247,-20.597057037003825,316.4707894431276
693866.082315,-18.64962630452233,317.4744584701118
693875.803194,-19.45308974439608,320.72206505127167
693885.779119,-15.569450665709027,320.6482472480248
693895.761515,-12.308176476507706,318.69027624922023
693905.769772,-10.430303672613087,319.0450821554317
693915.759155,-9.973539876383391,319.0811619709136
693926.099564,-9.973539876383391,319.0811619709136
693935.775724,-10.104733091983643,318.9813021607329
693945.761563,-8.617388512684641,319.7166597527644
693956.082593,-10.539356219233934,318.675242160019
693965.86651,-10.64086052967043,318.55856020136207
693975.803332,-9.032126365394255,318.08172967045044
693986.104673,-10.359778143673967,318.09312895956253
693996.233932,-10.687906628570936,318.0285409878169
694008.31912,-10.617519670844144,319.36214458677966
694015.761673,-9.554723943516686,319.58881580857627
694025.763188,-10.06387916622737,319.971906875314
694036.100046,-16.624377847254593,319.02644316790617
694046.639743,-16.638665678983124,319.0074514510749
694056.479459,-17.81529539471871,319.20164579182904
694065.818171,-31.15874323122125,315.4615637955662
694076.537708,-30.72438271637053,316.6063166824349
694086.088776,-44.223382630623085,318.2839361329247
694096.296794,-53.29278699715192,318.8581207158321
694107.725321,-53.29278772739728,318.8581207158321
694116.082174,-52.7635962447654,317.66558627387127
694128.109604,-52.94639828592457,317.84203932772533
694135.809589,-49.89394739044742,317.92645636149666
694145.759528,-49.71466816538308,318.63545247233805
694156.0869,-49.88759083882958,319.74654780495683
694165.780808,-49.972780305797016,319.5276076162774
694176.083935,-44.42006892987207,317.3672955848708
694186.079609,-46.36596478204965,319.1056220206993
694195.775095,-46.59740674429334,318.77167682949306
694205.771047,-46.59866003421251,318.769957098762
694215.761171,-46.37716615704074,319.16696599792766
694226.082389,-45.35565482319348,319.2225980731434
694236.079731,-46.01418324427205,319.4791459531876
694245.760996,-46.001788218181616,319.35381889823293
694256.099677,-46.1798337866686,319.1510808477535
694265.829468,-45.33906658802579,318.8852925502992
694276.416353,-45.44541641065959,318.5317296895562
694288.403114,-48.836611447606295,317.3698198145301
694296.098609,-49.172201245309616,317.0099527640725
694305.757541,-49.105773728807385,316.94892923926096
694316.082994,-48.96988440164071,316.8776371094536
694326.079589,-48.30374376550695,316.52798777043887
694336.095794,-48.21856336838182,316.2896753016445
694346.834526,-46.123824081680574,316.53290836588644
694356.089331,-41.0540895833851,316.6051791671312
694365.757639,-38.78515424345896,315.93906173115977
694376.099819,-38.78515424345896,315.93906173115977
694386.384097,-38.5337675252832,315.21130110205786
694396.276261,-38.46650351961203,315.1513809394538
694405.764987,-37.85275444291708,314.9004460761189
694415.79555,-42.04297308892856,315.83230202367287
694426.083704,-37.80955206714213,316.82252656906417
694436.086783,-35.81398044108279,316.2942404685298
694446.086222,-36.10036250665679,312.6007071722214
694456.087964,-35.78937321425268,309.73421595366466
694465.758946,-30.300790444885106,309.1477370660336
694476.363853,-29.701621262402675,309.3067655521555
694485.753648,-27.944475060713124,307.99217006272886
694496.374327,-28.00227469871994,308.77027298355927
694506.083771,-28.00227469871994,308.77027298355927
694515.75898,-26.90552970848031,311.3819358283446
694525.771078,-26.63015669110145,311.6535201462079
694536.088939,-27.42821598576857,312.3697977562372
694546.089174,-28.481355508166907,314.50499470178454
694555.759016,-28.64494325694717,314.66635911838495
694566.100001,-28.72531024761318,314.75206706847706
694576.086484,-29.08332597211544,314.84655306654844
694585.760943,-29.08184349481258,314.970906580748
694596.100313,-29.25120277401736,315.02577934917616
694606.315603,-29.71507160054332,315.5641562386356
694616.082612,-29.81827625701,315.5737259048691
694626.079733,-29.94441586715577,315.5557848231479
694635.760198,-31.334860975900234,314.57379856439894
694646.41484,-29.75809342454543,312.71062642698973
694655.834931,-29.72370773579423,312.6729037539447
694665.759325,-29.11605288059856,312.2537336667242
694677.030092,-29.11605288059856,312.2537336667242
694686.083894,-31.959597085823848,312.611242012886
694696.341024,-32.28165855063967,312.3256381538574
694705.761297,-26.62312111636869,313.68061547380813
694716.385943,-26.14641879635262,314.9498248993866
694726.08375,-25.62166570909779,315.0317494477584
694736.217877,-30.13298536416561,313.9461185919617
694746.095521,-34.24194557149613,315.19312339450545
694755.755829,-36.36754289301973,317.3551033006679
694766.161164,-29.300103000461533,314.2977960025958
694775.754946,-28.84182256356213,313.83355427022275
694785.814259,-27.92427277933638,306.7230267920668
694796.125321,-27.92904800578368,306.7036496697625
694806.291379,-28.79052957458824,305.7878388836818
694815.755441,-30.90134542277476,306.1883881630078
694826.278619,-32.32625603222955,307.4101942443552
694837.377824,-34.2293823662362,308.6142431029596
694849.603791,-34.2293823662362,308.6142431029596
694858.368243,-37.33127320171752,309.3572445607254
694865.764577,-37.33127320997222,309.3572445607254
694875.802121,-37.493534819116405,309.46571506535764
694886.580574,-38.09305526334046,308.7714727210489
694895.75646,-40.695573901991885,307.9108722696238
694905.775253,-36.75147244188964,307.302895620685
694916.873327,-28.98921385883938,307.28717985351693
694926.975943,-30.76813778369198,304.237451735722
694935.756607,-36.14340937450861,303.0719196621303
694947.95279,-36.14340937450861,303.0719196621303
694955.758402,-37.97477917024769,303.4775703915777
694966.572054,-37.97477917024769,303.4775703915777
694975.761958,-32.68334000444234,302.35548003120425
694986.082727,-25.90430453413827,294.9182260979112
694996.105334,-25.90430453413827,294.9182260979112
695007.32349,14.741223014081548,310.26274496161545
695016.081127,14.741223014081548,310.26274496161545
695025.768352,14.741223014081548,310.26274496161545
695036.854871,14.741223014081548,310.26274496161545
695046.365223,14.741223014081548,310.26274496161545
695056.088567,14.741223014081548,310.26274496161545
695058.144831,320.82258338656425,406.4924461196397
695066.284423,335.3722240147739,432.8775129829834
695075.753371,354.92555673303616,440.64407175661137
695086.088324,428.1196248878762,461.9615995283941
695095.855079,505.4987359452842,484.9969439264012
695105.766483,550.0906056046971,503.9615940746593
695116.353585,551.7863159315666,505.7929094043244
695127.110421,551.7863159315666,505.7929094043244
695136.117766,551.7863159315666,505.7929094043244
695146.181318,551.7863159315666,505.7929094043244
695157.161629,551.7863159315666,505.7929094043244
695166.088023,556.2376583039794,500.4145600411912
695176.076079,629.2184771067157,520.2614290030348
695186.639604,629.2184771067157,520.2614290030348
695197.661285,753.6778856695714,580.067537649126
695206.232922,753.6778856695714,580.067537649126
695216.0744,753.6778856695714,580.067537649126
695226.446189,753.6778856695714,580.067537649126
696009.977346,896.2526452254617,122.1814740839307
696020.268898,833.8026246776992,62.66651857492969
696029.674648,767.5990776344703,6.991784948437236
696039.83066,680.797683326716,73.9385789191053
696049.656405,680.797683326716,73.9385789191053
696059.985232,680.797683326716,73.9385789191053
696070.265468,680.797683326716,73.9385789191053
696079.973693,680.797683326716,73.9385789191053
696089.651228,680.797683326716,73.9385789191053
696099.755956,477.225842461484,477.1400102073588
696110.988414,554.1178636004868,501.4371619124936
696119.985093,554.1178636004868,501.4371619124936
696132.102952,554.1178636004868,501.4371619124936
696143.265281,554.1178636004868,501.4371619124936
696149.9775,560.512232638102,493.2788472997005
696156.267897,573.8577049116632,494.69467033162965
696159.762623,586.938303517154,495.48547313023033
696169.98673,591.4516740957173,498.23239069540057
696179.975962,591.1640205755801,499.3845787979374
696190.817386,593.7545834249742,506.4367311529163
696199.68748,593.9246145076816,510.6987727286941
696209.992258,590.6531387603078,513.4137819419075
696220.317637,590.7415652873941,513.0482167951596
696229.987136,600.4578606805273,489.810775378555
696240.283057,606.7578489516417,484.96952998174567
696249.690981,606.7578489516417,484.96952998174567
696259.690485,601.2029015709143,497.4582464497181
696269.973522,603.2728772416023,499.4488957852452
696279.978171,603.29049068306,499.4899232747145
696289.983076,599.6866607713836,504.3274518892101
696299.979393,599.6866607713836,504.3274518892101
696309.984094,599.6866607713836,504.3274518892101
696333.515288,591.4267674625487,508.2120239272644
696333.515895,591.4267674625487,508.2120239272644
696334.59811,591.4267674625487,508.2120239272644
696344.599107,594.1676026505422,506.1823831458653
696354.918761,593.8754880562987,507.27503423304574
696364.91739,588.4935865350437,518.8103605780003
696377.472641,588.5792849788494,521.6737364189107
696384.922409,589.5955426788397,520.8113734540465
696394.601312,589.2519603196673,522.9710705315116
696404.9201,596.0484060531435,516.5444854870021
696414.918068,596.7252187396899,512.5254298322016
696424.915696,601.8309112689576,504.71598092227487
777716.116997,-59.54836393705693,292.2482277034255
777726.060342,-37.94257026709716,310.2777219595539
777736.064605,-37.94257026709716,310.2777219595539
777746.051115,-37.94257026709716,310.2777219595539
777756.052368,-37.94257026709716,310.2777219595539
777766.058078,-37.94257026709716,310.2777219595539
777777.33413,218.39634317726288,382.6472968272018
777786.051852,218.39634317726288,382.6472968272018
777796.052651,334.77656676134774,424.5518106696932
777806.052932,334.77656676134774,424.5518106696932
777816.281124,356.76286032951054,418.2335272611794
777827.491106,356.76286032951054,418.2335272611794
777835.823033,468.1728118355349,450.7980006906698
777846.065916,529.9274193471135,471.793068702534
777856.056289,575.5423584922582,497.1954649386247
777866.053936,613.0097887125117,520.9337359864398
777876.058059,641.1102847039549,540.7796831181265
777886.058843,646.5537874223681,556.2474037807583
777895.735562,654.3993230169857,555.1561881738052
777906.076816,656.5970332894824,555.234077717339
777915.775599,641.689227506524,583.439482268447
777926.61398,588.4026754015197,662.6121417191831
777936.065331,629.7846253011749,785.727882502492
777946.055459,710.5403149081566,818.0119504356829
777955.72891,726.6275373108733,827.1298617253467
777966.05251,734.1139178729886,821.6399496749716
777976.06589,745.9257835245442,796.5754041492504
781496.162889,745.6661256668111,859.9310940062084
781505.715327,745.6661256668111,859.9310940062084
781516.031058,745.6661256668111,859.9310940062084
781526.056427,751.4709871351511,831.9293309611993
781536.036546,751.4709871351511,831.9293309611993
781545.707044,699.9691892452029,803.8301493612912
781555.714402,670.9372683127345,790.4955772580246
781565.753297,670.9372683127345,790.4955772580246
781576.253895,670.9372683127345,790.4955772580246
781586.614165,670.9372683127345,790.4955772580246
781595.715396,594.9665138269144,595.0364022100224
781606.333727,594.9665138269144,595.0364022100224
781616.143495,592.3430711836373,551.4522904485665
781626.333674,575.7354223639763,529.0526728387844
781636.535776,575.7354223639763,529.0526728387844
781646.037717,575.7354223639763,529.0526728387844
781655.709488,577.1549618288797,527.7972477240495
781667.485488,575.5718585638108,505.97014966122913
781676.039675,617.045244856671,450.50003974206334
781686.041831,617.045244856671,450.50003974206334
781696.668869,617.045244856671,450.50003974206334
781708.584046,738.1397170470464,374.1405568975881
781716.407744,738.1397170470464,374.1405568975881
781725.719985,738.1397170470464,374.1405568975881
781736.040942,738.1397170470464,374.1405568975881
781745.807081,738.1397170470464,374.1405568975881
781756.028876,738.1397170470464,374.1405568975881
781766.03532,738.1397170470464,374.1405568975881
781776.043366,738.1397170470464,374.1405568975881
781786.328915,738.1397170470464,374.1405568975881
874654.940524,4.34508423240498,-37.72611203219044
874664.92782,-3.986071415749121,-25.359215405349804
874674.666381,-13.891437034693904,1.6062509818073325
874684.930612,-13.891437034693904,1.6062509818073325
874694.623154,-13.891437034693904,1.6062509818073325
874715.564512,-13.891437034693904,1.6062509818073325
874715.855237,-2.87384605485191,49.87342309302514
874715.855969,-2.87384605485191,49.87342309302514
874716.882975,-2.87384605485191,49.87342309302514
874727.510285,-3.950645642052869,61.56804497084164
874737.166585,-10.098182993497293,83.57823924301404
874747.163677,-23.62800293711987,109.84008260696967
874757.172675,-23.629704295381813,109.84106966375472
874767.163633,-33.47714460879399,135.2800062450675
874778.275477,-46.15090565024073,163.58307106898278
874787.934635,-48.70403821237769,174.63491971895232
874796.930313,-49.66465805792374,178.17723220159115
874807.180858,-63.02122390715023,220.43847885331155
874818.267702,-70.99805285944534,246.44438039729104
874827.3826,-41.9299365716784,290.69340258797445
874837.167199,-11.310244922620893,304.66793210603026
874847.170533,-1.1264683823274897,307.9734300004735
874856.843744,23.26158478714184,321.7943712749509
874866.858048,59.89025104555133,334.284047126048
874877.243407,92.52169495762946,344.82872349120294
874887.162005,130.21962534521205,351.8851061287346
874897.166228,140.96983040906554,357.8862590950177
874907.162461,161.84665068652535,373.8285344037858
874918.133764,244.2792728278092,402.634558037685
874927.166087,304.2853180791879,421.59101896590886
874937.554384,318.2969095040294,428.3251820378444
874946.937383,318.2969095040294,428.3251820378444
874956.852259,318.2969095040294,428.3251820378444
874967.190363,348.66898387292736,437.8802939140187
874976.847842,415.1876449971512,461.3885288308122
875000.927047,493.2245398739613,486.305518534997
875000.931051,493.2245398739613,486.305518534997
875010.334558,493.2245398739613,486.305518534997
875016.910212,493.2245398739613,486.305518534997
875027.81309,639.9552516961564,538.2845718444669
875037.217764,641.6122587848025,558.7106167702748
875048.939447,617.4201007403316,587.4762578842222
875057.161677,617.4201007403316,587.4762578842222
875067.115256,596.7746958222148,752.2600750003785
875077.163005,727.5100896719713,808.5270418490793
875087.267865,755.6656960011558,863.2440893581029
875102.418396,746.9418960805874,887.1438759129717
875109.015337,742.3201391437499,896.6988757419406
875116.855669,742.3201391437499,896.6988757419406
875127.535953,742.3201391437499,896.6988757419406
875136.840875,742.3201391437499,896.6988757419406
875715.427987,588.9757167077705,490.64890411999255
875715.428663,588.9757167077705,490.64890411999255
875718.57019,588.9757167077705,490.64890411999255
875724.294862,588.9757167077705,490.64890411999255
875728.365975,588.9757167077705,490.64890411999255
875738.379023,592.4716073480537,508.508667517312
875746.713749,592.4716073480537,508.508667517312
875757.053342,592.4716073480537,508.508667517312
875767.092638,592.4716073480537,508.508667517312
875778.478049,592.4716073480537,508.508667517312
875787.188219,592.4716073480537,508.508667517312
875797.409872,596.8899324511015,509.66333207521166
875806.737032,596.8899324511015,509.66333207521166
875817.044367,596.8899324511015,509.66333207521166
875826.713845,596.8899324511015,509.66333207521166
875836.873875,596.8899324511015,509.66333207521166
875846.747702,598.7562523843078,511.0084618691024
875857.065346,598.3373820323147,511.15782475953
875867.054769,597.0649258842319,511.1952954661475
875877.078626,595.799495369716,511.1161569629968
875889.824392,596.1381963603723,511.4330824502873
875898.559228,596.1381963603723,511.4330824502873
875907.047269,596.1381963603723,511.4330824502873
875917.039668,605.6003401415023,513.8809132746809
875927.031543,608.4834112256088,515.5615616539156
875937.278478,611.5456762956137,512.7642869805056
875947.045009,612.0906190672313,511.3019543541376
875958.254864,611.5118216901635,510.2293836940746
875967.051218,612.6338669364936,508.9880013075952
875977.675188,612.6338669364936,508.9880013075952
875991.343761,612.3372170076245,509.2434307962648
875996.708924,611.3916100394639,509.5639289735242
876007.046425,611.1121355081475,510.29702272827535
876017.043099,608.9274285259063,509.11642759295086
876026.714797,606.2725909309706,512.8094013549304
876037.041926,608.4144207347525,513.3638338952094
876047.323817,611.5024148286693,515.2370272951838
876057.03995,611.1110885023814,516.1299721902523
876067.045476,611.1110885023814,516.1299721902523
876077.04691,615.2476097014787,519.3812628477796
876087.043133,623.3508894210685,520.7253531657041
876096.710914,623.3522554915945,520.7248402711326
876107.047094,623.3522554915945,520.7248402711326
876117.056891,623.3522554915945,520.7248402711326
876127.112619,623.3522554915945,520.7248402711326
876137.052224,623.3522554915945,520.7248402711326
876146.779256,623.3522554915945,520.7248402711326
876157.31937,623.3522554915945,520.7248402711326
876167.256506,623.3522554915945,520.7248402711326
876177.04001,623.3522554915945,520.7248402711326
876187.370121,623.3522554915945,520.7248402711326
876197.12413,623.3522554915945,520.7248402711326
876206.717913,623.3522554915945,520.7248402711326
876217.042169,623.3522554915945,520.7248402711326
876227.439556,623.3522554915945,520.7248402711326
876237.042452,623.3522554915945,520.7248402711326
876247.040788,623.3522554915945,520.7248402711326
876257.032966,623.3522554915945,520.7248402711326
876267.334565,623.3522554915945,520.7248402711326
876277.039917,627.3775778623093,522.4257368194227
876287.037744,627.9165096431344,522.3973502104387
876297.038885,627.9165096431344,522.3973502104387
876307.03918,627.9165096431344,522.3973502104387
876317.036765,627.9165096431344,522.3973502104387
876327.811318,627.9165096431344,522.3973502104387
876337.041721,627.9165096431344,522.3973502104387
876346.714926,627.9165096431344,522.3973502104387
876357.044501,627.9165096431344,522.3973502104387
876367.050137,627.9165096431344,522.3973502104387
876377.345892,627.9165096431344,522.3973502104387
876387.038921,627.9165096431344,522.3973502104387
876398.873357,627.9165096431344,522.3973502104387
876406.753204,627.9165096431344,522.3973502104387
876417.041327,627.9165096431344,522.3973502104387
876427.039686,627.9165096431344,522.3973502104387
876440.064208,627.9165096431344,522.3973502104387
876447.386436,642.8428933982456,529.9120142063382
876457.077867,645.2829672182829,544.3460973045301
876468.240851,644.6730158685743,545.0831301158549
876477.047022,644.6730158685743,545.0831301158549
876486.727288,644.6730158685743,545.0831301158549
876496.874504,644.6730158685743,545.0831301158549
876506.721187,644.267694296091,544.8435370403259
876517.141498,644.3332591259149,544.8764918312331
876526.837735,644.3643873245205,543.8480151112658
876538.728863,644.8959508315869,546.0066444259494
876546.822947,642.3828188629766,548.6011867421314
876557.063016,642.9857214356166,548.8459828143855
876567.216543,643.2782268240139,548.1275059243123
876577.049635,642.0668792861701,547.2418616196758
876587.202223,640.7061017324697,546.8871662135984
876597.33089,642.1216987340079,548.0674877398247
876607.071403,642.2765079257963,548.0715033482905
876617.045356,641.6884838821939,547.712715292322
876627.035044,641.4242081644805,545.8904504510921
876638.815354,641.4250280572962,545.890814876875
876646.739434,640.7853669659834,544.2018274091463
876656.724641,640.3758636442926,544.6802993236586
876668.448249,641.2343924309354,544.346216985116
876678.13088,641.6361400456841,546.192710462944
876686.71844,641.9161150813283,549.153064504367
876696.814974,640.4802655198437,549.9838188816746
876707.077765,641.1358671323544,550.8282433410533
876717.530109,640.606250601152,552.1430709622922
876727.049718,640.7214696462038,556.9953859136581
876736.719265,639.9161022240636,555.9397306422702
876746.718349,639.9161025642749,555.939730697753
876757.020402,639.9161025642749,555.939730697753
876766.712379,639.9161025642749,555.939730697753
876777.053015,637.3717463041546,550.1363913565757
876786.719739,637.3717463041546,550.1363913565757
876797.043536,627.5654187048366,561.7492088548237
876807.364279,625.3825789864096,565.3928857944036
876817.326774,624.3068955879913,566.4156816900991
876827.167461,581.9808123174696,523.3661106044718
876839.065956,582.1186734320803,524.6074334507422
876848.08331,582.1186734320803,524.6074334507422
876858.55225,582.1186734320803,524.6074334507422
876866.705499,617.4465861429559,527.5244104160255
876875.20504,726.7561859156301,567.0593150568284
876876.710519,726.7561859156301,567.0593150568284
876887.035136,769.1201253836879,590.7580658908136
876897.376323,785.8036081304518,598.3095793966835
876907.075358,880.7319087714349,640.4296156050704
876917.029043,896.4571340331446,647.6412710050073
883281.287901,4.921588525531044,-2.5630353192715947
883292.505769,-1.3978729467179531,12.614721131148755
883295.619155,-5.336012043418807,27.87797296251145
883311.086225,-5.336012043418807,27.87797296251145
883311.086807,-5.336012043418807,27.87797296251145
883312.189236,-5.336012043418807,27.87797296251145
883319.187164,-5.336012043418807,27.87797296251145
883336.692205,-4.507335535272509,34.65728602286027
883336.692858,-4.507335535272509,34.65728602286027
883337.376798,-4.507335535272509,34.65728602286027
883345.268152,-7.5081623779563875,45.226752180374966
883351.693648,-9.072324204138347,54.4728363745336
883358.720317,-11.451300245668785,55.48619622714436
883367.149002,-26.16999568010046,63.94270948867249
883373.417782,-28.54569558549169,69.15395266958255
883379.425078,-20.461997900823032,76.20888486512371
883386.700801,-19.268094238293877,85.54399739522756
883393.71234,-28.55096456174483,103.35235243592368
883403.13242,-33.05077118726659,105.82395252194162
883407.394256,-31.371920419829788,104.33964055794576
883415.01016,-33.09220927956072,106.89093496729812
883422.047751,-35.59920268370153,110.84986778309926
883428.673621,-39.08908010405208,115.13769851495508
883435.699219,-42.944252449800295,125.22743911821756
883443.897811,-44.27243065599278,144.6224169641251
883449.704843,-45.35130074565536,149.36834564490186
883456.699223,-45.05035709167891,150.58823240165052
883463.704304,-44.3232938822867,153.67889881454448
883470.944511,-44.43603552382361,154.62611020615714
883477.705962,-47.02963609678015,156.46878285287136
883484.716161,-48.24954345279362,158.07500409666736
883492.009029,-48.24954345279362,158.07500409666736
883500.405574,-47.27864855767538,161.71166425629383
883505.415156,-47.3472297576973,161.70960678088736
883512.697189,-47.3472297576973,161.70960678088736
883519.701366,-49.24065935844644,167.96440139938875
883526.424755,-52.51685961677803,172.07435620071826
883533.421174,-62.26331602301522,180.25955006743823
883544.035426,-69.47387376655608,187.11704310261305
883547.388175,-77.21133542649255,245.8722574534574
883555.304485,-78.92238378665724,249.82727900216165
883561.71813,-78.92238378665724,249.82727900216165
883569.073327,-78.92238378665724,249.82727900216165
883581.907034,-78.92238378665724,249.82727900216165
883584.060118,-78.92238378665724,249.82727900216165
883589.706148,-78.92238378665724,249.82727900216165
883596.70074,-78.92238378665724,249.82727900216165
883603.965585,-78.92238378665724,249.82727900216165
883610.704959,-78.92238378665724,249.82727900216165
883627.116082,-78.92238378665724,249.82727900216165
883627.119793,-78.92238378665724,249.82727900216165
883631.414961,-78.92238378665724,249.82727900216165
883638.812166,455.39470146896446,466.3247953205475
883646.014522,471.7422736353108,476.4321509913873
883653.963735,471.7422736353108,476.4321509913873
883666.015349,583.8930027718716,500.0653361930989
883668.227644,618.7778258601388,524.893154729926
883673.478963,639.6569314608436,566.3510878277984
883681.267723,654.2135820029101,577.8453527726441
883687.431743,654.2135820029101,577.8453527726441
883695.113772,654.2135820029101,577.8453527726441
883701.713873,654.2135820029101,577.8453527726441
883708.437592,654.2135820029101,577.8453527726441
883715.968806,892.8841844987923,730.8572930866655
883729.998216,903.8664923285731,728.7402500153706
883730.00205,903.8664923285731,728.7402500153706
883749.375744,903.8664923285731,728.7402500153706
883749.376359,903.8664923285731,728.7402500153706
883758.035705,903.8664923285731,728.7402500153706
884826.105202,884.0402557484164,130.4175112146187
884832.485012,861.7311330700612,111.43120940349418
884840.058481,861.7311330700612,111.43120940349418
884847.194568,721.6144975547867,-25.44829046974054
884853.788547,690.6427623745067,-52.51751484071326
884860.80495,690.6427623745067,-52.51751484071326
1137417.02322,-72.56558797695695,291.6258170107023
1137424.012746,-40.86715042038697,310.6905961315365
1137434.417681,-15.8730806547203,320.92524039139096
1137438.008427,17.974152345423267,334.41615355858914
1137445.063019,42.74688667917712,343.0854583070416
1137452.098881,42.74688667917712,343.0854583070416
1137459.007807,42.74688667917712,343.0854583070416
1137466.007934,42.74688667917712,343.0854583070416
1137475.268315,42.74688667917712,343.0854583070416
1137479.695672,42.74688667917712,343.0854583070416
1137486.689908,42.74688667917712,343.0854583070416
1137494.222617,316.42223065995086,410.0448615364802
1137504.800167,316.42223065995086,410.0448615364802
1137509.21819,319.8578179887229,426.7617205993746
1137514.684753,341.6090963925192,444.72763199272543
1137522.020324,372.6666502276268,453.57940936376144
1137528.685715,405.5503444288466,463.10960217344655
1137542.048448,434.98499277134255,476.99659326642967
1137543.357641,434.98499277134255,476.99659326642967
1137550.855268,558.9071255493891,508.0227648642216
1137556.827715,574.6546784475302,510.7624774030031
1137563.729451,615.2485660661619,523.2765056200379
1137578.529081,635.2143378215586,533.7981199530028
1137578.53303,660.892563477559,540.6550535700443
1137585.493646,687.4923444685604,552.6751939525279
1137592.011319,687.4923444685604,552.6751939525279
1137599.017067,687.4923444685604,552.6751939525279
1137606.011583,687.4923444685604,552.6751939525279
1139682.689298,388.6555576802936,408.0057939854974
1139690.677689,350.7972458624995,445.7740289572213
1139697.321923,335.58171785072585,460.3673114059128
1139704.758997,282.475786756597,518.0375610262333
1139711.019856,282.475786756597,518.0375610262333
1139718.019211,282.475786756597,518.0375610262333
1139725.016504,282.475786756597,518.0375610262333
1139731.743888,240.3156594949887,587.7251458632761
1139739.03816,240.3156594949887,587.7251458632761
1139746.01823,240.3156594949887,587.7251458632761
1139754.887202,240.3156594949887,587.7251458632761
1139761.891174,240.3156594949887,587.7251458632761
1139767.533962,240.3156594949887,587.7251458632761
1139777.090459,125.14490417466034,683.0308051121466
1139780.806317,108.86522393737044,717.6488821058374
1139794.786034,108.86522393737044,717.6488821058374
1139795.034893,77.53851151308011,760.0155088947022
1139801.720998,56.14017207909368,787.050790613181
1139808.799441,16.45958981723601,829.6421691419968
1139816.027505,16.45958981723601,829.6421691419968
1139823.016293,9.97752677624942,829.2776939674342
1139830.100096,9.97752677624942,829.2776939674342
1139838.210402,1.5798887108190864,835.7496030648538
1139846.04115,1.5798887108190864,835.7496030648538
1139857.720411,1.5798887108190864,835.7496030648538
1139857.731029,1.5798887108190864,835.7496030648538
1139869.146812,1.5798887108190864,835.7496030648538
1139872.049521,1.5798887108190864,835.7496030648538
1139879.022181,1.5798887108190864,835.7496030648538
1139886.016039,1.5798887108190864,835.7496030648538
1139895.597266,1.5798887108190864,835.7496030648538
1139901.327293,1.5798887108190864,835.7496030648538
1139906.704822,1.5798887108190864,835.7496030648538
1139914.021903,1.5798887108190864,835.7496030648538
1139920.693285,1.5798887108190864,835.7496030648538
1139935.196819,1.5798887108190864,835.7496030648538
1139935.200758,1.5798887108190864,835.7496030648538
1139941.736543,1.5798887108190864,835.7496030648538
1139951.293872,1.5798887108190864,835.7496030648538
1139955.749112,1.5798887108190864,835.7496030648538
1139965.432786,1.5798887108190864,835.7496030648538
1140333.953475,-71.09363920167016,412.3676113862719
1140333.957189,-68.85259113332415,406.1670852457953
1140339.889655,-68.85259113332415,406.1670852457953
1140347.167588,-68.85259113332415,406.1670852457953
1140354.168946,-68.85259113332415,406.1670852457953
1140363.709386,-68.85259113332415,406.1670852457953
1140368.328333,-68.85259113332415,406.1670852457953
1140375.177123,-68.85259113332415,406.1670852457953
1140396.126843,-68.85259113332415,406.1670852457953
1140396.130522,-68.85259113332415,406.1670852457953
1140396.134336,-68.85259113332415,406.1670852457953
1140414.215329,-68.85259113332415,406.1670852457953
1140414.221572,-83.82738221801402,297.3253634581756
1140416.83985,-83.82738221801402,297.3253634581756
1140427.773482,-83.82738221801402,297.3253634581756
1140430.90313,-83.82738221801402,297.3253634581756
1140440.241443,-83.82738221801402,297.3253634581756
1140445.166246,-83.82738221801402,297.3253634581756
1140452.168062,-83.82738221801402,297.3253634581756
1140462.886193,-83.82738221801402,297.3253634581756
1140466.201762,-83.82738221801402,297.3253634581756
1140472.840507,-83.82738221801402,297.3253634581756
1140480.36199,-83.82738221801402,297.3253634581756
1140486.839958,-83.82738221801402,297.3253634581756
1140495.628898,-83.82738221801402,297.3253634581756
1140501.163411,-83.82738221801402,297.3253634581756
1140508.172399,-83.82738221801402,297.3253634581756
1140515.246582,-83.82738221801402,297.3253634581756
1140522.167967,-83.82738221801402,297.3253634581756
1140532.871437,352.95838432670365,436.54441688953534
1140535.843914,352.95838432670365,436.54441688953534
1140543.224076,352.95838432670365,436.54441688953534
1140550.390252,352.95838432670365,436.54441688953534
1140563.241854,352.95838432670365,436.54441688953534
1140563.873944,352.95838432670365,436.54441688953534
1140570.973124,352.95838432670365,436.54441688953534
1140577.997487,242.44892798981493,541.3833929719706
1140585.889305,242.44892798981493,541.3833929719706
1140591.847782,242.44892798981493,541.3833929719706
1140599.172309,242.44892798981493,541.3833929719706
1140606.085577,147.76306211538173,634.8943240902598
1140613.15957,147.76306211538173,634.8943240902598
1140621.166062,147.76306211538173,634.8943240902598
1140626.838025,147.76306211538173,634.8943240902598
1140638.111649,147.76306211538173,634.8943240902598
1140641.659774,147.76306211538173,634.8943240902598
1140647.879801,147.76306211538173,634.8943240902598
1140655.162777,147.76306211538173,634.8943240902598
1140662.157286,147.76306211538173,634.8943240902598
1140668.930577,147.76306211538173,634.8943240902598
1140676.157644,147.76306211538173,634.8943240902598
1140683.162765,147.76306211538173,634.8943240902598
1140690.163321,147.76306211538173,634.8943240902598
1140699.194408,147.76306211538173,634.8943240902598
1140704.443113,147.76306211538173,634.8943240902598
1140712.304107,147.76306211538173,634.8943240902598
1140718.173078,147.76306211538173,634.8943240902598
1140725.728439,147.76306211538173,634.8943240902598
1140731.83847,147.76306211538173,634.8943240902598
1140739.441978,147.76306211538173,634.8943240902598
1140746.180558,147.76306211538173,634.8943240902598
1140753.159714,147.76306211538173,634.8943240902598
1140766.399613,147.76306211538173,634.8943240902598
1140767.394894,-72.69432433499925,337.2885446101096
1140775.007845,-72.22921782714899,336.52806929443386
1140781.156047,-72.05264003996191,334.72095738235805
1140783.678128,-72.05264003996191,334.72095738235805
1140787.841609,-72.05264003996191,334.72095738235805
1140795.182289,-72.05264003996191,334.72095738235805
1140803.136974,-63.70934924797085,323.5342322636634
1140809.169212,-57.68064526183648,315.28827589960804
1140816.414113,-53.6872159368824,313.70676298506805
1140825.134989,-53.6872159368824,313.70676298506805
1140833.330623,-49.20914475533907,317.1428746564006
1140837.301353,-47.53841380237269,327.7167711407525
1140843.843611,-47.76802595878419,339.74567999169994
1140850.854922,-47.44035885247964,341.9645569412296
1140857.862639,-46.97671722985447,346.3529655446322
1140865.161583,-48.71439172972089,347.37000127153016
1140878.127907,-53.51705855577351,345.7263178372498
1140881.642222,-55.98805266615769,338.3760185487496
1140885.882961,-55.98805266615769,338.3760185487496
1140893.157788,-58.32417071453112,319.3151174094168
1140900.166647,-58.96230397967761,318.2712474840662
1140910.208168,-58.962303971275496,318.2712474840662
1140913.868832,-58.962303971275496,318.2712474840662
1140920.838383,-58.962303971275496,318.2712474840662
1140927.839056,-58.962303971275496,318.2712474840662
1140934.850404,-58.962303971275496,318.2712474840662
1140947.884663,-58.962303971275496,318.2712474840662
1140948.958354,-58.962303971275496,318.2712474840662
1140956.766349,-58.962303971275496,318.2712474840662
1140963.170485,-58.962303971275496,318.2712474840662
1140969.842737,-58.962303971275496,318.2712474840662
1140977.161034,-58.962303971275496,318.2712474840662
1140984.154853,-58.962303971275496,318.2712474840662
1140991.163792,-59.100128632103306,318.9773053783042
1140999.090268,-59.100128632103306,318.9773053783042
1141007.823628,-59.100128632103306,318.9773053783042
1141011.879243,-55.09757701523111,320.7256274110013
1141018.888917,-53.589844756699456,322.0713865225134
1141025.919181,-52.57644344533855,322.13503334363224
1141032.878756,-49.64321451887268,322.1334465657076
1141041.663572,-46.39510825611025,320.0842005919531
1141047.315796,-45.27156371929329,317.6175038195844
1141054.157474,-45.27156371929329,317.6175038195844
1141061.992307,-45.27462978723734,316.8570228394741
1141069.976125,-45.27462978723734,316.8570228394741
1141075.180064,-45.27462978723734,316.8570228394741
1141082.162527,-45.27462978723734,316.8570228394741
1141088.854588,-45.27462978723734,316.8570228394741
1141095.854642,-45.27462978723734,316.8570228394741
1141103.162447,-45.27462978723734,316.8570228394741
1141110.235588,-45.27462978723734,316.8570228394741
1141117.1635,-45.27462978723734,316.8570228394741
1141124.163962,-47.12363864111271,319.11292056492977
1141131.197754,-47.43963073738744,320.0441619826086
1141145.122037,-47.27356185901531,320.8129626348901
1141145.477573,-47.77604354803345,321.84192266448343
1141152.158587,-47.74642848034878,322.1719133395724
1141159.166713,-47.64972613301125,322.2127659801155
1141166.439866,-44.79797498255406,322.546412591076
1141174.315035,-44.79797498255406,322.546412591076
1141180.543185,-44.79797498255406,322.546412591076
1141192.928392,-44.79797498255406,322.546412591076
1141193.927261,-42.0265710066368,322.1527121965547
1141201.246523,-42.0265710066368,322.1527121965547
1141208.287076,-42.0265710066368,322.1527121965547
1141215.436623,-42.0265710066368,322.1527121965547
1141221.834894,-42.0265710066368,322.1527121965547
1141229.529423,-42.0265710066368,322.1527121965547
1141236.165341,-42.0265710066368,322.1527121965547
1141245.999664,-42.0265710066368,322.1527121965547
1141251.17786,-42.0265710066368,322.1527121965547
1141257.158106,-42.0265710066368,322.1527121965547
1141264.157537,-42.0265710066368,322.1527121965547
1141271.20288,-42.0265710066368,322.1527121965547
1141277.912813,-42.0265710066368,322.1527121965547
1141285.82725,-42.0265710066368,322.1527121965547
1141292.173269,-42.0265710066368,322.1527121965547
1141298.897391,-42.0265710066368,322.1527121965547
1141305.884693,-42.0265710066368,322.1527121965547
1141313.544993,-42.0265710066368,322.1527121965547
1141319.884591,-42.0265710066368,322.1527121965547
1141327.168028,-42.0265710066368,322.1527121965547
1141334.153354,-42.0265710066368,322.1527121965547
1141340.829842,-42.0265710066368,322.1527121965547
1141348.762024,-42.0265710066368,322.1527121965547
1141358.52794,-42.0265710066368,322.1527121965547
1141362.214104,-42.25345147850857,322.2054056349325
1141369.172087,-42.25345147850857,322.2054056349325
1141375.834934,-42.25345147850857,322.2054056349325
1141383.162321,-42.25345147850857,322.2054056349325
1141393.700857,-42.25345147850857,322.2054056349325
1141396.834533,-42.25345147850857,322.2054056349325
1141404.155712,-42.25345147850857,322.2054056349325
1141411.154464,-42.25345147850857,322.2054056349325
1141418.450787,-42.25345147850857,322.2054056349325
1141426.690745,-42.25345147850857,322.2054056349325
1141431.874432,-42.25345147850857,322.2054056349325
1141439.05977,-42.25345147850857,322.2054056349325
1141446.798194,-42.25345147850857,322.2054056349325
1141453.173214,-42.25345147850857,322.2054056349325
1141464.230579,-42.25345147850857,322.2054056349325
1141466.997146,-42.25345147850857,322.2054056349325
1141473.843044,-42.25345147850857,322.2054056349325
1141481.15321,-42.25345147850857,322.2054056349325
1141488.158411,-42.25345147850857,322.2054056349325
1141505.895328,-42.25345147850857,322.2054056349325
1141505.899126,-42.25345147850857,322.2054056349325
1141511.788826,-42.25345147850857,322.2054056349325
1141511.789485,-42.25345147850857,322.2054056349325
1141513.586415,-42.25345147850857,322.2054056349325
1141520.58762,-42.25345147850857,322.2054056349325
1141527.902148,-42.25345147850857,322.2054056349325
1141538.469505,-42.315228722482985,320.0812986307373
1141542.508409,-42.4125504039979,318.97183442454485
1141548.577465,-42.40201689104166,318.6438769700818
1141556.139146,-42.26895897599682,317.7520526193508
1141562.607182,-40.24265748851838,314.7432605966509
1141576.433471,-35.86757150994755,313.63495669641003
1141578.00643,-32.90406983547161,312.75930623369976
1141583.901452,-32.42259830505736,312.4727427715309
1141590.575654,-30.46712116384276,311.48731291711914
1141598.354342,-30.46712116384276,311.48731291711914
1141604.657042,-30.59482980114272,307.2622227267892
1141614.881949,-31.56410786324299,306.336693349591
1141618.898158,-31.567041774459675,306.3340352564285
1141625.58937,-31.70859726179805,306.4641400445338
1141632.897827,-32.40094227447322,306.8798683934902
1141640.069968,-33.163039567289744,307.6782533342407
1141647.200049,-34.7912468026256,307.23295951751294
1141653.912316,-36.82286924600457,307.6103882237692
1141660.897941,-37.16157857670037,308.9007311669397
1141667.603743,-36.93703216588794,308.78585269897616
1141674.577362,-37.0089359304107,308.3317090902301
1141688.033155,-36.94570644769001,305.5398497370729
1141688.722704,-36.731859671079214,306.6918295981481
1141696.746147,-36.33375767677043,309.3721214701534
1141702.578931,-35.93101798168153,310.6025438654582
1141709.911113,-35.52493337487297,311.3270829065364
1141722.603489,-32.79262441031342,312.2954195206793
1141724.070563,-31.28441926363803,315.53565536805627
1141730.898009,-36.26788233751771,315.0208412053689
1141737.92585,-36.267884403696485,315.020841649591
1141745.585941,-36.96353278723992,314.2144454543419
1141753.302019,-39.14403563363156,310.8845548983708
1141758.911304,-39.22123330224924,311.56395237772875
1141765.922007,-38.671210171368536,314.59506766718914
1141772.915862,-38.78330699487398,314.84668972827774
1141780.203171,-38.78330699487398,314.84668972827774
1141790.131534,-41.69695705712438,315.34777351406217
1141799.522481,-42.17822893337684,315.1188545858975
1141801.013664,-42.17822893337684,315.1188545858975
1141807.632945,-42.17822893337684,315.1188545858975
1141817.089321,-42.17643588848693,315.1450715958468
1141823.560443,-42.17643588848693,315.1450715958468
1141828.627175,-41.92902505856618,314.6834249023449
1141835.583481,-41.69370355004657,314.4811542298465
1141845.241473,-41.69370355004657,314.4811542298465
1141849.743299,-41.70146411974552,310.134168092617
1141857.431027,-45.637782314607485,304.7360257667171
1141864.169036,-47.06192072906057,303.9102704656266
1141870.697037,-47.06192072906057,303.9102704656266
1141877.592052,-47.47866493127802,302.09791422370995
1141885.924368,-47.47866493127802,302.09791422370995
1141891.581657,-47.47866493127802,302.09791422370995
1141898.573566,-47.47866493127802,302.09791422370995
1141907.182384,-47.72535514770461,302.091453368255
1141912.615038,-47.72535514770461,302.091453368255
1141926.871538,-47.72535514770461,302.091453368255
1141927.119571,-47.72535514770461,302.091453368255
1141934.698894,-47.72535514770461,302.091453368255
1141940.57503,-47.49479668391891,302.15570872489616
1141947.911279,-47.49479668391891,302.15570872489616
1141954.675025,-47.40507252956278,302.31722569520844
1141965.081685,-47.40507252956278,302.31722569520844
1141968.971714,-47.40507252956278,302.31722569520844
1141975.689376,-34.35867902547257,303.6796964009272
1141983.397889,-33.7257588649907,302.2422752871551
1141989.679074,-33.97229407142964,301.36246426299766
1141996.962877,-34.31886550010854,299.8274073632171
1142003.894994,-33.6888979217764,301.2554347979693
1142010.901971,-33.68889757316308,301.2554353764821
1142017.901759,-33.68889757316308,301.2554353764821
1142029.912035,-33.45597062758002,302.0331927996461
1142034.991127,-30.300194917975308,300.3824063143651
1142039.662328,-28.012586974002687,298.632355234855
1142045.569585,-28.217587074295537,293.37532715371685
1142052.775353,-28.217587074295537,293.37532715371685
1142060.13758,-28.072951063574067,293.39039390664425
1142072.810065,-29.13443286614368,292.854145086224
1142073.989405,-29.762291280719225,292.66257761397
1142081.897515,-29.762291280719225,292.66257761397
1142087.902001,-27.06836352650499,294.39181263569685
1142101.617079,-24.972619837081723,295.9901598897321
1142101.909642,-26.79183516259632,297.4148993374058
1142110.362552,-26.79183516259632,297.4148993374058
1142115.897111,-28.8556308435543,295.66525745210515
1142122.896486,-29.23346551526616,296.2146011463472
1142130.601542,-29.83792359802649,294.78936611206655
1142136.590066,-29.58007040227385,295.42528378583535
1142147.818167,-29.580057755791582,295.4253094991213
1142150.901833,-29.759119361243894,295.59587298802853
1142157.647261,-29.759119361243894,295.59587298802853
1142164.966868,-29.759119361243894,295.59587298802853
1142171.572976,-30.61148540093194,294.94709135998755
1142187.88922,-31.21710934419311,293.8929169719228
1142187.893119,-41.31341396269536,292.311327450077
1142193.256936,-55.74074909843685,290.78448907620145
1142199.898042,-55.74074909843685,290.78448907620145
1142207.073272,-57.19523369137912,288.9792795925529
1142223.949654,-62.86204023251244,265.65390272387606
1142223.953584,-59.66028571879556,235.35136947169872
1142224.864232,-42.09817499142248,171.36011207699462
1142227.721928,-42.09817499142248,171.36011207699462
1142243.151154,-42.09817499142248,171.36011207699462
1142243.29559,-21.00398063901789,92.81645621183992
1142248.571509,-21.00398063901789,92.81645621183992
1142262.010292,-20.409425715022675,87.75527807706963
1142262.907402,-20.409425715022675,87.75527807706963
1142269.898271,-18.669162873179555,67.44710253322269
1142276.911626,-18.669162873179555,67.44710253322269
1142284.215046,-18.669162873179555,67.44710253322269
1142300.503315,-18.669162873179555,67.44710253322269
1142300.507587,-18.669162873179555,67.44710253322269
1142304.716248,-18.669162873179555,67.44710253322269
1142311.579684,-18.669162873179555,67.44710253322269
1142323.782769,-18.669162873179555,67.44710253322269
1142325.622776,-18.669162873179555,67.44710253322269
1142338.085172,-18.669162873179555,67.44710253322269
1225833.310941,740.9299895679648,887.2569624373673
1225841.089815,740.9299895679648,887.2569624373673
1225848.576757,731.7356428809454,812.6199420501727
1225848.587186,716.4881953056366,797.2448595979505
1225849.577925,691.5956408593782,789.1479717805735
1225849.578611,691.5956408593782,789.1479717805735
1225850.984905,691.5956408593782,789.1479717805735
1225855.12392,691.5956408593782,789.1479717805735
1225855.124474,691.5956408593782,789.1479717805735
1225856.081528,691.5956408593782,789.1479717805735
1225863.317997,691.5956408593782,789.1479717805735
1225870.316376,691.5956408593782,789.1479717805735
1225878.34162,572.2938443769456,637.6650729114849
1225884.777732,590.0410117781969,610.388537634739
1225891.436241,605.9532122500436,579.9203913287654
1225898.313581,604.5903214164414,562.3568337841704
1225905.008012,604.5903214164414,562.3568337841704
1225912.518999,556.8092247258227,493.7386133954744
1225922.183952,556.8092247258227,493.7386133954744
1225926.953795,556.8092247258227,493.7386133954744
1225933.11843,556.8092247258227,493.7386133954744
1225941.536169,556.8092247258227,493.7386133954744
1225947.323721,556.8092247258227,493.7386133954744
1225956.05538,556.8092247258227,493.7386133954744
1225961.079312,556.8092247258227,493.7386133954744
1225973.302407,556.8092247258227,493.7386133954744
1225975.032902,556.8092247258227,493.7386133954744
1225982.043665,556.8092247258227,493.7386133954744
1225991.406197,556.8092247258227,493.7386133954744
1225996.315175,556.8092247258227,493.7386133954744
1226002.990626,556.8092247258227,493.7386133954744
1226011.561912,346.26635554278295,450.26298743911184
1226016.993548,346.26635554278295,450.26298743911184
1226026.081175,346.26635554278295,450.26298743911184
1226031.030239,346.26635554278295,450.26298743911184
1226038.419637,346.26635554278295,450.26298743911184
1226045.504378,346.26635554278295,450.26298743911184
1226052.312887,299.21380734086057,516.4501450175055
1226059.32761,299.21380734086057,516.4501450175055
1226066.314648,299.21380734086057,516.4501450175055
1226073.313513,299.21380734086057,516.4501450175055
1226080.020266,299.21380734086057,516.4501450175055
1226089.273297,299.21380734086057,516.4501450175055
1226093.990823,299.21380734086057,516.4501450175055
1226101.326747,299.21380734086057,516.4501450175055
1226108.334504,299.21380734086057,516.4501450175055
1226115.383626,299.21380734086057,516.4501450175055
1226122.318723,299.21380734086057,516.4501450175055
1226129.057941,161.2021654253547,665.3898109884161
1226136.036571,152.95521864096528,660.0806936669317
1226143.31792,148.40722289288854,654.9929608973921
1226154.536352,141.8692573680262,633.4768328633018
1226157.317082,141.8692573680262,633.4768328633018
1226164.643124,141.8692573680262,633.4768328633018
1226172.426569,141.8692573680262,633.4768328633018
1226178.311036,141.8692573680262,633.4768328633018
1226186.856804,141.8692573680262,633.4768328633018
1226193.170032,141.8692573680262,633.4768328633018
1226199.32847,141.8692573680262,633.4768328633018
1226206.312438,141.8692573680262,633.4768328633018
1226213.32378,141.8692573680262,633.4768328633018
1226220.32234,141.8692573680262,633.4768328633018
1226227.586128,141.8692573680262,633.4768328633018
1226234.087346,141.8692573680262,633.4768328633018
1226241.050322,141.8692573680262,633.4768328633018
1226249.407403,141.8692573680262,633.4768328633018
1226263.291931,141.8692573680262,633.4768328633018
1226263.295594,141.8692573680262,633.4768328633018
1226265.140857,141.8692573680262,633.4768328633018
1226265.141404,141.8692573680262,633.4768328633018
1226268.639729,141.8692573680262,633.4768328633018
1226279.498797,141.8692573680262,633.4768328633018
1226282.871704,141.8692573680262,633.4768328633018
1226290.808076,141.8692573680262,633.4768328633018
1226297.59651,141.8692573680262,633.4768328633018
1226304.411787,141.8692573680262,633.4768328633018
1226310.574362,141.8692573680262,633.4768328633018
1226323.418808,141.8692573680262,633.4768328633018
1226324.587545,141.8692573680262,633.4768328633018
1226331.643789,141.8692573680262,633.4768328633018
1226338.661529,141.8692573680262,633.4768328633018
1226345.555199,141.8692573680262,633.4768328633018
1226352.860666,141.8692573680262,633.4768328633018
1226361.181276,141.8692573680262,633.4768328633018
1226366.534502,141.8692573680262,633.4768328633018
1226373.865261,141.8692573680262,633.4768328633018
1226381.725996,141.8692573680262,633.4768328633018
1226389.086048,141.8692573680262,633.4768328633018
1226399.499044,141.8692573680262,633.4768328633018
1226403.496636,141.8692573680262,633.4768328633018
1226409.513924,141.8692573680262,633.4768328633018
1226416.001399,141.8692573680262,633.4768328633018
1226416.379543,141.8692573680262,633.4768328633018
1226423.893194,141.8692573680262,633.4768328633018
1226424.069301,141.8692573680262,633.4768328633018
1226434.068675,141.8692573680262,633.4768328633018
1226438.648143,-65.01307910419526,326.30295177438404
1226438.659894,-65.01307910419526,326.30295177438404
1226443.581759,-61.55842553822611,329.1383575760045
1226450.859021,-60.35509992005789,330.7616336334625
1226457.606667,-58.52100340188988,331.7023612861686
1226464.816066,-56.82399688215963,330.874649204936
1226475.783961,-56.91422662782382,331.50442770092724
1226478.87804,-57.2702963472625,332.8437075207271
1226485.64377,-55.85714535592778,335.12845724806675
1226494.221042,-55.85714535592778,335.12845724806675
1226499.63332,-55.98594385071918,335.2868347276697
1226509.229354,-55.98594385071918,335.2868347276697
1226513.860895,-55.98594385071918,335.2868347276697
1226520.56986,-55.98594385071918,335.2868347276697
1226527.642418,-56.38880765347234,335.4474266155596
1226537.818707,-56.13982485861246,336.16437632361004
1226541.659842,-56.13982509932517,336.1643762794366
1226549.333687,-56.64032988081108,337.28104673695634
1226555.967284,-56.64250216052936,337.28117391452594
1226564.469299,-56.64250216052936,337.28117391452594
1226576.320523,-56.78467053454049,337.9702791617155
1226578.095091,-56.78467053454049,337.9702791617155
1226579.955648,-56.78467053454049,337.9702791617155
1226579.956202,-56.78467053454049,337.9702791617155
1226586.939162,-56.719018158929146,338.0438016289829
1226593.964913,-55.634403225673246,339.01301963312096
1226600.822869,-55.80655728886898,338.444154208555
1226609.703479,-55.88842700441657,338.09921992684974
1226620.235629,-57.03120965768186,337.4969131981124
1226622.209576,-57.082001461583616,336.46299369482904
1226628.826366,-57.86524233107495,335.8696526598282
1226635.821626,-57.81414943611949,336.291561228517
1226642.823747,-58.56432516349973,335.77031900279184
1226653.505142,-59.04309107370712,337.99326802697345
1226656.838349,-57.33234375476187,338.222402729357
1226663.82677,-56.5638036093002,338.46838836194
1226670.820768,-56.5638036093002,338.46838836194
1226677.819724,-56.5638036093002,338.46838836194
1226684.821457,-56.07088221498114,341.9729758627993
1226694.89754,-54.88690220777209,343.67763095468626
1226698.683538,-55.60984727330207,341.913867661356
1226713.295022,-56.56519099786292,341.21611675835584
1226713.977732,-56.90589864536788,341.597845835723
1226721.845258,-59.1747195534432,340.149714411242
1226727.625837,-60.33434002601197,340.651276235525
1226733.602589,-60.52452030697419,340.6695081476092
1226741.090301,-60.56830907318916,341.9728099000821
1226747.985265,-61.17006638198225,342.0738340741453
1226754.665401,-61.495089656364144,342.0225106663409
1226763.039441,-62.00210814051605,339.9607204604936
1226768.991699,-62.00210814051605,339.9607204604936
1226775.830048,-62.00210828158282,339.960720337158
1226782.825882,-62.00210828158282,339.960720337158
1226789.8222,-62.00210828158282,339.960720337158
1226796.844939,-62.00210828158282,339.960720337158
1226803.605571,-59.26170858753849,343.84622162901366
1226810.849393,-59.28260797393187,344.2111052656821
1226819.18595,-59.37719104182978,344.3028585794616
1226825.533482,-61.09108897887039,344.1477558588123
1226831.550369,-62.09584322620864,342.50113221883345
1226838.569552,-65.65351574373148,341.71361180348515
1226845.545214,-66.97872055591984,341.62188114939977
1226852.837645,-66.97872055591984,341.62188114939977
1226859.566643,-62.52757242280492,336.09786532615925
1226867.826832,-62.2232793762868,335.9299765255598
1226873.820888,-60.032984600014906,336.189818156755
1226880.824312,-57.519179746496846,334.98604335844107
1226887.543394,-52.279761701142185,330.76384181025185
1226895.188143,-52.014342245676985,329.3756112280475
1226903.94502,-51.76307544443801,328.0596484305273
1226908.544668,-51.76307544443801,328.0596484305273
1226915.819439,-51.76307544443801,328.0596484305273
1226922.673121,-54.61434628814456,323.4526849464149
1226929.551828,-55.886309011235134,321.9563317261984
1226936.819539,-56.402452227158506,321.5693308020864
1226943.824224,-57.02383687820951,320.2407433701421
1226950.817549,-49.49654459209934,317.6289986182083
1226957.857471,-48.60986921513808,318.99341177299
1226964.820919,-50.46595004781891,318.3546695405937
1226972.166672,-52.04090773386918,317.5844385372974
1226980.775287,-52.04090773386918,317.5844385372974
1226985.637422,-53.53266944843264,314.098400600912
1226996.246894,-53.96873073251204,314.33687288972044
1226999.826609,-53.96852954327324,314.33670223987855
1227006.825238,-53.96852954327324,314.33670223987855
1227013.827254,-54.0321002883565,314.3961141303962
1227020.538587,-55.37909816726796,314.69465089746546
1227028.22802,-56.67329622472984,314.6530494240979
1227035.534732,-56.5255325156536,314.72893352245416
1227041.815407,-56.351972865985466,314.6708022616635
1227049.189486,-56.351972865985466,314.6708022616635
1227057.272667,-54.02882967048239,313.84016070828784
1227063.367824,-54.02882967048239,313.84016070828784
1227070.080648,-51.92868201482944,313.34344006273363
1227076.977514,-51.928681782518815,313.3434399287948
1227084.560107,-51.928681782518815,313.3434399287948
1227090.636254,-52.02567878136614,312.83372136762824
1227098.657278,-51.80298844826909,312.85722002743336
1227104.545472,-51.80298844826909,312.85722002743336
1227112.558579,-51.80298844826909,312.85722002743336
1227119.411698,-51.48787577602535,312.8041582659484
1227126.223166,-51.48787576762325,312.8041582659484
1227132.511248,-51.48787576762325,312.8041582659484
1227141.860642,-49.99335466076232,311.0074577971212
1227146.90056,-49.93858102714393,310.9547827075169
1227153.819,-49.93858102714393,310.9547827075169
1227160.948798,-49.85077045695863,310.9617434503247
1227171.977078,-49.89500935784268,311.0595795058062
1227176.668732,-49.89500935784268,311.0595795058062
1227181.549805,-48.17397033459677,311.237451717152
1227188.547534,-48.17397033459677,311.237451717152
1227197.086456,-46.80213184292664,311.85746925131406
1227205.473164,-46.8021311707589,311.8574695403962
1227209.837224,-45.92494970293893,309.8554928786293
1227216.822777,-45.92494970293893,309.8554928786293
1227223.824419,-44.739952912007325,303.97646525108564
1227230.4984,-40.15875780693535,298.0905098122425
1227240.446521,-40.15875779042597,298.0905098122425
1227244.67808,-40.15875779042597,298.0905098122425
1227253.106169,-40.15875779042597,298.0905098122425
1227258.552981,-40.15875779042597,298.0905098122425
1227265.829762,-40.267052871219136,298.0557174379408
1227272.815646,-39.66728179716593,300.0412521784242
1227280.451613,-39.69673075200734,301.59505800345534
1227287.662011,-38.16966619275714,302.5731593986212
1227293.817769,-37.02178064291086,306.0821439063656
1227300.814512,-36.47197074206303,307.7462916043953
1227310.400142,-36.18773914863883,309.2320960982168
1227314.824859,-36.18773914863883,309.2320960982168
1227321.596397,-37.03276548540265,311.7688314492254
1227328.607668,-35.16276506086212,311.33494350476894
1227340.839364,-30.13356763065044,310.26956746512207
1227344.518701,-8.668015423521563,312.94923780838
1227349.82777,10.40469936188473,319.3885182410896
1227356.506838,10.40469936188473,319.3885182410896
1227363.823402,10.40469936188473,319.3885182410896
1227370.498338,10.40469936188473,319.3885182410896
1227377.826312,10.40469936188473,319.3885182410896
1227384.54469,10.40469936188473,319.3885182410896
1227391.969587,10.40469936188473,319.3885182410896
1227398.820916,10.40469936188473,319.3885182410896
1227406.217916,373.5389135241296,416.9879708369013
1227406.23455,373.5389135241296,416.9879708369013
1227412.497692,373.5389135241296,416.9879708369013
1227419.897816,373.5389135241296,416.9879708369013
1227426.493936,373.5389135241296,416.9879708369013
1227434.109374,373.5389135241296,416.9879708369013
1227445.466322,373.5389135241296,416.9879708369013
1227447.63073,373.5389135241296,416.9879708369013
1227454.52732,413.46897210810175,389.97803982301946
1227462.092105,413.46897210810175,389.97803982301946
1227468.978451,413.46897210810175,389.97803982301946
1227478.095345,413.46897210810175,389.97803982301946
1227482.594534,413.46897210810175,389.97803982301946
1227489.864452,413.46897210810175,389.97803982301946
1227496.905768,736.9792278565601,-29.0705151176892
1227503.5095,697.5922982642331,-61.22112864072995
1295597.336591,-64.02903971654955,235.1137945698968
1295597.337178,-64.02903971654955,235.1137945698968
1295598.20761,-64.02903971654955,235.1137945698968
1295605.523138,-58.509860221884686,289.8995825017822
1295612.209063,-19.01229516460428,310.5566037676195
1295619.522462,4.89706354196169,320.40667155608577
1295620.978943,4.89706354196169,320.40667155608577
1295626.323399,16.099534641762677,368.2426030347252
1295633.208831,-34.25082812933708,370.38391213606
1295640.524657,-47.4240125091082,331.17231988996747
1295647.217749,-47.4240125091082,331.17231988996747
1295654.536569,-47.4240125091082,331.17231988996747
1295661.519158,-47.4240125091082,331.17231988996747
1295668.521739,-47.4240125091082,331.17231988996747
1295675.778468,-47.4240125091082,331.17231988996747
1295683.15274,-47.4240125091082,331.17231988996747
1295689.528236,-47.4240125091082,331.17231988996747
1295696.522254,-45.97723075549663,327.56533832360486
1295703.533482,-45.97379505366753,327.5122466044545
1295710.259134,-46.14052792719378,326.57068918726554
1295717.523311,-46.29946518749697,326.38463442082167
1295724.520204,-47.05401968780139,326.2372974728429
1295731.200798,-47.05401968780139,326.2372974728429
1295740.46275,-47.05401968780139,326.2372974728429
1295745.525103,-47.05401968780139,326.2372974728429
1295752.198254,-46.91509943541846,325.8622782365562
1295759.95386,-46.91509943541846,325.8622782365562
1295766.527057,-46.97246907858207,324.8261149099217
1295773.290332,-46.68815777284505,324.5769750114219
1295780.524746,-46.521114680492495,324.1165682440681
1295787.519195,-46.52111468874719,324.1165682440681
1295794.617839,-46.119824502313534,323.7232821349126
1295802.193754,-46.1198241870138,323.72328179070234
1295808.537176,-46.00813311093209,323.1243753587536
1295818.210806,-46.00813311093209,323.1243753587536
1295822.530952,-46.00813311093209,323.1243753587536
1295830.308508,-47.57366603636151,318.5243159409047
1295836.210433,-49.70465245021287,313.1947589863168
1295843.231228,-49.89477296765099,312.83365726818374
1295850.844936,-49.65821847457461,312.2271676371393
1295857.51959,-49.65821847457461,312.22716762618325
1295864.521684,-49.26347963957181,312.50887511287976
1295871.206403,-48.0511455469359,312.5723152958359
1295878.994033,-48.05111872729562,312.5723167161444
1295889.561872,-47.982615845428725,312.54380411737
1295892.958851,-47.80280707231969,312.48959416689166
1295900.755135,-47.49668580501642,312.3988307581846
1295910.568816,-47.49668580501642,312.3988307581846
1295913.603217,-47.49668580501642,312.3988307581846
1295920.522155,-47.028995942354506,312.34146881308453
1295927.540987,-47.08897715412505,312.24460908665844
1295934.525648,-47.08897715412505,312.24460908665844
1295941.528389,-47.71032063799888,312.7427039734208
1295948.525853,-47.43722139530974,312.7620487297754
1295955.529868,-47.43722139530974,312.7620487297754
1295962.521663,-47.43722139530974,312.7620487297754
1295969.519014,-47.43722139530974,312.7620487297754
1295976.520464,-47.43722139530974,312.7620487297754
1295983.755059,-47.43722139530974,312.7620487297754
1295991.578466,-46.73144297265726,312.375590017194
1295997.482735,-46.51229158738587,312.4517733518705
1296004.522995,-46.51229158738587,312.4517733518705
1296011.52099,-46.51229158738587,312.4517733518705
1296018.971737,-46.207959149478334,312.3803038638249
1296026.557791,-46.32174822823704,312.4079841617997
1296032.204363,-46.32174822823704,312.4079841617997
1296039.524746,-46.32174822823704,312.4079841617997
1296046.520743,-46.32174822823704,312.4079841617997
1296053.524519,-46.32174822823704,312.4079841617997
1296060.198829,-46.211832845536186,312.35019665617665
1296067.521538,-45.91351004581031,310.690341600406
1296074.520781,-45.83233021566706,310.53078736972526
1296081.521903,-44.50120902001394,309.6412764357176
1296088.527035,-44.50120902001394,309.6412764357176
1296095.520879,-45.85034881568019,309.4429342819207
1296102.524588,-47.03563948645513,308.5820506426702
1296109.531058,-47.03694599274931,308.5799653433191
1296116.309489,-47.61953315540264,308.1056364691302
1296123.527894,-47.76910871311426,307.9639263452575
1296130.521875,-47.76980799206297,307.95968526120083
1296137.790509,-47.80713604778298,308.1326084540356
1296144.201511,-47.145953911706336,308.742721417454
1296151.541964,-45.986186395364825,308.5179899155162
1296158.35253,-46.18480079230111,308.4113319512094
1296165.536214,-46.463158812719456,308.46716036697154
1296172.521657,-47.157922453113926,308.37376113612066
1296179.524837,-47.73041900961309,308.7017048030637
1296188.626734,-47.32489849629209,309.1694158224591
1296193.520565,-46.18004107509262,309.1581651364691
1296200.53366,-45.15916187137372,309.193434007197
1296207.198405,-45.63052069752855,309.23108509326886
1296214.202976,-48.36029500936348,307.0750109799933
1296221.523111,-48.290260798781695,305.98382883413063
1296228.525737,-50.57162341145124,304.63408621444165
1296235.520179,-50.57162341145124,304.63408621444165
1296242.200273,-52.14560913218749,301.95608336411976
1296249.537733,-50.12798864834038,301.36967567177646
1296256.895969,-49.25087750754504,299.9182719550017
1296263.315062,-48.63573164874458,297.49461748302974
1296270.196499,-48.2874723711971,296.9613581781907
1296277.791021,-48.2874723711971,296.9613581781907
1296286.267214,-48.2874723711971,296.9613581781907
1296291.195018,-48.2874723711971,296.9613581781907
1296298.736218,-48.2874723711971,296.9613581781907
1296305.537968,-48.2874723711971,296.9613581781907
1296312.521693,-47.65377388336792,298.1417967194815
1296319.332339,-46.596000535476094,299.3794919337105
1296328.150576,-44.05925418922803,303.18832230591045
1296333.524901,-41.421947192813946,307.172946121183
1296340.521001,-34.24314454171233,310.4300127657111
1296347.205325,-31.58925049673767,312.18939299471384
1296354.352337,-29.165205969176636,316.338504545538
1296361.188536,-27.077880612609665,333.0130867197544
1296369.450729,-23.48199615909924,334.47460076226633
1296375.198084,-19.821392185887564,334.0168357226243
1296382.536535,-18.809028370735348,332.5314726663024
1296391.162185,-18.31536921880909,331.1862185302775
1296396.515191,-18.3396792298684,329.1803436569701
1296403.794362,-18.589475453238656,328.8315505829059
1296411.473966,-18.589475453238656,328.8315505829059
1296417.528568,-18.54037095044839,328.6173637346133
1296424.59374,-18.54037095044839,328.6173637346133
1296431.521206,-18.439739690978502,325.5425818222488
1296438.520366,-18.439739690978502,325.5425818222488
1296445.814796,-18.47282144609864,325.44443522049244
1296453.865638,-18.47282144609864,325.44443522049244
1296459.302967,-18.472821470862712,325.4444351324964
1296466.530629,-18.472821470862712,325.4444351324964
1296473.52253,-18.058865795873864,327.5138736433245
1296480.787662,-20.22978000096245,327.09295478328795
1296487.226524,-20.69690030995622,326.9251517766657
1296495.250648,-22.10146830754266,326.36933546068894
1296501.535159,-24.514439600492544,325.5047626513283
1296508.21608,-24.514439600492544,325.5047626513283
1296515.527188,-24.514439600492544,325.5047626513283
1296522.805408,-24.524608275981752,325.44067314457664
1296530.523042,-24.68665141896545,325.20230621415686
1296536.525174,-24.686651427220145,325.20230621415686
1296543.519039,-24.671641579732043,325.1173681548982
1296550.234361,-23.975925358542504,324.7145284603034
1296558.908596,-23.975925358542504,324.7145284603034
1296564.195335,-23.975925358542504,324.7145284603034
1296571.512982,-22.314354777854707,324.2622786877051
1296578.208794,-22.31439372953308,324.2622625815625
1296585.509221,-22.47804707539915,323.76684060788426
1296592.522115,-22.7013576804666,321.87255327334185
1296599.540288,-21.084513194916955,315.83527219329085
1296606.350562,-24.9337423791469,314.37749793430004
1296613.7139,-28.202934778477363,313.0648790052202
1296620.443512,-31.729136142079057,314.6098727264748
1296629.306517,-32.581398048095856,314.8769039316442
1296634.191017,-36.46452249893745,315.2594555654967
1296643.445707,-36.46452249893745,315.2594555654967
1296648.293968,-38.67359382219284,315.1768103086495
1296655.516898,-39.15740221009032,315.75076230376754
1296662.509739,-40.45039919799599,314.39463554829894
1296669.190996,-42.713490265680775,313.0841885298529
1296676.820325,-43.62414331186053,310.4568978474525
1296684.163326,-43.60425770536338,309.9913414229072
1296690.511298,-42.94973426590492,308.8680585668855
1296697.528344,-42.94973391743901,308.86805828946774
1296704.515344,-42.2689038927349,308.55743166081646
1296711.20052,-41.87656235061274,308.32358779725735
1296718.513812,-41.7011318028151,308.0497191188458
1296725.518852,-41.7011318028151,308.0497191188458
1296732.192322,-38.74914929023787,307.30461599388434
1296739.520093,-36.45390975494577,306.98789933333046
1296746.520204,-34.7718224335049,306.9326023941807
1296753.648534,-32.97702973368124,306.751972338012
1296760.914043,-32.97702973368124,306.751972338012
1296767.529286,-28.749297584106195,305.0390535461804
1296774.512321,-28.224487895021184,302.79161998591104
1296781.535172,-28.22446874281012,302.79160112679347
1296788.50823,-27.17947297510381,303.8723736025708
1296795.517303,-26.8081396333079,303.85105751731953
1296802.197974,-30.72766564051575,307.07482882349166
1296810.218381,-31.515110855109917,307.4842625685516
1296816.192607,-31.01926935775422,311.2777803224057
1296823.509666,-30.58501402226701,311.21942939760805
1296830.804898,-30.58501402226701,311.21942939760805
1296839.145794,-35.22932261809018,315.90276419355206
1296844.229532,-35.22932261809018,315.90276419355206
1296851.203704,-42.56309733784509,319.3373343168163
1296858.513886,-43.581576916585455,320.2212319827169
1296865.513747,-48.46971381252071,316.0588570090482
1296872.521164,-48.21490842047096,316.05855662727146
1296879.262973,-49.19498469901302,316.97353916856287
1296886.519159,-49.04555567888074,316.91921771185304
1296893.190727,-48.68515202158171,316.6864243579313
1296900.516223,-49.84003856784456,315.4560420722144
1296907.195177,-49.84003856784456,315.4560420722144
1296914.208861,-52.7602780534824,313.1163760489992
1296921.21899,-53.0959674705719,313.05487015177914
1296928.51381,-53.0959674705719,313.05487015177914
1296935.515171,-53.0959674705719,313.05487015177914
1296945.083977,-53.0959674705719,313.05487015177914
1296949.183089,-53.0959674705719,313.05487015177914
1296956.92578,-53.0959674705719,313.05487015177914
1296963.513671,-53.15164668409549,311.66971955111217
1296970.520615,-52.99357793571057,311.2436913507458
1296977.283543,-54.46196907558982,310.6734799094977
1296984.19258,-53.93961363823461,310.4242210157764
1296991.613433,-53.6071423530371,310.3539828206165
1296998.214482,-53.60712673589772,310.35398093311585
1297006.894362,-52.900447828402,310.1773768783805
1297012.758432,-51.82023775760925,306.68496372168664
1297020.976538,-51.78059172259032,305.3692711529001
1297026.191614,-51.78058871036493,305.3692518251771
1297033.190493,-51.78058871036493,305.3692518251771
1297041.465869,-47.059812619103376,303.45435044326103
1297047.282376,-46.83896047300336,300.51891152139507
1297054.527687,-46.61972750012949,300.46760862103423
1297061.744402,-46.61972750012949,300.46760862103423
1297069.698672,-50.444770216534586,300.990632601158
1297075.208538,-51.19308934320801,301.26509038770706
1297085.028363,-50.91674436891854,301.32942409491847
1297089.521261,-50.91674436891854,301.32942409491847
1297096.194915,-53.41254682889343,301.60324941669774
1297105.243776,-54.92865725722653,300.53504131762696
1297110.184572,-57.5403460518794,299.4826271697024
1297122.77317,-60.14089296103762,299.8063740315524
1297124.206084,-63.77837613470931,299.66603720586846
1297131.518386,-68.0150619822012,299.5491043300591
1297139.406219,-79.92810628999865,300.9594002646663
1297146.274093,-82.40027437625567,300.8948505800115
1297156.127637,-84.2820954105875,300.2384110084039
1297159.516633,-84.2820954105875,300.2384110084039
1297166.515157,-81.89793705899763,300.20400249742966
1297173.51801,-81.52574137906142,300.29438939287564
1297180.524892,-74.11277419252275,302.7175231171861
1297187.402832,-74.00443279952067,302.68835497433577
1297195.058778,-70.95274087180191,302.6308906216757
1297202.532187,-67.08664099075537,302.2515751818772
1297208.782782,-66.21007917271214,302.14314284188674
1297215.735102,-66.90784980634669,302.2577031464167
1297223.038411,-66.90782862937773,302.2576947708692
1297229.515159,-66.26596444647934,301.98352413647206
1297236.862507,-67.69418738047777,300.893292226664
1297244.753638,-68.07251140401024,300.8763433460384
1297250.294623,-69.53102830439718,299.4231401290832
1297258.091147,-68.59647668737752,298.25419268505664
1297264.516597,-67.79064412671396,298.33670208906864
1297271.514959,-67.79064412671396,298.33670208906864
1297278.509938,-67.79064412671396,298.33670208906864
1297285.266568,-67.91356831825429,301.14061918630733
1297292.235411,-67.91356831825429,301.14061918630733
1297299.517751,-68.64718722737847,301.19082205850486
1297306.510062,-68.64718722737847,301.19082205850486
1297313.521819,-68.64718722737847,301.19082205850486
1297320.328645,-68.64718722737847,301.19082205850486
1297327.512821,-68.64718722737847,301.19082205850486
1297334.517934,-68.64718722737847,301.19082205850486
1297341.513376,-68.64718722737847,301.19082205850486
1297348.521768,-68.64718722737847,301.19082205850486
1297355.194765,-68.64718722737847,301.19082205850486
1297362.517874,-37.76681442254187,299.54855291651114
1297369.837692,-37.76681442254187,299.54855291651114
1297378.040946,-37.76681442254187,299.54855291651114
1297383.189029,-36.6681313518938,292.8547816370343
1297390.51397,-36.67970310767216,292.6230868653326
1297399.452779,-36.713274977880445,292.6227866390575
1297404.341686,-36.66505992341202,292.73651442699605
1297411.516989,-36.66505992341202,292.73651442699605
1297418.509935,-36.66505992341202,292.73651442699605
1297425.514181,-36.66505992341202,292.73651442699605
1297432.204613,-36.356675212460665,294.3976616319222
1297439.512529,-36.356675212460665,294.3976616319222
1297446.790943,-36.356675212460665,294.3976616319222
1297454.979076,-36.356675212460665,294.3976616319222
1297460.271158,-36.356675212460665,294.3976616319222
1297467.517811,-36.29263636725648,297.0761583390067
1297474.511307,-36.29263636725648,297.0761583390067
1297481.512958,-36.29263636725648,297.0761583390067
1297488.326004,-36.29263636725648,297.0761583390067
1297495.573639,-36.29263636725648,297.0761583390067
1297502.427977,-36.29263636725648,297.0761583390067
1297509.517885,-36.29263636725648,297.0761583390067
1297516.511236,-36.29263636725648,297.0761583390067
1297523.746455,-36.29263636725648,297.0761583390067
1297530.521254,-36.103054401519856,296.7602170074554
1297537.515086,-36.103054401519856,296.7602170074554
1297544.511174,-36.103054401519856,296.7602170074554
1297551.535418,-34.87799663359611,296.0265663981333
1297558.186583,-34.87799663359611,296.0265663981333
1297566.044759,-34.87799663359611,296.0265663981333
1297572.517674,-34.87799663359611,296.0265663981333
1297579.511238,-34.87799663359611,296.0265663981333
1297586.224514,-34.87799663359611,296.0265663981333
1297593.518082,-34.87799663359611,296.0265663981333
1297601.115385,-34.87799663359611,296.0265663981333
1297608.2744,-34.87799663359611,296.0265663981333
1297614.280391,-32.691759731456536,318.46839454601763
1297621.517906,-42.836484103823445,303.797215823669
1297633.434892,-42.836484103823445,303.797215823669
1297635.862943,-63.5378588479731,282.8511064228466
1297644.113302,-63.39997704595941,279.4055581571237
1297649.516933,-63.39997704595941,279.4055581571237
1297656.180961,-63.39997704595941,279.4055581571237
1297663.518007,-63.39997704595941,279.4055581571237
1297673.128904,-81.83897558509507,284.05128356528303
1297677.804678,-81.83897558509507,284.05128356528303
1297684.199297,-61.54166711578788,323.0680295941576
1297691.525237,-61.54166711578788,323.0680295941576
1297699.200265,-16.65036091993541,344.1811517361055
1297705.518015,-16.65036091993541,344.1811517361055
1297712.190523,-16.65036091993541,344.1811517361055
1297719.516914,-16.65036091993541,344.1811517361055
1297726.509933,-16.65036091993541,344.1811517361055
1297733.51406,-16.65036091993541,344.1811517361055
1297740.531627,-16.65036091993541,344.1811517361055
1297747.836307,-16.65036091993541,344.1811517361055
1297754.270638,-16.65036091993541,344.1811517361055
1297761.242483,-16.65036091993541,344.1811517361055
1297768.514205,-16.65036091993541,344.1811517361055
1297775.596631,-16.65036091993541,344.1811517361055
1297782.517912,-16.65036091993541,344.1811517361055
1297789.51395,-16.65036091993541,344.1811517361055
1297797.570437,-16.65036091993541,344.1811517361055
1297803.511492,-16.65036091993541,344.1811517361055
1297810.524527,-16.65036091993541,344.1811517361055
1297817.512699,-16.65036091993541,344.1811517361055
1297824.509675,-16.65036091993541,344.1811517361055
1297832.516854,-16.65036091993541,344.1811517361055
1297840.184089,-16.65036091993541,344.1811517361055
1297845.505958,-68.1570823416324,294.54126743064785
1297852.484599,-68.1570823416324,294.54126743064785
1297859.446809,-68.1570823416324,294.54126743064785
1297866.315653,-62.07415701514565,295.9410325768826
1297873.186809,-61.72330342925776,296.37907789016293
1297880.50975,-61.72330342925776,296.37907789016293
1297887.504784,-61.72330342925776,296.37907789016293
1297894.519238,-60.61167168667788,298.8559172744971
1297901.511471,-60.61167168667788,298.8559172744971
1297908.820568,-60.61167168667788,298.8559172744971
1297916.970988,-60.61167168667788,298.8559172744971
1297922.310431,-60.61167168667788,298.8559172744971
1297929.524578,-60.61167168667788,298.8559172744971
1297936.511402,-60.61167168667788,298.8559172744971
1297943.521045,-60.61167168667788,298.8559172744971
1297950.519646,-56.85846571039511,298.99321055542976
1297957.518016,-57.67936864563303,300.0255746218386
1297964.519231,-57.67936864563303,300.0255746218386
1297971.49926,-54.54673003311642,298.3978669052332
1297978.516676,-54.08429494038423,297.940149306486
1297985.192771,-53.5928991905402,299.35458695529434
1297992.516818,-53.2803632510733,300.68701168302084
1297999.183066,-53.28036298544911,300.687011959731
1298006.499291,-53.28036298544911,300.687011959731
1298016.140144,-53.07129911126509,300.7367870637163
1298020.517663,-53.07129911126509,300.7367870637163
1298027.506344,-53.07129911126509,300.7367870637163
1298035.496709,-52.36422452176282,298.7238804017909
1298043.651777,-52.36422452176282,298.7238804017909
1298048.505079,-52.36422452176282,298.7238804017909
1298055.504788,-52.36422452176282,298.7238804017909
1298062.198785,-52.36422452176282,298.7238804017909
1298069.503284,-52.36422452176282,298.7238804017909
1298079.669587,-52.36422452176282,298.7238804017909
1298083.670922,-52.36422452176282,298.7238804017909
1298090.766282,-52.36422452176282,298.7238804017909
1298097.508639,-52.36422452176282,298.7238804017909
1298104.500877,-52.36422452176282,298.7238804017909
1298111.50642,-52.36422452176282,298.7238804017909
1298118.306643,-52.36422452176282,298.7238804017909
1298125.18253,-52.36422452176282,298.7238804017909
1298132.509605,-52.36422452176282,298.7238804017909
1298139.181029,-52.36422452176282,298.7238804017909
1298147.291767,-52.36422452176282,298.7238804017909
1298153.225174,-52.36422452176282,298.7238804017909
1298160.507129,-52.36422452176282,298.7238804017909
1298167.500746,-52.36422452176282,298.7238804017909
1298174.509138,-52.36422452176282,298.7238804017909
1298181.52152,-52.36422452176282,298.7238804017909
1298188.513959,-52.36422452176282,298.7238804017909
1298195.503237,-52.36422452176282,298.7238804017909
1298202.54069,-52.36422452176282,298.7238804017909
1298209.911341,-52.36422452176282,298.7238804017909
1298216.796733,-52.36422452176282,298.7238804017909
1298225.946774,-52.36422452176282,298.7238804017909
1298230.191051,-52.36422452176282,298.7238804017909
1298237.181505,-52.36422452176282,298.7238804017909
1298244.507658,-52.36422452176282,298.7238804017909
1298251.27375,-51.28983800260802,298.8865311110356
1298258.53126,-51.28983800260802,298.8865311110356
1298265.500632,-50.1170796262224,299.6623034435992
1298272.51011,-50.1170796262224,299.6623034435992
1298279.518034,-50.1170796262224,299.6623034435992
1298286.749862,-48.428032152138506,299.6041911113036
1298294.596691,-48.428032152138506,299.6041911113036
1298300.294653,-48.428032152138506,299.6041911113036
1298307.505786,-48.428032152138506,299.6041911113036
1298314.516785,-48.428032152138506,299.6041911113036
1298321.50891,-48.428032152138506,299.6041911113036
1298328.507114,-48.428032152138506,299.6041911113036
1298336.185292,-48.428032152138506,299.6041911113036
1298342.917079,-48.428032152138506,299.6041911113036
1298349.505982,-48.428032152138506,299.6041911113036
1298356.5008,-48.428032152138506,299.6041911113036
1298363.272587,-48.428032152138506,299.6041911113036
1298370.734667,-48.48886766935547,300.08806269791
1298379.139145,-48.48852956013745,300.0882788644356
1298384.179123,-48.46612790537597,300.1469525072207
1298392.451697,-48.42741907472261,300.1148058747528
1298398.507163,-48.42741907472261,300.1148058747528
1298405.515873,-50.486458100512,297.0367491935572
1298412.507296,-35.15823226556669,305.0068247205267
1298426.159321,-32.53299770366154,306.38522757603954
1298426.591259,-31.04740146700552,310.6170972698952
1298433.507263,-24.98068136502232,309.33252346997915
1298440.506376,-24.02699334231326,308.8419194072104
1298447.74655,-24.62856288827533,309.4895354549998
1298457.420812,-24.943926978673144,309.66142446184483
1298461.226854,-25.33571288320945,307.9838895138401
1298468.507187,-25.28588779183685,308.0250483117961
1298475.509194,-25.655194893411696,308.36022637889386
1298484.036787,-26.013019585631035,308.6799268709698
1298494.270013,-26.013019585631035,308.6799268709698
1298496.189211,-26.013019585631035,308.6799268709698
1298503.475787,-26.013019585631035,308.6799268709698
1298510.50707,-26.013019585631035,308.6799268709698
1298517.516724,-26.013019585631035,308.6799268709698
1298524.74619,-26.013019585631035,308.6799268709698
1298532.434082,-26.013019585631035,308.6799268709698
1298538.504672,-26.824449829827287,308.7120326188964
1298545.190065,-27.45213123610392,308.5596177339093
1298552.488992,-27.885597763584627,308.48018458473393
1298559.503617,-28.2131476167138,307.9962462824322
1298566.513719,-28.31453979409339,307.8171722241131
1298573.515568,-28.31453979409339,307.8171722241131
1298580.501011,-28.31453979409339,307.8171722241131
1298589.040691,-28.31453979409339,307.8171722241131
1298594.296603,-28.31453979409339,307.8171722241131
1298601.193309,-32.26230512278041,306.29008965685705
1298608.902294,-32.275112261103864,306.28167742139385
1298615.50238,-32.275112261103864,306.28167742139385
1298622.264601,-34.63437711555269,308.3679641438748
1298629.50219,-34.63437711555269,308.3679641438748
1298636.973239,-35.50469003407083,308.3037499385263
1298645.995395,-42.402464527782,309.5517402799016
1298650.1909,-45.54407352585592,308.5123848325137
1298657.512725,-45.54407352585592,308.5123848325137
1298664.186623,-46.84094413523066,308.41410350406824
1298671.510008,-47.41720037929456,308.9391318291906
1298678.180788,-46.50302101511506,308.4985503377564
1298685.59706,-45.16693003406224,308.29627112427863
1298692.188692,-44.98244148836864,308.38292596898094
1298699.502186,-44.98244148836864,308.38292596898094
1298708.055587,-37.321706567121616,306.2367784720992
1298715.571609,-37.321706567121616,306.2367784720992
1298720.503273,-37.321706567121616,306.2367784720992
1298727.50152,-37.65987040067683,299.15771706660814
1298734.37663,-37.65987040067683,299.15771706660814
1298741.179028,-37.19631780091918,298.94780789874926
1298748.513493,-37.19631780091918,298.94780789874926
1298755.847122,-36.52739594015459,297.4063966457149
1298764.447065,-36.43253584583936,296.79991923487063
1298769.174811,-36.43253584583936,296.79991923487063
1298776.507718,-36.43253584583936,296.79991923487063
1298783.510182,-36.43253584583936,296.79991923487063
1298790.500807,-36.43253584583936,296.79991923487063
1298797.507401,-36.43253584583936,296.79991923487063
1298804.50473,-36.43253584583936,296.79991923487063
1298811.503277,-36.43253584583936,296.79991923487063
1298818.530986,-36.43253584583936,296.79991923487063
1298825.505054,-36.43253584583936,296.79991923487063
1298832.196902,-36.43253584583936,296.79991923487063
1298839.505368,-39.44163786968693,300.9004134894574
1298846.504871,-39.44163786968693,300.9004134894574
1298853.429086,-39.44163786968693,300.9004134894574
1298860.503635,-39.44163786968693,300.9004134894574
1298867.192721,-39.44163786968693,300.9004134894574
1298874.218898,-39.44163786968693,300.9004134894574
1298882.486646,-39.44163786968693,300.9004134894574
1298888.513462,-39.44163786968693,300.9004134894574
1298895.503701,-39.44163786968693,300.9004134894574
1298902.502268,-39.44163786968693,300.9004134894574
1298909.172755,-39.1013045777492,303.7084848674918
1298918.662471,-39.10097500742001,303.718180478225
1298923.506092,-39.10097500742001,303.718180478225
1298937.512181,-39.10097500742001,303.718180478225
1298937.515934,-39.10097500742001,303.718180478225
1298945.064622,-39.10097500742001,303.718180478225
1298951.189359,-39.10097500742001,303.718180478225
1298958.516763,-39.10097500742001,303.718180478225
1298965.518144,-39.10097500742001,303.718180478225
1298974.259864,-39.10097500742001,303.718180478225
1298979.504945,-39.10097500742001,303.718180478225
1298987.533508,-39.10097500742001,303.718180478225
1298993.272017,-39.10097500742001,303.718180478225
1299000.516792,-39.10097500742001,303.718180478225
1299007.506291,-39.10097500742001,303.718180478225
1299014.262941,-39.10097500742001,303.718180478225
1299021.581868,-39.10097500742001,303.718180478225
1299028.208748,-39.10097500742001,303.718180478225
1299035.253077,-39.10097500742001,303.718180478225
1299042.503603,-39.10097500742001,303.718180478225
1299049.512435,-39.10097500742001,303.718180478225
1299056.506127,-39.10097500742001,303.718180478225
1299063.755242,-39.10097500742001,303.718180478225
1299071.31408,-39.10097500742001,303.718180478225
1299077.517023,-43.82978294408628,301.34083046957096
1299089.147971,-43.82980009645092,301.3408323457643
1299091.508675,-43.82980009645092,301.3408323457643
1299098.500868,-45.226903013989045,301.543354502741
1299105.283256,-45.22690371092088,301.54335460169176
1299112.630633,-45.22690371092088,301.54335460169176
1299122.260271,-45.22690371092088,301.54335460169176
1299126.175112,-45.22690371092088,301.54335460169176
1299133.504216,-45.22690371092088,301.54335460169176
1299140.850516,-45.22690371092088,301.54335460169176
1299148.161944,-45.18952071285828,301.7120063430572
1299159.209119,-45.18952071285828,301.7120063430572
1299161.500784,-45.18952071285828,301.7120063430572
1299168.500886,-45.18952071285828,301.7120063430572
1299175.282861,-45.18952071285828,301.7120063430572
1299182.507878,-40.89348263880832,302.06129582443714
1299189.501079,-40.89348263880832,302.06129582443714
1299196.31088,-40.89348263880832,302.06129582443714
1299203.666718,-40.89348263880832,302.06129582443714
1299210.513207,-40.89348263880832,302.06129582443714
1299219.615942,-40.89348263880832,302.06129582443714
1299228.435597,-40.89348263880832,302.06129582443714
1299231.313201,-40.89348263880832,302.06129582443714
1299238.336503,-40.89348263880832,302.06129582443714
1299245.318782,-40.89348263880832,302.06129582443714
1299252.509702,-40.89348263880832,302.06129582443714
1299259.503411,-40.89348263880832,302.06129582443714
1299270.8886,-40.89348263880832,302.06129582443714
1299273.727285,-40.89348263880832,302.06129582443714
1299280.194151,-40.89348263880832,302.06129582443714
1299287.525563,-40.89348263880832,302.06129582443714
1299294.794903,-40.89348263880832,302.06129582443714
1299304.603735,-40.89348263880832,302.06129582443714
1299308.318594,-40.89348263880832,302.06129582443714
1299315.50204,-40.89348263880832,302.06129582443714
1299322.505052,-40.89348263880832,302.06129582443714
1299329.542093,-40.89348263880832,302.06129582443714
1299337.136575,-40.89348263880832,302.06129582443714
1299343.503445,-41.58670938240446,300.6583597439394
1299350.188636,-41.58670938240446,300.6583597439394
1299357.506119,-41.58670938240446,300.6583597439394
1299364.279236,-41.58670938240446,300.6583597439394
1299376.354969,-41.58670938240446,300.6583597439394
1299378.950921,-41.58670938240446,300.6583597439394
1299385.17575,-41.58670938240446,300.6583597439394
1299392.507191,-41.58670938240446,300.6583597439394
1299399.197459,-42.37421569645513,302.0473246005024
1299406.503184,-42.37421569645513,302.0473246005024
1299427.604933,-43.36057094725625,303.3645963199414
1299427.605652,-43.36057094725625,303.3645963199414
1299432.314455,-43.36057094725625,303.3645963199414
1299438.854314,-41.997566385922056,304.3606642123044
1299450.006169,-42.16634532390102,304.7132674199109
1299454.074509,-42.166346419269104,304.71328164844766
1299459.718999,-42.166346419269104,304.71328164844766
1299467.068841,-42.166346419269104,304.71328164844766
1299473.863539,-42.56163571380937,305.12847889611214
1299487.57451,-42.77004199081539,305.86100753050704
1299487.578346,-43.0727246187989,306.27990235586884
1299494.859505,-43.28295446153239,306.4798593654711
1299501.853625,-43.13009456060549,307.0843189050155
1299509.150662,-41.85845638751377,308.3437443636022
1299521.450391,-41.97749996217525,309.7161631457266
1299522.850256,-41.755982899933166,310.912064378616
1299529.988712,-38.43523650919713,311.3926905808485
1299537.244728,-38.43523650919713,311.3926905808485
1299543.542585,-1.1410775111206413,353.07504624136715
1299550.853274,-14.626610706578472,359.7584956136951
1299559.254778,-32.99886514578833,349.8960582600425
1299564.934819,-32.99886514578833,349.8960582600425
1299571.854315,-77.14137884538926,340.1918233719904
1299578.637716,-76.05298007694982,335.45526825546915
1299599.237521,-76.05298007694982,335.45526825546915
1299599.242302,-56.21706650748946,256.52911158816846
1299599.787775,-55.6566271252334,247.6035234088222
1299599.788376,-55.6566271252334,247.6035234088222
1299600.551119,-55.6566271252334,247.6035234088222
1299607.867517,-55.6566271252334,247.6035234088222
1299614.86136,-55.6566271252334,247.6035234088222
1299621.559274,-55.6566271252334,247.6035234088222
1299628.863935,-55.6566271252334,247.6035234088222
1299635.866748,-55.6566271252334,247.6035234088222
1299642.221575,-24.565296038924306,105.86359894794518
1299642.916643,-24.565296038924306,105.86359894794518
1299651.234479,-29.338413668278903,90.67919818423282
1299656.543894,-29.338413668278903,90.67919818423282
1299666.565192,-29.338413668278903,90.67919818423282
1299670.880974,-29.338413668278903,90.67919818423282
1299678.139203,-29.338413668278903,90.67919818423282
1299686.272853,-29.338413668278903,90.67919818423282
1299692.142763,-29.338413668278903,90.67919818423282
1299699.577776,-29.338413668278903,90.67919818423282
1299705.582025,-29.338413668278903,90.67919818423282
1299715.184466,-29.338413668278903,90.67919818423282
1299719.579834,-29.338413668278903,90.67919818423282
1299726.898263,-29.338413668278903,90.67919818423282
1299733.874467,-29.338413668278903,90.67919818423282
1299743.656392,-29.338413668278903,90.67919818423282
1299748.045566,-29.338413668278903,90.67919818423282
1299754.857022,-29.338413668278903,90.67919818423282
1393579.937812,14.336988195059018,23.437548168012604
1393603.375786,-37.737056335692735,126.55281732345637
1393603.376358,-37.737056335692735,126.55281732345637
1393604.999461,-37.737056335692735,126.55281732345637
1393611.567028,-70.51633780251575,211.66405592344208
1393618.762946,-80.98861749633913,244.57402527158865
1393625.302338,-85.76778346651359,271.2140335454325
1393632.668541,-76.97243410986846,299.0285689372469
1393639.560611,-63.8970685306169,309.2009881278712
1393646.561894,-63.8970685306169,309.2009881278712
1393653.244507,-12.56215313821048,329.04730702479384
1393660.781857,21.490034977693373,323.7874438709852
1393670.537883,39.24246342877962,325.2464598755013
1393674.597849,83.27094996655158,331.58190074423044
1393681.56613,101.72983782134048,334.029721201556
1393688.575227,104.40472117159092,336.0615851824428
1393695.562558,103.88154354279249,338.0346104716663
1393707.055876,103.83090343771694,336.427516418048
1393713.143329,102.38263226139384,335.9448041212454
1393716.567106,99.14004329788484,336.4974134265207
1393723.566482,99.46366220571493,340.6361069269917
1393732.276761,98.24983604310953,341.1592400248292
1393738.186527,98.39971075010334,341.0356722370669
1393744.385148,98.32456301296794,341.7732402303462
1393751.362263,100.42237620098136,345.80745649234206
1393758.9515,105.1407982242231,345.6722012950856
1393767.051686,105.1408200484483,345.67216967262203
1393772.280577,107.15773688023371,344.60060147833593
1393785.63495,107.31414054176288,344.46629675177303
1393786.685659,107.31414054176288,344.46629675177303
1393793.41267,108.15035390093392,343.2323864052088
1393800.242827,109.00852450600443,346.70417445368355
1393807.291907,108.74815334513715,346.6644014249752
1393821.651431,107.10045309839305,346.5941895064768
1393821.655122,107.58373699172677,345.4365239618621
1393828.26402,108.14540707640091,345.6506980529698
1393836.384674,108.3760506380913,346.01000232051365
1393842.244697,106.07079532960825,345.88179258007693
1393851.131567,104.9354457669723,346.00028488542773
1393857.389842,101.25954201639028,347.4326997436438
1393863.24691,98.60024685500242,347.7476526881389
1393870.582988,99.82556128543528,347.4523445619591
1393877.597054,99.33180786641712,346.1652524223332
1393885.621303,99.400620228609,345.56771443572626
1393894.028102,98.9762089024622,341.79933642886743
1393900.322351,99.99422066334289,342.2013273042229
1393905.362407,99.2578229194796,342.1999987903629
1393920.237686,99.2578229194796,342.1999987903629
1393920.245327,99.2578229194796,342.1999987903629
1393926.392892,99.5499603007519,342.85921591046355
1393933.582126,99.88190704171622,343.469088949394
1393941.478623,99.88190709979384,343.4690888384262
1393948.784735,99.88190709979384,343.4690888384262
1393956.046128,99.88190709979384,343.4690888384262
1393961.696747,99.88190709979384,343.4690888384262
1393968.528691,101.56359937819326,344.62669826459734
1393976.962005,102.9770735583659,345.295350536395
1393982.234379,103.02018695283964,345.0801647961149
1393993.084079,102.43080116962962,345.72679390092003
1393996.254316,102.40087642232746,346.06137257883654
1394003.578733,101.39505284722608,345.74132957809115
1394010.592371,101.37235006824508,345.7238668151425
1394017.242109,101.36479092835036,345.8072811327521
1394030.294748,101.36479092009569,345.8072812334708
1394031.767787,102.29209813031866,345.14863489285034
1394038.249967,102.527567520748,345.41777968884213
1394046.244619,102.46022267423064,345.7167577790649
1394052.259044,102.81060304842175,345.6620427615952
1394064.626941,103.07713357976375,345.9924853974511
1394066.880553,102.83485061568696,346.03641206391376
1394074.45763,103.36981454131872,345.8775020710149
1394080.565661,102.47291225233214,346.5565407061444
1394087.246103,102.4375774513814,346.531353771528
1394101.479711,102.92807891520312,347.86496073954555
1394101.842586,102.92883492053956,347.8648797020563
1394108.247784,102.92883492053956,347.8648797020563
1394115.254226,102.20409705895293,347.10379496804023
1394123.074958,102.53914911818204,347.03076626865214
1394130.563513,102.5864551325544,346.9730883886986
1394142.484647,103.07389422933464,345.0552641031132
1394144.881133,103.88733917927476,344.8337176823455
1394145.192837,103.88733917927476,344.8337176823455
1394145.193453,103.88733917927476,344.8337176823455
1394146.01502,103.88733917927476,344.8337176823455
1394153.020641,104.02694365773118,344.8350593585375
1394160.706618,104.02694379054329,344.83505932531807
1394167.12971,104.02694379054329,344.83505932531807
1394176.066537,104.02694379054329,344.83505932531807
1394181.017457,104.02694379054329,344.83505932531807
1394188.024574,104.02694379054329,344.83505932531807
1394195.341807,104.02694379054329,344.83505932531807
1394202.340859,104.02694379054329,344.83505932531807
1394213.818368,104.96681338453536,346.17718211068023
1394216.016587,105.03620191402663,346.0435441560724
1394223.019213,105.7240577051054,339.01753176411387
1394230.016573,105.33231676019896,337.2897988840976
1394237.379264,105.38235480757707,336.9338141446998
1394245.958471,106.27403238284992,337.4795947484044
1394251.018574,106.2740288063574,337.47959921359563
1394258.024654,106.2740288063574,337.47959921359563
1394266.204964,106.7662369226454,340.0625277647849
1394272.344606,107.23920349531132,341.1237625709064
1394283.091404,107.23919644197218,341.12376879072343
1394286.028493,107.23919644197218,341.12376879072343
1394293.343387,107.23919644197218,341.12376879072343
1394300.342478,107.23919644197218,341.12376879072343
1394317.204897,108.58109048648733,342.46574849822207
1394317.212505,108.581090494742,342.46574850882394
1394322.392044,108.581090494742,342.46574850882394
1394328.383273,108.581090494742,342.46574850882394
1394335.023076,108.581090494742,342.46574850882394
1394342.156744,109.0321927112569,342.336623518795
1394354.373859,109.0321927112569,342.336623518795
1394356.039057,109.0321927112569,342.336623518795
1394363.343149,107.76334175425728,343.1956703063114
1394370.341436,106.98961873429772,343.66636675063927
1394377.339159,105.8550946576221,342.302132811826
1394390.623024,105.23820367596714,342.8915400819544
1394391.346158,104.42914714971576,343.92919800362966
1394398.030042,104.42914714971576,343.92919800362966
1394405.34346,104.42914714971576,343.92919800362966
1394412.014583,105.0418061780146,344.9685966474544
1394425.594822,104.80916741138446,346.27650701599623
1394426.298074,104.24526996372916,345.8980937160233
1394435.585779,101.06843555962824,346.02679997943864
1394440.020417,101.06843548489384,346.02680005648006
1394447.080478,101.06843548489384,346.02680005648006
1394454.026374,102.08734417078192,346.93542678154404
1394461.342021,102.73172122373144,347.4933619126183
1394468.031601,102.6270094691676,348.50935983270523
1394476.454377,102.5390718953952,350.37306798487106
1394482.025903,104.08058148691644,350.6803897158068
1394534.638632,104.60489679558324,348.3877869738117
1394534.639336,104.60489679558324,348.3877869738117
1394535.750656,104.60489679558324,348.3877869738117
1394542.882911,104.23794667452314,348.7387846596996
1394550.055096,103.9760073160975,347.8809553191472
1394556.730791,103.9760073160975,347.8809553191472
1394564.744728,104.16177797974244,349.0194280317963
1394570.76778,104.16176554906144,349.0194332295826
1394577.771169,103.9564162451028,349.05091672481694
1394585.053981,104.60305610255006,350.74119411123127
1394597.386111,105.52815748362828,352.3579305298571
1394599.891601,104.10459260591232,350.71691133074
1394606.742383,104.87302062641004,348.85678903867404
1394612.732808,105.12668126873749,347.7542950015852
1394619.805603,105.1266811690916,347.7542949782607
1394633.233798,105.1266811690916,347.7542949782607
1394635.573704,105.1266811690916,347.7542949782607
1394641.052975,103.92607935225404,348.4938975746535
1394648.079283,103.92607935225404,348.4938975746535
1394654.726716,103.26821113404976,348.25620566169687
1394661.724599,103.26821113404976,348.25620566169687
1394669.717193,103.26821113404976,348.25620566169687
1394675.731188,104.74390337390606,349.996778478476
1394683.057884,104.07211290849044,349.68981327705694
1394690.339036,104.07211290849044,349.68981327705694
1394698.413739,104.75187983724992,349.9991116552175
1394703.786838,105.0552704406403,350.54686189898047
1394710.794871,105.52189246076752,351.73832689553626
1394718.051264,105.80363711594288,351.47263872932643
1394725.053592,105.91165511238655,350.79697071612145
1394739.931784,106.0083834910392,350.6307877242392
1394739.935543,106.0083834910392,350.6307877242392
1394745.726717,105.66502662617025,349.1054291813494
1394753.052969,105.66502662617025,349.1054291813494
1394760.057776,105.66502662617025,349.1054291813494
1394769.638111,105.66502662617025,349.1054291813494
1394774.363128,105.53827596336974,348.94073353567586
1394780.860712,105.53827573931378,348.9407332359939
1394788.050171,105.53827573931378,348.9407332359939
1394795.051537,105.53827573931378,348.9407332359939
1394809.65295,105.53827573931378,348.9407332359939
1394809.656699,105.6853658524372,347.8572357578913
1394815.842382,105.28047945244305,346.5011276489291
1394822.89396,106.2462969928962,345.5040583943484
1394830.051366,104.89707138590872,344.6814239451353
1394837.26353,105.37302757554588,343.6994574922203
1394844.824895,105.37302740956764,343.6994569589441
1394850.832663,103.9573669836248,342.9481792107828
1394858.051418,103.9573669836248,342.9481792107828
1394865.055292,103.9573669836248,342.9481792107828
1394874.25252,103.9573669836248,342.9481792107828
1394878.841907,103.9573669836248,342.9481792107828
1394886.052365,103.9573669836248,342.9481792107828
1394893.050671,101.68702511137688,345.4725094119304
1394899.739174,99.79843791084288,344.9678212141374
1394917.390256,100.07445686652666,345.6009423387794
1394917.39398,100.56024363054318,346.7082689781086
1394920.725165,100.4093550193906,346.6429094569712
1394927.783686,100.38564943925316,346.59292891159606
1394935.643014,101.54523564038747,346.459689715734
1394941.745727,102.10086639608294,344.17263557052473
1394953.314817,103.86450478306946,343.6733960246347
1394955.7863,103.86450478306946,343.6733960246347
1394964.140729,103.86450478306946,343.6733960246347
1394970.058049,103.91332093253088,343.1325106646545
1394977.073435,104.7044221407093,340.8235256439887
1394989.202823,109.554370634112,344.0908498701508
1394990.740714,116.1494307258764,349.53991755883624
1394997.734971,116.1494307258764,349.53991755883624
1395004.770022,116.1494307258764,349.53991755883624
1395012.054819,116.1494307258764,349.53991755883624
1395020.342174,203.38963019143236,406.35839209070895
1395029.203989,210.46405461585235,406.2098248624205
1395032.722539,210.46405461585235,406.2098248624205
1395040.057054,210.46405461585235,406.2098248624205
1395047.070258,373.4699706232991,450.9355826673901
1395056.497766,396.463363833275,457.5942116883356
1395062.728431,457.3982730413608,474.3880968201025
1395067.729397,460.78359990582777,475.1505011788728
1395075.342376,474.4776166686335,479.0198780267927
1395081.773274,510.7183184934927,490.5835207256313
1395097.245665,553.7649589797571,501.78185756819727
1395097.24939,554.8981334237136,502.061337013278
1395102.742143,554.8981334237136,502.061337013278
1395110.066313,554.8981334237136,502.061337013278
1395116.742099,554.8981334237136,502.061337013278
1395124.060512,554.8981334237136,502.061337013278
1395132.763916,554.8981334237136,502.061337013278
1395138.212555,554.8981334237136,502.061337013278
1395144.728071,558.9656950837116,503.3662347376221
1395153.550019,558.9656950837116,503.3662347376221
1395163.932497,621.0626389598815,528.556950412761
1395166.062717,659.3444002613395,548.1954333035333
1395173.546018,659.3444002613395,548.1954333035333
1395179.79532,659.3444002613395,548.1954333035333
1395187.111206,659.3444002613395,548.1954333035333
1395197.155855,659.3444002613395,548.1954333035333
1395200.725361,659.3444002613395,548.1954333035333
1395207.765539,659.3444002613395,548.1954333035333
1395215.044896,659.3444002613395,548.1954333035333
1395222.0408,659.3444002613395,548.1954333035333
1395230.164769,659.3444002613395,548.1954333035333
1395619.009394,893.5739030214445,819.7267295462063
1395625.182575,856.2144880141926,798.2553392849754
1395635.251472,856.2144880141926,798.2553392849754
1395644.629211,856.2144880141926,798.2553392849754
1395646.109231,839.8971517308361,785.9964622516075
1395652.717584,826.1394938954797,778.4705351598303
1395659.735534,826.1394938954797,778.4705351598303
1395667.039941,826.1394938954797,778.4705351598303
1395673.716441,707.9053496101745,676.3526294329333
1395686.603416,707.9053496101745,676.3526294329333
1395687.760968,707.9053496101745,676.3526294329333
1395695.086168,707.9053496101745,676.3526294329333
1395702.123819,707.9053496101745,676.3526294329333
1395709.211986,707.9053496101745,676.3526294329333
1395718.470967,707.9053496101745,676.3526294329333
1395722.733687,707.9053496101745,676.3526294329333
1395730.522764,707.9053496101745,676.3526294329333
1395737.268465,707.9053496101745,676.3526294329333
1395744.770946,707.9053496101745,676.3526294329333
1395758.646133,599.2883146284147,553.6001412401067
1395758.649819,594.3105749930623,542.2145895822041
1395761.063156,581.8521988970964,543.9565791334965
1395761.06377,581.8521988970964,543.9565791334965
1395761.99335,581.8521988970964,543.9565791334965
1395768.996362,573.9512743988815,551.3278881937872
1395776.321812,573.9512743988815,551.3278881937872
1395788.052586,573.9512743988815,551.3278881937872
1395790.015013,573.9512743988815,551.3278881937872
1395797.062646,573.9512743988815,551.3278881937872
1395804.326319,573.9512743988815,551.3278881937872
1395811.310549,588.9784721251364,525.8187920407604
1395821.741312,583.6604500327306,522.4772202291922
1395825.315028,617.4986235029666,529.3226004768062
1395832.315871,628.3597137138945,532.7191052257094
1395839.31877,628.3597137138945,532.7191052257094
1395846.028548,628.3597137138945,532.7191052257094
1395853.528591,628.3597137138945,532.7191052257094
1395861.265932,628.3597137138945,532.7191052257094
1395867.006194,628.3597137138945,532.7191052257094
1395874.32375,628.3597137138945,532.7191052257094
1398637.051786,762.6867294662551,869.0262624456556
1398641.81898,774.388986260489,809.6215068752236
1398644.051892,774.388986260489,809.6215068752236
1398653.245738,774.388986260489,809.6215068752236
1398658.037891,774.388986260489,809.6215068752236
1398665.362079,741.8817430110275,696.023424131141
1398672.08418,710.7251222197382,661.334594042721
1398679.361367,710.7251222197382,661.334594042721
1398686.36027,710.7251222197382,661.334594042721
1398693.040371,638.7164774521216,587.9875567563971
1398700.652546,638.7164774521216,587.9875567563971
1398707.941129,638.7164774521216,587.9875567563971
1398714.034848,638.7164774521216,587.9875567563971
1398721.061809,638.7164774521216,587.9875567563971
1398728.036411,621.4742803728863,578.5816795303532
1398736.415357,576.9144499444449,523.2812451811945
1398742.375943,575.8347684435087,521.9987260848989
1398749.039334,575.8347684435087,521.9987260848989
1398756.038367,575.8347684435087,521.9987260848989
1398763.366303,575.8347684435087,521.9987260848989
1398772.853361,575.8347684435087,521.9987260848989
1398777.653417,574.8052525991845,519.4917673397335
1398786.200502,580.1570100692146,496.2961224022171
1398791.070348,613.0864243456434,469.19328711778286
1398798.037162,631.8276567214177,456.5143750048216
1398805.312533,662.3822141762427,451.05161922549183
1398812.861613,662.3822141762427,451.05161922549183
1398819.038808,704.3355768471296,412.315105961929
1398826.041578,704.3355768471296,412.315105961929
1398834.149423,704.3355768471296,412.315105961929
1398840.783872,704.3355768471296,412.315105961929
1398847.163096,704.3355768471296,412.315105961929
1398854.037242,704.3355768471296,412.315105961929
1398861.291311,704.3355768471296,412.315105961929
1398871.831681,704.3355768471296,412.315105961929
1398875.368088,704.3355768471296,412.315105961929
1398882.400762,704.3355768471296,412.315105961929
1398889.379954,704.3355768471296,412.315105961929
1398896.078427,704.3355768471296,412.315105961929
1398903.373232,688.9027379663099,243.72797128087797
1398910.358078,651.6675936745262,204.5383247526105
1398917.037147,611.7820253256632,167.0800634359283
1398926.380839,541.5520472752422,105.61262684725024
1398931.034081,477.901709670764,38.3827998381667
1398942.987373,461.0079719718372,7.032450581667796
1398945.125147,457.88394916574055,-99.1117038725572
1403610.939121,-93.90340326601772,324.6195468600748
1403614.158168,-80.00638918552039,290.73328724034445
1403616.384451,-26.580417469305168,300.0184649201322
1403623.705639,4.8551619633297305,312.2348856976878
1403630.624162,21.577176291833236,315.2757100278184
1403644.962111,68.37561064170491,329.65340669964803
1403645.25406,79.22541468066379,334.3870868678691
1403651.630437,100.4097149528338,343.46082713789826
1403658.929465,108.59580033843685,343.9129992745003
1403684.539156,117.35912806495551,346.08165180318974
1403684.539867,117.35912806495551,346.08165180318974
1403686.119116,117.35912806495551,346.08165180318974
1403693.053807,116.26566004917927,353.16946446940256
1403699.925851,117.52210578170632,359.146576724549
1403706.824555,117.52210578170632,359.146576724549
1403718.051406,117.52210578170632,359.146576724549
1403723.816879,117.52210578170632,359.146576724549
1403728.184544,117.52210578170632,359.146576724549
1403734.820554,243.4186527922942,394.7057894719927
1403742.15597,298.5115448885128,415.3565154281321
1403762.631134,298.5115448885128,415.3565154281321
1403762.635326,340.2584389440336,433.8942548292046
1403763.500934,421.0695547557878,460.2913346129563
1403769.863533,475.1822668459973,476.0379834689915
1403776.924442,475.1822668459973,476.0379834689915
1403784.151486,475.1822668459973,476.0379834689915
1403791.153642,475.1822668459973,476.0379834689915
1403807.519236,567.0723568587752,505.4694832557168
1403807.523131,576.756629220336,504.0198066880537
1403810.360171,581.9772509730469,505.2587225901853
1403810.360752,581.9772509730469,505.2587225901853
1403815.071421,594.880436546571,514.368800179828
1403822.774518,606.3698333234323,519.7732952159139
1403829.379767,606.3698333234323,519.7732952159139
1403840.657813,636.5510706237478,529.8137721394511
1403846.668746,690.3242460483198,552.018752832963
1403849.751711,739.9707287824659,574.2332264993562
1403857.020179,739.9707287824659,574.2332264993562
1403864.169257,739.9707287824659,574.2332264993562
1403871.297167,866.2186688600042,623.4801756582223
1403878.472554,902.2430881302004,641.7869753056781
1403884.739225,902.2430881302004,641.7869753056781
1403892.072376,902.2430881302004,641.7869753056781
1408214.196909,748.6584015094559,875.8686445075514
1408221.02212,748.6584015094559,875.8686445075514
1408228.278204,749.344559393277,861.9381497657397
1408235.197035,749.344559393277,861.9381497657397
1408254.863169,730.5706860192046,834.2434434488932
1408254.866896,683.4318297608686,798.513480700747
1408256.911006,683.4318297608686,798.513480700747
1408256.9118,683.4318297608686,798.513480700747
1408261.307371,683.4318297608686,798.513480700747
1408270.602064,683.4318297608686,798.513480700747
1408274.843554,607.2341054434421,573.766640870735
1408283.761885,590.484649520136,554.3556328091692
1408289.158956,589.403827185935,552.4506457885243
1408296.585598,567.2319505877443,527.9672501868823
1408302.847299,543.6397804108923,506.6098626583374
1408310.57518,520.1027798372681,497.0546919363224
1408318.465929,428.5194184484358,468.98625432144433
1408323.835721,416.4919671766315,462.2660643010487
1408330.902853,416.4919671766315,462.2660643010487
1408337.843212,416.4919671766315,462.2660643010487
1408344.835958,380.8507210625648,451.3038428364434
1408359.340338,351.72036890006615,443.2329441025185
1408359.343984,282.3707659531798,421.277794078618
1408365.834296,245.52839908819385,406.76461233842457
1408372.875238,237.77799887285997,402.3090599709106
1408380.152835,237.77799887285997,402.3090599709106
1408387.153993,237.77799887285997,402.3090599709106
1408397.558936,237.77799887285997,402.3090599709106
1408400.939448,237.77799887285997,402.3090599709106
1408408.15293,237.77799887285997,402.3090599709106
1408414.829071,237.77799887285997,402.3090599709106
1408430.977572,237.77799887285997,402.3090599709106
1408430.98544,234.96738635048175,394.0697812863903
1408435.891147,222.609014917988,391.43339567580654
1408443.951854,222.609014917988,391.43339567580654
1408449.913089,222.609014917988,391.43339567580654
1408456.856096,222.609014917988,391.43339567580654
1408465.885048,4.702296129342583,358.2412300875081
1408470.82959,-9.566675838749196,360.0667456396044
1408478.20549,-9.566675838749196,360.0667456396044
1408485.156458,-9.566675838749196,360.0667456396044
1408500.335589,-9.566675838749196,360.0667456396044
1408566.072305,-23.00406733549049,126.8258529892225
1408566.07289,-23.00406733549049,126.8258529892225
1408567.111619,-23.00406733549049,126.8258529892225
1408574.371453,-23.00406733549049,126.8258529892225
1408581.157783,-22.071399512187032,88.87343638729534
1408589.2827,-22.071399512187032,88.87343638729534
1408597.999583,-22.071399512187032,88.87343638729534
1408598.000159,-22.071399512187032,88.87343638729534
1408599.159826,-22.071399512187032,88.87343638729534
1408617.059235,25.21608764775079,-87.4102156300208
1408617.066103,25.21608764775079,-87.4102156300208
1408619.8031,25.21608764775079,-87.4102156300208
1487104.11559,881.7002695514892,89.45162493979538
1487113.739639,814.8429245341009,38.84314975185
1487118.391975,774.1489296224507,6.371671113024533
1487125.38635,747.4535061020787,-2.244562786396958
1487132.170879,735.1652952100011,5.964731812884946
1487139.114269,678.4103834793741,71.45435717592622
1487147.64814,678.4103834793741,71.45435717592622
1487156.746636,678.4103834793741,71.45435717592622
1487160.163161,678.4103834793741,71.45435717592622
1487168.659506,678.4103834793741,71.45435717592622
1487174.070412,678.4103834793741,71.45435717592622
1487185.582556,678.4103834793741,71.45435717592622
1487188.39777,343.0535361765226,424.5350630244547
1487195.383666,327.5811774038079,472.5160874944546
1487202.420786,327.5811774038079,472.5160874944546
1487209.40058,291.9753123805965,520.7363036400817
1487225.457339,278.0539417056093,543.2698211366779
1487225.461106,278.0539417056093,543.2698211366779
1487230.086765,277.6235906201166,550.3985748252652
1487237.395169,277.6235906201166,550.3985748252652
1487250.650618,277.6235906201166,550.3985748252652
1487251.992376,277.6235906201166,550.3985748252652
1487259.656684,277.6235906201166,550.3985748252652
1487265.094144,163.09242029358415,639.03902793356
1487272.400239,152.79562448042375,648.6332266498014
1487279.090989,139.56400525445045,657.0657293614045
1487286.395854,132.31489269447874,651.9230547864355
1487296.280803,147.55613774301946,623.3465080109684
1487300.065917,154.47978397227678,610.0154218506109
1487309.846728,156.41002596351527,602.7280439888902
1487314.080221,163.06511287371657,581.9663582683734
1487321.098519,163.06511287371657,581.9663582683734
1487331.550386,181.7804716713497,540.140987112934
1487335.390889,171.8955192410214,529.4789149752047
1487342.482757,171.8955192410214,529.4789149752047
1487349.067099,171.8955192410214,529.4789149752047
1487356.405681,171.8955192410214,529.4789149752047
1487367.940059,72.91817709302268,475.6400999967636
1487370.146411,72.91817709302268,475.6400999967636
1487377.407473,72.91817709302268,475.6400999967636
1487384.188957,-11.37216394077562,433.4319232163032
1487391.396739,-15.920902881979025,433.0316842789765
1487398.391792,-15.920902881979025,433.0316842789765
1487407.823646,-15.995751926197794,432.940855155603
1487412.389861,-15.99575195936397,432.9408551785725
1487419.386452,-15.99575195936397,432.9408551785725
1487426.077423,-15.99575195936397,432.9408551785725
1487433.961971,-15.99575195936397,432.9408551785725
1487442.110032,-15.99575195936397,432.9408551785725
1487447.40347,-15.99575195936397,432.9408551785725
1487454.394541,-15.99575195936397,432.9408551785725
1487461.391416,-15.99575195936397,432.9408551785725
1487468.407892,-15.99575195936397,432.9408551785725
1487480.982028,-15.99575195936397,432.9408551785725
1487482.387505,-15.99575195936397,432.9408551785725
1487489.421662,-15.99575195936397,432.9408551785725
1487496.400184,-15.99575195936397,432.9408551785725
1487503.548986,-15.99575195936397,432.9408551785725
1487519.939042,-15.99575195936397,432.9408551785725
1487519.942704,-15.99575195936397,432.9408551785725
1487524.247715,-15.99575195936397,432.9408551785725
1487531.065557,-15.99575195936397,432.9408551785725
1487538.54213,-15.99575195936397,432.9408551785725
1487550.11459,-15.99575195936397,432.9408551785725
1487553.964433,-15.99575195936397,432.9408551785725
1487559.257431,-15.99575195936397,432.9408551785725
1487568.192937,-15.99575195936397,432.9408551785725
1487573.219338,-18.181343188821163,432.84198944024985
1487580.194764,-18.18134311408672,432.8419896618306
1487594.952283,-17.980204387365866,433.2265357099234
1487594.955973,-17.647493724660634,434.5749441903097
1487601.069633,-17.647493815904458,434.5749450787544
1487608.39849,-17.911903939427006,434.9198877435269
1487615.066556,-17.911903939427006,434.9198877435269
1487622.071341,-16.68752980014353,434.9677517958581
1487629.733089,-16.687529526264658,434.9677518181215
1487636.070846,-17.21890967757114,434.395741231516
1487643.389235,-21.245727333526084,432.2001981277241
1487650.40743,-21.24572734178078,432.2001981277241
1487658.086722,-21.24572734178078,432.2001981277241
1487665.57686,-21.24572734178078,432.2001981277241
1487671.088805,-21.24572734178078,432.2001981277241
1487678.387884,-21.24572734178078,432.2001981277241
1487687.457853,-21.24572734178078,432.2001981277241
1487694.766881,-21.693441147901808,432.1543002612277
1487699.475358,-21.693441147901808,432.1543002612277
1487707.712675,-21.693441147901808,432.1543002612277
1487714.258258,-21.693441147901808,432.1543002612277
1487720.386078,-21.693441147901808,432.1543002612277
1487732.71904,-21.693441147901808,432.1543002612277
1487734.389417,-21.693441147901808,432.1543002612277
1487741.068821,-21.442976025058908,431.3371060784755
1487748.389008,-21.442958432984558,431.337047176813
1487755.175597,-21.628800593613335,426.30421058923486
1487768.914583,-22.436451525158358,428.1826694054343
1487769.513356,-21.114409977388508,428.7263236140683
1487776.423563,-21.172221514975448,428.99149493262286
1487783.472965,-21.172221514975448,428.99149493262286
1487790.070815,-21.496454761575205,429.7228283024106
1487799.144591,-22.494786893384177,431.0962213426301
1487805.024658,-22.624885869872397,430.4951520931552
1487811.382839,-25.54292511922996,429.67696948829166
1487818.386353,-22.58604937171708,428.7485237211331
1487825.603569,-19.20426651522817,430.3767562716009
1487838.124574,-19.721586918566917,432.8707876424586
1487839.13956,-20.641722654881544,432.58799129271193
1487849.927553,-29.323325842699614,429.2162542777383
1487853.549753,-48.54037262672109,424.0154434578439
1487860.05755,-76.94072240020449,412.06800118102217
1487872.403057,-103.4111808794107,398.611369305391
1487874.383527,-103.4111808794107,398.611369305391
1487881.507848,-113.39549189509036,393.601059952932
1487888.110158,-112.88650394708662,393.9762381279093
1487895.063261,-112.88650394708662,393.9762381279093
1487906.760881,-112.88650394708662,393.9762381279093
1487909.0818,-112.88650394708662,393.9762381279093
1487916.396391,-112.75648159580857,392.8394709008147
1487923.12877,-112.6908983025331,392.8639431597189
1487932.440984,-112.6908983025331,392.8639431597189
1487948.158063,-112.6908983025331,392.8639431597189
1487948.164361,-62.046278639340606,297.8618164877401
1487951.139893,-30.927184331100044,307.8153269616017
1487958.399776,-7.217109817038495,314.0374580921249
1487965.065205,73.64576010004131,342.25118450345815
1487973.198195,89.90376200167063,354.37425718199046
1487979.075145,112.01683821144614,358.8368589578688
1487986.47522,186.4085386546816,382.4614721064076
1487993.062769,216.656334259808,394.06000794762986
1488000.074645,216.656334259808,394.06000794762986
1488017.168935,216.656334259808,394.06000794762986
1488017.172695,216.656334259808,394.06000794762986
1488021.406405,244.8730022908173,402.4299406992075
1488028.43825,330.7708667511879,426.7671571327736
1488035.066808,346.87888596591904,430.1519025484056
1488051.293071,346.87888596591904,430.1519025484056
1488051.297125,346.87888596591904,430.1519025484056
1488056.064063,346.87888596591904,430.1519025484056
1488063.680894,346.87888596591904,430.1519025484056
1488070.063482,346.87888596591904,430.1519025484056
1488077.068659,346.87888596591904,430.1519025484056
1488088.287649,348.55502833289273,431.08704474488246
1488092.207205,410.346392296359,449.29376146689935
1488098.397366,461.93502175565374,471.18375448678063
1488105.414607,500.52654784608,487.7518554894422
1488112.385684,510.323566365001,493.1243863464608
1488124.538845,526.641224030106,496.4921050918978
1488126.460617,550.396002963923,507.5035019907419
1488134.130769,571.8767070490624,508.3792654371142
1488148.510731,614.0294613274667,522.8416608172508
1488148.527468,635.1958160866155,530.0956882715848
1488154.240257,680.3755484310872,545.8887400958203
1488161.978004,723.7081020134364,568.6485648037357
1488168.077627,766.811244306942,592.210386666807
1488176.021,844.8381990209222,631.6937345178351
1488183.020953,903.367468465402,654.8761904641069
1567277.941949,121.81641412598844,210.43233378627616
1567278.105502,121.81641412598844,210.43233378627616
1567280.651224,121.81641412598844,210.43233378627616
1567287.650208,121.81641412598844,210.43233378627616
1567294.875023,111.68012469153425,211.69247987241303
1567301.859993,111.68012469153425,211.69247987241303
1567308.544629,111.68012469153425,211.69247987241303
1567315.570814,111.68012469153425,211.69247987241303
1567322.855611,110.86403168592736,212.42607724897587
1567329.853035,110.52818263667216,211.60934598184656
1567336.870138,110.0305395225326,211.16596017178367
1567343.875446,109.38379051079482,212.20348963536017
1567350.855136,109.03665816698955,212.80585253700613
1567358.169154,108.5173186848314,213.0705398937289
1567365.750459,107.9096014771022,215.963502489306
1567371.870386,107.2739193354622,219.6122416354476
1567378.703677,106.1102337609026,223.50100038965945
1567385.854316,104.88338132164952,226.75824701815893
1567392.862321,104.70509351275687,228.1520580462316
1567399.85325,104.77771499484908,230.5146577142283
1567406.884092,104.51490242773345,231.363892706468
1567413.53322,104.47736919118988,231.5726046250538
1567420.855336,106.30516735269198,230.6278706877983
1567427.85154,107.03292958379409,230.69922966181056
1567435.123699,107.16368982534108,230.36792159488408
1567442.537637,108.2786966599506,229.69015175222805
1567448.535241,107.96436382522928,231.0271267153744
1567455.862365,108.19199567199227,228.99345269562212
1567462.870098,108.21763025444272,226.9177546673372
1567469.592694,107.45311947880856,225.99905084307795
1567476.541111,106.80956219426716,226.91028471876848
1567483.534836,107.94919213847004,222.9355822890776
1567490.870347,108.18635310358223,222.53314442810955
1567497.862741,107.97158107201425,223.94178777103613
1567504.531544,109.10204952350377,224.67624931872317
1567513.159761,109.6895165027753,223.6898699076583
1567518.667868,109.66193152553647,221.3354520801118
1567525.604292,108.90928114954431,220.93127430907705
1567532.91376,108.90928114954431,220.93127430907705
1567540.191035,108.77494279283933,220.87331261961648
1567547.493626,108.8276014623046,220.32987742138477
1567553.866598,109.20293643312672,219.8485079327097
1567560.850481,109.20293643312672,219.8485079327097
1567567.867352,109.20293643312672,219.8485079327097
1567574.850285,109.20293643312672,219.8485079327097
1567581.843401,109.20293643312672,219.8485079327097
1567589.150841,109.20293643312672,219.8485079327097
1567595.542259,109.20293643312672,219.8485079327097
1567602.855408,109.20293643312672,219.8485079327097
1567609.86346,109.20293643312672,219.8485079327097
1567616.604712,109.20293643312672,219.8485079327097
1567623.854388,109.20293643312672,219.8485079327097
1567630.852843,109.20293643312672,219.8485079327097
1567637.855548,109.20293643312672,219.8485079327097
1567644.846214,109.20293643312672,219.8485079327097
1567651.870587,109.20293643312672,219.8485079327097
1567658.701545,109.20293643312672,219.8485079327097
1567666.160612,109.20293643312672,219.8485079327097
1567672.993201,109.20293643312672,219.8485079327097
1567679.847138,109.20293643312672,219.8485079327097
1567686.864659,109.20293643312672,219.8485079327097
1567693.858413,109.20293643312672,219.8485079327097
1567700.85501,109.20293643312672,219.8485079327097
1567707.866974,109.20293643312672,219.8485079327097
1567714.848343,109.20293643312672,219.8485079327097
1567721.850489,109.20293643312672,219.8485079327097
1567728.533596,109.20293643312672,219.8485079327097
1567736.140777,109.20293643312672,219.8485079327097
1567742.544222,102.45430683853137,228.9566311069912
1567749.547938,102.88358657155696,232.1466820999616
1567756.856949,102.88358657155696,232.1466820999616
1567763.532329,102.88358657155696,232.1466820999616
1567771.533215,102.88358657155696,232.1466820999616
1567777.850517,102.88358657155696,232.1466820999616
1567784.934184,102.88358657155696,232.1466820999616
1567791.610012,103.99613273155488,232.74106453230996
1567798.859205,103.99613273155488,232.74106453230996
1567805.851626,103.99613273155488,232.74106453230996
1567812.843117,103.99613273155488,232.74106453230996
1567819.937289,103.99613273155488,232.74106453230996
1567826.867609,103.99613273155488,232.74106453230996
1567833.531758,103.99613273155488,232.74106453230996
1567840.84694,103.99613273155488,232.74106453230996
1567847.842008,103.99613273155488,232.74106453230996
1567854.851366,103.99613273155488,232.74106453230996
1567861.531682,103.99613273155488,232.74106453230996
1567868.854504,103.99613273155488,232.74106453230996
1567875.853865,103.99613273155488,232.74106453230996
1567884.363282,103.99613273155488,232.74106453230996
1567889.528984,103.99613273155488,232.74106453230996
1567897.193567,103.99613273155488,232.74106453230996
1567904.614449,103.99613273155488,232.74106453230996
1567910.878924,-66.07519621508786,216.3103869071812
1567918.691112,-66.25223494100882,215.31227058732597
1567924.85385,-66.25223494100882,215.31227058732597
1567931.857056,-69.24519727913899,227.868771040398
1567938.856282,-68.50492952345427,230.0400908397229
1567945.5462,-74.22890504119017,246.31147582260263
1567952.864772,-72.65470048932846,266.0817912506084
1567959.840837,-32.2567794341694,282.04083853141594
1567966.851027,-32.2567794341694,282.04083853141594
1567974.162731,-6.5183937141682815,293.40660485162283
1567981.46227,8.359038422088192,299.7528238569095
1567987.843688,24.916839452141865,305.95980919413887
1567994.851757,24.916839452141865,305.95980919413887
1568001.856051,24.916839452141865,305.95980919413887
1568008.864168,77.38052028612631,332.0957788877954
1568015.523855,92.95991056407652,336.8527593387681
1568022.559584,92.95991056407652,336.8527593387681
1568029.851847,92.95991056407652,336.8527593387681
1568036.842762,92.95991056407652,336.8527593387681
1568043.850191,92.95991056407652,336.8527593387681
1568050.63456,92.95991056407652,336.8527593387681
1568057.856542,92.95991056407652,336.8527593387681
1568064.850372,92.95991056407652,336.8527593387681
1568071.848348,326.1362860247556,429.73845822511873
1568078.648293,326.1362860247556,429.73845822511873
1568085.849834,326.1362860247556,429.73845822511873
1568092.841632,326.1362860247556,429.73845822511873
1568099.852008,326.1362860247556,429.73845822511873
1568106.596007,340.3682406582745,439.7949924859873
1568114.59425,344.6487655911025,440.08778709817256
1568120.859922,344.8529333508871,450.9268934960703
1568128.135369,344.8529333508871,450.9268934960703
1568134.549808,301.4285555036078,507.9335553958452
1568141.851234,270.1774781240443,555.9310989270763
1568148.845563,270.1774781240443,555.9310989270763
1568155.536817,270.1774781240443,555.9310989270763
1568162.855279,270.1774781240443,555.9310989270763
1568169.522478,182.8982355248256,651.595043400944
1568176.854741,129.16656267241206,669.1482521857952
1568183.856525,115.9693373669743,692.2490247506662
1568190.859767,109.992401207959,703.2163250574166
1568197.849696,109.992401207959,703.2163250574166
1568205.057306,109.992401207959,703.2163250574166
1568211.84369,109.992401207959,703.2163250574166
1568218.861953,79.57872755526,741.1424442028454
1568225.854481,74.91421932521854,757.9304813394946
1568232.846459,72.71346654932842,761.4870322461226
1568239.854941,54.495429658847165,789.4980040421752
1568246.528808,44.19977039645353,801.1504120608909
1568254.011135,17.251993025699345,826.1695419203395
1568260.994538,17.251993025699345,826.1695419203395
1568269.023162,-27.12292134946757,866.70614700734
1568274.913759,-27.12292134946757,866.70614700734
1568841.973315,-134.90744955622222,389.90825058111966
1568856.791999,-134.90744955622222,389.90825058111966
1568856.798109,-134.90744955622222,389.90825058111966
1570569.998373,-150.00344486080027,48.27234349238179
1570577.30355,-148.27743272471315,84.45090639194675
1570584.730101,-148.27743272471315,84.45090639194675
1570591.39758,-135.29301445130676,108.36731639902818
1570598.994953,-135.29301445130676,108.36731639902818
1570605.607785,-135.29301445130676,108.36731639902818
1570616.250072,-135.29301445130676,108.36731639902818
1570619.317603,-135.29301445130676,108.36731639902818
1570626.761184,-135.29301445130676,108.36731639902818
1570632.980123,-77.28481576973739,217.6723414233138
1570640.307582,-72.03496409647016,216.41235174706227
1570647.317275,-69.15371055090813,215.8520797128156
1570654.366597,-66.05874939737976,215.58254145708733
1570661.302126,-60.47770088927447,219.9176096019451
1570668.437712,-60.47770088927447,219.9176096019451
1570676.387331,-60.47770088927447,219.9176096019451
1570682.320213,-56.61144999821459,293.4306881908516
1570688.989203,-42.26967329956311,294.4867590987996
1570696.439048,-9.898403175916174,293.563672179305
1570705.467786,-9.898403175916174,293.563672179305
1570709.983751,1.675485915334735,330.4078111454645
1570717.29245,4.095455756601562,342.1679473429808
1570724.323687,-3.1043703302123373,354.2140085114807
1570731.31926,-9.330599146381353,356.06594526744993
1570738.31013,-9.330599146381353,356.06594526744993
1570745.07022,-9.330599146381353,356.06594526744993
1570752.018284,-62.98237250544446,344.66732205703363
1570759.211554,-62.98237250544446,344.66732205703363
1570766.752331,-62.98237250544446,344.66732205703363
1570772.978861,-62.98237250544446,344.66732205703363
1570779.988703,-61.8708653102408,344.878011560718
1570786.971657,-61.87086433102804,344.8780117388324
1570794.297185,-61.87086433102804,344.8780117388324
1570801.296752,-61.87086433102804,344.8780117388324
1570808.84685,-61.87086433102804,344.8780117388324
1570815.626121,-61.87086433102804,344.8780117388324
1570823.050162,-61.87086433102804,344.8780117388324
1570829.295205,-55.6040637853672,344.5502848208632
1570836.769547,-55.59561456655125,344.5428808792756
1570844.768904,-55.33925298442497,344.5712001956281
1570850.308996,-55.103219517161534,344.6046270606871
1570857.29517,-54.8440977129946,344.42205404447225
1570864.3198,-54.85785739054211,344.5998666296733
1570871.297566,-54.7763372937584,338.8611294207395
1570877.989821,-52.802991956999946,335.8536565603614
1570885.29331,-51.68725554678314,332.5893260722044
1570892.300902,-51.68725554678314,332.5893260722044
1570898.9869,-51.55523824793194,331.2230822873766
1570906.303637,-51.381659968898745,331.1778310859734
1570913.661709,-50.77947170270501,330.00561544101595
1570921.571667,-50.77947170270501,330.00561544101595
1570927.308233,-50.77947170270501,330.00561544101595
1570934.081691,-50.64762690627056,330.1429257898451
1570941.301362,-50.24571421556366,331.3118098479865
1570948.302963,-49.87985524650065,331.4268235947936
1570955.307121,-50.4799643383793,332.0448059548869
1570962.298859,-49.63571716711301,331.69756925533966
1570969.304,-48.65906070763654,331.1225628781275
1570976.299401,-48.65906070763654,331.1225628781275
1570983.300405,-48.86950597099163,331.5121865815724
1570990.538615,-52.47014899650255,332.916216183917
1570996.990331,-55.37713135861493,334.65912822221014
1571004.298365,-55.63628029786919,334.66909654447466
1571010.981033,-55.410003974638485,335.17607611552063
1571018.852027,-54.260941278805696,335.0168079755727
1571025.311675,-54.33651972437401,335.1027851979836
1571032.302916,-53.967900632916745,336.1503015695221
1571039.423078,-53.93593265900653,336.1065116774025
1571046.304866,-53.93593293273799,336.1065116335813
1571053.300136,-54.0531285204615,336.8979447643389
1571059.973326,-53.78306888294456,337.06362038975846
1571067.58726,-53.78306888294456,337.06362038975846
1571075.176183,-53.78306888294456,337.06362038975846
1571081.800297,-52.847286555236025,336.6097281169453
1571088.021204,-52.847286555236025,336.6097281169453
1571095.396097,-52.138292282525136,336.9328420581168
1571102.318146,-52.1393719165818,336.886077453739
1571109.30238,-52.1393719165818,336.886077453739
1571116.294475,-52.15247630384219,337.8519542642832
1571122.977247,-52.6965558168256,339.3688563388141
1571130.2985,-53.48613830121874,338.2734326656339
1571137.295714,-52.34022032344094,335.4143668640025
1571145.094329,-51.92543712948217,337.4533937651236
1571151.972984,-51.9254371045707,337.4533938322709
1571158.141075,-52.096598008826845,336.8285874514178
1571165.298147,-54.2204143095898,334.3038169427382
1571172.517061,-54.09767160746639,334.28396644372424
1571178.990942,-54.09766759111674,334.2839681319097
1571186.299005,-52.00352818788916,329.9718937155858
1571193.302275,-51.47076811645523,329.5442208471456
1571200.313745,-50.38525775214105,331.70034347462285
1571207.307994,-50.4499650899794,332.5100176639599
1571214.301048,-50.03005211347183,332.90593960297974
1571221.580747,-49.11346492578365,334.2174752066243
1571230.277071,-49.11346492578365,334.2174752066243
1571234.98503,-49.48865871986772,336.3563584941722
1571242.088033,-51.38033367979405,339.2429360032491
1571249.294056,-51.45381626359863,339.28238419200653
1571256.30584,-51.45424117163535,339.2829208451657
1571263.301636,-51.45424117163535,339.2829208451657
1571270.328534,-51.90673249443594,339.89411897200443
1571277.291074,-51.06047821850305,340.64132237430044
1571284.298789,-50.18899768860774,339.3307607434347
1571291.299927,-50.19197789537757,338.48719723368845
1571297.971448,-50.17816350779814,339.08397692880106
1571305.29929,-51.64293644420038,341.51550588834834
1571312.309192,-54.58126910553416,341.1198255022005
1571318.989522,-55.108351075648045,341.2457003858768
1571326.294346,-55.422675081099015,342.2428112314485
1571333.298291,-55.58070501901963,344.02388226758626
1571340.325703,-55.32789200217197,344.0405406980292
1571347.296371,-55.68662806643465,343.9323337695389
1571354.297822,-55.162278685486605,342.559865366088
1571361.302929,-54.95794757591139,341.7234775518325
1571367.97872,-54.95794757591139,341.7234775518325
1571375.666945,-54.95794757591139,341.7234775518325
1571383.874058,-54.95794757591139,341.7234775518325
1571389.118125,-55.376683348349815,344.00985360863604
1571396.296156,-55.3372015343758,344.9956207150144
1571404.178264,-55.3372015343758,344.9956207150144
1571410.307319,-55.58528518032479,347.75097904300185
1571417.293398,-55.58575615160408,347.7514674572483
1571423.973259,-55.7860539496048,348.96514318307624
1571431.302397,-55.87215214151485,349.5317472924067
1571438.293277,-56.39765973204391,351.65685523759134
1571445.301216,-57.01342229457446,353.7405267876978
1571451.989774,-57.797095092422914,355.8110350769774
1571460.866302,-60.78839441814201,358.2293367083223
1571466.015089,-61.18359114648558,359.58440172583084
1571473.297093,-61.24266498590328,360.532745242717
1571480.313516,-61.2426564387598,360.53272773888216
1571487.133927,-61.410577635865735,361.1370839433348
1571494.295973,-61.84664872003192,362.63782625405736
1571501.300826,-62.22072558801487,364.5397987951084
1571508.035134,-62.395966854407625,365.5888000493562
1571515.295336,-63.50247748599183,367.9630268155352
1571521.98879,-64.63667270609425,370.50212457808544
1571529.571544,-66.74455134854007,371.9745024551224
1571537.248771,-67.51308369375802,373.7643353753777
1571542.974447,-68.28850565720052,375.0751805864311
1571550.295278,-68.47814734489197,377.1954995511851
1571557.315001,-68.85663973008145,379.1138955403854
1571564.302132,-68.29134734243355,383.3209921565759
1571571.005494,-67.34826828808848,386.2752067670793
1571579.514544,-66.62685933914439,389.0604105343918
1571586.994879,-66.71015798395784,391.6538393063847
1571591.973803,-66.87669643104782,392.4507157724318
1571599.072557,-66.93660380563391,394.8112626637313
1571605.99896,-66.04785112979829,395.2785632939057
1571613.196378,-66.04785112979829,395.2785632939057
1571620.457532,-67.93511482116851,397.72953257119417
1571628.129239,-68.52692510709021,396.9034874076368
1571634.322479,-66.37341131275585,393.9082619814032
1571642.215371,-67.60702097281352,392.6777400398357
1571648.374229,-67.73709804223346,392.76809272650473
1571655.072078,-67.3329584116013,388.9222177101747
1571662.6658,-67.3329584116013,388.9222177101747
1571669.033607,-66.25311438169624,381.30537108247984
1571676.040282,-66.09377420341326,381.00158044083565
1571683.012641,-65.7157030004462,380.495296629373
1571690.300554,-65.7157030004462,380.495296629373
1571697.024308,-65.7157030004462,380.495296629373
1571704.310293,4.015674094321166,344.11908159346103
1571710.975612,2.0950533559103723,362.49268795490366
1571718.298567,-1.0831645282387845,366.0659694507551
1571724.970022,-1.0831645282387845,366.0659694507551
1571733.086519,-1.0831645282387845,366.0659694507551
1571739.117689,-1.0831645282387845,366.0659694507551
1571794.029503,-121.8839700781343,387.7545845328536
1571794.030059,-121.8839700781343,387.7545845328536
1571795.654257,-121.8839700781343,387.7545845328536
1649705.886866,-0.5972109874539455,72.99514528285538
1649705.887487,-0.5972109874539455,72.99514528285538
1649706.871979,-0.5972109874539455,72.99514528285538
1649714.852087,-32.292001902625024,135.84621863828946
1649720.835048,-70.29256304719995,241.27870128892823
1649728.159474,-65.26736341235352,288.8504490180087
1649736.477219,-10.338683791784264,310.27041599504577
1649742.167798,83.71636203299813,344.9451737255249
1649749.16749,172.46837675981362,379.0652001230416
1649756.168374,260.1773340998991,402.9853911906128
1649763.068386,313.53417995497693,419.8578499495568
1649771.082519,313.53417995497693,419.8578499495568
1649776.853918,313.53417995497693,419.8578499495568
1649784.37672,313.53417995497693,419.8578499495568
1649790.834092,313.53417995497693,419.8578499495568
1649798.166969,337.6993416125017,434.46899728238446
1649805.174411,393.1876478327882,448.3632170108121
1649812.325481,439.6507121345412,467.0600634372551
1649819.622906,486.2780973573202,483.6144488799516
1649826.178476,536.9303740223218,502.0193985930785
1649832.833973,536.9303740223218,502.0193985930785
1649839.848927,536.9303740223218,502.0193985930785
1649847.152968,546.2336380345458,503.4094344288917
1649854.16454,546.2336380345458,503.4094344288917
1649861.159912,546.2336380345458,503.4094344288917
1649868.150735,546.2336380345458,503.4094344288917
1649875.165347,546.2336380345458,503.4094344288917
1649881.84942,567.5458124260348,513.3214463566321
1649888.834186,620.2380196462419,530.1468502856105
1649896.155912,640.2388913555343,551.8845492048538
1649902.914354,633.5507994630556,570.2927298410865
1649910.154716,633.5507994630556,570.2927298410865
1649916.898478,633.5507994630556,570.2927298410865
1649924.189488,633.5507994630556,570.2927298410865
1649931.155092,633.5507994630556,570.2927298410865
1649938.155877,608.4830035527788,599.982733809271
1649945.234349,562.1236872998224,669.238483124841
1649951.837572,610.2943965849886,767.2677137858398
1649958.832461,706.5768223512655,800.9898121908008
1649967.873948,732.8551174351626,814.0559003954522
1649973.155714,750.2919669406518,874.8253680997036
1743956.92318,-30.188537026490344,64.79304224318011
1743965.502536,-29.70999534952204,64.31338961252919
1743970.92718,-29.67718161716131,64.40301623560283
1743977.645291,-30.15178916237937,65.99757632323734
1743984.924772,-31.04319888089348,71.93036165206786
1743991.601311,-38.73497434701777,100.81801371343562
1743998.945137,-76.0210753518132,206.59691621973025
1744005.933412,-76.87191279286792,277.35922770151655
1744013.218914,-14.417133649408708,315.8756589790139
1744019.599957,-9.734436482695523,318.1328152169904
1744028.964302,-9.734436482695523,318.1328152169904
1744033.946152,6.27307749306603,325.7886601941621
1744040.926949,25.914380718019665,333.1209334524078
1744047.927016,25.914380718019665,333.1209334524078
1744061.156057,25.914380718019665,333.1209334524078
1744061.794571,215.1048827323596,394.0867668449857
1744068.926283,215.1048827323596,394.0867668449857
1744075.681341,215.1048827323596,394.0867668449857
1744082.926755,221.90867265496945,391.519755914269
1744094.976226,259.14089089667334,405.1274083672996
1744098.295375,334.78951127601323,434.1166897856743
1744103.630589,384.8878942425193,449.2987735745738
1744110.657561,458.8632206120951,472.33847069091456
1744117.598917,458.8632206120951,472.33847069091456
1744127.480121,458.8632206120951,472.33847069091456
1744131.657374,458.8632206120951,472.33847069091456
1744138.638408,638.1607218925201,507.6557546151533
1744145.922335,646.768974412348,528.2295256364678
1744152.925816,646.768974412348,528.2295256364678
1744178.775678,566.9632179864454,708.0521870061551
1744178.785145,566.9632179864454,708.0521870061551
1744178.790931,566.9632179864454,708.0521870061551
1744179.274706,708.2029182299585,820.1626123481026
1744179.275381,708.2029182299585,820.1626123481026
1744188.798141,708.2029182299585,820.1626123481026
1744195.808268,715.7892988345127,826.2216271299714
1744203.305986,715.7892988345127,826.2216271299714
1744210.092398,743.1808414629007,880.7850498272757
1744217.083029,740.5241581889607,893.4644220992196
1744225.565763,740.5241581889607,893.4644220992196
1744231.816915,740.5241581889607,893.4644220992196
1744578.522625,735.3177446246671,859.1094686634927
1744581.845898,735.3177446246671,859.1094686634927
1744587.818469,651.0401842334271,773.0829100774224
1744594.772164,553.8888012728887,695.496019755315
1744602.615706,572.7900181494108,630.6223382020842
1744609.163505,572.7900181494108,630.6223382020842
1744615.894503,608.094278671303,547.4196483172364
1744641.264594,582.4434291731143,522.8192299793101
1744641.265163,582.4434291731143,522.8192299793101
1744642.112518,582.4434291731143,522.8192299793101
1744649.445654,582.4434291731143,522.8192299793101
1744656.112807,582.4434291731143,522.8192299793101
1744663.741743,582.4434291731143,522.8192299793101
1744670.741686,582.4434291731143,522.8192299793101
1744677.613347,582.4434291731143,522.8192299793101
1744684.432673,577.077162285411,516.5943912266647
1744691.448686,576.2726122665539,510.2394245269093
1744699.224142,579.7482543300514,500.5115817046323
1744707.891486,579.7482543300514,500.5115817046323
1744712.152071,675.3891418175183,405.4848140038325
1744721.535842,718.4412422739432,373.7303461758553
1744726.345664,734.2122856472597,362.1549868496221
1744747.476639,759.9459140043892,342.1577353512481
1744747.477232,759.9459140043892,342.1577353512481
1744748.309226,759.9459140043892,342.1577353512481
1744756.545818,759.9459140043892,342.1577353512481
1744825.290018,875.3366528942198,117.49286094840518
1744832.299654,875.3366528942198,117.49286094840518
1744839.292593,858.5287725298259,107.9481591975502
1744846.614394,818.3025152929451,96.19246288971227
1744853.626731,741.9041256877804,28.39223275797116
1744860.308399,688.9631362774035,-46.36341311949204
1819083.985902,671.2852373695356,-90.91727616443178
1819091.261372,694.7784925655483,-68.84445421854599
1819097.977711,694.7784925655483,-68.84445421854599
1819105.548711,697.5223748095849,-67.2202085480215
1819111.933844,714.1467452841404,-56.20704686088469
1819119.02222,727.647452987197,-46.600565332652224
1819126.257803,780.2054153763695,-2.6526367758000897
1819134.040665,801.9943927450274,17.421194294132626
1819140.604844,822.7631160113417,38.33742097005145
1819146.932092,857.2047847802518,70.51279911736783
1819154.42536,857.2047847802518,70.51279911736783
1819161.459919,857.2047847802518,70.51279911736783
1819168.519874,857.2047847802518,70.51279911736783
1819175.836072,857.2047847802518,70.51279911736783
1819184.274795,877.2459536896778,70.85759947998375
1819190.513031,889.5936018326072,58.25961844111112
1819316.772083,861.2079540729595,88.93497759410512
1819322.045518,816.2408933971572,51.1373621920627
1819329.273829,774.9973760259948,21.836186035066373
1819336.559132,747.477256591981,6.560100368062599
1819344.792541,717.7743086068986,38.14786950808115
1819350.261887,683.5573910626571,75.16601992413067
1819357.189474,683.5573910626571,75.16601992413067
1819363.93288,683.5573910626571,75.16601992413067
1819370.948544,683.5573910626571,75.16601992413067
1819378.024537,683.5573910626571,75.16601992413067
1819385.647714,418.4836252329763,372.35954208896345
1819392.252533,400.0983911935581,399.0685035297193
1819398.978825,374.62125489798814,425.23124509143474
1819405.93412,348.5846997451769,439.8462418619246
1819413.831567,336.4395970817764,433.7000085273109
1819419.94905,314.29285843252376,427.0946860738829
1819427.437494,268.2638053737113,412.2044028256354
1819434.256515,212.46739813034907,391.8325753426525
1819440.994636,181.207089367622,383.79113168473873
1819448.319366,181.207089367622,383.79113168473873
1819455.256264,28.414734743733707,336.0474450386506
1819464.535867,7.031756344173174,346.41806045004165
1819468.948452,7.031756344173174,346.41806045004165
1819476.25421,4.559739799125514,354.28510455911254
1819483.253258,0.4223350812254557,361.5222081969637
1819490.567387,-9.83208558537215,362.2599263725821
1819498.845348,-34.811874846841874,354.66592205969374
1819504.254308,-38.80456711954314,330.12642803539853
1819507.673502,-38.80456711954314,330.12642803539853
1819510.950244,-38.80456711954314,330.12642803539853
1819517.949735,-34.35240500735639,327.928204728677
1819525.255724,-25.593282256428427,322.31702750484044
1819532.250729,-24.14621161853015,322.1563214611237
1819539.258748,-23.665038822454594,322.69323111461944
1819546.253124,-23.61434339355047,322.1297660941407
1819553.257057,-23.61434339355047,322.1297660941407
1819560.270157,-23.61434339355047,322.1297660941407
1819566.939348,-23.61434339355047,322.1297660941407
1819574.254723,-23.61434339355047,322.1297660941407
1819581.252372,-23.61434339355047,322.1297660941407
1819588.051646,-23.61434339355047,322.1297660941407
1819595.252903,-23.61434339355047,322.1297660941407
1819602.252382,-23.61434339355047,322.1297660941407
1819609.347126,-25.475148916875696,322.0369803191848
1819616.260797,-25.61216229836372,322.1344548392439
1819623.254372,-25.91756722574606,322.44390503857346
1819630.088593,-25.91756722574606,322.44390503857346
1819637.303502,-25.91756722574606,322.44390503857346
1819645.051785,-34.796749405665025,322.6688519913082
1819650.935842,-37.13577658689347,323.4044628302483
1819657.945624,-37.14021626012904,323.40578381246246
1819665.252147,-38.49127385531472,322.42283924169124
1819673.264912,-39.910073406202606,321.3529266725259
1819679.270203,-40.27180358491762,321.0286421452117
1819686.86965,-40.27180358491762,321.0286421452117
1819695.14369,-41.11149263490694,319.9225460112773
1819702.229101,-41.11149263490694,319.9225460112773
1819708.62025,-43.94010921084002,319.1666698820269
1819714.254883,-43.96398575006221,318.7296212847231
1819721.717304,-43.96398575006221,318.72962127306016
1819729.243606,-44.301012260616574,318.6323888238261
1819735.254985,-44.301012260616574,318.6323888238261
1819742.260726,-44.301012260616574,318.6323888238261
1819749.261241,-44.301012260616574,318.6323888238261
1819756.005644,-44.301012260616574,318.6323888238261
1819763.803654,-44.301012260616574,318.6323888238261
1819770.25203,-44.301012260616574,318.6323888238261
1819777.258597,-44.301012260616574,318.6323888238261
1819785.570505,-44.301012260616574,318.6323888238261
1819791.31202,-44.301012260616574,318.6323888238261
1819798.553656,-44.301012260616574,318.6323888238261
1819807.118796,-43.01717089855019,318.56830058353825
1819811.935496,-41.23566267299402,319.247801035084
1819819.250571,-38.79737216160438,319.8707819633293
1819825.931302,-38.79737216160438,319.8707819633293
1819832.929509,-38.79737216160438,319.8707819633293
1819840.253299,-38.79737216160438,319.8707819633293
1819847.043016,-38.79737216160438,319.8707819633293
1819854.252074,-38.79737216160438,319.8707819633293
1819861.277323,-38.79737216160438,319.8707819633293
1819867.968649,-38.79737216160438,319.8707819633293
1819874.935118,-38.79737216160438,319.8707819633293
1819882.854209,-40.97188520229965,319.5127156332596
1819889.257148,-40.97190909285107,319.51271117902155
1819896.255469,-41.031002814578144,319.6210700046148
1819902.952608,-39.21536927210962,320.0797373445204
1819910.254351,-37.47193081814799,320.45351844221165
1819917.261539,-37.47193081814799,320.45351844221165
1819924.255812,-37.46896619535139,320.3827465931732
1819930.925235,-37.26405201445811,320.1619846330105
1819939.457333,-36.95096817971427,319.99892938614755
1819944.944011,-38.05865062977736,319.5829170191082
1819953.450477,-38.05865057995441,319.5829169858903
1819959.083047,-38.05865057995441,319.5829169858903
1819968.613518,-42.93978398184213,317.82074797774584
1819972.93527,-43.87717716794613,317.7017896449122
1819980.396503,-45.853907446670746,317.3896249507631
1819986.927977,-48.76419464014744,318.1199077125945
1819994.739048,-48.99345183376662,318.0739594835794
1820000.921537,-50.23323972612721,317.78436935879046
1820007.917685,-50.23326866176921,317.7843603944809
1820015.126887,-51.81554860813741,317.0636880628465
1820021.951434,-53.00189625074346,316.69146429927974
1820030.259652,-55.62650449130557,315.83395001094226
1820035.947871,-56.667163375253175,315.61383710997313
1820043.256299,-56.667163375253175,315.61383710997313
1820050.327643,-56.667163375253175,315.61383710997313
1820056.931226,-56.667163375253175,315.61383710997313
1820064.265326,-56.667163375253175,315.61383710997313
1820071.5315,-56.667163375253175,315.61383710997313
1820078.73488,-57.356412280568335,316.1350797513556
1820085.259592,-57.356412280568335,316.1350797513556
1820092.317731,-57.356412280568335,316.1350797513556
1820099.165093,-57.356412280568335,316.1350797513556
1820107.096594,-56.33709334135663,316.6568255357155
1820113.046514,-56.33356473312146,316.6585660791495
1820120.256045,-56.33356473312146,316.6585660791495
1820127.255634,-56.33356473312146,316.6585660791495
1820133.932495,-56.33356473312146,316.6585660791495
1820142.919814,-56.33356473312146,316.6585660791495
1820147.939617,-56.33356473312146,316.6585660791495
1820155.251564,-56.33356473312146,316.6585660791495
1820162.252042,-53.801612450385456,316.3284830753942
1820171.176393,-52.52504040614373,316.3645770515062
1820176.585663,-52.12361939066195,316.3716992929193
1820185.191332,-52.123618892727166,316.37169926994824
1820189.929178,-52.123618892727166,316.37169926994824
1820196.999937,-52.123618892727166,316.37169926994824
1820204.255064,-52.123618892727166,316.37169926994824
1820211.332071,-52.123618892727166,316.37169926994824
1820218.257571,-48.279636877200645,312.8630732779284
1820225.267929,-48.279636877200645,312.8630732779284
1820232.265255,-48.279636877200645,312.8630732779284
1820240.60667,-47.81858391184386,312.7976678207418
1820246.257425,-47.81858391184386,312.7976678207418
1820252.973694,-47.81858391184386,312.7976678207418
1820260.539658,-47.81858391184386,312.7976678207418
1820268.125335,-47.67845377727955,312.6684652196968
1820274.257283,-47.67845377727955,312.6684652196968
1820281.255844,-47.67845377727955,312.6684652196968
1820288.258915,-47.67845377727955,312.6684652196968
1820294.969581,-47.67845377727955,312.6684652196968
1820305.579791,-46.61193120663139,312.6207634854256
1820310.62704,-46.61193103239843,312.6207635967463
1820316.292025,-46.12238584200679,312.1422357215947
1820324.592058,-46.56850380103669,312.09435539486066
1820330.026948,-46.50635320561796,312.1518636438095
1820337.01405,-46.45837789363051,312.2015436156575
1820344.254795,-46.45837789363051,312.2015436156575
1820351.251966,-46.45837789363051,312.2015436156575
1820358.291523,-46.236050473035576,312.1656303072589
1820365.25426,-46.236050473035576,312.1656303072589
1820372.32367,-46.236050473035576,312.1656303072589
1820379.264949,-46.236050473035576,312.1656303072589
1820386.266129,-45.88393803725008,312.1608864814682
1820393.695272,-46.19227673478123,311.8532719869148
1820401.245698,-46.18937294596587,311.8522374682342
1820407.258596,-45.827499432787135,311.84743298616235
1820414.622918,-45.48618977755413,311.8433646415843
1820421.03606,-45.48618977755413,311.8433646415843
1820428.253344,-45.48618977755413,311.8433646415843
1820435.254872,-45.48618977755413,311.8433646415843
1820442.253138,-45.48618977755413,311.8433646415843
1820448.971598,-45.48618977755413,311.8433646415843
1820456.25752,-45.48618977755413,311.8433646415843
1820463.251792,-45.47274597005377,311.84141320574963
1820469.92717,-45.47274602813143,311.84141321705846
1820476.943416,-45.47274602813143,311.84141321705846
1820484.26381,-45.47274602813143,311.84141321705846
1820490.974733,-45.47274602813143,311.84141321705846
1820498.253446,-45.47274602813143,311.84141321705846
1820505.265813,-46.32213177820541,312.0645648634973
1820511.974335,-46.32213177820541,312.0645648634973
1820519.250858,-46.43790917439524,312.04611491992915
1820525.927167,-46.62288054112523,312.05780663648284
1820533.061921,-46.99073153707165,312.0819900291144
1820540.707003,-47.25899695134193,311.76251994106235
1820551.273871,-47.22928521812364,311.6494771710598
1820554.398597,-47.238567416095655,312.92688198393944
1820562.545586,-47.238567416095655,312.92688202740726
1820567.998631,-47.33721046603456,312.9692273122833
1820575.25343,-45.0605558811673,312.9387778391019
1820582.251777,-44.44122302862955,313.0827520778228
1820589.268853,-44.44122302862955,313.0827520778228
1820596.253135,-44.44122302862955,313.0827520778228
1820603.269273,-43.89483114614604,312.6988128532793
1820610.251986,-43.19866737946225,312.15431100148413
1820617.425405,-41.87907557754146,311.23026710867344
1820625.425686,-11.980714343331888,313.3664536299035
1820631.403984,-1.986041321104572,320.06067208683595
1820638.255519,20.841531565828078,327.426158289053
1820645.547016,40.71263280964851,332.1019543230577
1820654.451439,40.71263280964851,332.1019543230577
1820659.416298,111.8573223690552,353.5437762282591
1820659.42469,111.8573223690552,353.5437762282591
1820665.925118,143.40191716291977,360.5264444063226
1820673.027725,177.9926342561618,368.97250777768494
1820680.330876,223.96498282542387,381.6390669507609
1820687.612776,271.22429858567926,398.4902496300216
1820696.130385,313.6890635318274,418.5440288211333
1820700.936685,381.310791274744,449.7926853972896
1820708.251794,427.61269679606215,471.2597275147159
1820715.344778,449.7916441279546,481.02915910052536
1820721.924694,498.4854475432463,497.13536985269246
1820729.267241,498.4854475432463,497.13536985269246
1820736.265663,498.4854475432463,497.13536985269246
1820743.252362,498.4854475432463,497.13536985269246
1820750.874352,498.4854475432463,497.13536985269246
1820757.252845,498.4854475432463,497.13536985269246
1820764.249742,498.4854475432463,497.13536985269246
1820771.529861,514.0648799996585,511.4879475288705
1820778.254971,527.0923803254649,513.9549100830485
1820784.926647,575.9222424229735,528.3561291652029
1820792.477903,602.8738384582302,532.8191855885825
1820798.969789,630.0741355130815,541.2030487573429
1820807.093515,641.128586744704,549.8610761133558
1820813.080743,630.2606902793814,577.8965948296066
1820821.719213,620.9498411149094,597.7251882971711
1820826.954072,571.4095926238285,683.9909059006924
1820833.927871,622.4586946545273,765.2989541282807
1820841.500079,622.4586946545273,765.2989541282807
1820847.972493,706.3774412611801,800.9044374230983
1820854.973979,706.3774412611801,800.9044374230983
1820862.971186,706.3774412611801,800.9044374230983
1820868.966779,706.3774412611801,800.9044374230983
1820876.621923,738.3526860008988,818.137467322029
1820882.924002,749.0280633990791,828.716287740895
1824390.574327,-144.61381829810838,30.883326936346563
1824397.512339,-144.61381829810838,30.883326936346563
1824407.23417,-145.10125863971317,75.44845272397949
1824411.517327,-146.60906873505414,97.54623082459808
1824418.809606,-144.08444380766144,103.7335785506899
1824425.616713,-131.88121964200323,114.1463570721463
1824432.7452,-131.88121964200323,114.1463570721463
1824439.819082,-131.88121964200323,114.1463570721463
1824446.694025,-123.37746682504464,111.0786402900627
1824453.590453,-122.10509222206916,111.35577712423516
1824460.667926,-117.48011378619626,112.2574233795066
1824467.51549,-116.86978575676537,111.2118401413359
1824475.174898,-121.1290007853513,120.24646445178873
1824481.294453,-128.130763747733,127.02006997400194
1824488.194126,-128.130763747733,127.02006997400194
1824497.064469,-137.72884330051318,146.48589274487526
1824502.340279,-140.71705515729474,150.3977711528725
1824509.451553,-140.71705515729474,150.3977711528725
1824516.690921,-140.71705515729474,150.3977711528725
1824530.633362,-133.180828715624,194.6775934980921
1824537.223931,-115.2052500555462,195.1358879048917
1824544.523046,-89.25853345649911,199.18207710602363
1824551.694982,-72.79135672554116,201.97857020140356
1824558.624568,-69.1341047091744,199.75700912428115
1824565.512629,-71.38976359896715,199.00856195682255
1824572.810957,-62.64909004040552,209.3488621577432
1824579.19506,-70.29115693802864,244.63575386142196
1824589.18005,-69.28253676996505,285.06282762213976
1824593.234512,-52.19027862534782,310.5850002964693
1824602.862474,-22.67199170738603,320.96169318418816
1824607.39296,18.76321176259386,334.8461470457784
1824621.887974,53.16897716623986,341.77208607595946
1824621.888594,53.16897716623986,341.77208607595946
1824623.945193,53.16897716623986,341.77208607595946
1824630.053205,53.16897716623986,341.77208607595946
1824643.552252,121.44177062547426,364.5068000085458
1824644.101544,121.44177062547426,364.5068000085458
1824651.294937,209.1963953267152,395.8841595122967
1824658.052732,279.4760948311029,419.8387640294039
1824666.271851,320.02300993240306,432.39087457145786
1824672.374536,360.0186107707001,439.9426203119081
1824679.565111,421.0809727049889,455.4830042636036
1824686.08781,461.5646103746543,469.5590817576187
1824693.389546,480.109502733605,480.8980837010838
1824700.41654,499.1666593252071,487.6199712992048
1824707.060878,499.1666593252071,487.6199712992048
1824714.365493,499.1666593252071,487.6199712992048
1824721.364136,499.1666593252071,487.6199712992048
1824728.376776,516.2891012838044,492.58929838735895
1824735.054794,540.068417931287,501.8185593155076
1824742.046455,572.3852270874406,507.8512459610074
1824753.430933,583.1882471746343,506.4435528149889
1824761.53116,613.9481212428805,521.9613822757543
1824763.361774,702.5307208772865,561.0975479843389
1824770.045715,774.0702741720298,594.24063488431
1824777.654604,774.0702741720298,594.24063488431
1824785.123973,774.0702741720298,594.24063488431
1824791.362416,774.0702741720298,594.24063488431
1829022.815265,692.1952975922761,-46.4345252822483
1829031.271604,692.1952975922761,-46.4345252822483
1829036.982887,692.1952975922761,-46.4345252822483
1829043.992439,692.1952975922761,-46.4345252822483
1830289.719977,-14.642902978919624,70.38032092867138
1830296.46996,-14.642902978919624,70.38032092867138
1830303.477717,-20.914439177347457,87.37031755270007
1830310.463197,-20.914439177347457,87.37031755270007
1830317.463292,-25.282706960095336,96.03217984060495
1830324.98815,-35.759006970815626,119.00449293997286
1830331.463051,-35.759006970815626,119.00449293997286
1830338.682177,-34.99463161308223,128.2839522127285
1830345.519854,-34.40904204605498,134.42355528907152
1830352.245332,-31.74543904454663,150.3536709301993
1830359.464505,-31.74543904454663,150.3536709301993
1830366.777245,-36.097581497534,170.94391066425644
1830375.335799,-36.1078041028394,170.9422749170717
1830380.145808,-36.79785682761591,171.69842698236874
1830387.464871,-43.502943580809685,188.26947590911072
1830394.467094,-50.77146149889885,193.4843904070105
1830401.502187,-59.488915285556594,212.03078945646203
1830408.483656,-60.4749676695092,214.53036770726584
1830415.190007,-72.63759141083597,238.4056825519025
1830443.219069,-63.6634754738797,294.21618278269926
1830443.219677,-63.6634754738797,294.21618278269926
1830444.306275,-63.6634754738797,294.21618278269926
1830452.954839,-61.35201692237341,298.2033787209636
1830458.621639,-60.48999091863636,299.45529343688764
1830465.345445,-57.32427460906766,303.5851147387596
1830472.34903,-57.32427460906766,303.5851147387596
1830479.630664,-57.32427460906766,303.5851147387596
1830486.624544,8.661432530767117,356.63265674603053
1830493.629813,8.661432530767117,356.63265674603053
1830501.261273,8.661432530767117,356.63265674603053
1830506.649526,8.661432530767117,356.63265674603053
1830507.375204,8.661432530767117,356.63265674603053
1830514.417364,-53.509173704175566,411.26161807915
1830521.341718,-54.30644737743751,409.54477301969473
1830530.147616,-54.46695973946311,408.9936322385252
1830535.339028,-50.88307180046508,406.2410810412912
1830542.622688,-50.88307180046508,406.2410810412912
1830549.626914,-50.88307180046508,406.2410810412912
1830556.421834,-48.87560588498605,404.8535499211913
1830563.758845,-50.07435737470576,404.0276623254076
1830570.295302,-50.07435737470576,404.0276623254076
1830577.625686,-52.02727390646473,396.50560940555545
1830584.619102,-53.6024707293073,394.37765841769294
1830591.854181,-55.18898272838169,392.253596321516
1830598.996523,-53.49874691406281,375.9619196578235
1830606.718835,-56.27068642089956,368.35571126922906
1830612.621404,-55.42963710918324,364.21107317972127
1830619.611888,-55.43672663879105,363.4379979374216
1830629.554196,-56.65309421708472,363.23708486355065
1830633.622382,-57.11478800077912,362.3786070238381
1830640.616242,-54.04386470288693,351.9901359289244
1830647.713617,-54.14678568628816,351.41636305838
1830654.626863,-54.14678568628816,351.41636305838
1830661.627184,-55.44844176219969,350.942433286958
1830668.613662,-57.66576380354614,351.8326013206475
1830675.334627,-59.23759348404531,352.1149851493837
1830682.612238,-59.23759348404531,352.1149851493837
1830689.374778,-66.43545184940356,341.9066450896179
1830698.383351,-66.43545184940356,341.9066450896179
1830703.427697,-64.57194973445999,340.31766514603925
1830710.627606,-64.57190843446926,340.31760977765896
1830717.347091,-64.19786418666916,340.02189221169374
1830724.613292,-62.13035054135383,338.61840297918906
1830731.610523,-62.13035054135383,338.61840297918906
1830738.38513,-60.50761535521136,339.8124567602583
1830745.616498,-54.97483672775242,336.5805669044229
1830752.61787,-54.12607987992943,336.0033275431624
1830759.828173,-53.55223804809368,337.9745504108877
1830771.463631,-53.55223796510454,337.9745502889653
1830773.295277,-53.323844694384746,337.9185825081585
1830780.612437,-53.323844694384746,337.9185825081585
1830787.610792,-48.393712068727794,330.2173682259207
1830794.684809,-45.14898308875176,328.31207696467226
1830805.814626,-45.35862415927157,324.7499349065871
1830808.874658,-45.12003580011282,325.07844717819574
1830815.623091,-45.48631312166123,325.2277943854892
1830822.61498,-44.29305416941517,323.50468613307663
1830829.311831,-45.25465476783755,324.8834809548276
1830836.612081,-45.3436508486698,324.7650841196857
1830843.612642,-45.34365092325682,324.7650840649091
1830850.63598,-46.923584518953,328.3202643920478
1830857.615896,-48.17026558111997,326.1741178279784
1830864.612222,-47.9307187244715,326.04930775309225
1830871.616521,-48.00949332027788,325.80107122122524
1830878.627094,-48.03394364517374,325.3934487045354
1830885.615065,-48.033943661683125,325.3934485151122
1830892.640228,-48.38697699572278,323.7179565286998
1830899.619256,-49.10111988804164,322.4427746555585
1830906.612038,-49.10111973031807,322.44277456544097
1830913.85364,-49.10111973031807,322.44277456544097
1830920.309897,-51.03851630899676,322.4118784958841
1830927.295384,-51.03986691170584,322.4116407815798
1830934.61521,-51.08061842135633,321.3656149333739
1830942.855466,-51.14867847941026,320.3466965886085
1830948.287679,-50.20404714328511,316.144230300941
1830957.680345,-50.01211244570381,315.4640090664254
1830962.292635,-51.257054035928135,314.8367071885364
1830969.616597,-51.18394048872271,314.86412289309635
1830978.196382,-51.12474178662927,314.8549908587795
1830983.610759,-50.03812918396474,317.56449180624463
1830990.639814,-48.69307668776814,319.2090213861524
1830997.725437,-48.55394206871064,319.5677205439316
1831004.611813,-48.60010373976312,318.0833629853174
1831011.62016,-43.95815229043574,305.3125674387778
1831019.628375,-53.07830053899215,282.0739985447593
1831025.623545,-61.57990223696268,271.9971644004032
1831032.859497,-65.68871529259353,268.69314225336626
1831039.611885,-65.68871529259353,268.69314225336626
1831046.392072,-67.71350314306372,266.65434148178895
1831053.305401,-66.66037380254227,268.16079933382986
1831061.389493,-56.86932722543653,270.7178578716172
1831067.385517,-56.54029505258261,271.3986336929115
1831075.185629,-52.47214588598863,273.67414904990665
1831081.612023,-51.5149969100591,275.18937721309607
1831088.623276,-51.44745311471337,274.6840553204567
1831095.615283,-51.01773674844303,274.76302339843124
1831102.29353,-49.83791645881493,274.5774645819119
1831109.613344,-49.84366589113533,274.5707605140775
1831116.727206,-46.3117066891487,277.5692774782754
1831123.612204,-47.6912555799767,283.31817077744813
1831130.896163,-47.904780163298746,284.6764664801326
1831142.155798,-47.90476282019178,284.6764884717763
1831144.421991,-46.58925811859628,283.2403103907345
1831151.636081,-46.34426770869696,283.64016802454944
1831159.964994,-46.34426770869696,283.64016802454944
1831166.065962,-46.34426770869696,283.64016802454944
1831173.735733,-46.34426770869696,283.64016802454944
1831179.622777,-46.34426770869696,283.64016802454944
1831187.418519,-46.34426770869696,283.64016802454944
1831193.292136,-46.34426770869696,283.64016802454944
1831200.611266,-35.72934692685433,288.2320768843781
1831207.617718,-35.72934692685433,288.2320768843781
1831214.757442,1.4222784779724535,352.4908608719755
1831221.623331,-27.31365661235968,352.4448448874674
1831228.61374,-27.31365661235968,352.4448448874674
1831237.130321,-91.27959591571354,336.61647529221284
1831242.618735,-93.36757453762266,326.07035138025844
1831249.30446,-83.1396407592707,278.91591507326706
1831256.305839,-79.39236615286647,263.9641434995542
1831264.057874,-79.51098126790885,262.65967019281527
1831271.020661,-80.2436163121359,256.44204026698304
1831277.326901,-72.52995503084503,230.01655935092532
1831284.631538,-60.869838030638704,200.7845368603286
1831285.465163,-56.93832637965439,189.15046821077567
1831291.32725,-48.436014034392784,162.41219999863728
1831298.614013,-46.5553673827723,151.40904690466547
1831305.613638,-41.56744509342162,135.0682766165823
1831312.641054,-34.26990441477167,115.05298435906832
1831319.619105,-34.26990441477167,115.05298435906832
1831326.715173,-28.50175136117621,96.32102263223368
1831333.30387,-23.628515100489267,90.935155460349
1831340.606448,-19.33384596796286,68.18927272848629
1831347.322368,-16.11029293586621,53.3329133753304
1831354.343197,-16.11029293586621,53.3329133753304
1831361.330289,-16.11029293586621,53.3329133753304
1831368.303849,-16.11029293586621,53.3329133753304
1831375.54492,18.62391460718489,-56.9984081394425
1831383.001307,18.62391460718489,-56.9984081394425
1831391.398633,18.62391460718489,-56.9984081394425
1993505.600583,14.412963442766484,-88.63400988484524
1993512.600524,6.693887826039764,-43.88653526146705
1993529.675128,-20.91040537609287,37.86278330846709
1993529.675734,-20.91040537609287,37.86278330846709
1993530.502622,-20.91040537609287,37.86278330846709
1993537.614348,-20.91040537609287,37.86278330846709
1993545.565741,-35.13940441922538,87.13431415458578
1993551.506737,-35.13940441922538,87.13431415458578
1993558.818575,-35.13940441922538,87.13431415458578
1993565.826246,-35.13940441922538,87.13431415458578
1993572.811982,-75.41931575278839,189.46802948658905
1993579.615034,-70.89360643086113,281.12657862604635
1993589.211994,-19.753659914117275,299.2218217548209
1993593.813059,-3.4431782017319232,305.1044353988972
1993600.817507,35.93883259735197,325.68176245567366
1993607.612878,68.46938838012558,338.7844913012241
1993614.491336,108.28425663663393,351.434982642522
1993621.813611,157.36809581288364,369.87969293928126
1993628.590556,203.08026191440763,386.08988343309306
1993635.530808,207.433124208786,388.3478783656228
1993658.026661,259.10320825154446,401.1741151453005
1993658.027414,259.10320825154446,401.1741151453005
1993658.929116,259.10320825154446,401.1741151453005
1993665.929494,337.2248893512821,425.6490517300442
1993672.928619,357.7663686470096,431.22292999168377
1993680.221764,405.63682968910587,448.50111848378015
1993687.221532,486.1355903183071,477.3014137521429
1993694.274472,508.6239678615433,483.4087432138288
1993701.22377,519.4629886635836,485.8798719809937
1993707.904495,519.4629886635836,485.8798719809937
1993715.094646,539.0672010225192,491.848575724516
1993722.494416,564.7118332394245,500.2112620653113
1993729.092455,595.7948155057445,502.2075808274805
1993736.518897,609.8132954358017,508.2222875143431
1993744.054433,630.5591113292505,521.1440114734062
1993750.228201,637.8799571524956,538.1705211373312
1993756.890426,638.1341053123831,539.6848035254731
1993764.534836,633.8767189401356,560.1969772081757
1993771.221391,633.8767189401356,560.1969772081757
1993778.279289,633.8767189401356,560.1969772081757
1993784.8955,633.8767189401356,560.1969772081757
1993792.235478,633.8767189401356,560.1969772081757
1993799.590209,851.7476273686243,669.2366574307182
1993805.894015,889.5814770366923,699.5358207579515
2000664.781358,706.5573335469306,797.0451978853556
2000672.19871,691.2767894777683,789.3771540742764
2000678.066387,640.7817124495314,760.962440390518
2000685.395443,640.7817124495314,760.962440390518
2000692.395074,640.7817124495314,760.962440390518
2000699.10125,558.2954331509375,703.3862012125581
2000706.390966,558.8634625835274,690.156476548877
2000714.189362,575.4970968330634,652.4759750433993
2000720.071088,601.8274115466921,608.5179400812393
2000727.694003,594.684322788329,531.7985697246467
2000734.083077,575.9977911527701,498.7983817237669
2000742.278825,587.2291475694753,495.4665265469808
2000748.380583,611.0440657578214,487.3251250433569
2000756.002532,675.1661971041158,449.01909269203225
2000762.102379,722.9682136845635,411.8616763704488
2000781.579382,744.1340088734446,393.0731491889098
2000781.580036,744.1340088734446,393.0731491889098
2000782.28658,744.1340088734446,393.0731491889098
2000789.845754,744.1340088734446,393.0731491889098
2000796.745562,744.1340088734446,393.0731491889098
2000803.699384,744.1340088734446,393.0731491889098
2000813.168882,744.1340088734446,393.0731491889098
2000817.595286,744.1340088734446,393.0731491889098
2000824.6124,744.1340088734446,393.0731491889098
2000831.598737,744.1340088734446,393.0731491889098
2000843.955299,744.1340088734446,393.0731491889098
2000866.5563,779.1605135953449,317.17489060375806
2000866.556887,779.1605135953449,317.17489060375806
2000885.161058,779.1605135953449,317.17489060375806
2000885.161634,779.1605135953449,317.17489060375806
2000886.032183,779.1605135953449,317.17489060375806
2000895.037037,779.1605135953449,317.17489060375806
2000899.938274,779.1605135953449,317.17489060375806
2000914.242148,779.1605135953449,317.17489060375806
2000914.476796,779.1605135953449,317.17489060375806
2000922.14157,779.1605135953449,317.17489060375806
2000928.782972,779.1605135953449,317.17489060375806
2000934.987385,779.1605135953449,317.17489060375806
2000945.060874,779.1605135953449,317.17489060375806
2000949.283166,779.1605135953449,317.17489060375806
2089392.169261,467.5824519713103,704.6539587244766
2089392.169882,467.5824519713103,704.6539587244766
2089395.261755,481.5822624305499,705.206491799808
2089402.268929,515.5501719660973,720.7179090279683
2089409.230996,570.1815485426781,751.8771424057707
2089419.698779,585.9097917355122,764.5588655876262
2089423.54474,579.3083887560167,788.3457284882612
2089430.205246,560.08813504126,853.6292498893972
2089437.616272,560.08813504126,853.6292498893972
2089444.53926,554.488751504255,870.9790411715026
2089455.443751,555.2055141547729,878.4072907508885
2089458.518595,586.4119185360499,888.3660821911894
2090186.218187,741.8491428405531,895.6700052141289
2090193.47852,741.8491428405531,895.6700052141289
2090200.480723,745.5463077811664,883.9770551749335
2090208.139082,739.7412515795144,831.8952552349067
2090215.396153,711.7110302307151,806.24900059016
2090221.172314,691.9512766501965,797.0559368186559
2090228.172972,573.1172286401137,743.3180194711546
2090235.47975,564.2564526831011,682.9123479435696
2090246.736475,582.9158569781897,630.8426929808531
2090250.916281,593.5387186319181,615.0098187394909
2090256.209485,593.5387186319181,615.0098187394909
2090263.498591,593.5387186319181,615.0098187394909
2090270.20655,602.452204083656,600.2154928792738
2090277.583097,608.5071647942272,589.343857256914
2090284.173695,594.677411420619,543.8680127415669
2090291.903195,572.6377022520902,523.3279890969766
2090298.159306,572.6377022520902,523.3279890969766
2090305.498082,572.6377022520902,523.3279890969766
2090312.201657,558.7782822278882,514.9893106813081
2090323.013587,513.7226319703243,488.3479287656177
2090326.341579,467.6195569887824,473.75033021645686
2090334.142218,404.00745660232,468.5954863767242
2090340.571806,400.4138216444776,467.8238499705655
2090347.169629,400.4138216444776,467.8238499705655
2090354.92172,400.4138216444776,467.8238499705655
2090370.408942,400.4138216444776,467.8238499705655
2090370.412764,353.7644373031669,451.97805144557134
2090375.238192,327.96546884415216,441.3848114990271
2090382.487996,327.96546884415216,441.3848114990271
2090389.155591,197.6909233401641,394.5084110905915
2090397.366044,145.5507418572246,374.5806209425784
2090403.161173,122.0614265092794,363.30260586229696
2090410.299162,113.06895227013864,358.8102717109814
2090417.48577,107.10872467816289,339.2553093655276
2090424.480904,108.93609065408322,318.59129424771294
2090431.483241,108.93609065408322,318.59129424771294
2090438.167765,108.93609065408322,318.59129424771294
2090445.485693,108.93609065408322,318.59129424771294
2090452.481402,108.93609065408322,318.59129424771294
2090459.484874,120.20527731631036,308.7421230432324
2090468.574087,120.2057862351438,308.74152705551086
2090473.825294,120.368851107581,308.5964819344314
2090481.28348,120.368851107581,308.5964819344314
2090487.487085,140.65346210656344,238.2716356884623
2090494.481894,131.83197979602932,232.37966166860176
2090501.172537,131.45437497548207,234.84339006141383
2090508.573998,129.26444615702778,237.03489197446808
2090517.167013,129.26444615702778,237.03489198613107
2090523.591015,129.25450002212713,237.612418287665
2090529.489546,129.25450002212713,237.612418287665
2090536.508603,129.3364150705217,237.53905752893132
2090545.416313,129.3364150705217,237.53905752893132
2090550.175883,130.34317884554147,236.66876237752243
2090557.486683,131.44107669288775,236.06076558100955
2090565.767025,132.2425058267888,235.5046000923257
2090571.638877,131.99273060601766,235.0725405340182
2090578.483719,131.99273060601766,235.0725405340182
2090585.487104,131.99273060601766,235.0725405340182
2090592.482853,130.87185500309124,234.44431036940315
2090599.158134,130.95576226925854,233.8091879709173
2090606.846607,133.58038684045516,230.9887751188108
2090613.248615,133.57974416333687,230.98852856177996
2090622.093983,133.8797989914722,231.3749462054548
2090627.780096,132.15799678520509,232.30781598051232
2090636.3399,129.85737202469625,233.6985452445031
2090642.756533,129.85737202469625,233.6985452445031
2090648.161303,124.3818773950522,226.83317784739864
2090657.145249,91.87540802140856,227.8288413628416
2090662.216281,91.87540802140856,227.8288413628416
2090669.495317,46.35428449432377,232.97632674974415
2090676.801391,32.76245036911452,227.11034570996367
2090684.771591,29.83472381321834,217.36643619514663
2090690.487544,29.83472381321834,217.36643619514663
2090697.258072,29.83472381321834,217.36643619514663
2090704.986181,-38.67486829748306,197.3366309167061
2090711.663972,-52.02252748284736,195.27451684092244
2090719.058564,-52.73554814645831,197.68706503121305
2090725.778339,-59.97713682568988,222.007048122866
2090733.21015,-60.87919773353116,227.6841958510134
2090739.488657,-67.5579699766396,265.62533426868583
2090746.159665,-61.65830848484675,288.16820428155285
2090753.488385,-11.229516529766013,308.05668939174427
2090760.501382,23.58343321281471,317.35646984585566
2090767.487158,64.67637823061143,330.5874797652302
2090774.484601,108.58374728844548,339.5981400116175
2090781.68712,114.07183699667988,331.7268653763052
2090788.166097,114.07183699667988,331.7268653763052
2090796.138179,114.07183699667988,331.7268653763052
2090802.276016,114.07183699667988,331.7268653763052
2090813.645712,114.07183699667988,331.7268653763052
2090816.163708,114.07183699667988,331.7268653763052
2090823.16293,114.07183699667988,331.7268653763052
2090836.228142,114.07183699667988,331.7268653763052
2090837.478743,113.9743943109708,342.30350880867843
2090844.483722,112.66765234981264,342.2351403643385
2090851.489455,111.69589167289269,342.0281903130247
2090858.784072,109.37356328345209,341.28498070289834
2090866.619884,106.98966267313648,339.1250469155326
2090872.484998,105.28706817890576,339.9536410254625
2090879.476822,102.0586097965821,339.5564373391701
2090886.256662,104.32352908500133,339.4483861127277
2090893.486884,105.98815083829422,339.1782812200561
2090900.50998,101.52262062307604,338.7532231966272
2090907.282445,100.4977103399601,338.7640423272117
2090914.564838,98.40516666755536,338.82525298791893
2090921.636381,96.04520622700116,339.3734264148166
2090928.547331,89.53002204804291,335.1376600671702
2090935.486429,89.53002209786587,335.1376600788332
2090942.470011,91.78529226787671,338.3254745274777
2090949.487052,91.27534086012874,338.4026608615705
2090956.311987,90.23765756918093,338.13124210498233
2090963.269974,98.50858293583856,334.7934118643082
2090970.497135,98.50858293583856,334.7934118643082
2090977.477272,103.92170807267588,335.42470143342985
2090984.473836,102.619810428547,334.72890902642666
2090991.165779,100.9176245363853,335.01921501437846
2090998.479354,99.57057218007058,334.68067972361143
2091005.47265,99.66990460922268,331.9300723634035
2091012.471216,99.66990460922268,331.9300723634035
2091019.476518,99.41894497316817,332.1566722277549
2091026.479108,99.41894497316817,332.1566722277549
2091037.144605,100.4473075793774,333.51770059000165
2091040.265855,100.96142318582392,334.4735638333938
2091047.480653,104.0880650552574,337.1081090542136
2091054.475173,105.44393618142816,345.7284200527747
2091061.471363,104.66888781015491,352.09791063436865
2091068.154113,109.31806887861754,357.06390533184407
2091075.208184,109.31806887861754,357.06390533184407
2091082.20007,227.486878580836,409.44853966581127
2091089.199951,259.10167864879725,413.7018983620904
2091097.602653,259.10167864879725,413.7018983620904
2091103.289061,463.6521547437556,480.9680179225328
2091110.369989,514.0336225819524,494.5533794378959
2091117.478446,522.4563932759615,495.8879571485196
2091124.471482,522.4563932759615,495.8879571485196
2091131.477459,522.4563932759615,495.8879571485196
2091138.167588,522.4563932759615,495.8879571485196
2091145.490303,535.0130614608006,498.5639088493422
2091153.422334,577.9142273271724,509.7791153458869
2091159.665501,604.9692784160181,518.2193073333837
2091174.341816,654.7199187249233,537.6799445757159
2091174.345632,733.1751976189535,573.2063246688468
2091180.182377,773.9570902379476,592.5872154353126
2091187.48021,816.5509001518374,618.5820560962648
2091194.255844,890.1133743374902,650.7355448577308
2091202.993009,912.9768430605176,659.8840491078145
