time,x,y
0.0,0.0,0.0
14.686257,-20.97893078747632,56.31451212576467
29.402975,-51.02482986658545,88.00602706701167
45.503444,-77.17484755666275,87.5235973008812
59.951635,-119.64579434126394,89.43209401157637
74.399138,-130.11765460626006,70.54067381920446
92.138364,-144.91579140014707,40.151495577081576
104.723647,-172.98674301527578,46.93006713493226
121.571226,-164.59701255290182,35.97617838329316
134.357224,-164.59701255290182,35.97617838329316
149.386508,-164.59701255290182,35.97617838329316
164.807765,-164.59701255290182,35.97617838329316
179.770143,-164.59701255290182,35.97617838329316
194.38597,-164.59701255290182,35.97617838329316
209.553383,-150.4975890697091,-13.524958590048056
299.705501,-250.7999918223442,-4.085534562067684
314.367458,-283.4692394457842,75.14151145110536
329.369513,-306.9902021805926,150.52890128570445
344.858882,-317.2026431536479,188.96259094440344
359.401309,-346.5177163793924,279.2236232484074
375.523853,-353.8063226567028,366.78747658756
389.453817,-344.5117877196136,372.6687217716235
405.693928,-321.19314839545274,377.80975894053176
419.920456,-272.6836998649487,394.6386090644832
434.908769,-159.6008125116054,437.7948840986343
450.506757,-41.65369003193956,480.3154472822699
465.230991,34.00695086121269,503.8392482911339
479.393739,34.00695086121269,503.8392482911339
495.666993,90.62340446865122,528.3480711272266
509.697906,208.56362138509292,570.2360487175438
525.967133,239.14150959171255,581.6172249102159
540.350379,239.14150959171255,581.6172249102159
554.700647,251.2304732895765,581.2994633522287
569.933575,328.11890731585083,599.8174763634134
584.85075,322.03605648892545,693.5878826999189
599.361353,287.2941395228415,828.2652975064154
615.951868,413.6984102622479,897.258493617044
629.38638,439.8086755981474,901.6273148211906
644.802099,469.71738173161657,959.920441755333
2475.403396,462.0729238026469,948.028452718828
2489.389502,311.37705553331995,839.6922345028686
2507.006261,283.67265579596693,826.599564602399
2520.692181,283.67265579596693,826.599564602399
2535.20708,279.176689882291,823.2872002535141
2550.749454,279.176689882291,823.2872002535141
2565.184832,279.176689882291,823.2872002535141
2580.009791,279.176689882291,823.2872002535141
2595.737672,279.176689882291,823.2872002535141
2609.967728,279.176689882291,823.2872002535141
2624.980518,279.176689882291,823.2872002535141
2640.383758,279.176689882291,823.2872002535141
2654.983815,279.176689882291,823.2872002535141
2670.052027,279.176689882291,823.2872002535141
2686.956514,279.176689882291,823.2872002535141
2699.865586,279.176689882291,823.2872002535141
2715.766813,279.176689882291,823.2872002535141
2729.785643,279.176689882291,823.2872002535141
2744.893079,279.176689882291,823.2872002535141
2760.540222,268.5178313244214,786.701843016646
2774.767953,308.40655360821154,685.7631698552261
2789.808424,308.40655360821154,685.7631698552261
2804.382733,314.842303371315,673.4442247522663
2819.933744,291.3103232980795,589.8050117043086
2835.673871,395.55250682553,506.07066888270793
2850.476687,458.81204097465314,455.3194704658975
2865.034634,458.81204097465314,455.3194704658975
2896.703608,346.0744256188152,273.6444817710636
2896.704344,346.0744256188152,273.6444817710636
2897.723524,346.0744256188152,273.6444817710636
2897.724221,346.0744256188152,273.6444817710636
2899.183072,322.1138420872039,252.5731189556934
2914.216123,195.42558134374733,137.10272815642037
2951.640891,165.6168628329208,15.134330501842944
6091.287644,468.9200097799858,73.01859253433375
6107.212037,576.5374737603306,173.54885325886175
9062.504652,385.291771639142,867.1989075512708
9076.145593,277.7297775475349,745.2053918248109
9092.288136,299.01602892006537,612.8064255051403
9106.166702,296.7338215128123,610.3285230354404
9122.598398,296.7338215128123,610.3285230354404
9137.454224,291.2005234576664,603.8358307968447
9151.502185,357.80661825389313,525.052419270003
9166.125488,462.3944349498018,444.1979271496565
9182.485953,471.5836268159844,436.5544409313379
9200.140259,486.3086434687209,403.7040753590178
9211.453231,354.0265428827611,288.0494964504784
9226.592018,222.21815127018576,163.824170567521
9241.631986,162.5176536610816,27.61751447758969
85825.149453,-264.76179773437485,33.998071231291235
85839.763891,-295.31571031117534,116.0646455803721
85855.475427,-307.4376815373823,181.7503643011786
85870.288235,-340.1368061626735,287.9097166469029
85885.007999,-345.1263393515455,377.701119187178
85901.165499,-233.4534355383832,421.0451489625347
85915.168591,-124.5954631368678,457.6256037532249
85930.210927,-49.39608164429336,479.3780722278642
85946.267446,24.34745480234566,504.05673849890576
85959.778904,35.10265359832234,505.1578773655112
85975.451522,61.27199540886697,494.35140365371547
85990.504667,126.16949473528376,534.41066399118
86004.846762,209.77886288563133,567.6694185202364
86020.820908,297.8562933175523,591.2386764274302
86035.352996,358.2025544383919,638.4509330532991
86049.743849,333.76863695270856,689.6904338672967
86065.89488,275.0334110330503,798.7850555775893
86079.744747,406.4360797127754,900.2690905801336
90379.556526,451.9474117614052,896.8655061221114
90394.704161,357.385778370819,863.398471685501
90410.43623,274.0692390141857,757.822400455865
90424.675194,316.7073959002864,681.8408824776474
90439.581329,318.4269471429609,652.9245858316172
90454.660966,291.7309670929008,609.0654663038207
90469.600972,291.7309670929008,609.0654663038207
90484.673484,291.7309670929008,609.0654663038207
90499.538767,291.7309670929008,609.0654663038207
90514.561624,314.1312411644006,565.5554413506956
90529.693407,450.7395811612311,466.4112961595152
90544.809557,482.7749740817528,444.69297818330944
90559.84861,482.7749740817528,444.69297818330944
90575.477634,482.7749740817528,444.69297818330944
90589.774151,491.4321531747765,443.058969159823
90606.467915,439.4989332898217,353.5810764270009
90619.7744,312.2771601736539,234.2002558561016
90637.051556,185.5377335209917,107.58658355845672
175982.727606,-261.89561806554804,32.246602852155924
175998.103389,-279.64384526445247,91.80297889861616
176013.034628,-301.3822855474368,162.94583409308655
176027.663172,-323.3529632123309,236.85399626437345
176043.079586,-340.39306891266045,282.1744480316426
176057.671164,-343.0457533525635,310.91146283344074
176073.843164,-348.7232979884603,375.2040872442572
176088.307651,-282.8777225165792,407.3574254476888
176102.723503,-227.31465305318707,423.0649616690704
176118.109157,-215.1062779617046,427.3081522500093
176132.976813,-110.86749239739288,463.0525385605114
176149.393327,31.75927171623946,512.9128954839102
176164.964827,73.36847086545765,526.6630851173521
176177.681059,19.690154455363952,578.3918560294944
176193.255356,-4.989491532942557,599.7777115084001
176208.072607,-4.989491532942557,599.7777115084001
176222.630757,-39.809828342474745,657.1836438437924
176237.691146,-121.5449067563088,749.4002962817992
176253.119732,-174.7669585550133,799.9967903048054
176269.801784,-192.56300832120183,835.9898583996659
176283.680192,-210.388386326794,849.3210729475642
176298.176565,-227.24104268259632,872.8554642258711
176313.691084,-227.24104268259632,872.8554642258711
176325.238437,-227.24104268259632,872.8554642258711
176328.378971,-244.91227174878048,896.5777498290166
176346.465566,-284.9648563117444,931.1336939257042
176357.636652,-321.39495634888146,934.6910371026974
176373.213112,-329.7155934892944,903.6765507405144
176387.637425,-304.383191774613,856.0419044750495
176403.148942,-290.657832363844,823.5402453653224
176418.067135,-282.11872447256025,815.282371474857
176432.638856,-341.9691442680829,786.6834348575366
176448.229152,-378.6114549076852,773.1723511768886
176463.118836,-421.1608015465503,745.8136626831604
176516.572694,-227.24104268259632,872.8554642258711
178611.549494,-227.24104268259632,872.8554642258711
265557.605676,-416.2972576040586,740.9075514872139
265567.660653,-404.6665081231868,713.7175131759478
265577.610248,-396.7475198676234,671.6872752814612
265587.615244,-387.7885143059824,640.6868865748825
265597.882025,-388.1414480200128,636.6614720862923
265607.752006,-378.7247782624962,595.8938834948477
265617.56055,-373.4674710634868,574.355174896737
265627.59905,-359.7978726325717,545.3561227060803
265638.030905,-347.3766859766081,515.934385553545
265647.610559,-359.5545152035451,490.34274957723454
265657.771867,-366.3383735813151,487.3812739574568
265667.66094,-365.3307048634744,487.81880621635776
265677.61661,-365.11034793158734,483.4953122257767
265689.655033,-371.0556954887794,482.4563581257017
265697.65095,-378.2018606821582,482.4767896074801
265708.072567,-404.7111465656529,463.252018828186
265718.118024,-407.550981050083,456.0536249349889
265727.564876,-414.4561742196317,453.4238633343232
265738.641776,-410.1090374948065,462.512728698138
265748.091951,-411.32797352832455,464.7156409522596
265758.111193,-414.4545557238892,469.6623080553405
266230.726038,-438.00907192596105,473.5870458579727
266237.644428,-425.5456305257419,479.23283370129343
266248.844428,-394.5636600248536,470.72172119609127
266258.402641,-373.2789660926361,389.6772996938224
266268.359746,-345.83869567446993,373.5930763723002
266277.596032,-304.9833799955224,397.17317702281736
266288.244862,-291.21473198967686,397.25601635370464
266297.67049,-247.3206115140399,421.1648641736079
266307.902578,-193.64598588452287,437.4028571975496
266317.671741,-129.50168324717762,471.15285932866414
266328.972156,-75.44288395182905,482.9162875922428
266340.937005,-67.75870189008536,483.9862127288002
266348.014895,-67.75870189008536,483.9862127288002
266357.993128,-33.94020160473408,484.9268380396112
266368.620992,49.97899744392905,517.5788701391808
266377.983103,51.70144809615193,517.4654921681642
266387.916071,152.54691893249964,554.871012970154
266397.679488,187.7739435106489,566.3804370522861
266407.921107,260.6530843075,600.7773437353244
266417.579979,260.6530843075,600.7773437353244
266428.79718,260.6530843075,600.7773437353244
266437.62044,260.6530843075,600.7773437353244
266447.906629,260.6530843075,600.7773437353244
266453.589067,273.968460918244,604.2530343012272
266458.200312,298.0440368882746,601.379969705513
266468.789223,298.0440368882746,601.379969705513
266477.660696,298.0440368882746,601.379969705513
266488.043213,298.0440368882746,601.379969705513
266498.068112,298.0440368882746,601.379969705513
266508.216591,298.0440368882746,601.379969705513
266518.575467,301.6897970137676,595.7019307496716
266528.643093,301.6897970137676,595.7019307496716
266540.077928,301.6897970137676,595.7019307496716
266549.995206,301.6897970137676,595.7019307496716
266557.595755,301.6897970137676,595.7019307496716
266569.833673,301.6897970137676,595.7019307496716
266578.313726,301.6897970137676,595.7019307496716
266588.000857,301.6897970137676,595.7019307496716
266598.097676,301.6897970137676,595.7019307496716
266607.655441,301.6897970137676,595.7019307496716
266617.655561,301.6897970137676,595.7019307496716
266630.183226,301.6897970137676,595.7019307496716
266640.75391,301.6897970137676,595.7019307496716
266649.390044,301.6897970137676,595.7019307496716
266658.989495,301.6897970137676,595.7019307496716
266668.347894,301.6897970137676,595.7019307496716
266678.750352,301.6897970137676,595.7019307496716
266690.163555,301.6897970137676,595.7019307496716
266698.493017,301.6897970137676,595.7019307496716
266708.163577,301.915762758545,591.2684717317226
266718.810512,301.915762758545,591.2684717317226
266727.606426,301.915762758545,591.2684717317226
266738.037772,301.915762758545,591.2684717317226
266748.287931,301.915762758545,591.2684717317226
266758.972555,301.915762758545,591.2684717317226
266768.354506,301.915762758545,591.2684717317226
266779.664324,301.915762758545,591.2684717317226
266787.600137,301.915762758545,591.2684717317226
266800.376904,301.915762758545,591.2684717317226
266807.729749,301.915762758545,591.2684717317226
266818.231635,301.915762758545,591.2684717317226
266828.56842,301.915762758545,591.2684717317226
266839.399474,301.915762758545,591.2684717317226
266847.58551,301.915762758545,591.2684717317226
266859.832187,301.915762758545,591.2684717317226
266870.10791,301.915762758545,591.2684717317226
266880.379392,301.915762758545,591.2684717317226
266888.886554,301.915762758545,591.2684717317226
266898.460074,301.915762758545,591.2684717317226
266908.662425,301.915762758545,591.2684717317226
266918.771737,301.915762758545,591.2684717317226
266927.578063,301.915762758545,591.2684717317226
266938.295667,301.915762758545,591.2684717317226
266947.656781,301.915762758545,591.2684717317226
266958.748413,301.915762758545,591.2684717317226
266968.482183,301.915762758545,591.2684717317226
266978.343484,301.915762758545,591.2684717317226
266989.085227,301.915762758545,591.2684717317226
266999.477587,301.915762758545,591.2684717317226
267008.287494,301.915762758545,591.2684717317226
267018.588472,301.915762758545,591.2684717317226
267029.379174,301.915762758545,591.2684717317226
267040.239995,304.5548447394345,618.4020310096824
267048.4823,305.0802292561694,640.6030027746538
267058.912418,301.5019107457084,637.2175737302343
267069.149246,300.3281260126871,635.4086239203565
267078.850341,300.45615533134287,633.5695462273043
267089.167792,310.00484100857057,632.6941434200352
267098.100927,307.79738101816923,630.406512419238
267109.603655,309.59684918838195,627.2631642894826
267117.624914,307.89054796049146,620.8352383633337
267130.015392,306.8025239751446,618.7627062265465
267137.663898,306.8025239751446,618.7627062265465
267147.663984,314.428087537248,616.0308411789194
267157.838587,314.42808792728687,616.0308402123745
267168.057389,314.42808792728687,616.0308402123745
267177.670192,314.42808792728687,616.0308402123745
267187.995694,320.31009234697746,615.138652661397
267198.599756,320.31009234697746,615.138652661397
267208.294458,320.31009234697746,615.138652661397
267217.663049,320.31009234697746,615.138652661397
267228.962586,320.31009234697746,615.138652661397
267238.910195,320.31009234697746,615.138652661397
267247.924969,320.31009234697746,615.138652661397
267257.927616,320.31009234697746,615.138652661397
267268.184295,329.81392691309986,624.6684948931398
267277.571765,329.82008343727966,624.6775698953139
267288.125687,329.82008343727966,624.6775698953139
267297.613224,329.82008343727966,624.6775698953139
267308.731163,329.82008343727966,624.6775698953139
267319.29165,329.82008343727966,624.6775698953139
267328.591164,329.82008343727966,624.6775698953139
267338.824816,327.1848859457167,635.3463253844459
267349.033359,327.9623038136911,669.822276612831
267358.403304,333.14420725222914,664.0056100467069
267367.966021,334.49549982361293,657.2278485039648
267378.722705,336.8515820095065,647.9032811057352
267388.208496,338.61716134024897,632.8699648082905
267399.01107,338.61849708049124,632.8627019483024
267407.839782,338.61849708049124,632.8627019483024
267420.217544,338.61849708049124,632.8627019483024
267429.881177,338.61849708049124,632.8627019483024
267439.573103,338.61849708049124,632.8627019483024
267450.251593,338.61849708049124,632.8627019483024
267458.387569,338.61849708049124,632.8627019483024
267468.445344,338.61849708049124,632.8627019483024
267480.306158,338.61849708049124,632.8627019483024
267488.052561,338.61849708049124,632.8627019483024
267498.011269,338.61849708049124,632.8627019483024
267508.176668,338.61849708049124,632.8627019483024
267518.521376,338.61849708049124,632.8627019483024
267529.647058,344.0274484171907,631.3149419075659
267539.692886,344.0274484171907,631.3149419075659
267547.597465,344.0274484171907,631.3149419075659
267558.849784,344.7661950912637,630.256998274161
267568.213937,344.7661950912637,630.256998274161
267577.926127,344.7661950912637,630.256998274161
267587.57439,344.7661950912637,630.256998274161
267598.045006,364.645012436053,630.232125218494
267608.536649,365.4195364046228,634.0698502195263
267619.27061,365.4195364046228,634.0698502195263
267628.331502,365.4195364046228,634.0698502195263
267638.035482,365.4195364046228,634.0698502195263
267648.849796,365.4195364046228,634.0698502195263
267659.134911,365.4195364046228,634.0698502195263
267667.593684,362.6096700976332,630.7972393464839
267677.936823,364.5408937278639,631.2659313782463
267688.221248,370.1650873206116,635.3281121265758
267698.258578,368.8609906623905,634.5336943749021
267708.661264,369.8398972489708,633.6196839539485
267719.928389,369.8385987015764,633.6210077256962
267727.619578,369.91305621836045,634.2441637914292
267738.470504,365.9581237355085,635.3031894999588
267749.086439,363.0185725539551,633.5101119121675
267758.855697,362.12817571801816,633.3238814663363
267767.605855,361.0251190493038,632.0631255883206
267777.604079,359.50730261932364,630.4559315116933
267789.068113,361.1601352423403,631.5234248996769
267798.694407,360.9193120984267,632.3543732246919
267808.133501,361.7107811464144,632.7334285031168
267818.092706,362.2511346076341,632.345419181308
267828.251564,362.3324521514117,632.2472921383511
267838.085434,362.3324521514117,632.2472921383511
267848.419735,362.3324521514117,632.2472921383511
267861.105856,365.29244829303263,633.7508982273108
267868.505207,362.3356365234658,632.8452650356252
267878.918732,362.3356369384165,632.8452651024174
267887.629124,362.3356369384165,632.8452651024174
267898.073393,362.3356369384165,632.8452651024174
267908.158826,362.3356369384165,632.8452651024174
267917.620007,362.3356369384165,632.8452651024174
267928.668165,362.3356369384165,632.8452651024174
267938.059894,362.3356369384165,632.8452651024174
267948.021416,362.1514829113203,636.2416401556342
267961.538759,362.5608730655886,646.6955124736741
267968.57256,362.5608730655886,646.6955124736741
267978.207582,362.5608730655886,646.6955124736741
267989.435837,362.7256782599979,647.3324278248438
267999.072447,361.46538896346624,649.9308443279313
268007.587031,363.07352334688767,652.0530654662565
268017.656883,363.72554569412273,651.2490311413987
268027.956094,363.2611960420977,651.0468647528081
268037.670667,363.2611960420977,651.0468647528081
268048.084717,364.3789014415132,658.6631815044994
268057.926305,365.6515583141596,659.6766768011323
268068.041865,364.009717313376,658.7365577065534
268078.750934,368.6267872439223,656.3905929111836
268089.035175,365.50104865077645,658.5078372810027
268101.805477,366.26703139483504,654.7857511428892
268108.145486,370.70290701941576,651.9601486925565
268119.027743,372.0012545574846,654.7089083581886
268128.139363,370.2977550186836,654.8032426152278
268139.495328,366.7992663706162,654.8456628119872
268148.087957,362.0452941484768,654.3215228988471
268158.061188,361.93687304988566,651.3935254411009
268167.988877,362.76891338938657,654.4335502668916
268177.6412,363.29177303938127,651.0938238492079
268189.916655,362.2278223442685,653.8600332314749
268197.690477,375.3742332682604,666.2566108584938
268204.444743,415.22614177921895,692.6864987490876
268208.754797,439.11954071419086,706.7591888779912
268219.584193,506.2202755014212,744.8850606141663
268228.14717,585.335923712043,790.8449968969535
268237.669431,623.139746833375,805.764928255671
268637.857946,533.031993676223,12.070535276070473
268650.100824,518.4901791569746,29.42634906498779
268657.866553,518.4901791569746,29.42634906498779
268667.40048,518.4901791569746,29.42634906498779
268680.350489,518.4901791569746,29.42634906498779
268687.423182,518.4901791569746,29.42634906498779
268698.050323,518.4901791569746,29.42634906498779
268708.29969,518.4901791569746,29.42634906498779
268718.012254,518.4901791569746,29.42634906498779
268728.028634,518.4901791569746,29.42634906498779
268737.413873,518.4901791569746,29.42634906498779
268747.389359,518.4901791569746,29.42634906498779
268758.928547,518.4901791569746,29.42634906498779
268771.147428,520.6457490564134,51.15670090218056
268777.891722,490.6304858862108,80.11233827829581
268787.477559,490.6304858862108,80.11233827829581
268799.440577,490.6304858862108,80.11233827829581
268807.411376,490.6304858862108,80.11233827829581
268817.862923,447.00639498278656,113.94696721813538
268835.218653,385.13489605302624,180.50826407159707
268835.219223,385.13489605302624,180.50826407159707
268836.524552,385.13489605302624,180.50826407159707
268847.38592,131.30944567701664,470.4127658892468
268857.844344,128.48084818568893,523.7211542073402
268867.601029,158.64698046804304,561.9050987998322
268878.070462,251.46814272360325,592.776429069785
268887.046945,256.28915864257465,594.5366690904947
268897.371362,256.28915864257465,594.5366690904947
268906.921612,256.28915864257465,594.5366690904947
268917.071919,256.28915864257465,594.5366690904947
268926.960683,278.21686059190444,599.5487095840507
268937.317104,346.63658616900824,623.7178465584491
268947.878738,345.2271044358612,662.282525466707
268956.730225,296.9060958691533,726.9439314716029
268968.175725,340.0817446541167,872.8670692715649
268977.383383,400.1636900004222,893.847294448867
268988.818261,467.9438509933206,974.409491451411
269777.088255,553.698146373801,879.3142056792694
269786.953658,544.1785160523086,870.6055639111185
269796.616052,530.9021691859948,850.6292785811505
269806.955219,628.9910355625193,799.0076558163396
269929.633825,521.7583405599336,445.6201643315388
269937.701758,432.3802242873805,360.2784885687491
269948.855107,334.1630945504678,266.139915266903
269956.530094,212.57941763967804,147.79533497178787
269967.691481,163.66844668495864,66.57854568204844
282101.174498,397.85268497053977,11.763213072661204
282109.097413,476.551540314574,80.03876719074184
282120.049787,505.7782752889034,106.83959258996342
282129.075366,551.9735298977331,142.21955044567872
282139.650027,573.487206452562,161.96778672585594
282149.498633,573.487206452562,161.96778672585594
282160.084372,573.487206452562,161.96778672585594
282169.861817,573.487206452562,161.96778672585594
282179.390494,625.5842016227044,209.61756682349795
282190.575186,625.5842016227044,209.61756682349795
283454.116436,624.2824946031769,218.83825395962563
283454.117013,624.2824946031769,218.83825395962563
283455.994793,592.4987745271754,190.92116892723487
283468.663453,503.2722663611403,109.85575611224412
283479.653144,407.6046609867567,25.231147078486824
345439.140527,-274.72737638605423,41.99384962218485
345449.315387,-294.6341616693153,114.36781038606952
345459.130229,-323.6131542003222,206.21356635818324
345471.085548,-338.21583589025244,250.172334393792
345479.895374,-346.0303547037257,279.0115286091265
345489.212195,-357.3239376026572,314.01901480859
345499.084386,-360.03066501221474,323.0816809205151
345511.249451,-355.04761905862443,374.401123564356
345519.61137,-303.1091184608389,386.7543660777763
345529.727384,-275.5788990856539,404.9650878367192
345539.461546,-207.03404495358012,433.6559430699196
345549.946355,-177.66732264783406,442.51492042108913
345559.759166,-132.8262583480578,451.682274399407
345569.648123,-50.629500999505325,479.0626496065116
345579.136415,23.87066802624835,508.46919766066776
345590.522194,23.87066802624835,508.46919766066776
345599.215842,23.87066802624835,508.46919766066776
345609.088618,51.87247565339005,524.7806039803288
345619.479292,139.56446649292485,549.3140922063664
345629.694687,237.5123165489939,582.5684731564422
345639.451109,241.14597061044955,584.3371237650919
345649.099752,241.14597061044955,584.3371237650919
345659.434114,262.8084878110101,592.0896382241256
345669.13172,338.0717423956323,613.6242892497355
345682.701248,352.62235634587097,657.3398303657434
345689.589741,352.62235634587097,657.3398303657434
345699.132334,335.3358828761424,677.2999078427698
345710.702361,281.0462604597444,763.2468686748629
345721.22171,308.69989572684494,858.396681784317
345729.08984,445.29600823215753,912.932090786176
345739.957705,463.9985606266023,972.7296129900466
348515.754934,456.5893536983825,965.4380574812748
348525.73055,459.0114706503689,905.633819227258
348535.730837,494.3484635401998,875.9187994012607
348547.498417,571.7766811211906,823.125320191632
348555.783681,623.3942531121456,803.9751347148849
348985.788327,548.7071976756072,-8.673963842840703
348995.789247,491.3142907294896,51.77225566483166
349006.303391,439.1699990194792,64.58595892271892
349015.728723,353.6300591116534,-12.843684443560583
349072.371413,166.20316282713418,40.601416786276765
349075.747784,156.71186275512855,84.53332449740914
349086.837736,156.71186275512855,84.53332449740914
349095.838093,156.71186275512855,84.53332449740914
349105.729329,156.71186275512855,84.53332449740914
349118.67461,156.71186275512855,84.53332449740914
349125.725426,165.70805915885424,58.797540555114765
351950.504241,377.6801737942386,-1.5591698211428455
351962.61303,442.0987454636096,51.10233076077374
351973.563176,462.10684861493337,67.44536021843125
351981.214286,462.10684861493337,67.44536021843125
351990.50291,462.10684861493337,67.44536021843125
352001.268162,462.10684861493337,67.44536021843125
352010.88879,462.10684861493337,67.44536021843125
352020.518389,490.8645252393112,94.70750469672068
352031.817099,558.8682329976084,155.5595871778713
352040.737309,620.148837856793,206.74865245042173
352934.083931,626.6248261043621,221.90638147711243
352942.933503,562.8561025304427,170.1814839009974
352954.07412,562.8561025304427,170.1814839009974
352963.393526,562.8561025304427,170.1814839009974
352973.009864,562.8561025304427,170.1814839009974
352982.895832,557.8174847601482,166.53088231275032
352993.259287,557.8174847601482,166.53088231275032
353003.360045,557.8174847601482,166.53088231275032
353013.294507,557.8174847601482,166.53088231275032
353022.995058,557.8174847601482,166.53088231275032
353033.976017,557.8174847601482,166.53088231275032
353043.654804,557.8174847601482,166.53088231275032
353054.403817,557.8174847601482,166.53088231275032
353062.943657,555.2196773188155,156.1465201462366
353072.985319,555.2196773188155,156.1465201462366
353084.374835,555.2196773188155,156.1465201462366
353093.436317,555.2196773188155,156.1465201462366
353104.40881,555.2196773188155,156.1465201462366
353114.943322,555.2196773188155,156.1465201462366
353123.519479,555.2196773188155,156.1465201462366
353134.407322,555.2196773188155,156.1465201462366
353143.541969,555.2196773188155,156.1465201462366
353155.511539,555.2196773188155,156.1465201462366
353163.642261,555.2196773188155,156.1465201462366
353173.641548,555.2196773188155,156.1465201462366
353183.935361,555.2196773188155,156.1465201462366
353192.895437,555.2196773188155,156.1465201462366
353203.63683,555.2196773188155,156.1465201462366
353213.581297,555.2196773188155,156.1465201462366
353224.07181,555.2196773188155,156.1465201462366
353234.624219,555.2196773188155,156.1465201462366
353244.559941,552.4943846010472,147.85072712207673
353254.250871,552.4943846010472,147.85072712207673
353264.577158,552.4943846010472,147.85072712207673
353273.507438,555.9268714167453,143.01526121847164
353283.486556,555.4162970656697,139.79943926924284
353293.476687,552.1461228414695,139.29180179176325
353303.647947,552.1461228414695,139.2918017815142
353312.898129,552.1461228414695,139.2918017815142
353324.100034,552.1461228414695,139.2918017815142
353333.65066,552.1461228414695,139.2918017815142
353343.676526,546.4628171715765,140.47714805596323
353352.972418,546.462816391499,140.47714922253255
353362.935707,546.462816391499,140.47714922253255
353374.273072,546.462816391499,140.47714922253255
353383.498823,544.3410939396945,143.92113202747203
353392.922199,544.3410939396945,143.92113202747203
353403.525601,544.3410939396945,143.92113202747203
353413.444897,544.3410939396945,143.92113202747203
353423.427338,544.3410939396945,143.92113202747203
353433.587491,544.3410939396945,143.92113202747203
353443.661463,544.3410939396945,143.92113202747203
353453.456116,544.3410939396945,143.92113202747203
353463.518765,544.3410939396945,143.92113202747203
353473.448529,544.3410939396945,143.92113202747203
353483.574371,544.3410939396945,143.92113202747203
353493.517591,544.3410939396945,143.92113202747203
353503.510705,544.3410939396945,143.92113202747203
353512.934109,544.3410939396945,143.92113202747203
353523.74978,544.3410939396945,143.92113202747203
353533.419391,544.3410939396945,143.92113202747203
353543.46811,542.0777351708671,143.7434951143476
353553.802878,542.0704408536953,143.74744501118585
353563.549397,542.0704408536953,143.74744501118585
353574.467164,540.3444872182451,141.60768071008965
353584.223096,531.718457688127,139.5346823039114
353594.395772,531.7139818885851,139.53485506387162
353604.906604,531.7139818885851,139.53485506387162
353613.569292,531.7139818885851,139.53485506387162
353623.565028,531.7139818885851,139.53485506387162
353632.897498,531.7139818885851,139.53485506387162
353645.003642,531.7139818885851,139.53485506387162
353653.69119,531.7139818885851,139.53485506387162
353663.516663,531.7139818885851,139.53485506387162
353674.388737,531.7139818885851,139.53485506387162
353682.899529,531.7139818885851,139.53485506387162
353693.508363,531.7139818885851,139.53485506387162
353704.269101,531.7139818885851,139.53485506387162
353715.597617,531.7139818885851,139.53485506387162
353722.900986,531.7139818885851,139.53485506387162
353733.412469,531.7139818885851,139.53485506387162
353743.795739,530.5695177363847,139.06576228313182
353753.263669,530.5695177363847,139.06576228313182
353763.421295,530.5695177363847,139.06576228313182
353773.367748,530.5695177363847,139.06576228313182
353783.894824,530.5695177363847,139.06576228313182
353794.017234,530.5695177363847,139.06576228313182
353803.348166,530.5695177363847,139.06576228313182
353813.997122,530.5695177363847,139.06576228313182
353823.291882,530.5695177363847,139.06576228313182
353833.268861,530.5695177363847,139.06576228313182
353844.075752,530.5695177363847,139.06576228313182
353853.499014,530.5695177363847,139.06576228313182
353863.293838,530.5695177363847,139.06576228313182
353873.268905,530.5695177363847,139.06576228313182
353882.940132,530.5695177363847,139.06576228313182
353893.986455,530.5695177363847,139.06576228313182
353903.266517,530.5695177363847,139.06576228313182
353914.027808,530.5695177363847,139.06576228313182
353923.985307,530.5695177363847,139.06576228313182
353932.899704,530.5695177363847,139.06576228313182
353943.279806,530.5695177363847,139.06576228313182
353953.798775,530.5695177363847,139.06576228313182
353963.285285,530.5695177363847,139.06576228313182
353973.255502,530.5695177363847,139.06576228313182
353983.353776,530.5695177363847,139.06576228313182
353993.396598,531.7480654468447,137.4461070502905
354002.950722,529.6376591379396,131.3727802743626
354014.016228,529.0996735483805,131.38683216352044
354023.728408,529.0996735483805,131.38683216352044
354033.253761,529.0996735483805,131.38683216352044
354043.493792,529.5484186826073,130.95698836369576
354054.226596,529.5484186826073,130.95698836369576
354063.942547,529.5484186826073,130.95698836369576
354073.28084,529.5484186826073,130.95698836369576
354083.261146,529.5484186826073,130.95698836369576
354093.305047,529.5484186826073,130.95698836369576
354103.331179,529.5484186826073,130.95698836369576
354113.985493,529.5484186826073,130.95698836369576
354125.470057,529.5484186826073,130.95698836369576
354133.340044,529.5484186826073,130.95698836369576
354143.267855,529.5484186826073,130.95698836369576
354154.070997,529.5484186826073,130.95698836369576
354163.246795,529.5484186826073,130.95698836369576
354173.169024,529.5484186826073,130.95698836369576
354183.269953,529.5484186826073,130.95698836369576
354193.290004,529.5484186826073,130.95698836369576
354203.255964,529.5484186826073,130.95698836369576
354212.901113,529.5484186826073,130.95698836369576
354223.888925,529.5484186826073,130.95698836369576
354233.970311,529.5484186826073,130.95698836369576
354243.934099,529.5484186826073,130.95698836369576
354253.435279,529.5484186826073,130.95698836369576
354265.173601,529.5484186826073,130.95698836369576
354273.400132,529.5484186826073,130.95698836369576
354283.275678,529.5484186826073,130.95698836369576
354293.25546,529.5484186826073,130.95698836369576
354303.243341,529.5484186826073,130.95698836369576
354313.431519,529.5484186826073,130.95698836369576
354323.583646,524.7271933507909,127.34729026221171
354332.934045,524.7271933507909,127.34729026221171
354343.464911,524.7271933507909,127.34729026221171
354354.210398,524.7271933507909,127.34729026221171
354364.270497,524.7271933507909,127.34729026221171
354372.934743,524.7271933507909,127.34729026221171
354383.439663,524.7271933507909,127.34729026221171
354393.392786,524.7271933507909,127.34729026221171
354403.39344,524.7271933507909,127.34729026221171
354413.475222,524.7271933507909,127.34729026221171
354422.933089,524.7271933507909,127.34729026221171
354434.528138,524.7271933507909,127.34729026221171
354444.145236,524.7271933507909,127.34729026221171
354452.924348,524.7271933507909,127.34729026221171
354463.488666,524.7271933507909,127.34729026221171
354472.925296,524.7271933507909,127.34729026221171
354484.199568,524.7271933507909,127.34729026221171
354492.917066,524.7271933507909,127.34729026221171
354503.46801,524.7271933507909,127.34729026221171
354513.473145,524.7271933507909,127.34729026221171
354523.386508,524.7271933507909,127.34729026221171
354535.881791,524.7271933507909,127.34729026221171
354543.205872,524.7271933507909,127.34729026221171
354554.123984,524.7271933507909,127.34729026221171
354564.092787,524.7271933507909,127.34729026221171
354573.915088,524.7271933507909,127.34729026221171
354584.166653,524.7271933507909,127.34729026221171
354593.332669,523.2012021653619,130.59744500784137
354603.46786,525.283682850757,123.24199137259625
354613.565429,524.1792299973648,122.6078387574206
354623.398448,523.0445214725631,123.32199008453868
354635.874141,523.0445214725631,123.32199008453868
354643.329677,523.0445214725631,123.32199008453868
354653.456832,523.0445214725631,123.32199008453868
354662.913669,523.0445214725631,123.32199008453868
354674.329465,519.8717087696521,128.11108873468407
354683.496008,516.6380837701229,133.26482081142572
354694.564371,519.4568843402001,127.83467219487429
354705.755918,519.4524860216048,128.00923513814428
354713.520298,520.3261336918943,130.34658526911048
354723.438033,519.8439569037183,129.4417429331872
354733.576423,517.7751887374191,133.26543596881731
354744.11137,518.3707527356087,127.8498848464085
354753.580974,518.9230870315059,125.8186902560184
354764.079998,517.8103401925543,124.05991513080862
354776.373792,519.5624608891967,122.9480578309585
354783.792204,518.680015760364,120.91129699471084
354793.434151,517.4154491759393,119.5077815894516
354804.570328,517.3676305936339,117.74824832092467
354813.370931,483.6961650807664,88.10819861976191
354824.381971,444.4570495372969,59.83252890522582
354833.640097,399.0694641992401,18.24606460887522
354896.643836,167.59282793756898,-1.3040398768152015
354902.93955,161.6134233583466,84.8940624776901
354912.90384,103.54009922122006,95.18730995186418
354923.43408,95.08127877419248,162.17296223862718
354933.523492,-1.3677103288983543,199.02600355598275
354943.433453,-70.74109351915376,209.64410467820625
354952.99781,-92.80665467109604,198.81765732327392
354963.404161,-122.41711179678587,183.93756124228472
354975.719673,-146.4686214678156,170.156509399896
354983.569033,-155.47509994173333,180.5375012685052
354995.402087,-155.76688639100811,181.35337742394063
355004.714372,-155.76688639100811,181.35337742394063
355012.955285,-155.76688639100811,181.35337742394063
355023.657156,-155.76688639100811,181.35337742394063
355035.299076,-166.2602609400259,179.09354561445895
355045.259924,-166.2602609400259,179.09354561445895
355053.371362,-183.72273321043983,222.32333876300785
355062.948652,-221.87269171360572,217.853422814651
355073.455125,-226.17050204408704,216.1466498167837
355084.667304,-235.34146317436955,232.49865838233023
355094.600676,-235.34146317436955,232.49865838233023
355104.387136,-236.81832282510024,240.35366577863832
355113.64523,-244.1645838980711,273.4056261232489
355122.943115,-271.98467086331834,285.9157348373665
355133.028274,-320.52652949703344,275.736261158921
355144.459194,-331.2744096341043,275.20423382698624
355155.511406,-331.2744096341043,275.20423382698624
355162.93316,-344.06643892026176,278.5802238434878
355173.969445,-357.5807241813631,312.8944279762784
355183.3827,-363.55265109974255,355.3221202203678
355194.096321,-335.2197642472678,380.3605993410732
355203.5802,-283.0035059067969,400.95543769131376
355208.168522,-279.137199640477,408.4132244554564
355213.145946,-282.5758498946292,423.1067812097178
355223.842437,-285.7549328758533,440.42429477116553
355237.346608,-285.7549328758533,440.42429477116553
355243.001434,-289.6208569567889,443.41363212803736
355254.8145,-293.99031668371134,449.5148373826178
355263.414141,-295.46785835301563,449.2084079155579
355268.761533,-299.38713234814446,448.8197668188712
355273.011336,-319.1317792283282,440.4338730223647
355283.222073,-337.3311896101698,425.1292225583873
355293.335098,-336.9961996230977,406.1934135543144
355303.258982,-311.6573399165922,390.1989340184224
355313.027677,-280.0674560580578,396.6462717658106
355324.458756,-228.0134604658858,418.3764413949091
355333.937046,-196.55005221162975,435.9472017768424
355343.907572,-146.1969075687016,448.7055471154704
355354.915931,-22.988171779333157,490.30110188153833
355362.950528,18.949706518372043,505.1949593494586
355372.99956,18.949706518372043,505.1949593494586
355385.098489,18.949706518372043,505.1949593494586
355393.485658,18.949706518372043,505.1949593494586
355402.956098,70.74572601498356,525.9180476460301
355412.911099,160.38636195137448,559.9523018837307
355423.555129,255.967582469952,593.9541174845043
355434.151811,255.967582469952,593.9541174845043
355444.034712,255.967582469952,593.9541174845043
355453.555483,264.346635083506,592.2554675715791
355457.799741,281.27355050156626,592.442731769084
355463.012682,293.0668918300309,590.0027774358472
355473.342366,293.0668918300309,590.0027774358472
355483.482293,293.9485179776624,585.7487724564802
355492.908119,294.6686266910879,583.4870743526224
355503.475868,294.6686266910879,583.4870743526224
355512.911521,294.6686266910879,583.4870743526224
355523.333061,297.44836077191815,577.0382678670355
355532.956763,297.44836077191815,577.0382678670355
355544.068522,297.44836077191815,577.0382678670355
355553.933199,297.44836077191815,577.0382678670355
355563.246247,297.44836077191815,577.0382678670355
355574.109539,297.44836077191815,577.0382678670355
355583.240451,297.44836077191815,577.0382678670355
355594.224689,297.44836077191815,577.0382678670355
355603.51369,297.44836077191815,577.0382678670355
355612.993856,297.44836077191815,577.0382678670355
355623.401544,297.44836077191815,577.0382678670355
355633.324971,297.44836077191815,577.0382678670355
355643.343693,297.44836077191815,577.0382678670355
355656.198096,297.44836077191815,577.0382678670355
355664.969582,297.44836077191815,577.0382678670355
355674.319143,297.44836077191815,577.0382678670355
355684.451762,297.44836077191815,577.0382678670355
355693.622934,297.44836077191815,577.0382678670355
355703.560385,297.44836077191815,577.0382678670355
355713.416188,297.44836077191815,577.0382678670355
355723.667608,297.44836077191815,577.0382678670355
355732.964253,297.44836077191815,577.0382678670355
355744.967336,297.44836077191815,577.0382678670355
355753.827841,297.44836077191815,577.0382678670355
355763.467393,297.44836077191815,577.0382678670355
355773.780443,297.44836077191815,577.0382678670355
355784.449471,300.2227899808504,580.304559278576
355793.615551,300.7436812549333,580.8572940863346
355803.43017,300.7436812549333,580.8572940863346
355814.53656,300.7436812549333,580.8572940863346
355824.143964,300.7436812549333,580.8572940863346
355833.375997,300.7436812549333,580.8572940863346
355843.871549,300.7436812549333,580.8572940863346
355853.0246,300.7436812549333,580.8572940863346
355863.344472,300.7436812549333,580.8572940863346
355874.97042,300.7436812549333,580.8572940863346
355883.327189,300.7436812549333,580.8572940863346
355893.354973,300.7436812549333,580.8572940863346
355903.006205,302.2445981134242,582.9449095970259
355912.903182,302.2445981134242,582.9449095970259
355924.341543,302.81002406017467,583.4951700144197
355933.907378,303.5620244833651,583.9104933664839
355943.463719,303.5620244833651,583.9104933664839
355953.671147,303.5620244833651,583.9104933664839
355963.561009,303.5620244833651,583.9104933664839
355973.449455,303.5620244833651,583.9104933664839
355983.025436,303.5620244833651,583.9104933664839
355993.925246,303.5620244833651,583.9104933664839
356006.430043,311.2618750989364,587.7748518224996
356013.539894,320.6406888117904,591.836525508495
356023.637419,320.6406888117904,591.836525508495
356033.238409,320.6406888117904,591.836525508495
356043.869855,320.26326715127345,590.0276012180111
356053.762213,320.26326715127345,590.0276012180111
356063.854038,320.26326715127345,590.0276012180111
356073.777268,320.26326715127345,590.0276012180111
356083.589258,320.26326715127345,590.0276012180111
356094.319481,320.26326715127345,590.0276012180111
356102.936065,320.26326715127345,590.0276012180111
356114.421719,320.26326715127345,590.0276012180111
356124.349513,320.26326715127345,590.0276012180111
356134.091201,320.26326715127345,590.0276012180111
356143.538825,320.26326715127345,590.0276012180111
356155.733966,320.26326715127345,590.0276012180111
356163.446896,320.26326715127345,590.0276012180111
356173.51398,320.26326715127345,590.0276012180111
356183.487586,320.39701335968243,590.0897460377568
356193.667644,320.3970129031628,590.0897581119762
356204.623708,320.3970129031628,590.0897581119762
356212.915354,320.3970129031628,590.0897581119762
356222.99134,320.3970129031628,590.0897581119762
356232.96166,320.3970129031628,590.0897581119762
356243.632423,323.17097167437885,593.0045842175539
356253.008558,323.1742247063985,593.0093646870448
356263.717637,323.1742247063985,593.0093646870448
356272.978815,323.1742247063985,593.0093646870448
356283.537178,328.0438636173253,595.3598257196614
356293.605462,328.0477861791212,595.3608791643649
356303.846576,328.0477861791212,595.3608791643649
356314.015595,328.0477861791212,595.3608791643649
356323.333235,331.8042364170397,598.619615326097
356334.601559,334.1458132166919,601.7203458350253
356344.176793,339.9446486890575,605.0727561144116
356353.740552,339.9446486890575,605.0727561144116
356363.579099,339.9446486890575,605.0727561144116
356373.752423,339.9446486890575,605.0727561144116
356383.536829,339.9446486890575,605.0727561144116
356392.945619,348.6720298126443,611.7718916919009
356403.58614,357.4327821123533,619.7683466565472
356415.263539,359.1491429332751,624.5413818110751
356427.00485,358.9183700221865,627.1545033010503
356433.003265,356.0487332422251,633.0421153419417
356445.903307,356.0487332422251,633.0421153419417
356455.82483,329.59270759133875,648.6815952285062
356461.200993,311.13876401070763,633.7711300645279
356464.422711,288.15194092209043,607.7858575998931
356464.423446,288.15194092209043,607.7858575998931
356466.369537,288.15194092209043,607.7858575998931
356476.972802,288.15194092209043,607.7858575998931
356486.090564,288.15194092209043,607.7858575998931
356497.121353,288.15194092209043,607.7858575998931
356506.052506,285.9343678560962,605.2299301932678
356516.09179,231.2000080534825,580.046747946472
356530.150465,115.36613116980294,533.9358506422512
356537.868616,109.26795486130597,530.6012568015523
356546.114899,59.9651149525377,513.3535679818156
356556.592501,-56.759804124561775,474.8879121661958
356571.083851,-140.65112940368402,444.7582484265209
356576.108797,-201.37645533843116,418.6746140679609
356586.345192,-258.2727903166888,405.74969738678885
356597.938259,-279.9713661061489,422.0734774754999
356606.522526,-287.8564396750242,450.1472658395711
356616.691675,-336.4823873426366,440.3550946446699
356626.060337,-375.9738621688962,424.1386264442675
356637.192982,-381.83792306838257,420.4082691266072
356646.471051,-374.4745407287351,362.8845696025198
356656.793822,-366.9923894481639,352.4039336079814
356666.050893,-348.6540244129281,296.9564597089002
356676.007,-333.78759438887937,228.8093849930256
356686.481197,-331.5447233070759,214.46498106785023
356696.010152,-331.5447233070759,214.46498106785023
356706.011146,-328.1159156050288,209.3797173732325
356717.786691,-324.4345050244516,202.24344040498448
356728.601017,-324.4345050244516,202.24344040498448
356736.364716,-324.4345050244516,202.24344040498448
356746.449743,-319.11992494207,190.1903868792384
356756.106923,-317.4571096422933,181.52134625431796
356766.348954,-302.01771358367205,127.3668391487103
356776.348918,-295.1195202241964,96.0117577386912
356786.157672,-278.51520244687043,59.26101457868468
356796.80744,-273.28165693676334,13.541774018545569
356807.941732,-263.1422763487409,-0.6715750585347132
361671.240904,401.3075319648583,12.176688579125004
361679.98196,478.4788611075285,81.35674439608466
361688.51463,531.8581286579488,124.40426610379863
361699.642904,619.5736622247142,201.23953952453016
366051.932916,461.7072718439974,931.3955824781492
366061.898898,460.9032652714349,928.590955033627
366071.947897,460.9032652714349,928.590955033627
366081.932312,460.9032652714349,928.590955033627
366092.277912,460.9032652714349,928.590955033627
366102.356385,456.45993306590697,918.553032078957
366112.602864,351.9032928253194,863.5439603220417
366123.323435,264.4463798865125,812.3135210850721
366132.907361,286.6101029748173,714.5957288448332
366141.979687,323.06899691714057,674.5594291640697
366152.378319,325.81664229543856,671.6416991438795
366161.947294,302.277908172972,618.5842722663666
366171.996778,284.5382330115834,602.2890383244467
366181.932659,284.5382330115834,602.2890383244467
366192.272158,284.5382330115834,602.2890383244467
366202.279515,284.5382330115834,602.2890383244467
366212.419814,284.5382330115834,602.2890383244467
366222.639526,305.4538774252305,572.1744036051662
366232.302567,357.89852544323804,529.4483227874243
366245.128254,418.21355837812376,483.00088793858737
366252.34092,443.0699397736179,462.4477312448465
366266.232016,445.5650110179421,455.66873801477857
366273.66986,459.6719760761195,437.9425153481657
366284.091033,459.6719760761195,437.9425153481657
366293.042782,459.6719760761195,437.9425153481657
366302.43707,459.6719760761195,437.9425153481657
366312.517224,459.6719760761195,437.9425153481657
366322.379872,459.6719760761195,437.9425153481657
366332.323158,459.6719760761195,437.9425153481657
366351.342019,486.2834153407791,421.85225895197567
366351.94053,443.4492612828613,366.2664952374198
366361.941191,358.9006438676208,297.2538589002877
366372.918114,290.1045992065458,231.3377343699394
366382.195698,191.6550455038104,137.13733339526712
366392.306885,158.76530482027434,46.11380924423407
432990.485522,-261.01043355910434,0.2316327559259846
432998.944227,-279.0944093818441,49.971567095133096
433010.282497,-290.9339853591512,96.1961502839289
433018.558276,-309.39194947988665,167.7716439949725
433029.09698,-323.1417534119416,230.5935147740872
433038.626067,-342.1179605024173,285.7970006341516
433048.568836,-358.0307130694672,325.2216912109412
433061.317626,-361.7515653301813,347.46738735057323
433069.803105,-365.5480665657872,364.9153548063369
433078.572551,-344.3870471486684,374.80928625333166
433088.648214,-300.71308467374325,388.0286019022718
433098.710215,-261.70942014821554,399.539765727132
433111.063715,-227.51306231499268,417.8133628500139
433119.038945,-137.88751397630386,453.2584439211759
433130.259494,-94.51143057661544,465.6054115433308
433138.565756,-50.15874882918556,474.5763284862055
433149.776843,58.634411465399786,508.5747524842088
433159.118058,63.1151519025393,509.6751898426528
433168.891267,63.1151519025393,509.6751898426528
433178.62513,63.1151519025393,509.6751898426528
433188.944,63.1151519025393,509.6751898426528
433200.076065,63.1151519025393,509.6751898426528
433209.8336,105.22808716695044,545.6864617161575
433218.908301,199.56521005576147,574.1745268734031
433229.634996,263.59763608860817,587.2498398322867
433238.874255,263.59763608860817,587.2498398322867
433248.92675,263.59763608860817,587.2498398322867
433258.973961,263.59763608860817,587.2498398322867
433268.637333,263.59763608860817,587.2498398322867
433279.00279,284.03798598900624,591.256049727599
433288.649434,353.7968597593677,623.3682656077316
433298.664383,351.6060911286751,661.9707932260482
433308.837402,351.6060911286751,661.9707932260482
433319.29429,351.6060911286751,661.9707932260482
433329.602015,351.6060911286751,661.9707932260482
433338.525393,319.0004176788285,702.3389527052318
433349.039355,274.0549094601509,801.4959550878859
433359.168238,386.6679053647787,901.7153926037756
433368.609991,451.49381976199686,919.786077117033
441241.679635,462.615771833298,930.6262299998126
441250.853472,371.5217225873972,866.3662288935559
441262.033362,265.5833921212092,805.9242719978115
441270.920721,312.80301007430074,678.2506770705259
441281.757913,318.07199524660655,670.8671478939883
441290.930351,312.44866538787664,626.4678592091244
441301.389513,293.2790687945268,604.2967422010397
441311.443114,293.2790687945268,604.2967422010397
441322.612988,293.2790687945268,604.2967422010397
441332.074708,293.2790687945268,604.2967422010397
441342.143348,293.2790687945268,604.2967422010397
441351.461128,293.2790687945268,604.2967422010397
441361.796628,293.2790687945268,604.2967422010397
441371.514697,324.149267109734,556.1990429330805
441380.895105,389.66153605311416,504.9650745507876
441395.601963,469.6198942090472,445.7164690079701
441400.931901,469.6198942090472,445.7164690079701
441411.799061,469.6198942090472,445.7164690079701
441422.394134,469.6198942090472,445.7164690079701
441433.76763,510.9311603436129,411.16768623845616
441441.60071,573.4398139286499,363.556173755808
442528.172975,380.8146987593796,-2.40837060943126
442536.704591,458.3629695272625,66.58495545193581
442546.709949,459.95516732871454,68.14554927565797
442557.450797,459.95516732871454,68.14554927565797
442567.438556,535.1789486707215,129.86295125754253
442577.728891,588.8679527860616,175.01152964209675
446009.075426,617.9417013763364,211.13895012646915
446019.416538,586.5760347542757,178.38018248653736
446026.759704,586.5760347542757,178.38018248653736
446037.444696,586.5760347542757,178.38018248653736
446047.171721,586.5760347542757,178.38018248653736
446057.309976,586.5760347542757,178.38018248653736
446067.189416,586.5760347542757,178.38018248653736
446077.853741,586.5760347542757,178.38018248653736
446088.312687,586.5760347542757,178.38018248653736
446097.900597,586.5760347542757,178.38018248653736
446107.216737,586.5760347542757,178.38018248653736
446117.133413,586.5760347542757,178.38018248653736
446129.511362,586.5760347542757,178.38018248653736
446136.733482,586.5760347542757,178.38018248653736
446146.764749,586.5760347542757,178.38018248653736
446156.732051,586.5760347542757,178.38018248653736
446167.090829,586.5760347542757,178.38018248653736
446177.98189,586.5760347542757,178.38018248653736
446187.866111,586.5346390790143,175.33166510144787
446197.224778,586.5346390790143,175.33166510144787
446208.96104,586.5346390790143,175.33166510144787
446217.352046,586.5346390790143,175.33166510144787
446227.20013,586.5346390790143,175.33166510144787
446237.183614,586.5346390790143,175.33166510144787
446246.750148,586.5346390790143,175.33166510144787
446256.763028,586.5346390790143,175.33166510144787
446266.7344,586.5346390790143,175.33166510144787
446283.661035,586.5346390790143,175.33166510144787
446286.783963,586.5346390790143,175.33166510144787
446297.787183,586.5346390790143,175.33166510144787
446308.55966,586.5346390790143,175.33166510144787
446317.852725,591.1851887910648,171.52126847232486
446327.323349,583.6803267266444,167.86690792445197
446337.304891,570.8042601189691,157.78109586148452
446347.257831,570.8042601105667,157.78109586148452
446357.453043,570.8042601105667,157.78109586148452
446367.767395,570.1906544575653,157.39958581285953
446376.732611,570.1906544575653,157.39958581285953
446386.735548,570.1906544575653,157.39958581285953
446396.733168,570.1906544575653,157.39958581285953
446406.74423,570.1906544575653,157.39958581285953
446418.093476,570.3471826278876,157.28147140041233
446427.288251,570.5104989457179,157.2228812618539
446438.536687,568.3982125630284,153.35419330806812
446446.999062,561.1060174840197,144.46387355809802
446457.178125,561.1059866974803,144.46390165929225
446467.237588,561.1059866974803,144.46390165929225
446477.466531,561.1059866974803,144.46390165929225
446487.721971,561.1059866974803,144.46390165929225
446496.989171,561.1059866974803,144.46390165929225
446507.94163,561.1059866974803,144.46390165929225
446518.693401,561.1059866974803,144.46390165929225
446526.735666,561.1059866974803,144.46390165929225
446538.011145,561.1059866974803,144.46390165929225
446547.466265,561.1059866974803,144.46390165929225
446559.17119,561.1059866974803,144.46390165929225
446566.782438,561.1059866974803,144.46390165929225
446577.227675,561.1059866974803,144.46390165929225
446587.20781,561.1059866974803,144.46390165929225
446597.298569,561.1059866974803,144.46390165929225
446607.877794,561.1059866974803,144.46390165929225
446616.83347,561.1059866974803,144.46390165929225
446626.835079,561.1059866974803,144.46390165929225
446638.960001,561.1059866974803,144.46390165929225
446646.735096,561.1059866974803,144.46390165929225
446658.773589,561.1059866974803,144.46390165929225
446667.229496,561.1059866974803,144.46390165929225
446677.653895,561.1059866974803,144.46390165929225
446687.25669,561.1059866974803,144.46390165929225
446697.991043,561.1059866974803,144.46390165929225
446707.312235,561.1059866974803,144.46390165929225
446718.367002,561.1059866974803,144.46390165929225
446731.926658,561.1059866974803,144.46390165929225
446737.001167,561.1059866974803,144.46390165929225
446748.212134,561.1059866974803,144.46390165929225
446756.830755,561.1059866974803,144.46390165929225
446766.780914,561.1059866974803,144.46390165929225
446776.839625,561.1059866974803,144.46390165929225
446787.836901,561.1059866974803,144.46390165929225
446797.236087,561.1059866974803,144.46390165929225
446807.254058,561.1059866974803,144.46390165929225
446816.782913,561.1059866974803,144.46390165929225
446827.382734,561.1059866974803,144.46390165929225
446838.121836,561.1059866974803,144.46390165929225
446847.944591,561.1059866974803,144.46390165929225
446857.240992,561.1059866974803,144.46390165929225
446867.217636,561.1059866974803,144.46390165929225
446877.393542,561.1059866974803,144.46390165929225
446886.739112,561.1059866974803,144.46390165929225
446896.738086,561.1059866974803,144.46390165929225
446907.254045,561.1059866974803,144.46390165929225
446917.276813,561.1059866974803,144.46390165929225
446927.174748,561.1059866974803,144.46390165929225
446938.341708,561.1059866974803,144.46390165929225
446948.067959,561.1059866974803,144.46390165929225
446958.072128,561.1059866974803,144.46390165929225
446967.915991,561.1059866974803,144.46390165929225
446977.235075,561.1059866974803,144.46390165929225
446986.763906,561.1059866974803,144.46390165929225
446998.049288,561.1059866974803,144.46390165929225
447009.050011,561.1059866974803,144.46390165929225
447016.737774,561.1059866974803,144.46390165929225
447026.735951,561.1059866974803,144.46390165929225
447037.230907,561.1059866974803,144.46390165929225
447049.105953,561.1059866974803,144.46390165929225
447056.87221,561.1059866974803,144.46390165929225
447067.714974,561.1059866974803,144.46390165929225
447077.824553,561.1059866974803,144.46390165929225
447088.177737,561.1059866974803,144.46390165929225
447098.172169,561.1059866974803,144.46390165929225
447106.828185,561.1059866974803,144.46390165929225
447118.790002,561.1059866974803,144.46390165929225
447126.735678,561.1059866974803,144.46390165929225
447138.895744,561.1059866974803,144.46390165929225
447146.774919,561.1059866974803,144.46390165929225
447157.251575,561.1059866974803,144.46390165929225
447167.821002,561.1059866974803,144.46390165929225
447176.763451,559.5009725412135,144.33258386700788
447188.11247,551.8338181169667,143.51066702390742
447197.617031,551.8338181169667,143.51066702390742
447207.162676,551.8338181169667,143.51066702390742
447217.107323,551.8338181169667,143.51066702390742
447226.734392,551.8338181169667,143.51066702390742
447240.981923,551.8338181169667,143.51066702390742
447246.770968,551.8338181169667,143.51066702390742
447256.762402,551.8338181169667,143.51066702390742
447267.197814,551.8338181169667,143.51066702390742
447277.928037,551.8338181169667,143.51066702390742
447287.098746,551.8338181169667,143.51066702390742
447296.735439,551.8338181169667,143.51066702390742
447308.344621,551.8338181169667,143.51066702390742
447317.111507,551.8338181169667,143.51066702390742
447327.143423,551.8338181169667,143.51066702390742
447337.101095,551.8338181169667,143.51066702390742
447347.124734,551.8338181169667,143.51066702390742
447357.977577,551.8338181169667,143.51066702390742
447366.745441,551.8338181169667,143.51066702390742
447376.734881,551.8338181169667,143.51066702390742
447387.720686,551.8338181169667,143.51066702390742
447397.868401,551.8338181169667,143.51066702390742
447409.834824,551.8338181169667,143.51066702390742
447417.087856,551.8338181169667,143.51066702390742
447427.27066,551.8338181169667,143.51066702390742
447437.620639,551.8338181169667,143.51066702390742
447447.185646,551.8338181169667,143.51066702390742
447457.09222,547.2825533001682,146.26653919772946
447467.216415,542.6238316778167,149.72334637494825
447477.274316,542.6238316778167,149.72334637494825
447487.919943,542.6238316778167,149.72334637494825
447497.982136,542.6238316778167,149.72334637494825
447507.89543,542.3469848719958,152.6235490198164
447517.961798,541.471348229498,165.74509259170603
447527.856668,541.5143701179999,165.73073163437255
447537.172746,537.3443108841399,165.3167307936095
447547.668011,534.9306713764752,164.28909708144906
447557.239345,540.8213054279532,163.39083712907936
447567.263923,545.6653037179364,162.64583550515613
447577.239698,538.7627773839789,160.77747235696594
447587.641515,538.1196081603971,161.39607031360296
447596.744837,536.2745689470047,165.59083097966158
447607.154518,535.3471464326916,160.73022210105304
447619.455322,531.6851589724475,156.03464989935694
447628.290385,533.4840342880118,148.54304114293728
447637.447277,526.483105139702,144.88218745166145
447647.515585,526.9404722239614,144.13070600254514
447657.356972,522.9142810533745,136.78857455072546
447668.53299,520.3421824495313,140.99406111132396
447677.449832,521.6758293672899,140.4962931324037
447687.607391,522.1625025430452,138.71553474160956
447697.33895,518.6693721841846,135.06746723742796
447707.366855,518.0588221388658,131.72787154885276
447717.603186,520.181926602259,136.11245207582826
447727.763704,521.6394307893112,140.68047190197203
447736.747838,520.5578814180114,142.2893576232976
447748.18632,520.340044332353,141.4511176945208
447757.586375,520.3400443406077,141.4511176945208
447767.280297,520.3400443406077,141.4511176945208
447777.307297,520.3400443406077,141.4511176945208
447786.772374,520.3400443406077,141.4511176945208
447797.324784,520.3400443406077,141.4511176945208
447807.322694,520.3400443406077,141.4511176945208
447824.274235,520.3400443406077,141.4511176945208
447827.366882,520.3400443406077,141.4511176945208
447830.664829,520.3400443406077,141.4511176945208
447830.665391,520.3400443406077,141.4511176945208
447840.147252,520.3400443406077,141.4511176945208
447840.147934,520.3400443406077,141.4511176945208
447841.553291,520.3400443406077,141.4511176945208
447853.28855,520.3400443406077,141.4511176945208
447861.590564,520.3400443406077,141.4511176945208
447872.999232,520.3400443406077,141.4511176945208
447882.261308,520.3400443406077,141.4511176945208
447892.148929,520.3400443406077,141.4511176945208
447902.20728,520.3400443406077,141.4511176945208
447911.554194,520.3400443406077,141.4511176945208
447921.5819,520.3400443406077,141.4511176945208
447931.584048,520.3400443406077,141.4511176945208
447942.928574,520.3400443406077,141.4511176945208
447952.934833,520.3400443406077,141.4511176945208
447962.279867,520.3400443406077,141.4511176945208
447972.987113,520.3400443406077,141.4511176945208
447982.76052,520.3400443406077,141.4511176945208
447994.793258,520.3400443406077,141.4511176945208
448001.884484,520.3400443406077,141.4511176945208
448013.705848,500.2380167499797,125.26375377662856
448021.89171,459.0507817490436,88.61693177499427
448031.591676,409.2577773776632,148.88476285993386
448042.904401,384.0690641552426,175.15981498352124
448062.574728,384.0690641552426,175.15981498352124
448062.578689,130.14780953665252,459.6858512145898
448062.946261,118.6373220014867,480.157846110848
448062.946885,118.6373220014867,480.157846110848
448064.265587,118.6373220014867,480.157846110848
448074.320497,119.35629496318886,499.80886318129166
448084.388269,140.09746270287965,543.8925810917669
448094.931047,218.38120009641105,574.0000683702236
448104.284613,260.9206293187128,586.3806452035495
448114.597272,260.9206293187128,586.3806452035495
448124.631648,260.9206293187128,586.3806452035495
448134.267835,324.8493721236777,604.8271575745944
448145.354578,353.6466597295255,643.4220042895039
448154.371331,341.9977673035953,668.0356542098909
448164.311732,269.1374428302261,792.7207836693792
448175.234207,359.49486982710664,869.8270566412775
448184.285173,452.64151696408993,916.6199364366332
799154.348931,404.6461072600735,21.70842056688759
799165.837224,479.2230354679269,86.64712907265849
799173.575433,534.3827622854933,135.2175666445493
799182.927493,602.6725927619268,200.2735631767457
799193.294176,618.9948207213957,213.6053970526632
799512.393478,595.5596835685145,189.19195200402632
799522.638892,515.8730096210422,121.59714391405204
799529.565909,449.03311086475,65.2953528328997
799539.755437,378.4298919673694,3.7695301780380985
873631.684102,438.54334574642814,33.80944559705836
873641.835914,458.7623698187189,53.96808121092093
873652.075464,458.7623698187189,53.96808121092093
873661.94689,521.4200197198104,110.38558415016168
873671.975865,570.7131616048644,156.3746956298189
873682.06305,572.2941650814868,157.2995812152764
873691.530806,589.2838062015784,171.4622696561205
888516.107745,-419.9296679022095,524.2004470690276
888525.902598,-416.1792417900329,518.9453612506385
888539.113134,-406.9636824083444,482.38760882230576
888675.866212,-400.4813238944579,442.562240750665
888692.889718,-373.0424460113051,398.70521992732085
888695.911196,-346.4810589862685,298.7635344134142
888708.546518,-331.8396118758323,237.77447883163092
888715.953961,-312.61880501282576,184.6400550007668
888725.896664,-294.6180524669924,137.03499790357077
888737.18029,-268.60421916457227,55.217029216594135
954692.977745,193.9524441170342,131.17165812129832
954692.978317,193.9524441170342,131.17165812129832
954695.374583,205.1513776551368,145.97102404539083
954705.851542,260.14136453673234,194.9638552625757
954715.362998,316.0038596570978,247.25906409355068
954731.399811,374.60526402452456,300.6177753002474
954735.437672,455.2317797392472,375.4367542997856
954746.270813,476.87174084861954,396.390461738288
954756.67028,476.87174084861954,396.390461738288
954765.796628,476.87174084861954,396.390461738288
954775.997647,506.63541545628846,423.9951024061883
954785.660742,560.4423847703348,475.8567192067865
954795.881219,632.6478113393592,546.3046554374565
954826.901394,591.351396277819,689.3684773659056
954836.837516,577.9513163196851,715.8361441864756
954847.434126,629.4734857288959,747.6375632677602
954915.395961,521.1788980289164,860.0114283418905
954927.683957,460.0454057015312,954.8438767787818
955206.007433,94.59880357145737,952.7439167294236
955215.387367,94.11354545887028,913.9678945487244
955225.390016,94.10934366003008,850.6795906081874
955235.399014,98.0291113122032,756.6165897499986
955247.079164,131.65811343844103,701.8432138395405
955255.87491,193.8163496208953,657.2048900517722
955266.230032,248.87942200789004,614.2360344413482
955276.204924,315.00544976538526,566.0578309782156
955285.356685,356.0842846078225,533.2407113445504
955296.484374,388.3048820653916,505.2774928486371
955305.384466,474.64611208273897,435.986937452828
955318.059191,475.9837036857249,434.7795857313367
955327.819048,490.6052238931345,422.338291560117
955335.938836,391.19849466362393,329.7343795087633
955346.697547,354.45474756035884,296.2276710251491
955355.777036,310.2988938081471,252.7646168808484
955368.837575,194.5670645499745,136.05298825037926
958039.792475,-249.9820913383872,-1.0551191498395234
958049.704111,-273.41473880177256,43.88487025767832
958062.183648,-288.1907213128615,76.00804100194306
958069.981864,-299.1229832984693,132.79012759614176
958079.749555,-312.68859782801394,180.92145645595832
958089.061092,-323.3387930432854,211.7465905337415
958099.347814,-334.99885515634594,239.0646283047832
958109.43549,-336.20402307252226,246.07551789679053
958119.0261,-339.53024190340136,262.54395698942693
958129.994045,-339.53024190340136,262.54395698942693
958142.35711,-339.53024190340136,262.54395698942693
958149.808681,-344.62506336763323,269.3351291213917
958160.549933,-352.3476317660502,279.8383661777334
958169.487107,-352.96000707555623,282.9590241656496
958179.121212,-354.938936581051,315.3526775082932
958189.457056,-361.4557387408848,341.43025670363807
958199.441466,-363.5183080709678,367.2040133414113
958210.547097,-314.6614595431612,394.8883675351656
958213.772048,-302.44063784423867,397.8523194602206
958219.135016,-293.181161570023,398.0256351574932
958229.119648,-276.69784421457496,403.6828819969278
958240.229613,-278.1583168946255,431.167801916253
958249.116396,-277.5196912922092,443.4683821783001
958259.551754,-279.8589970778887,448.30738490373153
958269.473069,-311.40516020875936,447.02094958815286
958279.498896,-345.6550554600849,429.8258653770397
958289.049134,-347.40343307065723,418.4813363276159
958299.120826,-347.40343307065723,418.4813363276159
958309.384019,-347.40343307065723,418.4813363276159
958319.550407,-347.40343307065723,418.4813363276159
958329.112884,-347.18946879862403,416.9834396507418
958339.922525,-345.45595692690694,414.4377611101493
958350.075333,-345.45595692690694,414.4377611101493
958360.290556,-345.45595692690694,414.4377611101493
958369.403857,-345.45595692690694,414.4377611101493
958382.183552,-345.45595692690694,414.4377611101493
958389.524479,-345.45595692690694,414.4377611101493
958399.617191,-345.45595692690694,414.4377611101493
958409.366538,-345.45595692690694,414.4377611101493
958420.083034,-345.45595692690694,414.4377611101493
958429.402725,-345.45595692690694,414.4377611101493
958439.36462,-345.45595692690694,414.4377611101493
958449.029156,-345.45595692690694,414.4377611101493
958462.376588,-345.45595692690694,414.4377611101493
958470.513862,-342.615971255794,407.73871680383377
958481.625515,-339.4962185490912,404.4045682663772
958489.350183,-326.1933453834275,402.7541149519855
958499.362408,-319.2932213141169,402.0135182042271
958509.510914,-325.7295591346019,396.7208687900976
958521.886674,-330.0744420567268,393.5385828139156
958529.485686,-330.4034400495576,389.6148001982237
958539.066664,-330.3995379677519,389.61041590008347
958550.339858,-325.1879531813525,384.1192703833191
958551.169893,-325.1879531813525,384.1192703833191
958559.059502,-321.6587786041767,385.1845808372613
958570.809201,-305.5463940067293,386.5854042259076
958579.649422,-287.27678303994844,397.5027959897902
958589.566393,-276.35763700186584,403.6424501595272
958599.601014,-260.2400570769972,414.4591022650894
958609.419803,-221.2579809871198,426.4058883021241
958619.356934,-188.1428456302845,436.3190399091284
958629.700106,-146.33000978119958,451.1124098415436
958643.131573,-95.90202233890528,474.4968909387129
958649.994584,-47.009142567907766,483.69509305978187
958659.388463,1.6727583441078329,500.6137260285975
958669.115989,104.99059973070382,535.1517420554554
958679.545375,196.6228427042436,565.9082680102925
958689.526863,235.6080879067933,584.6928925058029
958701.775405,285.15972518057856,601.1088634174832
958709.500817,297.00866611069233,600.4816135586786
958719.497618,346.2056208375035,621.3393548718773
958729.731859,353.736926673374,631.2876020007844
958739.079274,353.736926673374,631.2876020007844
958749.116858,353.736926673374,631.2876020007844
958760.623401,348.91970224569343,649.2455848842578
958770.931826,313.10535028742794,695.6392174426331
958779.536437,291.5144377158825,839.1183189650783
958789.376729,426.73874875584704,897.9762168744239
958800.42117,474.59899628964416,963.8403584504716
959100.518907,460.8890312222469,952.278188803512
959109.723386,460.8890312222469,952.278188803512
959119.550718,460.8890312222469,952.278188803512
959129.123893,460.8890312222469,952.278188803512
959139.123389,455.1594115872978,915.42418530455
959149.1272,386.6434479060824,878.0066144092485
959159.173454,294.32817691974145,839.7194398893972
959169.123493,285.9016981248518,729.4704884382901
959179.846665,310.3107424515188,692.6455001316396
959189.367569,322.1210154570904,668.3971265360115
959199.137037,322.1210154570904,668.3971265360115
959209.366552,322.1210154570904,668.3971265360115
959215.978188,322.1210154570904,668.3971265360115
959219.779487,324.42816907500827,658.8155137374837
959230.380228,308.09445697932455,628.4408590311018
959240.325994,305.40365840053914,627.8849436407958
959249.424385,296.9634294372871,589.5043325474252
959259.774024,305.36206003975474,590.1680614780034
959270.243933,315.26194397089205,596.2517842796275
959279.089519,315.26194397089205,596.2517842796275
959289.587036,328.95130758479854,606.6264709967467
959299.369501,328.95130758479854,606.6264709967467
959309.409159,328.95130758479854,606.6264709967467
959320.135138,328.95130758479854,606.6264709967467
959330.039482,328.95130758479854,606.6264709967467
959340.088513,328.95130758479854,606.6264709967467
959349.393545,328.95130758479854,606.6264709967467
959359.81581,328.95130758479854,606.6264709967467
959369.484896,328.95130758479854,606.6264709967467
959379.525383,328.95130758479854,606.6264709967467
959390.912812,328.95130758479854,606.6264709967467
959399.3682,328.95130758479854,606.6264709967467
959409.392894,328.95130758479854,606.6264709967467
959419.113354,328.95130758479854,606.6264709967467
959429.452887,328.95130758479854,606.6264709967467
959439.357258,328.95130758479854,606.6264709967467
959450.194433,328.95130758479854,606.6264709967467
959459.124956,328.95130758479854,606.6264709967467
959470.652406,328.95130758479854,606.6264709967467
959479.373142,328.95130758479854,606.6264709967467
959490.318556,328.95130758479854,606.6264709967467
959499.435633,328.95130758479854,606.6264709967467
959509.356566,328.95130758479854,606.6264709967467
959519.447364,328.95130758479854,606.6264709967467
959529.390543,329.42786724521744,606.9184970876025
959540.308794,329.42786724521744,606.9184970876025
959549.127595,334.6412594211281,611.5482037736139
959560.389773,342.6834563203407,615.8616761281643
959571.860752,342.6834563203407,615.8616761281643
959581.438634,355.6330876899437,619.4603996600766
959589.523489,359.46692330846264,626.2915949150349
959599.493133,357.0198586268036,639.5176140233083
959609.377076,354.7296699214451,648.6375442029641
959619.041404,319.3335472256188,649.2120588554594
959629.446272,306.3717834108242,640.1083976073008
959635.277617,305.80334612778256,639.841702404548
959639.075433,305.80334612778256,639.841702404548
959649.22884,274.74102826961416,605.7180356113444
959660.523028,240.7608790276147,586.7709346390452
959669.135048,239.66788686450712,586.4020665798374
959680.38185,216.62538922178427,579.8684647325742
959692.744159,169.00050932680074,555.2632797130007
959699.499327,144.49354314177785,542.9411828334747
959711.468146,93.15237944059996,529.5939187304772
959719.882889,48.25045343407307,538.3642210009743
959729.512443,-3.8929506535345513,581.5325185330687
959739.913141,-18.213621615608727,595.3975162699472
959750.818163,-31.3566969109553,619.4508039345102
959759.097546,-57.56123642311786,668.0240755682577
959770.097538,-96.17702653763068,711.8388763231277
959780.170971,-123.72412226235942,739.4815119361297
959789.061464,-122.19094029612876,748.0285292597521
959799.499397,-134.84178996398245,760.5771963574027
959809.550096,-162.91080663718074,769.0370822634642
959819.767461,-187.23670128051432,797.715118048783
959829.353936,-206.3536887158364,834.2682977427082
959839.428844,-205.0161971065189,835.6624494360954
959850.460291,-202.59690787393384,835.2061402662135
959859.359392,-202.3428283588213,832.9570805498184
959869.370771,-200.5465111930812,833.6052500473656
959879.030308,-204.74863250298367,840.2329078775031
959891.350417,-222.9775850484421,848.0627514710816
959899.459522,-235.51242670196868,828.2064469745987
959909.081958,-249.63527378547877,808.5957219483879
959919.496254,-307.1038101164063,789.5514337887007
959929.766328,-353.8603213884177,764.9506991823898
959939.128386,-403.1788291144151,739.7373440276516
970238.677033,635.5710138116805,230.89519930186367
970249.12286,544.2912116009975,148.79454472577876
970258.075136,430.2792704113351,42.71869610344522
970270.978902,382.505531627346,1.3226403796912238
970277.126475,382.505531627346,1.3226403796912238
1059315.08618,-311.1232965805405,-0.8002510988727591
1059325.456864,-310.4547021530741,58.61522733015467
1059335.051352,-331.0703379774604,120.72473130797827
1059346.327513,-382.7940169478241,127.01339950772764
1059355.041824,-408.0349495025509,125.27043348386458
1059365.489765,-431.5329891909856,134.54173754511257
1059375.00509,-406.6798426952647,172.7878426988498
1059385.338625,-393.00545689032174,180.38383471700308
1059396.484098,-402.3932170808885,208.7872997073777
1059404.992894,-404.4479438596216,212.98800308042183
1059422.480427,-404.4479438596216,212.98800308042183
1059425.572975,-404.4479438596216,212.98800308042183
1059435.861675,-404.4479438596216,212.98800308042183
1059445.880421,-404.4479438596216,212.98800308042183
1059455.638095,-404.4479438596216,212.98800308042183
1059465.487378,-424.7869696658213,221.57045750161728
1059475.750969,-413.4918239956703,268.82265326292554
1059488.903761,-376.91356342660566,279.27019354537487
1059495.474951,-339.1576545527517,277.1352006689242
1059505.734476,-317.4151015541966,210.4882577242212
1059515.485126,-298.0210186495243,141.77343707763418
1059525.035291,-274.2148857219865,71.54446443436713
1059537.164885,-255.9261345570148,-3.364879318381815
1140778.815549,-238.84898877837307,1.2660843914792852
1140785.385934,-249.99349134371803,37.10470531319902
1140792.385997,-259.98206849300385,64.71041469933147
1140801.191408,-269.554315581436,82.86572250325615
1140807.877284,-277.8649748174007,109.49404749962486
1140814.099016,-287.89469752334213,156.52307243817327
1140820.928337,-303.18539329164867,199.01424230029605
1140827.972404,-309.7640868149941,214.7469215550475
1140837.039996,-309.7640868149941,214.7469215550475
1140842.048385,-309.7640868149941,214.7469215550475
1140849.136081,-309.7640868149941,214.7469215550475
1140855.94851,-324.7819007014989,279.8120726003504
1140862.375962,-341.4176243813066,326.5359362836991
1140874.261625,-346.44254209080447,334.8174697664472
1140876.524442,-354.0797370467766,355.55167780403343
1140883.384177,-354.0797370467766,355.55167780403343
1140891.332671,-354.0797370467766,355.55167780403343
1140898.860187,-342.1362948956698,381.8164607276658
1140904.343496,-342.1362948956698,381.8164607276658
1140916.020414,-342.1362948956698,381.8164607276658
1140919.053622,-286.9025556013499,404.8536779686611
1140926.133818,-236.0049318979068,425.0714350526093
1140932.983945,-178.15062597712216,444.1529530576982
1140951.78152,-86.54850993431872,476.8023075088553
1140951.785225,-67.04974283967003,479.5350927839594
1140953.973844,-67.04974283967003,479.5350927839594
1140960.339519,-67.04974283967003,479.5350927839594
1140970.172072,-67.04974283967003,479.5350927839594
1140974.763377,-39.13213647349709,473.5080430230267
1140986.268005,36.06012791288208,508.8170028512522
1140988.493804,49.68355708119856,513.7243848897434
1140995.492123,49.68355708119856,513.7243848897434
1141049.351227,296.9771152276976,596.0274929155347
1141049.35185,296.9771152276976,596.0274929155347
1141056.719252,322.32614266291824,604.6462414607627
1141056.719858,322.32614266291824,604.6462414607627
1141059.278929,322.32614266291824,604.6462414607627
1141087.009533,327.75029195992465,609.0080520233914
1141087.02866,351.0805956972104,626.7718096259998
1141087.038144,339.0472113884378,673.9730168292392
1141095.610047,306.5956324398525,733.2621390537521
1141095.610787,306.5956324398525,733.2621390537521
1141097.806555,297.0652931055255,746.9482125793439
1141106.297388,284.4842663528231,766.2987525663543
1141112.254342,284.4842663528231,766.2987525663543
1141120.839085,289.2996825950013,754.6649048061992
1141126.460434,289.2996825950013,754.6649048061992
1141133.125032,289.2996825950013,754.6649048061992
1141140.12355,289.2996825950013,754.6649048061992
1141147.439428,289.2996825950013,754.6649048061992
1141154.187668,289.2996825950013,754.6649048061992
1141162.935975,289.2996825950013,754.6649048061992
1141167.767835,289.2996825950013,754.6649048061992
1141175.874413,289.2996825950013,754.6649048061992
1141182.43234,289.2996825950013,754.6649048061992
1141191.297725,293.2135035690926,726.503266234711
1141197.935973,293.2135035690926,726.503266234711
1141203.136395,293.2135035690926,726.503266234711
1141209.851518,311.1892363817303,703.451293769239
1141217.155289,322.1825136642328,693.245791679975
1141223.763913,338.0397011426466,667.3489460750818
1141231.364472,340.8100077928132,665.260547222557
1141238.142911,321.03036086856804,634.4650104216636
1141245.873166,299.2437587538822,622.4331432684342
1141252.181155,286.9135810226677,614.2190973603915
1141259.091334,286.9135810226677,614.2190973603915
1141267.328853,286.9135810226677,614.2190973603915
1141274.349773,286.9135810226677,614.2190973603915
1141279.8973,262.4954758324484,596.0427008017518
1141279.897931,262.4954758324484,596.0427008017518
1141282.330174,242.7547105108263,589.3869946444346
1141291.524494,188.3911066267769,568.0424579109404
1141296.383511,126.3558121643324,537.6468334422807
1141303.620611,84.31215510623382,527.8916602706895
1141313.329767,73.64714766529443,531.1389269194058
1141317.30702,62.09005186752214,538.2246634410095
1141324.313827,42.89453636885377,562.6222458716114
1141333.273491,24.237135439973443,599.9911957374534
1141338.336903,-0.5710634884841096,630.29083610274
1141346.173702,-0.5710634884841096,630.29083610274
1141352.328229,-0.5710634884841096,630.29083610274
1141359.378008,-17.74814353888955,657.7551116254936
1141366.376699,-42.80852623301186,677.9707678942765
1141378.23424,-66.66126066426543,701.3721634759106
1141381.168321,-99.53292060143777,730.7693162540858
1141387.289164,-114.24088331768456,748.7945375117373
1141395.621582,-135.56909941514562,757.5352848310501
1141403.113203,-135.56909941514562,757.5352848310501
1141408.852225,-154.64153707588707,766.7209046548605
1141416.546521,-157.15732313312552,780.7736012843691
1141422.3067,-157.15732313312552,780.7736012843691
1141429.29433,-156.64035832084997,787.3806130592842
1141438.199533,-170.79869874136338,811.2767281519493
1141443.311351,-195.24630820486388,851.1742826967791
1141450.903851,-210.1124878477609,853.3438405941719
1141457.936183,-219.7348327817008,851.3933472826882
1141464.306482,-235.29904682771817,837.439316416114
1141477.03545,-243.40787410359252,829.9668497236141
1141479.494666,-256.79556786540417,821.8994140159131
1141485.355567,-272.5366398196543,812.2639633370574
1141494.522883,-272.5366398196543,812.2639633370574
1141499.350123,-287.5683446391271,808.5845951989334
1141506.378043,-316.25891928169966,803.6042442181498
1141517.325747,-337.6811688392766,793.354584311534
1141520.301288,-353.62840136511403,778.7213367435762
1141527.288685,-380.1400216793524,769.774028786159
1141534.343268,-389.7753923895916,767.5550959428588
1141542.31529,-411.61336311874754,759.4052260707373
1141549.311601,-419.68532622302286,750.3846783561708
1151051.574167,472.8360141785786,922.1815151834468
1151058.424551,501.03941232808455,867.709827194843
1151065.398706,546.6892109248198,829.736434475836
1151134.92033,553.3825861194701,459.9656788013027
1151141.918275,490.5799552032112,409.6987489962257
1151150.200056,426.8749948696096,342.2765630312633
1151166.099562,338.311836403256,249.6688309266584
1151166.10468,267.31772535653334,190.17302596198903
1151166.792863,234.94158399754204,160.68942423451057
1151166.793435,234.94158399754204,160.68942423451057
1151168.213461,234.94158399754204,160.68942423451057
1151178.051017,172.24681924698427,83.11438479944555
1214274.691377,612.1696640196544,217.1823111708054
1214281.405141,590.6522344794748,195.5021932693716
1214289.64309,590.6522344794748,195.5021932693716
1214295.393945,574.6135898730151,179.8497193786011
1214303.640711,534.1520757179906,146.22994112708864
1214309.887135,534.1520757179906,146.22994112708864
1214316.843306,534.1520757179906,146.22994112708864
1214325.546268,534.1520757179906,146.22994112708864
1214330.763192,534.1520757179906,146.22994112708864
1214337.874017,534.1520757179906,146.22994112708864
1214344.802287,534.1520757179906,146.22994112708864
1214351.302183,534.1520757179906,146.22994112708864
1214358.296194,534.1520757179906,146.22994112708864
1214365.336378,534.1520757179906,146.22994112708864
1214372.802317,534.1520757179906,146.22994112708864
1214379.790156,534.1520757179906,146.22994112708864
1214386.680448,493.9976307007576,115.60109246611836
1214393.298935,462.03400789282887,90.2763285800502
1214402.398806,462.03400789282887,90.2763285800502
1214407.967792,438.89073047799,115.36130016875572
1214419.822722,380.2801635597225,175.93832837905975
1214421.819938,380.2801635597225,175.93832837905975
1214428.332198,380.2801635597225,175.93832837905975
1214436.965394,380.2801635597225,175.93832837905975
1214442.301182,107.42458555855458,479.01524730342464
1214449.758657,73.01077557573944,517.6210584548661
1214458.13942,40.311982508102815,561.1108711056086
1214463.681411,18.1886153917782,585.8024129603043
1214470.412242,-15.012413505070574,623.2278935086541
1214479.098793,-15.924328666743907,624.2450928246258
1214484.723893,-15.924328666743907,624.2450928246258
1214493.444013,-56.8593174057421,663.2086678618701
1214498.393243,-84.19826523654179,707.2876027522665
1214505.730977,-103.87074332657296,738.6597370713064
1214514.220254,-139.87506047018516,757.88329837116
1214519.93486,-159.28260819397804,763.6745857946978
1214528.148405,-166.89477900381686,778.4850027721099
1214533.352111,-172.988469504771,789.0206035992068
1214540.404186,-178.12769511902204,798.0214000358936
1214548.304346,-178.74927611259685,805.1759203266547
1214555.448837,-191.71718847046847,825.4163333134966
1214561.350291,-203.8225981484936,839.1917882439966
1214569.007681,-210.8611725454987,843.5285249147537
1214575.891027,-215.9264968181857,849.0552197990155
1214582.633144,-222.8973671588857,860.2248379385331
1214590.023384,-239.11514572871317,878.3935643609269
1214597.742053,-254.1019595980336,894.3257343173492
1214603.811948,-265.9675515171085,910.9871023712004
1214610.826945,-284.10326562106104,927.18052855595
1214618.143971,-288.6470125590588,940.9434245068076
1214626.030897,-292.0147145044954,946.3640505931204
1214631.726806,-303.11263356892727,962.7969729344248
1218629.49402,397.02542142583576,3.4059170853865424
1218639.09107,461.47092879821054,60.38356586841041
1218642.508472,512.6299856788826,107.73461643124654
1218649.582008,596.5587615953433,183.21892369710037
1219199.158653,600.9518913877827,192.0282351958824
1219205.891529,555.924119849602,154.08136712805114
1219215.022874,542.4639509042522,144.82887817728115
1219220.203693,542.4639509042522,144.82887817728115
1219227.423201,542.4639509042522,144.82887817728115
1219235.489584,542.4639509042522,144.82887817728115
1219241.376905,542.4639509042522,144.82887817728115
1219248.440671,542.4639509042522,144.82887817728115
1219255.313984,542.4639509042522,144.82887817728115
1219262.255533,542.4639509042522,144.82887817728115
1219268.659036,542.4639509042522,144.82887817728115
1219276.332104,542.4639509042522,144.82887817728115
1219283.200177,542.4639509042522,144.82887817728115
1219290.207546,542.4639509042522,144.82887817728115
1219296.654033,542.4639509042522,144.82887817728115
1219304.261612,542.4639509042522,144.82887817728115
1219310.683036,542.4639509042522,144.82887817728115
1219317.684806,542.4639509042522,144.82887817728115
1219325.215933,542.4639509042522,144.82887817728115
1219331.748437,542.4639509042522,144.82887817728115
1219339.235359,542.4639509042522,144.82887817728115
1219346.606049,542.4639509042522,144.82887817728115
1219353.419812,542.4639509042522,144.82887817728115
1219360.252786,542.4639509042522,144.82887817728115
1219367.171804,542.4639509042522,144.82887817728115
1219379.0221,542.4639509042522,144.82887817728115
1219381.498902,542.4639509042522,144.82887817728115
1219388.199318,542.4639509042522,144.82887817728115
1219395.267984,542.4639509042522,144.82887817728115
1219402.213223,542.4639509042522,144.82887817728115
1219409.399228,542.4639509042522,144.82887817728115
1219416.156572,542.4639509042522,144.82887817728115
1219424.863,542.4639509042522,144.82887817728115
1219429.953978,542.4639509042522,144.82887817728115
1219437.19127,542.4639509042522,144.82887817728115
1219444.240222,542.4639509042522,144.82887817728115
1219450.90802,542.4639509042522,144.82887817728115
1219458.175252,542.4639509042522,144.82887817728115
1219465.303084,542.4639509042522,144.82887817728115
1219472.207201,542.4639509042522,144.82887817728115
1219478.687092,542.4639509042522,144.82887817728115
1219487.344337,542.4639509042522,144.82887817728115
1219493.235802,542.4639509042522,144.82887817728115
1219501.087887,542.4639509042522,144.82887817728115
1219507.30155,542.4639509042522,144.82887817728115
1219515.938544,538.4995289877584,149.2084564534726
1219521.155418,537.943558785542,146.39130030406912
1219528.165923,537.8539704582622,145.65602187307346
1219535.18956,539.2436614085457,147.5883531445962
1219541.685831,539.055180245615,147.65118423030145
1219551.096476,539.5248327115426,149.29429676609666
1219555.701918,540.1549502822236,151.17951837680718
1219563.317042,540.1893037584556,151.53449551327287
1219570.148814,539.7776002193731,151.71146347928345
1219576.652439,539.5867270285119,151.83117456283844
1219584.202104,539.5867270285119,151.83117456283844
1219591.209644,539.5867270285119,151.83117456283844
1219596.283169,539.5867270285119,151.83117456283844
1219597.783726,539.5867270285119,151.83117456283844
1219604.683531,539.5867270285119,151.83117456283844
1219612.17361,539.3411460848166,150.41425822219458
1219621.242969,483.0722489275626,91.4720075962236
1219626.104152,397.32288545574926,18.89586735615238
1219629.457219,397.32288545574926,18.89586735615238
1223314.110632,-271.2616081379436,12.182889856750409
1223322.308026,-279.3656234425343,65.5415455188648
1223328.827122,-284.3805903826977,86.13627928839088
1223335.067051,-294.3796712982228,127.2399082572126
1223343.838751,-305.755946766075,165.8830945711223
1223349.656657,-305.755946766075,165.8830945711223
1223356.537672,-313.45955624338376,200.58586596533937
1223363.457404,-313.45955624338376,200.58586596533937
1223370.425159,-313.45955624338376,200.58586596533937
1223378.594804,-330.4838389575407,246.5412656434643
1223384.548568,-343.42539359868977,284.61086993697927
1223391.114091,-351.37523077044943,300.7930460246971
1223403.924559,-361.5098361058597,336.3997200313163
1223405.244756,-361.5098361058597,336.3997200313163
1223412.145769,-361.05635848151815,340.20971234787095
1223420.153754,-359.835568090195,358.05549065351187
1223426.488564,-359.835568090195,358.05549065351187
1223433.017008,-352.1515946825336,365.1094203925176
1223440.61141,-305.5063758950277,394.4902373782488
1223447.491189,-301.0882339178256,398.4032692478759
1223454.583612,-292.230564684197,403.4202149396253
1223461.664594,-280.216278656998,409.6228566784632
1223468.464891,-247.6846030540921,419.0020720526627
1223475.483042,-191.5652248247315,432.3369721215804
1223483.461106,-167.40683204179405,439.732947486077
1223489.380046,-162.29705352322654,440.739268800121
1223496.521379,-117.24706568873336,452.79228993454313
1223503.359006,5.260178055755939,494.68156177929774
1223511.329791,65.94562682909367,518.5627941294551
1223519.882153,71.23454740723723,546.100271473767
1223524.438752,67.62442267506367,622.5318285214079
1223531.015284,67.74932316199207,675.1040780555156
1223541.777542,85.9883479739472,699.2779933958377
1223545.449751,92.28987886861374,710.3377560043036
1223568.069714,33.39828790977046,768.8658629937665
1223568.070433,33.39828790977046,768.8658629937665
1223572.87979,18.536779837794768,779.9270515158232
1223578.778237,-33.68468384061633,812.9278326618702
1223585.579153,-55.36866515728236,830.2161352241804
1223600.375807,-77.15537493039982,851.0171629486189
1223600.424223,-98.26014865631848,866.8434155654986
1223605.908351,-115.52537425405326,884.3777687143953
1223612.779574,-117.57088454511565,892.1412229952144
1223623.44946,-119.4261425719285,895.0779404392298
1223628.019308,-122.87295823052364,901.1125812243208
1223634.365414,-126.15811408979636,909.7563203766476
1223640.775186,-139.41555425606674,946.4471815806872
1224456.434628,-420.8983007668231,742.7439534129348
1224462.345603,-413.6919974792698,744.1709451633111
1224469.044637,-413.6919974792698,744.1709451633111
1224476.263743,-403.4886401906314,748.9872218201502
1224483.258016,-395.6136332535124,756.676510191287
1224490.359046,-389.5124786046455,760.5287774953728
1224497.20591,-379.9416301674572,766.086392626392
1224503.835129,-368.6230598741894,768.4391074381026
1224512.250786,-358.92643226197725,774.6321350848307
1224517.764296,-344.409769520949,781.7365122879044
1224526.539573,-338.06568462941976,783.5149862752013
1224532.150088,-328.90296426100383,789.2606337091064
1224538.738672,-318.23385591415183,795.4675673038857
1224546.188658,-313.6185036103088,798.6703202633187
1224553.19235,-303.0956416624389,804.126762244668
1224560.009686,-292.815125060913,811.8160901594644
1224567.462822,-286.69268294362126,816.5432782504123
1224577.029264,-285.1288721908232,817.1943843487599
1224581.408601,-274.2853257529268,806.8022480243652
1224588.174738,-257.81959275067106,780.5909319588935
1224595.613623,-251.5060689563114,758.2479792927935
1224602.119109,-236.68422155834105,726.8295257198831
1224610.655076,-232.4389498282341,710.7378080951233
1224615.806829,-226.41277440720324,699.3223603892937
1224623.536537,-219.6266993512211,698.3952609292387
1224629.636105,-207.2380094298973,700.3398401513208
1224637.082602,-201.7932951620473,688.9688090180432
1224645.892419,-188.30716357505088,641.2839157512569
1224651.06235,-182.20050459507613,631.205293093592
1224658.473554,-176.98719903569742,625.5980174140916
1224665.028195,-166.99834800925197,617.9634120957791
1224672.045163,-170.9497203585517,607.8879501659534
1224679.041391,-186.860125214243,598.2668836372353
1224686.195048,-224.92485798432293,576.1291181130715
1224693.628848,-254.23379028223448,560.9819371196908
1224701.526788,-298.8717262095145,543.9151830212584
1224707.013528,-322.53405536750614,519.2084689639161
1224714.235488,-325.13733925009063,517.9748986590906
1224720.977563,-336.4798310587993,515.7420331976637
1224727.996517,-362.86606069929536,511.2581065840955
1224735.15726,-372.5248063502165,504.8185226001997
1224742.548568,-376.0098925772898,497.8862554496791
1224749.127238,-380.34518439329287,490.8484222254612
1224755.966521,-380.8275697670791,489.5513230605147
1224763.170439,-384.2400804350484,485.96771258004327
1224770.019438,-397.6162473161133,485.10881913974407
1224776.669676,-406.9502583704468,489.3644033366981
1224784.485551,-406.9527317048319,485.96817906803824
1224790.967693,-377.2135510618589,427.964272010659
1224798.061259,-373.8777098076596,407.2941793724839
1224804.987719,-369.70906438276313,400.688631182821
1224812.407672,-366.6055585220169,394.9470635918672
1224819.207979,-361.43922246664,388.4724155223402
1224826.181674,-359.9101073034728,384.3555612454195
1224833.04339,-361.6004553280935,378.97578820544953
1224840.380476,-373.0587182997091,367.5604519760192
1224847.638161,-361.5938462906898,322.8647430551992
1224854.62371,-348.65857644871426,283.3512728687637
1224861.592563,-341.62353241331,265.313403098561
1224868.029661,-332.13047108406886,237.91573373989985
1224875.716457,-332.13047108406886,237.91573373989985
1224882.262225,-332.13047108406886,237.91573373989985
1224889.414809,-324.22590699837696,223.4929084420133
1224896.12992,-320.8293595906111,197.97293134276632
1224902.977572,-320.8293595906111,197.97293134276632
1224909.968164,-307.3119097811186,143.93255160433498
1224917.850911,-283.98911164198887,95.59044023052466
1224924.569863,-274.13027859233966,60.80769259165785
1224931.339365,-271.2079271472978,25.35901112764136
1294844.914169,-277.896325238976,23.90663223180108
1294851.786854,-293.14603530849547,98.36680702222976
1294861.749471,-302.1857207757534,138.70810356897508
1294866.09351,-313.4473765734392,177.3150331418133
1294874.011384,-319.8750609268611,223.4165555880089
1294879.703196,-330.4613039520749,263.2913988355715
1294890.986084,-346.6000051035193,318.3650498890996
1294893.296084,-359.68345820393324,355.8142105546631
1294900.35643,-359.26572311244934,360.88729568884594
1294907.509459,-350.51440751263806,378.7894176278788
1294914.283495,-301.819026520439,398.4484894823005
1294922.408535,-254.88721537012952,414.6150750816927
1294931.317635,-213.8633021213255,426.758521808664
1294935.601164,-152.65500840725295,442.9418813182261
1294942.590011,-94.11817968909074,460.1306953942969
1294950.784529,-48.89033429204207,476.80097301899104
1294956.77553,21.233949277482285,500.39400966306016
1294963.596515,63.234649158054005,514.1066314791117
1294970.594495,108.71494013954904,529.8978222846096
1294977.687458,195.7383781810921,558.8923917394565
1294986.408776,245.27937498452448,575.4004053046758
1294991.872932,260.324239368052,581.0066927056406
1294999.826514,260.324239368052,581.0066927056406
1295005.766011,267.14029855081213,586.1749704994459
1295012.721646,267.14029855081213,586.1749704994459
1295019.299455,267.14029855081213,586.1749704994459
1295026.862736,267.14029855081213,586.1749704994459
1295033.370895,280.57453149119,590.3559521847116
1295041.962523,324.4931087430525,600.1095479462093
1295050.362292,354.844332858519,615.8688877064053
1295054.633194,354.2314323429178,652.2969106067236
1295061.285822,348.1767958614625,661.9390391723302
1295068.929272,348.1767958614625,661.9390391723302
1295075.824878,348.1767958614625,661.9390391723302
1295084.30929,348.1767958614625,661.9390391723302
1295089.789369,348.1767958614625,661.9390391723302
1295097.712154,329.16489616904227,683.116413964614
1295103.649606,291.315833286942,754.6677749253214
1295111.458633,285.2978747776548,818.5656281074574
1295117.664996,341.15011221461435,862.5333982081353
1295126.020883,427.09215694037744,894.2856679753996
1295131.652008,453.93482467696754,905.5127433113328
1295138.285575,487.642930067484,943.201086323766
1297359.78044,458.4161813582895,943.1539680409784
1297364.965973,351.235527677789,866.113670980866
1297372.336798,284.8780450438343,833.6974297224796
1297379.394257,277.2133696325995,824.2713534474128
1297386.522882,277.2133696325995,824.2713534474128
1297393.506963,277.2133696325995,824.2713534474128
1297401.070368,288.3261898698145,824.9451163186646
1297406.965815,360.707320749869,864.4474500189663
1297415.778411,413.683934724882,884.8413184128083
1297421.357946,455.8895146775821,913.6266652894438
1297428.025058,466.1813975239399,977.935059641911
1299820.72278,-411.0721789919138,483.1660358682231
1299827.355123,-405.47232098986336,478.2657123189378
1299835.470123,-381.8421510151579,412.87345972964255
1299841.833456,-370.4030155529221,371.5498009858241
1299848.454925,-368.9855744870746,365.4850671415225
1299855.817521,-351.33233716492725,367.9434903707074
1299862.37468,-312.28394231315133,386.4869434621317
1299869.387288,-274.1658213527635,405.3388973664172
1299878.809018,-221.6708694456047,429.8848467568884
1299884.999442,-202.10421003355032,437.4963875878021
1299890.457517,-202.10421003355032,437.4963875878021
1299898.776666,-139.27876618187392,456.2053154493848
1299904.457612,-81.7293745450609,478.18406183979647
1299911.370126,-17.0885872034714,496.8093502861807
1299919.749623,98.71695207202104,533.1609461632457
1299925.793949,171.3009430759613,558.8173567300485
1299932.694971,233.32976742005405,579.4173516311072
1299939.756349,256.5467580457269,585.4972058792981
1299946.357658,256.5467580457269,585.4972058792981
1299953.359464,256.5467580457269,585.4972058792981
1299961.783549,256.5467580457269,585.4972058792981
1299967.684678,256.5467580457269,585.4972058792981
1299975.799725,256.5467580457269,585.4972058792981
1299983.229809,280.2601959128331,595.2274419485403
1299988.466655,316.2534783012728,604.8711453195258
1300000.587792,343.53445753150726,620.1288371613754
1300002.354996,353.4381296249172,642.85402968402
1300009.992289,345.21926818307475,665.086523107058
1300016.841794,345.21926818307475,665.086523107058
1300023.940393,345.21926818307475,665.086523107058
1300030.877044,341.63705956564235,669.0626263057349
1300039.71456,319.42731423276086,698.8283427449925
1300044.442726,277.23426085745547,765.7551805245247
1300053.184813,271.6936801274828,769.1625961566916
1300058.753881,271.6936801274828,769.1625961566916
1300066.088208,267.3134417615544,757.4116117935484
1300072.451039,260.6470816168133,753.6778805472823
1300079.927232,260.6470816168133,753.6778805472823
1300087.321751,261.19876840698987,769.7555673806363
1300094.002759,269.4205549672268,822.4093100963812
1300100.796916,314.81568677593646,861.7843795197319
1300107.35625,436.7915406743545,904.5610567818115
1300115.932839,450.4655333720656,907.5310678429124
1300121.683336,450.4655333720656,907.5310678429124
1300129.958102,450.4655333720656,907.5310678429124
1300135.708709,450.4655333720656,907.5310678429124
1300142.773839,450.4655333720656,907.5310678429124
1300149.35751,450.4655333720656,907.5310678429124
1300158.406645,469.2592716280569,926.695786744594
1300159.975163,462.5504129860744,976.182436484002
1300863.792895,464.5439043969089,943.907117693992
1300870.718827,461.643542919211,934.884085259594
1300877.790988,461.643542919211,934.884085259594
1300884.803131,456.003910717324,929.9055354229704
1300891.403931,417.2630459938566,894.2733853928103
1300901.2102,358.006074085988,867.7951537543173
1300905.462022,264.9143012907812,811.6782158377983
1300913.643126,274.4647143209021,743.3922503492381
1300920.967396,313.0842344614888,690.138547583224
1300926.403962,321.9403583649992,678.1823447194466
1300933.787186,321.9403583649992,678.1823447194466
1300940.856888,321.9403583649992,678.1823447194466
1300948.012113,321.9403583649992,678.1823447194466
1300955.301145,321.9403583649992,678.1823447194466
1300961.366743,322.2002286328198,651.44598582739
1300969.571027,285.8509271735963,610.6913002964753
1300976.17764,285.8509271735963,610.6913002964753
1300983.022752,285.8509271735963,610.6913002964753
1300990.266881,285.8509271735963,610.6913002964753
1300996.780854,285.8509271735963,610.6913002964753
1301004.094964,285.8509271735963,610.6913002964753
1301010.41096,285.8509271735963,610.6913002964753
1301017.460283,285.8509271735963,610.6913002964753
1301024.461367,285.8509271735963,610.6913002964753
1301031.748936,285.8509271735963,610.6913002964753
1301038.802927,296.6382762763181,581.9067812726156
1301045.870801,320.2134575468476,560.1470661233199
1301052.504545,379.753314339236,532.8057790809077
1301060.051341,379.04037521185967,527.0362159615222
1301066.911126,379.04037521185967,527.0362159615222
1301073.708617,379.04037521185967,527.0362159615222
1301081.136632,379.04037521185967,527.0362159615222
1301087.416552,379.04037521185967,527.0362159615222
1301095.020559,379.04037521185967,527.0362159615222
1301101.8405,371.06505493146574,522.1716801549936
1301108.871476,371.06505493146574,522.1716801549936
1301116.372454,371.06505493146574,522.1716801549936
1301123.229843,371.06505493146574,522.1716801549936
1301129.734057,371.06505493146574,522.1716801549936
1301136.403756,371.06505493146574,522.1716801549936
1301143.693852,371.06505493146574,522.1716801549936
1301150.831587,371.06505493146574,522.1716801549936
1301157.873579,371.06505493146574,522.1716801549936
1301164.803074,371.06505493146574,522.1716801549936
1301171.378688,371.06505493146574,522.1716801549936
1301178.468382,371.06505493146574,522.1716801549936
1301185.844714,371.06505493146574,522.1716801549936
1301193.523792,371.06505493146574,522.1716801549936
1301199.732633,371.06505493146574,522.1716801549936
1301206.415013,371.06505493146574,522.1716801549936
1301213.474888,371.06505493146574,522.1716801549936
1301220.867705,371.06505493146574,522.1716801549936
1301227.833786,371.06505493146574,522.1716801549936
1301234.831072,371.06505493146574,522.1716801549936
1301241.85169,371.06505493146574,522.1716801549936
1301248.793417,371.06505493146574,522.1716801549936
1301255.368454,371.06505493146574,522.1716801549936
1301262.693958,371.06505493146574,522.1716801549936
1301269.695651,371.06505493146574,522.1716801549936
1301276.87418,371.06505493146574,522.1716801549936
1301283.852154,371.06505493146574,522.1716801549936
1301290.85658,371.06505493146574,522.1716801549936
1301297.413318,371.06505493146574,522.1716801549936
1301305.500491,371.06505493146574,522.1716801549936
1301311.901533,371.06505493146574,522.1716801549936
1301318.888,371.06505493146574,522.1716801549936
1301325.87085,371.06505493146574,522.1716801549936
1301332.366871,371.06505493146574,522.1716801549936
1301339.464548,371.06505493146574,522.1716801549936
1301346.474779,371.06505493146574,522.1716801549936
1301353.474513,375.7168563579722,518.2175463753846
1301361.561901,374.9672322955044,514.8073319778795
1301367.693996,374.96628096454015,514.8046333430021
1301374.801996,374.96628096454015,514.8046333430021
1301381.478695,376.1627598555553,516.9135983920937
1301390.269946,377.32443113031576,518.9391345552642
1301396.325583,376.4807941330843,518.87139851835
1301402.933667,376.1138837574976,517.668326553673
1301409.935969,374.4313180800023,517.5995217890643
1301417.675362,373.7601842058915,516.5856937257514
1301424.230685,373.06761286467264,519.014072582695
1301430.735124,373.1172682373068,518.2562064185596
1301437.916964,373.5254874053181,516.8060063286924
1301444.732204,374.1145752631282,518.9038536365848
1301451.365042,375.87662704658175,523.9490244988252
1301459.958626,376.2509974892178,525.7308603413506
1301465.705873,376.8329092884358,524.877582405509
1301472.778132,381.40871961867066,526.7837316915862
1301479.697093,381.2502959476767,527.9415342947567
1301486.699016,379.48923614017673,527.8043570847925
1301494.78875,378.3400014166632,525.3265510777118
1301500.785177,376.0128455354033,524.75887117324
1301507.403316,372.0752680003893,523.5996408545229
1301515.79912,372.24045996081696,519.8297254850899
1301521.747005,373.3635174744195,517.3915890041088
1301528.745439,374.6363223716716,518.2662778401136
1301537.323893,375.75677732182857,521.7940959179002
1301542.48289,374.8277702513112,521.881335180413
1301550.667904,374.3466658575386,521.8922604407209
1301556.476303,374.3620997959512,522.369873146801
1301563.477873,375.2651709287711,522.8620132822158
1301572.672043,375.77858621151,522.8357106081174
1301577.549587,373.1020111849249,521.1942362096934
1301584.459813,373.5615184858877,521.5267158981949
1301593.234278,374.8993712277147,521.2390389461526
1301598.902399,372.62045784606016,519.3841127391582
1301605.956526,374.36253782039495,518.1685099088841
1301612.988308,374.4653187219888,515.8832472831921
1301619.925203,375.30478649113854,511.842566421515
1301626.427494,375.1194149660277,509.92293977718725
1301635.159859,375.5754374973232,511.2582752241693
1301640.895912,377.5937454087779,515.1276002953589
1301649.755031,378.247732347876,515.3786856068382
1301654.958514,381.54788621930464,513.6851323805209
1301661.461517,385.65439160688805,509.3181319950256
1301670.27575,387.2859850003578,509.05218470051926
1301675.968394,387.931606953701,509.09847952399934
1301683.145771,387.931606953701,509.09847952399934
1301689.863174,387.931606953701,509.09847952399934
1301696.531271,387.931606953701,509.09847952399934
1301703.797824,387.931606953701,509.09847952399934
1301710.782175,387.931606953701,509.09847952399934
1301717.853106,387.931606953701,509.09847952399934
1301726.618817,387.931606953701,509.09847952399934
1301731.708179,387.931606953701,509.09847952399934
1301738.949504,387.931606953701,509.09847952399934
1301745.897312,387.931606953701,509.09847952399934
1301752.470051,387.931606953701,509.09847952399934
1301759.496528,387.931606953701,509.09847952399934
1301767.976475,387.931606953701,509.09847952399934
1301777.206993,387.931606953701,509.09847952399934
1301780.714181,387.931606953701,509.09847952399934
1301787.780946,387.931606953701,509.09847952399934
1301794.869727,387.931606953701,509.09847952399934
1301803.608558,387.931606953701,509.09847952399934
1301810.500556,387.931606953701,509.09847952399934
1301815.714642,387.931606953701,509.09847952399934
1301824.542185,387.931606953701,509.09847952399934
1301829.718963,387.931606953701,509.09847952399934
1301836.882741,387.931606953701,509.09847952399934
1301846.044046,387.931606953701,509.09847952399934
1301851.161279,384.3825721963001,513.2057842022808
1301857.881616,377.0962894946092,521.6086385061018
1301864.963891,374.71853493428745,522.8827102809815
1301871.478778,373.63138937134886,522.464062236843
1301879.002684,373.12636619311,522.1027541327767
1301885.780968,373.16229824212496,521.1161710001654
1301892.780765,373.354738678632,519.2563118349426
1301899.957168,373.3901453305104,519.3984042517673
1301906.402466,373.51642694941137,521.1820992047436
1301914.293377,373.73687770157017,524.0135693205463
1301920.744197,373.7440001448463,524.7380576479588
1301927.709757,373.50214539256905,523.8577800341608
1301934.776312,373.5085920741437,524.5674068973933
1301941.496394,373.25891851189664,523.5885099780263
1301948.426364,373.33978567498536,522.0356333105151
1301955.948118,373.436598124558,520.7918817392318
1301963.407935,373.2488880456119,520.8087978688025
1301970.09283,373.2509160861778,520.8049923182676
1301976.886996,373.3546759270337,519.2387539797094
1301983.88529,373.4247333160949,517.364242426837
1301990.420117,372.8297210286234,515.3599493720743
1301997.703553,373.9706900304207,512.647738495377
1302004.876613,374.194909461205,510.420859001927
1302011.954498,374.1189282814926,509.5317236645504
1302020.100164,374.11892962569686,509.5317409482191
1302025.42071,373.6436471777584,510.5694517026481
1302034.018617,373.4027289025374,511.5995743409678
1302039.853517,372.970810945708,513.3534643967815
1302046.867673,372.94941676230536,513.8291993133464
1302053.868952,372.94941676230536,513.8291993133464
1302060.88266,372.94941676230536,513.8291993133464
1302067.706855,372.94941676230536,513.8291993133464
1302075.152216,372.94941676230536,513.8291993133464
1302081.746535,372.94941676230536,513.8291993133464
1302091.360635,372.94941676230536,513.8291993133464
1302095.700508,372.94941676230536,513.8291993133464
1302102.915353,372.94941676230536,513.8291993133464
1302109.909232,372.94941676230536,513.8291993133464
1302118.415817,372.94941676230536,513.8291993133464
1302124.354188,372.94941676230536,513.8291993133464
1302130.886796,372.94941676230536,513.8291993133464
1302137.884148,372.94941676230536,513.8291993133464
1302145.087154,372.94941676230536,513.8291993133464
1302151.910419,372.94941676230536,513.8291993133464
1302158.906317,372.94941676230536,513.8291993133464
1302165.756076,372.94941676230536,513.8291993133464
1302172.798702,372.94941676230536,513.8291993133464
1302179.887462,372.94941676230536,513.8291993133464
1302186.419251,372.94941676230536,513.8291993133464
1302193.405664,372.94941676230536,513.8291993133464
1302200.404913,372.94941676230536,513.8291993133464
1302208.890718,372.94941676230536,513.8291993133464
1302214.743208,372.94941676230536,513.8291993133464
1302221.715827,372.94941676230536,513.8291993133464
1302230.071717,371.7330819892083,519.0658580893568
1302235.452608,368.773798337544,521.8134229402307
1302242.703098,366.3830832560016,522.0722291034065
1302249.70161,363.104963796394,523.4047049857533
1302256.704451,364.5257984338701,523.7259989411411
1302263.933495,367.90621649088746,523.4409728300124
1302270.465967,371.4056823439665,520.494224679711
1302277.851865,369.5140323947055,520.1255080158646
1302285.32954,370.5909868450176,520.140502399192
1302291.849111,370.1981577755456,518.7950780299902
1302299.383639,370.0380499114258,519.5998572646627
1302305.419686,373.23147655338016,521.196493224182
1302314.247905,373.3123491933757,523.5801326393797
1302319.885814,372.828898105216,524.8787767905067
1302326.884723,372.84121087129006,525.0964097639013
1302333.825454,373.21367515845446,524.3449602211359
1302340.845505,373.3435854057785,523.208373750652
1302347.812246,371.7827742143273,523.5608962849915
1302354.847312,370.4390531227896,524.1171068340732
1302362.253777,370.3929309819329,523.9656079580055
1302368.751364,370.40516654064754,523.8814782279733
1302375.727852,370.40516654064754,523.8814782279733
1302382.758925,370.40516654064754,523.8814782279733
1302389.384548,370.40516654064754,523.8814782279733
1302397.024207,370.40516654064754,523.8814782279733
1302403.821518,370.40516654064754,523.8814782279733
1302410.706553,370.40516654064754,523.8814782279733
1302418.827718,370.40516654064754,523.8814782279733
1302424.699308,370.40516654064754,523.8814782279733
1302431.483404,370.40516654064754,523.8814782279733
1302440.163192,370.40516654064754,523.8814782279733
1302445.958211,370.40516654064754,523.8814782279733
1302452.717792,370.49551482426045,524.3599358333743
1302460.842368,370.4955148325153,524.3599358333743
1302466.707474,370.4955148325153,524.3599358333743
1302473.750924,370.4955148325153,524.3599358333743
1302480.432021,370.4955148325153,524.3599358333743
1302487.404037,370.4955148325153,524.3599358333743
1302496.348168,370.5771635686977,523.4575494028624
1302501.927667,369.9944620225149,523.3206329682237
1302509.149909,350.79436368243444,520.6504330047466
1302515.430719,308.7024176226946,502.3289470138996
1302522.794987,241.8039757159684,486.65924397115447
1302529.917812,188.49686305776484,474.5661250892224
1302539.820415,143.36624857810193,461.5848368220802
1302543.404589,131.8968573081964,435.86401289905416
1302550.374477,131.8968573081964,435.86401289905416
1302557.402499,131.8968573081964,435.86401289905416
1302564.401963,131.8968573081964,435.86401289905416
1302572.275501,396.3025153470702,148.1689754555585
1302579.945772,457.8179320960931,75.87404073081635
1302585.402955,430.2984385240799,46.23702109835919
1302594.574488,364.88876820726415,-12.866436478417342
1390732.422763,375.99184450767245,-14.557080681399055
1390738.737785,382.5063596376213,-6.5391275372609385
1390747.173944,382.5063596376213,-6.5391275372609385
1390753.462989,382.5063596376213,-6.5391275372609385
1390760.583184,382.5063596376213,-6.5391275372609385
1390767.430129,382.5063596376213,-6.5391275372609385
1390773.785839,382.5063596376213,-6.5391275372609385
1390781.607913,383.9226228046812,-1.874424230908299
1390788.277594,399.4286786458156,10.776392950110289
1390801.536388,407.5549132710164,17.843894480692796
1390803.370115,417.6850797249245,21.68896871482747
1390809.076585,440.6570258749952,42.952927299316976
1390819.198448,457.3143512910733,61.051651986397005
1390822.824756,482.5513690886117,87.485234121374
1390830.402775,506.03385636858656,108.32256389354096
1390839.883196,530.191013839701,128.5535386064632
1390843.909671,571.3206115388255,161.28411193021415
1390854.30683,571.3206115388255,161.28411193021415
1390858.496531,571.3206115388255,161.28411193021415
1390865.434723,571.3206115388255,161.28411193021415
1390872.388873,571.3206115388255,161.28411193021415
1390882.950025,581.6745328983326,171.6342118393477
1390886.206478,581.6745328983326,171.6342118393477
1390892.775934,581.6745328983326,171.6342118393477
1390901.520231,581.6745328983326,171.6342118393477
1390907.443976,604.3207667735363,190.08234276708697
1390919.822527,619.3900086253047,203.9860507114695
1390922.618652,631.2730877157478,214.8875215948933
1391298.208489,624.4564141424298,646.4795158845025
1391306.94792,583.9296879249504,684.2324149312483
1391312.880199,567.6769084170625,705.8756814542966
1391319.759193,580.8079239503388,728.5483161410986
1391376.28623,613.083229790608,828.665499640277
1391382.564889,569.240401909283,848.7206341694023
1391389.598879,559.2086889840332,852.0561577496627
1391396.171532,559.2086889840332,852.0561577496627
1391403.183818,559.2086889840332,852.0561577496627
1391417.803629,546.4316234215386,856.3784379464869
1391417.807608,499.9661742527168,886.9096022566214
1391424.163293,468.6053435901151,928.3276756783632
1393772.932982,598.4297067726561,497.898141298998
1393780.04497,528.8767681995524,432.9899780362196
1393787.164764,479.2998564830344,395.0687696746253
1393793.598261,423.0640830892721,344.55281465815835
1393802.492295,333.7574813066018,261.55106787273854
1393807.601557,266.58106128401715,200.65760135786357
1393816.999033,211.11385580935465,147.7740227709933
1393821.659477,164.37030978006138,73.77672406131721
1393837.14766,162.08413529861787,4.966461637020717
1404188.080746,452.3469818935811,967.3475960900092
1404194.588954,416.6104248597381,889.9643094141522
1404201.647208,343.52976425063696,848.9292612162375
1404213.522924,279.48099395705884,812.2628723722415
1404215.650826,286.54864232564626,731.4179558684177
1404222.650264,309.949948311824,693.1785057970097
1404231.867147,321.04216369725714,669.3643149062387
1404237.198333,321.4054192549498,667.4532539039778
1404244.203691,321.4054192549498,667.4532539039778
1404250.568595,321.4054192549498,667.4532539039778
1404259.695225,321.4054192549498,667.4532539039778
1404265.252932,321.4054192549498,667.4532539039778
1404271.565438,308.876538860092,634.6284664508885
1404279.335736,279.6796750122841,607.5787259547008
1404286.171546,279.6796750122841,607.5787259547008
1404294.122143,279.6796750122841,607.5787259547008
1404300.024789,272.3059539573745,602.7055653039619
1404307.168139,231.07425065332023,585.6786088258575
1404313.613781,172.5078654802144,566.9537032087139
1404325.005953,113.7757570380826,543.5655052264204
1404327.663714,113.7757570380826,543.5655052264204
1404334.664435,113.7757570380826,543.5655052264204
1404342.874419,87.99771095036095,529.7502923768791
1404350.011523,61.750689543718345,518.0259964763103
1404356.098773,15.325086341177588,498.1386811186648
1404362.907308,-87.18108145506734,463.76003608359065
1404370.079967,-158.28931825529165,440.368198446369
1404377.56298,-222.93279522886007,422.1658407468768
1404384.538937,-271.8639664660305,407.4350962302408
1404390.896983,-296.6506391389544,391.24799291003154
1404398.200341,-328.35224553946694,380.8535009378448
1404404.567369,-359.8425826062001,379.70790373869966
1404413.591899,-371.5046230606882,363.4206827680447
1404419.150861,-365.9976147656497,347.2299490554788
1404433.551215,-362.09849561503376,337.9141712289757
1404433.616636,-354.12353920560645,302.3739173115025
1404441.210847,-352.07117317838845,297.1775190670926
1404446.607329,-338.65624511597866,250.98321945827797
1404454.389502,-338.65624511597866,250.98321945827797
1404462.941906,-338.65624511597866,250.98321945827797
1404467.666003,-338.65624511597866,250.98321945827797
1404476.817848,-323.79156176267145,229.1513209752688
1404483.711843,-315.08754382030634,204.2206429596341
1404488.806608,-306.3013748138381,178.12633787400625
1404496.046762,-299.10414105894466,155.40382724885342
1404502.90693,-292.19630306151856,132.2856369649991
1404509.986714,-277.5387443244687,83.39129467574415
1404516.573622,-264.23931007925694,46.90070946403669
1404523.607998,-256.48340653484934,3.3214680607384937
1472828.984523,461.14028573872633,942.2076661882294
1472836.352751,457.5124464050665,932.554653530862
1472844.351073,457.5124464050665,932.554653530862
1472852.790267,446.5785857181813,934.709859373466
1472858.681218,446.5785857181813,934.709859373466
1472863.658133,446.5785857181813,934.709859373466
1472871.351689,446.5785857181813,934.709859373466
1472879.494768,446.5785857181813,934.709859373466
1472892.056668,425.79695618336063,901.1271492464784
1472894.072323,353.83004102116973,860.7355346329177
1472899.299253,268.2984171181402,786.957949018526
1472906.569486,294.97998826691287,706.9876702720499
1472912.818026,320.0937817456756,651.4635299688241
1472920.335374,304.04161419297225,624.5378874504864
1472927.543077,289.1163520722224,598.664672421708
1472934.057565,307.00478094000164,569.9422111688244
1472940.749637,367.0614372774049,521.1805149602375
1472951.190581,411.993460583281,489.8225085716767
1472955.393598,460.0310686956356,454.87253919124055
1472962.180582,471.9493787189243,444.0240593160795
1472969.022882,474.6308705232773,441.8692049013052
1472976.424968,484.6815298334584,434.9154638279563
1472982.795692,472.0490833001271,403.6319464514795
1472992.714318,424.2892492027302,350.588284262062
1472997.098025,371.0489283444064,300.8009189529613
1473003.671672,294.9521460244137,224.2790865283227
1473010.691365,234.84681208568065,163.16763027412065
1473018.782298,182.0337592469096,111.98681847942125
1473030.394524,164.57101497563636,18.110560100455533
1473807.906475,-253.07833475602533,-3.0067560613332334
1473813.769666,-268.59417309761415,48.41209402593874
1473820.806797,-275.61283890958487,81.80178921679605
1473828.259794,-282.0244342756958,112.6123143951198
1473835.476693,-283.9249200218196,114.40363150965644
1473841.906961,-299.63793363773067,130.25451963303553
1473848.818576,-314.983511256607,164.99738687706696
1473856.643935,-323.5332193484141,201.46448600274147
1473863.868242,-326.03000082660435,221.18397859244703
1473870.286399,-330.4496348750359,243.18106297818792
1473876.809772,-332.8910560819204,253.18176962915248
1473887.394951,-334.8818629511891,264.4934977448973
1473890.856336,-337.6712499350241,269.90243605489775
1473899.167628,-344.8369954002132,281.5116300519465
1473904.817648,-344.8369954002132,281.5116300519465
1473913.122709,-344.8369954002132,281.5116300519465
1473918.863463,-353.2848597890608,299.78042291125774
1473925.871709,-353.2848597890608,299.78042291125774
1473936.235309,-354.7209192650621,327.3283713148804
1473940.375224,-357.0176529618454,350.4869182997942
1473946.883173,-354.5287833088919,367.0448897859199
1473955.364788,-342.50772481104616,391.0680005253547
1473961.12279,-303.4244794570508,403.91692245959086
1473967.987568,-303.4244794570508,403.91692245959086
1473978.686067,-299.74865910943487,403.7648496173456
1473982.106847,-299.74865910943487,403.7648496173456
1473989.21893,-263.0367038076882,407.5521509773644
1473996.095792,-217.17843107065477,418.4086225274345
1474002.856359,-138.40184233509817,448.0402783611556
1474009.854871,-90.36694184636184,462.00193462624
1474017.530699,-21.96530476063369,484.7658042384474
1474024.09672,5.685486718101634,493.30384373507854
1474031.20638,5.685486718101634,493.30384373507854
1474041.0924,5.685486718101634,493.30384373507854
1474045.139943,14.587323925333768,492.1044645314798
1474052.267477,63.25239180127613,510.3430959631956
1474059.185781,54.286414381829,545.8941380693667
1474065.816636,0.241962289739987,604.8611532128901
1474074.081678,-16.078893307525927,625.0028773004481
1474080.097496,-16.078893307525927,625.0028773004481
1474090.019113,-16.078893307525927,625.0028773004481
1474093.771118,-16.078893307525927,625.0028773004481
1474101.12671,-30.990458172791406,636.844272747682
1474107.772327,-67.69031671140958,684.5601938961089
1474116.826231,-91.10718019388842,717.431471295918
1474121.878578,-107.97840601798086,735.3317302024218
1474128.967574,-120.01906518785748,746.5150936005435
1474135.885196,-139.86272367234565,754.7188615000381
1474144.080614,-154.631811314001,754.9220136922538
1474149.772863,-171.5883229416722,784.7017455698364
1474157.727445,-185.30874257331243,809.5174217414269
1474164.324654,-200.91760706143745,832.2307704555345
1474171.445254,-213.2585808510225,849.9952347137524
1474180.263503,-226.031835422728,867.8714334222342
1474184.851894,-245.05574318798105,887.2624147876949
1474192.339595,-274.8090234708484,919.8145051255052
1474199.363472,-284.32663653640566,931.8313023891826
1474205.769986,-294.38757908216843,936.1645860241906
1474214.664879,-327.0299683212462,971.8146287406436
1474220.293266,-330.83310001227306,976.7997040765536
1474640.21451,-431.96043207022166,965.5108801155304
1474647.187408,-413.129241926134,968.3244185771966
1474654.291542,-413.129241926134,968.3244185771966
1474660.866328,-382.8831128638501,982.6682688759744
1474668.897213,-382.8831128638501,982.6682688759744
1474681.87691,-367.9483561649269,976.4302905412987
1474690.030819,-364.1101099960368,968.656588632684
1474698.726455,-359.6609150826817,957.294559662276
1474702.810658,-357.3039657521115,951.2902844512864
1474710.365543,-353.583426660027,939.2634535684796
1474718.042394,-346.37064191181435,922.1615875066384
1474724.372741,-346.37064191181435,922.1615875066384
1474731.111507,-339.95259501020195,914.7063219452898
1474738.647985,-329.6222356783594,906.613636205988
1474745.377067,-326.8427228129588,896.3012873491984
1474751.811154,-326.4755613066832,894.903655286979
1474760.179851,-324.1966132878823,887.2030952086948
1474766.323765,-320.61529134106746,881.9882782896639
1474774.498503,-316.06959395156764,867.8195268087682
1474801.127929,-287.6419508689023,813.6065745539736
1474801.128659,-287.6419508689023,813.6065745539736
1474802.936296,-287.6419508689023,813.6065745539736
1474812.896868,-261.6763732520088,824.6888969079606
1474817.182373,-250.04716412748093,832.3748965272539
1474823.544486,-239.5886456074422,849.1400050613884
1474830.547809,-225.77876574972748,858.5084181918169
1474837.551877,-238.53228596739723,881.5483592686026
1474847.461933,-273.92271344438274,918.2573226155604
1474853.448194,-301.9308088190476,947.9415530873232
1474860.362735,-316.30908537991,971.1436766666136
1558726.569753,592.0934004730613,899.9733348965533
1558732.390866,548.2185538003451,871.9187576087553
1558741.839984,507.9315921400653,850.9343067092217
1558749.490097,482.4712557410137,832.6793802062156
1558756.619845,470.06410575450747,821.716240811866
1558758.905435,452.5696789890959,799.9326178546258
1558772.708988,423.5083062274529,771.4397223336616
1558772.790158,398.3360140572806,749.0164068381665
1558780.042566,374.1129802846969,724.7630091105942
1558787.16974,360.2553300519804,707.7801171952034
1558796.599435,360.2553300519804,707.7801171952034
1558802.711287,360.2553300519804,707.7801171952034
1558802.711933,360.2553300519804,707.7801171952034
1558804.746119,360.2553300519804,707.7801171952034
1558811.752182,336.77000004942323,691.3251313888443
1558824.27775,318.6960102406746,651.9861445693031
1558825.703037,295.2874682577264,621.5503859292115
1558832.73907,294.38143025882454,620.7879446874992
1558839.711772,284.2583795577501,613.9079953843348
1558847.135831,220.34444048349397,578.8862866120345
1558854.130936,167.71000238953073,557.2253399016328
1558864.012649,123.4465850811605,542.8041320981314
1558868.085727,112.33129482722072,539.4336998572687
1558875.040746,112.33129482722072,539.4336998572687
1558882.22038,112.33129482722072,539.4336998572687
1558889.042998,112.33129482722072,539.4336998572687
1558895.803326,112.33129482722072,539.4336998572687
1558904.163667,112.33129482722072,539.4336998572687
1558910.732448,61.98170866479508,514.740339753769
1558917.254633,0.0372794317688059,493.0644720109792
1558927.466455,-53.54275777539744,476.43767499850566
1558930.806682,-136.00644800441242,449.0132031549485
1558937.754625,-180.183809378361,434.0964232585356
1558946.036561,-182.9500454177505,433.5668777385303
1558951.739447,-182.9500454177505,433.5668777385303
1558959.448032,-171.35878314602246,407.1844728846791
1558965.790879,-165.04877458359817,391.6377193816295
1558972.822902,-165.04877458359817,391.6377193816295
1558979.869511,-165.04877458359817,391.6377193816295
1558987.733907,-162.63726028786007,381.4121556995775
1558999.903262,-162.86938762706524,356.05241320119524
1559004.098627,-161.53779425785262,342.3789485947823
1559007.737279,-156.88315571599173,317.5180877827938
1559015.345122,-166.1243983476576,313.57460165512407
1559022.227508,-170.8417050954074,311.9380355521464
1559031.307804,-170.8417050954074,311.9380355521464
1559035.737535,-193.55053822746493,306.2995603333471
1559043.133775,-212.54162133325903,297.36366159055063
1559050.088979,-223.4770414029524,295.0436213378032
1559057.287966,-246.2773255005761,295.7962327055183
1559063.803116,-246.2773255005761,295.7962327055183
1559072.315866,-255.4784644559891,289.03814898124176
1559077.797328,-269.0553403608664,284.2653118540892
1559088.584535,-314.45218194638494,270.1579877025258
1559091.745542,-322.057326148358,269.315357698314
1559099.273739,-330.66749296362343,270.34824970969186
1559105.81231,-330.66749296362343,270.34824970969186
1559113.458397,-339.1364755769214,275.5199490969854
1559119.789019,-341.8730112647918,289.67624767160794
1559126.80757,-342.05169139239104,290.3300117232572
1559133.83079,-342.05169139239104,290.3300117232572
1559138.020846,-347.1064353954573,307.296537414338
1559140.796636,-350.45115052738674,320.072290327037
1559148.129414,-353.4070989857136,335.466640596625
1559155.3777,-352.96526922801206,351.05171553628173
1559164.888434,-344.9723244550105,379.1870925598405
1559169.11764,-327.6395867942755,389.26000075376936
1559178.185783,-308.0241109098784,397.8401296332262
1559183.303049,-272.07783087663233,409.6713934594034
1559190.115225,-255.42271580885216,418.4794415613483
1559198.274548,-237.9557627280536,420.688235169026
1559203.817569,-195.50988692247788,434.8944419811833
1559212.378084,-172.24169645589723,437.86721702629785
1559219.964347,-160.92550052027988,445.0903093123305
1559225.889748,-84.65050220241457,475.9503520990652
1559234.269444,-15.966997803861137,491.6306570203438
1559239.365993,21.924368079309737,504.003263765445
1559246.131241,26.35419451130266,504.7312972680469
1559254.354227,26.35419451130266,504.7312972680469
1559260.310988,26.35419451130266,504.7312972680469
1559266.85846,35.50975175237178,515.9952729702446
1559278.007725,61.69532117344354,527.0989055138691
1559281.332229,46.329155918633376,566.1689856423433
1559288.312135,12.65262320073669,608.3610502167054
1559295.074829,4.705100789272271,613.0910698046199
1559301.715536,4.705100789272271,613.0910698046199
1559311.457553,-4.088914454904197,623.7490788512214
1559316.571001,-28.143190672594795,650.3054996012157
1559322.781776,-60.714338457395904,691.3601411363251
1559331.625476,-101.34073446425997,737.4812816514076
1559336.806273,-115.80984203894631,750.1364832325526
1559345.393186,-138.76070242895162,753.1683189445329
1559351.516714,-166.04548766904276,773.5343671466059
1559357.804337,-181.171344172209,797.553988912657
1559366.515225,-190.5375229650109,815.1724718181322
1559376.427932,-194.0583363327084,826.013754911701
1559379.198809,-194.0583363327084,826.013754911701
1559387.903982,-200.375205535913,833.9547132232984
1559393.723084,-210.46610467595087,845.4270553665787
1559400.582549,-216.56785291861885,845.9871305852558
1559407.147255,-231.3906270433096,839.6226283787597
1559414.032118,-261.78637259127896,828.0699321656296
1559421.174333,-273.6296714078956,822.348476197126
1559428.127689,-296.54340397190106,808.4174431454576
1559435.07435,-333.2139547257617,791.8268826263195
1559441.806875,-338.6041984210469,784.9251873930538
1559449.512353,-353.9244486055811,776.0888547684095
1559456.053211,-392.8642008999565,768.2784170642373
1559462.809616,-412.26631169465526,754.7676511061404
1559472.366042,-429.2493974741632,743.3535692896895
1559511.917395,-342.05169139239104,290.3300117232572
1559624.446472,-434.6871376780125,539.8070676358967
1559631.593305,-425.3597636515435,512.865136927606
1559638.386074,-425.3597636515435,512.865136927606
1559647.22604,-417.9828248175045,498.3922935286551
1559655.770516,-418.00432881189073,488.0255778286223
1559659.434474,-409.48231625058486,471.5454766394727
1559666.744944,-385.7635281330708,417.8515792121865
1559674.036991,-380.4836241313808,391.5494342440524
1559680.170357,-370.01147975323215,367.509877093237
1559691.241331,-313.9129580878908,381.2172561517085
1559695.151069,-287.1720832698973,395.00388348664654
1559701.44734,-257.15524434350255,414.12162227804464
1559707.758537,-246.084137505544,417.2389068868711
1559716.275285,-210.5743676260264,432.4909136134431
1559722.225863,-189.17214320709573,436.8219461038236
1559729.041143,-189.17214320709573,436.8219461038236
1559736.052869,-37.8713583916398,488.77140990414046
1559743.194322,21.874235464732504,510.3439962413385
1559749.815258,51.23145487784895,519.2899252268444
1559756.816212,51.23145487784895,519.2899252268444
1559764.559101,51.23145487784895,519.2899252268444
1559771.240331,51.23145487784895,519.2899252268444
1559778.157271,51.23145487784895,519.2899252268444
1559785.379722,51.23145487784895,519.2899252268444
1559792.047884,103.63987595613312,535.8730625275704
1559798.812006,162.41550546151504,561.9172007842993
1559806.914735,223.24568615195105,581.7700389620313
1559814.601773,256.4027210956742,595.1371078053295
1559820.055157,257.7381771710606,595.7939092064205
1559826.808733,257.7381771710606,595.7939092064205
1559834.207056,257.7381771710606,595.7939092064205
1559841.046087,257.7381771710606,595.7939092064205
1559848.057346,257.7381771710606,595.7939092064205
1559855.046154,257.7381771710606,595.7939092064205
1559862.042536,257.7381771710606,595.7939092064205
1559870.339235,257.7381771710606,595.7939092064205
1559877.272699,296.22738246603814,603.4640252900781
1559882.756971,332.2090811741642,613.2926245117881
1559891.955889,353.26482907875607,633.8115091225926
1559901.475426,342.7605798076866,653.2169613870076
1559903.831416,342.7605798076866,653.2169613870076
1559911.040174,342.7605798076866,653.2169613870076
1559918.066834,342.7605798076866,653.2169613870076
1559924.816199,331.3393573184351,650.7951477927907
1559931.806214,307.39619269719174,631.5919929281413
1559943.220617,288.2872113245425,648.8547529057116
1559945.713081,262.3413719784285,681.0063905652986
1559952.749865,247.6049530654487,694.4755738448061
1559961.61381,222.81595187806568,729.9760999992911
1559974.775234,194.021016604294,756.9525970010274
1559974.775965,194.021016604294,756.9525970010274
1559977.000203,174.0787007154038,779.879523067492
1559985.168535,160.10639782330273,796.5481937353061
1559991.479557,160.10639782330273,796.5481937353061
1559998.016211,168.175961799278,806.255709695099
1560006.884453,202.39526866580653,819.7453234458508
1560012.358572,238.9091710281827,836.7792162752544
1560019.575566,298.38750568023994,879.3596421584641
1560025.956087,288.4103091272784,929.2357502869896
1560032.968013,272.91758917699025,967.5050279770064
1560046.690393,-342.05169139239104,290.3300117232572
1560082.501049,91.80914023771662,938.4181526520164
1560091.082529,110.2708924170425,905.7930454578036
1560096.330846,114.41982795272892,904.6277824415138
1560103.728245,114.41982795272892,904.6277824415138
1560113.150086,114.41982795272892,904.6277824415138
1560116.991339,114.41982795272892,904.6277824415138
1560131.778828,114.41982795272892,904.6277824415138
1560131.785585,114.41982795272892,904.6277824415138
1560138.307704,114.41982795272892,904.6277824415138
1560145.049103,114.41982795272892,904.6277824415138
1560153.6334,114.41982795272892,904.6277824415138
1560163.833812,114.41982795272892,904.6277824415138
1560163.834465,114.41982795272892,904.6277824415138
1560165.84295,114.41982795272892,904.6277824415138
1560172.870012,114.41982795272892,904.6277824415138
1560180.184599,142.74610046433787,922.2933298298996
1560187.252012,186.76086538715683,945.3924912834264
1560194.297147,260.5948767982488,968.8546724345002
1561121.925142,99.39066159843024,967.0865633627484
1561129.735115,95.82966556393993,941.202106564304
1561139.084789,94.69725335379604,889.8843007631574
1561143.282827,94.59157203889798,844.3839734914771
1561152.456368,92.23535777706746,794.0655886054948
1561156.433181,94.18176354346612,736.0284459801837
1561163.82354,119.5345525840708,706.3599171891921
1561170.898797,141.19082027254186,689.2627809619704
1561177.998751,145.67726267046422,657.1636465566788
1561188.65099,153.61313453454352,606.1288927186997
1561191.352289,151.3758935669131,576.4454388941733
1561198.960215,153.1734232684401,571.576868496884
1561205.941512,163.16101018541312,562.7167685465935
1561212.840039,149.247339309082,553.512343218789
1561219.938938,80.85214904768681,529.7706768108587
1561226.387944,50.8505685294169,520.0816410776765
1561237.774082,26.575051596803643,511.6812265666536
1561241.584957,26.575051596803643,511.6812265666536
1561247.920058,26.575051596803643,511.6812265666536
1561254.738602,11.25313502275511,510.0530171989589
1561261.788856,-27.22132959566299,494.0191552641847
1561268.821801,-59.862323329704026,473.9536522162238
1561275.436861,-70.95795281074939,473.3331217572788
1561283.933898,-127.1743297000912,456.1096733775673
1561290.394749,-150.35136649481024,451.8576300826551
1561296.438454,-166.4623948498545,450.5109712338158
1561303.438079,-223.33051381661272,425.02141111216736
1561312.807585,-268.2583498143652,413.16582317803017
1561317.433396,-276.906319409514,439.5680168128114
1561325.25495,-310.7734909430511,442.838551631996
1561332.813554,-348.28457127955164,431.2368623803243
1561339.987386,-362.5928422896209,426.40879986132416
1561345.579505,-392.0789691597941,427.6581655602096
1561352.443412,-392.5230024831995,433.328618639067
1561360.923044,-392.5230024831995,433.328618639067
1561366.455165,-392.5230024831995,433.328618639067
1561375.566774,-392.5230024831995,433.328618639067
1561381.364675,-392.5230024831995,433.328618639067
1561387.970935,-392.5230024831995,433.328618639067
1561398.425978,-392.5230024831995,433.328618639067
1561401.435827,-382.2050393989497,408.9043181318854
1561414.891567,-357.3961049694944,371.9284160658989
1561415.837947,-338.40346043070224,384.1890060331856
1561422.808251,-309.3565650506404,399.19469736220674
1561430.302977,-255.29294562806976,415.7951959287527
1561436.351996,-219.19395605606653,429.0900709244847
1561450.843911,-180.89939819524088,438.7182665081298
1561451.281169,-121.43662248807892,458.4964211931035
1561457.660961,-81.28978469100225,473.6349620552225
1561464.684725,-29.627365237142712,488.0583950923019
1561471.380806,44.07487004332663,511.46422544901793
1561478.386037,82.1048061297704,521.6414714110884
1561485.434875,109.67457980617894,536.1299452621504
1561492.745058,166.6498099167549,558.0171482007454
1561499.456723,209.18738158906564,575.9635068914341
1561506.348886,233.6933427517557,585.5030025745806
1561513.435204,233.6933427517557,585.5030025745806
1561520.352015,233.6933427517557,585.5030025745806
1561529.371394,233.6933427517557,585.5030025745806
1561534.424467,233.6933427517557,585.5030025745806
1561541.727971,233.6933427517557,585.5030025745806
1561548.677363,238.9504245624499,583.8380306460701
1561559.38315,271.85464497946384,597.2232903626477
1561569.150468,280.6010491130937,597.8598926749901
1561570.964869,287.7618712368517,597.2546053923181
1561573.612217,296.0634802483654,589.5034107871994
1561577.620113,297.67612017248246,588.1892471760424
1561583.784784,297.67612017248246,588.1892471760424
1561590.911286,297.67612017248246,588.1892471760424
1561606.210871,297.67612017248246,588.1892471760424
1561606.215314,297.67612017248246,588.1892471760424
1561612.22434,297.67612017248246,588.1892471760424
1561619.15945,297.67612017248246,588.1892471760424
1561625.774964,297.67612017248246,588.1892471760424
1561634.338166,297.67612017248246,588.1892471760424
1561640.120383,297.67612017248246,588.1892471760424
1561646.386748,297.67612017248246,588.1892471760424
1561653.428813,303.92916214878386,589.6957507259251
1561660.4002,303.92916214878386,589.6957507259251
1561667.485064,303.92916214878386,589.6957507259251
1561676.677875,303.92916214878386,589.6957507259251
1561682.10414,303.92916214878386,589.6957507259251
1561689.111725,303.92916214878386,589.6957507259251
1561695.750559,303.92916214878386,589.6957507259251
1561702.814245,303.92916214878386,589.6957507259251
1561714.068596,303.92916214878386,589.6957507259251
1561716.671481,303.92916214878386,589.6957507259251
1561723.804819,303.92916214878386,589.6957507259251
1561730.884364,310.1123744902254,594.837494675754
1561738.943966,310.1123744902254,594.837494675754
1561750.700203,310.1123744902254,594.837494675754
1561751.390015,310.1123744902254,594.837494675754
1561759.752562,310.1123744902254,594.837494675754
1561766.35732,310.1123744902254,594.837494675754
1561774.59306,310.1123744902254,594.837494675754
1561780.960354,310.1123744902254,594.837494675754
1561788.031609,310.1123744902254,594.837494675754
1561794.018272,310.1123744902254,594.837494675754
1561801.51517,310.11903686065807,594.8422414115782
1561807.380605,311.27618011501323,594.6759754419484
1561814.440705,313.3703344672782,594.2638964343442
1561824.624538,313.3703344672782,594.2638964343442
1561828.932809,313.3703344672782,594.2638964343442
1561835.747329,315.5959188298555,595.3689904997991
1561842.807731,318.2765849481731,596.7638027543608
1561849.829805,318.2765849481731,596.7638027543608
1561857.6179,318.2765849481731,596.7638027543608
1561863.515161,318.2765849481731,596.7638027543608
1561870.537875,318.2765849481731,596.7638027543608
1561878.284365,318.2765849481731,596.7638027543608
1561884.86061,318.2765849481731,596.7638027543608
1561891.540707,318.2765849481731,596.7638027543608
1561898.899619,318.2765849481731,596.7638027543608
1561905.799987,318.2765849481731,596.7638027543608
1561912.863142,318.2765849481731,596.7638027543608
1561919.888433,318.2765849481731,596.7638027543608
1561928.103372,318.2765849481731,596.7638027543608
1561936.181545,318.2765849481731,596.7638027543608
1561940.481959,320.39674915903663,597.8440026547419
1561947.422919,322.6830091953633,599.5494332141395
1561955.309068,322.6830091953633,599.5494332141395
1561962.6153,322.6830091953633,599.5494332141395
1561970.23109,322.6830091953633,599.5494332141395
1561975.746375,322.6830091953633,599.5494332141395
1561982.766297,322.6830091953633,599.5494332141395
1561989.785635,322.6830091953633,599.5494332141395
1561996.718522,322.6830091953633,599.5494332141395
1562003.678123,322.6830091953633,599.5494332141395
1562010.485137,322.6830091953633,599.5494332141395
1562018.631893,322.6830091953633,599.5494332141395
1562024.809763,322.6830091953633,599.5494332141395
1562031.883321,322.6830091953633,599.5494332141395
1562041.414756,322.6830091953633,599.5494332141395
1562045.843921,322.6830091953633,599.5494332141395
1562052.40256,322.6830091953633,599.5494332141395
1562063.75553,322.6830091953633,599.5494332141395
1562066.39417,322.6830091953633,599.5494332141395
1562074.97106,322.6830091953633,599.5494332141395
1562080.902482,322.6830091953633,599.5494332141395
1562087.902447,322.6830091953633,599.5494332141395
1562094.9409,322.6830091953633,599.5494332141395
1562101.906393,322.6830091953633,599.5494332141395
1562110.003563,322.6830091953633,599.5494332141395
1562116.156328,322.6830091953633,599.5494332141395
1562122.439537,322.6830091953633,599.5494332141395
1562129.744837,322.6830091953633,599.5494332141395
1562140.473898,322.6830091953633,599.5494332141395
1562143.941979,323.9096547339583,599.481007782521
1562151.046797,331.85965675121264,604.3600362451426
1562157.996251,331.85964678502586,604.3600777751427
1562164.974055,332.26933198457914,604.7400464540817
1562172.591709,332.26933198457914,604.7400464540817
1562178.778897,332.26933198457914,604.7400464540817
1562186.007607,337.73635661415625,608.0210386092912
1562192.949961,337.7363564979996,608.0210389757648
1562201.951153,337.7363564979996,608.0210389757648
1562207.060224,337.7363564979996,608.0210389757648
1562213.91018,337.7363564979996,608.0210389757648
1562220.880104,337.7363564979996,608.0210389757648
1562227.840845,337.7363564979996,608.0210389757648
1562236.191137,337.7363564979996,608.0210389757648
1562242.166178,337.7363564979996,608.0210389757648
1562248.788674,337.7363564979996,608.0210389757648
1562255.34803,337.7363564979996,608.0210389757648
1562263.05939,337.7363564979996,608.0210389757648
1562269.708639,337.7363564979996,608.0210389757648
1562276.805504,337.7363564979996,608.0210389757648
1562284.996203,337.7363564979996,608.0210389757648
1562291.9452,337.7363564979996,608.0210389757648
1562298.518096,337.7363564979996,608.0210389757648
1562306.066063,337.7363564979996,608.0210389757648
1562311.962384,337.7363564979996,608.0210389757648
1562318.956827,337.7363564979996,608.0210389757648
1562326.533545,337.7363564979996,608.0210389757648
1562339.12126,337.7363564979996,608.0210389757648
1562340.92449,337.7363564979996,608.0210389757648
1562347.20242,337.7363564979996,608.0210389757648
1562356.395579,337.7363564979996,608.0210389757648
1562361.579291,337.7363564979996,608.0210389757648
1562367.933777,337.7363564979996,608.0210389757648
1562376.317992,337.7363564979996,608.0210389757648
1562381.59078,337.7363564979996,608.0210389757648
1562389.347545,337.7363564979996,608.0210389757648
1562395.927016,337.7363564979996,608.0210389757648
1562402.802183,337.7363564979996,608.0210389757648
1562409.774946,337.7363564979996,608.0210389757648
1562417.143743,337.7363564979996,608.0210389757648
1562423.618131,337.7363564979996,608.0210389757648
1562430.44835,337.7363564979996,608.0210389757648
1562439.455817,337.7363564979996,608.0210389757648
1562449.187257,337.7363564979996,608.0210389757648
1562449.187845,337.7363564979996,608.0210389757648
1562460.13491,337.7363564979996,608.0210389757648
1562460.135472,337.7363564979996,608.0210389757648
1562461.75416,337.7363564979996,608.0210389757648
1562470.167074,337.7363564979996,608.0210389757648
1562476.078186,337.7363564979996,608.0210389757648
1562485.399769,337.7363564979996,608.0210389757648
1562489.719077,337.7363564979996,608.0210389757648
1562497.28353,337.7363564979996,608.0210389757648
1562503.730764,337.7363564979996,608.0210389757648
1562511.297256,338.3540092620017,607.836105641357
1562525.925608,340.3299218546977,608.5503911324327
1562526.381764,342.04658428481946,610.529186527025
1562531.716461,342.04658428481946,610.529186527025
1562539.727794,342.04658428481946,610.529186527025
1562545.688231,342.04658428481946,610.529186527025
1562564.518773,342.04658428481946,610.529186527025
1562564.525204,342.04658428481946,610.529186527025
1562566.734193,342.04658428481946,610.529186527025
1562574.483392,342.04658428481946,610.529186527025
1562581.653938,342.04658428481946,610.529186527025
1562588.67234,342.04658428481946,610.529186527025
1562599.549765,342.04658428481946,610.529186527025
1562604.001025,342.04658428481946,610.529186527025
1562610.413571,342.04658428481946,610.529186527025
1562617.21939,342.04658428481946,610.529186527025
1562622.734942,342.04658428481946,610.529186527025
1562629.787862,342.04658428481946,610.529186527025
1562644.035652,342.04658428481946,610.529186527025
1562644.225634,342.04658428481946,610.529186527025
1562651.130989,356.2134327248919,620.3368958133545
1562662.258864,362.0338777622512,628.7179560793063
1562664.880903,362.0338716879039,628.7180019621167
1562671.783592,362.0338716879039,628.7180019621167
1562679.36541,362.0338716879039,628.7180019621167
1562686.191549,362.0338716879039,628.7180019621167
1562694.717615,362.0338716879039,628.7180019621167
1562700.098681,362.0338716879039,628.7180019621167
1562707.071013,362.0338716879039,628.7180019621167
1562714.115345,362.0338716879039,628.7180019621167
1562721.157641,362.0338716879039,628.7180019621167
1562728.122096,362.0338716879039,628.7180019621167
1562735.085016,362.0338716879039,628.7180019621167
1562744.153267,362.0338716879039,628.7180019621167
1562748.881569,362.0338716879039,628.7180019621167
1562757.440736,362.0338716879039,628.7180019621167
1562762.944897,362.0338716879039,628.7180019621167
1562771.111012,362.0338716879039,628.7180019621167
1562779.101266,362.0338716879039,628.7180019621167
1562783.784605,362.0338716879039,628.7180019621167
1562790.746418,362.0338716879039,628.7180019621167
1562798.389931,362.0338716879039,628.7180019621167
1562805.073423,362.0338716879039,628.7180019621167
1562813.454097,362.0338716879039,628.7180019621167
1562819.134903,362.0338716879039,628.7180019621167
1562826.797424,362.0338716879039,628.7180019621167
1562833.244658,362.0338716879039,628.7180019621167
1562840.104092,360.4480164492912,636.6664497421137
1562848.031782,360.4480164492912,636.6664497421137
1562854.212659,360.4480164492912,636.6664497421137
1562861.479691,360.4480164492912,636.6664497421137
1562867.692153,360.4480164492912,636.6664497421137
1562875.835339,360.4480164492912,636.6664497421137
1562884.417706,360.4480164492912,636.6664497421137
1562889.700381,360.4480164492912,636.6664497421137
1562896.231342,360.4480164492912,636.6664497421137
1562902.751945,360.4480164492912,636.6664497421137
1562909.740262,360.4480164492912,636.6664497421137
1562916.790413,360.4480164492912,636.6664497421137
1562924.257619,360.4480164492912,636.6664497421137
1562931.180615,360.4480164492912,636.6664497421137
1562938.307217,360.4480164492912,636.6664497421137
1562945.080078,360.4480164492912,636.6664497421137
1562952.153675,360.4480164492912,636.6664497421137
1562959.155621,360.4480164492912,636.6664497421137
1562966.232999,360.4480164492912,636.6664497421137
1562973.158862,360.4480164492912,636.6664497421137
1562980.186755,360.4480164492912,636.6664497421137
1562987.106904,360.4480164492912,636.6664497421137
1562998.115991,360.4480164492912,636.6664497421137
1563001.740571,360.4480164492912,636.6664497421137
1563007.731687,360.4480164492912,636.6664497421137
1563015.140757,360.4480164492912,636.6664497421137
1563022.176986,360.4480164492912,636.6664497421137
1563028.753705,360.4480164492912,636.6664497421137
1563035.784081,360.4480164492912,636.6664497421137
1563043.175766,360.4480164492912,636.6664497421137
1563050.08932,360.4480164492912,636.6664497421137
1563061.065144,360.4480164492912,636.6664497421137
1563064.536468,360.4480164492912,636.6664497421137
1563072.016355,360.4480164492912,636.6664497421137
1563079.048692,360.4480164492912,636.6664497421137
1563085.311252,360.4480164492912,636.6664497421137
1563092.496836,360.4480164492912,636.6664497421137
1563099.528803,360.4480164492912,636.6664497421137
1563106.482086,360.4480164492912,636.6664497421137
1563112.90051,360.4480164492912,636.6664497421137
1563120.29679,360.4480164492912,636.6664497421137
1563127.171128,360.4480164492912,636.6664497421137
1563134.298727,360.4480164492912,636.6664497421137
1563141.25719,360.4480164492912,636.6664497421137
1563147.696515,360.4480164492912,636.6664497421137
1563156.462877,360.4480164492912,636.6664497421137
1563163.754362,360.4480164492912,636.6664497421137
1563170.788703,360.4480164492912,636.6664497421137
1563176.275229,360.4480164492912,636.6664497421137
1563183.382075,360.4480164492912,636.6664497421137
1563190.237202,360.4480164492912,636.6664497421137
1563197.271434,360.4480164492912,636.6664497421137
1563209.289717,360.4480164492912,636.6664497421137
1563211.204014,360.4480164492912,636.6664497421137
1563218.130509,360.4480164492912,636.6664497421137
1563225.079653,360.4480164492912,636.6664497421137
1563232.302252,360.7252088535676,641.0031908056777
1563247.437331,360.729574883547,641.0185508731602
1563247.447128,360.729574883547,641.0185508731602
1563252.772311,360.729574883547,641.0185508731602
1563265.26321,360.729574883547,641.0185508731602
1563267.751206,361.7714239341265,648.9611911251079
1563273.790111,362.0253337246264,650.9234126800238
1563280.742209,362.0253337246264,650.9234126800238
1563288.288241,362.0253337246264,650.9234126800238
1563296.75295,362.0253337246264,650.9234126800238
1563302.22799,362.0253337246264,650.9234126800238
1563312.74419,361.9974187727476,650.7075682560575
1563315.788379,361.7226560870449,649.360349463716
1563322.789401,361.1778067196728,649.4578886850554
1563331.286427,360.59882559739566,649.8274552079746
1563337.864179,356.9081054801488,649.8950384909666
1563346.019328,353.9782250594935,651.2619074183824
1563352.60884,353.267850132561,647.9727554119577
1563357.750222,335.1702866237292,652.6569472822283
1563365.121762,298.5560586167829,620.649160788093
1563374.031055,296.03553753871535,620.1583256570586
1563382.683017,295.4922728514225,620.9181883624882
1563382.696127,295.5489630044026,621.3022823987519
1563386.873886,295.710934130203,621.681013543296
1563393.111775,294.67501108569184,619.7986874466533
1563399.699258,265.3129762633269,594.3683091796578
1563409.647217,192.34450841885135,561.2854631572895
1563420.350098,164.40176073527215,549.3975990190307
1563421.115058,142.9022379437511,542.2087645657801
1563428.579801,101.86025348578532,531.3715847240138
1563434.788176,63.81805758477618,522.1528193658615
1563442.023782,21.391950773730727,509.6685073877906
1563457.856533,11.569518665357249,506.2601100097508
1563457.860201,7.02698776410689,506.3587742961228
1563463.188649,-18.476920590008184,489.1374636028856
1563470.09409,-54.64296514013785,472.9430981529681
1563476.779752,-88.4588860639927,465.7399245808778
1563487.139972,-130.8044610856494,448.6697574945472
1563492.859022,-178.54951933522645,425.39118813020286
1563499.01426,-228.1028491367865,414.4616304722662
1563506.192492,-253.79138756160123,409.5489288578149
1563512.096127,-279.75328869407315,429.9947110706792
1563519.329651,-285.4864947212684,450.90374327481857
1563525.73962,-308.32898677723665,448.2442723326682
1563533.540473,-331.9014356659542,436.84055805845054
1563539.751211,-352.0269868592506,427.2364625923975
1563547.577657,-371.9343940460441,419.4918958026821
1563567.007167,-380.2798317946404,392.0849929660623
1563567.011423,-364.636295678119,348.1645562845948
1563570.370009,-353.553937284442,315.7514305926499
1563574.700741,-351.0643581373032,301.784601959782
1563583.221203,-350.612480603017,298.773066935876
1563588.740839,-350.612480603017,298.773066935876
1563596.543589,-350.612480603017,298.773066935876
1563603.062665,-342.7427926690796,281.04732549670905
1563609.796637,-326.1040124935555,240.3059391761624
1563616.765337,-318.5098058175494,219.00868841724608
1563626.343205,-314.27896517131074,209.6356535258876
1563637.539904,-314.27896517131074,209.6356535258876
1563640.203677,-311.9865016676915,190.4840575002852
1563654.264003,-299.9858771670246,130.45382525823416
1563654.264563,-299.9858771670246,130.45382525823416
1563656.731253,-297.6801683453771,122.07954211727538
1563667.270573,-289.0711437871919,92.4734264804502
1563670.781891,-268.2731393749113,23.554682225676675
1565391.231525,-262.2245614722759,4.994316143429848
1565397.33491,-258.50208761174986,8.147824665342373
1565404.582144,-273.18789924013527,55.26696037126398
1565411.26611,-282.03205111376656,82.03336105747
1565418.666831,-286.794155074276,98.11658151276455
1565440.514591,-302.1481108816936,152.83161429343323
1565440.515168,-302.1481108816936,152.83161429343323
1565444.232891,-304.8049213074116,160.26305990119494
1565452.908155,-320.1576684954594,211.74122574254088
1565463.211428,-341.15950719078785,273.64394985030884
1565465.747077,-341.5192502375445,274.457038823633
1565472.186195,-341.5192502375445,274.457038823633
1565479.223382,-341.5192502375445,274.457038823633
1565487.519479,-343.4251776775189,275.6831059301296
1565494.450497,-356.23061916807,306.8583110831612
1565503.339314,-356.10293151421394,308.9996481669144
1565507.704775,-358.7925218970243,330.911533904332
1565514.550446,-362.5374096407761,356.12247122166355
1565522.119418,-353.8852624789875,368.6932946403042
1565528.612794,-325.3117435083167,378.1314554664775
1565537.605766,-296.7664626979552,387.7404066290025
1565542.695068,-284.8121219636065,387.9921158316826
1565549.626919,-257.6653575596749,392.37535256493845
1565556.695951,-201.44923147507768,412.4599370340951
1565563.274373,-151.2784833510085,431.1131698230457
1565572.249715,-104.87624232775325,459.1970674394729
1565577.479637,-33.251288649491336,480.7657680286107
1565585.628645,13.926823005326778,494.544360808904
1565591.466504,19.52874346312356,495.76112686760223
1565598.236414,24.425054552562727,497.0866763160206
1565606.809876,27.23148262747402,497.7733472018099
1565612.869612,27.23148262747402,497.7733472018099
1565621.122473,41.196662479475904,507.0879559908359
1565627.523088,74.27785913579336,518.0625646450098
1565633.429549,78.3280951027563,525.3549279542709
1565641.952141,86.8088926124866,562.5849930341668
1565649.420727,81.52871173709322,653.297534837622
1565660.968839,90.63178861509468,695.4514872156
1565664.032362,91.46143176545766,698.646356597153
1565668.170235,99.86854743131346,724.3425056507866
1565680.134441,93.15907525296336,738.7054339036215
1565682.753854,49.89285129934172,768.2314747636614
1565689.215771,-23.70662381684011,832.9674520365201
1565702.001094,-65.3456554752833,863.5072178389405
1567478.618192,-430.73124616400986,572.9399883515587
1567485.838932,-425.9065183694797,553.9602452152652
1567495.638179,-421.63144603822,538.8611763377539
1567499.596298,-415.6505689321009,527.9574554788679
1567507.116128,-415.5293623728799,514.4033665212091
1567513.347491,-409.2486747001197,490.2684466928084
1567520.347909,-396.1897324838754,448.7598634114539
1567534.36059,-391.5661902884763,424.6864572386427
1567534.364341,-361.8163669481841,343.25496241633186
1567542.419238,-346.2620944221913,294.86065686687783
1567550.704403,-343.14213820865854,287.7058031539302
1567555.640643,-340.4680536604757,278.68049137606727
1567568.022427,-311.7071451310913,213.24212584036349
1567572.076224,-303.58027782739055,189.6671207478856
1567576.331213,-301.6555816540367,167.46842062641363
1567588.572427,-292.2073143840945,136.00048498972754
1567590.31263,-284.4950743592949,114.53601532458462
1567597.351335,-281.54302175023724,96.451256245249
1567611.819171,-267.98710940644,56.09777144753996
1567613.268173,-256.89345424464767,29.208572988910667
1567618.280484,-250.13501687045127,4.946360430814629
1650273.535436,-434.6250891043285,563.2920697396594
1650280.464147,-428.4240718174356,541.8258576628971
1650288.767362,-425.1327958982124,526.4831480197921
1650298.938898,-424.84452759445793,524.3054968871215
1650301.868,-424.84452759445793,524.3054968871215
1650308.472038,-417.1989743669728,503.6502553491104
1650315.520711,-415.8586128490704,487.9052942542186
1650322.478435,-413.397998344589,478.1322770813583
1650330.683047,-398.5862836182627,446.428098956951
1650342.297038,-369.1783041184109,375.71219168674907
1650343.96578,-361.4024675938637,368.42384894621927
1650350.464234,-361.4024675938637,368.42384894621927
1650357.967759,-347.4962738741215,376.5283733943227
1650364.473046,-336.0123110255382,379.1080970452951
1650371.827131,-302.287692703223,392.7132708963104
1650385.021257,-285.700380757209,401.6027226410338
1650386.528849,-266.3697720524688,407.9612119542503
1650393.081922,-247.91047401604337,413.5353292185973
1650399.540878,-222.2491453804688,423.6586802915281
1650407.017485,-206.67193026771912,426.1441086076042
1650416.972255,-192.33515942363343,429.7997795524884
1650420.804065,-162.4053313189598,442.7311501915043
1650427.7852,-128.58070835133591,455.3482677553818
1650434.761402,-111.44600286641358,463.8050539607011
1650441.547028,-109.91069001920188,464.8119262715591
1650451.482186,-73.81750308704146,473.6772770110253
1650455.838234,-5.466516552641753,493.2123651368228
1650462.91279,35.06747877517589,505.33944140949006
1650469.5701,35.06747877517589,505.33944140949006
1650476.796419,35.06747877517589,505.33944140949006
1650488.039775,82.24079004296374,514.5001990201182
1650491.255021,136.16909783801805,540.1109349513705
1650497.939186,207.82668619126997,568.3849761681641
1650505.038728,254.69401902699923,582.0534617299865
1650511.553028,261.1608727700773,584.1808317661533
1650523.175224,261.1608727700773,584.1808317661533
1650526.565275,261.1608727700773,584.1808317661533
1650532.938858,261.1608727700773,584.1808317661533
1650539.889128,261.1608727700773,584.1808317661533
1650546.46571,283.16274631897465,592.9712721574764
1650554.023074,310.147944120436,598.4870339048692
1650561.653627,356.55630448077534,623.1004507103123
1650567.424447,455.7698123882891,665.8859162508028
1650576.120187,495.1925414412582,680.9295022037982
1650581.92685,531.0717067544298,692.2402504648747
1650588.458727,582.7162366871869,711.5325468263572
1650599.730347,624.1112701364531,722.7727846426093
1660150.203014,460.06586500945065,935.3351956679708
1660156.38233,430.7541047689433,901.9517968291216
1660163.373002,373.4154122446279,872.7148298873357
1660171.96568,277.6311548290996,823.0635934774879
1660178.324528,259.7937184924164,756.0718706926158
1660184.293892,297.69914522423653,698.2980497158529
1660193.10908,312.40404718497274,677.8257266638453
1660199.231851,312.40404718497274,677.8257266638453
1660205.780476,312.40404718497274,677.8257266638453
1660215.751345,312.40404718497274,677.8257266638453
1660219.383076,316.4283537273751,671.7064693235457
1660229.981525,316.147165089332,639.0665171399851
1660236.314419,268.86142643269454,592.4696973303238
1660240.384382,215.4399771187827,559.8311256588631
1660249.570582,155.90314764086787,540.3323174811022
1660255.504918,104.75221381523755,525.3103095967515
1660261.720098,98.2251015768083,520.6826155204716
1660269.058473,73.5256752872915,515.0987229209262
1660275.334564,15.322607455296772,497.9877810896944
1660285.993179,-32.54371891290941,476.6464792808254
1660289.968889,-44.17000818300544,474.8626888418841
1660296.695809,-44.17000818300544,474.8626888418841
1660303.626559,-44.17000818300544,474.8626888418841
1660312.116825,-55.047595395284816,473.2085761419837
1660320.809865,-128.14555090522643,454.823766846661
1660324.391017,-187.8714049187875,438.03368554967386
1660333.362648,-246.39266713719152,418.1563894329714
1660338.721596,-283.82212569379226,437.5000536665613
1660347.424891,-294.2590312125451,451.4675371820614
1660359.587,-336.0651816480144,437.16031947261126
1660359.590864,-371.3076667523414,414.8982406765237
1660366.386352,-375.9973486213337,410.5989575776742
1660374.249309,-367.34739186425537,370.51508881687687
1660380.738921,-353.0723361973405,341.94230710585134
1660390.585079,-353.0723361973405,341.94230710585134
1660394.782616,-353.0723361973405,341.94230710585134
1660401.336254,-356.7702071713234,321.6116131756356
1660408.421017,-354.7439303010625,309.644944746914
1660415.396362,-347.9705155937896,285.9918772178128
1660423.331483,-342.990000539712,276.1003162496687
1660430.034683,-342.990000539712,276.1003162496687
1660436.98932,-342.990000539712,276.1003162496687
1660443.429742,-333.0633215011133,250.9745694992651
1660452.444529,-318.7720436748458,226.1806089589097
1660457.349171,-311.849991112687,203.88191106610384
1660465.275422,-311.849991112687,203.88191106610384
1660472.368948,-311.849991112687,203.88191106610384
1660478.838407,-311.03740112691537,195.68060411898608
1660487.814071,-308.1671386236577,173.92202769024152
1660492.338274,-302.5476075078626,160.12399421503378
1660499.971182,-300.99598219249066,147.8268057893643
1660506.644991,-300.99598219249066,147.8268057893643
1660513.703849,-300.99598219249066,147.8268057893643
1660520.962339,-300.99598219249066,147.8268057893643
1660527.397736,-300.76562906612503,139.08588151161115
1660534.864019,-300.1927668933399,132.74298081532947
1660541.631974,-299.7713285801484,121.9292940887108
1660548.750521,-294.7290643868904,81.7507352738509
1660557.601462,-281.842821504271,51.70297725290901
1660562.342589,-266.9960646244846,10.458222979626903
1661540.873958,-243.50348785058804,6.561777776760106
1661547.744463,-259.25541754330305,53.22545376266055
1661554.81359,-274.36435683135176,78.68290117142583
1661562.111355,-286.2997483616462,103.7509134788504
1661568.849657,-297.877467994996,139.17290158842997
1661575.938868,-301.4769777710706,174.28907819471883
1661582.461585,-318.63630861858866,225.28628745263345
1661589.558594,-334.62663796690646,269.9029109516042
1661596.433467,-340.5907269979898,286.3848763310141
1661603.997503,-340.97085120795026,290.8118919161851
1661610.797013,-341.7775617157837,295.13891374279666
1661623.847889,-348.40959109579404,319.62713455793903
1661624.469978,-354.83371196178587,334.1168364971384
1661632.719863,-351.63191058345365,365.1599403934879
1661638.514592,-351.63191058345365,365.1599403934879
1661646.565087,-345.2554548066186,368.845107500584
1661652.980217,-307.9113727659676,382.9173574692314
1661660.710466,-303.6352420302371,384.5415022989525
1661666.839539,-296.5757810479381,387.78902113728594
1661673.863496,-273.0277371551301,405.0967953310323
1661680.820863,-252.8815675404466,414.4305711271133
1661687.898224,-219.6147594350608,423.8330202069029
1661694.944884,-152.7228384809733,456.0505394385794
1661701.729285,-102.69014877093778,464.4402241521471
1661708.758045,-37.08112531343355,482.4446693167296
1661715.753564,40.59170582844519,510.8604668006076
1661725.638594,46.12053518858651,513.9080203401726
1661729.92212,46.12053518858651,513.9080203401726
1661736.42488,46.12053518858651,513.9080203401726
1661743.495251,46.12053518858651,513.9080203401726
1661750.798623,46.12053518858651,513.9080203401726
1661757.790301,46.12053518858651,513.9080203401726
1661764.767345,62.70489331695433,518.3920476695545
1661772.188224,118.01191083061867,538.1259689490249
1661778.512451,228.37661817854843,580.6983346309594
1661785.754681,251.92355602881915,587.916107431132
1661794.119135,251.92355602881915,587.916107431132
1661799.743469,251.92355602881915,587.916107431132
1661806.767623,251.92355602881915,587.916107431132
1661813.842285,251.92355602881915,587.916107431132
1661823.023591,251.92355602881915,587.916107431132
1661827.515477,251.92355602881915,587.916107431132
1661836.483398,277.3418860601674,598.5061382094359
1661842.318075,325.2418936258398,605.2988493484976
1661850.184973,351.1389667406542,650.4941267512997
1661855.511409,316.31153577776774,702.5610388050728
1661862.511522,272.63351808292595,784.2868717382005
1661870.630508,299.7938815596867,847.9299639361433
1661876.76006,369.19957740420085,878.0480321907048
1661883.92726,465.1200309534965,923.35785970978
1661892.738311,462.2756587646844,977.8749276651504
1738110.560433,621.1738708408598,214.0039453570316
1738119.326971,585.4827881500789,178.5418327112101
1738124.478464,584.4235548925619,177.3831629460874
1738142.946939,584.4235548925619,177.3831629460874
1738142.954064,584.4235548925619,177.3831629460874
1738147.167963,581.775936451948,177.41324176347686
1738147.168745,581.775936451948,177.41324176347686
1738149.809374,568.5493497171174,171.3637991183456
1738156.726431,558.8495212650209,164.03659100827855
1738164.610682,558.8495212650209,164.03659100827855
1738176.961101,558.8495212650209,164.03659100827855
1738178.849072,558.8495212650209,164.03659100827855
1738185.486443,558.8495212650209,164.03659100827855
1738192.532123,558.8495212650209,164.03659100827855
1738199.598383,558.8495212650209,164.03659100827855
1738215.817162,558.8495212650209,164.03659100827855
1738215.821323,558.8495212650209,164.03659100827855
1738220.600396,558.8495212650209,164.03659100827855
1738227.309819,558.8495212650209,164.03659100827855
1738234.476355,558.8495212650209,164.03659100827855
1738242.008915,558.8495212650209,164.03659100827855
1738254.412913,557.8048918692042,162.91652455575843
1738255.47586,557.8048918692042,162.91652455575843
1738262.198322,557.8048918692042,162.91652455575843
1738269.143195,557.8048918692042,162.91652455575843
1738276.205486,557.8048918692042,162.91652455575843
1738282.708779,557.8048918692042,162.91652455575843
1738290.557033,551.6073562182114,152.6198969496236
1738296.739734,551.6073562182114,152.6198969496236
1738304.324558,551.6073562182114,152.6198969496236
1738311.289617,551.6073562182114,152.6198969496236
1738318.27534,551.6073562182114,152.6198969496236
1738324.996571,551.6073562182114,152.6198969496236
1738333.362672,551.6073562182114,152.6198969496236
1738339.358124,551.6073562182114,152.6198969496236
1738346.501682,551.6073562182114,152.6198969496236
1738352.743026,551.6073562182114,152.6198969496236
1738365.879241,551.6073562182114,152.6198969496236
1738366.711695,551.6073562182114,152.6198969496236
1738373.865654,551.6073562182114,152.6198969496236
1738381.141468,551.6073562182114,152.6198969496236
1738387.741655,551.6073562182114,152.6198969496236
1738398.824658,551.6073562182114,152.6198969496236
1738401.807582,551.6073562182114,152.6198969496236
1738409.856009,551.6073562182114,152.6198969496236
1738416.418476,556.4943662052513,147.09940987773265
1738423.285359,556.4943662052513,147.09940987773265
1738430.206087,556.4943662052513,147.09940987773265
1738437.241078,556.4943662052513,147.09940987773265
1738444.233901,556.4943662052513,147.09940987773265
1738451.080704,556.4943662052513,147.09940987773265
1738459.498022,556.4943662052513,147.09940987773265
1738465.260981,556.4943662052513,147.09940987773265
1738472.876597,556.4943662052513,147.09940987773265
1738480.294842,556.4943662052513,147.09940987773265
1738485.710552,556.4943662052513,147.09940987773265
1738493.266864,556.4943662052513,147.09940987773265
1738502.989149,556.4943662052513,147.09940987773265
1738510.213384,556.4943662052513,147.09940987773265
1738514.334154,556.4943662052513,147.09940987773265
1738521.220876,556.4943662052513,147.09940987773265
1738527.80094,556.4943662052513,147.09940987773265
1738535.301793,556.4943662052513,147.09940987773265
1738541.714753,564.2328189854101,142.8745045085942
1738548.711275,563.7484286902837,143.11360614207052
1738557.772413,563.4329185244164,138.89888755064408
1738563.24548,562.2183650098287,131.92909474287418
1738570.223341,558.4769031611798,132.96476532431046
1738579.213982,557.0257594534203,135.9485582769675
1738584.399121,556.2736812842086,137.80216118193783
1738591.330443,556.2736812842086,137.80216118193783
1738597.805819,552.7329859644832,136.87000677373308
1738604.80872,552.7289627030774,136.87406937431624
1738620.300464,552.7289627030774,136.87406937431624
1738620.304165,552.7289627030774,136.87406937431624
1738626.288194,551.4308571018323,137.39383548231214
1738633.348819,547.7641592996962,138.0789707296464
1738640.248662,547.0027575361271,137.78366923913055
1738648.815919,547.1785427934701,137.41402838412932
1738657.88651,547.1785533156757,137.41402059769794
1738660.74131,547.1785533156757,137.41402059769794
1738668.241656,547.1785533156757,137.41402059769794
1738676.741078,547.1785533156757,137.41402059769794
1738683.466674,547.1785533156757,137.41402059769794
1738689.305771,547.1785533156757,137.41402059769794
1738696.163037,547.1785533156757,137.41402059769794
1738704.908126,547.1785533156757,137.41402059769794
1738709.741977,547.1785533156757,137.41402059769794
1738716.711507,547.1785533156757,137.41402059769794
1738723.751502,547.1785533156757,137.41402059769794
1738730.750957,547.1785533156757,137.41402059769794
1738738.66202,547.1785533156757,137.41402059769794
1738745.667686,547.1785533156757,137.41402059769794
1738752.272472,547.1785533156757,137.41402059769794
1738762.066984,547.1785533156757,137.41402059769794
1738765.742006,547.1785533156757,137.41402059769794
1738773.136522,547.1785533156757,137.41402059769794
1738782.460384,547.1785533156757,137.41402059769794
1738787.23294,547.1785533156757,137.41402059769794
1738794.269933,542.7455189311993,133.8909943494384
1738801.239012,542.7455189311993,133.8909943494384
1738808.308603,542.7455189311993,133.8909943494384
1738817.026547,542.7455189311993,133.8909943494384
1738822.459021,542.7455189311993,133.8909943494384
1738829.355826,542.7455189311993,133.8909943494384
1738836.660363,546.6804743671825,132.36252189365493
1738844.004413,546.805408478735,130.77025820038156
1738850.220897,545.3719915976552,130.15142380252527
1738856.804148,544.4416405967293,133.34095234380206
1738864.609398,546.6411293286462,134.80008403636637
1738870.808109,543.6011425470775,136.0380179132376
1738881.116091,539.1963891930554,138.1644575117111
1738885.187683,536.8510757471943,138.9699193327129
1738893.948293,536.0996692651622,140.68692152522112
1738899.417468,537.9052293481535,145.9744753650241
1738906.380654,540.1723799394123,145.49160834668746
1738913.433874,539.9847105055079,145.0351443486957
1738921.634497,537.6563611585397,147.0513929861116
1738926.740991,536.0781665818197,144.6398474662157
1738933.745675,539.7865690871856,144.3960480485144
1738941.566026,544.5387408719761,143.46207745914907
1738950.784964,543.1865034595362,143.14829204001515
1738956.311934,541.0380249265661,142.68500894287197
1738961.741755,542.4387937516007,145.2491789700496
1738970.778617,543.3614956921815,144.1954646212421
1738975.732449,543.0014643468418,144.04571725212577
1738983.625457,541.3132252632213,141.1212920879133
1738994.369408,539.672140875007,139.20320636827088
1738997.733341,539.8159091434568,137.35704277120834
1739004.38841,538.7054324307474,136.58666803209525
1739010.815514,537.6050305467448,137.5557896881156
1739018.418123,532.866257465069,140.73254545232885
1739033.038235,529.9324848719845,142.38078073537656
1739033.042052,530.3629420334902,142.76273502738934
1739039.399598,529.5311861924396,143.94836308602493
1739046.367024,535.186425483645,146.06709940415385
1739053.423632,537.3242954841229,145.11822760398886
1739060.39894,534.3306402670847,143.287974313235
1739069.397068,532.189245017934,146.01690793510505
1739074.507488,532.2535982800082,146.69514620737746
1739080.715491,532.2535982800082,146.69514620737746
1739087.713987,532.2535982800082,146.69514620737746
1739094.715835,532.2535982800082,146.69514620737746
1739101.750212,532.2535982800082,146.69514620737746
1739110.725999,535.4578026634465,139.5421368683554
1739116.38547,535.8874442869237,134.72830284588252
1739123.41008,536.9124929549045,130.72520501364843
1739132.650285,537.6747588262351,126.7068670442904
1739136.768155,539.7800540858636,123.75661296737168
1739143.758517,541.1371725441451,120.98734502204128
1739151.460408,540.8571765676489,120.01236871020286
1739158.534977,540.1932114082638,119.98784032883128
1739172.978876,540.1649981997238,118.78551060892036
1739172.982578,538.5670577345693,117.80516987658343
1739179.396562,538.5670569710013,117.80517013208993
1739186.336389,538.5670569710013,117.80517013208993
1739193.600351,538.5670569710013,117.80517013208993
1739200.482143,538.5670569710013,117.80517013208993
1739210.3908,538.5670569710013,117.80517013208993
1739214.064663,538.5670569710013,117.80517013208993
1739220.739497,538.5670569710013,117.80517013208993
1739227.750489,538.5670569710013,117.80517013208993
1739241.55809,538.5670569710013,117.80517013208993
1739245.135399,538.5670569710013,117.80517013208993
1739249.595491,538.5670569710013,117.80517013208993
1739256.337741,538.5670569710013,117.80517013208993
1739263.31632,541.089653430053,122.239632930529
1739270.464059,543.8693132731054,128.18816039580332
1739281.16698,545.9696162485425,128.57852732247392
1739283.933082,546.4975794044458,128.00352299524198
1739297.954204,546.6936237321952,127.57702934201228
1739298.566863,543.5312904905276,125.2543343733392
1739305.309834,537.9924179303038,124.6672295939165
1739317.239138,540.165098409797,126.33536831675669
1739320.051222,543.3795643249196,129.99896679677337
1739325.767305,543.6321425158854,133.2884506926028
1739334.529357,543.244591606534,133.55948266286364
1739339.751602,543.244591606534,133.55948266286364
1739351.271689,543.244591606534,133.55948266286364
1739354.495894,545.6171809788497,133.3425303006668
1739362.449088,548.3861576630806,131.65669935013207
1739368.420659,544.1974923421197,132.30022546235793
1739374.718666,539.733252731051,133.84453798858056
1739381.741815,542.5637659854032,130.51370184669963
1739394.972146,541.166656160674,130.37667016950977
1739397.487915,540.1764984566901,130.903103363822
1739403.360434,540.2569203259295,135.31973954947162
1739410.327819,537.2838591891255,137.55709193294604
1739417.471634,534.0923179248762,140.64318668922485
1739424.318632,533.5163085317371,140.95350567063272
1739431.357,531.7535445493704,142.16960179089622
1739438.383364,531.220922475801,143.38323615254262
1739445.726032,533.029753481915,142.52352262470336
1739455.583297,534.2886790227379,141.30283258085257
1739482.34551,531.4759257716552,145.20721000098314
1739482.346244,531.4759257716552,145.20721000098314
1739487.722393,531.0743747164557,145.40275202498097
1739496.886459,531.0743747413676,145.40275201402633
1739501.705302,531.0743747413676,145.40275201402633
1739510.430539,531.0743747413676,145.40275201402633
1739516.541392,531.0743747413676,145.40275201402633
1739524.591137,531.0743747413676,145.40275201402633
1739530.435269,531.0743747413676,145.40275201402633
1739537.235865,531.0743747413676,145.40275201402633
1739544.424177,531.584986467961,144.82983411305077
1739557.092374,535.7011128005311,139.88656579787846
1739558.458694,534.5192531900514,138.64225831870996
1739565.279049,534.8775263217093,137.95085021755267
1739571.720492,535.3633367505679,137.96104802053063
1739578.761092,537.4544478087616,136.83678738287315
1739591.114097,540.081511619594,137.4765161141422
1739593.806704,540.3925868465695,137.47206496452998
1739600.240749,537.2038272474914,138.5084486656517
1739608.618795,537.9983447663814,138.70101026553854
1739613.713041,540.0692601197024,137.5961874087094
1739623.423288,539.6171482339881,138.61293891981583
1739628.282487,538.5026978005611,139.78272080105822
1739635.276924,539.1904058207956,140.56004751021473
1739642.219576,538.8623501470536,141.84410621171975
1739649.28911,540.0267749139637,141.39648742619437
1739659.746514,539.4810611816919,140.03716278247103
1739663.287346,538.8763326339737,139.15295738696338
1739670.252327,536.842028535219,139.93734838740048
1739677.237306,537.4221181491472,144.75459687019296
1739685.293335,541.2375131882661,149.46032387333014
1739691.572272,543.6440885976303,151.0200804879801
1739697.672262,542.088341852845,150.55282621710958
1739706.679573,538.318698735578,150.20888757212307
1739712.224519,537.767478964362,146.0292090739582
1739721.919626,541.4351862849954,143.25994542980231
1739726.416238,542.7813407210983,142.60497707354853
1739733.467537,540.1529675668023,144.01134966098252
1739741.579509,538.3530329182987,144.8295291986259
1739747.28143,537.914880807181,144.8508512634493
1739759.26546,539.3581420492637,144.68730471470346
1739762.101302,537.8654500773653,144.22459776467534
1739768.273215,534.9424223491484,143.87177841423772
1739775.343102,536.7962131733868,144.28818549008446
1739789.024881,534.3269205815324,143.04454367561854
1739790.76827,532.2576408266708,142.12459000065098
1739796.218609,528.0796058376354,143.9017069062901
1739803.367692,524.3919321597522,149.97633094896565
1739810.459365,525.3935540978658,153.19239471892357
1739819.646663,531.0928687852283,151.35393070233462
1739824.19701,532.5920433868682,147.9996211197705
1739831.170114,532.803932334658,144.51732026034713
1739840.49828,533.4326770469962,139.4081358269256
1739845.249313,533.4896499719589,140.87444750709437
1739852.610714,533.2136001989745,144.74604840880295
1739858.766858,530.120535810959,149.22998360014262
1739865.767085,528.3821149951076,148.26003690934272
1739873.680002,527.2753326083139,148.69172029589728
1739880.845223,527.2112527660125,142.50026180992924
1739887.253652,529.9843921477416,139.77338473403148
1739894.835673,532.6846714556216,137.0704007450123
1739903.20523,534.4454725305245,135.70578324027002
1739913.269977,538.165942322313,134.46534206175355
1739917.489632,539.6497423099041,134.22678950263725
1739923.400862,540.9260868362171,136.84455425624267
1739930.600608,541.882913453061,137.5677666550936
1739935.771144,543.792709631435,137.74781804618505
1739942.771256,544.9262179018266,139.3532985448313
1739951.941452,545.0468383621177,141.0923896851859
1739961.262976,543.537169296101,141.58442226239032
1739964.76813,540.6966239324765,139.19588172375296
1739972.738384,538.336434673686,137.93789597871847
1739977.703286,536.8953900422631,136.07743320762623
1739984.773287,539.0080501297276,132.50497398371982
1739992.514934,538.5781963525105,131.44085920172202
1740002.89067,538.7547409187459,131.46047232093045
1740009.627275,540.3621485465991,132.9356259393247
1740019.192333,535.0276095946896,135.14802364041057
1740019.193081,535.0276095946896,135.14802364041057
1740021.99676,534.1089425497393,135.60038636515372
1740034.364211,533.4634735005536,136.95768520481533
1740036.956523,532.8732407297575,139.16824753253812
1740043.515219,532.3911655622079,139.97850185976756
1740050.497301,534.2974172566878,138.6448576763151
1740056.94949,532.4703300022031,140.0348401257121
1740069.658434,530.7597119870121,143.47238475599536
1740070.925766,532.8590441969777,143.05163615777363
1740078.77821,532.0479868866743,141.5808395682518
1740085.533079,532.8397234457722,141.3950935468744
1740092.463656,527.9538120661939,134.47264385868118
1740102.388885,524.5970409099912,131.7813793173139
1740106.009539,525.3684089195252,130.46961353636624
1740113.416181,525.8190428740203,133.76750485651138
1740120.329312,527.7240085846366,135.82891607144887
1740127.331834,530.6562957281557,132.9067276333172
1740134.597525,527.6649263954973,128.4639377429283
1740141.309345,523.2003922951386,127.79492184274687
1740148.402459,524.2910719440147,126.55975451500842
1740155.282973,525.7798970188838,125.01052654335751
1740162.37965,525.8608326759302,123.7875830972024
1740173.654844,523.9929524415829,125.8025854137158
1740176.012429,521.9121583060462,129.44378427935482
1740184.724687,519.6732560249537,132.6824278367345
1740190.32402,519.0966389572336,132.23714885313592
1740199.537429,515.9013872598714,130.98558353319746
1740204.27425,513.5859497563181,132.3141669572205
1740211.257247,513.6175244387478,133.8931886302647
1740219.896576,517.7118571673483,133.6883081553707
1740225.922254,522.0036575852787,131.1284308581354
1740232.280378,522.9958720833778,128.92213249803714
1740240.71493,524.1693520865581,127.88040967994836
1740246.295613,523.7473817379466,128.95198691609394
1740253.311651,520.7926972739766,133.00798660023767
1740262.635359,520.0680747219278,133.28326466088168
1740267.287509,518.6681823193753,133.9705645176226
1740279.849911,514.8054650176566,132.06489240460076
1740281.272876,513.9483188505297,133.04939221422072
1740288.282234,514.4238305963836,130.3351883055991
1740295.354445,507.0919524804538,125.2651158331003
1740302.026372,479.63873976370576,95.65183974667656
1740309.69197,479.5099082341377,95.68897335619997
1740316.42406,476.9792435521025,95.00251028590138
1740323.44369,475.5434800095534,94.2416035385846
1740330.387951,475.5434823247277,94.24160894805814
1740337.334594,475.5434823247277,94.24160894805814
1740347.04788,475.5434823247277,94.24160894805814
1740350.934909,467.0860736759421,84.50805984871829
1740358.297582,436.975436525449,51.98164148774862
1740365.466169,369.05958983845807,-11.475433703922636
2002532.550168,631.6618257017512,236.8758708438694
2002539.539889,594.6895656282377,206.68753421086592
2002548.444846,547.0409654868635,156.59415021644068
2002553.450396,515.8592440592806,121.19758037508517
2002560.899972,481.6272264012466,89.25855781171137
2002567.433598,481.6272264012466,89.25855781171137
2002576.270888,481.6272264012466,89.25855781171137
2002582.190686,481.6272264012466,89.25855781171137
2002588.993769,481.6272264012466,89.25855781171137
2002595.961416,481.6272264012466,89.25855781171137
2002602.960439,481.6272264012466,89.25855781171137
2002610.01673,466.40887509848,71.95705299689486
2002617.051959,417.8414480539454,31.20104334587545
2005604.280009,-429.7625905288687,727.5419456439796
2005610.041144,-426.9054730013154,727.9283788989536
2005616.55012,-415.1205103203556,739.6132460675683
2005627.989689,-370.9510828342104,767.8959266984815
2005631.01104,-341.3462926675007,782.4040350655039
2005637.885096,-305.8836866491862,802.632011223177
2005651.40262,-283.2603791693931,815.6432976906638
2005651.924002,-268.5620060177228,799.2379776990356
2005663.122474,-247.53306963247212,758.5852360753706
2005666.230691,-231.352297514507,712.0692679696052
2005672.576132,-223.03202115719915,692.7329628925886
2005680.409977,-229.9048178598323,685.3670191875084
2005686.972329,-273.94672904487925,673.3965320600462
2005694.96959,-286.84639035596746,668.2987675817328
2005701.641331,-307.8833712879514,672.2362935638042
2005709.390981,-328.68225203845475,727.4341415107464
2005714.556844,-329.2800315437587,733.4458226153818
2005723.408492,-329.2800315437587,733.4458226153818
2005728.918973,-329.2800315437587,733.4458226153818
2005735.524628,-329.2800315437587,733.4458226153818
2005743.26395,-329.2800315437587,733.4458226153818
2005749.932628,-329.2800315437587,733.4458226153818
2005758.402165,-329.2800315437587,733.4458226153818
2005763.941327,-329.2800315437587,733.4458226153818
2005771.073419,-329.2800315437587,733.4458226153818
2005777.922375,-329.2800315437587,733.4458226153818
2005784.944085,-329.2800315437587,733.4458226153818
2005791.912896,-329.2800315437587,733.4458226153818
2005798.904214,-329.2800315437587,733.4458226153818
2005806.408497,-329.2800315437587,733.4458226153818
2005812.909379,-329.2800315437587,733.4458226153818
2005820.441818,-329.2800315437587,733.4458226153818
2005826.868815,-329.2800315437587,733.4458226153818
2005834.147566,-329.43280505969256,746.6681873478449
2005840.842754,-341.74295661079145,772.7082716489258
2005848.025639,-347.6646170303084,777.7822019659413
2005854.847338,-400.74911192062814,763.922002835488
2005863.969321,-428.5359610726154,747.4620212033973
2005940.841073,-438.24041660485256,576.5463554095676
2005945.560401,-432.7764331284698,567.2778679481343
2005954.205599,-430.36071607211926,560.6548878371656
2005959.917046,-428.85848366347614,558.1433568483594
2005967.054968,-426.7781026156711,558.7621786445211
2005973.940795,-425.7687349751827,558.1179066020993
2005980.539356,-427.925037289273,539.2566196237533
2005987.570342,-420.14786491731707,513.7165743495827
2005994.681361,-404.7823007710674,487.11779012577625
2006003.455921,-390.8524441122621,440.195767977332
2006009.906495,-375.7927098107059,403.10966048148777
2006015.621288,-358.6178091752333,375.8731672027296
2006022.635217,-349.92420391831604,320.9842338601346
2006030.26033,-350.5164143675765,311.9590207522229
2006037.455811,-342.49760870660555,291.190117300043
2006049.366561,-337.383021338244,278.0207438569588
2006052.193394,-331.372070399862,253.90949484418476
2006057.569983,-315.54914188031205,216.8483777745844
2006064.582084,-300.1115111634967,180.3818179846394
2006072.126433,-298.4462401134666,175.4269497796923
2006079.236722,-298.4462401134666,175.4269497796923
2006086.065006,-298.4462401134666,175.4269497796923
2006093.059724,-298.4462401134666,175.4269497796923
2006100.103557,-289.3228988225675,162.8673402026417
2006107.015138,-283.78676559510046,136.7680468920993
2006114.364448,-280.67406680439046,120.53856288085416
2006120.53018,-282.2502625347163,101.83556759021982
2006129.236907,-271.14218069587434,50.839130196694605
2006134.967148,-260.4241248269574,14.98037849225582
2254971.162503,582.7655026215814,167.40899820592625
2254978.271799,525.2384185357607,122.90202197581554
2254985.203334,466.0742413232876,77.94293125563426
2254992.185563,384.39822111822747,8.296519633915471
2255148.222854,-312.6297555338502,-15.86329980240797
2255153.633008,-312.6297555338502,-15.86329980240797
2255162.587365,-319.10820619152804,33.72857738527174
2255167.231251,-326.56361222905707,59.53620233953689
2255174.174057,-335.1166102800939,81.03524448386615
2255181.271547,-344.504346224076,117.15455337510024
2255189.730958,-345.7700226451901,124.06419336493332
2255195.244188,-354.67700821624584,125.36998053990372
2255205.626302,-382.6196124820662,119.43931278083056
2255209.214422,-397.1552668636066,118.2760191356316
2255217.923825,-419.5944526420759,120.99147424316897
2255223.278897,-435.55179595069865,144.55614708759234
2255233.368285,-423.931033246171,166.42464550216525
2255237.920599,-400.3987433863074,167.3252199739983
2255245.827276,-391.9398139444367,170.55280685101772
2255251.216567,-391.9398139444367,170.55280685101772
2255258.512959,-390.7180799395646,177.488263110066
2255265.941468,-390.7180799395646,177.488263110066
2255273.092301,-409.2521797756877,223.65714729590613
2255279.720649,-414.2622556778156,234.4505716634819
2255286.549583,-416.34435892488864,260.7458165660212
2255294.529597,-419.7033711391606,270.8981450538073
2257316.302637,387.4937170762281,7.330648275525615
2257325.921037,480.7410495956624,87.56838747676143
2257330.898512,538.3318059119732,139.27556334135494
2257345.458218,589.5826053576432,183.5292388214316
2257869.28483,525.3339531171913,10.84940770683274
2257876.29633,495.2990346844148,40.27044158915835
2257883.288576,475.2608042374477,59.8181282097316
2257891.085773,475.2608042374477,59.8181282097316
2257897.279043,467.2959605653036,71.41844211597349
2257904.285064,445.09361987229806,98.82639932081425
2257913.772363,381.6728610339541,161.91353505568154
2257921.940718,362.1088588089687,182.5866575141604
2257951.345764,119.3654985809157,483.8894456579379
2257951.346456,119.3654985809157,483.8894456579379
2257953.500508,118.17951004631874,487.81169464796034
2257962.515424,127.31769136134096,505.2381508286608
2257970.231433,140.5078583678113,540.0711666806214
2257974.590367,163.5320014705852,550.746905619852
2257981.843417,208.8566032839724,565.4974081086827
2257988.599458,236.55174036399004,575.2164199951465
2257995.600205,236.55174036399004,575.2164199951465
2258002.596572,236.55174036399004,575.2164199951465
2258010.524927,236.55174036399004,575.2164199951465
2258016.751529,236.55174036399004,575.2164199951465
2258023.595857,239.7655947145763,575.5479275034559
2258031.207915,280.46019256012323,583.3416834677531
2258041.124781,302.7965446727184,591.9319808991377
2258045.421376,333.75287309135786,607.4411670880694
2258051.513796,353.4430449178151,645.5638843136222
2258058.59461,350.57558333995104,656.9104576075929
2258066.096663,350.57558333995104,656.9104576075929
2258072.667208,323.78526637520963,695.4089139139307
2258085.193301,291.08289685762384,742.7848637217529
2258086.514161,275.8100741727204,798.1491598106866
2258094.138169,368.926123174152,861.1949741815143
2258100.506642,404.6517373331553,880.409998681912
2258107.538652,443.7935314807024,907.4011650668108
2258114.576619,468.9257889067418,945.3786076165223
2260884.570252,467.41800282722016,951.5197133731692
2260893.011502,440.45639892387015,895.9438748975203
2260901.933141,359.0819711451433,861.8829702884715
2260906.232657,256.72757807459453,799.5316966959899
2260914.196766,288.4754328594879,749.5340608686919
2260921.114088,316.1784848403749,697.090324406168
2260932.728606,328.3526358074358,660.5347861361485
2260935.441684,300.6127674888056,624.8304231326968
2260945.468621,287.73896401222225,611.2021098824174
2260949.450218,287.73896401222225,611.2021098824174
2260955.425526,287.73896401222225,611.2021098824174
2260961.874321,286.4946329804749,602.6555633648825
2260969.449414,307.9707088408276,562.7545813848794
2260976.304133,335.8779478568167,523.3136784115356
2260982.833207,378.0189192820225,497.9728013793032
2260990.063464,440.6868700931063,463.2307908312915
2260996.806929,445.3158441569447,459.0433599348969
2261003.836997,445.3158441569447,459.0433599348969
2261010.817143,447.5320321487751,459.8444702169264
2261018.649349,447.5320321487751,459.8444702169264
2261028.080902,447.5320321487751,459.8444702169264
2261032.239724,447.5320321487751,459.8444702169264
2261039.547384,453.42771245769467,465.3969667471328
2261045.937477,453.42771245769467,465.3969667471328
2261053.708671,481.74671363242953,442.10634476996097
2261060.328656,487.571856504762,436.0062535440005
2261066.475867,487.571856504762,436.0062535440005
2261073.481989,487.571856504762,436.0062535440005
2261082.129942,487.571856504762,436.0062535440005
2261087.460948,487.571856504762,436.0062535440005
2261094.452013,487.571856504762,436.0062535440005
2261101.863194,487.571856504762,436.0062535440005
2261112.274991,487.571856504762,436.0062535440005
2261115.754184,488.9250252245899,415.17581296109614
2261124.058899,430.00002365276094,361.531041454739
2261132.796491,380.4881447167059,313.6075584272698
2261136.461737,311.7005836429078,246.7230958287865
2261143.45519,254.14900520434003,191.50479340336187
2261157.488163,202.15843359027187,143.01409879084397
2261157.505632,155.9703515848201,28.471007112650398
2335719.035526,562.7932212082532,879.2148408511605
2335719.036213,562.7932212082532,879.2148408511605
2335720.506857,559.7400938580403,877.6867002046782
2335743.324839,631.4427087481829,799.6214371817673
2335743.325506,631.4427087481829,799.6214371817673
2335822.134076,620.2047929568108,542.3907471250393
2335829.126258,581.4740864015914,493.51921450808914
2335836.143314,539.9719120911864,452.6105746152603
2335844.34956,467.3266155581255,393.6278851212206
2335850.15248,411.74100367148696,339.183267195209
2335857.12821,353.521141261672,286.9231606558059
2335864.132486,277.4971629999509,220.0096168902003
2335871.096558,227.3371954108745,169.91622510328853
2335878.08387,213.32875043273992,155.17711185253128
2335885.278093,178.07336000837358,108.24064589289002
2335893.963908,162.73960208601986,33.11742219682806
2353254.035418,548.8365943342226,-15.33522235327558
2353263.237011,534.3348963448615,1.653899354392275
2353268.05924,511.4127584930267,25.370648545738543
2353280.759083,505.77680090103627,41.09468280094634
2353282.124861,505.77680090103627,41.09468280094634
2353289.132163,505.77680090103627,41.09468280094634
2353296.269047,502.1657140440124,48.61692410300138
2353303.148105,485.34312028355725,63.983929390932126
2353313.570657,478.5129524496189,78.10966996530294
2353317.493102,512.6810068066072,110.49256580767492
2353324.720081,544.3215821953149,137.7897341325206
2353332.015319,569.9683897023998,159.53251054833402
2353338.278894,619.2276052258212,206.5312049072485
2354710.126794,623.1064032987562,221.99976738692672
2354717.045748,586.159927021454,189.02527134479465
2354724.117126,499.6918117847397,114.73298055114395
2354731.138314,481.7884504083647,95.9442631712981
2354740.263944,481.7884504083647,95.9442631712981
2354745.135258,481.7884504083647,95.9442631712981
2354752.117622,481.7884504083647,95.9442631712981
2354759.078124,481.7884504083647,95.9442631712981
2354766.153286,481.7884504083647,95.9442631712981
2354773.139623,477.2664514274716,91.91521882418976
2354783.021224,440.6383346725109,60.85411099359964
2424344.513454,-281.8293309308349,33.28333585755539
2424350.815051,-289.89325562973164,65.9677549090787
2424360.490722,-301.7897639865219,95.98724185415628
2424364.008458,-318.2350678857355,154.7671194503545
2424373.895528,-327.84494222739755,199.839215710617
2424378.341731,-337.871296753593,234.79893553665755
2424385.372688,-343.5742951806398,267.26667851515725
2424392.587773,-346.1624775619793,279.60457073791764
2424399.011315,-346.1624775619793,279.60457073791764
2424405.953269,-359.8225878606954,301.2437249390654
2424413.004351,-367.70859204693824,335.28602448462743
2424421.637131,-357.56779497797265,367.6830103806421
2424427.33899,-312.5146750854815,392.3871115148489
2424434.305057,-268.69713048681496,405.7945036466861
2424443.364246,-224.43275318851468,423.6514657051962
2424448.329525,-183.0222316714197,435.7745259749873
2424455.416127,-151.62246645353912,447.6091782642094
2424466.008241,-112.14121412996978,462.9170785734441
2424468.962403,-89.18416978978205,471.6778730128205
2424477.206551,-79.51473102735966,477.46624710150223
2424486.103146,-38.50641886396504,487.33376531332215
2424490.011858,38.70177231887472,512.641254714516
2424498.781231,86.19782436428079,509.50517975576594
2424504.291866,133.94580792333855,458.1793674107975
2424518.33398,155.9062266331389,431.6881214006004
2424518.343075,155.9062266331389,431.6881214006004
2424525.007467,155.9062266331389,431.6881214006004
2424532.334934,155.9062266331389,431.6881214006004
2424539.015442,426.5036547997378,102.14513181085844
2424546.015787,440.4161051932399,87.1048193888996
2424554.504052,440.4161051932399,87.1048193888996
2424560.794298,440.4161051932399,87.1048193888996
2424567.781394,440.4161051932399,87.1048193888996
2424574.472471,457.9000063263732,78.24164827226545
2424581.452121,502.8258432838119,90.24659924025649
2424587.927431,536.048941589382,119.92850895803234
2424598.98981,571.5983626658757,156.27967540458798
2424602.01851,577.2763851797503,161.90837094943527
2424608.959358,591.0892465069738,170.84407423557036
2424616.760844,631.1068606117962,207.64054906416308
2426970.588123,449.6668905477845,976.1696399396278
2426977.947164,458.9150811058692,927.4636191490353
2426984.581059,495.4949503224961,888.3660559264488
2426991.490697,504.8174343975264,882.5995813314745
2426998.90082,533.4575689204256,861.137163632538
2427005.621943,612.7406501095061,819.2374947832707
2435231.638986,101.01083795881604,957.7155112603648
2435238.557145,95.89395452270554,911.826474933042
2435245.544143,97.90738091595242,895.2881723827876
2435252.72544,99.02169820433872,868.6112679837569
2435259.687479,93.94256196556438,824.1058499441807
2435266.089306,90.49430298772586,807.5353928928054
2435275.960811,92.43281338450072,781.321973071094
2435280.078905,95.51415317375611,749.0615162821548
2435288.383146,96.53721646336837,745.4698250355547
2435294.593525,99.95644179863903,726.306449977237
2435301.702723,143.3618267007716,692.6757413146918
2435308.468912,156.67959422885778,680.8596389662331
2435315.093189,163.6206607063981,645.385005559031
2435325.229208,164.73618531931584,593.2897533746399
2435329.773169,164.5198294093399,572.0228671977757
2435336.104955,164.5198294093399,572.0228671977757
2435343.030605,164.5198294093399,572.0228671977757
2435351.844617,165.11475805043528,555.5818838117211
2435357.36343,131.2714398473298,533.9589993221182
2435364.778352,70.3595274338977,525.5873756435672
2435371.382625,41.58903101131204,559.6741332707026
2435378.337678,12.024585252154004,598.5846787353087
2435385.044973,-32.0377527516351,643.035036187891
2435393.167323,-58.647360551638805,669.3849542874563
2435400.798292,-86.38223264225385,709.3469066809109
2435406.036403,-112.7322516929168,747.3351575635993
2435414.213741,-129.9929487055555,772.0193190477023
2435420.605251,-153.20785669043403,792.4373247771928
2435427.043057,-176.7652996036864,828.4658981443065
2435438.06674,-179.676778531659,833.453178901505
2435441.092537,-179.676778531659,833.453178901505
2435450.816958,-179.676778531659,833.453178901505
2435455.086345,-179.676778531659,833.453178901505
2435472.189021,-179.676778531659,833.453178901505
2435472.197514,-179.676778531659,833.453178901505
2435476.10057,-179.676778531659,833.453178901505
2435484.621599,-179.676778531659,833.453178901505
2435491.110103,-179.676778531659,833.453178901505
2435497.699497,-179.676778531659,833.453178901505
2435505.026534,-179.676778531659,833.453178901505
2435511.090921,-191.12729401177316,849.1410162782705
2435519.118144,-197.04336171806264,854.3853672722391
2435525.831164,-203.1187358658515,860.9197380455068
2435532.506459,-217.8536850139515,873.5830660732827
2435539.833113,-238.83483664132837,887.4513290176111
2435546.925347,-260.9562231964913,907.4376855980098
2435553.393062,-285.9352291673799,929.431379321034
2435562.590958,-287.28793317598286,931.1558999558176
2435568.764595,-287.28793317598286,931.1558999558176
2435574.119358,-289.5932417136856,940.7504677615096
2435583.118145,-289.5563052331335,950.6337780649518
2435588.504028,-290.21361571485795,967.3882929559436
2435595.827936,-295.86570380493737,976.8473028694232
2436414.630731,-420.3758735150996,738.1084462868939
2436421.098621,-416.1605855729755,740.2548860794243
2436428.767846,-410.3495633031716,734.1213213145776
2436435.56528,-406.13109444928745,713.4489565405868
2436442.373289,-396.18985358063486,689.6795622731248
2436449.505532,-391.490590339802,674.3184321755851
2436456.497868,-389.364262310881,659.8097339671078
2436464.883106,-386.9255082282574,633.07647251821
2436470.539182,-370.4736028118908,608.058403777893
2436477.194036,-363.1765293722732,582.5566756290402
2436484.037979,-348.6602642185199,552.0667421150893
2436491.082637,-341.29700061830863,532.9660653950406
2436498.081153,-341.6647851841504,513.210855476611
2436507.388042,-384.42489748610575,492.5715157802714
2436512.513938,-384.42489748610575,492.5715157802714
2436519.518995,-384.42489748610575,492.5715157802714
2436527.052895,-384.42489748610575,492.5715157802714
2436533.036713,-384.42489748610575,492.5715157802714
2436540.108893,-395.1136315610725,487.2303546716021
2436547.361763,-406.7148532539424,481.59495991891566
2436554.394025,-391.9935709804225,439.6861609871405
2436561.496315,-371.9583426462268,388.1073780400423
2436570.014293,-347.63942970505656,317.84788330255105
2436575.09008,-330.3300336255412,269.943296961987
2436584.115797,-320.76802662700044,234.4773192655608
2436589.373956,-310.3203638626673,202.65466716315007
2436596.112834,-301.49225389275966,178.70917234411138
2436604.612515,-296.59442867618355,162.89037206520408
2436612.278068,-296.59442867618355,162.89037206520408
2436617.324625,-296.59442867618355,162.89037206520408
2436624.003504,-296.59442867618355,162.89037206520408
2436632.789925,-296.59442867618355,162.89037206520408
2436638.518221,-293.7853349716704,155.09482066765383
2436645.332229,-288.24116339513967,137.90824171134622
2436652.687138,-280.19776305426603,109.50985792472169
2436660.844853,-273.735266943553,86.97864894422733
2436666.375661,-266.6140577101337,61.3873823123527
2436673.371765,-255.059753636734,22.941999296007964
2436680.48766,-245.5768432551133,-9.66363531119168
2439374.161824,615.8312074713524,225.3784337957944
2439382.13772,563.0428444412211,181.873927865694
2439388.242098,486.4993336078372,106.23254196051091
2439400.184065,421.49572499788695,44.93783451004158
2439402.507083,354.64602676100617,-15.849599701053275
2502948.280024,392.5312187140615,15.103092263009916
2502958.222431,490.8812237768418,96.31599470939123
2502963.058582,552.7005297562631,147.58984569846177
2502969.900115,613.7231666862286,198.67119406502133
2515975.683376,-274.9471734000345,5.723288739959065
2515982.697196,-277.1630741061835,18.104763143286775
2515989.229659,-280.63594423456345,48.31148171966233
2515996.16136,-281.17915970473695,64.41640579108007
2516004.03721,-278.84926111011646,70.11890547940878
2516010.490895,-277.94087767802165,74.90480173132572
2516018.150643,-279.60781711314945,91.20894447633684
2516024.604128,-284.02054523707403,100.68432223662826
2516032.08986,-287.74709248875604,103.00996201805232
2516038.485201,-298.52619761121895,111.46311362498592
2516045.513394,-309.32499933039526,134.1963301109923
2516052.211072,-311.792885332283,146.54487080331378
2516059.959881,-322.7797422802833,203.43989549723105
2516069.136573,-335.1515595227745,251.2730369773544
2516073.531248,-340.5882123797707,274.9276498709771
2516080.231764,-344.8297965213999,286.7483512132628
2516087.232561,-349.6952806430248,320.29564728402005
2516094.518444,-355.1358717288353,332.18116707450804
2516104.877675,-361.7247118688696,350.7941497217378
2516108.699605,-356.07732905107605,372.8192754944437
2516115.243412,-324.4437974503189,384.1125211754355
2516122.208168,-297.42034642335506,392.3211589094629
2516129.608417,-284.71951126303594,400.550147302046
2516136.515929,-235.2519895789117,420.5369738209404
2516143.622898,-209.54983431350223,425.7709962946425
2516151.466992,-200.20854624100255,424.5537229177415
2516157.813399,-159.18394485547017,424.82960123434685
2516164.484164,-143.50496190213346,434.3936026605499
2516171.214989,-120.15358609005192,447.6234568782783
2516179.303448,-37.35959049903963,477.0677624653099
2516185.499892,12.551888712039236,493.348930579003
2516192.470227,63.82272311613417,509.4235081812446
2516199.645092,133.42408337778485,543.386604375519
2516206.675046,178.29105034740422,559.7849837988455
2516216.657472,212.47361374260956,572.6929496170968
2516220.549282,225.8263567850455,577.3561051406654
2516227.480202,225.8263567850455,577.3561051406654
2516234.26806,231.71202668663585,579.7396921739828
2516241.201402,283.4434750833339,594.1121799416665
2516254.100453,312.3068217466975,599.5174623528177
2516255.162739,320.5457828828103,603.1467652417149
2516262.233454,345.85272502178367,617.8921794527129
2516277.008335,352.79947244755544,653.8006197856477
2516277.183104,324.371721613343,693.0505271997222
2516283.300053,280.9254175392441,766.8422672400735
2516290.161861,303.3420591388645,838.2124536753986
2516297.145496,373.7498572008152,877.1665721094233
2516305.937392,470.1810625176855,935.0746562991244
