time,x,y
0.0,0.0,0.0
14.978023,0.0,0.0
30.044956,-4.375382083070608,-16.06080366199992
45.307212,-163.41077734611713,-97.6121774313219
60.025075,-159.88253871578144,-255.88061968982933
74.965061,-192.53023824764807,-346.1396087297036
90.29884,-325.76943817502325,-390.9986440333898
104.998547,-357.90454239978953,-397.8970580175808
120.00161,-357.90454239978953,-397.8970580175808
134.964408,-437.2651313709434,-429.0401804314548
150.445508,-553.7151686889571,-461.7933332043339
165.593731,-669.7985120736066,-501.24900498412507
179.977597,-749.3382660953938,-517.9897745448002
194.979159,-768.7056681770156,-499.760819216923
210.007813,-839.501259753552,-523.0294336758509
225.658205,-823.7381330453505,-594.3627987912733
239.987755,-777.3534423190564,-745.5369668960539
261.168861,-741.9031024940837,-856.950106069936
1275.833532,-868.1854088080171,-221.1188103064542
1290.892591,-813.9061803714862,-229.1249637447944
1304.994895,-791.1667406955261,-211.5428209025372
1319.995556,-791.1667406955261,-211.5428209025372
1334.969147,-791.1667406955261,-211.5428209025372
1351.46765,-810.2801780135294,-168.27635350705978
1364.994154,-747.4252710373873,-125.05211035345152
1380.012346,-735.6872964278961,-121.06462417300436
1395.744694,-682.3790827843767,-104.83457751780496
1410.373993,-778.2078441607017,33.54268048668779
2234.969366,-823.6606138197336,-181.1239759308798
2250.298477,-735.9491217633891,-140.76112126341573
2264.999296,-694.6907225029986,-227.9723541647772
2280.008778,-659.1932319622618,-295.9381449023786
2295.16293,-636.0643272549845,-354.83762471848945
2310.326831,-711.9501191693485,-386.08598881783246
2325.018302,-807.590824688765,-433.0978265246388
2340.002997,-857.2186088905753,-443.15432081970846
2354.991374,-852.5259708185392,-524.8017756294183
2369.997748,-741.7667197148404,-542.0533865847474
2385.070407,-627.087775314447,-498.2077054572084
2399.997725,-473.50924631652833,-451.04554419327457
2414.973575,-381.7805983686824,-469.9115432351463
2430.369716,-387.5544873490213,-513.4291036406672
2445.011388,-413.8097630803371,-559.4568783080384
2460.02227,-465.4833320299964,-593.485019187817
2475.309655,-485.9768787611392,-593.9270414295372
2489.971466,-508.9272619471653,-599.2112806039436
2505.314046,-508.9272619471653,-599.2112806039436
2521.865718,-499.7417493179108,-606.5103650810971
2535.102069,-499.7417493179108,-606.5103650810971
2550.38284,-533.4922223209147,-617.9624504735787
2565.298956,-554.1867886348005,-648.1665287442579
2580.001706,-539.4045572639429,-716.3194624736196
2595.299835,-598.0316065950988,-766.956811395395
2610.475157,-660.4932392997896,-802.135613743125
2625.005849,-645.4233341166137,-857.2871467041992
2640.057517,-617.1824237218101,-930.710139878998
4716.422659,-35.61242228510653,-903.0302448994904
4730.882728,95.06709950724704,-788.4162877886758
5526.261988,111.07903021437994,-763.4964834711927
5540.632049,-20.90072925464345,-840.3217144952753
5556.039845,-70.63399551933566,-779.4410790718679
5570.563029,-70.63399551933566,-779.4410790718679
5585.966514,-432.6699401482575,-365.8007566342037
5600.592021,-470.708268308712,-315.0339076130209
5616.680371,-470.708268308712,-315.0339076130209
5630.887795,-531.0367611312566,-249.54846294713371
5645.615133,-600.3964096075277,-194.0010010371372
5646.789554,-600.3964096075277,-194.0010010371372
5661.299637,-605.8172864672918,-199.7462588681277
5675.759559,-605.8172864672918,-199.7462588681277
5692.48607,-605.8172864672918,-199.7462588681277
5706.163241,-616.0325360840146,-187.00704612025672
5713.954207,-640.2079286628401,-134.46321808522998
5720.58439,-657.0791627304578,-99.18043169637534
5735.925322,-682.8131827864419,-90.61273039268208
5750.893192,-762.1138639321596,-139.9562652683734
5766.314024,-855.1984979743414,-185.9857350544145
8750.627697,-870.7317431348688,-187.7684290617123
8765.924712,-775.8163015840892,-143.47695051138544
8780.918708,-730.0817727782775,-147.17451093556318
8795.920432,-700.8797141389696,-215.3118923066069
8810.978721,-685.5443930337676,-250.7105403055616
8825.920579,-682.193536851528,-251.4273393456336
8840.63213,-681.181374792493,-248.42681987448972
8855.622546,-677.4507890807084,-245.3547910489491
8871.444321,-677.3424333323043,-242.61425217585432
8885.642288,-675.860649288775,-242.00063853790044
8901.192363,-671.0910532674822,-247.82846693438336
8915.63041,-671.5440978909029,-247.66113392150152
8930.934616,-676.2715754637566,-247.21781420027835
8945.60179,-680.8068544405572,-248.5618560729413
8960.703791,-672.8025680884928,-245.3543597028716
8976.32449,-607.0101588789596,-228.81409683791156
8990.73392,-580.0683224688463,-289.5320818343177
9005.63985,-518.8463525128924,-320.8701639038986
9020.621664,-428.86505460561966,-295.2980524346454
9038.221931,-363.6534341065918,-255.6236551596118
9050.630414,-301.51952542687275,-263.5670174549067
9066.154403,-202.4514243962749,-339.7779584947859
9080.936248,-202.4514243962749,-339.7779584947859
9095.922958,-202.4514243962749,-339.7779584947859
9110.929625,-202.4514243962749,-339.7779584947859
9125.674071,-202.4514243962749,-339.7779584947859
9141.286992,-159.1356029726962,-346.9629674059529
9155.69185,-2.897303600453484,-273.102523551192
11135.657615,-1.2353103608672256,-0.7181872384245362
11151.061477,108.17110021518356,-118.78100889339778
11211.182211,99.11640622064226,-466.38711112959214
11225.937681,-68.0030133725724,-609.6213417014377
11241.343734,-240.7519567977455,-780.3624479866104
12621.316914,-43.451474353194776,-916.4114664470636
12635.664182,79.52479848481522,-800.9306133330632
15305.99003,-26.200977081211136,25.59566190240949
15320.70134,-120.83043900738636,-24.933949393415887
15335.763687,-192.2140614398081,3.654834639771824
15377.478396,-355.97637957025705,-24.392113569605733
15377.479129,-355.97637957025705,-24.392113569605733
15378.742714,-355.97637957025705,-24.392113569605733
15393.768686,-320.72302213997006,-14.673142912394065
15409.069656,-320.72302213997006,-14.673142912394065
15424.266019,-320.72302213997006,-14.673142912394065
15438.77772,-313.4859191428199,-9.101066663758605
15454.083016,-200.9008509713468,37.3171354125256
15484.080213,-12.231578292681684,-26.25907619764533
15498.770127,-186.77510549117025,-123.88690251646142
15514.088114,-144.21885728791403,-283.3657509045158
15529.099174,-257.1398797833001,-368.70823977549605
15544.304547,-352.0285987240002,-400.4732963629004
15558.775287,-352.0285987240002,-400.4732963629004
15574.079451,-435.298979359493,-431.8008503018878
15588.749226,-623.7761212289286,-493.9865972345542
15604.070484,-742.1259499966727,-499.9176575185492
15618.798689,-812.0019385082056,-506.44639606115527
15634.096294,-817.4958906525568,-618.3823100651807
15652.638782,-757.8886279319298,-793.5379346332707
16201.712886,-750.091605875375,-824.8309326583366
16204.890555,-788.3257372307911,-675.8759545773961
16204.891285,-788.3257372307911,-675.8759545773961
16206.242939,-800.0821335875254,-645.135923948513
16221.267778,-746.7502047050284,-549.7787162686362
16236.269157,-580.6957711308929,-486.047170579715
16251.573166,-399.0788166963088,-424.0101878213177
16266.576177,-397.4017315158324,-430.1026281191697
16281.287487,-222.49855363704887,-365.5829266468309
16296.58117,-187.97696077208764,-346.91339191559604
16311.587844,-187.97696077208764,-346.91339191559604
16326.277184,-108.79291969682266,-298.1214260565527
16341.276422,-192.44042235907608,-152.88559877060823
16356.28338,-27.137019965388365,-41.438096402765446
16371.895173,-5.230975849331626,-29.355010382083744
16386.575803,-0.9547061232677364,-28.135878006879825
26211.632482,2.043521938513876,-5.897127494059367
26226.647934,1.4072255272675174,-6.505471494133674
26241.65904,-1.1038579240283155,-9.092648713243754
26256.648445,-7.0816863787168165,-22.94066836010393
26271.933234,-187.87652206089905,-147.73547242403555
26286.346617,-142.76750260644934,-298.7583063795141
26301.653044,-127.89593150384772,-430.1433052408127
26316.313453,-8.893731297970639,-494.3692773937882
26331.352498,13.17317688611347,-508.41479803175895
26346.639144,13.17317688611347,-508.41479803175895
26361.662112,13.17317688611347,-508.41479803175895
26376.348464,22.78456027175168,-545.6025429353995
26391.352391,-136.2586652997653,-692.0135104895173
26406.644639,-287.0570759067483,-840.3676638789001
89521.357039,-7.864153596049469,-20.489151634763164
89536.683102,-143.19329028564684,-80.07211473590371
89554.001064,-179.05179491621757,-190.06127910637568
89566.35395,-146.07508477046073,-304.9675807366129
89582.503496,-280.5882952499118,-371.5996052765213
89596.769044,-415.4915220710563,-424.2988733308861
89611.684771,-497.8091468086272,-444.2244016757254
89626.916708,-594.0134356457417,-486.7089492104312
89641.388028,-709.7847488747117,-524.7148412611901
89656.378036,-745.4546300537871,-498.4551892484952
89671.682541,-812.8765096764869,-513.6962903996837
89687.253037,-846.7208263160694,-547.9075522392831
89701.688609,-799.9589612230327,-693.6262606146486
89716.6887,-750.5511631468765,-818.8013837953438
89732.327763,-717.7012914173182,-931.7991920155432
90576.138364,-888.8892543160937,-475.97951359036574
90590.985494,-888.8892543160937,-475.97951359036574
90605.997239,-888.8892543160937,-475.97951359036574
90620.982566,-833.2768588557213,-556.4947647185426
90645.124069,-709.274523390936,-534.6586060341987
90650.987184,-516.8787478562541,-474.3176240856332
90666.273448,-371.33140788742,-440.7262757650064
90680.961157,-371.33140788742,-440.7262757650064
90695.97808,-297.8556651679256,-517.7803339978261
90710.967252,-297.8556651679256,-517.7803339978261
90725.975542,-11.407083265048932,-846.5616128217147
90741.290548,-11.407083265048932,-846.5616128217147
90756.950356,-11.407083265048932,-846.5616128217147
90771.004335,55.90393584919741,-830.3992780437112
90787.078646,112.13358131077824,-782.9570657325714
90801.364229,125.46138797867864,-769.7641510850992
95133.839963,-2.475655998799801,18.82555759485674
95147.758506,117.45211687069386,-126.84639931397054
95193.088717,102.801342274219,-476.2050884028608
95208.09195,89.96718402823099,-552.1021944271293
108410.506465,-10.4447721697145,-3.039033831450908
108426.256995,-23.20036792757304,-14.742713957814436
108441.319086,-182.4500126637798,-200.94671413044907
108455.21303,-175.5760086078726,-334.3795157383521
108470.36102,-318.1104743801555,-412.1119972905297
108485.593334,-506.9393462230231,-471.3308504069645
108500.197206,-691.2290521924956,-526.7647321678611
108515.196516,-760.8028262065898,-488.9290070666361
108536.161832,-833.8780113777849,-519.4044924617077
108554.740915,-868.8723847062859,-467.0301340215105
108830.614536,-885.6285172038743,-814.1531031303197
108845.565934,-871.0670085693516,-769.3417659552285
108861.710879,-871.4229323166046,-692.3872983906737
108876.896744,-802.3641559394633,-642.0460828275918
108890.315019,-753.4439598806306,-545.610864692001
108905.509228,-590.6151345225383,-496.8710478522127
108921.425148,-533.7673068670471,-466.1268141408589
108935.500505,-533.7673068670471,-466.1268141408589
108950.508763,-533.7673068670471,-466.1268141408589
108966.13825,-533.7673068670471,-466.1268141408589
108980.510702,-420.5349113516005,-438.5121993350675
108995.205377,-269.2285650027207,-382.0001379094625
109011.226898,-102.52924652188273,-310.81679478984034
109025.504319,-177.1978936313851,-157.787162940271
109042.327297,-25.540473478580463,-42.90482206036567
109055.205412,-3.112133985601451,-33.54796743997091
111455.801418,-81.59288114934472,-23.19848848143695
111470.2263,-185.71244272223024,-10.899955276982606
111875.533775,-97.29873651797492,-87.7161696008201
111891.330449,-161.96514101534103,-237.55692467884785
111905.240886,-168.79310919995956,-334.5476522532271
111920.530614,-143.114308889126,-392.8250760518093
111935.633035,-16.340969008722766,-490.3440244739031
111950.522246,-2.324402646547536,-555.1275039834193
111965.514415,-164.09148169689203,-714.1470054257652
111980.29172,-304.57967785522413,-873.6789680802358
176241.027884,-11.907452088401836,-15.570441338467488
176251.331699,-141.09040392588452,-81.60478132802673
176261.019406,-190.24084423706995,-150.2957204389256
176271.333341,-174.45250977965196,-201.93766442876765
176281.318395,-188.7655521885642,-325.62601599964404
176290.998835,-277.7392544017969,-363.17042208524106
176301.601353,-349.4196980898084,-397.7112025203052
176311.316732,-424.6794680411854,-430.1544760134489
176321.020624,-480.681021988433,-461.88438312074953
176331.314435,-519.04813720702,-469.1103031195374
176341.027062,-617.1975663258887,-510.7754689822962
176351.327522,-679.085106731214,-516.837464572068
176361.022576,-735.9504327677549,-533.0968359901373
176371.012142,-760.4034905049784,-491.7129164651097
176381.049575,-798.2695379289872,-492.5400463370271
176391.02083,-824.0400879866971,-504.5958694217345
176403.76906,-854.1767070292583,-540.8555174513
176411.022753,-824.8604950168398,-612.0579298069657
176421.011539,-807.2346310258972,-665.7113026135403
176431.014455,-787.6367670550612,-743.942496003097
176441.014938,-775.0962420374011,-796.3118051599922
176455.765645,-756.3586402795889,-853.2725287171925
176461.020458,-729.9029456040893,-952.5896724847368
179207.275398,-896.6256575460991,-470.329930283432
179217.839912,-878.6146958546934,-458.53271501991327
179227.683859,-878.6146958546934,-458.53271501991327
179243.45783,-864.2215176801332,-468.6446454992317
179247.28628,-830.2800122713226,-548.3476566551817
179260.576217,-735.7532511921286,-526.5264413659243
179268.911348,-652.4651736497183,-495.61526594833225
179277.671015,-568.6494114986514,-472.6043874193621
179287.296158,-457.2287562234221,-441.30820129694473
179297.615021,-390.96014662150793,-423.2478831585845
179307.242104,-344.218056668052,-495.6388278872326
179317.317414,-324.75394360216234,-521.9334732304984
179328.550463,-324.75394360216234,-521.9334732304984
179338.937497,-324.75394360216234,-521.9334732304984
179347.971989,-19.553898965549564,-830.4649968029508
179357.576893,33.255515116832576,-844.1725356616716
179367.27362,84.10547193283512,-798.1703114691467
179377.298727,130.29451194366385,-751.6166216453475
179758.351014,155.23529865286395,-726.6097950191753
179767.296965,80.36842404033352,-791.8443181221372
179777.279869,47.84129625247039,-810.8126695186788
179787.281952,47.84129625247039,-810.8126695186788
179797.270172,47.84129625247039,-810.8126695186788
179807.577764,47.84129625247039,-810.8126695186788
179817.56912,47.84129625247039,-810.8126695186788
179827.562973,47.84129625247039,-810.8126695186788
179837.278065,47.84129625247039,-810.8126695186788
179847.587142,47.84129625247039,-810.8126695186788
179857.683128,40.45479212246776,-818.1279550405102
179868.490415,-30.97800347400617,-830.0124596145297
179877.578215,-98.40931318381276,-745.8630001319888
179887.593946,-98.40931318381276,-745.8630001319888
179897.838458,-98.40931318381276,-745.8630001319888
179907.275391,-347.21360247438463,-453.6659387765306
179917.583208,-307.6485403072761,-383.3121953066315
179927.601161,-228.8535429795432,-351.8959327077988
179937.269509,-198.65046876228809,-339.4501477647673
179947.24689,-198.65046876228809,-339.4501477647673
179956.797962,-183.6036129839638,-328.2563064968152
179957.246721,-183.6036129839638,-328.2563064968152
179967.242649,-129.66403776391422,-320.82330499595355
179978.007208,-127.8697012026846,-320.52557642707364
179988.056909,-127.8697012026846,-320.52557642707364
179998.262584,-127.8697012026846,-320.52557642707364
180007.579066,-127.8697012026846,-320.52557642707364
180017.286608,-127.8697012026846,-320.52557642707364
180027.281353,-127.8697012026846,-320.52557642707364
180037.595764,-127.8697012026846,-320.52557642707364
180048.262695,-127.8697012026846,-320.52557642707364
180057.578825,-127.8697012026846,-320.52557642707364
180067.572747,-127.8697012026846,-320.52557642707364
180077.579656,-127.8697012026846,-320.52557642707364
180088.175377,-127.8697012026846,-320.52557642707364
180097.335268,-127.8697012026846,-320.52557642707364
180107.536748,-125.01654487761654,-318.2780827083598
180117.296986,-125.01654487761654,-318.2780827083598
180127.2827,-103.5658128397175,-316.84230587006795
180137.282629,-103.5658128397175,-316.84230587006795
180148.038403,-103.5658128397175,-316.84230587006795
180149.152777,-103.5658128397175,-316.84230587006795
180160.094295,-172.48523706734983,-191.3950016177194
180167.830958,-152.03456459815015,-97.31344825790693
180177.588003,-15.59516559027434,-31.747109616698676
180187.649332,-18.49988069733709,43.14328346839715
180198.352245,-98.6431371103038,-3.6205975498873633
180207.779139,-166.36503805680096,-50.19420513628132
180217.574831,-197.4924761302339,32.400400834601975
180237.276349,-103.5658128397175,-316.84230587006795
180358.020141,-374.06463712328826,-37.2768921743688
180368.075006,-371.09832411087217,-103.7100630364232
180378.03607,-374.50428632175215,-172.74690950891326
180388.356761,-371.6799400666076,-206.6210978947402
180398.063697,-401.4924983032773,-178.5911052502148
180408.053,-449.2515753542661,-141.8791227272045
180435.857711,-534.9075362048528,-87.46096761612637
180436.021708,-583.5407988465603,-49.3729308639661
180438.42701,-599.6230746747461,17.3280085762656
180438.42765,-599.6230746747461,17.3280085762656
180481.918995,-630.1628653793596,42.015062282718254
180492.216752,-672.617767815149,18.89457685283147
180501.890009,-750.0856466326018,-7.564688209635964
180512.202784,-781.6328012201083,33.61735693853806
180595.819749,-103.5658128397175,-316.84230587006795
181170.83394,-881.632072144861,-436.2508624068761
181172.343726,-834.879010160185,-546.2837989472873
181184.532537,-787.8361522789611,-558.414799083064
181192.353761,-675.1724206237584,-516.2160867320475
181202.672921,-583.7429946908728,-483.3954555873008
181212.401626,-508.2343584922703,-465.3179660977526
181222.671588,-436.6575898527588,-437.6941086948124
181232.945416,-436.6575898527588,-437.6941086948124
181242.343664,-400.0358369776645,-429.510023429067
181252.42526,-314.89399478236686,-389.8002940442841
181262.671451,-199.2803763938745,-345.0922377133503
181278.475581,-129.73653193480283,-323.5414325977531
181282.355526,-37.64149759542902,-286.438008975147
181292.671221,32.88321258439133,-252.9561407382517
181303.000804,138.29881648349576,-199.1734277774047
187736.636494,1.9192417425943804,-16.728879611922963
187746.641361,139.5468715881079,-131.50201795441993
197656.496708,-8.826312579187753,10.70353786059188
197667.715393,11.831042718402152,-52.59684407388733
197676.482681,27.540040055576764,-107.84229045418182
197686.161681,24.14723933800044,-142.71815333896026
197696.138565,58.16623112590767,-188.67530290117728
197706.464349,69.9781633623257,-197.8640390452217
197716.460993,69.9781633623257,-197.8640390452217
197726.156885,53.7866908608094,-196.97086034987703
197736.475431,46.46988939818464,-198.19622569722543
197746.47328,46.46988939818464,-198.19622569722543
197756.145566,46.46988939818464,-198.19622569722543
197766.457983,102.30413826935776,-160.5894241804463
197777.286541,148.0876882016209,-145.94458899525478
197786.954066,133.50809540285974,-126.40745739045327
197796.46684,25.69929130419304,-57.70762552806303
197806.210523,-6.17594045157419,19.61903521906989
262941.654778,-0.7957306594575775,-12.60937717051383
262951.367868,-0.7957306594575775,-12.60937717051383
262961.665571,-8.804091077358343,-31.473788677086485
262971.356466,-140.59918323397002,-89.6946250332188
262982.046912,-184.92809616848865,-136.35636262780395
262991.336509,-158.17654944201553,-208.55786513892832
263002.090601,-157.5281457594919,-312.9312711613079
263011.42017,-224.3606567597576,-355.1378726372124
263023.18198,-308.66715714255326,-390.81837409257616
263031.40072,-410.7473808350096,-425.2350203209376
263041.359367,-488.4078467726019,-459.9576889467454
263051.357721,-516.3752647775209,-467.57983686448176
263061.654065,-516.3752647775209,-467.57983686448176
263071.35912,-520.921681759571,-452.42991160179486
263081.65444,-663.6882484789603,-514.8115932615099
263091.325953,-743.6791618569281,-507.398445164901
263101.91864,-749.9522617160948,-486.20178060358535
263111.373229,-820.0756474518647,-513.8971635797153
263121.444207,-823.2630573822365,-602.2206253383533
263131.321105,-800.2508891871881,-692.6178907420303
263149.279986,-775.0078806863816,-774.4143872755292
263151.357966,-749.2106846669283,-884.5607123695474
264736.258104,-894.602242302797,-221.4128326249849
264741.349307,-862.9477607489673,-239.31047659672709
264751.379082,-821.3828473161041,-227.49113271743016
264761.37697,-790.9122353404985,-210.84080103960827
264772.026033,-790.9097934635138,-210.83860897850127
264781.358602,-790.9097934635138,-210.83860897850127
264792.125248,-790.9097934635138,-210.83860897850127
264802.68464,-797.7164853013663,-195.6838707688691
264812.154822,-799.5427701385893,-185.2484702850546
264821.926469,-799.202808101264,-184.6066008289867
264832.752917,-799.0128698899244,-184.5313662015837
264841.358651,-794.774190324844,-181.9856794916473
264851.816779,-794.4346239884237,-181.7621997256441
264863.115637,-794.4346239884237,-181.7621997256441
264871.345764,-794.4346239884237,-181.7621997256441
264881.813012,-794.4346239884237,-181.7621997256441
264892.811735,-794.4346239884237,-181.7621997256441
264902.262621,-794.4346239884237,-181.7621997256441
264911.965647,-794.4346239884237,-181.7621997256441
264921.758214,-794.4346239884237,-181.7621997256441
264931.329183,-794.4346239884237,-181.7621997256441
264941.736871,-794.6759768430412,-182.40501337883208
264951.93766,-788.8596887522114,-188.5075440338307
264962.076739,-788.8132314173945,-184.6422837959656
264974.993332,-801.4126313717452,-161.37018438755752
264983.882205,-841.4970468284112,-182.4965740861379
265011.813918,-895.644401209078,-359.96452491334094
265021.957525,-874.6637858489893,-442.2116949499225
265031.328246,-845.1811035071577,-537.2416768798706
265041.652939,-811.9976251024568,-648.5724594224339
265051.352906,-776.0717048350856,-747.0345017191015
265069.058044,-746.3197653114102,-838.7074131636011
265071.326645,-714.2586272270594,-950.6069466245308
265641.45159,-727.947655234684,-937.1781462820012
265660.867564,-782.87258163556,-731.5988008411822
265660.86821,-782.87258163556,-731.5988008411822
265662.448819,-791.1655666942175,-699.93090702477
265678.88219,-819.4503873544185,-613.2667035363454
265682.699907,-782.8270731746568,-556.5339176221612
265692.450446,-706.393345016725,-525.2271274276778
265702.425035,-635.2263007706621,-502.81681791288
265712.827729,-527.7542881721726,-466.7861614952519
265722.456334,-408.0018688509204,-423.82789887919614
265732.754828,-406.37885262340575,-423.7026861056712
265742.467772,-406.37885262340575,-423.7026861056712
265752.449574,-406.37885262340575,-423.7026861056712
265762.416565,-386.4916738869371,-417.18759746510864
265772.423554,-324.9675281570686,-391.302653157938
265782.746732,-202.0919540350143,-341.6609622720938
265792.754797,-168.6672752739192,-338.5922476572284
265802.460026,-107.86760595550122,-308.27437224067785
265812.463663,-124.01444181345865,-267.91626421059254
265822.748629,-168.42734434009927,-200.93107690507952
265832.419049,-164.53971076140385,-104.5081597462648
265842.458172,-27.79471289792467,-36.48660546966802
265852.435272,-17.511712582632217,-29.75483181317266
265862.419291,-17.511712582632217,-29.75483181317266
265872.767863,-17.511712582632217,-29.75483181317266
265882.412229,-2.722436786596673,-29.557251071572587
265892.905296,2.142597273538836,31.728380119572844
267814.136461,-878.5856819985232,-200.76162354750596
267814.137171,-878.5856819985232,-200.76162354750596
267815.400545,-878.5856819985232,-200.76162354750596
267825.400139,-827.5129306820003,-179.05591349842456
267835.632718,-770.4286014784087,-138.54590360612207
267845.489955,-758.3579709732638,-129.3824505198521
267858.795031,-751.3484101565474,-120.50345643642414
267865.335651,-751.3484101565474,-120.50345643642414
267875.641492,-751.3484101565474,-120.50345643642414
267885.634937,-751.3484101565474,-120.50345643642414
267895.33399,-751.3484101565474,-120.50345643642414
267905.641772,-724.1283225692247,-127.64397724606604
267915.344699,-675.427979471874,-101.0646067679318
267925.8945,-711.8308765072942,-42.39676737233004
267935.438556,-761.3520142066523,5.906010289656925
269785.754023,10.506641916475996,-867.9928638831765
269795.86701,-51.19619602827812,-900.2099148875225
275655.7562,-863.7847429741703,-462.271856240697
275660.665705,-841.5792316002944,-539.9655321288916
275677.045287,-806.7123345379254,-562.5340879725135
275679.934755,-687.2538150071775,-520.801321441413
275689.913639,-581.0939437587446,-478.6647205895079
275699.943536,-424.8006391091018,-427.1034010512893
275710.702921,-402.11560031304566,-421.1330028108126
275719.90631,-402.11560031304566,-421.1330028108126
275729.948493,-303.1615707330797,-385.9962641174333
275739.940403,-196.9702290428285,-344.2955016396342
275750.249062,-193.58811112046487,-342.4405863422792
275759.970945,-193.58811112046487,-342.4405863422792
275770.247892,-193.58811112046487,-342.4405863422792
275780.243551,-193.58811112046487,-342.4405863422792
275789.909369,-157.2781685574691,-341.3341023470429
275799.944564,-114.26348685957696,-280.7979612660254
275810.881439,-178.2697346755945,-179.0842646046745
275819.937687,-91.40168960803628,-66.14037056664814
275830.236462,-14.482813369104695,-31.788705835784373
275839.939129,-14.482813369104695,-31.788705835784373
275850.266348,12.849980613502709,8.660340736711715
279629.968268,-32.13865671349055,-41.08613450594416
279640.467957,-149.43212796509536,-79.76228121910268
279651.943076,-196.8419592719329,-154.32231808844833
279662.078001,-139.70595238462764,-285.9931583736396
279669.99117,-201.33988441955427,-348.3641065797981
279680.279427,-304.1354986365164,-372.7749797361891
279690.278279,-372.3296443570436,-391.5670629061232
279700.283424,-401.1745533081311,-403.3651024291413
279711.841622,-429.11800314420697,-419.7048501236508
279720.795148,-683.3356910600836,-504.2435545082247
279732.775952,-745.7765347951674,-520.9611287211068
279740.265635,-769.9367715002127,-497.9644496764306
279750.265609,-849.1358469934362,-519.1960733391003
279760.53794,-819.757025573206,-613.6216402617933
279771.833466,-775.6648631137521,-744.0972138476595
279786.352548,-723.2319717569688,-904.7077696679004
281392.749025,-743.0051661926111,-885.3322779495425
281401.338126,-767.3369145555846,-795.9886449756566
281410.463984,-767.3369145555846,-795.9886449756566
281420.004192,-784.319966329637,-560.4866694522586
281429.990974,-628.9634901268809,-502.5598032977656
281440.287379,-501.2869346441147,-461.0258722866007
281450.290135,-409.3913881934868,-416.3892477613383
281460.302181,-364.5307507384687,-403.9796543176831
281469.978385,-233.0588502684739,-360.92752536549847
281479.989148,-185.6933207818685,-349.7946565357295
281490.295418,-155.07376578220322,-332.544521434785
281499.990646,-109.87236473405498,-284.8770416679971
281510.287992,-170.39987062825554,-194.8579185120782
281520.312455,-102.3930153402718,-59.0480488028149
281530.561434,16.506161317932435,5.856074477566232
285640.766276,-9.194220841552234,14.28299262995018
285643.669842,-3.801692980036031,-17.910976894965273
285650.017485,-62.40734053552428,-51.159865931467145
285660.336335,-193.7087459417004,-140.5022924183975
285670.014225,-150.3197099939838,-260.81247308568777
285680.401528,-166.94314998060932,-329.8751800013862
285690.54185,-100.9542655368088,-414.993620067207
285700.37357,-33.70730992815801,-470.1049823655422
285710.550371,19.195112291872523,-510.630629190385
285720.322412,23.94651591952149,-537.0038795724955
285730.58715,-32.77655040670419,-591.9405066243958
285741.733617,-145.41495794288875,-695.8401801013665
285751.621922,-276.85262065783445,-828.0648964645707
285762.17899,-301.0637761875767,-953.6843767144096
347485.436306,-880.2840867662686,-195.87852810222904
347494.789055,-852.8513931330922,-244.40290906084093
347512.174552,-817.0100130722501,-223.1484523499056
347512.817022,-792.4880627518434,-193.607601869784
347512.817674,-792.4880627518434,-193.607601869784
347514.194303,-792.4880627518434,-193.607601869784
347524.224009,-786.1276859176177,-181.502468506937
347534.519697,-784.6868448700088,-180.950458585039
347544.192886,-784.6868444633667,-180.95045874053295
347554.517504,-784.4410989070198,-181.03911427482683
347564.52925,-784.4410989070198,-181.03911427482683
347574.521194,-784.4410989070198,-181.03911427482683
347584.526182,-784.4410989070198,-181.03911427482683
347594.539348,-784.4410989070198,-181.03911427482683
347604.523401,-785.4279480172829,-181.70140166286063
347614.525776,-785.4279480255368,-181.7014016734612
347625.450398,-785.4279480255368,-181.7014016734612
347634.447856,-785.4279480255368,-181.7014016734612
347645.03883,-802.0123047720689,-168.44966646095557
347655.536588,-817.0340928105144,-162.93433267398626
347664.531744,-877.6209754176747,-194.22740056590615
351963.080845,-887.0125533357412,-405.2158399542868
351973.613115,-841.1076239432091,-531.9595771037913
351983.112879,-806.4400701126216,-568.8645944306725
351993.414915,-719.6085553387061,-534.154249160323
352003.152845,-631.9203194761901,-501.0997975863882
352013.409685,-534.6252482785044,-466.5588535984109
352023.118638,-428.6904362923944,-425.1341496674566
352033.121594,-422.2791031193135,-422.4584315811409
352043.08576,-379.2710490586858,-410.5075259347128
352053.48846,-241.2476019365532,-363.6839919120658
352063.423111,-161.92228263247455,-339.6855702066244
352073.514354,-112.96347806052567,-309.80183646446943
352083.11929,-169.0068183455741,-184.83194270721572
352093.720898,-152.48969885047808,-92.10879562757958
352103.116676,-37.014040303764894,-44.59348424653592
352113.40768,-13.913741655534835,-34.91735801406933
352123.082903,-13.913741655534835,-34.91735801406933
352133.12151,-13.913741655534835,-34.91735801406933
352143.410563,-13.913741655534835,-34.91735801406933
352153.127378,-7.503515348404096,-30.79339870469337
352163.154293,0.514096019786844,40.09639027931068
353383.636656,-2.3270412413925987,16.840439729162654
353393.422221,4.007853532722964,-40.62198466654215
353403.15731,119.41682118242925,-126.4420189713762
353703.737446,111.30445786675982,-787.3052500248867
353713.731805,19.419886607566585,-851.1288971657137
353723.443236,-75.2281343130354,-933.4024961400552
366083.372939,-13.88036703336795,-27.36965634533881
366093.676847,-109.96416246227844,-76.97856767908192
366103.340687,-192.40092135577515,-141.70534690800608
366114.233754,-144.45363645236108,-260.2834154434321
366123.382354,-150.52025071675126,-303.4325617014295
366133.354747,-254.5186170294804,-370.1275298456277
366143.356189,-345.80425554912847,-414.93332147114745
366153.670419,-390.8642624236963,-422.0195884933617
366163.813284,-487.5870594567967,-444.5413598220251
366173.687449,-629.8564359256779,-497.5900815573061
366183.665366,-729.4003284360406,-532.5762805208321
366193.708271,-751.5109897246713,-498.8893293983461
366203.873768,-837.591551624535,-518.7178628889618
366213.787035,-822.194998369034,-581.9779942126058
366223.425281,-792.9353265465325,-688.9483756304576
366233.68584,-742.2794203969179,-821.7593253120963
366243.343077,-720.0591305549892,-926.8493316710671
367034.818126,-718.5797993245238,-933.5506354745464
367103.911357,-715.4937891498706,-945.3726286472656
367113.358427,-747.2765655173157,-821.9978314164368
367125.467013,-758.8228752218454,-719.1761575393188
367133.380852,-818.1035974747299,-576.6961988857349
367143.892076,-745.2846960469249,-537.6460408118043
367153.705927,-645.1163830274874,-494.86066021732125
367163.931017,-493.10896455241726,-438.9937474406912
367173.678581,-406.6348557360759,-406.200907514422
367183.679054,-406.6348557360759,-406.200907514422
367193.681135,-406.6348557360759,-406.200907514422
367203.678149,-406.6348557360759,-406.200907514422
367213.38543,-330.0220848052606,-363.1966719583804
367223.728484,-108.44651289848905,-308.63447505732864
367233.383105,-144.60793600677042,-233.90458600233188
367243.379297,-187.98405463776527,-125.5540288887268
367253.697238,-3.448660592172752,-32.35736309999317
367263.685198,13.27957167067056,40.9269545522992
371873.702023,24.047808925164976,-55.92051092316611
371883.723776,106.19870439174272,-116.35541734554022
431622.076039,-9.404254153399489,34.84979017808729
431632.545433,-1.5692781998966152,17.474216610495773
431641.487928,-1.5692781998966152,17.474216610495773
431653.941444,-1.5692781998966152,17.474216610495773
431661.850634,-1.5692781998966152,17.474216610495773
431672.646715,-1.999771227106335,-11.568772967428613
431681.213352,-69.53411096593295,-59.12762162929706
431692.855047,-166.48570576815874,-96.010333109818
431701.196981,-198.16836923608116,-165.9612633262487
431711.208567,-165.18013659655918,-232.8489819399162
431721.561974,-144.634713432447,-266.94442939620666
431731.180181,-144.634713432447,-266.94442939620666
431741.766224,-144.634713432447,-266.94442939620666
431752.572,-159.7143664906374,-309.04453977524867
431761.567728,-212.00171339726683,-351.42731233809263
431771.166334,-286.68485656182526,-368.19920608806666
431781.54068,-331.7337051595568,-383.3294714529024
431791.786617,-331.7337051595568,-383.3294714529024
431801.169529,-372.4672395786171,-396.0775141079475
431811.497532,-425.2572254924348,-421.730730899158
431821.16966,-468.5960034223676,-436.7784516625432
431831.660609,-504.0354036184742,-447.1520697849823
431841.529491,-530.4172109456377,-455.9000352616261
431851.18443,-571.1765878614849,-472.50413931610734
431863.348123,-654.0592146103207,-497.69413060769017
431871.205156,-749.1977783355482,-522.2638153730368
431881.542618,-758.8316739508886,-483.28857560233496
431891.171022,-812.9037133034105,-504.6550577407233
431901.209953,-847.172932071713,-520.0142085691755
431911.492728,-838.5703752698594,-568.5271696925839
431921.504284,-818.8225283640594,-624.1841346023932
431931.196682,-801.4670218154561,-685.9321980640931
431941.194732,-790.4829031643135,-702.9995382685744
431951.493968,-790.4829031643135,-702.9995382685744
431961.809859,-775.5380083938666,-744.2289563636938
431971.508579,-758.1475288845804,-808.1946101387693
431981.213956,-741.9943503182377,-866.151179429249
431991.233814,-736.4787915496519,-893.3095385478999
432001.488376,-734.6889581527955,-898.5148593661638
432011.700611,-723.376433625847,-936.2072776546748
433267.265197,-860.4030891853336,-483.4413214725704
433267.265864,-860.4030891853336,-483.4413214725704
433268.39746,-860.4030891853336,-483.4413214725704
433278.729382,-818.7293909813976,-605.3049915007263
433288.434928,-798.8794598745234,-691.3161454909736
433298.431283,-779.832642073217,-742.464342666843
433308.703658,-768.0038989609097,-773.4756319682522
433318.371587,-755.8055348071082,-803.7015777241626
433328.42476,-740.8924355872416,-852.5357275566842
439156.557714,-726.9398857864458,-908.0269569089272
439177.356301,-767.3008518295287,-804.1794812458724
439177.359802,-800.3023072821303,-671.0781534643286
439177.906774,-811.4374906982209,-635.3702590298878
439177.907583,-811.4374906982209,-635.3702590298878
439179.565026,-811.4374906982209,-635.3702590298878
439189.388582,-822.7347584565123,-595.7583609707154
439199.889496,-789.4271437509248,-553.357350809173
439211.701562,-708.6323429849397,-519.0612954617196
439219.414429,-566.7219543453845,-471.1279015663097
439229.696191,-459.3771871276053,-435.4260161021806
439239.414445,-402.3113777902452,-417.521630942283
439249.346494,-399.0374773696345,-417.58281843131607
439259.379555,-399.0374773696345,-417.58281843131607
439269.688622,-399.0374773696345,-417.58281843131607
439279.679252,-399.0374773696345,-417.58281843131607
439289.934316,-316.345652783573,-393.2481533838466
439299.388097,-214.5731909083799,-347.00150656312206
439309.6831,-192.17426280829676,-338.46432861403906
439319.679582,-192.17426280829676,-338.46432861403906
439329.678131,-192.17426280829676,-338.46432861403906
439339.692249,-192.17426280829676,-338.46432861403906
439349.695544,-179.4277500917197,-329.27496387147033
439359.385439,-117.25551787310272,-303.62987795250166
439369.387777,-115.68113907256084,-276.15321973136673
439379.387643,-115.68113907256084,-276.15321973136673
439391.882598,-134.4948397130473,-254.80513595755997
439401.601177,-192.60625465474703,-152.05743129512464
439409.860773,-124.42253336478124,-75.31715527206316
439419.839901,-30.644301966328,-36.003663045800224
439429.758907,-23.03489238578891,-29.38341429998139
439439.689854,5.362096183129815,-14.147133587980838
443525.276863,-24.357302046882094,36.30458358436978
443533.563656,-62.93859086064503,0.3568471882754741
443543.267172,-69.9549560310708,-7.883585348514242
443553.255177,-69.9549560310708,-7.883585348514242
443563.551606,-73.30914561792564,-11.885549059779883
443573.59471,-73.82686520742354,-11.853532820237357
443583.554085,-79.2815295618699,-12.821443392730515
443593.559759,-78.91509214890966,-13.122432608447856
443603.768538,-83.77762213649889,-17.7873004494165
443613.558722,-83.78778415860059,-17.78891929410753
443623.557925,-85.42297064191729,-15.32366263024438
443633.573183,-85.85467199580904,-13.910344778396375
443643.627839,-86.8787444187269,-12.482198729021968
443653.817496,-86.878781457216,-12.48218824474153
443663.403342,-86.9254880312155,-9.957073201155684
443674.913579,-89.73387754711847,-3.497975612737466
443683.263451,-89.01318260962242,-3.2156962693778226
443693.556747,-99.51428148619776,-2.373398296464278
443704.148958,-112.80129815059551,26.719648903746023
444333.559521,2.97406230663478,4.182596865866577
444343.572085,0.4002552869503522,-9.07425682124772
444353.565647,0.4002552869503522,-9.07425682124772
444363.560668,0.4002552869503522,-9.07425682124772
444373.563167,-91.44090189432764,-77.16549871974956
444383.723625,-184.64825059192103,-139.3805333260677
444393.264305,-176.46164979338337,-219.9162207455523
444403.326051,-139.0474993806142,-279.879334924402
444413.558255,-176.50411756153397,-331.2562286267839
444423.839586,-229.56475464573344,-369.28052958448905
444433.907469,-344.24452896496007,-417.7638014751383
444443.331691,-423.2028423955009,-395.3388240364282
444453.266632,-458.0179243432821,-341.95329215061247
444463.26516,-467.1737217731782,-331.6808453829012
444473.381014,-485.6690684573384,-310.9859732939428
444483.332337,-487.4679130917864,-308.16395267943824
444493.575247,-487.4679130917864,-308.16395267943824
444503.589846,-510.4771505550961,-280.23249588325774
444513.570452,-570.0177325557908,-202.54801017128827
444523.235605,-628.8219716580468,-152.68189425519208
444533.457112,-668.5086176140447,-91.15015923119007
444543.335483,-719.3978603435842,-33.76604016538848
444763.312772,-864.5285176310738,27.517168362234766
444773.414729,-817.5603119816112,35.228425222646614
448123.244051,-39.521042222470925,-870.7709144304114
448133.493402,38.62070939269471,-790.1060673824456
448143.415517,117.20925920586222,-723.798083025187
449883.182187,-44.54912280812255,20.754010754294285
449893.14501,-103.33794092915512,-8.766436317876954
449903.465177,-176.03792324170757,-42.55527312547351
449913.763091,-197.8525431833244,22.875482784638905
450143.173586,-5.984301400827271,33.7657952918792
450154.412274,-33.22884730533248,-43.91522005170249
450163.46137,-172.9423369466867,-102.6973108905899
450173.588916,-182.1191931900904,-202.85813741327257
450183.475147,-143.5101980586204,-292.1234791917341
450194.737923,-168.2598566737833,-328.55611943959985
450203.476955,-168.2598566737833,-328.55611943959985
450213.472672,-166.35509861494282,-360.5217559338887
450223.49298,-84.41509770981945,-428.0534820116783
450233.13718,-8.941512987590166,-488.4717935393227
450243.84859,27.846989402602063,-517.3083741671296
450253.168555,27.846989402602063,-517.3083741671296
450263.168685,27.846989402602063,-517.3083741671296
450273.779086,27.846989402602063,-517.3083741671296
450283.889793,27.846989402602063,-517.3083741671296
450293.836067,37.012129910966415,-519.361813684582
450303.478194,-3.717009810551569,-562.1515533360348
450314.32555,-137.41598345406382,-656.1378224012417
450323.168674,-237.85725596528465,-758.4927666107058
450333.175572,-299.3917624429108,-861.2204053902592
450663.493831,47.805952958260605,-933.7892456205092
450673.143839,86.06262108068204,-902.1301158636484
450684.248958,144.6022973918781,-856.6455611697793
450814.5455,86.6351078807452,-951.7391573367756
450823.167093,11.6105513411008,-867.4590737077209
450833.480088,9.64094867231117,-866.085735664411
450843.47808,9.64094867231117,-866.085735664411
450853.168216,-35.19884514384445,-890.2060612756305
450863.513092,-101.48958503192983,-950.588694786902
451273.182957,-743.4999064817047,-872.3489920471418
451283.592022,-773.0381167978412,-779.4935074063402
451293.195419,-808.6132877722263,-666.6374361541931
451303.259168,-795.2645611025185,-551.4861867676905
451315.026196,-703.28527827166,-518.5227063774337
451323.796776,-602.7665438491204,-484.5328028512292
451335.213301,-465.40638468755327,-442.3474392538998
451343.698578,-402.7956893861986,-420.6063397780517
451353.183777,-402.7956893861986,-420.6063397780517
451363.478596,-391.6300373556976,-419.7724439772766
451373.715199,-327.5537147193484,-391.0956968026785
451383.747593,-221.35728253779664,-350.1524260871574
451393.56787,-194.4477830007209,-341.35659123195666
451403.626755,-194.4477830007209,-341.35659123195666
451413.770595,-194.4477830007209,-341.35659123195666
451423.479638,-194.4477830007209,-341.35659123195666
451433.186657,-111.30574909894143,-319.27174515515753
451444.958551,-141.96892062082085,-229.35135968597191
451455.561499,-161.70009681314048,-91.38120507154822
451463.577979,-70.05678047933995,-49.28854996465504
451473.185642,-17.79622319937433,-26.56605705778807
451483.479173,-17.79622319937433,-26.56605705778807
451493.183644,-17.79622319937433,-26.56605705778807
451504.738915,0.6418693704427002,32.97156045300852
452647.888939,-33.51377143698134,21.316281868131167
452657.561215,-106.45248030042208,-21.96618959381764
452669.50904,-175.57052870975974,-54.23780790622387
452678.525238,-195.6868149873848,20.901107117312936
452777.555729,2.205858889137368,-10.459825996511327
452788.645565,-69.90845229829024,-65.60209172119701
452797.602764,-184.728762527876,-117.10346406871348
452807.974204,-146.2771917355289,-255.1339431650274
452817.611648,-167.83186282388832,-334.40114731738083
452827.590192,-175.73904742517715,-342.4204244261611
452837.892081,-175.73904742517715,-342.4204244261611
452847.891755,-175.73904742517715,-342.4204244261611
452857.890597,-174.072133783237,-342.88062276935585
452867.964645,-108.75076199417832,-403.1867501066145
452877.669668,-65.45553412971466,-435.4269668954764
452887.932836,-65.45553412971466,-435.4269668954764
452898.250517,-65.45553412971466,-435.4269668954764
452908.197431,-63.78511761684885,-437.5236004318664
452917.562488,-26.976203116363784,-464.8439883494691
452927.883387,37.33611634911381,-509.2163418558101
452937.562849,37.33611634911381,-509.2163418558101
452948.121434,37.33611634911381,-509.2163418558101
452957.572718,114.51381734733236,-450.18491017055777
452987.599369,115.35430142420648,-238.84374814509687
452997.595096,150.6319794932664,-202.94265086709444
453017.737685,116.76568720782096,-96.86956265764688
453027.64931,6.672117746582233,-31.43166781177573
454367.604926,-28.65636366425789,31.34087030129984
454380.371856,-96.47958676660976,-9.15491095629941
454387.571882,-160.92502546229213,-60.26132386627714
454398.282488,-198.7636449406081,26.06990522269095
454437.615435,-374.35528923035474,-0.0680873776805559
454447.89705,-315.9704224997082,-25.48808131540211
454458.343963,-312.59222285499544,-24.60298782464337
454467.903268,-312.59222285499544,-24.60298782464337
454477.952807,-261.7302514403608,12.82220116938436
454517.618846,-21.50890603006884,-49.62214834592381
454527.911812,-123.11273438987467,-97.76317901566674
454539.468451,-200.8034869962573,-164.47910083296756
454548.549494,-138.13082109627925,-293.8023550128735
454557.907344,-179.43986407550642,-340.8953662323774
454567.91429,-200.20443448141864,-349.1446993282532
454577.932944,-217.38617946829976,-356.17381343592467
454587.900393,-217.38617946829976,-356.17381343592467
454597.900809,-217.38617946829976,-356.17381343592467
454607.599477,-217.38617946829976,-356.17381343592467
454617.621553,-220.6929404270325,-364.2391618684295
454627.901376,-151.87315698169573,-330.7306679925741
454637.941248,-120.53104640089695,-271.49629175087455
454647.765623,-166.45688074750635,-194.34253741653944
454657.605954,-143.79077447577555,-86.1454286496874
454667.574753,-3.030667832335915,-19.35525050964175
454677.90169,4.51635826478837,-16.399523321209667
454687.904285,4.51635826478837,-16.399523321209667
454697.898439,12.685744305428198,3.8758532713259335
455707.907275,-0.367205557625644,-12.55646904404725
455717.591513,-121.84004040813724,-88.03238387906416
455727.576417,-194.41464796805937,-144.17407375405057
455737.580437,-158.13536707303672,-241.547855151721
455747.908751,-154.67202385610298,-316.7264407031582
455757.611195,-138.74745534580973,-377.0587695666952
455767.577487,-57.5379691074094,-442.6578267949545
455778.253794,29.73288630990041,-510.9522404958272
455789.887968,77.64658947986148,-550.4190920006
455798.095296,146.84285344876236,-597.8063192638192
518009.529447,-16.639934160991213,29.952183527423298
518019.521356,-16.639934160991213,29.952183527423298
518030.056913,-16.639934160991213,29.952183527423298
518039.831739,-12.60642834183777,16.117779523928704
518049.490646,-14.372465691518029,-36.61337631819052
518059.522689,-87.67263428206293,-64.49247551655283
518069.504296,-164.95770161298648,-109.40405845444454
518079.505391,-191.84708942293324,-201.25209195670575
518089.491835,-138.41821791229,-292.188683967258
518099.875954,-180.79821819456456,-335.9357461726717
518109.584774,-180.79821819456456,-335.9357461726717
518119.821694,-202.07482363372543,-347.2260164915247
518129.512448,-283.2490022792422,-370.386652503779
518139.827889,-325.2874449773622,-386.8770088481176
518149.540975,-325.4103033352198,-386.9544513957984
518159.843153,-325.4103033352198,-386.9544513957984
518169.84515,-325.4103033352198,-386.9544513957984
518179.83642,-344.427308650921,-394.62612266124194
518189.537496,-444.8549234416703,-419.06349878612633
518199.922496,-519.6715351771436,-443.61893108945736
518210.290529,-635.0083170920731,-501.58644610889934
518219.845076,-722.1107995095089,-522.3403785075506
518229.536227,-747.0351361710266,-511.7845209328197
518239.821938,-787.4123929707254,-493.91949314914814
518249.527903,-841.5423658563719,-513.3384372603122
518259.539776,-846.0608256731147,-544.7628011451196
518269.501469,-810.5829983094454,-644.1501030717396
518279.524533,-788.3636195453547,-705.3894578016601
518289.802318,-783.4273194954521,-713.7648151569666
518299.95701,-760.8381917870717,-792.1931873665521
518309.525395,-740.0453687852116,-862.3322212355458
518319.674651,-721.0133053089861,-931.0038797245536
520220.885687,-882.3393743026365,-171.06256730973294
520230.578839,-817.1520349889736,-137.01501082952723
520240.873539,-738.8700057490902,-113.14366675146024
520250.597761,-691.7227357194961,-92.06704092390896
520261.079258,-691.7227357194961,-92.06704092390896
520270.893159,-752.4614689888847,0.0433078221100002
520280.545328,-791.3020501348516,-8.760363597717813
520290.578065,-806.1712843550325,-18.659353881252866
520300.876113,-794.8291604926878,-40.73632336370146
520310.544139,-794.8291604926878,-40.73632336370146
520321.114748,-779.8671338942214,-47.338013138626266
520330.878036,-775.0736183132367,-58.66309260592278
520340.578246,-775.0736183132367,-58.66309260592278
520350.574042,-775.0736183132367,-58.66309260592278
520360.873199,-777.2852476229518,-69.69369893226106
520370.573535,-775.0531816928378,-74.29305775507383
520381.226404,-767.9928237260606,-81.28892571838672
520390.541207,-763.5462830426756,-117.5779541264852
520402.440249,-782.288912260926,-131.35635412636458
520410.646279,-782.288912260926,-131.35635412636458
520420.914924,-841.845548067073,-149.89087446666446
523138.753404,-878.0386700176167,-201.9285953236137
523149.076375,-863.942771214956,-233.23252836938985
523158.853412,-835.3593487001535,-234.25420728372688
523168.887267,-790.7172098371161,-219.916079871642
523179.548678,-790.7172098371161,-219.916079871642
523190.427123,-801.1009715994264,-176.13110086706865
523199.075376,-803.1989604121118,-169.82649303409394
523213.614559,-823.5317357245043,-157.9932674087614
523251.286881,-890.8291393747097,-440.03529017552415
523258.773048,-893.9736654489436,-451.10344821864027
523269.069612,-893.9736654489436,-451.10344821864027
523278.778687,-893.9736654489436,-451.10344821864027
523288.778679,-893.9736654489436,-451.10344821864027
523300.198862,-879.7658624105034,-457.3245659747532
523316.550608,-840.3228283556128,-564.6308589176488
523318.762089,-757.6367887184418,-544.4908694075258
523329.065346,-670.5349346984212,-511.9641187356777
523338.769751,-528.2101325466739,-460.2896824528815
523349.197791,-454.2980832876098,-432.6565203580298
523359.536771,-447.8894769003868,-428.0153233890821
523369.05663,-427.5353954325992,-421.2282948711873
523378.760404,-376.9103727309213,-405.1250125275989
523389.444364,-262.7413823932129,-371.2699534879289
523399.431796,-190.00834716236497,-343.3541125493973
523409.310143,-120.79791280524172,-320.60277075936085
523421.371048,-123.19115745247078,-262.16194463352235
523430.546139,-189.92751001019997,-148.54211419322556
523438.743598,-115.64019962846324,-88.59745707331805
523449.076482,-1.3145853779879242,-30.72206708744521
528783.637078,-31.293408610819903,35.89085717284885
528793.2306,-102.04300009786552,-24.2526520607267
528803.177326,-166.04261918849392,-60.95416810472279
528813.51249,-200.7759160365022,20.31128540262757
528913.63796,-3.3514445060272764,17.601592908873382
528923.240901,-8.041400506164374,-22.30016117669898
528933.514368,-98.0136968837696,-85.2548107266972
528943.725371,-177.31516002945688,-132.59901973405334
528954.517587,-173.27831909230713,-207.58972328137128
528964.130174,-142.97390740342163,-262.3154617247495
528974.096046,-138.88340221626126,-313.77558735687705
528983.18119,-148.60556548736574,-321.83264374642755
528993.776183,-148.60556548736574,-321.83264374642755
529003.268993,-148.60556548736574,-321.83264374642755
529013.714847,-156.38881350392316,-324.3004090241012
529023.182641,-163.87549469318694,-368.4771246930519
529033.585326,-115.16544333141076,-402.1917985970631
529043.215118,-66.20705863698943,-434.0565228933209
529053.519948,7.804752119405692,-491.7175165309347
529063.184613,20.93775958143383,-530.9432733005543
529073.524544,-60.09982193864584,-608.8077069632826
529083.20753,-182.41496154636016,-729.0280943917393
529099.442699,-268.9211772492971,-814.4584689437572
529103.50893,-305.8018009586023,-916.3160820266158
529283.191985,61.67234802005644,-949.3303852421004
529293.195988,16.647806534589552,-867.7542460252411
529303.185401,11.285939229132826,-861.4695034726775
529313.674059,11.285939229132826,-861.4695034726775
529323.219976,11.285939229132826,-861.4695034726775
529333.518764,5.852960054841992,-859.2347279237409
529343.21971,-55.907751490379546,-911.749533697174
529355.026423,-90.70460125371568,-941.9394956269202
529363.190922,-99.44161438550576,-950.6797438333016
660061.99411,-729.0558746119451,-890.6348037484265
660069.447383,-763.2595187210945,-804.4191159077642
660079.649435,-783.7220821583073,-719.0171402053979
660092.229465,-810.3244776333574,-632.2759982215101
660100.56473,-799.8838686656198,-557.9829034030864
660109.513349,-771.582900062863,-551.6354831982494
660119.277156,-748.0894820684989,-545.0511544523483
660129.25301,-677.0656642013784,-527.0796510580585
660139.837152,-599.6699743987513,-494.7328722020114
660149.23663,-506.0293327991151,-465.395729509206
660159.834927,-444.5279656503619,-448.5078728168172
660169.250008,-444.5279656503619,-448.5078728168172
660179.571584,-444.5279656503619,-448.5078728168172
660190.185151,-422.7334175685073,-430.4455229220604
660200.007825,-368.4937008393414,-408.6879284916873
660210.978155,-308.3970625043771,-398.7350978108919
660219.982274,-179.808143553704,-363.87934645757616
660226.885212,-169.7288269508415,-364.66123322344816
660229.27977,-169.7288269508415,-364.66123322344816
660239.570953,-169.7288269508415,-364.66123322344816
660249.270608,-169.7288269508415,-364.66123322344816
660259.561807,-169.7288269508415,-364.66123322344816
660271.433353,-169.7288269508415,-364.66123322344816
660280.178819,-169.7288269508415,-364.66123322344816
660290.025556,-169.7288269508415,-364.66123322344816
660301.536758,-169.7288269508415,-364.66123322344816
660310.353174,-169.7288269508415,-364.66123322344816
660319.274599,-169.4549650438833,-349.3712109959125
660329.273168,-169.4549650438833,-349.3712109959125
660339.5859,-169.4549650438833,-349.3712109959125
660349.622265,-169.4549650438833,-349.3712109959125
660361.223918,-169.4549650438833,-349.3712109959125
660370.324232,-169.4549650438833,-349.3712109959125
660379.879814,-169.4549650438833,-349.3712109959125
660391.002919,-169.4549650438833,-349.3712109959125
660399.921332,-169.4549650438833,-349.3712109959125
660409.645147,-169.4549650438833,-349.3712109959125
660420.727049,-165.26291585342767,-322.96018337198103
660429.28043,-165.26291585342767,-322.96018337198103
660439.836873,-165.26291585342767,-322.96018337198103
660449.28195,-165.26291585342767,-322.96018337198103
660459.868122,-165.26291585342767,-322.96018337198103
660469.845939,-165.26291585342767,-322.96018337198103
660479.657622,-165.26291585342767,-322.96018337198103
660490.146706,-165.26291585342767,-322.96018337198103
660499.583905,-165.26291585342767,-322.96018337198103
660509.286606,-165.26291585342767,-322.96018337198103
660519.340471,-163.63840234937683,-310.2353878309937
660529.975313,-163.63840234937683,-310.2353878309937
660539.265444,-163.63840234937683,-310.2353878309937
660549.575132,-163.63840234937683,-310.2353878309937
660559.580867,-163.63840234937683,-310.2353878309937
660569.563276,-163.63840234937683,-310.2353878309937
660580.014467,-163.63840234937683,-310.2353878309937
660591.339987,-163.63840234937683,-310.2353878309937
660600.283818,-163.63840234937683,-310.2353878309937
660609.837595,-163.63840234937683,-310.2353878309937
660619.275419,-163.63840234937683,-310.2353878309937
660631.785562,-162.28910622936803,-310.39509738639714
660639.261327,-162.28100571651115,-310.3992274557276
660649.571814,-162.28100571651115,-310.3992274557276
660661.018364,-162.28100571651115,-310.3992274557276
660670.405233,-162.28100571651115,-310.3992274557276
660679.591563,-162.28100571651115,-310.3992274557276
660689.272871,-162.28100571651115,-310.3992274557276
660699.271161,-162.28100571651115,-310.3992274557276
660709.867381,-162.28100571651115,-310.3992274557276
660719.574046,-156.29707305934437,-308.5277103912291
660730.688043,-156.29701565116002,-308.5277298839939
660739.568218,-156.29701565116002,-308.5277298839939
660749.567582,-156.29701565116002,-308.5277298839939
660759.849909,-156.29701565116002,-308.5277298839939
660769.248428,-155.27692417432135,-305.6107358771156
660781.897034,-155.27692452289284,-305.61073535620767
660789.590016,-155.27692452289284,-305.61073535620767
660799.642163,-155.27692452289284,-305.61073535620767
660809.870329,-155.27692452289284,-305.61073535620767
660819.277028,-154.43305986738264,-304.92330094918805
660829.991804,-147.37257451227333,-298.92586837618086
660839.568202,-144.98183709061132,-296.9469195160781
660849.569016,-144.98183709061132,-296.9469195160781
660859.351868,-144.98183709061132,-296.9469195160781
660869.314167,-144.98183709061132,-296.9469195160781
660879.597623,-144.98183709061132,-296.9469195160781
660890.388734,-144.98183709061132,-296.9469195160781
660899.568301,-144.98183709061132,-296.9469195160781
660909.40072,-131.74736854781256,-301.7457632368633
660920.871138,-107.40685575617697,-304.76697633816144
660929.248325,-101.4249078674766,-299.50012347990497
660939.280849,-101.75739591259114,-298.5491109386167
660949.260948,-101.75739591259114,-298.5491109386167
660959.658744,-101.75739591259114,-298.5491109386167
660969.574349,-104.9803154428562,-292.8922142908905
660979.685085,-104.98031579128032,-292.89221363568885
660989.286089,-104.98031579128032,-292.89221363568885
660999.587539,-104.98031579128032,-292.89221363568885
661009.317778,-104.98031579128032,-292.89221363568885
661019.707785,-104.98031579128032,-292.89221363568885
661029.582087,-104.98031579128032,-292.89221363568885
661041.088178,-104.98031579128032,-292.89221363568885
661049.583638,-104.98031579128032,-292.89221363568885
661059.574065,-104.98031579128032,-292.89221363568885
661073.440722,-104.98031579128032,-292.89221363568885
661079.615363,-104.98031579128032,-292.89221363568885
661089.619072,-104.98031579128032,-292.89221363568885
661099.873493,-104.98031579128032,-292.89221363568885
661109.592899,-104.98031579128032,-292.89221363568885
661119.579178,-104.98031579128032,-292.89221363568885
661130.570783,-104.98031579128032,-292.89221363568885
661139.593497,-104.98031579128032,-292.89221363568885
661148.502052,-104.98031579128032,-292.89221363568885
661149.300382,-104.98031579128032,-292.89221363568885
661159.286992,-108.46205842194576,-289.76361098751966
661169.579261,-163.87622469571966,-319.5680896983738
661179.562179,-134.92029168823413,-395.2389323925364
661189.246716,-89.86431572008236,-429.9772529498212
661198.477132,-104.98031579128032,-292.89221363568885
661199.247086,-138.60547687295843,-436.7360865779293
661209.603134,-232.3034028541096,-447.6481436006205
661219.611867,-240.8357189386408,-448.5323264825232
661229.581417,-240.8357189386408,-448.5323264825232
661239.727891,-240.8357189386408,-448.5323264825232
661250.517582,-249.93596189160976,-456.0065597555501
661259.351451,-294.8388800300656,-477.2554616853579
661270.68287,-341.61813355870527,-460.6607917028656
661280.767297,-345.9500485266208,-449.5746112935989
661289.273385,-330.2433677585394,-410.4596636693396
661302.25917,-256.68450640623064,-348.0764957729395
661309.781204,-179.4682397954087,-329.1553628734453
661320.601316,-174.04474444870604,-330.8638373069262
661329.57694,-112.42986720382264,-315.9624113056336
661339.58066,-35.314639497655335,-284.5972203044196
661349.28355,55.84099831330446,-241.03748318453864
661359.64962,174.80170219056052,-187.34174735646863
661620.900294,-104.98031579128032,-292.89221363568885
819798.061064,-739.9923296867081,-899.295833845298
819807.904782,-765.5099918393013,-813.0931474019677
819816.022426,-775.7164398672604,-761.3516930314332
819827.104313,-803.2162890911808,-700.3599118541705
819836.38516,-818.0426675663916,-621.3339013528207
819848.121923,-825.2269177762156,-596.0374075404715
819856.046521,-821.6118999318186,-562.7814851139748
819866.070075,-770.281860141703,-546.1297566895902
819876.361572,-728.1539183321305,-537.0252795833986
819886.024946,-703.0137389369463,-523.0910920970721
819896.345572,-652.5869632393994,-499.6070842939958
819906.345517,-590.9087874956513,-479.5465639321146
819916.346091,-484.65450506911486,-455.76759521305627
819926.343073,-453.06927530355017,-444.657271972725
819937.833488,-439.37560370127136,-441.8489808649717
819950.697031,-439.37560370127136,-441.8489808649717
819957.6878,-437.9813434905527,-444.574686537887
819966.028543,-414.1383135404048,-434.5335791189575
819977.343253,-404.7295125936976,-405.48682817785686
819986.057805,-457.956188073215,-344.2074956306271
819998.25089,-470.2381462613191,-321.7941629560853
820006.023683,-470.2381462613191,-321.7941629560853
820016.722337,-502.0583920993369,-284.1845707727797
820026.517733,-544.793608287657,-239.2618239237283
820036.348155,-578.8529033308096,-200.0739985625721
820046.43492,-587.4066180216112,-190.57044742203368
820056.057388,-587.4066180216112,-190.57044742203368
820066.718209,-587.4066180216112,-190.57044742203368
820076.562047,-587.4066180216112,-190.57044742203368
820086.695441,-587.4066180216112,-190.57044742203368
820096.050272,-587.4066180216112,-190.57044742203368
820106.053596,-587.4066180216112,-190.57044742203368
820116.050757,-599.2893760462839,-181.9932040918811
820126.359579,-625.878671692037,-168.3901773756117
820136.352047,-648.6261105359335,-110.77715556596604
820148.282971,-679.6012463875917,-76.63486795202849
820156.719073,-746.9083182906431,-104.50350916223022
820166.044452,-837.1913788867968,-158.3577717276941
820177.170496,-901.8336447174988,-196.5303491249032
820923.132844,-873.6480960118386,-212.59219973447316
820927.648608,-863.4347882687363,-246.10812844107247
820927.649217,-863.4347882687363,-246.10812844107247
820940.22013,-791.081454254818,-204.59486528107115
820950.274474,-789.5562482265074,-198.19616778436531
820960.199186,-799.5210138847289,-186.8683716311733
820970.8275,-821.0094413919223,-163.93379668061505
820980.526912,-883.6513264682067,-186.56924695311767
822080.506598,-890.0767136041068,-424.1050116827488
822090.521829,-877.040538326323,-463.6578106008706
822100.273172,-852.783522342501,-530.8699973685228
822112.908438,-840.8501110593844,-564.3367137913218
822121.997851,-802.1448928024362,-556.8801924452408
822130.237235,-771.5177375881769,-546.8600192896758
822140.238142,-753.0455131969262,-542.5464819459593
822151.242217,-732.2568472895415,-538.0834214308346
822160.518631,-709.7362360959311,-525.8039517956876
822170.289537,-635.4538759076408,-499.5547830900491
822180.182461,-554.5279847037767,-468.11440574073225
822190.788868,-513.2637784803828,-457.6480340522344
822200.521286,-428.8755902664825,-433.8988934692172
822210.219045,-408.5218134785873,-425.3040052214767
822220.712487,-408.5218134785873,-425.3040052214767
822230.688427,-408.5218134785873,-425.3040052214767
822240.518668,-408.5218134785873,-425.3040052214767
822254.257245,-381.7317320883583,-416.4876672156397
822260.209179,-246.31508500403373,-372.03298738482863
822272.653222,-216.566818935582,-360.6891269280726
822280.520842,-216.566818935582,-360.6891269280726
822290.226529,-205.9023609877756,-360.4009635259071
822300.519743,-147.8616724949175,-343.18981132057473
822310.905197,-110.71732534757578,-322.477756070365
822326.290477,-143.4927271576217,-244.3102791777066
822330.229927,-182.495600570318,-156.2231833031795
822340.340394,-109.92600536996962,-81.51677797022782
822350.516867,-8.840737078901821,-35.02689946972128
822361.560887,-6.2316014262360335,-32.06448094366996
827128.24627,132.16871202454234,-749.3785144033327
827138.628722,66.65579595360768,-802.6964251287037
827146.660802,5.083020045703444,-846.7787890669205
827156.392633,-74.18635963061577,-768.9783370905368
827166.733262,-74.18635963061577,-768.9783370905368
827176.658909,-74.18635963061577,-768.9783370905368
827186.652828,-369.9394773256999,-444.5712753364904
827196.659834,-369.9394773256999,-444.5712753364904
827207.200805,-369.9394773256999,-444.5712753364904
827216.664105,-369.9394773256999,-444.5712753364904
827226.357555,-369.9394773256999,-444.5712753364904
827236.363607,-395.6630556309592,-415.2777305164768
827248.390699,-445.9441833713063,-434.9134905604982
827256.66955,-477.4982204333204,-450.2714308642407
827267.413871,-510.0768244103669,-463.88718407148457
827276.356075,-577.4519814716757,-483.1945525635044
827286.665149,-616.3495846266951,-496.1651279193695
827296.850317,-666.5320473980311,-512.303151629006
827306.336957,-691.6216148639465,-522.9554073446168
827318.997686,-709.8362129526686,-527.4249055417715
827326.380376,-729.3541233936052,-527.7822483002464
827336.663618,-748.1998179307591,-487.7747515355526
827346.358414,-775.5448041999213,-493.7715486863034
827361.010249,-786.7584973602457,-498.4047736694467
827367.476299,-807.9300269200176,-511.96528538376816
827377.209024,-807.9300269200176,-511.96528538376816
827387.080287,-822.6987452395609,-518.5811236250402
827401.291894,-831.2578491827352,-521.2181980187089
827414.647709,-853.0496099562105,-500.63839114670617
827416.33317,-858.0775882949285,-475.1577948607733
827430.077988,-872.8979135833135,-460.03458094765625
828396.354488,-887.5387946186469,-193.5087715728497
828407.071113,-875.2040400499852,-195.6706894092908
828420.031476,-878.0025308992886,-191.7400767247631
829770.940269,-898.6220115336749,-323.9440078152178
829780.781499,-891.536891463582,-337.36548539173504
829790.477443,-889.8257539748379,-340.7667965201779
829800.752447,-880.8447011540836,-400.0241878644473
829813.853854,-877.4841910134992,-420.6745349843506
829820.530327,-877.4841910134992,-420.6745349843506
829831.257223,-877.4841910134992,-420.6745349843506
829840.766448,-877.5085151203002,-423.4431964451737
829851.379978,-856.6345811359406,-476.397940974979
829860.432128,-830.3087598543667,-569.7069196762094
829872.109909,-806.1646130233579,-576.182502687715
829883.334868,-785.3005869454415,-557.6554627429002
829890.777324,-767.6947434520289,-547.8580974877382
829900.757929,-757.6456474193286,-543.8480568302647
829910.437671,-730.4081260781801,-540.40354880912
829920.824494,-715.2413912952636,-527.9558948038116
829930.436816,-703.5824025530283,-524.02359457873
829940.46838,-647.7140380092563,-505.8629401254216
829950.776617,-626.8881907754627,-499.3108582374502
829960.513267,-590.4107085203508,-465.0809448959527
829971.142259,-559.2378979250594,-453.8264023046517
829980.438956,-515.5580461209329,-444.6104365765512
829991.128998,-425.4349589906473,-417.659536489664
830001.215082,-405.5631680656076,-415.5531342132182
830012.200536,-387.12953435803,-407.4121329030156
830020.458298,-296.0423109288929,-367.61337270685374
830032.738219,-191.34391012865177,-344.55022213832416
830040.786243,-177.80028211083322,-338.45534028162126
830051.287573,-157.42012702584975,-342.9195169894354
830060.754773,-121.50063336058014,-325.6283191875417
830070.763644,-121.50063336058014,-325.6283191875417
830080.754898,-121.50063336058014,-325.6283191875417
830090.753792,-121.50063336058014,-325.6283191875417
830103.553017,-115.730259918746,-277.7618999566216
830111.769353,-162.34577356070446,-198.7323745039953
830120.447922,-121.63784403277212,-58.94387114856826
830130.443604,-10.328344209981012,-28.52934304143154
910210.004635,-722.8354715671218,-913.3135751081728
910220.80372,-750.6643474894356,-832.4610093127282
910229.985603,-777.1453379195625,-746.1072412432485
910240.844735,-816.6594654915218,-611.6885689193966
910249.97508,-820.0719928175756,-576.5809605532021
910260.285735,-781.1341454335231,-552.546445377862
910269.992314,-754.5597398398122,-542.722702702862
910280.006338,-741.9699322789854,-547.6450527386736
910289.965906,-721.9126961419763,-537.4281699200856
910300.283079,-688.7452391716884,-516.639267134279
910310.006506,-667.5680944771431,-503.451384202412
910323.638865,-650.7197184548163,-501.7598686459266
910330.006604,-650.7197184548163,-501.7598686459266
910341.649345,-650.7197184548163,-501.7598686459266
910350.651213,-650.7197184548163,-501.7598686459266
910361.273041,-650.7197184548163,-501.7598686459266
910372.668739,-650.7197184548163,-501.7598686459266
910380.665479,-650.7197184548163,-501.7598686459266
910390.00592,-650.7197184548163,-501.7598686459266
910400.04932,-650.7197184548163,-501.7598686459266
910410.553566,-650.7197184548163,-501.7598686459266
910422.572542,-596.5921280183667,-493.1873686633422
910430.087536,-547.7515580391766,-468.5126578905079
910442.910025,-468.1770739690936,-444.6109004338469
910449.990016,-459.1055816310229,-442.6714258760732
910460.284908,-417.4766200065514,-425.4259442425765
910470.033718,-375.3114494839341,-410.78804168410807
910480.44941,-259.0508363091644,-369.1647885933471
910489.986173,-206.3788695664285,-346.6714113967227
910501.208057,-187.31422984117827,-328.23037479863564
910509.974728,-117.91393526564224,-316.65810241551003
910521.077655,-113.53802091855016,-284.1033408776507
910529.959935,-113.53802091855016,-284.1033408776507
910539.987665,-154.33407848130904,-232.22917682896104
910549.984912,-183.33461859330023,-127.07335201435464
910559.975363,-78.57563110326679,-50.38445653203454
910570.494489,7.987666676221538,-2.226032713594891
910573.814138,7.987666676221538,-2.226032713594891
910594.830207,7.987666676221538,-2.226032713594891
911852.687899,7.987666676221538,-2.226032713594891
918121.031295,-881.0384879296672,-404.08892240731774
918129.849339,-873.5494943382563,-437.9642056565745
918139.870663,-871.7281413792125,-453.4295594530609
918153.384635,-807.0754315300379,-570.5253103294765
918160.301305,-765.2941049745268,-556.1072304005129
918178.758898,-750.2996623752657,-557.1373467654795
918180.199633,-704.7547988823748,-542.474361792247
918192.911544,-679.4990780461304,-531.1071103021511
918199.897462,-650.214999005132,-522.3636348884717
918210.174135,-616.6382261772512,-509.9662810164688
918219.881794,-558.7316790168862,-493.0538809086973
918231.096656,-495.1437369549348,-474.2755226319293
918239.867192,-462.1256529328153,-462.5489560761145
918250.6742,-423.5987761454457,-439.11496530608713
918259.93318,-361.4135001812298,-417.2341548622984
918269.924241,-236.54808756805977,-373.0964418630158
918279.897454,-231.82532458990232,-371.5052828735811
918290.168649,-231.82532458990232,-371.5052828735811
918300.318634,-231.82532458990232,-371.5052828735811
918309.908496,-231.82532458990232,-371.5052828735811
918320.167562,-231.82532458990232,-371.5052828735811
918331.977666,-193.83145557257927,-344.2608369967198
918340.03349,-147.0738318571371,-341.70827531662684
918350.502329,-109.7935976288477,-320.01512991504404
918359.892619,-147.67400678148346,-219.59814190871455
918369.952052,-170.62360910738917,-119.69071796213284
918379.921828,-82.98445563780163,-65.51984932559103
918390.505655,-18.678573283353355,-42.759020961617296
918399.895503,-18.678573283353355,-42.759020961617296
918410.178854,-18.678573283353355,-42.759020961617296
918419.892415,12.078282025007647,34.219356009134145
1005602.351254,-130.17373059415044,-952.0310852341048
1005611.407282,-124.14826338592871,-949.3007250053308
1005622.542492,-124.14826338592871,-949.3007250053308
1005631.727198,-116.23606716254125,-946.5247165911284
1005641.248601,-63.91542545766432,-898.3314370986153
1005651.825121,-39.93823200599085,-877.7273614701754
1005661.549452,-39.93823200599085,-877.7273614701754
1005671.555574,-3.3398720875901264,-848.9581293633183
1005681.726315,77.31392887002025,-790.3838028699664
1005691.262317,129.9016584472597,-745.2871494484272
1005701.809619,130.2105088774846,-744.8058689690197
1005711.22172,158.45945920070773,-722.9925442245417
1005721.548965,159.8774954734515,-720.6033884393319
1005731.752672,159.8774954734515,-720.6033884393319
1005741.54224,159.8774954734515,-720.6033884393319
1005752.359654,159.8774954734515,-720.6033884393319
1005761.459358,159.8774954734515,-720.6033884393319
1005771.547942,162.39557087605493,-713.937111638077
1209136.93342,-9.03067951378296,2.1086515579470864
1209144.518898,-9.03067951378296,2.1086515579470864
1209153.116814,-9.03067951378296,2.1086515579470864
1209157.975193,-9.03067951378296,2.1086515579470864
1209164.929532,3.2496247290575773,-12.076349227510892
1209171.934871,-70.37512664330306,-40.1771421903683
1209178.970912,-176.1425389778656,-97.8211853269787
1209186.260359,-193.0226205199145,-167.18006127947214
1209193.546703,-167.05791420618752,-218.50734707309925
1209199.961717,-147.3947293212391,-303.2726247464741
1209207.466557,-181.1511184581646,-326.54693427819456
1209213.929064,-205.13097450633305,-341.9327456508526
1209221.949598,-275.2699873572705,-370.8618550962117
1209228.128133,-322.99994448335553,-393.9057172616373
1209234.964857,-366.3724589420573,-407.18685934607606
1209244.036213,-369.9851354264273,-408.9347807992026
1209248.930135,-369.9851354264273,-408.9347807992026
1209255.941381,-369.9851354264273,-408.9347807992026
1209264.179665,-371.01343828281017,-397.8483351035135
1209269.96623,-368.3771045714756,-387.1232458725922
1209276.93288,-368.3771045714756,-387.1232458725922
1209284.69109,-368.3771045714756,-387.1232458725922
1209290.960477,-380.3224406214357,-400.52757900019816
1209298.080119,-423.5622063537416,-425.40137196256
1209306.415457,-505.369869580494,-465.5842395480024
1209312.289345,-560.4141305229995,-489.84894707944665
1209318.978105,-629.8170818489251,-501.74589821993067
1209326.267977,-724.3354405583336,-518.5703296189804
1209333.268047,-756.7370305112162,-538.3293499407507
1209339.974941,-756.7370305112162,-538.3293499407507
1209346.933409,-838.1663842773238,-574.9748223975059
1209359.809735,-829.3479026093527,-600.3019427329293
1209360.946435,-817.5723113646385,-637.4941505065673
1209367.960727,-795.5131742227462,-695.1939786343194
1209377.990523,-781.7400917929644,-746.9374193922229
1209381.931123,-767.0197806932205,-790.854703588615
1209394.176329,-752.0412127668861,-855.3061942996926
1209396.130518,-733.8454820887056,-906.8596931344003
1217323.961714,-875.503486181031,-464.8445608998175
1217333.297079,-848.5770756916088,-531.2993953820142
1217337.826265,-840.330055971935,-556.5448587513968
1217347.710833,-776.2910701022687,-551.3204645355529
1217351.822325,-672.6128625798851,-514.1375064309456
1217359.399619,-583.0106916077688,-482.7488712081908
1217365.807417,-493.5930776216776,-452.1863787461662
1217374.381311,-431.7650319879362,-431.00411520519833
1217379.821519,-419.29342856906425,-428.1927473593206
1217387.457356,-419.29342856906425,-428.1927473593206
1217394.2115,-419.29342856906425,-428.1927473593206
1217401.159285,-398.8966119386548,-421.2244668961055
1217407.82793,-385.7408495457696,-394.3301153552258
1217415.114581,-391.0922031926068,-356.14223292430097
1217422.400615,-394.1864461732048,-334.2542778451329
1217428.862797,-389.094036234531,-291.14034939503813
1217435.834486,-372.3690340121424,-238.82008592231185
1217443.980755,-375.34680012952754,-207.60954605559243
1217449.825271,-406.0996287713508,-169.0763009083386
1217457.121642,-480.09040590636766,-109.52836649073252
1217463.888453,-524.2702876982561,-78.82041039661057
1217470.883204,-549.3738205999626,-67.68581033223913
1217481.144768,-597.5908155471227,6.8222112342838335
1217947.682645,-880.7071191584004,-479.6926668911472
1217963.175754,-854.2656508008358,-499.1942912871846
1217963.28971,-837.2607791134835,-557.3993346001353
1217968.923193,-831.4822309087804,-578.5716411554772
1217976.010205,-810.2401107442614,-647.1507907698177
1217983.0072,-773.3359622867565,-761.9307404335514
1217989.718419,-746.8616993266619,-852.3253831092967
1225199.829415,-729.9519886723323,-914.8638747826238
1225205.052444,-745.7915478970298,-851.0169389623519
1225212.647119,-775.4006627101693,-756.5801918805166
1225219.048638,-791.9815783591603,-693.2158404287975
1225228.653921,-807.821202953431,-636.6821778228708
1225233.042175,-818.2933651625019,-574.252315865408
1225240.034125,-771.424414215834,-547.9162394086565
1225247.35689,-727.5881705031297,-529.3231888526695
1225254.037032,-649.0875209911817,-495.5037197783924
1225261.024489,-594.6721221402605,-477.4731475870161
1225269.796956,-531.5297898614905,-456.5087050822408
1225275.346457,-411.8678074904111,-416.63337863842224
1225282.345988,-319.71317630442144,-387.9718160610105
1225289.351011,-222.10309102569752,-356.0691059856412
1225296.456708,-130.47420631468427,-327.3053732263807
1225303.052749,-107.45163006609825,-293.6270560131034
1225310.789269,-134.82181132753476,-245.6956359166012
1225317.040087,-176.72826136627978,-157.36829098152955
1225324.051627,-141.46833766373445,-92.00544237307126
1225332.913811,-74.17020028992994,-55.99069886626744
1225338.021453,-16.210891049728037,-33.81284020551515
1225346.39191,-5.926895180517377,-27.50650065682249
1225352.914823,8.434637058382867,20.72872535585917
1234650.513354,6.890732110825967,-42.22242971433572
1234657.535744,43.61917660104282,-82.39749945278591
1234664.965846,24.84567220069037,-118.67185968013013
1234671.514244,-49.043634446110005,-189.13611412455248
1234678.524778,-99.1793879971155,-247.53500252969351
1234686.646869,-134.49084295262185,-282.75782012124563
1234692.514086,-165.31854053611457,-343.83120645194094
1234700.485036,-127.55456651244066,-340.07497068978194
1234708.024643,-104.95860708858606,-304.983201632
1234713.837385,-94.86577072657714,-276.20522751333834
1234720.559257,-48.42931065440983,-251.9814307401944
1234727.836404,-10.23160049898918,-224.94409068451927
1234735.641991,5.28695027469868,-213.75568553516413
1234741.836738,5.28695027469868,-213.75568553516413
1234748.511757,11.790001501142523,-211.52477690417024
1234757.01357,19.39700671630507,-205.3525036831448
1234762.880826,19.39700671630507,-205.3525036831448
1234769.870565,19.39700671630507,-205.3525036831448
1234776.833397,19.39700671630507,-205.3525036831448
1234783.853463,19.39700671630507,-205.3525036831448
1234790.895258,19.39700671630507,-205.3525036831448
1234798.158039,19.39700671630507,-205.3525036831448
1234804.552909,19.39700671630507,-205.3525036831448
1234811.549524,19.39700671630507,-205.3525036831448
1234819.413776,19.39700671630507,-205.3525036831448
1234825.83414,19.39700671630507,-205.3525036831448
1234832.844277,19.39700671630507,-205.3525036831448
1234839.857489,19.39700671630507,-205.3525036831448
1234846.51238,19.39700671630507,-205.3525036831448
1234853.512522,19.39700671630507,-205.3525036831448
1234860.841937,19.39700671630507,-205.3525036831448
1234867.834558,19.39700671630507,-205.3525036831448
1234874.565543,24.632762455312594,-196.6537477352332
1234881.847912,70.10016799836791,-182.39443240317735
1234888.844299,92.74984070038458,-206.3514814508436
1234895.548148,120.9928982335086,-220.5267786830968
1234938.054384,148.03545596243598,-412.9607299868935
1234944.844659,74.76233351172472,-483.9560964591771
1234951.880868,55.406357185197336,-498.62330909315466
1234959.968653,55.406357185197336,-498.62330909315466
1234965.842527,55.406357185197336,-498.62330909315466
1234972.519454,55.406357185197336,-498.62330909315466
1234980.093326,31.87854398211457,-516.645032339827
1234986.545957,-34.204905203178534,-584.7441233534399
1234993.527698,-95.56046161030018,-641.5703341228561
1235000.537111,-152.81152576473275,-696.757508694355
1235009.974312,-247.29064197599536,-790.3767012580373
1235014.609455,-291.22598117253455,-850.9557272804211
1235021.859237,-300.6354665057013,-929.5112943289726
1235343.867128,-744.1323291622334,-848.2986735012051
1235350.542317,-770.1371354596404,-773.1862596403034
1235357.548904,-793.8125867564964,-691.2178584314868
1235365.107823,-822.9572175763544,-590.577850473411
1235372.05471,-793.9678930324296,-553.8562318262768
1235378.547886,-737.6120709355587,-532.5731163872937
1235385.849705,-633.4093088332797,-491.1724934018028
1235392.514737,-556.2926945602243,-464.3346802028182
1235399.843193,-468.414505302368,-438.7756496302201
1235406.866396,-323.94991514799847,-392.2927905940733
1235414.112661,-237.4156602563208,-362.5880075565457
1235420.551203,-198.9117646466846,-347.9037425889907
1235427.948128,-196.67010923831415,-347.3259507054663
1235434.94601,-196.67010923831415,-347.3259507054663
1235441.941038,-196.67010923831415,-347.3259507054663
1235448.933058,-196.67010923831415,-347.3259507054663
1235455.848065,-182.7188686821561,-337.53550436710225
1235462.84219,-140.01212704872032,-330.95285873343045
1235469.960136,-104.55608368410462,-282.80009658001234
1235476.549921,-68.6933041701655,-257.1074213554872
1235483.851785,-20.47529549167449,-230.7391111574233
1235491.1202,13.939761697906944,-207.5708551313979
1235497.554844,13.939761697906944,-207.5708551313979
1235504.845983,13.939761697906944,-207.5708551313979
1235511.878249,13.939761697906944,-207.5708551313979
1235518.861246,13.939761697906944,-207.5708551313979
1235525.850309,13.939761697906944,-207.5708551313979
1235532.864522,13.939761697906944,-207.5708551313979
1235540.288594,22.804014149197357,-200.5708411299884
1235546.840715,38.288327136749366,-188.8020177057972
1235553.521101,125.28888352152218,-148.1899610125289
1235560.545524,163.71235065915772,-135.51057096752675
1299069.739572,-2.3201562240075915,10.743497299135564
1299077.029822,-3.62091780997801,2.6062325530018846
1299084.029799,-3.62091780997801,2.6062325530018846
1299091.04379,-6.713433791494507,-6.55551973299469
1299097.735661,-19.628952825007797,-28.01980002882468
1299105.24167,-66.53348003227788,-55.79473834322575
1299114.298844,-160.86323467973622,-98.42487460089808
1299118.744935,-199.8552960684496,-161.2696877917826
1299126.033549,-164.60724065430992,-233.3746278136545
1299133.037403,-144.4780373497374,-253.93242197432468
1299139.736123,-133.15071985569108,-283.19289204010227
1299147.037252,-170.29447725553203,-332.4944500080318
1299154.044178,-228.66505205344967,-361.3657147184068
1299161.03722,-265.26187891299963,-371.08022645582975
1299167.708388,-304.2892637113516,-384.5081013373187
1299175.037545,-328.11706442305905,-396.0340719283337
1299182.048161,-335.76665591303674,-398.91712934225103
1299188.736832,-369.09411629055415,-413.9222387138313
1299197.039386,-425.3023242967908,-433.2618209604781
1299202.744704,-428.2308691634772,-434.534801115334
1299209.735378,-428.2308691634772,-434.534801115334
1299216.750443,-428.2308691634772,-434.534801115334
1299224.388508,-428.2308691634772,-434.534801115334
1299232.240241,-419.6526827222634,-434.48119371780206
1299238.035861,-438.9568041983864,-440.62307438067273
1299245.034393,-484.7676890965044,-454.32278517066254
1299251.734845,-543.1527121169456,-473.1395834114532
1299259.112668,-630.6722590709213,-501.3428337008912
1299265.778228,-691.4521142271238,-521.417303773598
1299273.040824,-742.4219659654025,-534.8553829390855
1299280.148618,-775.71182595438,-549.1364268976777
1299286.738134,-787.9440985366847,-552.746447358053
1299294.255973,-787.9440985366847,-552.746447358053
1299301.847947,-803.5997287630036,-563.9970369892502
1299307.736061,-839.4191935648196,-576.7382780635778
1299315.057333,-815.4728927568871,-567.7649101089098
1299322.313425,-745.7934655828554,-533.798194033583
1299328.735909,-695.127242601985,-510.33501888565024
1299336.031785,-651.7221440957892,-497.539118552419
1299342.735422,-604.1103220770726,-486.6694620440069
1299350.033435,-554.2733433742555,-470.80147003131736
1299357.029446,-478.6831584918109,-453.2681232279716
1299364.03592,-395.6652555788149,-423.2486518946782
1299374.875732,-374.8133210489499,-432.5676520348495
1299378.032808,-374.8133210489499,-432.5676520348495
1299384.742794,-374.8133210489499,-432.5676520348495
1299392.034261,-374.8133210489499,-432.5676520348495
1299398.958606,-370.9039235840783,-440.567674301468
1299406.808046,-317.0028152191084,-497.1981616496784
1299412.753041,-293.07491374837906,-522.2748727395206
1299420.035167,-293.07491374837906,-522.2748727395206
1299427.024516,-293.07491374837906,-522.2748727395206
1299433.748884,-293.07491374837906,-522.2748727395206
1299440.737672,-0.782835919205549,-805.0870451476113
1299447.712562,9.167196217932233,-829.7733763762703
1299455.041062,9.167196217932233,-829.7733763762703
1299461.706611,8.382946749477268,-842.104235161896
1299468.758614,47.51040033694454,-822.1701331661303
1299476.651055,103.04255805142336,-773.2075106515479
1299482.705454,103.04255805142336,-773.2075106515479
1299489.739093,103.04255805142336,-773.2075106515479
1299497.07998,108.87103265220058,-770.9389105952094
1299503.773766,141.39770714758154,-746.8164701118233
1308181.290737,-864.1533398440082,-459.9688019611473
1308191.107624,-843.6787041146667,-516.7807691847405
1308195.408187,-829.3790917622249,-565.7758179808254
1308205.680615,-793.6549558926679,-570.8975974284015
1308209.326536,-738.300824704208,-545.5673019990111
1308217.24885,-677.7059333353335,-519.7081130535355
1308223.533777,-584.647721723349,-497.0543291623588
1308230.285608,-511.2326779705928,-469.6864883006749
1308237.699523,-437.7424987490634,-447.5152138476764
1308244.325119,-401.5113136628087,-435.5625290536631
1308251.327144,-401.5113136628087,-435.5625290536631
1308258.625825,-401.5113136628087,-435.5625290536631
1308265.315102,-351.9676200779098,-417.92527771638186
1308272.325834,-268.16078967680954,-390.8965480668487
1308279.317939,-199.56531355219684,-363.3141867726712
1308287.542632,-183.3691759288523,-355.9162243130229
1308293.325076,-183.3691759288523,-355.9162243130229
1308300.634691,-183.3691759288523,-355.9162243130229
1308307.764664,-183.3691759288523,-355.9162243130229
1308314.627937,-183.3691759288523,-355.9162243130229
1308322.350205,-183.3691759288523,-355.9162243130229
1308328.634338,-167.10457668890697,-344.96554962885847
1308335.627068,-143.47797691051315,-341.330687690992
1308342.287399,-81.7213630045845,-313.030536784174
1308349.337754,19.700496645012947,-265.5357676644434
1308356.314675,94.73361032429877,-234.2086273016525
1308363.319947,168.99601700893646,-202.86883418060697
1314096.384482,162.40083257487197,-35.50343300357116
1314103.668785,77.73047926456842,-84.22051860929936
1314110.726087,83.72678675241698,-116.16130635924608
1314117.323722,160.14291418562598,-145.65356511614678
1314152.709715,128.48967689285294,-421.5558502289473
1314159.354778,93.35875291309873,-451.2802962324866
1314166.363609,-35.986612517528506,-569.3163531291169
1314173.349651,-97.48275152971397,-626.8762473834109
1314180.351258,-159.1105140648244,-682.6747823738143
1314187.339727,-253.9745864984576,-778.2462522755263
1314194.316594,-297.27025342595635,-843.0877845224372
1314201.542795,-303.9469661250467,-918.6868350139978
1314439.354064,-805.6022301909244,-641.7193412703484
1314446.681549,-831.9304425234936,-585.4688966737979
1314453.356533,-812.0113177742213,-527.9505819824856
1314460.358721,-692.3224884575967,-484.7517189207648
1314467.936363,-614.6276016586254,-454.6331715513684
1314474.376194,-519.1574263136092,-428.3270165040517
1314481.355709,-419.1284715430588,-400.15376421468665
1314488.658365,-419.1284715430588,-400.15376421468665
1314495.36124,-419.1284715430588,-400.15376421468665
1314502.377992,-419.1284715430588,-400.15376421468665
1314509.654552,-419.1284715430588,-400.15376421468665
1314516.982859,-419.1284715430588,-400.15376421468665
1314523.356309,-405.35080133758015,-396.29686704048186
1314530.662169,-342.206684057605,-404.2429446169716
1314537.659582,-284.5870672270117,-346.0286817795329
1314544.354867,-215.9211777330616,-324.97741393688585
1314551.652856,-215.9211777330616,-324.97741393688585
1314558.366199,-215.9211777330616,-324.97741393688585
1314565.807617,-207.2455144971624,-324.62907582434434
1314572.661317,-141.8008931482214,-299.40033200864457
1314579.375925,-114.12096692100694,-287.88820465155726
1314587.573043,-174.57019966590403,-174.36409787810908
1314593.380798,-179.70141887339042,-132.60309713392704
1314600.366808,-91.75788713803436,-26.222452147030143
1314607.652675,-37.67778614592755,4.6585015761491615
1314614.664845,-37.67778614592755,4.6585015761491615
1314621.318735,-37.67778614592755,4.6585015761491615
1314628.650598,-37.67778614592755,4.6585015761491615
1314635.364206,-5.76672493920675,25.453069031751745
1322021.294657,164.9299856017818,-24.158200983833524
1322028.331097,103.7511081314168,-58.02318622152261
1322035.864752,74.59118023397511,-77.39884567695385
1322042.787283,74.59118023397511,-77.39884567695385
1322049.375138,72.5385466134548,-82.19498505556678
1322058.196487,119.6609871469195,-121.37029605594512
1385399.926965,-3.6037948844782295,10.030797990667544
1385406.620469,-45.170011943358894,-54.213684517731565
1385413.619706,-112.12742974774244,-79.56090784713571
1385420.922963,-171.9806923971333,-110.70085946339104
1385427.588491,-191.5727324564104,-188.9675677389777
1385434.615763,-157.85135503387505,-250.2164529935943
1385442.217867,-150.9778728124101,-272.2929221537252
1385448.671618,-150.9778728124101,-272.2929221537252
1385458.234894,-150.9778728124101,-272.2929221537252
1385462.589012,-146.30775562952925,-272.3790689814426
1385470.503698,-162.43373763462705,-320.6211469355644
1385476.632216,-190.3182383826677,-353.046850434395
1385483.642124,-227.59791862233584,-364.1131331408834
1385490.913902,-321.2819630453257,-393.4361284462464
1385497.923282,-386.9940984943763,-415.7905889662858
1385504.68546,-434.3675996241774,-431.65644233889685
1385512.211079,-474.906514777892,-445.82387473385467
1385518.993917,-508.3675546562867,-460.1607812058649
1385530.578552,-508.3675546562867,-460.1607812058649
1385532.625415,-508.3675546562867,-460.1607812058649
1385539.630729,-522.1511532606232,-462.4734516233823
1385546.927637,-543.3561429136774,-472.6630067554759
1385553.599494,-640.6480773595976,-508.1756760534064
1385563.692574,-698.1698697465686,-527.2082932513217
1385567.590769,-737.7124315701348,-531.3664215039213
1385574.934678,-753.7177403752104,-488.3882012594495
1385582.020672,-783.6164741874128,-500.35131401764
1385588.59321,-813.2278207719945,-512.9229713070175
1385595.613423,-839.1598152755921,-534.5405004615097
1385607.714899,-830.8424677289114,-572.5127091265713
1385609.624779,-819.3171797404426,-617.4706125985707
1385616.589148,-803.0293925019367,-678.0108375847966
1385623.621406,-782.8568094579449,-725.6285833297277
1385630.732721,-768.4713253532718,-761.5796619633379
1385637.974196,-761.2215342244483,-806.4529740111043
1385644.918766,-746.4093415689492,-841.086085993813
1385651.586615,-737.2866328977032,-883.5812642811783
1388076.861106,-893.4774740080679,-468.86531416883065
1388086.181419,-859.4352519204486,-487.1392667016424
1388089.210677,-835.4571666885504,-541.1034208097216
1388096.216795,-814.7687608688101,-606.4895696893586
1388103.196706,-787.6557641892466,-707.6797447189309
1388110.467273,-763.5220716944067,-775.4200673825811
1388117.277787,-744.9300892363543,-833.528871842458
1388128.025907,-717.7670397807794,-929.08971727184
1389608.218698,-79.91202848387718,-948.8056481246414
1389615.219189,-3.3626102132607887,-880.3628866827655
1389622.791673,50.80590974603462,-832.2236505241704
1389629.230662,102.23535549391605,-789.66334655952
1389636.212356,169.328481257728,-726.633322473493
1391190.525139,3.698395251061976,-17.104044007641654
1391197.240099,40.81174502791712,-73.09235080953535
1391205.658393,110.5125503492076,-117.70917273740676
1391484.561365,148.02843487952632,-740.8099042032438
1391491.209811,93.62436935525098,-787.9162437283733
1391498.237117,27.030584333848243,-841.8917012292785
1391505.19861,-67.37319097794747,-918.711579280582
1394263.802407,-3.04599978638208,-9.658440231090166
1394271.5735,-100.05253308887238,-66.5265144577618
1394277.760044,-180.0511547496206,-112.06998975499924
1394284.285965,-183.8512491032053,-185.3420345208067
1394291.566499,-138.6268798328733,-273.7130218263334
1394298.838925,-154.59498338592113,-310.5905272868281
1394305.263778,-170.34549409047662,-325.0674059734885
1394312.829386,-170.34549409047662,-325.0674059734885
1394319.83553,-170.34549409047662,-325.0674059734885
1394326.273497,-170.34549409047662,-325.0674059734885
1394333.569162,-173.11178479699635,-332.29051915301545
1394340.575674,-175.61332574329865,-348.3531310905599
1394347.635847,-135.43484383735978,-380.8587813275407
1394354.558612,-64.26995968506935,-435.3020569040658
1394361.96363,-10.756430208364923,-473.54881298818526
1394368.261739,32.67189266184661,-507.0992413541625
1394375.22714,116.97098894435229,-577.875263423763
1394382.239708,174.92517960942345,-614.2563801687877
1398602.943746,-65.5230757546727,6.6043160531941245
1398609.35764,-119.98375769134314,-23.1786781187922
1398616.648425,-166.4210171288512,-52.27552745391023
1398623.64114,-197.26680440793257,3.470064227643725
1398666.018391,-346.59947271237,-19.76221530915527
1398672.345258,-324.1339380503813,-13.567318588658448
1398679.916474,-324.1339380503813,-13.567318588658448
1398687.746874,-324.1339380503813,-13.567318588658448
1398693.316156,-306.79090302032336,-10.46398006932967
1398701.31806,-262.8592274533314,7.979027251485331
1398736.449394,8.23542207577841,-0.9146829092887604
1398742.340552,-41.28480135708253,-44.73021117363033
1398749.340036,-164.01844284930368,-98.6781819139257
1398756.317245,-197.30233712681795,-151.60598651086045
1398763.653822,-159.97403146454295,-224.570328932499
1398770.376283,-147.40659887001107,-298.65417749242954
1398777.781921,-173.6112651915014,-331.97277468764554
1398784.65061,-175.79127411359863,-341.55601977061895
1398791.353948,-128.83649840936172,-395.19841154693927
1398798.892331,-74.91515251716704,-438.5305512175305
1398805.808857,-28.52317614576344,-471.2997135531739
1398812.366236,19.958869308023434,-509.0689419033372
1398820.441687,22.70724104117097,-507.4402849537575
1398826.317995,22.70724104117097,-507.4402849537575
1398833.351156,22.70724104117097,-507.4402849537575
1398840.649554,22.70724104117097,-507.4402849537575
1398847.642847,22.70724104117097,-507.4402849537575
1398854.654834,40.88834412120248,-521.5558457259255
1398861.657002,82.71331788620486,-544.1120880282367
1398868.337319,133.00988056900152,-583.7254714094286
1401360.668173,144.37802269903105,-33.77081192860386
1401367.674161,89.30892504545324,-68.17443515861353
1401374.384926,76.60519936352094,-76.6982075048646
1401381.691473,50.996886723249226,-83.50582168715975
1401388.712593,2.7132105287310453,-119.04724648041244
1401395.382188,-48.53608378204775,-190.4566988089277
1401402.676344,-69.8451998180671,-214.8142231907908
1401409.69867,-127.02763098678813,-269.3481652769704
1401416.768991,-166.56906503111188,-314.4205996469336
1401423.936468,-178.92489050429666,-324.9104042529254
1401432.070164,-178.92489050429666,-324.9104042529254
1401437.378905,-168.02009399021088,-335.93717306188825
1401444.676587,-168.02009399021088,-335.93717306188825
1401451.349551,-168.02009399021088,-335.93717306188825
1401462.374414,-111.63811483524012,-295.7443143019752
1401465.434046,-49.46098641473206,-278.73523246249107
1401472.359072,18.60614373909825,-242.5152861551303
1401480.272589,132.95646857847555,-187.50470986029265
1471364.452348,-8.74524060844793,31.48039784398509
1471371.435407,-7.243713446150519,-19.298370744536875
1471378.453088,-68.33319446942801,-65.39941185420227
1471385.433841,-168.85801555748986,-108.03584103293876
1471392.458253,-200.27271467993128,-157.67847208098803
1471399.431287,-156.67753056741273,-235.66405208534664
1471406.457502,-154.9261311376573,-314.39186717071925
1471413.74451,-192.64733162468323,-348.4862185420782
1471420.485867,-221.21877259344407,-356.96226496552964
1471427.454864,-297.09395339858963,-386.8466576540518
1471435.04753,-338.53452443577703,-407.4614905448752
1471441.493854,-338.53452443577703,-407.4614905448752
1471448.775717,-338.53452443577703,-407.4614905448752
1471455.760991,-338.53452443577703,-407.4614905448752
1471462.444371,-338.53452443577703,-407.4614905448752
1471472.330251,-338.53452443577703,-407.4614905448752
1471477.497685,-372.2289592361669,-420.1842699820135
1471483.43244,-424.8533846617834,-430.5945954944261
1471491.621054,-485.4843068238973,-457.6030180289867
1471497.455667,-508.4784964535714,-466.0795137690502
1471504.472583,-508.4784964535714,-466.0795137690502
1471511.759571,-508.4784964535714,-466.0795137690502
1471518.527026,-517.5449622504947,-468.4828765300746
1471525.452695,-547.0780570857286,-481.207943393676
1471532.758148,-625.1784963639554,-507.2542654701708
1471539.430049,-681.0233903856836,-519.7654795550509
1471546.973722,-728.6114816583498,-534.4411574559964
1471554.794788,-745.9043008524706,-488.4698263206452
1471560.431962,-760.8723455227254,-486.5983992262495
1471567.816127,-822.2089430842519,-514.5766261554131
1471575.014253,-839.9081803063349,-522.7807470907989
1471581.42945,-816.319025420564,-574.8947926096299
1471596.503892,-814.3772427877235,-625.2927651592947
1471596.512701,-798.2986785328511,-674.2631106411465
1471602.479658,-782.8351747495765,-719.1856381337519
1471609.753571,-774.8611477879099,-747.4445451835732
1471616.472736,-774.3937574300446,-751.8892713150166
1471623.457115,-767.1572621022767,-762.486546070095
1471630.925354,-757.2694580480322,-791.1649779336714
1471639.082628,-750.664872435514,-840.3076487113132
1471645.611738,-735.413746694581,-866.2457360311193
1471652.074281,-720.2619406395905,-910.2016263470005
1472269.144489,-900.046008946567,-380.8998769587024
1472274.755819,-878.7955368376602,-412.44146601274366
1472281.4338,-874.6638206224268,-430.8030864986008
1472300.032879,-863.4687176817176,-437.7817063375396
1472300.1369,-863.4687176817176,-437.7817063375396
1472304.20244,-863.4687176817176,-437.7817063375396
1472309.829991,-855.4749482776797,-456.3440299491833
1472316.515991,-839.7453734369072,-512.7164077732797
1472323.796241,-822.8103696457665,-575.1632316413904
1472330.460675,-819.5823357302174,-601.7125356996571
1472337.756989,-819.5823357302174,-601.7125356996571
1472344.46696,-819.5823357302174,-601.7125356996571
1472351.46029,-819.5823357302174,-601.7125356996571
1472358.758394,-819.5823357302174,-601.7125356996571
1472365.754237,-822.4674074889439,-619.0136277799048
1472374.771921,-814.3671111416205,-665.4085909558736
1472381.38206,-797.9476086445502,-704.2662200929713
1472390.169069,-784.9339880450731,-732.7249703192563
1472393.453169,-784.1631181968169,-733.3277366769214
1472403.646286,-779.8723170518317,-750.7811350261867
1472407.497446,-772.2686487667485,-771.1013162686672
1472416.338163,-766.4034377004651,-785.7601141776039
1472421.521478,-751.8969513580491,-829.9360550827754
1472428.970811,-742.8921181643639,-874.1689311286132
1472435.761138,-719.6406884370144,-949.2505294944904
1485803.80992,-285.65779255742603,-949.0751640220512
1485811.376298,-294.1864363339832,-865.771278509337
1485819.163828,-271.9433144174005,-795.09574738674
1485824.801538,-164.17805230901294,-704.9426443087542
1485831.876216,-102.75621713463812,-648.7965705750798
1485838.827096,-46.10111154962351,-595.7149479155927
1485845.852713,4.870107172319568,-547.5459106179809
1485853.127071,15.890565485379105,-537.1618301672039
1485860.126703,26.280380571777155,-522.05791412843
1485866.826874,98.79366119003014,-457.2237537146413
1485876.093548,160.1744427181133,-403.8722857395061
1489275.871774,0.1382515784308545,18.674359441278558
1489283.159461,0.3990292789142082,-14.642338295519131
1489289.827229,-42.687068895684,-47.10392938840275
1489297.281864,-166.5437992356405,-113.29885552628892
1489304.16005,-195.2836473649576,-161.27949401156454
1489310.833031,-174.8829432164253,-229.45523816377815
1489317.88327,-146.43723460672882,-306.9092657340112
1489324.882042,-195.6365679896996,-339.87735570038666
1489331.876587,-268.5996802890639,-385.5635645310916
1489339.16035,-349.4384291914215,-428.2635374915002
1489345.833757,-350.1544163581171,-428.715900961092
1489352.870444,-350.1544163581171,-428.715900961092
1489360.171186,-350.1544163581171,-428.715900961092
1489367.477389,-350.1544163581171,-428.715900961092
1489373.921201,-350.1544163581171,-428.715900961092
1489381.171667,-373.6351750540952,-438.5198717690932
1489388.153606,-429.7742765201244,-443.3353927571729
1489395.514869,-507.343014663088,-468.78691949422296
1489402.164371,-620.9171684544177,-497.7780522140632
1489410.832212,-698.4523869404328,-515.2834151779266
1489415.860407,-738.1354636472453,-520.4497333209341
1489423.158016,-776.6407593229223,-498.099807572566
1489429.850186,-817.2812277713447,-517.5050130390815
1489436.90462,-853.2690186839316,-537.6156813615165
1489450.750555,-820.5219572616327,-635.3976435072045
1489450.841776,-793.7965173655678,-713.9258204033704
1489459.464912,-763.9892999004984,-795.3859731432941
1489465.149475,-729.9653253619207,-917.2918370420908
1490125.889277,-756.1722186624323,-812.8621055331728
1490129.957263,-783.9264255783842,-721.1977485970614
1490136.901424,-809.3564607093456,-650.738482763093
1490149.942272,-813.5890892315218,-569.6860097027005
1490150.840973,-751.2608387135708,-544.0710633823999
1490159.127435,-690.1587279653517,-516.9448103278969
1490165.16441,-579.8052292410365,-473.6585225405731
1490171.885061,-501.5003165485922,-448.5212179445574
1490179.170825,-433.1724176419849,-428.6424294211821
1490186.179607,-338.9208736971964,-401.0927316214956
1490192.845265,-273.6896035385637,-379.6476008280551
1490199.873087,-204.163498639928,-359.0184926937563
1490207.177956,-115.58935932429124,-327.42345683378124
1490214.153519,-114.83142680453912,-275.9217798757889
1490221.941465,-154.1325993391194,-211.8193833169426
1490228.170161,-176.93321674532294,-117.80312153433164
1490234.853822,-113.87493149382723,-93.22301874775545
1490243.506973,-38.22080370751976,-57.85538525684553
1490249.173346,-12.733647183569165,-45.894701166738585
1490255.883878,-12.733647183569165,-45.894701166738585
1490263.229736,-12.733647183569165,-45.894701166738585
1490270.523995,-12.733647183569165,-45.894701166738585
1490276.915216,-12.733647183569165,-45.894701166738585
1490284.198749,-12.733647183569165,-45.894701166738585
1494715.203533,-14.127017306549195,38.11081479872964
1494721.966031,-5.698224276192505,-12.157940862494328
1494728.974433,-6.927594436453625,-19.690527007563944
1494736.212934,-5.295000631281009,-34.80402400265405
1494743.200084,-5.295000631281009,-34.80402400265405
1494750.002453,-5.295000631281009,-34.80402400265405
1494757.318049,-5.295000631281009,-34.80402400265405
1494765.837587,-5.295000631281009,-34.80402400265405
1494770.908085,-5.295000631281009,-34.80402400265405
1494778.194637,-5.295000631281009,-34.80402400265405
1494785.199817,-5.295000631281009,-34.80402400265405
1494792.192032,-5.295000631281009,-34.80402400265405
1494799.218148,-5.295000631281009,-34.80402400265405
1494806.218601,-5.295000631281009,-34.80402400265405
1494813.203339,-5.295000631281009,-34.80402400265405
1494820.20863,-5.295000631281009,-34.80402400265405
1494826.983685,-5.295000631281009,-34.80402400265405
1494835.08073,-5.295000631281009,-34.80402400265405
1494840.969665,-5.295000631281009,-34.80402400265405
1494848.973103,-5.295000631281009,-34.80402400265405
1494855.023291,-5.295000631281009,-34.80402400265405
1494861.981243,-5.295000631281009,-34.80402400265405
1494869.029981,-5.295000631281009,-34.80402400265405
1494876.703991,-5.295000631281009,-34.80402400265405
1494883.194605,-5.295000631281009,-34.80402400265405
1494890.198662,-5.295000631281009,-34.80402400265405
1494897.207643,-5.295000631281009,-34.80402400265405
1494904.200085,-5.295000631281009,-34.80402400265405
1494912.668835,-5.295000631281009,-34.80402400265405
1494919.278513,-5.295000631281009,-34.80402400265405
1494924.944542,-5.295000631281009,-34.80402400265405
1494932.204445,37.22789386162257,-63.940976066991645
1494939.071054,84.80735869623156,-103.26495930900964
1494945.987695,146.36881750464252,-133.13449431395762
1495099.975248,128.30513852815022,-104.39586792946844
1495106.975669,43.20179428974711,-64.54769102745853
1495115.745679,1.8328798542185143,-3.598130278423278
1554453.277364,-10.213999929673346,36.6338602189842
1554460.260456,-4.676345794038372,31.43632689403016
1554468.684889,-19.708309428207095,-30.0979580591992
1554474.594693,-82.41847925391593,-56.16393334646347
1554481.279198,-142.43520432619223,-86.1048861466256
1554488.618518,-178.79113540891908,-128.18706868783576
1554495.277154,-178.79113540891908,-128.18706868783576
1554502.573259,-180.2287806997985,-141.0726147904886
1554509.580231,-184.7051164333453,-169.36874505867416
1554516.570251,-166.7324825567253,-204.06936024441129
1554523.29785,-140.85521780954937,-254.2565848972469
1554530.606597,-135.47124343729462,-275.26249584708216
1554537.28213,-135.47124343729462,-275.26249584708216
1554547.843428,-135.47124343729462,-275.26249584708216
1554551.280513,-143.80887888306253,-300.6212174042413
1554559.424001,-168.5965288130003,-330.35979671446734
1554565.283994,-168.5965288130003,-330.35979671446734
1554572.281015,-168.5965288130003,-330.35979671446734
1554588.078891,-168.5965288130003,-330.35979671446734
1554588.082477,-168.5965288130003,-330.35979671446734
1554593.298037,-168.5965288130003,-330.35979671446734
1554600.579614,-168.5965288130003,-330.35979671446734
1554607.566379,-168.5965288130003,-330.35979671446734
1554616.251771,-163.38293810536828,-356.51821531591486
1554621.725105,-124.76603484707633,-391.66101723878313
1554628.57999,-83.48431553712489,-422.2782929350876
1554641.195585,-33.95730530941672,-460.0191427471906
1554642.760989,-7.980879283480057,-483.6106182657275
1554649.592428,0.541847708800742,-488.8968944851068
1554656.2855,0.541847708800742,-488.8968944851068
1554663.285543,0.541847708800742,-488.8968944851068
1554670.852007,0.541847708800742,-488.8968944851068
1554677.87441,0.541847708800742,-488.8968944851068
1554684.672972,0.541847708800742,-488.8968944851068
1554691.584229,0.541847708800742,-488.8968944851068
1554699.101703,22.59986039402596,-510.0397812019283
1554705.244483,25.653978482347764,-513.7635234060028
1554712.576677,24.158784085458425,-522.2176471674479
1554723.108083,-31.583911095017463,-584.2546068439456
1554726.688341,-67.59401011050207,-622.7545982563439
1554733.269819,-110.58422015372268,-673.1995546571939
1554740.284922,-179.0060054710711,-738.0959957542879
1554748.04966,-198.77155587122863,-756.7352238085078
1554754.28776,-261.9529575842668,-817.31058360783
1554761.245646,-299.3359839719451,-929.5341354214876
1560981.85665,-81.37193884502298,-942.7015104699858
1560989.184946,-26.690312844348323,-897.317968510381
1560995.58449,53.139836145846665,-826.7895898208494
1561007.029409,105.46965814233344,-780.2268838679028
1561009.546681,154.4418385669136,-735.3761544390977
1561310.737547,143.50577864806044,-746.3305780513605
1561319.89764,91.18671019713896,-785.0491867387896
1561324.574898,51.546372343902405,-818.8110104701401
1561331.588654,-30.691370853245903,-887.3935390414396
1561338.873576,-84.06746419804892,-934.1483310357172
1563369.540203,-901.4978942630888,-340.53369369406903
1563375.596529,-887.6301187020925,-403.3634441885985
1563385.483146,-887.6301187020925,-403.3634441885985
1563389.576068,-879.3262574200002,-432.59217148980525
1563396.594352,-879.3262574200002,-432.59217148980525
1563403.929735,-879.3262574200002,-432.59217148980525
1563410.907079,-888.8968373172324,-431.4401134253721
1563418.252996,-888.2055591731661,-443.23278922632335
1563431.08049,-848.392545167949,-544.4414292282861
1563431.580065,-808.9655092179408,-662.4214607256902
1563438.601995,-798.4030932363736,-696.4869736328025
1563445.5732,-798.4030932363736,-696.4869736328025
1563454.457093,-793.0478949894069,-707.0828621300188
1563459.607293,-754.3292482522081,-812.1515544336502
1563467.38172,-728.9143116288781,-893.8144345978175
1564474.944438,-33.580761175039875,-906.0667199853436
1564481.61436,43.12163127507137,-836.8453014649175
1564488.584833,97.13541007033778,-790.6882488799325
1564495.623748,123.5067209160654,-768.6457148818216
1564782.367147,115.32531152214251,-762.423697209162
1564790.9221,42.30811009073286,-823.0247645452691
1564799.20638,-11.701983031041816,-846.8895383603989
1564802.820692,-75.76860832381197,-784.2781047857223
1564810.101306,-75.76860832381197,-784.2781047857223
1564816.798584,-75.76860832381197,-784.2781047857223
1564824.089432,-363.7005218197473,-451.4278918195144
1564831.091905,-365.5112232092985,-442.04796263309584
1564837.784399,-365.5112232092985,-442.04796263309584
1564845.197823,-365.5112232092985,-442.04796263309584
1564852.085296,-365.5112232092985,-442.04796263309584
1564858.815298,-385.6300039378388,-417.3531785057312
1564867.835239,-429.70359924942943,-422.0122126756046
1564872.816276,-518.1366313360137,-465.71484345170575
1564879.820377,-582.4381832520098,-488.5519589895225
1564887.876068,-643.9049023458105,-514.0839057374546
1564894.083188,-724.1710329801061,-539.8319265140489
1564900.797906,-745.369943001494,-502.3070555366055
1564908.098208,-777.7988840279266,-491.3794056730199
1564915.089915,-832.1389984804891,-516.2288061376921
1564921.798974,-851.9840242332724,-510.7950276752192
1564930.781609,-865.0431256108525,-465.0821442564183
1564935.968644,-901.500745149636,-461.99045167813415
1568939.02486,-895.8338958945302,-357.8636587331174
1568945.7213,-881.1941192975062,-411.1894982568951
1568952.755958,-877.4106539783227,-438.5683661837557
1568960.031661,-877.4106539783227,-438.5683661837557
1568966.729479,-877.4106539783227,-438.5683661837557
1568974.028982,-875.1231826195033,-444.3862201216493
1568980.697273,-863.6608749325568,-484.68818702147
1568987.762133,-846.2312909483234,-539.8754455352239
1568995.154623,-792.6765692015563,-554.9118110855643
1569003.324616,-740.1650604989179,-536.3085157984394
1569008.984879,-677.9270870348525,-516.1562726391198
1569016.042063,-576.5111063597981,-480.21167808711016
1569022.731277,-516.4408799548607,-459.1325909060821
1569030.040548,-454.399692979948,-439.5455465916349
1569037.086914,-418.7300109945168,-425.2461861848941
1569043.730002,-402.70190654901313,-422.1342358439597
1569051.027025,-392.8919744814857,-420.6953009032057
1569058.020852,-385.4491634856303,-373.1388673416698
1569064.74137,-386.3104884545864,-336.359873767097
1569071.750086,-385.5321810704865,-302.0480881949648
1569079.534129,-366.8644317235687,-233.06404060874303
1569085.727408,-361.0605838461345,-215.05822595835264
1569092.749575,-361.0605838461345,-215.05822595835264
1569099.72749,-361.0605838461345,-215.05822595835264
1569106.73089,-361.0605838461345,-215.05822595835264
1569114.288097,-358.5407947942838,-211.83020696213669
1569128.233402,-316.9093822243663,-243.80794115206407
1569128.39668,-270.96459057741976,-277.78927577433655
1569134.893027,-230.38561554956257,-308.08182699669646
1569141.698332,-212.8869104097573,-320.7359864703549
1569150.337725,-212.8869104097573,-320.7359864703549
1569156.359953,-184.76529126523567,-337.9015784896797
1569162.741134,-116.45449831669464,-325.72308950504487
1569170.028577,-118.87559884060605,-270.6475951205024
1569177.156677,-159.83781358333607,-200.4431141116833
1569183.741721,-160.59960275718865,-102.17166510974712
1569191.154003,-90.7755741363902,-67.2934678775142
1569197.724527,-22.78941973979927,-41.13643750515679
1569204.726279,-12.24594613927788,-36.08937690599532
1569212.033855,-12.24594613927788,-36.08937690599532
1569219.028728,-12.24594613927788,-36.08937690599532
1569225.725985,-12.24594613927788,-36.08937690599532
1569232.735288,-12.24594613927788,-36.08937690599532
1569240.037542,-12.24594613927788,-36.08937690599532
1569247.030373,6.719273090147601,22.15639812990009
1571012.694179,-5.641837638529226,31.884107138128755
1571018.042004,-8.513546667742308,-28.48856536301032
1571025.041218,-89.59476604064999,-68.79389075640246
1571032.030819,-186.7052880324956,-121.69095895091566
1571039.615492,-185.18397604314785,-181.81553951759236
1571046.473208,-144.6188575693417,-248.39330903559724
1571052.740308,-165.5257297734993,-325.7917991249775
1571060.040176,-157.83763620934917,-370.0124849838354
1571066.74066,-106.09579424071408,-416.9026099074933
1571073.957986,-21.00386684793818,-477.6275844865144
1571080.806361,20.50014361532203,-512.762680443027
1571087.806687,18.305586415818716,-536.9096816258341
1571095.312581,-62.332611759480976,-607.7018439656346
1571102.04266,-124.57521044677696,-658.7169444790225
1571108.897976,-188.53395352434404,-718.7635464093328
1571120.247065,-268.800591414532,-807.1015186476164
1571122.73983,-297.2245794527644,-864.167879137506
1571132.25628,-297.9730467309209,-929.2477623120571
1571652.047996,-900.4952168120504,-341.4919025221697
1571655.962668,-868.1378535570401,-411.3963882848606
1571662.125363,-861.6876676069039,-430.79329304565454
1571668.749617,-861.6876676069039,-430.79329304565454
1571676.051703,-861.6876676069039,-430.79329304565454
1571683.041534,-861.2974728682168,-438.4115834360588
1571689.757127,-861.2974728682168,-438.4115834360588
1571697.38757,-861.2974728682168,-438.4115834360588
1571703.747444,-861.2974728682168,-438.4115834360588
1571711.055999,-861.249464541305,-455.0875183722011
1571718.047587,-838.8219694094739,-524.951447189018
1571727.830749,-805.1023301922222,-648.6939264696465
1571731.864115,-782.9566412800081,-729.1361339418999
1571739.065541,-759.3942580978554,-802.0282170190992
1571746.837719,-728.6135722078006,-905.3063751206628
1572961.383127,-726.9381106626923,-921.8088036324144
1572968.060959,-761.5126631452227,-793.8304803369766
1572977.039625,-811.5259104780697,-626.9474418268171
1572982.060057,-823.3890501743049,-565.256005917922
1572989.066192,-734.909537820246,-522.6955917856761
1572996.355364,-558.9512459554832,-464.0358411967884
1573003.46249,-463.336189238272,-433.0865197115582
1573010.377306,-404.6741677417518,-418.15440866760446
1573017.357182,-317.15694680533966,-387.3612099557764
1573024.35686,-228.21558820252733,-361.8439527641609
1573031.061454,-180.81288180255936,-354.1062870709084
1573038.436702,-178.93527281668068,-354.7566806413888
1573045.382599,-178.93527281668068,-354.7566806413888
1573052.085021,-178.93527281668068,-354.7566806413888
1573059.417271,-130.4400174487207,-333.9696489665177
1573066.061023,-102.01359595058878,-306.265048563042
1573073.351469,-92.43273896436578,-269.78003919479653
1573080.351727,9.922896488988382,-193.09995506781635
1573087.416606,84.74557902359831,-163.09106456378856
1573094.971431,147.55538328815678,-134.22186115272626
1573318.026889,-6.615150256387593,16.584412520436736
1573327.12789,-6.585377299496987,5.841757787452779
1573332.065698,-6.585377299496987,5.841757787452779
1573339.36725,-6.585377299496987,5.841757787452779
1573346.361178,-6.585377299496987,5.841757787452779
1573353.370086,-6.585377299496987,5.841757787452779
1573360.368734,-15.550805757699829,-44.125720388582245
1573367.032694,-80.14279125677086,-81.57618547122335
1573374.667854,-182.44976453655937,-157.2484744840941
1573381.059934,-165.20974527765256,-222.2129807540715
1573388.048082,-132.62234162458748,-282.5167785209467
1573396.350027,-205.72424661577725,-356.1130693267062
1573402.654427,-264.21096944925284,-379.9538845218698
1573409.077402,-321.24682323952254,-402.4748286484056
1573417.796166,-344.1107630251302,-418.0377191131881
1573425.178885,-344.1107630251302,-418.0377191131881
1573430.03515,-344.1107630251302,-418.0377191131881
1573437.069112,-344.1107630251302,-418.0377191131881
1573444.370158,-344.1107630251302,-418.0377191131881
1573451.17081,-350.9605849290138,-419.2631254310372
1573458.359207,-408.21803171338615,-406.44309810123616
1573465.118221,-408.21803171338615,-406.44309810123616
1573472.073202,-408.21803171338615,-406.44309810123616
1573479.360034,-408.21803171338615,-406.44309810123616
1573486.644301,-408.21803171338615,-406.44309810123616
1573493.071203,-408.21803171338615,-406.44309810123616
1573500.357134,-408.21803171338615,-406.44309810123616
1573507.361905,-408.21803171338615,-406.44309810123616
1573514.356214,-408.21803171338615,-406.44309810123616
1573521.365256,-403.9804720801355,-391.58843518707687
1573528.291734,-392.4111928962813,-351.64284870604376
1573536.195902,-377.5056251284642,-257.2172900661478
1573542.367873,-339.1557938638604,-225.3022423682216
1573549.377147,-278.9204765930981,-268.8791464673579
1573556.036695,-248.03466822955411,-294.19318250194044
1573563.070854,-198.3646722318712,-243.35034354205212
1573570.078002,-171.87169126082696,-210.01191817051705
1573577.514599,-171.84667886949234,-176.1259840612571
1573584.043702,-110.46254678253048,-82.55362717906351
1573591.067701,-58.21486286167465,-62.8307022845947
1573598.380714,-2.0016423160691685,-35.81388302103186
1573605.642807,-2.0016423160691685,-35.81388302103186
1573612.078109,-2.0016423160691685,-35.81388302103186
1573619.362413,-2.0016423160691685,-35.81388302103186
1573626.36052,-2.0016423160691685,-35.81388302103186
1573633.784006,12.372720276982214,11.16484762890523
1575726.381467,-0.8464905805296709,2.4424659674782605
1575733.381694,-27.75042727541939,-44.32349123563548
1575740.051776,-113.87177517150316,-80.40381756586156
1575747.380561,-195.89520986310487,-165.91659942339496
1575754.397353,-157.57318994351635,-239.36744990842595
1575761.646375,-132.3313824055718,-287.5104028473356
1575768.077224,-199.79946249590785,-350.2048291446185
1575775.098444,-262.6211239072076,-383.8834228504047
1575782.655977,-329.9066531876948,-412.8993324947985
1575789.329542,-418.2071691488872,-403.8036553882467
1575796.377181,-452.4583473241982,-358.5482877052027
1575803.389001,-474.05938719005513,-321.88960012330307
1575810.379177,-479.463875874735,-310.9882922992762
1575817.054493,-479.463875874735,-310.9882922992762
1575824.38199,-488.0292400587247,-305.3627715161048
1575831.372945,-511.8403441288624,-283.5779938505962
1575838.07993,-564.1399849844794,-208.11084893498324
1575845.376466,-604.3750348896618,-173.85205959665527
1575852.397592,-645.7416661086461,-108.26962274596802
1575859.079778,-683.0884723971565,-58.06514534236288
1575866.087775,-728.5882049378075,-17.175443801317456
1576048.386277,-882.3099287277258,-421.37301162657394
1576055.389513,-863.4246522913584,-477.12341837664167
1576062.380427,-827.1171508534858,-575.70252677865
1576074.544621,-811.2101530102298,-639.3105191058928
1576076.100075,-783.3558657579359,-713.3050078882088
1576090.060343,-742.4844183401877,-831.5160917535557
1576090.161914,-717.5907211264666,-906.6305021803424
1577161.148592,-723.8427494074741,-940.0507963372188
1577169.941603,-749.1105992747571,-850.758647403146
1577175.102653,-783.6236986920904,-730.2799536818951
1577190.752616,-811.576141179922,-646.2913891269026
1577190.864319,-828.2978298848479,-578.9319729831243
1577196.098341,-726.9031886411783,-532.4260495314138
1577203.40401,-646.2427130932487,-503.14066048855375
1577210.397998,-611.0407632782653,-492.7050509412952
1577217.098075,-537.7000620066124,-449.6905455017304
1577224.75523,-455.99527281945393,-420.8880276369705
1577231.098246,-421.2310266040061,-413.4755185926744
1577238.398473,-412.238690565862,-415.2618430869396
1577245.411542,-402.04557350822455,-417.50623700219
1577252.391701,-375.7744839882271,-412.0699314209592
1577259.100133,-271.99901608973187,-372.2358050924017
1577266.417083,-213.89377975626292,-346.39594573801025
1577273.418395,-197.9158234508101,-340.1754005259486
1577280.395778,-195.56919966788195,-339.41569947738185
1577287.393108,-195.56919966788195,-339.41569947738185
1577294.403132,-195.56919966788195,-339.41569947738185
1577301.672254,-195.56919966788195,-339.41569947738185
1577309.099778,-195.56919966788195,-339.41569947738185
1577315.366157,-182.002776746934,-313.5787853468032
1577322.429195,-115.77067495605591,-282.378626799854
1577329.395721,-129.51025774586978,-267.41340574508496
1577336.067393,-169.83207918628543,-200.53796034148505
1577344.709762,-139.25781386734863,-101.4204279094644
1577351.057127,-54.68656817538449,-60.33747969065247
1577357.401003,-4.316736355352277,-26.20832040308497
1577364.404931,-4.316736355352277,-26.20832040308497
1577371.387616,-1.9972409519343397,-14.14650724385016
1642356.946451,-5.398489676505573,38.902737036158825
1642364.008248,-0.6822019339601021,19.46850682672863
1642373.632943,-3.733738628251139,-22.829665014052555
1642377.931822,-56.88837858770727,-51.46682135491387
1642385.441741,-107.48258950330678,-66.86662621558463
1642392.230297,-163.4593540548902,-96.54280036128354
1642401.555253,-184.36849723028453,-211.19930850371168
1642406.005978,-175.57387760142316,-243.11761494634808
1642414.76864,-163.98561328557412,-254.0860801744169
1642419.960682,-149.435044034231,-251.393141540726
1642428.010282,-136.7790325363394,-276.3882478936579
1642434.246195,-164.1402394750915,-325.0757288763977
1642440.983242,-199.9424187584821,-347.2075843032961
1642451.190265,-243.49023788067052,-360.7934994194216
1642454.945033,-319.6317905593337,-395.1509960438957
1642462.212862,-352.6848175708986,-410.72048608133457
1642469.237674,-400.9031222679575,-413.3691188355476
1642475.916251,-440.8689189437403,-373.26978846258106
1642482.931354,-454.9258352947911,-343.11925272927806
1642489.928273,-466.99414104879975,-308.2818846223672
1642497.312618,-498.6090444777312,-277.0007598688277
1642504.43688,-523.1345837840341,-252.6036136610495
1642511.234526,-549.5561054087377,-223.8429229746192
1642519.82619,-562.2313188302052,-203.8520007895351
1642524.948056,-578.0906107676245,-188.69709561680497
1642531.922154,-603.1641538450529,-183.57831869321527
1642540.260744,-626.2642358573435,-169.71566751724183
1642545.939025,-641.987564534437,-131.99988259974808
1642553.326246,-659.3333443492241,-95.24480549401817
1642560.590366,-677.1297416287586,-87.69402287323516
1642566.958466,-700.6568192179436,-89.9771250704942
1642573.969445,-741.4424855065893,-104.1058623571672
1642580.908353,-800.5946655215137,-151.61849158858874
1642591.455102,-830.4354191340714,-167.84189682093043
1642594.908887,-871.6527484057764,-175.99063528222663
1643215.033169,-886.388152386535,-401.7848393175245
1643221.96309,-885.066704562143,-412.5208697785096
1643228.711085,-883.5669508505509,-439.5559961097111
1645734.972767,-701.7717993207744,-927.1844987170384
1645740.252525,-739.8115697255201,-837.6325127854242
1645747.174,-755.0433300367878,-783.0320302407139
1645754.174138,-775.7959934537909,-724.193646711354
1645761.334416,-805.0642101716244,-624.9584853238658
1645768.311933,-815.7350938219054,-593.0523642820783
1645775.4531,-787.5395236796716,-560.354862231825
1645782.12728,-692.845016586534,-520.4485984822603
1645789.167366,-639.0974163924511,-501.4194502969577
1645796.455805,-594.1966974974093,-484.5298138651645
1645803.452845,-461.46736453682615,-441.4263021333732
1645810.165407,-379.3593181618588,-413.6580101102419
1645817.164988,-303.59354312254794,-383.9493121938742
1645824.184686,-239.64863562687304,-354.7451229943108
1645831.165633,-226.89387664976363,-349.53378921589405
1645838.459477,-203.58475541697945,-338.7209238991301
1645845.125158,-164.92697068011705,-338.6775934982369
1645853.122773,-141.6093349203898,-334.45384814757983
1645860.072741,-108.71474137624936,-309.6679646521656
1645866.258754,-110.26608425695846,-288.45493117770195
1645873.164256,-110.26608425695846,-288.45493117770195
1645880.450752,-110.26608425695846,-288.45493117770195
1645887.796169,-110.26608425695846,-288.45493117770195
1645894.154501,-114.1482970965382,-282.82670474962106
1645901.15422,-133.9951524200241,-254.22458765268772
1645908.181167,-181.9035377996605,-178.92149735398178
1645915.448198,-178.24877305927146,-115.67535930091935
1645922.455084,-119.3431440493619,-80.50949831383174
1645929.159475,-9.480443125375963,-31.575169034485373
1645936.452025,8.885122516376946,17.176692997594603
1649737.242672,-894.4630177142463,-392.16893591864033
1649740.772294,-887.9211765990192,-420.3726984738485
1649748.052214,-887.9211765990192,-420.3726984738485
1649755.330716,-884.9969695277209,-443.8700444586971
1649761.782375,-884.9969695277209,-443.8700444586971
1649769.057621,-852.3570375265775,-541.7907943706301
1649776.068296,-828.7511461078697,-601.5336476351495
1649782.768334,-823.5320107760379,-619.2186717010619
1649791.573277,-811.485162441668,-656.1339263171635
1649796.757905,-790.6511739431305,-700.902838965374
1649805.524265,-776.4934432737068,-741.7825257552963
1649810.736517,-769.716575270469,-767.4598395707874
1649818.054926,-769.716575270469,-767.4598395707874
1649824.776506,-769.716575270469,-767.4598395707874
1649831.890284,-768.6772775469864,-782.9044910826914
1649841.730138,-744.8433758382441,-832.6222030052791
1649845.763904,-733.8002680117089,-873.5949256014071
1649852.95747,-722.4376624554926,-907.590344680164
1656358.754388,-3.555566914521863,28.818314759141963
1656365.759921,-0.6226823469836589,2.6874487798490407
1656373.333733,-62.06761334114217,-57.86201740102836
1656380.644583,-142.34863148218022,-85.95259863988213
1656386.890918,-194.96971235581432,-131.4059598127637
1656393.759416,-163.2982673899892,-233.66619477024105
1656400.772721,-139.8732739911731,-286.29739233453887
1656408.928565,-169.8777663519954,-339.1750872133518
1656415.044624,-132.3949321655794,-391.5003583767905
1656421.764848,-87.14939778072672,-423.1769302515048
1656429.107044,-55.70085549213947,-447.37703930312745
1656435.937151,-1.0038190705139975,-490.873067374687
1656442.754863,9.63119319545457,-501.1592137451262
1656450.120966,9.63119319545457,-501.1592137451262
1656457.04778,9.63119319545457,-501.1592137451262
1656463.755818,9.63119319545457,-501.1592137451262
1656471.049129,29.589839691085544,-514.4275138826564
1656477.734171,11.930696748647,-538.9368143360185
1656484.765977,-31.891304042431763,-580.529325193553
1656491.761851,-87.70476569606706,-639.2212827224884
1656499.062695,-174.1137755919013,-721.3280669164653
1656507.07771,-231.6785551918869,-777.1452510534286
1656512.724699,-281.3541609282663,-833.7570631809901
1656523.685866,-295.96341776461,-921.2642195269044
1657576.859902,-894.4982641803729,-384.5424719956434
1657583.813435,-882.0959444148311,-411.4918224197512
1657591.818285,-878.985565479889,-429.37786777238665
1657597.849529,-878.985565479889,-429.37786777238665
1657604.736256,-875.96109154869,-449.4975876597578
1657611.733869,-853.5245666873952,-515.333678254071
1657619.062395,-835.5540404494255,-570.2832898117332
1657625.765914,-822.606796320169,-610.8392424342765
1657635.473376,-793.2778675384864,-709.9164672694737
1657639.760272,-768.2457066918242,-781.6628314207462
1657646.778431,-740.9830504858156,-850.6134676675023
1657658.613111,-716.3156934396801,-943.3318367749664
1661461.952717,0.2263874785233587,11.796720805872338
1661468.797167,-21.82810161791305,-46.88423540118266
1661476.101398,-73.20643897180095,-74.7864361803001
1661483.577718,-188.54126641896207,-130.99206285967531
1661489.774008,-193.27154398000957,-160.89748152418423
1661496.810184,-144.38974094049013,-263.15613585509624
1661503.773552,-165.94779418399602,-331.8222558964157
1661510.810357,-212.88654057948557,-366.2009823202334
1661518.210529,-277.29842587507426,-389.89887533355153
1661525.127922,-331.1926736944539,-406.5850957203993
1661531.809597,-380.5132218349144,-425.7125270260124
1661539.246172,-451.6420742142755,-351.24219967260694
1661546.095495,-509.030648978627,-294.5840861543536
1661552.80144,-553.374965717969,-252.7450346872425
1661559.780221,-585.7100416105798,-205.8789799721729
1661566.795094,-627.0373913220025,-142.87224969589636
1661574.100257,-655.6311449359334,-103.89853960547232
1661581.102694,-676.6423389682948,-87.275858961091
1661587.815475,-679.3885047184915,-88.73376973798182
1661597.087344,-744.3938537000864,-140.70793813374388
1661601.774191,-814.2476685093554,-167.8578027186459
1661608.809567,-865.6881085637255,-196.3943629885064
1662029.965096,-899.7682994465222,-388.283948626223
1662035.770218,-864.8102523839489,-516.9955783233714
1662048.552781,-835.193048335969,-561.5146371335385
1662049.793014,-745.4628603263297,-529.3254712244408
1662057.107228,-657.3796950871466,-500.3515623957512
1662064.113029,-563.6807586873415,-468.9200502599296
1662070.808401,-435.4052949805312,-432.3636730281142
1662078.11867,-435.4052949805312,-432.3636730281142
1662085.103545,-413.0919663317964,-428.2125238544363
1662091.819691,-413.0919663317964,-428.2125238544363
1662098.956308,-413.0919663317964,-428.2125238544363
1662107.714155,-413.0919663317964,-428.2125238544363
1662113.123556,-383.71085388808734,-430.7542037339571
1662120.39286,-331.7937454526986,-418.4869894979942
1662127.026246,-261.8007797270328,-379.8614359168304
1662135.233217,-194.1354573044964,-342.0383082963046
1662141.443415,-194.1354573044964,-342.0383082963046
1662148.106081,-194.1354573044964,-342.0383082963046
1662155.177561,-194.1354573044964,-342.0383082963046
1662162.485148,-181.0615322354909,-349.000908814104
1662168.870666,-135.12496830688943,-331.6815471881497
1662177.569078,-124.5408969902926,-263.2286758027493
1662185.859613,-174.06989186825226,-179.48553913476692
1662189.826736,-175.3519172828188,-115.51998050661923
1662197.099294,-19.61685324510976,-32.774311338511666
1662204.098706,9.318021112096512,19.441521101501383
1664865.375102,-720.2368069932932,-913.5770558483551
1664871.132384,-756.7534893884634,-804.7405389200047
1664877.84316,-775.7206960971083,-747.7115751116974
1664892.33072,-792.072918182453,-684.697080947914
1664892.444753,-819.1766956480795,-613.3369682799864
1664907.266025,-787.8531203542203,-562.7108439095645
1664907.275379,-745.6513152009016,-541.7836163706883
1664913.038963,-737.0124364489362,-511.3348072733239
1664921.547335,-783.4315428185256,-497.6056193102252
1664927.145865,-818.8579500334517,-504.7256350835013
1664936.705294,-843.9485200999252,-514.5940683713774
1664940.837124,-869.9653547188483,-456.751458781642
1665290.840713,-715.7646580308814,-924.8060852510936
1665299.559035,-739.3220951510979,-856.2468122537084
1665304.832964,-755.4697596600736,-803.3430712823397
1665311.956784,-772.3924182960492,-757.0543703385999
1665318.83257,-792.7048174435747,-672.4513042745966
1665329.004941,-811.8514129433489,-610.4194257461277
1665332.849076,-820.2445216846296,-570.0711493464829
1665339.838514,-762.5814551232577,-536.7316587116813
1665347.140738,-708.4813407470509,-522.551226206154
1665353.807662,-656.1311078525829,-503.0781845358283
1665361.020686,-573.6298557408998,-473.7299797965815
1665367.837799,-522.9872969821346,-458.8727881938762
1665374.837837,-476.4262180011521,-442.9941780296755
1665382.140349,-402.2307711004863,-419.3963376005647
1665389.1456,-341.01580636223787,-401.2171422970673
1665395.84867,-278.0124814995285,-378.49378840682255
1665403.136411,-210.6637719611708,-354.6531961875747
1665410.453143,-196.82407267380776,-346.52677973982463
1665416.87135,-196.82407267380776,-346.52677973982463
1665423.812575,-196.82407267380776,-346.52677973982463
1665431.887519,-180.7819271112312,-338.0454862969668
1665437.839913,-148.8607629107002,-334.94135086967555
1665444.837385,-109.5595649700587,-293.71237198047487
1665452.161802,-130.45515705760337,-257.60260708183665
1665459.146292,-165.2342323660835,-206.8490645611446
1665466.145727,-180.70745012985785,-126.03704539558905
1665473.13894,-122.63167588601436,-78.86884607130668
1665480.150091,-76.9664969964909,-59.55785126542645
1665486.8105,-3.1901405877530893,-27.66018850999854
1665493.838124,11.007758755624872,19.05019370746679
1667567.395744,-0.6214472286288156,2.3348920154651336
1667572.857861,8.68546780805439,-43.23282481982388
1667579.928497,40.95433078814578,-82.07261482321884
1667587.146662,123.69769644946574,-123.24509536528612
1668746.169178,-10.973874711561535,40.05156507515756
1668753.193706,-1.521473759536217,-15.748821981868856
1668760.184585,76.17478383194964,-107.12541318030932
1727781.115543,-7.41993282500871,18.67462734509085
1727789.30598,-6.632534194611003,15.673751085450808
1727795.140478,-6.632534194611003,15.673751085450808
1727802.408113,-6.632534194611003,15.673751085450808
1727811.302635,-8.63929603726418,1.591815013877112
1727816.141379,-4.249065609474594,-20.866014888143926
1727823.553053,-62.2402040225209,-53.06749498358304
1727837.956339,-92.50461702806682,-68.37441379952742
1727837.959889,-182.2691106464178,-106.75850695639367
1727844.127109,-185.6040861854842,-111.62099012388252
1727851.145985,-185.6040861854842,-111.62099012388252
1727858.443235,-185.6040861854842,-111.62099012388252
1727865.501421,-185.6040861854842,-111.62099012388252
1727872.14541,-185.6040861854842,-111.62099012388252
1727879.525171,-186.56014854096915,-119.3424346956552
1727886.145439,-182.6669579669779,-156.32976210660203
1727893.705526,-162.1389722166711,-213.52049820648304
1727902.31424,-133.26114638148067,-264.3842103073134
1727907.142595,-136.4046719960082,-292.9918525291696
1727914.43975,-172.7540194150977,-328.81289393270725
1727921.431138,-251.8732104165498,-375.97106952816665
1727928.15926,-311.3562535820596,-401.8058387882173
1727935.543993,-311.3562535820596,-401.8058387882173
1727942.56543,-386.0233629729401,-416.0607735842067
1727949.139396,-422.2896183192488,-429.88318463062814
1727956.512812,-441.4912960951932,-443.7636352773831
1727963.287185,-448.1617590238472,-454.0937267962326
1727970.172012,-474.19978658499736,-457.6168904889522
1727977.459998,-512.528620121383,-466.0495229838303
1727984.163176,-592.3375339759393,-484.64636597921697
1727991.440594,-634.9756989820369,-507.5736636676809
1727998.452031,-677.820609287001,-502.2850742644145
1728005.134191,-720.6869264040247,-520.6376593642142
1728012.436894,-724.0437864342503,-523.1127084874043
1728019.450282,-736.7780111345689,-509.9341770995608
1728026.24474,-759.0664691616854,-484.56376380133696
1728035.183027,-792.8542249051857,-493.1270722190743
1728040.145749,-828.393294361137,-511.7429269211533
1728047.357789,-846.9741215852815,-531.0550292102121
1728054.148175,-840.7970626098994,-562.2765730054317
1728066.950553,-833.4299563142897,-578.4077390130567
1728068.105007,-818.9636890915476,-628.1274612513108
1728075.820403,-809.3616070690024,-667.0101163996961
1728082.493934,-787.810353389718,-713.6331653569117
1728089.416356,-766.8303102355269,-779.7568980140618
1728096.466706,-764.3300169645953,-787.7399797989252
1728103.119283,-764.2367525354747,-795.1390760130191
1728111.721062,-757.5125292240156,-842.7345390077408
1728117.139079,-742.7856742940049,-896.3795740652779
1728128.02029,-721.5451297901444,-950.5586793326412
1731844.964833,-889.257952867819,-390.8807098291467
1731851.66636,-871.1646672601005,-446.6076807130302
1731858.970357,-850.0976925238614,-496.9820884340645
1731865.962917,-830.264507146817,-554.2744404150131
1731872.6415,-815.1240304996284,-621.614004690034
1731882.918211,-809.8310966052059,-646.2541641619243
1731886.836522,-794.1477275923113,-694.9186729690476
1731893.682272,-774.4445980162429,-754.8721096505045
1731900.999392,-764.0878707418296,-793.6701394846734
1731908.253962,-753.6366478606772,-833.1879803854907
1731914.66847,-728.7247864013577,-909.9919023629952
1736466.530489,-40.93311564328944,-923.9570448263554
1736474.49427,5.975735133906783,-875.719870071153
1736480.546189,56.79569665376568,-825.781552939873
1736487.733494,89.61514196703651,-794.5364748555228
1736494.90192,117.30660874375889,-767.4681098207257
1736501.556765,162.2392845700173,-724.2832510735687
1737180.778758,-4.95861315176882,34.20676202637487
1737188.066366,3.7038455363652174,-3.2543693669652582
1737195.825062,30.684310491556086,-63.9172796938396
1737201.734536,59.33572818117428,-88.59315985121629
1737214.086882,105.65840669597256,-110.32806377734934
1737446.58945,159.52089598654464,-721.4416742299599
1737453.93663,99.16938897310648,-778.5705630992602
1737460.860899,37.641723154227,-829.0205521280933
1737468.934229,-8.082731693377859,-856.9024490195035
1737474.861216,-45.65066518794562,-806.5555824270957
1737481.540873,-70.09124661222097,-771.9416927454
1737490.453012,-70.09124661222097,-771.9416927454
1737495.587161,-70.09124661222097,-771.9416927454
1737502.573858,-337.6643640062135,-474.72952151766873
1737510.150952,-349.6529278717057,-463.8668902848575
1737519.587282,-377.1216952835237,-431.025907190448
1737523.760687,-411.7070115172769,-387.5275333605511
1737531.116779,-462.9006424897064,-324.4359498150817
1737537.620397,-493.0915526942874,-288.5730280975296
1737545.41008,-529.869326872133,-247.3255733778658
1737551.579366,-582.568786953604,-197.2135921445901
1737560.147819,-605.5520386523738,-181.207898111807
1737565.622856,-624.7465783793799,-161.96875948506008
1737573.212722,-655.6453261789808,-107.5110414077771
1737581.526557,-679.3656222882108,-79.20669344227422
1737586.73315,-712.6543209863066,-43.4048483146915
1737594.169376,-759.8855765962037,6.66159218898135
1737601.201583,-779.7932505762623,30.407743439554007
1741136.521123,-4.471370601377588,-0.325226173013072
1741143.531936,-5.048762296549839,-4.6055713107272025
1741150.538298,-44.06154249604303,-47.9867565014703
1741157.520561,-119.40943974494004,-79.27661728894604
1741164.837772,-184.90250763763424,-122.52370782060368
1741171.533023,-158.25121380689913,-236.1930802686776
1741178.826494,-147.7397339540864,-301.66824965970955
1741186.099225,-178.60032851561425,-336.8530012220017
1741192.534327,-178.60032851561425,-336.8530012220017
1741202.883595,-178.60032851561425,-336.8530012220017
1741206.836159,-178.60032851561425,-336.8530012220017
1741213.833612,-178.60032851561425,-336.8530012220017
1741220.823027,-178.60032851561425,-336.8530012220017
1741227.829691,-178.60032851561425,-336.8530012220017
1741234.833807,-170.80953307651043,-356.5838074587453
1741241.827725,-170.80953307651043,-356.5838074587453
1741248.539719,-37.58424310572924,-459.41365279287226
1741255.876657,16.53387227595714,-487.9139978321524
1741263.316796,24.668323633556444,-493.4623671824679
1741269.548533,24.668323633556444,-493.4623671824679
1741276.71129,24.668323633556444,-493.4623671824679
1741284.617275,25.92003650067399,-496.3228915027015
1741290.98428,41.15526285579695,-511.8785847415231
1741297.825635,-17.037746799526346,-575.1742279943611
1741304.83085,-75.27463537412184,-631.6881165083648
1741311.53806,-134.32889777017587,-688.417165948482
1741318.958196,-231.94794705887963,-779.7873478094405
1741328.173694,-279.82406700365993,-832.5299601034257
1741332.523226,-297.0022672175486,-892.8607732296741
1744405.485423,-729.6130062333863,-939.78491107773
1744412.519545,-740.2249336618922,-876.8551476955222
1744422.478306,-742.6143793752904,-846.9271628606105
1744426.516926,-742.6143793752904,-846.9271628606105
1744433.531873,-748.2444268943489,-839.8689693538231
1744441.887081,-748.2444268943489,-839.8689693538231
1744448.095379,-759.5007634836403,-820.0001843583849
1744454.53034,-762.8558469458279,-803.1239051565716
1744461.503647,-793.006045261642,-717.0301307153876
1744478.003135,-826.5447688643115,-613.2349428015915
1744478.012481,-827.3164019617668,-559.9802597223953
1744482.540829,-763.6768249466581,-534.134470313355
1744491.296756,-679.2882215297103,-506.2695420540764
1744496.520236,-629.8048457803642,-472.0318544120237
1744504.102221,-559.658755809056,-454.257375095758
1744511.754441,-462.9740648081025,-428.5320000412501
1744517.518558,-417.0745759968633,-411.53027398224384
1744524.49554,-357.5982961061702,-446.1697740530304
1744531.500221,-307.6099379965656,-513.6999544004406
1744538.869348,-307.6099379965656,-513.6999544004406
1744545.817443,-307.6099379965656,-513.6999544004406
1744552.883691,-307.6099379965656,-513.6999544004406
1744559.497048,-38.84918830868109,-818.4082600509796
1744566.820148,1.645938717087491,-860.7967603499567
1744574.380969,1.645938717087491,-860.7967603499567
1744581.08876,1.645938717087491,-860.7967603499567
1744587.522564,1.645938717087491,-860.7967603499567
1744594.519558,1.645938717087491,-860.7967603499567
1744601.528296,11.386560129754493,-858.2838848163863
1744608.923694,78.89355538026707,-807.2111562902211
1744615.936845,108.07897748637754,-780.4908226229032
1744622.822371,108.07897748637754,-780.4908226229032
1744629.832922,114.06619865661882,-774.9435487085389
1744637.063739,126.58869157873296,-762.353576474052
1744643.887379,155.58726409787388,-725.0321113445365
1747374.015992,-4.798925416441845,23.18496307631433
1747380.530995,-16.958019801708325,-20.03886013271512
1747387.829532,-80.91677841517541,-66.3326314188449
1747395.207543,-136.9301895830597,-95.56683449216656
1747401.544476,-182.3629368362041,-139.0840727848883
1747408.512639,-179.14143880411956,-207.5563557566028
1747415.513238,-154.60913761328848,-242.1394047381045
1747423.861089,-129.60509173629382,-275.25238829118075
1747429.558689,-179.17225656696863,-333.07780358507324
1747436.519087,-227.9773004838698,-362.2449678365628
1747444.026213,-294.79464276350603,-394.60570051878784
1747450.833623,-368.2050865365876,-420.4242654362417
1747457.555499,-406.0330819119513,-378.38322056738775
1747465.574311,-436.3376250500755,-340.83699093068816
1747471.543985,-459.2110396471378,-306.1979974032109
1747478.559458,-459.2110396471378,-306.1979974032109
1747485.849867,-481.419574889937,-289.4646987699876
1747492.841223,-528.9541478558683,-240.5605531784909
1747499.605438,-553.2676934900641,-193.5592676124567
1747507.142494,-572.8227639264552,-163.07607573957193
1747513.515857,-629.5445069594074,-111.8352146965918
1747520.539079,-655.3535156446653,-71.07639962292622
1747527.83844,-677.8752187929864,-59.72514620962362
1747535.597685,-677.8752187929864,-59.72514620962362
1747541.516791,-829.9902100200776,-160.18577496398785
1747548.548118,-894.7299052509418,-213.3863757635057
1748354.39177,-719.8490273646191,-915.9268749497206
1748355.294241,-719.8490273646191,-915.9268749497206
1748355.294889,-719.8490273646191,-915.9268749497206
1748356.401298,-731.7356099865087,-888.2805622602046
1748363.44,-745.7833689840337,-856.0925604456777
1748371.152353,-780.7267601802557,-749.0655687056749
1748377.39057,-815.0712378024524,-632.1324954137818
1748386.316854,-815.2038211781662,-572.4596287173375
1748391.712792,-769.8130564419561,-554.9300542134508
1748398.433116,-750.1658818657351,-481.37669110800897
1748406.511533,-781.1088342357984,-481.7083771116172
1748412.712829,-804.9574264155989,-527.1625014327223
1748419.384812,-804.9574264155989,-527.1625014327223
1748427.112037,-804.9574264155989,-527.1625014327223
1748433.666848,-797.1693943974917,-549.9132396081789
1748441.18807,-734.7262691982692,-543.9407944857024
1748447.719663,-687.7483642536696,-518.1069958023456
1748455.260111,-635.6805560856566,-489.1946900739275
1748461.426185,-536.1268976406741,-449.4405705812185
1748468.823591,-467.2706722333182,-430.6463984597071
1748475.71108,-415.4001945689646,-412.1940543402589
1748482.443782,-370.6920614076595,-375.8548607481986
1748489.718554,-356.5129199456481,-350.65009025446494
1748496.809114,-274.5028521853586,-297.7970952836829
1748503.422456,-274.5028521853586,-297.7970952836829
1748511.488327,-149.56553759071187,-291.3484085553548
1748519.729849,-159.18392533139962,-242.36934067707543
1748524.414069,-198.9878520030504,-152.73220120070354
1748531.713124,-138.48430900757768,-97.46910594747308
1748540.48074,-69.45037830504059,-71.0498093479117
1748545.41162,-15.966919571196383,-32.06435069079153
1748552.718066,-1.0589568497662945,-19.08834418610733
1748559.412033,0.6730360794883359,29.5361505547068
1755449.484636,-11.219583835555378,25.75523490316006
1755456.143799,-9.033126808737524,0.0800438433811085
1755463.107268,-9.033126808737524,0.0800438433811085
1755470.704678,-9.033126808737524,0.0800438433811085
1755478.51871,-9.033126808737524,0.0800438433811085
1755484.161263,-9.033126808737524,0.0800438433811085
1755491.430761,-9.033126808737524,0.0800438433811085
1755498.413584,-16.51396016194988,-30.1599285726802
1755505.130977,-98.95255661105276,-72.59728702958687
1755512.120238,-177.5169005910085,-117.00451663348193
1755519.426125,-165.21336545391944,-231.99381566960497
1755526.095881,-149.0354096501873,-298.21530537321075
1755533.423653,-197.29932401389323,-349.29464949542773
1755540.13606,-299.0143166623845,-394.6726613443897
1755547.134094,-343.9924679425194,-412.60046591931047
1755554.141991,-389.5436977491335,-423.9354984277424
1755561.426194,-479.2210590238528,-455.99723987883874
1755568.125584,-542.1893593030825,-477.6061792527864
1755575.096828,-607.9405038557492,-496.6500044457415
1755583.664308,-696.7061108309462,-524.8744474772316
1755589.135817,-726.5223711023722,-529.9661863664483
1755596.429935,-735.7844948409663,-499.5396018651389
1755603.096501,-782.7714352414679,-500.6238453498878
1755610.134609,-799.6789160582126,-506.2271652674671
1755617.423514,-810.8473310696571,-513.0804878969151
1755625.459631,-838.3994554666501,-531.4038886795544
1755638.2791,-831.1846998333738,-555.943559223075
1755638.288094,-818.5149818611483,-617.9005688865819
1755645.142646,-791.9441690751827,-695.607963176964
1755655.62289,-771.0742839750982,-748.7890241614041
1755659.342991,-749.2433221758054,-804.3162537048236
1755666.27718,-720.3087602045051,-896.2194376556188
1755673.555693,-703.7935783698002,-954.8408277567074
1864796.965043,-727.1057076107678,-926.561903361883
1864798.060867,-737.9202962143468,-883.9538805779337
1864806.876232,-754.1720978530216,-837.4496833793835
1864812.086036,-768.3972829534509,-791.2880843213993
1864819.432605,-792.0229085921227,-704.6803357725138
1864829.286834,-802.9880037820624,-665.2593792987504
1864838.319958,-810.4747591365335,-637.5903534208547
1864840.249068,-823.108642812736,-587.3056734642778
1864847.048451,-791.0655309025395,-551.423153163001
1864854.048176,-750.2373118069522,-536.7537297163474
1864863.626961,-706.3341157815092,-523.2949125642835
1864868.063009,-684.6393702154165,-511.1005088154241
1864877.349916,-653.018968667934,-500.7218751076015
1864888.315082,-616.9267702524667,-494.8820684717099
1864889.048487,-574.4018156151899,-485.080998706953
1864904.735017,-547.1941910513008,-474.7498480147613
1864904.738613,-536.3197093401677,-468.1311050240869
1864910.074592,-488.9574081212453,-458.01834393439896
1864917.085414,-443.7908588892626,-442.8466908915786
1864924.354393,-410.9711084695864,-433.2907156505727
1864931.048153,-395.6609246494188,-429.6087124629795
1864938.785132,-352.0705829408852,-409.960549334283
1864945.088564,-228.9688385233462,-363.6059589508941
1864952.087706,-165.70661364495191,-346.12409360828525
1864959.143378,-164.6854835601009,-347.4282915576706
1864959.819703,-164.6854835601009,-347.4282915576706
1864967.722,-164.6854835601009,-347.4282915576706
1864973.062427,-164.6854835601009,-347.4282915576706
1864981.313883,-164.6854835601009,-347.4282915576706
1864987.591979,-164.6854835601009,-347.4282915576706
1864995.180662,-164.6854835601009,-347.4282915576706
1865004.96726,-164.6854835601009,-347.4282915576706
1865010.73952,-164.6854835601009,-347.4282915576706
1865015.453964,-164.6854835601009,-347.4282915576706
1865024.06227,-164.6854835601009,-347.4282915576706
1865029.637672,-164.6854835601009,-347.4282915576706
1865039.533167,-164.6854835601009,-347.4282915576706
1865043.077696,-164.6854835601009,-347.4282915576706
1865050.382066,-164.6854835601009,-347.4282915576706
1865057.388305,-164.6854835601009,-347.4282915576706
1865064.547256,-164.6854835601009,-347.4282915576706
1865071.053549,-164.6854835601009,-347.4282915576706
1865087.551031,-164.6854835601009,-347.4282915576706
1865087.554673,-164.6854835601009,-347.4282915576706
1865092.085603,-164.6854835601009,-347.4282915576706
1865100.340812,-164.6854835601009,-347.4282915576706
1865106.252745,-164.6854835601009,-347.4282915576706
1865113.050361,-164.6854835601009,-347.4282915576706
1865121.532113,-164.6854835601009,-347.4282915576706
1865129.208898,-164.6854835601009,-347.4282915576706
1865134.103324,-164.6854835601009,-347.4282915576706
1865141.386815,-164.6854835601009,-347.4282915576706
1865148.575575,-164.6854835601009,-347.4282915576706
1865155.090815,-164.6854835601009,-347.4282915576706
1865162.113642,-164.6854835601009,-347.4282915576706
1865169.07182,-164.6854835601009,-347.4282915576706
1865177.774238,-164.6854835601009,-347.4282915576706
1865183.275922,-164.6854835601009,-347.4282915576706
1865190.728814,-164.6854835601009,-347.4282915576706
1865197.383127,-164.6854835601009,-347.4282915576706
1865204.459833,-164.6854835601009,-347.4282915576706
1865211.049668,-164.6854835601009,-347.4282915576706
1865220.84207,-164.6854835601009,-347.4282915576706
1865225.32701,-164.6854835601009,-347.4282915576706
1865232.383276,-164.6854835601009,-347.4282915576706
1865240.726925,-164.6854835601009,-347.4282915576706
1865248.59832,-164.6854835601009,-347.4282915576706
1865253.589283,-163.08216490608203,-348.10292574743755
1865260.649037,-163.08216490608203,-348.10292574743755
1865267.084371,-162.56506909856392,-349.39062601163545
1865274.15738,-162.56506909856392,-349.39062601163545
1865289.636949,-162.56506909856392,-349.39062601163545
1865289.640491,-162.56506909856392,-349.39062601163545
1865295.086992,-162.56506909856392,-349.39062601163545
1865302.379147,-162.56506909856392,-349.39062601163545
1865309.384498,-162.56506909856392,-349.39062601163545
1865316.47158,-162.56506909856392,-349.39062601163545
1865325.753467,-162.56506909856392,-349.39062601163545
1865330.379465,-162.56506909856392,-349.39062601163545
1865337.098895,-162.56506909856392,-349.39062601163545
1865344.383353,-162.56506909856392,-349.39062601163545
1865351.379425,-162.56506909856392,-349.39062601163545
1865358.669648,-162.56506909856392,-349.39062601163545
1865365.383298,-162.56506909856392,-349.39062601163545
1865372.379252,-162.56506909856392,-349.39062601163545
1865379.435854,-162.56506909856392,-349.39062601163545
1865389.037862,-162.56506909856392,-349.39062601163545
1865393.874206,-162.56506909856392,-349.39062601163545
1865400.084816,-162.56506909856392,-349.39062601163545
1865407.384455,-162.56506909856392,-349.39062601163545
1865414.826772,-162.56506909856392,-349.39062601163545
1865430.110251,-158.23108595776955,-347.75911666219
1865430.11397,-157.05654075665072,-347.2640067693001
1865435.388746,-157.05654075665072,-347.2640067693001
1865442.680349,-157.05654075665072,-347.2640067693001
1865449.513581,-157.05654075665072,-347.2640067693001
1865456.143744,-157.05654075665072,-347.2640067693001
1865465.086741,-157.05654075665072,-347.2640067693001
1865470.105995,-157.05654075665072,-347.2640067693001
1865477.086408,-157.05654075665072,-347.2640067693001
1865484.846787,-157.05654075665072,-347.2640067693001
1865491.873962,-156.12206951628673,-347.1294823308298
1865502.150278,-156.12206851228285,-347.1294821869967
1865505.058111,-156.12206851228285,-347.1294821869967
1865512.531296,-156.12206851228285,-347.1294821869967
1865519.090084,-156.12206851228285,-347.1294821869967
1865526.390209,-156.12206851228285,-347.1294821869967
1865533.399198,-156.12206851228285,-347.1294821869967
1865540.067482,-156.12206851228285,-347.1294821869967
1865548.913955,-156.12206851228285,-347.1294821869967
1865554.153563,-156.12206851228285,-347.1294821869967
1865563.470185,-156.12206851228285,-347.1294821869967
1865571.251692,-156.12206851228285,-347.1294821869967
1865575.64371,-156.12206851228285,-347.1294821869967
1865584.192777,-156.12206851228285,-347.1294821869967
1865589.394056,-156.12206851228285,-347.1294821869967
1865599.872121,-156.12206851228285,-347.1294821869967
1865604.053586,-156.12206851228285,-347.1294821869967
1865614.288459,-156.12206851228285,-347.1294821869967
1865618.036934,-156.12206851228285,-347.1294821869967
1865624.467278,-156.12206851228285,-347.1294821869967
1865631.868126,-156.12206851228285,-347.1294821869967
1865638.50365,-156.12206851228285,-347.1294821869967
1865645.716023,-156.12206851228285,-347.1294821869967
1865652.099639,-156.12206851228285,-347.1294821869967
1865659.060535,-156.12206851228285,-347.1294821869967
1865667.474086,-156.12206851228285,-347.1294821869967
1865673.530742,-156.12206851228285,-347.1294821869967
1865680.065137,-156.12206851228285,-347.1294821869967
1865687.960786,-156.12206851228285,-347.1294821869967
1865699.862247,-156.12206851228285,-347.1294821869967
1865702.755914,-156.12206851228285,-347.1294821869967
1865708.106386,-156.12206851228285,-347.1294821869967
1865715.105844,-156.12206851228285,-347.1294821869967
1865722.712252,-156.12206851228285,-347.1294821869967
1865731.872857,-156.12206851228285,-347.1294821869967
1865736.421154,-156.12206851228285,-347.1294821869967
1865743.393122,-156.12206851228285,-347.1294821869967
1865750.546053,-156.12206851228285,-347.1294821869967
1865757.071842,-156.12206851228285,-347.1294821869967
1865766.325077,-156.12206851228285,-347.1294821869967
1865771.144902,-156.12206851228285,-347.1294821869967
1865779.093865,-156.12206851228285,-347.1294821869967
1865785.388794,-156.12206851228285,-347.1294821869967
1865792.095574,-156.12206851228285,-347.1294821869967
1865803.927289,-156.12206851228285,-347.1294821869967
1865806.120374,-156.12206851228285,-347.1294821869967
1865814.592728,-156.12206851228285,-347.1294821869967
1865820.160611,-156.12206851228285,-347.1294821869967
1865827.39277,-156.12206851228285,-347.1294821869967
1865842.959971,-156.12206851228285,-347.1294821869967
1865842.967378,-156.12206851228285,-347.1294821869967
1865848.403551,-156.12206851228285,-347.1294821869967
1865855.396705,-156.12206851228285,-347.1294821869967
1865862.741383,-149.10663983672288,-346.2168364582033
1865869.074963,-143.9051319403352,-344.74015698168614
1865883.848134,-143.9051319403352,-344.74015698168614
1865883.851716,-143.9051319403352,-344.74015698168614
1865890.719542,-143.9051319403352,-344.74015698168614
1865898.041799,-143.27462084634985,-345.2394213922454
1865906.101487,-143.27462025724182,-345.2394218587315
1865918.541722,-143.27462025724182,-345.2394218587315
1865919.024933,-143.27462025724182,-345.2394218587315
1865925.592298,-143.27462025724182,-345.2394218587315
1865934.413963,-143.27462025724182,-345.2394218587315
1865939.069417,-143.27462025724182,-345.2394218587315
1865948.102166,-143.27462025724182,-345.2394218587315
1865954.056305,-143.27462025724182,-345.2394218587315
1865960.165079,-143.27462025724182,-345.2394218587315
1865967.852662,-143.27462025724182,-345.2394218587315
1865974.097468,-143.27462025724182,-345.2394218587315
1865981.568622,-143.27462025724182,-345.2394218587315
1865988.660891,-143.27462025724182,-345.2394218587315
1865998.370184,-143.27462025724182,-345.2394218587315
1866002.06788,-143.27462025724182,-345.2394218587315
1866010.918737,-143.27462025724182,-345.2394218587315
1866016.157032,-143.27462025724182,-345.2394218587315
1866026.354862,-143.27462025724182,-345.2394218587315
1866031.061648,-143.27462025724182,-345.2394218587315
1866037.097589,-143.27462025724182,-345.2394218587315
1866045.436702,-143.27462025724182,-345.2394218587315
1866051.947459,-143.27462025724182,-345.2394218587315
1866059.008478,-143.27462025724182,-345.2394218587315
1866065.095781,-143.27462025724182,-345.2394218587315
1866073.32386,-143.27462025724182,-345.2394218587315
1866080.570165,-143.27462025724182,-345.2394218587315
1866087.667433,-143.27462025724182,-345.2394218587315
1866093.105724,-143.27462025724182,-345.2394218587315
1866101.14355,-143.27462025724182,-345.2394218587315
1866107.886278,-143.27462025724182,-345.2394218587315
1866114.105568,-143.27462025724182,-345.2394218587315
1866121.067834,-143.27462025724182,-345.2394218587315
1866128.648739,-143.27462025724182,-345.2394218587315
1866135.681095,-143.27462025724182,-345.2394218587315
1866142.709265,-143.27462025724182,-345.2394218587315
1866149.969198,-143.27462025724182,-345.2394218587315
1866157.048818,-143.27462025724182,-345.2394218587315
1866167.307036,-143.27462025724182,-345.2394218587315
1866170.095821,-143.27462025724182,-345.2394218587315
1866177.582054,-143.27462025724182,-345.2394218587315
1866189.606209,-143.27462025724182,-345.2394218587315
1866191.667568,-143.27462025724182,-345.2394218587315
1866198.687489,-143.27462025724182,-345.2394218587315
1866205.712941,-143.27462025724182,-345.2394218587315
1866212.649852,-143.27462025724182,-345.2394218587315
1866220.441051,-143.27462025724182,-345.2394218587315
1866226.122498,-143.27462025724182,-345.2394218587315
1866233.631352,-143.27462025724182,-345.2394218587315
1866240.948055,-143.27462025724182,-345.2394218587315
1866247.096496,-143.27462025724182,-345.2394218587315
1866256.984776,-143.27462025724182,-345.2394218587315
1866261.927898,-143.27462025724182,-345.2394218587315
1866272.691083,-143.27462025724182,-345.2394218587315
1866275.18303,-143.27462025724182,-345.2394218587315
1866282.415852,-141.9317720840656,-343.5357077173929
1866289.892565,-141.65859869372625,-342.7993990901449
1866296.142691,-141.65859869372625,-342.7993990901449
1866303.9206,-141.65859869372625,-342.7993990901449
1866310.205697,-141.65859869372625,-342.7993990901449
1866317.664942,-141.65859869372625,-342.7993990901449
1866326.979889,-141.65859869372625,-342.7993990901449
1866331.776792,-141.65859869372625,-342.7993990901449
1866338.806618,-141.65859869372625,-342.7993990901449
1866345.165286,-139.49948705146485,-342.9100128419836
1866353.074056,-138.7399574323684,-342.4865226229423
1866359.125963,-138.7399574323684,-342.4865226229423
1866366.105754,-138.7399574323684,-342.4865226229423
1866373.492652,-138.7399574323684,-342.4865226229423
1866380.50882,-138.7399574323684,-342.4865226229423
1866389.753657,-138.7399574323684,-342.4865226229423
1866394.57787,-138.7399574323684,-342.4865226229423
1866401.112934,-138.7399574323684,-342.4865226229423
1866408.624724,-138.7399574323684,-342.4865226229423
1866415.789559,-138.64272170683765,-341.3070740306791
1866423.487658,-138.5016011789272,-340.6084110669526
1866429.167893,-138.50160099646138,-340.6084102435344
1866436.571218,-138.50160099646138,-340.6084102435344
1866443.433998,-138.50160099646138,-340.6084102435344
1866450.457021,-138.50160099646138,-340.6084102435344
1866462.823306,-138.50160099646138,-340.6084102435344
1866464.675187,-138.50160099646138,-340.6084102435344
1866471.742146,-138.50160099646138,-340.6084102435344
1866478.994017,-133.71385848759627,-331.7135674772623
1866485.080109,-133.71382651850166,-331.71350392275014
1866492.588635,-133.71382651850166,-331.71350392275014
1866499.488117,-133.71382651850166,-331.71350392275014
1866506.609611,-133.71382651850166,-331.71350392275014
1866513.405188,-133.15580382886284,-332.24355337299204
1866520.132376,-133.1558033062267,-332.2435532835828
1866529.24449,-130.052333925824,-329.9309548118049
1866534.105537,-130.0523339340777,-329.9309858218327
1866541.414263,-130.0523339340777,-329.9309858218327
1866548.341712,-130.0523339340777,-329.9309858218327
1866558.745665,-130.0523339340777,-329.9309858218327
1866562.465761,-130.0523339340777,-329.9309858218327
1866569.173685,-130.0523339340777,-329.9309858218327
1866576.405334,-130.0523339340777,-329.9309858218327
1866583.792063,-130.0523339340777,-329.9309858218327
1866590.417568,-130.0523339340777,-329.9309858218327
1866597.427999,-121.61573166375368,-332.1045785114724
1866604.403453,-121.60688323473464,-332.1132176015639
1866611.134415,-121.04006647923026,-332.01848429334353
1866618.764277,-121.04006647923026,-332.01848429334353
1866625.947487,-121.04006647923026,-332.01848429334353
1866632.219586,-121.04006647923026,-332.01848429334353
1866639.08604,-121.04006647923026,-332.01848429334353
1866648.113681,-121.04006647923026,-332.01848429334353
1866653.616885,-121.04006647923026,-332.01848429334353
1866663.39877,-121.04006647923026,-332.01848429334353
1866667.42249,-121.04006647923026,-332.01848429334353
1866674.130237,-121.44948939606792,-332.48978499881594
1866682.086308,-121.79545272680608,-333.00822333170856
1866689.418422,-121.79545272680608,-333.00822334337084
1866698.95441,-121.79545272680608,-333.00822334337084
1866703.369398,-121.79545272680608,-333.00822334337084
1866709.414067,-121.79545272680608,-333.00822334337084
1866716.409453,-121.79545272680608,-333.00822334337084
1866723.862855,-121.79545272680608,-333.00822334337084
1866731.061475,-121.79545272680608,-333.00822334337084
1866737.118979,-121.79545272680608,-333.00822334337084
1866744.144307,-121.79545272680608,-333.00822334337084
1866751.737689,-121.79545272680608,-333.00822334337084
1866759.159218,-121.79545272680608,-333.00822334337084
1866769.954225,-121.79545272680608,-333.00822334337084
1866772.42729,-121.79545272680608,-333.00822334337084
1866779.535172,-121.79545272680608,-333.00822334337084
1866786.431869,-121.79545272680608,-333.00822334337084
1866793.10494,-121.79545272680608,-333.00822334337084
1866803.790349,-121.79545272680608,-333.00822334337084
1866815.288768,-121.79545272680608,-333.00822334337084
1866815.292418,-121.79545272680608,-333.00822334337084
1866821.531684,-121.79545272680608,-333.00822334337084
1866828.719008,-121.79545272680608,-333.00822334337084
1866835.34623,-121.79545272680608,-333.00822334337084
1866843.712036,-121.79545272680608,-333.00822334337084
1866849.402085,-121.79545272680608,-333.00822334337084
1866856.138219,-121.79545272680608,-333.00822334337084
1866864.123042,-121.79545272680608,-333.00822334337084
1866871.487829,-121.79545272680608,-333.00822334337084
1866877.782609,-121.79545272680608,-333.00822334337084
1866884.230445,-121.79545272680608,-333.00822334337084
1866894.775209,-121.79545272680608,-333.00822334337084
1866900.219966,-121.79545272680608,-333.00822334337084
1866909.330514,-121.79545272680608,-333.00822334337084
1866912.09001,-121.79545272680608,-333.00822334337084
1866921.86361,-121.79545272680608,-333.00822334337084
1866926.25348,-121.79545272680608,-333.00822334337084
1866934.101324,-121.79545272680608,-333.00822334337084
1866942.041676,-121.79545272680608,-333.00822334337084
1866947.126832,-121.79545272680608,-333.00822334337084
1866954.185689,-121.79545272680608,-333.00822334337084
1866961.176408,-121.79545272680608,-333.00822334337084
1866968.585688,-121.79545272680608,-333.00822334337084
1866975.528456,-115.26130545030664,-330.6805751190681
1866983.363074,-99.03181159054054,-315.567104695882
1866989.088715,-99.28131453395342,-314.3709581433446
1866997.495511,-99.28131453395342,-314.3709581433446
1867003.108732,-99.28131453395342,-314.3709581433446
1867011.392931,-99.28131453395342,-314.3709581433446
1867017.115775,-99.28131453395342,-314.3709581433446
1867024.476918,-99.28131453395342,-314.3709581433446
1867031.087608,-99.28131453395342,-314.3709581433446
1867038.115786,-99.28131453395342,-314.3709581433446
1867045.496663,-99.28131453395342,-314.3709581433446
1867052.082995,-99.28131453395342,-314.3709581433446
1867060.282056,-99.28131453395342,-314.3709581433446
1867066.424232,-99.28131453395342,-314.3709581433446
1867075.559544,-99.28131453395342,-314.3709581433446
1867080.479668,-99.28131453395342,-314.3709581433446
1867087.475579,-99.28131453395342,-314.3709581433446
1867094.437024,-99.28131453395342,-314.3709581433446
1867104.334516,-99.28131453395342,-314.3709581433446
1867108.760707,-99.28131453395342,-314.3709581433446
1867115.171574,-99.28131453395342,-314.3709581433446
1867122.471524,-99.28131453395342,-314.3709581433446
1867131.025569,-99.28131453395342,-314.3709581433446
1867136.413689,-99.28131453395342,-314.3709581433446
1867143.636395,-99.28131453395342,-314.3709581433446
1867151.951916,-99.28131453395342,-314.3709581433446
1867157.088539,-99.28131453395342,-314.3709581433446
1867165.276473,-99.28131453395342,-314.3709581433446
1867177.798212,-99.28131453395342,-314.3709581433446
1867180.004223,-99.28131453395342,-314.3709581433446
1867185.669924,-99.28131453395342,-314.3709581433446
1867192.10461,-99.28131453395342,-314.3709581433446
1867199.454439,-99.28131453395342,-314.3709581433446
1867208.132774,-99.28131453395342,-314.3709581433446
1867213.778584,-99.28131453395342,-314.3709581433446
1867220.179901,-99.28131453395342,-314.3709581433446
1867227.444705,-99.28131453395342,-314.3709581433446
1867234.447785,-99.28131453395342,-314.3709581433446
1867241.264451,-99.28131453395342,-314.3709581433446
1867249.585725,-99.28131453395342,-314.3709581433446
1867255.495455,-99.28131453395342,-314.3709581433446
1867262.885715,-99.28131453395342,-314.3709581433446
1867271.597711,-99.28131453395342,-314.3709581433446
1867276.635628,-99.28131453395342,-314.3709581433446
1867283.114673,-99.28131453395342,-314.3709581433446
1867290.082628,-99.28131453395342,-314.3709581433446
1867298.403214,-99.28131453395342,-314.3709581433446
1867304.542193,-99.28131453395342,-314.3709581433446
1867311.411703,-99.28131453395342,-314.3709581433446
1867318.817659,-99.28131453395342,-314.3709581433446
1867325.116105,-99.36153522225683,-312.993997743423
1867332.459532,-98.77579130255582,-302.68783477892043
1867339.25078,-98.77579040658694,-302.6878338357012
1867349.655642,-98.77579040658694,-302.6878338357012
1867353.646277,-98.77579040658694,-302.6878338357012
1867361.078231,-98.77579040658694,-302.6878338357012
1867367.671806,-98.77579040658694,-302.6878338357012
1867377.357081,-98.77579040658694,-302.6878338357012
1867383.435736,-98.77579040658694,-302.6878338357012
1867388.650609,-98.77579040658694,-302.6878338357012
1867396.111543,-98.77579040658694,-302.6878338357012
1867402.115736,-98.77579040658694,-302.6878338357012
1867411.048951,-98.77579040658694,-302.6878338357012
1867416.699893,-98.77579040658694,-302.6878338357012
1867423.11368,-98.77579040658694,-302.6878338357012
1867430.459881,-98.77579040658694,-302.6878338357012
1867437.427444,-98.77579040658694,-302.6878338357012
1867444.799561,-103.58436734423688,-293.74043151946216
1867451.487997,-103.58439903948548,-293.74036362167914
1867458.635489,-103.58439903948548,-293.74036362167914
1867465.11564,-103.58439903948548,-293.74036362167914
1867472.426343,-103.58439903948548,-293.74036362167914
1867483.615083,-103.58439903948548,-293.74036362167914
1867486.19035,-103.58439903948548,-293.74036362167914
1867488.871913,-103.58439903948548,-293.74036362167914
1867493.181237,-103.58439903948548,-293.74036362167914
1867500.085617,-109.55848670992631,-286.97461550869866
1867507.085618,-131.18275955583456,-259.6342672086387
1867517.224859,-164.99980595632815,-205.2164973668902
1867521.100248,-184.1096484666268,-152.30676273869554
1867529.916683,-108.05589945836034,-72.25530391132028
1867535.176413,-43.45174835930926,-42.78228551252722
1867542.432601,-4.467250934776084,-21.422774842632176
1869963.899179,-371.91905910474384,-2.8570500043517697
1869970.260141,-374.453466743969,-53.6726731698002
1869976.520747,-370.3356206874465,-129.46853784480123
1869984.247615,-361.0588903002043,-176.39056634798794
1869995.721269,-357.3051857766813,-209.4189293898695
1869997.567027,-408.6798336548482,-174.355465939041
1870004.832303,-449.8458895479272,-131.07875701326088
1870011.895356,-492.2813121824407,-97.29577251301164
1870018.512107,-541.419225770971,-67.27155492295104
1947778.706249,-720.7662378041001,-919.2417394038936
1947785.551974,-738.0595805260377,-872.9563031995533
1947793.464165,-746.5635763967364,-842.1872047182939
1947799.535928,-763.3299954406083,-781.3271430731552
1947808.61171,-778.0723119254983,-732.5987617744211
1947813.566185,-779.5164832624314,-726.0622976211293
1947826.112159,-795.0480843912087,-690.0412712401502
1947827.570543,-807.1540750984212,-648.0807345182506
1947835.993549,-815.8651073033539,-620.471480723706
1947841.581827,-822.4450343314145,-594.8268297142508
1947848.569349,-802.3768064934703,-546.3899345207253
1947855.877129,-753.0766572299129,-536.3599108342755
1947862.693991,-742.7013453478933,-535.4797316089685
1947869.634232,-715.4245706978272,-534.2901650499093
1947885.975526,-696.3119383239491,-522.8470356117168
1947885.984107,-679.6684712178399,-512.7577503735974
1947890.666347,-667.4746662035986,-506.0535618076919
1947897.568198,-621.2032492625847,-492.7291882312553
1947904.89881,-617.3941835191779,-491.4211709470533
1947911.630401,-572.3415919425186,-467.03625025596745
1947918.599963,-532.0148948171678,-454.43669179188817
1947925.879722,-525.663958485132,-455.0053134803042
1947932.575085,-525.663958485132,-455.0053134803042
1947939.866684,-525.663958485132,-455.0053134803042
1947946.861468,-525.663958485132,-455.0053134803042
1947953.652257,-522.1660300148706,-457.570165388104
1947961.710917,-522.1660300148706,-457.570165388104
1947967.584199,-522.1660300148706,-457.570165388104
1947974.567185,-522.1660300148706,-457.570165388104
1947981.561044,-522.1660300148706,-457.570165388104
1947989.195183,-522.1660300148706,-457.570165388104
1947995.865205,-522.1660300148706,-457.570165388104
1948002.574236,-522.1660300148706,-457.570165388104
1948009.869536,-501.5695040439911,-454.3457519800096
1948016.551133,-444.3083374951713,-434.3680167873092
1948023.53803,-417.8968367177474,-430.8264639843274
1948030.560399,-409.2812368936313,-428.2855086354136
1948038.090986,-390.5677014046413,-430.6103817277786
1948044.751487,-337.683661581377,-410.44070782617325
1948054.598112,-282.3048287220362,-387.595218028504
1948058.640601,-262.0705272526808,-374.11676823616585
1948068.053033,-262.0705272526808,-374.11676823616585
1948072.552109,-262.0705272526808,-374.11676823616585
1948079.574051,-262.0705272526808,-374.11676823616585
1948086.56111,-262.0705272526808,-374.11676823616585
1948094.125294,-236.9038130879417,-356.32318182069605
1948100.887448,-183.25454203542537,-334.4207767010039
1948103.707548,-173.54210467034326,-333.69224652609995
1948107.569515,-161.3714707988598,-339.56104358265696
1948113.485632,-155.89870844269973,-340.97338055833586
1948114.624367,-155.89870844269973,-340.97338055833586
1948116.647586,-155.89870844269973,-340.97338055833586
1948125.248114,-155.89870844269973,-340.97338055833586
1948129.588943,-155.89870844269973,-340.97338055833586
1948135.764876,-155.89870844269973,-340.97338055833586
1948143.621512,-155.89870844269973,-340.97338055833586
1948149.583854,-155.89870844269973,-340.97338055833586
1948156.597899,-155.89870844269973,-340.97338055833586
1948165.417466,-155.89870844269973,-340.97338055833586
1948171.199463,-155.89870844269973,-340.97338055833586
1948182.678904,-155.89870844269973,-340.97338055833586
1948185.252396,-155.89870844269973,-340.97338055833586
1948191.605047,-155.89870844269973,-340.97338055833586
1948198.610668,-155.89870844269973,-340.97338055833586
1948207.055049,-155.89870844269973,-340.97338055833586
1948212.577526,-155.89870844269973,-340.97338055833586
1948219.922934,-155.89870844269973,-340.97338055833586
1948226.567048,-155.89870844269973,-340.97338055833586
1948235.171068,-155.89870844269973,-340.97338055833586
1948240.578938,-155.89870844269973,-340.97338055833586
1948247.870801,-155.89870844269973,-340.97338055833586
1948254.862646,-155.89870844269973,-340.97338055833586
1948262.02277,-155.89870844269973,-340.97338055833586
1948273.299135,-155.89870844269973,-340.97338055833586
1948276.793476,-155.89870844269973,-340.97338055833586
1948282.885942,-155.89870844269973,-340.97338055833586
1948290.218074,-155.89870844269973,-340.97338055833586
1948296.576056,-155.89870844269973,-340.97338055833586
1948308.388181,-155.89870844269973,-340.97338055833586
1948310.576592,-155.89870844269973,-340.97338055833586
1948317.91687,-155.89870844269973,-340.97338055833586
1948324.888782,-155.89870844269973,-340.97338055833586
1948331.896617,-155.89870844269973,-340.97338055833586
1948340.761543,-155.89870844269973,-340.97338055833586
1948348.44371,-155.89870844269973,-340.97338055833586
1948352.581671,-149.1934885620606,-342.04473106775487
1948359.95493,-149.1934885620606,-342.04473106775487
1948366.877313,-149.1934885620606,-342.04473106775487
1948376.459751,-149.1934885620606,-342.04473106775487
1948381.272457,-149.1934885620606,-342.04473106775487
1948387.877367,-149.1934885620606,-342.04473106775487
1948394.96839,-149.1934885620606,-342.04473106775487
1948402.672435,-149.1934885620606,-342.04473106775487
1948409.482916,-149.1934885620606,-342.04473106775487
1948415.57122,-149.1934885620606,-342.04473106775487
1948423.18368,-149.1934885620606,-342.04473106775487
1948429.872108,-149.1934885620606,-342.04473106775487
1948436.883151,-149.1934885620606,-342.04473106775487
1948443.957454,-149.1934885620606,-342.04473106775487
1948450.599201,-149.1934885620606,-342.04473106775487
1948457.591286,-149.1934885620606,-342.04473106775487
1948464.743024,-149.1934885620606,-342.04473106775487
1948471.595862,-149.1934885620606,-342.04473106775487
1948484.167037,-149.1934885620606,-342.04473106775487
1948485.596535,-149.1934885620606,-342.04473106775487
1948494.947849,-149.1934885620606,-342.04473106775487
1948499.57739,-149.1934885620606,-342.04473106775487
1948508.468473,-149.1934885620606,-342.04473106775487
1948514.181489,-149.1934885620606,-342.04473106775487
1948520.8734,-149.1934885620606,-342.04473106775487
1948527.877807,-149.1934885620606,-342.04473106775487
1948534.889762,-149.1934885620606,-342.04473106775487
1948547.445819,-149.1934885620606,-342.04473106775487
1948548.573008,-149.1934885620606,-342.04473106775487
1948557.417264,-149.1934885620606,-342.04473106775487
1948562.952658,-149.1934885620606,-342.04473106775487
1948569.877771,-149.1934885620606,-342.04473106775487
1948582.932464,-149.1934885620606,-342.04473106775487
1948584.066517,-149.1934885620606,-342.04473106775487
1948590.884612,-149.1934885620606,-342.04473106775487
1948600.111027,-149.1934885620606,-342.04473106775487
1948604.589355,-149.1934885620606,-342.04473106775487
1948612.425553,-149.1934885620606,-342.04473106775487
1948619.845992,-149.1934885620606,-342.04473106775487
1948625.578275,-149.1934885620606,-342.04473106775487
1948632.900311,-149.1934885620606,-342.04473106775487
1948640.217674,-149.1934885620606,-342.04473106775487
1948647.004427,-149.1934885620606,-342.04473106775487
1948654.358722,-144.08061791465246,-336.2077892702235
1948660.608748,-142.74662325669266,-334.7799459370295
1948669.39921,-142.74662325669266,-334.7799459370295
1948674.649499,-142.74662325669266,-334.7799459370295
1948681.966536,-142.74662325669266,-334.7799459370295
1948689.288874,-142.74662325669266,-334.7799459370295
1948696.060579,-142.74662325669266,-334.7799459370295
1948703.246682,-142.74662325669266,-334.7799459370295
1948709.652373,-142.74662325669266,-334.7799459370295
1948716.577819,-142.74662325669266,-334.7799459370295
1948724.249828,-142.74662325669266,-334.7799459370295
1948730.592774,-142.74662325669266,-334.7799459370295
1948738.093365,-142.74662325669266,-334.7799459370295
1948747.177528,-142.74662325669266,-334.7799459370295
1948752.970151,-141.44840504723686,-334.21411063442497
1948758.643093,-124.97756375070294,-326.60303664758464
1948765.683637,-123.2631088963006,-326.1060456773824
1948778.894352,-123.2631088963006,-326.1060456773824
1948780.002503,-123.2631088963006,-326.1060456773824
1948786.684092,-123.2631088963006,-326.1060456773824
1948796.508105,-123.2631088963006,-326.1060456773824
1948800.598864,-123.2631088963006,-326.1060456773824
1948807.879621,-123.2631088963006,-326.1060456773824
1948814.911096,-123.2631088963006,-326.1060456773824
1948824.206458,-123.2631088963006,-326.1060456773824
1948828.66697,-123.2631088963006,-326.1060456773824
1948836.195669,-123.2631088963006,-326.1060456773824
1948842.707444,-123.2631088963006,-326.1060456773824
1948850.844518,-123.2631088963006,-326.1060456773824
1948856.596403,-123.2631088963006,-326.1060456773824
1948863.994309,-123.2631088963006,-326.1060456773824
1948871.222462,-123.2631088963006,-326.1060456773824
1948879.317398,-123.2631088963006,-326.1060456773824
1948884.876897,-123.2631088963006,-326.1060456773824
1948891.88634,-123.2631088963006,-326.1060456773824
1948898.877528,-123.2631088963006,-326.1060456773824
1948905.963301,-123.2631088963006,-326.1060456773824
1948913.311638,-123.2631088963006,-326.1060456773824
1948920.959742,-123.2631088963006,-326.1060456773824
1948926.584265,-123.2631088963006,-326.1060456773824
1948935.637123,-123.2631088963006,-326.1060456773824
1948940.548909,-123.2631088963006,-326.1060456773824
1948955.083254,-123.2631088963006,-326.1060456773824
1948955.197536,-123.2631088963006,-326.1060456773824
1948961.930699,-123.2631088963006,-326.1060456773824
1948970.040783,-123.2631088963006,-326.1060456773824
1948975.644016,-123.2631088963006,-326.1060456773824
1948982.688071,-123.2631088963006,-326.1060456773824
1948990.017457,-123.2631088963006,-326.1060456773824
1948997.4069,-123.2631088963006,-326.1060456773824
1949003.887514,-123.2631088963006,-326.1060456773824
1949010.881591,-123.2631088963006,-326.1060456773824
1949017.884009,-121.95556122054268,-325.74929266185944
1949025.535591,-100.86245593533934,-317.93555129576634
1949034.135623,-98.5402001261938,-312.21430588410806
1949038.913228,-98.5401919119914,-312.2141875372501
1949046.001444,-98.5401919119914,-312.2141875372501
1949052.593253,-98.5401919119914,-312.2141875372501
1949060.916275,-98.5401919119914,-312.2141875372501
1949068.144774,-100.8192241708966,-311.41647808331305
1949073.552167,-108.3166897706407,-312.14124216222075
1949086.557846,-107.49209757484684,-311.8690585814236
1949088.025526,-106.01530057520893,-311.19886017922005
1949096.460507,-105.42272368641392,-312.25008862907845
1949101.645782,-102.65613445544106,-308.1719540316737
1949108.552688,-94.05362678302367,-309.2252696186895
1949115.996577,-93.40035662120152,-311.69597747136754
1949122.886515,-90.51816841848697,-316.763069089389
1949129.900229,-91.81259737182116,-317.8227882841038
1949136.887043,-93.77790941061087,-316.60685666361
1949143.881274,-89.57495099519348,-316.57073161887735
1949150.593834,-89.90191793838825,-313.14678686077934
1949157.58716,-94.39335542931629,-309.5405367365232
1949164.6543,-97.40433019302488,-308.76919969882783
1949171.886906,-94.46781287079077,-308.0963057771345
1949178.882808,-90.27534301310008,-309.3685218343244
1949185.620071,-91.3951100015136,-309.80229548907033
1949194.284879,-91.77155888432702,-308.2692047430044
1949201.608965,-90.25948336655604,-307.64958199407147
1949209.966662,-90.78338368383812,-308.98206534614894
1949213.592696,-94.48011159970258,-313.78218589867583
1949220.950803,-93.49817103370098,-315.3742552191208
1949227.548527,-95.2298207750076,-316.4772786849832
1949267.984353,-98.62487871560836,-314.7085178813636
1949267.990044,-101.12942837750612,-312.2783786632502
1949267.993558,-102.82930886841646,-311.0247797371445
1949271.782533,-104.13197285683049,-304.84563356104144
1949271.783149,-104.13197285683049,-304.84563356104144
1949273.558729,-104.13197285683049,-304.84563356104144
1949280.556626,-102.19525064665642,-301.45499744749355
1949287.869151,-101.04565725907848,-304.5019524616962
1949294.56107,-99.42028462340193,-306.5543757525862
1949301.853524,-96.74871397852004,-305.05134826736185
1949309.317468,-94.81167728032028,-302.6577704001427
1949315.606252,-91.21198278806148,-297.4165229413763
1949322.591562,-91.24426229028714,-297.42446510255587
1949329.720395,-91.24426229028714,-297.42446510255587
1949336.876175,-91.24426229028714,-297.42446510255587
1949348.538413,-91.24426229028714,-297.42446510255587
1949351.227484,-91.24426229028714,-297.42446510255587
1949357.55798,-91.24426229028714,-297.42446510255587
1949364.814058,-91.24426229028714,-297.42446510255587
1949373.181229,-91.24426229028714,-297.42446510255587
1949383.123499,-91.24426229028714,-297.42446510255587
1949386.001452,-91.24426229028714,-297.42446510255587
1949392.5569,-91.24426229028714,-297.42446510255587
1949399.573213,-100.76443216001697,-299.9097551245165
1949406.853817,-100.7715122689842,-299.9103698148806
1949414.236089,-100.7715122689842,-299.9103698148806
1949423.556608,-100.7715122689842,-299.9103698148806
1949428.141251,-100.7715122689842,-299.9103698148806
1949434.556122,-100.7715122689842,-299.9103698148806
1949441.557093,-100.7715122689842,-299.9103698148806
1949448.55635,-100.7715122689842,-299.9103698148806
1949455.862578,-100.7715122689842,-299.9103698148806
1949463.205366,-101.18750269507446,-298.14550670618854
1949470.2884,-101.18750237155878,-298.14550668392445
1949477.065394,-101.18750237155878,-298.14550668392445
1949487.266117,-101.18750237155878,-298.14550668392445
1949490.96671,-101.18750237155878,-298.14550668392445
1949497.948113,-101.18750237155878,-298.14550668392445
1949505.155281,-101.18750237155878,-298.14550668392445
1949511.576664,-101.18750237155878,-298.14550668392445
1949519.390969,-101.18750237155878,-298.14550668392445
1949525.557487,-101.18750237155878,-298.14550668392445
1949532.96537,-101.18750237155878,-298.14550668392445
1949539.945683,-101.18750237155878,-298.14550668392445
1949549.339825,-101.18750237155878,-298.14550668392445
1949553.964246,-101.18750237155878,-298.14550668392445
1949561.221628,-101.18750237155878,-298.14550668392445
1949567.559236,-101.18750237155878,-298.14550668392445
1949575.091202,-101.18750237155878,-298.14550668392445
1949583.905425,-101.18750237155878,-298.14550668392445
1949591.191146,-101.18750237155878,-298.14550668392445
1949596.191159,-101.18750237155878,-298.14550668392445
1949603.683912,-101.18750237155878,-298.14550668392445
1949609.969321,-101.18750237155878,-298.14550668392445
1949618.040924,-101.18750237155878,-298.14550668392445
1949623.577294,-101.18750237155878,-298.14550668392445
1949630.61691,-101.18750237155878,-298.14550668392445
1949638.113142,-101.18750237155878,-298.14550668392445
1949644.562739,-101.18750237155878,-298.14550668392445
1949651.529048,-101.18750237155878,-298.14550668392445
1949660.219698,-101.18750237155878,-298.14550668392445
1949665.571976,-101.18750237155878,-298.14550668392445
1949672.889494,-101.18750237155878,-298.14550668392445
1949688.091805,-101.18750237155878,-298.14550668392445
1949688.095425,-101.18750237155878,-298.14550668392445
1949693.880574,-101.18750237155878,-298.14550668392445
1949700.897334,-101.18750237155878,-298.14550668392445
1949708.189446,-101.18750237155878,-298.14550668392445
1949714.869557,-101.18750237155878,-298.14550668392445
1949730.011046,-101.18750237155878,-298.14550668392445
1949730.024276,-101.18750237155878,-298.14550668392445
1949736.081365,-101.18750237155878,-298.14550668392445
1949742.557613,-101.18750237155878,-298.14550668392445
1949749.891079,-101.18750237155878,-298.14550668392445
1949756.85231,-101.18750237155878,-298.14550668392445
1949763.647686,-101.18750237155878,-298.14550668392445
1949770.544459,-101.18750237155878,-298.14550668392445
1949779.146925,-101.18750237155878,-298.14550668392445
1949784.857985,-102.02605429224872,-296.74590349603125
1949795.154653,-102.83453199370337,-295.30714726184
1949798.858135,-108.80499702370724,-294.74580822785816
1949806.263166,-120.86804647784668,-287.04079501592975
1949812.561205,-151.9132138131883,-305.1147517739535
1949819.852135,-162.98922780893886,-323.56394504078287
1949830.710072,-162.98922985836262,-323.56399127946605
1949833.971063,-163.6327570055063,-326.37357453826945
1949840.575742,-167.36068923308005,-359.3173112329391
1949847.536948,-139.9748187248573,-378.9898114276109
1949854.571192,-102.23017842649884,-403.08940490901534
1949854.931519,-87.14280960332377,-413.669229665062
1949863.5541,-52.220958278844776,-435.6143614420773
1949870.244248,-28.131650638062148,-460.7482131173718
1949875.624383,-3.3031842434606253,-478.1724213267429
1949883.656864,10.643490848208453,-487.3564663178808
1949889.562683,10.643490848208453,-487.3564663178808
1949896.864786,10.643490848208453,-487.3564663178808
1949903.793134,10.643490848208453,-487.3564663178808
1949910.560689,10.643490848208453,-487.3564663178808
1949917.861232,10.643490848208453,-487.3564663178808
1949924.855998,10.643490848208453,-487.3564663178808
1949934.112219,27.98993095414478,-498.3405647803553
1949938.985436,33.62909163165985,-501.628467957202
1949945.857298,-28.993524598654968,-577.3147876972545
1949952.626214,-68.32940397712945,-610.9714420587923
1949959.854644,-104.62029370065068,-648.2838293161068
1949974.944368,-162.0766716636474,-708.7097800341098
1949974.947992,-200.9268031178768,-738.2848290396745
1949988.569436,-298.0952020768891,-846.2760744090731
1949988.570017,-298.0952020768891,-846.2760744090731
1949990.317002,-298.0952020768891,-846.2760744090731
1949997.997603,-300.4744110878685,-929.9384482225564
2047267.352404,59.91292007189514,-810.9683844785028
2047267.353146,59.91292007189514,-810.9683844785028
2047269.163999,59.91292007189514,-810.9683844785028
2047277.691786,17.481532723671137,-846.9547295405922
2047283.465252,17.481532723671137,-846.9547295405922
2047290.483032,17.481532723671137,-846.9547295405922
2047297.462636,17.481532723671137,-846.9547295405922
2047305.437244,17.481532723671137,-846.9547295405922
2047311.141601,17.481532723671137,-846.9547295405922
2047318.162973,-49.113654696339935,-905.143996604851
2126474.32153,-752.8538546398539,-834.7017382444068
2126474.322189,-752.8538546398539,-834.7017382444068
2126475.792619,-752.8538546398539,-834.7017382444068
2126482.803606,-761.606680477068,-803.5907019140516
2126490.466154,-779.091473593894,-730.4215400884119
2126497.26304,-782.4932809293741,-709.2339859060561
2126504.12118,-784.1531650812411,-705.9064283128982
2126510.856924,-784.1531650812411,-705.9064283128982
2126518.49779,-784.1531650812411,-705.9064283128982
2126525.118053,-791.17229428917,-690.5965187052383
2126536.394014,-799.5307667479467,-649.53361913968
2126539.067856,-812.592144103108,-622.5500418726396
2126545.816764,-818.0360930627312,-619.0417305115355
2126558.114244,-833.1675839789249,-617.3141424152055
2126559.852606,-789.0230550508344,-561.1010949573033
2126567.120758,-760.1306955413702,-544.757806132055
2126573.881813,-671.1807774055968,-504.8953034066976
2126581.121192,-650.8973830614794,-495.9534403243279
2126587.856746,-628.9806398854449,-486.49317517317854
2126598.672916,-557.9072221653239,-457.5931190569892
2126601.799537,-497.5280399695128,-439.6881176761601
2126608.826832,-439.5640965937445,-419.784860470714
2126616.614987,-385.8874654873803,-403.2162883774735
2126622.821806,-327.84150928563287,-385.1312081997216
2126630.562649,-292.44087068569183,-372.095616029068
2126636.812557,-261.35190102648045,-356.6706361322297
2126644.256873,-231.00429354410767,-346.5426141350329
2126653.443538,-231.00429354410767,-346.5426141350329
2126657.830063,-231.00429354410767,-346.5426141350329
2126665.84687,-231.00429354410767,-346.5426141350329
2126674.665766,-231.00429354410767,-346.5426141350329
2126678.844829,-227.48920456837268,-343.52170332369934
2126686.145728,-212.1660023176644,-336.0191500173829
2126692.818237,-193.03603548497895,-327.4487364421419
2126700.109962,-168.78484951401154,-326.07622432452536
2126707.443742,-165.93949787430748,-326.00589713841475
2126715.963798,-143.91668369046948,-322.677082475218
2126720.825558,-105.71629996076912,-302.102937915158
2126727.825463,-133.31843107294884,-250.5552766909183
2126735.432303,-166.54826724267303,-193.0780441163411
2126742.314781,-171.69092003192492,-118.19016869508329
2126749.19029,-138.93625980575035,-78.7633475027617
2126765.533679,-77.13359242182642,-36.58258894081453
2126765.537323,9.433772951087132,6.332638365975567
2126769.907845,7.216555412044586,27.73462139653108
2126778.642555,3.774260939815615,35.86809593960114
2132620.872998,-900.5073117785471,-358.85660410628293
2132627.822324,-885.5726678253004,-391.32015708937
2132635.443724,-881.1917140609177,-415.24503290734
2132642.687038,-875.2432181850357,-437.1786040086833
2132648.805831,-864.1502502891303,-457.3423654751497
2132656.092184,-858.4308592178311,-484.1500351076321
2132666.032617,-832.8492379482991,-547.8861125761125
2132669.830832,-801.643408324137,-563.1120224320375
2132677.498998,-794.7120327820443,-546.7351536615208
2132683.762429,-763.8603497689887,-529.1079494719824
2132692.408344,-720.4700908063498,-529.5081129326564
2132702.297932,-707.8347258213591,-523.4097531723969
2132704.767639,-707.8347258213591,-523.4097531723969
2132711.76551,-707.8347258213591,-523.4097531723969
2132721.255142,-699.9125333961109,-520.0111733116198
2132726.326724,-678.8320601283526,-512.9312813235015
2132732.809596,-663.4886764272615,-508.5086574359056
2132740.09731,-663.4886764272615,-508.5086574359056
2132747.068375,-643.0232980964546,-504.88184293249617
2132754.804736,-632.6451117518479,-496.9769908239483
2132761.098884,-587.593060124561,-476.31630975778177
2132771.146028,-545.9043609026321,-467.0463161221982
2132777.187771,-537.8531731722286,-465.0054619129938
2132781.791966,-537.8531731722286,-465.0054619129938
2132789.572507,-524.3222711963192,-460.4519393372712
2132795.797559,-469.0237553759445,-435.8157562158258
2132802.765786,-412.5517149013334,-417.06505279310414
2132809.94419,-392.4017916095238,-409.2611846190283
2132817.201486,-392.4017916095238,-409.2611846190283
2132823.797933,-392.4017916095238,-409.2611846190283
2132830.799559,-392.4017916095238,-409.2611846190283
2132837.794291,-392.4017916095238,-409.2611846190283
2132844.792794,-392.4017916095238,-409.2611846190283
2132851.799632,-382.99041023082384,-412.7183596563223
2132859.092557,-294.5415564253189,-376.665416242728
2132865.857412,-267.7389862292651,-369.4181330175979
2132873.396291,-236.68447725906077,-357.97630419003474
2132881.687066,-200.69139195728545,-342.2137457016956
2132887.923586,-200.69139195728545,-342.2137457016956
2132894.102685,-200.69139195728545,-342.2137457016956
2132900.829546,-200.69139195728545,-342.2137457016956
2132908.4468,-200.69139195728545,-342.2137457016956
2132914.796735,-187.96981119082415,-339.9593612792399
2132922.156104,-149.8469247089096,-363.7524393226186
2132928.856161,-105.8265594808532,-394.9265775215952
2132936.099767,-62.39542864614336,-429.2163999090563
2132944.226353,-27.92113310287198,-460.18757290179855
2132949.815556,-27.92113310287198,-460.18757290179855
2132956.980906,-27.92113310287198,-460.18757290179855
2132964.088929,19.89054099410446,-478.5568352084432
2132971.313778,47.08324423677493,-505.86947773074655
2132981.444252,85.39157211776792,-531.7601757122201
2132984.865499,136.46249331578625,-575.4037449398602
2132991.867292,159.25639071101492,-595.5162457300582
2132999.098314,171.75939172104918,-612.7969703460424
2133348.837067,90.70345179537858,-947.0474612024752
2133355.798552,79.25348301597386,-936.4263166705692
2133363.269725,65.93048558468438,-926.1092689195414
2133369.776917,56.83318997994576,-918.6317415013564
2133376.814889,31.39962165386311,-896.9303747098261
2133385.114141,2.417290002022829,-865.7881123454729
2133390.823738,2.417290002022829,-865.7881123454729
2133397.803786,-0.7536963940251437,-860.2701848739116
2133405.114452,-45.7464042515121,-804.0321052868776
2133413.17771,-86.64983669623182,-751.1515636055726
2133418.832552,-86.64983669623182,-751.1515636055726
2133426.108166,-86.64983669623182,-751.1515636055726
2133432.773538,-86.64983669623182,-751.1515636055726
2133440.468521,-345.54605876153545,-455.738730011938
2133446.854007,-320.9910128454566,-394.2441716703728
2133455.146981,-258.91074102256675,-369.8216934193962
2133461.104903,-195.5869055865681,-342.36401960980464
2133464.019188,-190.0598678187732,-341.17772738565355
2133467.817394,-190.0598678187732,-341.17772738565355
2133476.774411,-190.0598678187732,-341.17772738565355
2133482.327662,-190.0598678187732,-341.17772738565355
2133488.805697,-190.0598678187732,-341.17772738565355
2133496.106165,-190.0598678187732,-341.17772738565355
2133503.178757,-187.1287811096268,-341.84710649438847
2133510.104723,-144.79907901884204,-346.02746629164443
2133516.77954,-139.22850158643212,-342.56446904010124
2133524.665367,-131.0201511298949,-335.2878937295682
2133530.854096,-127.92611329609,-332.20498604647406
2133538.186785,-127.92611329609,-332.20498604647406
2133545.247713,-127.92611329609,-332.20498604647406
2133552.30055,-127.92611329609,-332.20498604647406
2133559.624568,-127.92611329609,-332.20498604647406
2133566.101053,-127.92611329609,-332.20498604647406
2133572.781351,-127.92611329609,-332.20498604647406
2133580.229148,-127.92611329609,-332.20498604647406
2133586.77855,-127.92611329609,-332.20498604647406
2133594.27922,-127.92611329609,-332.20498604647406
2133601.16093,-127.92611329609,-332.20498604647406
2133610.296421,-127.92611329609,-332.20498604647406
2133616.463324,-127.92611329609,-332.20498604647406
2133624.781187,-127.92611329609,-332.20498604647406
2133628.783393,-127.92611329609,-332.20498604647406
2133636.137302,-120.45737988813376,-325.7986778330799
2133642.888374,-120.45737988813376,-325.7986778330799
2133649.829969,-120.45737988813376,-325.7986778330799
2133658.285995,-120.45737988813376,-325.7986778330799
2133664.23621,-120.45737988813376,-325.7986778330799
2133671.722809,-120.45737988813376,-325.7986778330799
2133677.861301,-120.45737988813376,-325.7986778330799
2133684.812255,-120.45737988813376,-325.7986778330799
2133691.81342,-120.45737988813376,-325.7986778330799
2133698.805874,-120.45737988813376,-325.7986778330799
2133705.807911,-120.45737988813376,-325.7986778330799
2133712.816395,-120.45737988813376,-325.7986778330799
2133722.538212,-120.45737988813376,-325.7986778330799
2133726.835718,-101.5216232187449,-312.3072236429067
2133734.211375,-97.52763461562026,-310.2695995481649
2133741.144026,-97.52763461562026,-310.2695995481649
2133749.008833,-97.52763461562026,-310.2695995481649
2133754.882995,-96.57787531318569,-303.42003301164584
2133762.20659,-96.57787531318569,-303.42003301164584
2133771.327292,-96.57787531318569,-303.42003301164584
2133775.818762,-96.57787531318569,-303.42003301164584
2133782.818934,-96.57787531318569,-303.42003301164584
2133790.112638,-96.57787531318569,-303.42003301164584
2133797.115511,-96.57787531318569,-303.42003301164584
2133803.96778,-96.57787531318569,-303.42003301164584
2133812.236409,-96.57787531318569,-303.42003301164584
2133818.581694,-96.57787531318569,-303.42003301164584
2133826.062764,-102.54446641423316,-293.82379502871106
2133832.131483,-102.54446670458664,-293.823795118121
2133838.817685,-102.54446670458664,-293.823795118121
2133846.206333,-102.54446670458664,-293.823795118121
2133853.131674,-102.54446670458664,-293.823795118121
2133861.668776,-102.54446670458664,-293.823795118121
2133867.134269,-102.54446670458664,-293.823795118121
2133874.225238,-102.54446670458664,-293.823795118121
2133880.78701,-102.54446670458664,-293.823795118121
2133890.330192,-102.54446670458664,-293.823795118121
2133894.816011,-102.54446670458664,-293.823795118121
2133903.046822,-102.54446670458664,-293.823795118121
2133908.815571,-102.54446670458664,-293.823795118121
2133916.136564,-102.54446670458664,-293.823795118121
2133922.816761,-102.54446670458664,-293.823795118121
2133930.118486,-102.54446670458664,-293.823795118121
2133937.122621,-102.54446670458664,-293.823795118121
2133944.119003,-102.54446670458664,-293.823795118121
2133951.226969,-102.54446670458664,-293.823795118121
2133961.603751,-107.40768739922162,-288.9809266020247
2133965.47294,-107.40768860234613,-288.98092611256686
2133972.225783,-107.40768860234613,-288.98092611256686
2133982.208839,-107.40768860234613,-288.98092611256686
2133986.168422,-107.40768860234613,-288.98092611256686
2133992.908826,-107.40768860234613,-288.98092611256686
2133999.815521,-107.40768860234613,-288.98092611256686
2134006.82557,-107.40768860234613,-288.98092611256686
2134013.838992,-107.40768860234613,-288.98092611256686
2134020.816845,-107.40768860234613,-288.98092611256686
2134029.839167,-107.40768860234613,-288.98092611256686
2134034.786818,-107.40768860234613,-288.98092611256686
2134042.583881,-107.40768860234613,-288.98092611256686
2134048.894084,-107.40768860234613,-288.98092611256686
2134058.003675,-107.40768860234613,-288.98092611256686
2134059.896575,-107.40768860234613,-288.98092611256686
2134063.151715,-107.40768860234613,-288.98092611256686
2134069.82105,-120.36042075743111,-283.0784533780565
2134076.830729,-124.17021285619371,-282.96976051924366
2134083.790753,-124.17021285619371,-282.96976051924366
2134093.858838,-124.17021285619371,-282.96976051924366
2134097.816713,-124.17021285619371,-282.96976051924366
2134105.143058,-135.84273189188042,-286.00610993474913
2134112.628262,-176.64604286624163,-333.28127549386704
2134118.824778,-241.1423102124554,-378.4668952642008
2134135.523398,-296.142923200542,-392.25417793300267
2134135.526966,-338.7732402308995,-406.34627378551335
2134143.525519,-344.75157072121664,-409.4479884407247
2134151.23525,-344.75157072121664,-409.4479884407247
2134155.579439,-344.75157072121664,-409.4479884407247
2134163.819983,-344.75157072121664,-409.4479884407247
2134168.485078,-344.75157072121664,-409.4479884407247
2134175.395683,-344.75157072121664,-409.4479884407247
2134182.375086,-394.6071816324106,-407.9457348539247
2134188.796606,-432.4180969351679,-371.16362022186513
2134197.650896,-461.9562597111841,-333.8241052305051
2134203.506556,-494.67493551172834,-290.41033515624287
2134209.805756,-497.98247213897474,-286.3871846259951
2134227.360494,-497.98247213897474,-286.3871846259951
2134227.364273,-538.9758994408197,-241.8291060001765
2134230.870453,-538.9758994408197,-241.8291060001765
2134243.41162,-538.9758994408197,-241.8291060001765
2134244.8102,-609.8346783610435,-180.9779472786149
2134251.82849,-622.5008687213607,-174.08942147336035
2134259.928936,-629.9811487034667,-158.9029388357284
2134265.822249,-644.9435814899833,-125.58049857026646
2134275.441186,-647.2585295379009,-107.042021312269
2134280.125461,-655.238699146883,-85.71753185434235
2134286.837599,-664.6039251017255,-71.97785150819806
2134296.681723,-678.5414944034385,-64.87623928205753
2134302.404163,-699.2036253932382,-42.16068997591806
2134319.535996,-740.2755548872403,1.1302852967459671
2134319.539679,-757.4059126891578,14.938770944262671
2134323.012942,-779.4103510922698,38.45158075804478
2134323.013553,-779.4103510922698,38.45158075804478
2134325.11396,-779.4103510922698,38.45158075804478
2203230.194511,-725.1666546586413,-949.7781212120876
2203237.15978,-739.7427397392868,-918.5192819677492
2203258.045584,-747.1705728973501,-867.3677572676662
2203258.153122,-769.892693332221,-800.1444663295927
2203258.172076,-786.5336005452142,-745.6392841048577
2203265.159211,-802.7375258787107,-681.9306749624085
2203275.786771,-819.3421443066915,-614.9121114741223
2203279.312766,-824.141035223653,-581.7330734908115
2203286.881233,-786.2073438577661,-553.7220617499395
2203294.418414,-738.7803304314984,-528.0572868552736
2203300.193099,-686.3904356817956,-505.4990446321512
2203307.496756,-631.4990374984876,-484.9237160381972
2203314.195015,-569.03219949367,-464.1985857169391
2203321.194283,-526.787660162148,-452.2796217904223
2203328.18868,-468.9866333652802,-432.5767291002888
2203336.786703,-451.6359207344676,-425.90073862878
2203342.164293,-443.6720676352134,-422.1860491735886
2203349.499341,-431.5200003538801,-416.46632927788966
2203356.569273,-400.61339118122856,-415.568089299332
2203363.800116,-399.4953496251295,-398.775284731429
2203370.19884,-435.79481893414334,-351.7834056977483
2203377.55889,-466.9971077224145,-318.20387700819566
2203384.190009,-466.9971077224145,-318.20387700819566
2203391.497114,-466.9971077224145,-318.20387700819566
2203398.573987,-471.2587480391695,-306.3683778017943
2203405.676045,-497.69032809098775,-280.47320477947386
2203414.870246,-528.7467308112698,-243.3240317316924
2203419.382167,-565.9390712988952,-187.88846199734144
2203426.493114,-589.9388419493647,-176.08348478580103
2203433.678639,-617.0974041266355,-179.57615599024697
2203440.196654,-645.4405573633414,-132.31221309867414
2203447.489241,-663.7186551662824,-103.09541031383068
2203454.21598,-673.59418496329,-91.98999005491928
2203461.163927,-708.3750072373742,-50.36721990795263
2203469.354808,-719.2807997820815,-36.083690424234966
2203475.494572,-719.2807997820815,-36.083690424234966
2203482.222099,-719.2807997820815,-36.083690424234966
2203489.194778,-719.2807997820815,-36.083690424234966
2203496.604009,-719.2807997820815,-36.083690424234966
2203503.507756,-734.5090298098862,-23.039966951320583
2203510.166634,-757.1246670716364,5.962634815042087
2203518.621034,-779.0409444673436,24.152824488120977
2203545.502445,-818.4365695105103,32.46086089277977
2203552.512698,-804.8531523491232,-2.108347970548601
2203559.21973,-792.9180707996815,-26.382251642687343
2203566.493264,-768.5019352633882,-76.34031552242853
2203573.162632,-747.1994332971648,-115.3965495801862
2203580.200808,-750.71841513145,-130.5942471652055
2203587.190176,-828.8395666012166,-164.3522521935942
2203594.859924,-864.3976354099013,-181.77902913605055
2203601.522243,-883.5339285764937,-189.12859524339643
2203916.187936,-872.5659830264406,-459.4718875560156
2203923.343942,-855.8758288394839,-475.9077986262489
2203933.416953,-838.9592176842689,-532.4544882467338
2203939.278959,-819.7196820361612,-565.3796112267611
2203944.218895,-769.8236116592191,-548.6017767855891
2203977.905733,-637.9888243470776,-502.5232301141378
2203977.906374,-637.9888243470776,-502.5232301141378
2203979.759134,-637.9888243470776,-502.5232301141378
2203986.782157,-566.6000365145089,-476.8861319859283
2203994.48563,-513.3285708343496,-460.3800388393498
2204000.748424,-457.0778878106577,-444.67187833824937
2204012.368234,-374.9792397265008,-434.0795108845631
2204014.760724,-337.4448008925101,-471.47094008355725
2204021.756164,-302.3810265037229,-514.0542504671731
2204029.061642,-302.3810265037229,-514.0542504671731
2204036.602766,-302.3810265037229,-514.0542504671731
2204042.760268,-302.3810265037229,-514.0542504671731
2204051.316666,-302.3810265037229,-514.0542504671731
2204056.716932,-23.668243189814124,-830.7504936157857
2204063.746525,-0.2883370609891049,-854.8572012810093
2204071.576753,23.71851926912921,-851.3303002611409
2204077.72068,71.31072412644765,-812.8421904884806
2204084.758212,100.77044581562564,-784.405007304921
2204092.324009,118.7628346172366,-763.1668102138495
2204098.723952,136.55153014875023,-750.5259015745875
2204106.065131,164.2403300944936,-727.8535085977206
2214741.743286,-364.05733856832455,7.578404415902989
2214749.895207,-368.7557537668114,-18.42740386921342
2214755.776665,-368.0557011121798,-28.05961304957317
2214763.077874,-367.00542508871126,-53.692303173321065
2214770.964266,-367.56734975147583,-90.12943663488711
2214776.743517,-365.5482067400904,-129.13511355422753
2214784.736918,-360.65356566813006,-151.30031065523278
2214790.747784,-354.583548913964,-179.105112358775
2214797.752763,-352.5280678923233,-210.4589544343456
2214805.350749,-352.02726735833886,-212.98591421086732
2214818.565076,-352.02726735833886,-212.98591421086732
2214819.930399,-352.02726735833886,-212.98591421086732
2214825.752333,-352.02726735833886,-212.98591421086732
2214832.718128,-352.02726735833886,-212.98591421086732
2214840.039467,-348.2314231204784,-230.5045350172533
2214850.300347,-322.9556654986068,-252.2843073801737
2214854.10321,-276.8982009557808,-278.41658780305625
2214860.747137,-211.64225267721844,-326.79241516261163
2214868.059633,-209.3229746187949,-328.93202415352886
2214874.751716,-209.3229746187949,-328.93202415352886
2214882.804106,-209.3229746187949,-328.93202415352886
2214888.756014,-209.3229746187949,-328.93202415352886
2214896.045778,-209.3229746187949,-328.93202415352886
2214903.046437,-209.3229746187949,-328.93202415352886
2214910.041595,-209.3229746187949,-328.93202415352886
2214916.805577,-209.3229746187949,-328.93202415352886
2214923.756272,-209.3229746187949,-328.93202415352886
2214931.30978,-209.3229746187949,-328.93202415352886
2214937.76322,-200.33497643539343,-330.0407972293536
2214944.766104,-169.96547893000744,-336.0040146941489
2214946.154602,-169.96547893000744,-336.0040146941489
2214956.69685,-169.96547893000744,-336.0040146941489
2214958.758346,-169.96547893000744,-336.0040146941489
2214965.71974,-169.96547893000744,-336.0040146941489
2214974.352265,-169.96547893000744,-336.0040146941489
2214979.759231,-169.96547893000744,-336.0040146941489
2214987.045505,-169.96547893000744,-336.0040146941489
2214994.685642,-169.96547893000744,-336.0040146941489
2215000.76315,-169.96547893000744,-336.0040146941489
2215008.332091,-169.96547893000744,-336.0040146941489
2215019.523603,-169.96547893000744,-336.0040146941489
2215022.068173,-169.96547893000744,-336.0040146941489
2215028.745699,-169.96547893000744,-336.0040146941489
2215035.757198,-169.96547893000744,-336.0040146941489
2215043.045377,-169.96547893000744,-336.0040146941489
2215050.056844,-169.96547893000744,-336.0040146941489
2215056.757371,-169.96547893000744,-336.0040146941489
2215064.053286,-169.96547893000744,-336.0040146941489
2215070.777109,-169.96547893000744,-336.0040146941489
2215078.05321,-169.96547893000744,-336.0040146941489
2215085.32899,-169.96547893000744,-336.0040146941489
2215091.721586,-169.96547893000744,-336.0040146941489
2215098.766025,-169.96547893000744,-336.0040146941489
2215105.756504,-169.96547893000744,-336.0040146941489
2215113.041145,-169.96547893000744,-336.0040146941489
2215120.060148,-169.96547893000744,-336.0040146941489
2215127.962896,-169.96547893000744,-336.0040146941489
2215134.056254,-169.96547893000744,-336.0040146941489
2215141.050752,-169.96547893000744,-336.0040146941489
2215147.757101,-169.96547893000744,-336.0040146941489
2215155.14965,-169.96547893000744,-336.0040146941489
2215167.087848,-165.26888779924616,-337.49440204659845
2215170.122617,-165.26888779924616,-337.49440204659845
2215176.041556,-165.33619355195927,-334.5312526363172
2215183.126129,-165.33617069318336,-334.5312572025799
2215189.745831,-165.33617069318336,-334.5312572025799
2215199.27019,-165.33617069318336,-334.5312572025799
2215204.435356,-164.39406595507953,-334.1191750447909
2215211.06037,-163.76909800866406,-334.35055832028826
2215218.06545,-162.90271524377965,-335.04015105651905
2215224.721803,-162.422819407436,-335.4297875356537
2215232.058615,-162.42282016250238,-335.42978940195144
2215239.681099,-161.64109491223107,-336.7522779014907
2215246.059059,-161.64109491223107,-336.7522779234013
2215252.757345,-161.64109491223107,-336.7522779234013
2215260.05946,-161.64109491223107,-336.7522779234013
2215267.052467,-161.64109491223107,-336.7522779234013
2215275.961962,-161.64109491223107,-336.7522779234013
2215284.484857,-161.64109491223107,-336.7522779234013
2215285.094581,-161.64109491223107,-336.7522779234013
2215285.095167,-161.64109491223107,-336.7522779234013
2215286.806706,-161.64109491223107,-336.7522779234013
2215293.812128,-161.64109491223107,-336.7522779234013
2215301.126113,-161.64109491223107,-336.7522779234013
2215308.124091,-161.64109491223107,-336.7522779234013
2215314.906122,-161.64109491223107,-336.7522779234013
2215322.123692,-161.64109491223107,-336.7522779234013
2215329.111724,-161.64109491223107,-336.7522779234013
2215335.816453,-161.64109491223107,-336.7522779234013
2215343.118092,-161.64109491223107,-336.7522779234013
2215349.818241,-161.64109491223107,-336.7522779234013
2215357.126078,-161.64109491223107,-336.7522779234013
2215364.409687,-161.64109491223107,-336.7522779234013
2215371.088196,-161.64109491223107,-336.7522779234013
2215378.115378,-161.64109491223107,-336.7522779234013
2215386.889169,-161.64109491223107,-336.7522779234013
2215392.118285,-161.64109491223107,-336.7522779234013
2215398.832883,-161.64109491223107,-336.7522779234013
2215406.923934,-161.64109491223107,-336.7522779234013
2215412.81794,-161.64109491223107,-336.7522779234013
2215420.128212,-161.64109491223107,-336.7522779234013
2215427.115285,-161.64109491223107,-336.7522779234013
2215433.796293,-161.64109491223107,-336.7522779234013
2215442.231912,-161.64109491223107,-336.7522779234013
2215447.81664,-161.64109491223107,-336.7522779234013
2215455.118111,-161.64109491223107,-336.7522779234013
2215462.110281,-161.64109491223107,-336.7522779234013
2215469.256866,-161.64109491223107,-336.7522779234013
2215475.877795,-161.64109491223107,-336.7522779234013
2215485.549222,-161.64109491223107,-336.7522779234013
2215490.189446,-161.64109491223107,-336.7522779234013
2215497.117094,-156.1629542321467,-338.2889041144285
2215504.117663,-151.33637096817566,-340.7116848421912
2215511.113082,-151.33637096817566,-340.7116848421912
2215517.816828,-151.33637096817566,-340.7116848421912
2215524.80879,-151.33637096817566,-340.7116848421912
2215533.990492,-145.53487241945965,-339.16349648912404
2215538.833931,-134.4414952532819,-337.05026626007776
2215546.309783,-134.4414952532819,-337.05026626007776
2215553.666093,-134.4414952532819,-337.05026626007776
2215559.816002,-134.4414952532819,-337.05026626007776
2215567.507674,-134.4414952532819,-337.05026626007776
2215574.390872,-134.4414952532819,-337.05026626007776
2215581.24856,-134.4414952532819,-337.05026626007776
2215587.818829,-134.4414952532819,-337.05026626007776
2215595.058249,-134.4414952532819,-337.05026626007776
2215605.024593,-134.4414952532819,-337.05026626007776
2215608.923921,-134.4414952532819,-337.05026626007776
2215622.541581,-134.4414952532819,-337.05026626007776
2215623.154992,-134.4414952532819,-337.05026626007776
2215629.843382,-134.4414952532819,-337.05026626007776
2215636.80977,-134.4414952532819,-337.05026626007776
2215645.182008,-134.4414952532819,-337.05026626007776
2215651.222375,-134.4414952532819,-337.05026626007776
2215658.21677,-134.4414952532819,-337.05026626007776
2215665.230114,-134.4414952532819,-337.05026626007776
2215672.412748,-134.4414952532819,-337.05026626007776
2215681.170827,-134.4414952532819,-337.05026626007776
2215688.464715,-134.4414952532819,-337.05026626007776
2215693.20258,-134.4414952532819,-337.05026626007776
2215701.032942,-134.4414952532819,-337.05026626007776
2215707.756699,-134.4414952532819,-337.05026626007776
2215714.366258,-134.4414952532819,-337.05026626007776
2215720.818413,-134.4414952532819,-337.05026626007776
2215728.502488,-134.4414952532819,-337.05026626007776
2215734.826822,-134.4414952532819,-337.05026626007776
2215741.848697,-134.4414952532819,-337.05026626007776
2215753.858382,-134.4414952532819,-337.05026626007776
2215758.003492,-134.4414952532819,-337.05026626007776
2215762.849087,-134.4414952532819,-337.05026626007776
2215776.008549,-134.4414952532819,-337.05026626007776
2215776.793841,-134.4414952532819,-337.05026626007776
2215788.622647,-134.4414952532819,-337.05026626007776
2215791.323035,-134.4414952532819,-337.05026626007776
2215797.838096,-134.4414952532819,-337.05026626007776
2215804.790721,-134.4414952532819,-337.05026626007776
2215812.526716,-134.4414952532819,-337.05026626007776
2215819.343676,-134.4414952532819,-337.05026626007776
2215829.107109,-134.4414952532819,-337.05026626007776
2215832.826839,-133.85880813115304,-339.04161707354183
2215839.83187,-133.85880813115304,-339.04161707354183
2215846.823512,-133.85880813115304,-339.04161707354183
2215853.826893,-133.85880813115304,-339.04161707354183
2215869.021193,-133.85880813115304,-339.04161707354183
2215869.024861,-133.85880813115304,-339.04161707354183
2215874.8269,-133.85880813115304,-339.04161707354183
2215882.25868,-133.85880813115304,-339.04161707354183
2215889.057835,-133.85880813115304,-339.04161707354183
2215895.830592,-133.85880813115304,-339.04161707354183
2215902.82715,-133.85880813115304,-339.04161707354183
2215910.698409,-133.85880813115304,-339.04161707354183
2215918.423775,-133.85880813115304,-339.04161707354183
2215924.237604,-133.85880813115304,-339.04161707354183
2215932.331001,-133.85880813115304,-339.04161707354183
2215938.717824,-133.85880813115304,-339.04161707354183
2215944.853792,-133.85880813115304,-339.04161707354183
2215952.319258,-133.85880813115304,-339.04161707354183
2215959.203881,-133.85880813115304,-339.04161707354183
2215965.850066,-133.85880813115304,-339.04161707354183
2215973.642035,-133.85880813115304,-339.04161707354183
2215979.855115,-133.85880813115304,-339.04161707354183
2215987.232924,-133.85880813115304,-339.04161707354183
2215994.458296,-133.85880813115304,-339.04161707354183
2216002.557452,-133.85880813115304,-339.04161707354183
2216008.023931,-133.85880813115304,-339.04161707354183
2216015.302039,-133.85880813115304,-339.04161707354183
2216022.539717,-133.85880813115304,-339.04161707354183
2216028.841647,-133.85880813115304,-339.04161707354183
2216039.713571,-133.85880813115304,-339.04161707354183
2216043.29208,-133.85880813115304,-339.04161707354183
2216049.826873,-133.85880813115304,-339.04161707354183
2216056.791961,-133.0041190978977,-338.0411024298419
2216064.845008,-130.849502694126,-335.67263733610326
2216070.792396,-130.849502694126,-335.67263733610326
2216079.200973,-130.849502694126,-335.67263733610326
2216084.851196,-130.849502694126,-335.67263733610326
2216092.183522,-130.849502694126,-335.67263733610326
2216099.130226,-130.849502694126,-335.67263733610326
2216106.241648,-130.849502694126,-335.67263733610326
2216113.117862,-130.849502694126,-335.67263733610326
2216119.820905,-129.927110531151,-335.79366206850364
2216126.795459,-123.29490908687224,-335.62380507856795
2216135.138798,-123.29490885458948,-335.6238049453373
2216140.820523,-123.29490885458948,-335.6238049453373
2216147.793021,-119.09886434723258,-330.63771488242384
2216156.616069,-114.26121664308914,-327.35408186137795
2216161.822134,-98.59180892359755,-318.9211023856671
2216173.7506,-98.00399742110608,-318.18889415126296
2216180.56213,-97.909497981386,-309.9619757993556
2216183.168138,-98.51175465189353,-308.88466288899383
2216190.125191,-98.51175465189353,-308.88466288899383
2216197.126422,-98.51175465189353,-308.88466288899383
2216204.187294,-98.51175465189353,-308.88466288899383
2216210.846613,-98.51175465189353,-308.88466288899383
2216218.125948,-98.51175465189353,-308.88466288899383
2216225.123629,-98.51175465189353,-308.88466288899383
2216232.127073,-98.51175465189353,-308.88466288899383
2216238.826589,-98.51175465189353,-308.88466288899383
2216246.127652,-98.51175465189353,-308.88466288899383
2216253.143685,-98.51175465189353,-308.88466288899383
2216259.827941,-98.51175465189353,-308.88466288899383
2216267.137074,-100.07354131871728,-303.092059631146
2216273.816653,-102.4199105029491,-297.0098106188729
2216281.131207,-102.4199105029491,-297.0098106188729
2216287.836636,-102.4199105029491,-297.0098106188729
2216295.516319,-102.4199105029491,-297.0098106188729
2216301.850201,-102.4199105029491,-297.0098106188729
2216308.830363,-102.4199105029491,-297.0098106188729
2216316.125179,-102.4199105029491,-297.0098106188729
2216323.126444,-102.4199105029491,-297.0098106188729
2216329.808999,-102.4199105029491,-297.0098106188729
2216336.829753,-102.4199105029491,-297.0098106188729
2216347.63598,-102.4199105029491,-297.0098106188729
2216351.130484,-102.4199105029491,-297.0098106188729
2216358.122556,-102.4199105029491,-297.0098106188729
2216365.816647,-102.4199105029491,-297.0098106188729
2216371.82559,-102.4199105029491,-297.0098106188729
2216378.828274,-101.73764525323467,-291.2485176079506
2216386.130413,-102.19214115362844,-286.96677184534144
2216393.13196,-107.46963828414933,-279.0207278902369
2216400.124885,-107.46964000165634,-279.0207272336208
2216410.828504,-107.46964000165634,-279.0207272336208
2216414.139945,-107.46964000165634,-279.0207272336208
2216420.795255,-106.24805878704684,-281.8427315509191
2216428.125538,-99.53768544407605,-274.8626061823504
2216435.393498,-70.08202666033141,-252.600133838122
2216435.504556,-55.840163699811306,-241.9156439384156
2216445.427824,-39.35407667282415,-239.69454759014755
2216449.118273,-37.241128670180174,-245.0201681034549
2216455.825104,-34.91043562375104,-244.4507941520993
2216463.941215,-7.111134492729604,-230.41048798311644
2216469.824083,39.98955546332667,-209.0862395576561
2216477.726091,77.74272908970457,-188.45413599936376
2216485.937059,148.18208510485746,-145.3178004365766
2216490.901964,168.07289755656427,-139.02049281414
2217233.270803,144.15843425407573,-739.1407692095149
2217239.979744,62.76530021239839,-810.8001875570905
2217249.485575,14.475310684728283,-846.0881028678089
2217254.793858,-32.67897163416128,-831.8861568283094
2217263.196394,-85.38549710457843,-769.2419100695927
2217267.806544,-85.38549710457843,-769.2419100695927
2217275.370033,-85.38549710457843,-769.2419100695927
2217281.937763,-350.0338848949256,-462.91689898044825
2217292.656637,-367.15132075198215,-445.3889989767712
2217297.534225,-367.15132075198215,-445.3889989767712
2217302.839665,-367.15132075198215,-445.3889989767712
2217310.141918,-367.15132075198215,-445.3889989767712
2217317.134027,-367.15132075198215,-445.3889989767712
2217326.468931,-392.3480490094529,-429.99036087368097
2217331.133792,-409.28405199434127,-396.9180184220028
2217337.85503,-430.9618139113121,-372.3782076414427
2217345.283534,-446.49555971179313,-357.57257427279785
2217352.151534,-454.9849626490016,-348.0681979052443
2217361.510304,-454.9849626490016,-348.0681979052443
2217365.816926,-476.84151952026207,-324.3033817745697
2217373.135374,-487.24461022313017,-307.7653024384011
2217379.890154,-495.96685824264034,-296.7307627951761
2217387.144844,-507.6291756553273,-279.2142124831953
2217393.841701,-514.9378522234456,-267.6897643870953
2217400.854491,-522.4821089075313,-258.2251107706233
2217408.147799,-534.8485917867431,-241.76567294136808
2217419.013858,-546.026481093514,-226.9312094955353
2217421.811459,-554.560597561666,-214.304272716218
2217429.139157,-560.5751378335971,-207.6667908176572
2217436.140577,-578.4168339678205,-193.7945516691553
2217442.855841,-595.0250009054865,-183.4744887140797
2217452.371128,-616.8009249262567,-179.70393078590726
2217457.000545,-626.5551630324173,-167.55310767671634
2217464.237028,-637.7843698774585,-138.6869665870167
2217470.856014,-654.2017622945967,-103.47878135090863
2217477.836133,-667.9104976697123,-92.65291136674028
2217486.858668,-670.281866464957,-91.74615481558266
2217491.844724,-694.402685651024,-99.43514322887438
2217498.855792,-723.1341667205048,-117.49009733150082
2217507.526566,-750.3046343530602,-129.42477717202564
2217513.4085,-790.8367510897862,-145.87304376761662
2217520.97804,-831.0710973460592,-171.30921070626027
2217527.138596,-880.3544284907002,-191.6912786545592
2419063.835972,-11.587647238635268,26.223504576431537
2419071.12669,-10.324851851874314,20.11602231868024
2419078.164755,-10.324851851874314,20.11602231868024
2419084.838323,-9.160311897690296,7.733471318621034
2419092.140781,-9.965636338522724,-21.549055957843223
2419098.816748,-83.12419569730564,-68.55348093905616
2419105.844829,-151.1067303225249,-97.8187263818563
2419113.146745,-194.36289504863623,-140.68127738810568
2419119.806867,-151.8432548791268,-251.8283600634943
2419128.345515,-134.02013514887986,-295.7372696200735
2419133.805816,-173.42073238728932,-345.04587279655254
2419140.874343,-253.70936376575304,-380.996067147722
2419148.132252,-308.3185986528841,-399.8849611525699
2419154.853869,-364.8800483907739,-418.0060064968497
2419161.845502,-447.0241270354235,-441.4777103718541
2419170.424952,-495.2893948375514,-459.03950944838977
2419175.892709,-551.3096397683811,-478.2051792889538
2419182.837161,-639.719615809674,-503.9219302160436
2419189.834521,-688.5718593372313,-522.1294584675134
2419197.325145,-731.9262745578924,-533.9815182414477
2419203.844417,-765.2216089036197,-494.1809395021433
2419211.137636,-796.9425855883075,-503.7350881253832
2419217.833907,-828.0139377071511,-517.0187780577343
2419225.448883,-845.4759501540134,-537.9461576925237
2419234.894844,-825.4610169780295,-616.3717899740225
2419238.844656,-809.8752607901807,-674.3549215873664
2419245.833081,-780.548104168579,-753.3788144069417
2419255.214239,-769.7603991548633,-785.3894915196033
2419259.803536,-765.3696367847004,-806.4935574757399
2419270.193026,-745.8544378402204,-875.1150813825293
2419274.164994,-727.0144750866142,-931.8584798811642
2424392.606274,-377.0485385579061,-11.171189191139035
2424407.277628,-303.1904014123773,-13.464679800016135
2424407.38089,-245.6707921183852,5.233000545295268
2424413.409199,-194.6326200307905,21.955246867857365
2424420.95831,-169.09130862205018,33.20688625701288
2424427.367411,-169.09130862205018,33.20688625701288
2424434.763672,-169.09130862205018,33.20688625701288
2424441.405209,-169.09130862205018,33.20688625701288
2424448.743881,-169.09130862205018,33.20688625701288
2424455.654515,-169.09130862205018,33.20688625701288
2424462.486359,-114.07594620137245,43.61288254686463
2430682.005859,129.43441220249056,-39.257997585418046
2430689.305679,88.09676842442809,-59.81986078627138
2430695.963404,80.42485179897253,-63.01733072721727
2430703.913301,80.42485179897253,-63.01733072721727
2430710.29155,53.92751677237943,-74.56388582172596
2430716.949625,19.483625576480264,-107.85693578022006
2430723.984778,-25.37081775065964,-164.37675505387247
2430731.146193,-64.08073303129905,-207.2678302569631
2430738.000178,-106.90027664220464,-246.73052701194524
2430745.300837,-170.40262180757932,-320.94482444255283
2430752.277348,-213.45201510004392,-350.78434259832795
2430759.004941,-277.9207338945799,-366.1026420080761
2430766.192018,-350.98825021118904,-389.2203068271367
2430772.996847,-390.55702440133626,-405.460964324772
2430780.007381,-436.7939817010264,-423.6317588111756
2430786.9546,-509.3522539845401,-445.84183965390616
2430794.292821,-553.2939640823932,-463.28145448439307
2430801.284884,-603.9973301376916,-485.3961087943078
2430808.348787,-678.950066244913,-513.8291601279551
2430815.422818,-714.8644909384966,-529.8049045401341
2430821.989541,-736.1606170631185,-525.9303819905928
2430829.318258,-755.3820833325868,-483.7570594464012
2430836.292522,-800.864936590613,-501.17687737111726
2430842.971277,-841.0701125209993,-516.7539177344684
2430854.517716,-836.6734822114666,-585.1737310000206
2430856.952618,-812.3184353625936,-658.9281567127259
2430872.389302,-789.9586512796102,-736.9778119593569
2430872.398064,-778.9215843586722,-777.160866717575
2430877.994156,-753.9408818967742,-844.3606750215018
2430887.706368,-753.9408818967742,-844.3606750215018
