time,x,y
0.0,0.0,0.0
14.639946,71.00250248897862,133.76028120415015
29.88136,187.8783872136192,228.642484767922
44.840213,214.46977454836,251.87922741108443
59.671274,269.65489721057213,293.66214871039256
74.641869,274.21048807611896,294.6859094434234
118.382381,336.0768992956083,379.34528229393874
635.414224,413.9680507038043,138.53269283846626
650.456618,322.3064668563498,54.25013413616254
665.428044,245.02594477225983,68.39900511360902
680.430695,206.84100331027437,111.89966315747004
695.426027,206.84100331027437,111.89966315747004
710.418498,-80.01078030307887,439.311085148837
725.508778,-152.03889143715642,451.8803549899359
740.423909,-247.40483238403945,410.1111130360985
755.461692,-351.6121394821072,371.909251994644
770.421385,-440.8645765426413,350.0484876398936
786.743919,-469.3720838493864,389.38954273182674
800.494923,-546.9362927455717,361.4262452902717
815.419517,-529.8146564083145,259.58644504242176
830.428538,-494.0736886262507,146.6886678949045
845.432063,-461.8279930928207,39.301473406238216
860.438198,-426.2203687892202,-66.1459410267705
1495.64488,-587.2736761751795,418.38622947071497
1510.637929,-587.2736761751795,418.38622947071497
1525.776656,-580.0028554915039,424.84978936140993
1540.638116,-566.4804112003824,388.3007863377951
1555.644562,-524.7872818051876,317.4228110148609
1572.05372,-441.8807076802695,347.4037718235424
1585.636724,-328.2978218564857,392.22226642246807
1601.973248,-190.4903686183851,440.2872081191019
1615.670136,-145.24818063742342,458.46728908455566
1631.976761,-113.24216212342373,467.5594897135674
1647.014029,-135.73369513248278,510.55752858369993
1662.463973,-226.14823795328425,611.1504394433994
1673.690626,-298.2930389522028,688.8143072252005
1675.637774,-303.6796726430732,692.1607771872054
1690.636787,-303.6796726430732,692.1607771872054
1705.878934,-303.6796726430732,692.1607771872054
1720.71815,-303.6796726430732,692.1607771872054
1737.0165,-303.6796726430732,692.1607771872054
1750.636854,-303.6796726430732,692.1607771872054
1767.340371,-303.6796726430732,692.1607771872054
1780.639958,-303.6796726430732,692.1607771872054
1795.883778,-303.6796726430732,692.1607771872054
1810.639974,-303.6796726430732,692.1607771872054
1825.880523,-303.6796726430732,692.1607771872054
1842.020301,-303.6796726430732,692.1607771872054
1855.635274,-303.6796726430732,692.1607771872054
1870.781649,-303.6796726430732,692.1607771872054
1885.916562,-303.6796726430732,692.1607771872054
1900.641804,-303.6796726430732,692.1607771872054
1916.969997,-303.6796726430732,692.1607771872054
1930.637762,-303.6796726430732,692.1607771872054
1945.639024,-303.6796726430732,692.1607771872054
1960.643371,-303.6796726430732,692.1607771872054
1976.978066,-306.29828605908807,693.9683700950537
1990.697757,-306.29828605908807,693.9683700950537
2005.64249,-306.29828605908807,693.9683700950537
2021.973167,-306.29828605908807,693.9683700950537
2035.639069,-306.29828605908807,693.9683700950537
2050.643886,-306.29828605908807,693.9683700950537
2066.973939,-306.29828605908807,693.9683700950537
2080.684158,-306.29828605908807,693.9683700950537
2097.017742,-306.29828605908807,693.9683700950537
2111.008667,-306.29828605908807,693.9683700950537
2125.645747,-309.86059284774444,694.3455241566082
2142.014665,-309.86059284774444,694.3455241566082
2155.759003,-309.86059284774444,694.3455241566082
2170.660724,-309.86059284774444,694.3455241566082
2187.057152,-309.86059284774444,694.3455241566082
2200.64505,-313.290019382915,688.555375670925
2217.049426,-314.47736173767805,681.352456815645
2230.914068,-314.47438031563547,681.3534299799062
2246.977011,-314.47438031563547,681.3534299799062
2260.643926,-314.47438031563547,681.3534299799062
2276.541392,-314.47438031563547,681.3534299799062
2290.690391,-314.47438031563547,681.3534299799062
2307.343373,-314.47438031563547,681.3534299799062
2321.418681,-314.47438031563547,681.3534299799062
2335.926221,-314.47438031563547,681.3534299799062
2350.605172,-314.47438031563547,681.3534299799062
2366.437421,-314.47438031563547,681.3534299799062
2380.612836,-314.2927571945058,680.7020942447161
2395.621451,-314.2927571945058,680.7020942447161
2411.225359,-314.2927571945058,680.7020942447161
2425.631359,-314.2927571945058,680.7020942447161
2440.599338,-314.2927571945058,680.7020942447161
2456.146629,-314.2927571945058,680.7020942447161
2471.385945,-314.2927571945058,680.7020942447161
2485.923763,-314.2927571945058,680.7020942447161
2502.040326,-314.2927571945058,680.7020942447161
2515.623104,-314.2927571945058,680.7020942447161
2531.504911,-314.2927571945058,680.7020942447161
2545.62582,-314.2927571945058,680.7020942447161
2560.630803,-314.2927571945058,680.7020942447161
2576.009374,-314.2927571945058,680.7020942447161
2591.150235,-314.2927571945058,680.7020942447161
2605.593903,-314.2927571945058,680.7020942447161
2620.994334,-314.2927571945058,680.7020942447161
2635.596606,-314.2927571945058,680.7020942447161
2651.832752,-314.2927571945058,680.7020942447161
2665.608206,-314.2927571945058,680.7020942447161
2680.63194,-314.2927571945058,680.7020942447161
2696.403673,-314.2927571945058,680.7020942447161
2711.31188,-314.2927571945058,680.7020942447161
2726.430111,-314.2927571945058,680.7020942447161
2741.401296,-314.2927571945058,680.7020942447161
2756.065247,-314.2927571945058,680.7020942447161
2772.666267,-314.2927571945058,680.7020942447161
2786.284635,-314.2927571945058,680.7020942447161
2801.300682,-314.2927571945058,680.7020942447161
2816.488641,-314.2927571945058,680.7020942447161
2831.440713,-314.2927571945058,680.7020942447161
2846.004395,-314.2927571945058,680.7020942447161
2860.604342,-314.2927571945058,680.7020942447161
2875.940918,-314.2927571945058,680.7020942447161
2890.608675,-314.2927571945058,680.7020942447161
2905.592439,-314.2927571945058,680.7020942447161
2921.472506,-314.2927571945058,680.7020942447161
2936.055187,-314.2927571945058,680.7020942447161
2950.617586,-314.2927571945058,680.7020942447161
2965.614225,-314.2927571945058,680.7020942447161
2981.822292,-314.2927571945058,680.7020942447161
2995.612375,-314.2927571945058,680.7020942447161
3010.633638,-314.2927571945058,680.7020942447161
3025.911971,-314.2927571945058,680.7020942447161
3040.869621,-314.2927571945058,680.7020942447161
3055.58803,-314.2927571945058,680.7020942447161
3072.521669,-314.2927571945058,680.7020942447161
3085.620938,-314.2927571945058,680.7020942447161
3100.607015,-314.2927571945058,680.7020942447161
3115.575606,-314.2927571945058,680.7020942447161
3130.616001,-314.2927571945058,680.7020942447161
3145.919361,-314.2927571945058,680.7020942447161
3160.93758,-314.11178003923163,663.9005585808219
3173.887052,-291.6251132535421,601.4891486622736
3175.590258,-291.6251132535421,601.4891486622736
3190.925164,-249.2665833637033,558.4828001736878
3205.983524,-160.5784773983554,579.6176222751056
3221.770356,-96.59661099947076,592.0755236790345
3236.079476,-75.1674038397458,629.7705800796625
3250.624048,-64.73259602157613,659.097487220044
3265.602506,-33.49650658540551,642.1547331694986
3282.046791,14.66851232696075,601.9031554217408
3296.045686,65.32341143246842,559.9951668160687
3310.936379,80.19600000905174,551.1896468337458
3325.643324,82.80116969598825,555.487566425506
3340.912539,79.80983031227814,556.8420751789562
3355.933142,88.14112016060052,549.0124332080528
3370.687284,172.0880527947479,555.4613918133581
3386.692989,252.93459505682813,579.1896276391345
3400.639211,360.8127860892656,626.4833899540484
6416.012618,286.70216955300344,910.6374768367922
6430.941246,282.84119027374555,875.2480565060179
6448.219748,153.20737563022823,797.5414634216932
6460.666655,119.17233755647112,667.4720853355601
6478.556822,91.600607980287,543.9065584574336
6490.937721,-77.04432491702372,468.51474117813046
6505.933902,-244.2406153456845,410.26102625506354
6520.64334,-427.1566638683414,349.5158819372683
6535.678767,-487.9640473607538,388.36646451259145
6552.436229,-550.8531773239595,324.5438512381749
6565.620078,-494.1880477577577,303.1562941957134
6580.947533,-461.3183349816128,322.2636279221469
6595.650749,-461.3183349816128,322.2636279221469
6610.620757,-412.9805471100916,359.61190675335547
6626.995852,-283.76085729350126,400.1748320404191
6643.028411,-150.1835678850016,443.8570087121879
6655.612563,-85.73013734924443,453.5757324388831
6670.644531,-164.11395333026033,540.4534696837251
6685.632062,-184.6543203287635,561.8853966901399
6700.684441,-234.0032212044892,626.2192845183879
6716.272873,-323.6932161332429,696.382456985802
6730.677051,-363.9914149505287,774.650178616643
6745.626761,-413.9056839191388,830.3611072365129
6760.649401,-480.88288921754304,899.1516611809913
12642.35768,-411.7448954525823,-64.30880485355219
12657.03943,-462.46569918613807,70.57542722028303
12672.344855,-488.3257831876182,154.00109497995513
12687.343682,-488.3257831876182,154.00109497995513
12702.356793,-504.9095471390616,227.34012479140537
12719.361163,-529.5563932176278,317.7453596230842
12732.055178,-462.9947118829418,348.68783545766604
12748.410413,-352.5303462576812,384.0215568922416
12763.92411,-203.60815137678236,427.7294280548852
12777.075144,-116.5077234321411,461.155168518855
12792.332667,-116.5077234321411,461.155168518855
12807.346163,-116.5077234321411,461.155168518855
12825.283056,-106.21435599307512,459.2401880381186
12837.434167,-173.58963095672922,558.9293533507316
12852.344301,-196.3375678091141,578.204655064321
12868.725004,-275.00879360343805,658.7360849073191
12882.020489,-312.4071191890148,640.9767397255407
12897.096049,-288.91123329199854,556.7586085204966
12912.366203,-293.61751679065844,481.6973423471114
12929.67502,-359.9654487340528,435.9538835789364
12942.352786,-455.9700589012554,401.47725503674513
12957.05658,-535.5631181001456,365.2504905339712
12972.078648,-537.6423995635352,272.9965358802852
12987.011,-502.08106698410313,177.09676095438678
13002.365983,-466.67188793449264,77.18562126561078
13017.025145,-447.6508145382813,-16.964325955872077
13363.713437,-419.9445589452392,-66.97132328648713
13377.344967,-462.8968965010888,70.91189169761476
13393.294346,-486.447289293802,156.63353963896992
13407.348935,-486.447289293802,156.63353963896992
13422.042489,-526.3257194000565,273.71172872315407
13433.312998,-526.3257194000565,273.71172872315407
13438.06304,-453.2670108254223,349.16206566457464
13452.069862,-357.6988892511554,387.6205769418705
13467.356062,-240.50378340858225,418.1136205957076
13482.354082,-215.1606803535214,431.7505207610104
13497.059807,-107.8576587144492,461.76267410050417
13512.096459,-107.8576587144492,461.76267410050417
13527.021018,-107.8576587144492,461.76267410050417
13542.488736,42.20448025678732,517.5512839053632
13558.335882,99.85861621844283,535.5805875100664
13572.024307,99.85861621844283,535.5805875100664
13587.74034,99.85861621844283,535.5805875100664
13602.476803,107.557611633663,542.5984340405106
13618.664418,182.8644509515065,588.2792521716175
13632.018626,175.04113460407467,609.6448019305243
13647.016634,171.66847103082114,614.0227624403223
13662.589833,104.6502906309732,743.3804813703257
13677.396942,261.2491446941767,852.3051776607472
13681.926821,-526.3257194000565,273.71172872315407
13812.047804,314.126172337022,828.3253477149547
13827.130197,404.0475880536201,773.3059156726181
13902.876252,348.62549403935583,384.261390997751
13917.018391,339.93829803251754,377.8001893322276
13932.018298,339.93829803251754,377.8001893322276
13947.02782,339.93829803251754,377.8001893322276
13962.017608,315.5366688314146,338.77894026919915
13981.269493,55.76566030078276,106.86764120447135
14756.538851,-526.3257194000565,273.71172872315407
14993.749909,-583.9398471531953,681.9026263447035
15008.724135,-477.0469201280525,749.348224135846
15023.717606,-393.723760680499,780.3155461296201
15038.731857,-446.0821991278558,858.3452740573271
22009.794455,-108.55694246624878,707.2118169989859
22009.795215,-108.55694246624878,707.2118169989859
22018.256323,-134.21087542188832,733.1777407561972
22033.281451,-238.12533762682207,816.0985263725427
22048.199702,-309.55971461834497,906.521696834188
22093.531534,-385.7182678979625,896.3623549012151
22108.545237,-417.5091455428948,884.4091448009419
22123.527691,-417.5091455428948,884.4091448009419
22138.200696,-417.5091455428948,884.4091448009419
22153.561946,-417.5091455428948,884.4091448009419
22169.474069,-424.4338862106432,883.8170508257164
22183.669286,-424.4338862106432,883.8170508257164
22198.528735,-424.4338862106432,883.8170508257164
22213.530032,-424.4338862106432,883.8170508257164
22228.529987,-424.4338862106432,883.8170508257164
22243.531512,-424.4338862106432,883.8170508257164
22258.189364,-424.4338862106432,883.8170508257164
22274.981036,-424.4338862106432,883.8170508257164
22288.974992,-424.4338862106432,883.8170508257164
22303.531385,-424.4338862106432,883.8170508257164
22318.240108,-424.4338862106432,883.8170508257164
22333.252237,-424.4338862106432,883.8170508257164
22349.346085,-424.4338862106432,883.8170508257164
22363.525964,-424.4338862106432,883.8170508257164
22378.206877,-424.4338862106432,883.8170508257164
22395.0001,-429.08630307791134,880.426619099101
22408.212818,-429.08630307791134,880.426619099101
22423.196698,-429.08630307791134,880.426619099101
22447.434468,-429.08630307791134,880.426619099101
22453.240185,-429.08630307791134,880.426619099101
22468.196939,-429.08630307791134,880.426619099101
22483.232929,-429.08630307791134,880.426619099101
22499.524255,-429.08630307791134,880.426619099101
22513.234406,-429.08630307791134,880.426619099101
22528.240822,-429.08630307791134,880.426619099101
22543.21271,-429.08630307791134,880.426619099101
22558.224782,-429.08630307791134,880.426619099101
22575.234229,-429.08630307791134,880.426619099101
22590.191477,-429.08630307791134,880.426619099101
22604.145968,-429.08630307791134,880.426619099101
22619.66846,-429.08630307791134,880.426619099101
22634.06894,-429.08630307791134,880.426619099101
22648.530075,-429.08630307791134,880.426619099101
22663.531411,-435.4944559656536,881.6378401175837
22678.872273,-435.49751424582047,881.6383043859927
22693.244424,-435.49751424582047,881.6383043859927
22709.088938,-435.49751424582047,881.6383043859927
22723.203947,-435.49751424582047,881.6383043859927
22743.098264,-435.49751424582047,881.6383043859927
22753.542013,-435.49751424582047,881.6383043859927
22768.272108,-435.49751424582047,881.6383043859927
22783.234353,-435.49751424582047,881.6383043859927
22798.678688,-435.49751424582047,881.6383043859927
22813.529708,-435.49751424582047,881.6383043859927
22829.257357,-435.49751424582047,881.6383043859927
22843.975394,-435.49751424582047,881.6383043859927
22858.556079,-435.49751424582047,881.6383043859927
22873.230167,-435.49751424582047,881.6383043859927
22888.531379,-435.49751424582047,881.6383043859927
22903.244734,-435.49751424582047,881.6383043859927
22918.524901,-435.49751424582047,881.6383043859927
22933.54063,-435.49751424582047,881.6383043859927
22948.539563,-435.49751424582047,881.6383043859927
22963.24084,-435.49751424582047,881.6383043859927
22978.240485,-435.49751424582047,881.6383043859927
22993.239552,-435.49751424582047,881.6383043859927
23008.239471,-435.49751424582047,881.6383043859927
23023.873215,-435.49751424582047,881.6383043859927
23038.229039,-435.49751424582047,881.6383043859927
23053.227617,-435.49751424582047,881.6383043859927
23068.280257,-435.49751424582047,881.6383043859927
23083.23465,-435.49751424582047,881.6383043859927
23098.223047,-435.49751424582047,881.6383043859927
23113.240324,-435.49751424582047,881.6383043859927
23131.271355,-435.49751424582047,881.6383043859927
23143.242952,-435.49751424582047,881.6383043859927
23158.242425,-435.49751424582047,881.6383043859927
23174.226839,-435.49751424582047,881.6383043859927
23191.93824,-435.49751424582047,881.6383043859927
23210.753453,-435.49751424582047,881.6383043859927
23218.205129,-435.49751424582047,881.6383043859927
23234.564444,-435.49751424582047,881.6383043859927
23249.921319,-435.49751424582047,881.6383043859927
23263.540964,-435.49751424582047,881.6383043859927
23282.27312,-435.49751424582047,881.6383043859927
23293.292107,-435.49751424582047,881.6383043859927
23308.242579,-435.49751424582047,881.6383043859927
23323.210374,-435.49751424582047,881.6383043859927
23338.208144,-435.49751424582047,881.6383043859927
23354.058709,-441.61683001239,882.2168395978767
23368.538291,-441.61683001239,882.2168395978767
23383.233174,-441.61683001239,882.2168395978767
23398.244706,-441.61683001239,882.2168395978767
23413.208038,-441.61683001239,882.2168395978767
23428.221154,-441.61683001239,882.2168395978767
23443.241115,-441.61683001239,882.2168395978767
23458.540672,-441.61683001239,882.2168395978767
23474.37689,-441.61683001239,882.2168395978767
23490.4986,-441.61683001239,882.2168395978767
23503.24049,-441.61683001239,882.2168395978767
23518.204911,-452.8645678013179,856.5663393861324
23533.241082,-452.8646648820456,856.5665609629011
23548.655351,-452.1915221492261,858.0216614987605
23563.532752,-450.2782725750221,864.3570716795958
23578.817323,-450.2782730313904,864.3570716011404
23594.698563,-450.2782730313904,864.3570716011404
23608.215635,-450.2782730313904,864.3570716011404
23626.983589,-450.2782730313904,864.3570716011404
23638.262351,-450.2782730313904,864.3570716011404
23653.281032,-450.2782730313904,864.3570716011404
23669.617143,-450.2782730313904,864.3570716011404
23684.072957,-450.2782730313904,864.3570716011404
23700.684898,-450.2782730313904,864.3570716011404
23714.027614,-450.2782730313904,864.3570716011404
23728.234405,-450.2782730313904,864.3570716011404
23743.204962,-450.2782730313904,864.3570716011404
23758.240221,-450.2782730313904,864.3570716011404
23773.216704,-450.2782730313904,864.3570716011404
23788.250387,-450.2782730313904,864.3570716011404
23803.558038,-450.2782730313904,864.3570716011404
23819.978334,-450.2782730313904,864.3570716011404
23835.379664,-450.2782730313904,864.3570716011404
23848.21064,-450.2782730313904,864.3570716011404
23863.240332,-450.2782730313904,864.3570716011404
23878.842338,-450.2782730313904,864.3570716011404
23893.252293,-450.2782730313904,864.3570716011404
23908.544124,-450.2782730313904,864.3570716011404
23923.686501,-450.2782730313904,864.3570716011404
23938.233741,-450.2782730313904,864.3570716011404
23953.975066,-450.2782730313904,864.3570716011404
23968.246242,-450.2782730313904,864.3570716011404
23982.201387,-450.2782730313904,864.3570716011404
23983.884101,-450.2782730313904,864.3570716011404
23999.355508,-479.599346553382,866.2223371918905
24013.592832,-505.74373847916166,863.7233694069791
24028.212204,-475.1331734082673,803.9551764757152
24045.502136,-478.2042158866432,739.8746122287669
24058.262088,-604.8470959055957,678.5322151106496
24347.900797,-450.2782730313904,864.3570716011404
24480.682965,-523.9924240265303,716.6000218775805
24494.683345,-446.2241339305442,740.2651588575296
24508.26754,-409.6472563333716,666.6453922810799
24523.228217,-373.7368266371073,605.6252621100216
24539.986315,-305.74732310501446,618.0487798091899
24553.224773,-259.73240794471786,568.0342339973846
24568.215558,-254.2659165529888,568.3208462538721
24583.244888,-254.2659165529888,568.3208462538721
24598.668956,-247.4340248367509,572.25365208971
24613.250635,-201.4733530669073,585.8019757838977
24628.250792,-201.4733530669073,585.8019757838977
24643.832522,-162.37140605964763,591.3216182435362
24658.239699,-86.17344040730613,616.5910817732192
24673.217432,-55.28646070814766,660.2811397432876
24688.218794,76.69517934040448,562.2864002062519
24703.55558,89.66901826735797,551.3392262493174
24718.559922,89.66901826735797,551.3392262493174
24735.862087,101.0719987938232,544.6185123296989
24748.250667,130.01228243731035,526.4148589908494
24763.270108,130.01228243731035,526.4148589908494
24778.89843,130.01228243731035,526.4148589908494
24793.686688,130.01228243731035,526.4148589908494
24809.783658,130.01228243731035,526.4148589908494
24823.233001,130.01228243731035,526.4148589908494
24838.219794,130.01228243731035,526.4148589908494
24853.24887,130.01228243731035,526.4148589908494
24868.253057,118.87327502501644,539.0225125910974
24883.213483,118.87327502501644,539.0225125910974
24898.249242,118.87327502501644,539.0225125910974
24913.24131,118.87327502501644,539.0225125910974
24928.823368,132.53732871523331,595.2792813514441
24943.221673,132.53732871523331,595.2792813514441
24958.220766,132.53732871523331,595.2792813514441
24973.628093,132.53732871523331,595.2792813514441
24988.281227,131.0342546018343,585.1178807090115
25003.214832,130.6040979816978,583.2879891356267
25018.546162,127.47885705920535,559.0622890390301
25033.546125,128.27680770539035,554.418570417513
25048.2752,128.27680687564302,554.4185687954138
25063.551524,158.78402019013748,561.6592321440091
25078.259359,121.65114479352384,568.219985989194
25093.5668,-39.84387958283452,478.5406112664711
25108.212816,-167.2868011287918,531.1325997614771
25120.606612,-450.2782730313904,864.3570716011404
25123.283034,-240.26088562176344,631.3573736878416
25140.581048,-315.42422368187295,698.7394627868492
25153.270404,-374.3548315122239,792.4169057874464
25169.23832,-479.5185130666781,749.9487517630665
25378.708811,-579.9040045014865,419.08723129758215
25404.758995,-543.5835001825064,332.65885988179707
25408.258681,-449.7972960787295,360.2688168422023
25423.556865,-511.6855862029896,370.13855309522
25438.259247,-510.2410412522157,353.9200225544282
25453.555428,-510.2410412522157,353.9200225544282
25468.264214,-510.2410412522157,353.9200225544282
25483.953158,-457.4277927605371,351.0037797457265
25498.591472,-309.45605472474824,397.79377400542086
25513.690823,-131.23763493894725,452.94044013390834
25528.231982,-13.35562502038188,368.87660244177886
25543.236584,-13.35562502038188,368.87660244177886
25558.235077,273.80750619919763,50.580736940790814
25575.773529,277.2759035066913,38.93795274956306
25588.218225,341.1375466826924,48.82387140375072
25603.247945,404.5945235879064,105.1937770539836
25618.586536,445.9269305383099,63.469760770772254
25995.895452,-481.70390995540265,101.26015377933066
26008.291326,-513.3510884172922,205.4038204406038
26023.237447,-540.5364544412181,301.3789670485579
26038.570295,-442.30062836785976,370.82616807957646
26053.564786,-552.7736862374621,354.6128392272436
26068.566474,-515.6634412267018,217.59473861434745
26083.561648,-484.62577975032514,130.06394094160004
26098.293783,-458.0781094182994,36.32007209420964
26113.819619,-441.9824845358524,0.9276025996081332
26128.499971,-458.3741347552556,42.864090787742505
26143.268797,-487.8892547214553,145.04836794372312
26158.243951,-490.0786109678505,149.24500501799997
26173.224715,-512.1728652222887,180.5812985595446
26188.576615,-525.6160411541385,321.06402402398135
26203.263662,-441.716798165553,377.9682178300313
26218.27118,-517.8333632827631,365.9945137253337
26233.271572,-514.7542841880469,358.5123172405521
26248.561913,-514.7542841880469,358.5123172405521
26263.24965,-514.7542841880469,358.5123172405521
26278.253654,-514.7542841880469,358.5123172405521
26293.225854,-514.7542841880469,358.5123172405521
26308.258053,-514.7542841880469,358.5123172405521
26323.759379,-514.7542841880469,358.5123172405521
26338.26046,-514.7542841880469,358.5123172405521
26355.068779,-514.7542841880469,358.5123172405521
26368.257989,-514.7542841880469,358.5123172405521
26383.259882,-514.7542841880469,358.5123172405521
26398.25981,-514.7542841880469,358.5123172405521
26413.229474,-514.7542841880469,358.5123172405521
26428.269453,-514.7542841880469,358.5123172405521
26443.263967,-514.7542841880469,358.5123172405521
26458.224129,-514.7542841880469,358.5123172405521
26473.258095,-514.7542841880469,358.5123172405521
26488.562739,-514.7542841880469,358.5123172405521
26503.225825,-511.25476775948607,349.71596420457143
26518.227634,-510.4471116941847,348.0675524434767
26533.243797,-493.5401838847731,323.7584536874585
26548.23171,-493.7512476579284,324.6832206531898
26563.272127,-492.5370651276978,328.5552831363851
26578.272897,-490.2631720283097,332.51886577755243
26593.266985,-490.1878676218452,331.8756010018868
26608.571084,-492.3548516388571,330.2485237307863
26624.647248,-492.3557477623906,330.2468032805527
26638.231359,-492.3557477623906,330.2468032805527
26653.235325,-492.3557477623906,330.2468032805527
26668.259413,-492.3557477623906,330.2468032805527
26683.230419,-492.3557477623906,330.2468032805527
26698.5629,-492.24332050367815,330.0144694895232
26713.561362,-492.24332050367815,330.0144694895232
26728.26013,-492.24332050367815,330.0144694895232
26743.269438,-492.24332050367815,330.0144694895232
26758.245817,-492.24332050367815,330.0144694895232
26773.227874,-492.24332050367815,330.0144694895232
26788.269857,-492.24332050367815,330.0144694895232
26803.812387,-492.24332050367815,330.0144694895232
26818.249608,-492.24332050367815,330.0144694895232
26834.360833,-492.24332050367815,330.0144694895232
26848.231875,-492.24332050367815,330.0144694895232
26863.229523,-492.24332050367815,330.0144694895232
26878.263927,-491.9647896257849,337.8008443290158
26893.569261,-493.91396915124864,338.4460474728043
26908.566679,-493.91396915124864,338.4460474728043
26923.227152,-493.91396915124864,338.4460474728043
26938.227864,-493.91396915124864,338.4460474728043
26953.261753,-493.91396915124864,338.4460474728043
26968.556148,-493.91396915124864,338.4460474728043
26983.235283,-493.91396915124864,338.4460474728043
26998.234003,-493.91396915124864,338.4460474728043
27013.240056,-494.648242185705,334.489168406798
27028.846139,-494.648242185705,334.489168406798
27043.331247,-494.648242185705,334.489168406798
27058.269974,-494.648242185705,334.489168406798
27073.561007,-497.770427747121,335.9150748913684
27088.269232,-497.770427747121,335.9150748913684
27103.258408,-497.770427747121,335.9150748913684
27118.557169,-497.770427747121,335.9150748913684
27133.26976,-497.770427747121,335.9150748913684
27148.231693,-497.770427747121,335.9150748913684
27163.259573,-497.770427747121,335.9150748913684
27178.235571,-497.770427747121,335.9150748913684
27193.251869,-497.770427747121,335.9150748913684
27208.859333,-497.770427747121,335.9150748913684
27223.582142,-497.770427747121,335.9150748913684
27238.569293,-497.770427747121,335.9150748913684
27253.268432,-497.770427747121,335.9150748913684
27268.269759,-497.770427747121,335.9150748913684
27283.269417,-497.770427747121,335.9150748913684
27298.765277,-497.770427747121,335.9150748913684
27314.820624,-497.770427747121,335.9150748913684
27330.000546,-497.770427747121,335.9150748913684
27344.458963,-497.770427747121,335.9150748913684
27358.269144,-497.770427747121,335.9150748913684
27373.268848,-497.770427747121,335.9150748913684
27388.236783,-497.770427747121,335.9150748913684
27403.235465,-463.984706192471,339.4822511482499
27418.568658,-477.2485360582338,392.2811857814378
27433.574194,-559.410568380482,364.604599897263
27448.714205,-575.9105750674946,413.5699027619881
91051.222845,394.2416864138065,106.92592598740411
91065.832067,310.83215124990727,40.727813018177486
91081.116537,208.9743337001915,108.11889284680991
91096.12136,183.55534194432173,137.0547104987401
91111.297925,183.55534194432173,137.0547104987401
91126.133264,-62.04747239164509,416.1122612475722
91140.79588,-136.6962172748,466.89827314124943
91156.25697,-142.19299430919264,454.9000955660373
91170.8014,-207.23058299846917,410.967279483212
91187.482607,-243.25248897941344,420.062971838946
91202.726188,-311.5080878822075,412.5015982343905
91219.047531,-394.6322812965955,369.9528980812317
92031.951175,-509.3230141332288,373.4668629747207
92031.951891,-509.3230141332288,373.4668629747207
92037.300172,-509.3230141332288,373.4668629747207
92052.267582,-509.3230141332288,373.4668629747207
92067.305273,-511.2346345198144,338.3128585886736
92082.272904,-466.28227757632766,348.7634517178868
92098.895397,-457.6556221195315,396.6072562187042
92112.268519,-531.9025580182852,378.2891631093962
92134.807876,-573.9087442015965,387.6387051136065
92145.086825,-583.8844269074549,406.362441615577
92157.26524,-591.5053607218432,424.0286814250429
94291.414718,-516.8177085206427,-65.59726804173035
94307.827429,-472.7348303224469,-39.2014031141764
94321.408196,-483.8047867035368,42.18668998826989
94336.100265,-548.2527835487299,66.70641565014348
94351.101292,-599.6640318124049,63.08664134190201
94367.432893,-609.5642499803129,78.70580428316354
94381.115835,-581.2949043259324,117.55430589125716
94396.100832,-590.6953441150159,171.39299066858368
94411.067959,-594.6428344303094,188.6635891778341
94426.107383,-581.4675361878607,206.20813264120585
94441.085396,-527.0144555299081,222.91777049383907
94456.121809,-535.3750794759578,257.07242550800487
94471.431,-539.0694340231672,274.8745493388263
94486.115768,-497.0616202157568,330.8155088182013
94501.209272,-452.1384370941758,357.8646199241618
94508.701454,-451.2860811896049,376.56291461643485
94516.115161,-449.7960576871668,381.2259594364601
94532.721368,-450.98675167173167,385.2273362660179
94546.112035,-470.3605333392621,393.8135165654279
94561.110397,-479.92467989576113,396.60470247700727
94576.081007,-482.3570151101552,400.6932310553385
94591.06103,-481.8779248134463,397.6340389925661
94606.068919,-481.3073606512232,396.1801869860473
94621.106665,-481.7847345215488,392.7624991229212
94637.517807,-481.3114632360849,391.4245356998561
94651.108813,-479.40762966489393,386.4827057178505
94666.416122,-475.87939234556615,381.8999942238015
94682.656294,-474.8511751318641,386.4256108718234
94696.109707,-473.7422723719029,383.1207943325346
94711.400939,-474.10227622152473,379.0504823177768
94726.09071,-472.81064521821975,379.3267471353263
94741.130197,-472.586573396287,381.51041728035335
94756.393997,-472.46466273662094,382.6059787176228
94771.306086,-473.7906640926801,384.2001556342809
94788.276453,-473.5287150365563,383.9076291648622
94801.510427,-468.8729332375899,381.1464103021013
94816.078633,-468.7821324731271,382.8498028060648
94831.070808,-471.5147469521141,384.4560696426405
94846.742099,-471.725610946043,384.2634545048261
94861.075992,-473.4823666087911,383.1776900043956
94876.406714,-474.1927544346629,383.3071337498988
94891.113794,-476.38231875032216,382.6286614921396
94906.079056,-483.58260054180016,377.8987091160731
94921.261647,-485.2517997659402,373.9415454607689
94936.144926,-487.6064212717648,377.626570344911
94951.105037,-487.15208407679165,375.5247035084012
94966.41611,-486.8836489993324,377.6370497520222
94981.399919,-487.1881292073013,380.0036210150416
94996.404981,-489.37507719717627,383.5290680565417
95011.113675,-489.37507719717627,383.5290680565417
95027.428011,-489.6141216772805,385.2219441730575
95041.114862,-490.0114085592791,384.4448913974377
95057.254015,-492.0986950979435,390.0130986372371
95071.434032,-492.0986950979435,390.0130986372371
95086.400358,-493.6146707848218,390.6485611748682
95101.075172,-494.65011748135095,390.9497422294791
95116.422339,-495.4860897168178,390.3014568012901
95131.559835,-495.4860897168178,390.3014568012901
95146.680334,-495.3666589355109,389.9278232393014
95161.109863,-497.1688357425709,389.7135214320102
95176.066421,-500.0260794823521,388.6469267002752
95191.112877,-504.6158726100499,384.6730371494686
95207.500681,-504.6158726100499,384.6730371494686
95221.071625,-496.14525122825495,370.2498411989316
95238.927362,-496.4515599384789,367.6566683955335
95251.11115,-501.0359721588863,368.0850450514269
95266.402708,-502.3764974556072,368.4935084429774
95281.429457,-509.4621018867774,370.1887058219364
95296.414739,-513.353625611297,368.8886598840506
95311.431073,-514.2456742818084,365.1957489274034
95326.413035,-514.036917161755,364.97795299067445
95343.757694,-513.211207197153,363.9746462840017
95356.07807,-512.8180153652432,363.0837554320608
95371.072316,-508.4747020541417,360.59869356280586
95386.083915,-508.4747020541417,360.59869356280586
95401.486797,-509.6791178660256,361.0992475397008
95416.606339,-515.6237062725048,359.0355486823665
95431.089325,-517.0558537153429,361.57494384239857
95446.398764,-517.5100394015825,361.1978429142864
95461.135211,-519.0791185655953,358.1786221211304
95476.732778,-519.4493121596934,356.5188831998633
95491.818265,-519.404539594941,354.02480826917304
95506.118557,-523.1857248028615,354.1823639300211
95521.111426,-526.3877465555354,355.330739715768
95536.42059,-526.3352671120939,355.30964934985514
95551.07619,-526.5332852540301,356.9559156090624
95566.415235,-526.5332852540301,356.9559156090624
95581.112419,-526.4277061920013,356.54729762578984
95596.101457,-524.6335675947238,357.2883707711715
95611.125487,-523.5366458889787,356.69942530421696
95626.074095,-521.9844993289518,358.09262394030986
95641.396211,-522.1482170387591,358.70653282169565
95656.109389,-524.7492216287491,350.62544755378144
96059.533002,67.39925674160898,531.4243448343691
96059.53373,67.39925674160898,531.4243448343691
96067.390419,60.644522562162805,549.5806502273175
96068.180742,60.644522562162805,549.5806502273175
96082.878406,135.03996301535037,571.3815919836235
96097.889851,184.3592287641313,590.2820268346535
96112.343332,182.4176701470854,595.2460327321058
96129.0056,118.6621174818964,687.6213728416137
96144.62264,162.64545293395992,806.8413545759072
96157.787094,233.830462487656,822.2117239514503
96172.690295,262.7290641646385,836.2351456689277
96187.382792,295.7659011110204,860.988846164178
98605.306761,285.46474715702544,908.2183497527536
98620.344257,285.9275529486052,905.5320459656264
98635.810193,285.9275529486052,905.5320459656264
98650.338643,287.15021793366253,883.9416554560894
98666.593602,217.88009291383528,822.6897385161077
98680.345555,92.13932170706494,734.3119489307599
98695.336661,156.1063719772799,588.6705576920382
98710.331524,120.1283944560688,547.955562888851
98725.646559,182.7291737520881,563.3425845606113
98740.339902,182.7291737520881,563.3425845606113
98767.654266,182.7291737520881,563.3425845606113
98770.407134,182.7291737520881,563.3425845606113
98770.407721,182.7291737520881,563.3425845606113
98772.026131,182.7291737520881,563.3425845606113
98786.994401,192.0557880321506,572.0940533836819
98802.130628,192.0557880321506,572.0940533836819
98817.120547,192.0557880321506,572.0940533836819
98833.093773,120.12724412517682,564.1838100550544
98848.046057,14.930154399284843,499.47372510827904
98862.642969,-93.8020130285367,461.6168482534701
98876.690387,-179.29516187499,432.32132208458455
98891.656439,-179.29516187499,432.32132208458455
98907.006958,-238.1187954431263,419.52440670966007
98922.579577,-336.40101717445924,380.1208188183216
98937.324007,-398.98195083785305,361.7484653273087
98951.69545,-425.9933482069589,349.4502575348524
98967.021413,-456.2627284590763,365.46705526802
98982.007804,-456.3846227462363,380.016063143123
98996.656314,-456.3846227462363,380.016063143123
99011.709719,-456.3846227462363,380.016063143123
99026.749391,-456.3846227462363,380.016063143123
99041.647377,-456.3846227462363,380.016063143123
99056.68915,-456.3846227462363,380.016063143123
99073.567459,-456.3846227462363,380.016063143123
99088.22746,-456.3846227462363,380.016063143123
99102.891133,-456.3846227462363,380.016063143123
99116.758015,-456.3846227462363,380.016063143123
99132.695593,-456.3846227462363,380.016063143123
99146.731111,-456.3846227462363,380.016063143123
99161.700784,-456.3846227462363,380.016063143123
99176.660622,-456.3846227462363,380.016063143123
99191.997888,-456.3846227462363,380.016063143123
99206.759998,-456.3846227462363,380.016063143123
99221.678836,-456.3846227462363,380.016063143123
99240.057128,-473.5481660805327,385.2415890126724
99260.475182,-476.8502336329072,383.074134433729
99260.552989,-476.85025178947006,383.0741518714792
99262.341993,-476.85025178947006,383.0741518714792
99262.342569,-476.85025178947006,383.0741518714792
99264.260459,-476.85025178947006,383.0741518714792
99279.175588,-492.03679678869617,379.9939106553221
99294.602651,-491.36574781863465,379.645528300561
99309.110325,-490.70603958789576,380.4370753200113
99324.315822,-488.1116615160744,377.7322397926068
99339.121997,-488.099564602354,377.6196784991463
99354.771439,-491.394886565354,379.33352765380624
99369.100551,-499.3927839453674,384.6855984015505
99384.108718,-500.1131318129478,386.35884443105095
99399.067544,-506.63028544521694,393.3234286854199
99414.062874,-510.45529304814073,374.6100156198068
99430.031837,-510.45526392959727,374.6099460228911
99444.080084,-510.45526392959727,374.6099460228911
99459.404028,-510.45526392959727,374.6099460228911
99474.107027,-509.5253983946427,372.0905453348232
99489.109927,-509.5253983946427,372.0905453348232
99504.064772,-509.814372900695,370.9168373475114
99519.075411,-509.814373224398,370.9168364809774
99534.083794,-509.814373224398,370.9168364809774
99549.067198,-509.814373224398,370.9168364809774
99564.133452,-509.814373224398,370.9168364809774
99583.465424,-509.814373224398,370.9168364809774
99594.065852,-509.814373224398,370.9168364809774
99609.114935,-509.814373224398,370.9168364809774
99626.371433,-509.814373224398,370.9168364809774
99639.107007,-509.814373224398,370.9168364809774
99654.071307,-509.8113708409559,366.9937557676869
99669.0754,-509.8113708409559,366.9937557676869
99684.104481,-516.0128717635829,343.52606770070247
99699.070876,-515.9765225783805,342.8912172803347
99714.077172,-516.5401072577836,342.1470669961965
99729.093867,-517.9018888073286,342.1076654251477
99744.08417,-516.8104119716652,343.304726261767
99759.070132,-516.8104119716652,343.304726261767
99774.072996,-516.8104119716652,343.304726261767
99789.418785,-510.2348860804062,335.08868567043527
99804.079248,-509.7848352840341,335.1162088465813
99819.074665,-509.7848352840341,335.1162088465813
99834.059877,-504.3223524610557,339.48120470130505
99851.554454,-503.8909154191989,340.27465028003303
99864.456867,-503.8909154191989,340.27465028003303
99879.079602,-503.8909154191989,340.27465028003303
99894.103922,-503.8909154191989,340.27465028003303
99909.931869,-503.8909154191989,340.27465028003303
99924.077838,-503.2661580590552,340.75707651596326
99939.10285,-502.7556735291795,339.7416019102205
99954.101457,-502.75567352092486,339.7416018996186
99971.029711,-502.75567352092486,339.7416018996186
99984.456705,-501.1782422424035,340.7347025752579
100001.132062,-496.14610844992177,334.50398593922114
100014.0693,-418.8575314513187,364.4396202905623
100019.960463,-350.9540822380815,389.7088789707224
100030.328274,-233.7665192008132,425.4511011557948
100044.416965,-113.14796351590849,464.52836978993525
100059.720216,-113.14796351590849,464.52836978993525
100074.133082,-70.84634640599309,465.4206150895168
100089.100874,77.04989414397318,533.7624460348702
100107.679212,97.87911790651448,541.4999736407458
100119.12949,103.49022034895688,546.2448865227144
100134.426078,173.780979330056,605.022702157164
100149.416765,108.61799289777043,749.9058429633244
100164.422684,210.29105670458247,822.5131096940406
100179.743579,273.17716035178927,849.6478156353103
100194.084788,273.17716035178927,849.6478156353103
101964.083907,373.4520356563612,84.3522168126221
101979.093831,273.09953465392056,42.8480526217251
101994.091104,205.5652708786828,129.09502326887684
102009.084091,-54.54601995455641,414.671260469784
102024.140262,-63.85423394387374,434.9967979312151
102039.090954,-63.85423394387374,434.9967979312151
102054.088017,-63.85423394387374,434.9967979312151
102069.084676,-170.3829498988451,450.9810243894111
102084.088415,-302.22555747492,408.41559878638
102099.424226,-452.5532908038357,353.1669875908114
102114.085514,-496.5624368510125,376.8429534929713
102129.09281,-518.978713561485,376.6347008153417
102144.408187,-518.978713561485,376.6347008153417
102159.160215,-518.978713561485,376.6347008153417
102174.088599,-518.978713561485,376.6347008153417
102189.082212,-518.978713561485,376.6347008153417
102204.101267,-519.0639347098297,369.260289162631
102219.088769,-519.0639347098297,369.260289162631
102234.08831,-519.0639347098297,369.260289162631
102249.081338,-519.0639347098297,369.260289162631
102264.089668,-519.0639347098297,369.260289162631
102279.095399,-511.9421979837304,345.40432881338893
102294.119994,-511.9421979837304,345.40432881338893
102309.091014,-511.9421979837304,345.40432881338893
102324.140474,-511.9421979837304,345.40432881338893
102339.129669,-511.9421979837304,345.40432881338893
102354.090674,-511.9421979837304,345.40432881338893
102369.125516,-511.9421979837304,345.40432881338893
102384.131891,-511.9421979837304,345.40432881338893
102399.126767,-511.9421979837304,345.40432881338893
102414.474256,-508.5206830123445,337.6227406901656
102429.094428,-507.210610790911,334.3613022969741
102444.104423,-507.210610790911,334.3613022969741
102459.076629,-502.2462694841639,331.2556303481731
102474.087474,-450.024111604024,378.9527597058008
102489.103113,-542.1065139222977,370.5503325012757
102504.220716,-539.7752815749477,303.84258377000435
102519.090676,-508.8973099673657,197.92435885814933
102534.088049,-487.22196588573104,126.82643772121862
102549.097652,-468.46794725209503,56.197893575915295
102564.08899,-444.6477456289745,-17.914256474285015
105055.026065,420.6269590191304,132.92456205329614
105069.54602,420.6269590191304,132.92456205329614
105084.528798,346.7985134611763,80.14534085643784
105099.568974,246.8679424790172,69.94626632553648
105114.624618,195.6038157524008,134.7572659223263
105129.514265,-51.2381198379673,408.8425997727754
105144.864427,-82.13826384125629,438.4879005483123
105159.529327,-173.99742388639237,435.4580580853945
105174.561333,-274.9982235105138,402.5134282035019
105190.88949,-274.9982235105138,402.5134282035019
105191.853281,-340.72839415801155,369.66356838679496
105205.060252,-456.2372256141164,381.8669395919677
105220.09107,-503.4499280596113,382.63228341974985
105234.875555,-537.0984188308535,362.6176776424226
105249.52061,-575.0085403985488,404.7457859929813
105265.348704,-575.0085403985488,404.7457859929813
105279.870565,-575.0085403985488,404.7457859929813
105507.647438,-274.9982235105138,402.5134282035019
105934.246807,-547.9402224615991,621.295559874482
105934.247473,-547.9402224615991,621.295559874482
105935.831643,-500.8455426546494,493.0880957422969
105945.096806,-274.9982235105138,402.5134282035019
105962.53662,-557.1946235187023,436.4515726741377
105965.810247,-529.8665950326739,296.44358032796214
105982.499663,-491.61146073948447,156.42369353894935
105996.116642,-459.2883360512647,46.75064112985777
106010.83936,-430.7887141504678,-52.50280173682927
106610.786316,461.7220043979973,168.73479366782345
106625.81952,303.966070157144,39.04974561380373
106642.948377,200.8821745926162,125.15551062166216
106656.781184,200.8821745926162,125.15551062166216
106671.4943,-92.37567642239122,474.0014424188816
106686.411679,-191.9034233512428,593.2181352644745
106700.896896,-261.02710144404875,668.7434778763635
106716.49966,-280.09039728027966,687.1098115720113
106730.295148,-303.6055487482228,688.8652007467484
106731.339549,-303.6055487482228,688.8652007467484
106745.819093,-303.6055487482228,688.8652007467484
106760.78673,-303.6055487482228,688.8652007467484
106776.113383,-303.6055487482228,688.8652007467484
106791.107746,-303.6055487482228,688.8652007467484
106805.804249,-303.6055487482228,688.8652007467484
106821.187967,-303.6055487482228,688.8652007467484
106835.831456,-303.6055487482228,688.8652007467484
106850.8347,-303.6055487482228,688.8652007467484
106865.804978,-303.6055487482228,688.8652007467484
106880.820787,-303.6055487482228,688.8652007467484
106895.82878,-303.6055487482228,688.8652007467484
106910.812837,-303.6055487482228,688.8652007467484
106925.783313,-303.6055487482228,688.8652007467484
106941.109929,-303.6055487482228,688.8652007467484
106955.816987,-303.6055487482228,688.8652007467484
106970.779468,-303.6055487482228,688.8652007467484
106985.786885,-303.6055487482228,688.8652007467484
107000.820116,-304.52947182805536,688.4433963027776
107016.988209,-304.52947182805536,688.4433963027776
107030.781018,-304.52947182805536,688.4433963027776
107045.819986,-304.52947182805536,688.4433963027776
107061.662558,-304.52947182805536,688.4433963027776
107078.324038,-304.52947182805536,688.4433963027776
107091.935009,-304.52947182805536,688.4433963027776
107105.787056,-304.52947182805536,688.4433963027776
107121.833775,-304.52947182805536,688.4433963027776
107135.788136,-305.84624661329445,688.0434949261606
107151.12293,-305.84624661329445,688.0434949261606
107165.796049,-305.84624661329445,688.0434949261606
107181.267887,-305.84624661329445,688.0434949261606
107195.828928,-305.84624661329445,688.0434949261606
107210.822935,-305.84624661329445,688.0434949261606
107225.784048,-305.84624661329445,688.0434949261606
107241.442234,-305.84624661329445,688.0434949261606
107255.808069,-305.84624661329445,688.0434949261606
107270.811398,-305.84624661329445,688.0434949261606
107285.814859,-305.84624661329445,688.0434949261606
107300.821818,-305.84624661329445,688.0434949261606
107317.531184,-305.84624661329445,688.0434949261606
107330.843328,-305.84624661329445,688.0434949261606
107345.819795,-305.84624661329445,688.0434949261606
107360.834536,-305.84624661329445,688.0434949261606
107375.824934,-305.84624661329445,688.0434949261606
107390.790876,-305.84624661329445,688.0434949261606
107405.810832,-305.84624661329445,688.0434949261606
107420.787769,-305.84624661329445,688.0434949261606
107436.430291,-305.84624661329445,688.0434949261606
107451.118292,-305.84624661329445,688.0434949261606
107465.813926,-305.84624661329445,688.0434949261606
107480.84006,-305.84624661329445,688.0434949261606
107495.816756,-305.84624661329445,688.0434949261606
107510.826303,-305.84624661329445,688.0434949261606
107525.833282,-305.84624661329445,688.0434949261606
107540.793173,-305.84624661329445,688.0434949261606
107555.808726,-305.84624661329445,688.0434949261606
107570.790897,-305.84624661329445,688.0434949261606
107586.988434,-305.84624661329445,688.0434949261606
107600.791302,-305.84624661329445,688.0434949261606
107616.122416,-305.84624661329445,688.0434949261606
107630.793846,-305.84624661329445,688.0434949261606
107647.67739,-305.84624661329445,688.0434949261606
107661.271913,-305.84624661329445,688.0434949261606
107675.81467,-305.84624661329445,688.0434949261606
107690.819046,-305.84624661329445,688.0434949261606
107705.827397,-305.84624661329445,688.0434949261606
107720.841486,-305.84624661329445,688.0434949261606
107736.12458,-305.84624661329445,688.0434949261606
107751.619662,-305.84624661329445,688.0434949261606
107766.133053,-305.84624661329445,688.0434949261606
107780.780485,-305.84624661329445,688.0434949261606
107795.788403,-305.84624661329445,688.0434949261606
107811.108894,-305.84624661329445,688.0434949261606
107825.84908,-305.84624661329445,688.0434949261606
107828.205445,-305.84624661329445,688.0434949261606
107840.81543,-305.84624661329445,688.0434949261606
107855.802445,-295.3586480879071,648.9451591259813
107871.29814,-284.4338751633408,535.1110696451806
107885.789571,-300.61187658907755,454.57651031449353
107900.831318,-310.89012697921004,447.6279845342408
107916.450122,-340.2057745922981,444.2046214225713
107930.915007,-407.4123484943695,422.57188273387015
107945.843048,-484.4106717866716,384.6458383448462
107960.817182,-487.181902189606,332.4617884981427
107976.433439,-329.740085206914,383.2761700029062
107990.880346,-148.96086263675372,449.522099608618
108006.504468,-88.11107975538995,423.8656741408946
108020.828189,-97.76435860207862,356.759805473173
108035.793645,-140.7447096368613,321.7867854364233
108050.822433,-169.19796374566542,289.91868192596405
108065.804024,-156.89122748511394,226.93957252717092
108081.556971,-169.48463584746574,222.32663976817196
108095.829437,-166.57593345864493,232.21403625645516
108110.819538,-166.57593345864493,232.21403625645516
108125.829269,-166.57593345864493,232.21403625645516
108137.010215,-305.84624661329445,688.0434949261606
108140.793551,-166.57593345864493,232.21403625645516
108155.839084,-165.6217933126086,215.0687594273669
108170.862589,-165.6217933126086,215.0687594273669
108185.861893,-165.6217933126086,215.0687594273669
108202.192238,-165.6217933126086,215.0687594273669
108215.813933,-169.18077430402002,212.96558165307573
108230.819608,-169.18077430402002,212.96558165307573
108245.830961,-169.18077430402002,212.96558165307573
108260.816714,-174.79139860332532,227.50758906355992
108278.537607,-174.79139860332532,227.50758906355992
108290.845476,-174.79139860332532,227.50758906355992
108306.123733,-176.3403200073175,226.2056651014997
108321.368125,-194.08404002427423,210.99445288490912
108335.843802,-213.6761498749955,207.5496322510503
108350.791727,-234.80341327146277,178.98228341876367
108366.675731,-219.32136562433936,151.56462484112907
108381.757978,-91.42877509469226,133.09754936647917
108395.820287,-52.06719526620684,25.291621463208063
108410.830333,4.794712345513201,30.11677752054454
108425.818711,82.71860176735946,135.2394643943472
108440.827946,246.45310300890725,291.3236227004506
108457.463323,314.316877839836,358.21236315130955
108485.792287,406.9639651400013,647.8005424449447
108500.79187,432.03365166991387,675.2171101595835
108532.499296,372.0286831199739,786.3864406570702
108546.348437,372.0286831199739,786.3864406570702
108560.787172,372.0286831199739,786.3864406570702
108569.527112,-305.84624661329445,688.0434949261606
108575.831886,299.680445596399,879.700248351394
110315.832414,283.6120568509758,872.9375105018752
110331.139636,283.6109810960721,872.9308656506554
110345.789599,280.65768271215256,868.4267737318519
110348.302792,271.4895205476066,855.8636208125979
110361.15607,168.50156469207965,804.173405076311
110376.145752,114.46346270889168,681.1716541892625
110390.844466,150.50989740247687,624.5087294654809
110405.850177,118.9185981593312,550.8430684734172
110421.308012,17.03237868651482,499.9228262667347
110435.808452,-56.452373975073016,463.0154853059289
110450.810829,-56.452373975073016,463.0154853059289
110466.166733,-56.452373975073016,463.0154853059289
110480.813279,-63.72955282737397,461.39829353102215
110496.164609,-204.81316431180647,420.2678316204359
110510.848022,-416.7831343797438,349.43498767537534
110526.554604,-484.6859957138545,386.3510636137828
110545.61632,-550.6542171443946,340.03798796898894
110557.428688,-513.763690523973,216.22097912941896
110572.817375,-480.7878030004094,92.43633900654837
112911.246626,280.5873340459996,859.4216387358435
112925.813399,110.12732464920168,769.5494918105757
112941.151976,131.21362670926086,646.8885025853413
112956.342226,115.98617981194366,541.5637498557535
112971.155854,-5.780576271732644,485.3991790904501
112986.165045,-167.34619959433832,433.6838279487831
113000.840693,-350.5981463198962,377.1791115074285
113016.205523,-449.5386853423939,376.17301176951145
113030.808587,-525.0955027711254,380.3938989632686
113045.819349,-567.275974907566,387.4007377505018
113068.941869,-586.274627308317,410.9991881942765
115583.9135,-599.4551685749606,685.3460121292667
115595.796197,-590.3325771610463,683.3113744488267
115609.285964,-575.9107774525722,643.8624124864971
115624.259732,-559.0092891138348,594.7821761012134
115639.190931,-547.0453416621681,522.9968861276545
115653.887299,-512.8280511862572,461.233787574596
115674.032193,-570.350969158442,418.0086906543257
115684.252293,-542.8222760334673,313.06205506028414
115700.672257,-509.3312190955514,199.0345309035607
115714.186135,-472.7131839126353,87.11166310982765
115728.879089,-432.6067082158715,-43.96726964848745
173404.788058,428.5673112819634,150.84681626051093
173415.218386,375.5365907651982,103.59992398743285
173422.656313,302.4371246672875,46.16174424531009
173432.606046,261.1914689535235,56.12167972085308
173444.490676,222.17789576914157,98.35507779762332
173453.441019,222.17789576914157,98.35507779762332
173463.162661,222.17789576914157,98.35507779762332
173472.756529,-63.8288740272568,427.9831640273388
173483.078033,-74.96210096533513,438.6612309880916
173492.90342,-74.96210096533513,438.6612309880916
173502.601192,-74.96210096533513,438.6612309880916
173512.771728,-74.96210096533513,438.6612309880916
173527.000852,-96.8427598751986,454.4476322528287
173532.561285,-118.5562204243473,465.4023656044533
173544.8487,-178.49605761182596,435.29317120390135
173552.600068,-224.3886867806719,419.0257634683977
173562.60102,-253.83284416629027,410.53813155145207
173572.934978,-248.5516737770026,404.6000458834956
173582.912802,-238.1010227535544,407.5909234791268
173593.939878,-238.1010227535544,407.5909234791268
173602.618234,-238.1010227535544,407.5909234791268
173614.10547,-238.1010227535544,407.5909234791268
173624.931885,-238.1010227535544,407.5909234791268
173634.182146,-238.1010227535544,407.5909234791268
173645.871448,-238.1010227535544,407.5909234791268
173653.057598,-238.1010227535544,407.5909234791268
173662.606048,-238.1010227535544,407.5909234791268
173672.585368,-238.1010227535544,407.5909234791268
173682.571434,-238.1010227535544,407.5909234791268
173692.601028,-238.1010227535544,407.5909234791268
173703.72144,-238.1010227535544,407.5909234791268
173712.605056,-238.1010227535544,407.5909234791268
173722.573441,-238.1010227535544,407.5909234791268
173733.115955,-238.1010227535544,407.5909234791268
173742.610424,-238.1010227535544,407.5909234791268
173752.592222,-238.1010227535544,407.5909234791268
173762.620212,-238.1010227535544,407.5909234791268
173772.933188,-235.3446806145189,405.9779770054453
173782.612284,-235.3446806145189,405.9779770054453
173794.104421,-235.3446806145189,405.9779770054453
173802.668969,-235.3446806145189,405.9779770054453
173812.645427,-235.3446806145189,405.9779770054453
173822.912913,-235.3446806145189,405.9779770054453
173832.66846,-235.3446806145189,405.9779770054453
173843.950506,-235.3446806145189,405.9779770054453
173852.88494,-235.3446806145189,405.9779770054453
173862.908107,-235.3446806145189,405.9779770054453
173873.475103,-235.3446806145189,405.9779770054453
173882.58012,-235.3446806145189,405.9779770054453
173893.052984,-235.3446806145189,405.9779770054453
173902.80459,-235.3446806145189,405.9779770054453
173912.908513,-235.3446806145189,405.9779770054453
173923.619464,-235.3446806145189,405.9779770054453
173932.985147,-235.49313234960135,405.724360610887
173942.90888,-236.5055372680636,403.9009591993245
173952.599893,-237.6168340451652,403.0787981876394
173962.613311,-239.01163835220373,403.2668120564501
173973.32964,-239.95488751356427,405.5172174169857
173982.622473,-242.36099431357556,403.057368596299
173992.919213,-247.91301279187215,402.2412724847098
174003.361203,-244.611078557134,400.9688692391322
174012.576815,-244.2383951183853,400.1610876788155
174022.90802,-244.46335021841017,398.7996808473524
174034.954168,-244.46335021841017,398.7996808473524
174042.630229,-244.46335021841017,398.7996808473524
174052.613016,-244.46335021841017,398.7996808473524
174062.698661,-244.46335021841017,398.7996808473524
174072.910579,-244.46335021841017,398.7996808473524
174082.684841,-244.46335021841017,398.7996808473524
174092.572649,-244.46335021841017,398.7996808473524
174102.9184,-244.46335021841017,398.7996808473524
174113.28735,-244.46335021841017,398.7996808473524
174122.920087,-243.0618170180355,399.9753607713761
174134.540737,-223.10905121166783,411.9151550115019
174142.614645,-221.8340672370638,413.1888799945714
174152.611642,-226.6730803769836,421.94121018539886
174162.969654,-226.67308120673096,421.9412102631472
174172.609685,-230.24693321126523,421.2902682752865
174183.170544,-284.4676135909484,396.23010826491
174192.920962,-354.50581777995984,364.03492438742177
174202.607972,-448.36959842591256,341.3706842875541
174212.591401,-454.1670122093127,352.6454067527065
174227.603373,-454.1670122093127,352.6454067527065
174233.083711,-454.1670122093127,352.6454067527065
174242.581204,-454.1670122093127,352.6454067527065
174252.739355,-454.1670122093127,352.6454067527065
174262.92655,-454.1670122093127,352.6454067527065
174272.671617,-454.14701509344695,363.77122997992126
174284.06942,-454.14701509344695,363.77122997992126
174296.447101,-454.14701509344695,363.77122997992126
174302.653508,-454.14701509344695,363.77122997992126
174314.54708,-454.14701509344695,363.77122997992126
174322.60969,-454.14701509344695,363.77122997992126
174357.909516,-454.14701509344695,363.77122997992126
174357.910105,-454.14701509344695,363.77122997992126
174359.370311,-454.14701509344695,363.77122997992126
174364.291039,-454.14701509344695,363.77122997992126
174371.200724,-454.14701509344695,363.77122997992126
174379.447587,-454.14701509344695,363.77122997992126
174389.856125,-454.14701509344695,363.77122997992126
174403.598431,-454.14701509344695,363.77122997992126
174410.834371,-454.14701509344695,363.77122997992126
174420.597342,-454.14701509344695,363.77122997992126
174429.439356,-454.14701509344695,363.77122997992126
174439.691379,-454.14701509344695,363.77122997992126
174450.330475,-454.14701509344695,363.77122997992126
174463.220599,-454.14701509344695,363.77122997992126
174469.445563,-454.14701509344695,363.77122997992126
174479.680577,-454.14701509344695,363.77122997992126
174489.681191,-454.14701509344695,363.77122997992126
174499.44326,-452.1390660569186,367.59960951652033
174509.383296,-452.1390660569186,367.59960951652033
174519.722422,-451.83488972098456,367.9636280168257
174529.481233,-451.83488972098456,367.9636280168257
174540.641639,-451.568773154803,368.5863456012141
174554.596118,-451.56877314654827,368.5863456012141
174560.166714,-451.56877314654827,368.5863456012141
174573.980969,-451.56877314654827,368.5863456012141
174579.960899,-451.56877314654827,368.5863456012141
174591.033577,-451.53401005607935,369.7358575406221
174599.746622,-450.81074189924897,372.9765212350592
174610.816217,-453.6416861081491,380.6318556712184
174620.514334,-460.4301500982956,389.09694486340777
174632.322839,-460.5137110818218,389.4048613860879
174639.441732,-460.5137110818218,389.4048613860879
174649.389028,-460.5137110818218,389.4048613860879
174659.389474,-460.5137110818218,389.4048613860879
174674.191247,-460.5137110818218,389.4048613860879
174679.471847,-460.5137110818218,389.4048613860879
174689.441032,-473.6388516078517,386.0915115395999
174699.331989,-488.8469193239269,379.15556754175407
174710.033008,-498.9814948641531,378.2412588223355
174719.332382,-510.215679949853,376.9973378153011
174729.356332,-510.0384760069842,376.7261122624177
174739.756462,-510.24253509583104,376.3303492467231
174749.372553,-510.965461275068,376.6915416176264
174759.856777,-510.965461275068,376.6915416176264
174769.344395,-513.1980554732742,375.2681847633792
174779.412435,-511.0322437775578,370.93611809448566
174789.344849,-511.1758486032605,372.86023867287554
174799.367934,-511.95218811484057,375.5833534184014
174809.377054,-511.9521877413142,375.5833531632477
174819.705467,-511.4982333676512,374.8727671573563
174829.410133,-510.6464429614038,374.7502770934124
174839.377861,-510.6464429531489,374.7502770934124
174849.464309,-510.7402606976101,374.5181759812528
174859.794706,-511.52509169184566,374.5487228438621
174869.433846,-515.7913747515765,375.3056292363935
174879.375473,-514.8592187696322,374.44681678340856
174890.435519,-514.0170497967588,374.8591320010696
174899.516041,-514.0170497967588,374.8591320010696
174909.359129,-514.0170497967588,374.8591320010696
174919.685967,-514.0170497967588,374.8591320010696
174929.438034,-514.0170497967588,374.8591320010696
174939.598617,-514.0170497967588,374.8591320010696
174949.43997,-514.0170497967588,374.8591320010696
174961.011011,-514.0170497967588,374.8591320010696
174969.67912,-516.7537809340255,374.8813368140714
174979.395716,-520.5363653528279,368.5439471338263
174990.730396,-520.5363653528279,368.5439471338263
175000.011769,-520.5363653528279,368.5439471338263
175009.707789,-519.136615695488,368.8249052566436
175019.618753,-519.136615695488,368.8249052566436
175029.678324,-519.136615695488,368.8249052566436
175039.913272,-515.4569124912374,378.0820524474623
175049.644949,-523.3972575410911,380.9223537976358
175060.623293,-527.2543240719834,382.38247891445104
175069.405018,-526.38457541146,379.768722124305
175080.085518,-526.2167405451396,379.9540282757839
175089.382032,-526.8226828775308,374.7304706443524
175100.074127,-527.8624882498921,372.4294690359792
175110.424554,-525.2333789861694,373.6019193664557
175119.675297,-524.4139842824453,376.2453399419815
175129.816448,-524.1445682321889,376.7996290336536
175139.458778,-524.1445682239342,376.7996290336536
175150.628057,-524.1445682239342,376.7996290336536
175159.678101,-524.1445682239342,376.7996290336536
175169.568949,-524.1445682239342,376.7996290336536
175179.443604,-524.1445682239342,376.7996290336536
175189.42393,-524.1445682239342,376.7996290336536
175201.612647,-524.1445682239342,376.7996290336536
175209.4552,-524.1445682239342,376.7996290336536
175219.365277,-524.1445682239342,376.7996290336536
175229.361652,-524.1445682239342,376.7996290336536
175244.311592,-524.1445682239342,376.7996290336536
175249.394134,-524.1445682239342,376.7996290336536
175259.375567,-515.8188638309684,360.2680211160337
175269.37229,-504.9165514415809,344.95386302906394
175279.381801,-494.39917661396737,336.30939178988945
175289.537186,-494.39917661396737,336.30939178988945
175299.758376,-494.39917661396737,336.30939178988945
175311.201149,-493.5017941698252,334.82391874843074
175319.411057,-493.6211544578432,334.61405289585304
175329.340687,-493.6224898306343,334.61241090505985
175339.362125,-493.6224898306343,334.61241090505985
175349.359221,-493.8147947799903,332.25929445306906
175359.345669,-484.7473472125647,336.5524318185562
175369.418869,-484.7473472125647,336.5524318185562
175379.355963,-485.3643078491745,334.919030131615
175389.382506,-489.19652649647225,332.16409856639734
175399.378022,-488.0079831671596,333.29431806308094
175409.391991,-484.1094033839317,336.4708638005958
175419.38025,-484.1094033839317,336.4708638005958
175431.018359,-486.5320293284669,334.76312410860385
175439.343948,-486.5420108874875,334.75230764389335
175455.458665,-487.9092415060884,332.0082554203032
175471.54988,-494.22587853848177,328.91063729075233
175471.550594,-494.22587853848177,328.91063729075233
175472.797556,-494.22587853848177,328.91063729075233
175472.798087,-494.22587853848177,328.91063729075233
175473.961765,-494.22587853848177,328.91063729075233
175484.172481,-484.5227587938682,328.8626361754921
175493.996095,-446.7402472603116,348.59635712631746
175504.100848,-446.7348522127833,348.60211443370014
175514.359147,-447.2090857502741,353.45901656944807
175524.023736,-447.7979839344757,356.66155216467735
175536.963804,-449.2015635641724,366.56443309320383
175545.812407,-449.6752693105988,372.008915899581
175554.610626,-452.9306469558292,389.4190521212036
175564.497339,-454.0033461557801,398.07582095245454
175574.38074,-459.94089318413165,396.2619648147878
175586.284692,-472.85992730353314,389.4042302012558
175595.93925,-489.0359837562034,382.6923722049348
175603.981275,-509.5987214708591,376.0594736473012
175614.010401,-512.1626142287435,373.859888535273
175624.075201,-523.2761472769893,361.6904147821949
175634.065624,-526.4626966202491,360.18641980618474
175644.32154,-527.9991604445739,357.7653916092474
175654.312784,-539.1714058119977,354.71829962350307
175664.215094,-547.4928288265234,337.6337120311402
175685.270068,-538.9392473187287,304.2781523887445
175685.618939,-539.8824962802574,291.19500210303704
175693.996854,-536.9796726767147,275.03501213955514
175705.508252,-518.3096696546371,206.6554037582595
175705.523241,-518.3096696546371,206.6554037582595
175716.458712,-501.1111883553552,172.85641747623762
175724.082891,-501.1111883553552,172.85641747623762
175734.968627,-500.8836543712361,157.26297397849498
175744.027157,-469.6703757923638,88.02002538360729
175755.350187,-454.23253261223545,22.98747451219776
175764.014118,-438.14547988765446,-36.01482069128002
175774.333367,-430.6816527959612,-50.81142676625049
179868.718834,-445.574401914856,-17.391819947301524
179896.946807,-504.1078849118176,171.71477994133906
179896.947421,-504.1078849118176,171.71477994133906
179899.581945,-511.28639947080177,194.35247153794495
179899.582477,-511.28639947080177,194.35247153794495
179901.120697,-519.5529953712231,219.8220130069437
179911.173542,-536.875356436258,280.3730416885956
179923.696716,-527.0122152291822,315.50329741029424
179931.154261,-467.3104194423921,359.8408132357046
179941.15958,-465.6340546231966,360.2525027338221
179951.76734,-465.6340546231966,360.2525027338221
179961.138899,-465.6340546231966,360.2525027338221
179971.162345,-465.6340546231966,360.2525027338221
179981.88575,-465.6340546231966,360.2525027338221
179991.14096,-448.6494911147413,352.7535206337232
180001.1238,-448.6494911147413,352.7535206337232
180004.750029,-448.6494911147413,352.7535206337232
180011.144098,-448.6494911147413,352.7535206337232
180021.15622,-448.6494911147413,352.7535206337232
180031.125667,-448.6494911147413,352.7535206337232
180041.6255,-448.6494911147413,352.7535206337232
180051.119316,-448.6494911147413,352.7535206337232
180062.704886,-448.6494911147413,352.7535206337232
180072.967822,-448.6494911147413,352.7535206337232
180081.191895,-448.6494911147413,352.7535206337232
180092.545788,-448.6494911147413,352.7535206337232
180102.586184,-448.6494911147413,352.7535206337232
180112.784933,-448.6494911147413,352.7535206337232
180123.46497,-448.6494911147413,352.7535206337232
180132.541739,-448.6494911147413,352.7535206337232
180144.868719,-448.6494911147413,352.7535206337232
180151.310673,-448.6494911147413,352.7535206337232
180161.191525,-448.6494911147413,352.7535206337232
180171.198038,-448.6494911147413,352.7535206337232
180181.621202,-448.6494911147413,352.7535206337232
180191.188927,-448.6494911147413,352.7535206337232
180202.88896,-448.6494911147413,352.7535206337232
180212.54825,-451.8627327106678,356.00081230483795
180221.23533,-451.8627327106678,356.00081230483795
180231.19687,-451.8627327106678,356.00081230483795
180241.188954,-451.8627327106678,356.00081230483795
180251.196819,-451.8627327106678,356.00081230483795
180261.196817,-451.8627327106678,356.00081230483795
180271.190195,-451.8627327106678,356.00081230483795
180281.194156,-451.8627327106678,356.00081230483795
180291.808395,-451.8627327106678,356.00081230483795
180302.58897,-451.8627327106678,356.00081230483795
180313.19075,-451.8627327106678,356.00081230483795
180322.547568,-451.8627327106678,356.00081230483795
180331.668943,-451.8627327106678,356.00081230483795
180342.547474,-451.8627327106678,356.00081230483795
180352.544182,-451.8627327106678,356.00081230483795
180362.675094,-451.8627327106678,356.00081230483795
180372.549005,-448.6355101423933,375.9165389079123
180382.550473,-459.0888666273388,395.661490870839
180391.699303,-464.2957012829728,398.03617625291326
180401.668834,-464.2957012829728,398.03617625291326
180413.132706,-464.2957012829728,398.03617625291326
180421.197,-464.2957012829728,398.03617625291326
180431.191697,-464.2957012829728,398.03617625291326
180441.428408,-464.2957012829728,398.03617625291326
180453.029012,-464.2957012829728,398.03617625291326
180462.543928,-465.32687417785496,398.94935712646014
180471.345401,-465.5015502289277,399.7795419841388
180482.549319,-467.74568280516473,402.8623680944818
180492.546508,-467.74568280516473,402.8623680944818
180501.191356,-471.6458061965051,410.34767431119104
180511.428508,-470.16809145284896,411.5880945019435
180521.648662,-468.25854504588114,416.5176362415145
180531.188127,-468.25854504588114,416.5176362415145
180541.194658,-468.25854504588114,416.5176362415145
180551.19689,-468.25854504588114,416.5176362415145
180561.188725,-467.88462032788806,417.06054085025215
180571.195368,-467.8846201703113,417.0605416496395
180582.069061,-467.8846201703113,417.0605416496395
180591.188858,-469.0257964002053,420.1455315469979
180601.257403,-470.98906004474526,419.8251834105324
180614.58757,-475.85537030780046,416.5593949290808
180622.864077,-475.846915386944,415.9089243549876
180631.406966,-475.8468970063244,415.90885224787934
180641.199149,-475.8468970063244,415.90885224787934
180651.189346,-475.8468970063244,415.90885224787934
180661.194062,-475.8468970063244,415.90885224787934
180672.58533,-475.8468970063244,415.90885224787934
180681.192892,-475.8468970063244,415.90885224787934
180691.625636,-475.8281251294446,415.3550106176491
180702.549277,-475.8281247974867,415.3550094514339
180712.550622,-475.8281247974867,415.3550094514339
180722.629525,-475.8281247974867,415.3550094514339
180731.192529,-473.42591041448014,410.4658505245709
180741.189595,-471.4211088390141,406.8075236007113
180751.196136,-470.9758668131586,405.77475585414055
180761.246694,-467.6046817831886,401.8278308084736
180771.194884,-467.32570720834576,401.44089706227
180781.894469,-468.71472546396535,401.8401560338409
180792.54978,-477.4995826946012,396.16159022705534
180801.198272,-483.2710747226004,392.21018421033176
180812.42583,-483.27108453098265,392.2101001852106
180821.370414,-481.25359931705424,384.2452638882875
180831.192128,-482.6415121101485,385.4320104829023
180842.850112,-490.0492657532075,384.2320285109727
180851.450553,-490.68538322904107,384.4776173922528
180861.18823,-489.0964422846843,381.3151571440948
180871.186143,-488.4285742919884,381.8711371236308
180881.545848,-488.393724385693,385.4713677715369
180891.215856,-490.4147150619498,387.5065053301334
180904.784304,-486.2032284964978,384.57547285802536
180912.546333,-486.756802805572,394.1018815722162
180921.730986,-489.4707117267639,397.3424069963574
180932.552097,-500.1942637530698,393.9694147507261
180941.228901,-506.4385878832642,389.7153209110709
180951.189161,-508.199133263376,371.7185402671128
180961.195557,-508.19913415134863,371.7185398900353
180971.293355,-508.19913415134863,371.7185398900353
180981.198426,-508.19913415134863,371.7185398900353
180991.653192,-508.19913415134863,371.7185398900353
181002.543316,-508.19913415134863,371.7185398900353
181012.141634,-508.19913415134863,371.7185398900353
181022.992456,-508.19913415134863,371.7185398900353
181031.196416,-506.5725904610571,361.6870143645427
181042.920243,-506.57259045280233,361.6870143542936
181052.561279,-506.57259045280233,361.6870143542936
181061.208966,-506.57259045280233,361.6870143542936
181071.189303,-506.57259045280233,361.6870143542936
181082.210816,-502.509540611014,352.4583838562284
181091.19118,-502.3853594035484,351.19129512108805
181101.548479,-501.33433385662806,344.8240525891795
181112.552073,-500.9079869445391,344.0844099799139
181121.188418,-501.1416423268499,342.578591876844
181132.544904,-498.779393356111,331.7491190967473
181142.70582,-473.93880045415614,331.4920399692504
181151.19046,-448.1972319738299,346.8167629520858
181162.464292,-416.0012788906599,362.8661368313704
181172.393235,-378.7788100319579,384.3650055934818
181172.397559,-365.9410080177592,386.94387023781417
181181.214901,-316.7776199745128,396.2363175770853
181191.18819,-266.5961423126913,414.5898343577747
181201.186707,-264.2100623195445,415.6459917545908
181211.546194,-207.3706535505348,435.17393796437887
181222.589342,-146.58396192324804,453.3167264958923
181232.250555,-122.4061003183285,461.9298300995426
181242.547382,-53.79201194423455,473.52016885870427
181251.188721,46.16657530744933,516.7858499582752
181261.207581,87.07645055627462,533.0741449411908
181271.161139,87.07645055627462,533.0741449411908
181281.128454,87.07645055627462,533.0741449411908
181291.169322,87.07645055627462,533.0741449411908
181301.552737,136.23629043884594,540.3365199643773
181311.196998,189.50362024414315,576.9188857875315
181322.212543,213.54258409827585,604.4953754435697
181331.48347,265.3720210083434,631.7507831379663
181341.167934,281.8529337583668,643.5257488216795
181351.478678,293.397571742659,650.8177077488152
181361.365585,300.41143834897497,658.1308539013895
181371.969289,328.368357082961,667.8370540684095
181381.219398,415.8005692493844,745.7605192195686
181391.468133,449.0074028529261,733.3755521553937
181401.18004,452.66748863478034,733.1387099836448
185561.228322,465.811312056261,167.04076317367662
185571.232444,422.18060890811023,126.2278611506906
185582.446288,387.2240082751752,97.9542385611013
185592.61083,315.78891507371304,49.44500937392152
185601.23492,283.3595444437484,40.01886143464247
185611.231396,221.51002219992105,119.20090922333983
185620.110408,193.9347266280973,149.606753127211
185620.112044,193.9347266280973,149.606753127211
185623.994227,193.9347266280973,149.606753127211
185635.366978,193.9347266280973,149.606753127211
185643.994056,-70.08355242613534,442.38841317347095
185654.009482,-71.91991646214326,443.8288986866382
185664.290482,-71.91991646214326,443.8288986866382
185674.280205,-71.91991646214326,443.8288986866382
185684.308601,-71.91991646214326,443.8288986866382
185693.973202,-78.6002194307958,449.85467863043306
185707.025246,-131.53754889975588,468.5892327650228
185714.717365,-165.50351852162865,442.990970317864
185723.943491,-196.06913941151333,416.6847894280456
185734.584438,-196.06913941151333,416.6847894280456
185744.142705,-196.06913941151333,416.6847894280456
185754.264226,-205.7861729674584,402.769223528961
185764.267406,-295.1253992098873,397.3887182550265
185773.976218,-345.8521773745697,380.58047807016624
185785.62089,-417.0762323242186,357.9113785972593
185794.272286,-446.90944904090736,351.1854214773414
185803.985423,-446.90944904090736,351.1854214773414
185807.581978,-446.90944904090736,351.1854214773414
185813.963915,-446.90944904090736,351.1854214773414
185824.283282,-446.90944904090736,351.1854214773414
185833.919681,-446.90944904090736,351.1854214773414
185843.973193,-446.90944904090736,351.1854214773414
185854.745903,-446.90944904090736,351.1854214773414
185864.039172,-446.90944904090736,351.1854214773414
185874.26017,-446.90944904090736,351.1854214773414
185884.024388,-446.90944904090736,351.1854214773414
185894.059421,-446.90944904090736,351.1854214773414
185904.681538,-446.90944904090736,351.1854214773414
185913.957771,-446.90944904090736,351.1854214773414
185926.428253,-446.90944904090736,351.1854214773414
185933.974384,-446.90944904090736,351.1854214773414
185943.952721,-446.90944904090736,351.1854214773414
185954.025409,-446.90944904090736,351.1854214773414
185964.0892,-446.90944904090736,351.1854214773414
185974.005286,-446.90944904090736,351.1854214773414
185984.071509,-446.90944904090736,351.1854214773414
185993.982167,-446.90944904090736,351.1854214773414
186004.0388,-446.90944904090736,351.1854214773414
186014.101641,-446.90944904090736,351.1854214773414
186025.095526,-446.90944904090736,351.1854214773414
186033.949578,-446.90944904090736,351.1854214773414
186044.369213,-446.90944904090736,351.1854214773414
186053.993197,-446.90944904090736,351.1854214773414
186064.06834,-446.90944904090736,351.1854214773414
186073.925825,-446.90944904090736,351.1854214773414
186083.965357,-441.9414030977019,358.5595295732712
186093.932502,-443.5350855975093,358.7628899058627
186103.930024,-443.5367204111943,358.76205214999504
186113.93497,-443.5367204111943,358.76205214999504
186123.931594,-444.0030361625052,357.0859049638594
186134.673514,-451.0410070730237,355.8664604764117
186144.689825,-454.73984213119655,353.3797816687997
186153.936342,-452.6914910640372,352.3112163249277
186164.015746,-452.4171559846639,353.00980911772024
186173.935701,-449.5874568722196,365.7343833644438
186190.870095,-447.8063534750885,373.2103497507744
186200.111013,-447.1389817900164,373.8605691814186
186209.765325,-447.1389817900164,373.8605691814186
186224.41544,-447.1389817900164,373.8605691814186
186224.421134,-447.1389817900164,373.8605691814186
186234.136431,-447.1389817900164,373.8605691814186
186243.983878,-447.1389817900164,373.8605691814186
186257.676394,-447.1389817900164,373.8605691814186
186263.935036,-447.1389817900164,373.8605691814186
186275.890303,-447.1389817900164,373.8605691814186
186283.941802,-447.1389817900164,373.8605691814186
186294.07233,-447.1389817900164,373.8605691814186
186303.932067,-447.1389817900164,373.8605691814186
186313.939038,-447.1389817900164,373.8605691814186
186323.980257,-447.1389817900164,373.8605691814186
186333.945801,-447.1389817900164,373.8605691814186
186344.613178,-447.1389817900164,373.8605691814186
186353.932296,-447.1389817900164,373.8605691814186
186363.935472,-447.1389817900164,373.8605691814186
186373.694375,-447.1389817900164,373.8605691814186
186373.916724,-447.1389817900164,373.8605691814186
186385.818425,-447.1389817900164,373.8605691814186
186396.102429,-498.7850319727194,373.307236695162
186403.946074,-507.3812530077631,353.42769952750047
186414.026046,-507.1577760512699,352.2243467004334
186423.965199,-495.4227409636154,339.3104110806415
186435.566332,-437.2876216646384,347.9132756560227
186443.972711,-394.2151291322099,372.8741737557541
186453.931907,-386.24011114962366,376.2023658254856
186463.92697,-328.4769617966309,392.7363127102473
186473.979334,-268.22829311204777,412.7374128095305
186484.754746,-173.27396551768578,439.09872264459807
186493.99279,-106.83172544956348,454.5770627281968
186506.066947,-99.81965475688382,432.6282869679847
186513.991005,-90.26071913888474,404.7946022679944
186523.927467,-98.1181989901212,374.17368194912166
186535.332939,-118.36459268339982,356.0042949802552
186543.999494,-144.2131552653352,328.6231574745261
186554.002916,-167.55839459617872,305.30698419049537
186564.002293,-178.1008804495915,295.9270080007129
186575.04522,-174.37580961401235,257.2965536407885
186584.727161,-165.24963803001674,238.567481342636
186593.996391,-165.19147094408677,235.5368492148048
186604.417039,-165.19147094408677,235.5368492148048
186614.061816,-164.79718327521587,228.6468324445339
186616.98759,-447.1389817900164,373.8605691814186
186625.901794,-164.79718327521587,228.6468324445339
186633.981045,-164.79718327521587,228.6468324445339
186644.157602,-166.5903659862834,221.48243300534892
186654.003395,-190.026392156956,200.0752764477029
186664.539523,-213.44086364557197,204.888508046424
186675.455602,-213.44086364557197,204.888508046424
186685.916807,-220.9610956096957,184.43365179762984
186694.280806,-220.9610956096957,184.43365179762984
186704.282019,-224.8143063714913,173.44768184142544
186714.28119,-224.8143063714913,173.44768184142544
186723.981045,-231.7201869129105,157.30284291568748
186734.235891,-196.08370625399616,135.55165581931004
186744.006942,-93.87364959338996,123.56230426236743
186754.812895,-50.37406305148292,28.9918910851142
186765.057301,-5.592074773278703,26.429627701796917
186774.267622,17.3051064609165,65.33338775283042
186784.299769,102.05996044070942,158.28815732735373
186793.948965,141.4107226646249,194.22614195967145
186803.926355,190.72024925325093,238.07358030197148
186813.941058,217.89758568832903,263.9296036259741
186823.933396,218.4672187004129,264.5073291444808
186834.272908,218.4672187004129,264.5073291444808
186843.992581,218.4672187004129,264.5073291444808
186854.27663,268.3914593975949,304.2032696600673
186864.280991,316.7414006810815,350.759860970028
186873.976867,379.65983336996936,418.1566830398591
186884.27936,427.6033056857274,466.6576305270973
186928.8416,442.6539268659031,611.9666060651124
186933.942958,404.2001511115946,651.2165877795906
186944.372765,404.2001511115946,651.2165877795906
186954.340314,454.2240382996828,671.522858646129
187013.982499,458.89211649311824,752.4546838796886
187024.685873,319.39275305505254,833.8202650749877
187034.301551,297.48376806331385,870.0426641743725
187044.569322,291.093083385672,915.484323734727
187579.094843,-447.1389817900164,373.8605691814186
191495.347112,-598.9956526005036,458.1731103393157
191504.672587,-597.6010177769824,454.5456663437297
191519.696151,-590.0984592615284,442.49254964717534
191524.69715,-577.117779641659,443.7344806155561
191534.703082,-569.946976476961,449.14702029536807
191544.702153,-573.579025380288,412.2355979761943
191554.703449,-558.774571859484,333.10719653002457
191564.700938,-545.370112254074,282.88681103905765
191574.782568,-508.3382333399032,180.21743237952992
191584.702244,-480.6335045297659,78.80611526663624
191594.702442,-455.1319990022245,-11.092763470176711
192762.158002,-438.1560719626141,-56.887907681068256
192762.158615,-438.1560719626141,-56.887907681068256
192763.867361,-438.1560719626141,-56.887907681068256
192774.292979,-469.4704372870505,63.27861495852108
192784.341812,-493.404544144969,140.16473680672246
192794.562776,-512.1227626100726,216.91066703936235
192807.450697,-529.8884744064524,315.7454192829375
192813.905676,-507.2710555360619,336.5890918483048
192823.904861,-507.2710555360619,336.5890918483048
192833.957533,-489.4584445670017,333.142493090861
192843.968,-432.29775144768985,337.0761985613008
192854.006901,-331.2199932176067,379.5569850487776
192863.897645,-241.54713492993412,421.4071433787042
192873.915923,-159.33718341447783,442.53594815104174
192883.920716,-110.11845681769972,458.12527053274175
192893.873655,4.343429281265345,499.1154816898319
192903.872628,120.80413660319948,534.7187862416175
192913.90532,182.59356289004376,572.3131341318638
192924.921622,177.06942896684953,600.4504128071856
192934.197304,163.55593163719837,605.7128052178508
192943.862149,126.05391444445031,670.4294271716865
192953.877251,137.7859899079275,783.520528814161
192963.903533,257.65449095458695,834.3057836806364
192973.867025,289.6050673026946,924.926855138582
194947.076758,-80.17989920955667,875.8015049425036
194957.085074,-24.768638131669213,864.6032650512327
194967.043919,63.3119981746674,897.670121863449
194976.743336,86.94496260133468,925.0049284133754
195146.765505,-81.10109351490264,842.9879356683836
195156.739853,-79.51091982902332,737.5674615048307
195166.710247,-79.12567798827385,678.7302894216696
195176.716037,-53.86361055312534,640.779956185747
195186.733749,-20.06986408821905,553.2527731311937
195196.753466,-18.31830585008889,511.5585287027403
195207.063036,-58.446171918755525,484.4358307173202
195217.203599,-180.53081894329853,439.2077541786412
195227.491321,-218.6390328319926,422.0691754786465
195236.74753,-218.6390328319926,422.0691754786465
195246.753284,-304.7367725295881,391.30149134212377
195257.065549,-414.6248597560618,355.0309445822108
195266.71177,-457.2264780636948,386.0255185206152
195277.063387,-506.8171894718859,377.84900844821846
195286.763473,-505.9913398153554,370.4488624854917
195297.124598,-501.4542774174824,343.6271897021847
195308.513199,-409.5400901891037,369.9748541499448
195316.786552,-293.03069479335346,408.4997667726673
195327.053989,-195.1468644720556,438.19260404549055
195336.752753,-120.26985576321428,464.74152809820185
195346.708933,-120.26985576321428,464.74152809820185
195356.743524,-114.20625690086985,485.6035778140055
195366.767173,-163.77799367451365,557.3857203539422
195376.71177,-199.9566196448848,600.2972417646229
195386.77491,-256.3638113074192,680.9515537004823
195397.064778,-303.3080877961024,708.0679959088546
195406.413238,-311.8147150527665,708.446936452536
195406.696857,-311.8147150527665,708.446936452536
195416.723519,-311.8147150527665,708.446936452536
195429.158198,-311.8147150527665,708.446936452536
195441.590568,-311.8147150527665,708.446936452536
195446.705679,-313.55307386843384,700.5593617053628
195456.973425,-313.55307386843384,700.5593617053628
195466.828627,-313.55307386843384,700.5593617053628
195476.763973,-313.55307386843384,700.5593617053628
195486.727628,-313.55307386843384,700.5593617053628
195496.748031,-313.55307386843384,700.5593617053628
195506.713287,-313.55307386843384,700.5593617053628
195518.320442,-313.55307386843384,700.5593617053628
195526.721725,-313.55307386843384,700.5593617053628
195536.719001,-313.55307386843384,700.5593617053628
195546.710744,-313.55307386843384,700.5593617053628
195556.714474,-313.55307386843384,700.5593617053628
195569.019333,-313.55307386843384,700.5593617053628
195578.830483,-313.55307386843384,700.5593617053628
195587.041897,-313.55307386843384,700.5593617053628
195596.71175,-313.55307386843384,700.5593617053628
195606.706925,-313.55307386843384,700.5593617053628
195616.753982,-313.55307386843384,700.5593617053628
195626.727066,-313.55307386843384,700.5593617053628
195636.708695,-313.55307386843384,700.5593617053628
195646.748849,-313.55307386843384,700.5593617053628
195657.714861,-313.55307386843384,700.5593617053628
195666.714883,-313.55307386843384,700.5593617053628
195677.043029,-313.55307386843384,700.5593617053628
195686.744935,-313.55307386843384,700.5593617053628
195697.05544,-317.1941359484625,699.3166455493441
195706.745936,-317.1941359484625,699.3166455493441
195716.746103,-317.1941359484625,699.3166455493441
195727.96825,-317.1941359484625,699.3166455493441
195742.314674,-317.1941359484625,699.3166455493441
195746.774033,-317.1941359484625,699.3166455493441
195756.775524,-317.1941359484625,699.3166455493441
195766.775852,-317.1941359484625,699.3166455493441
195776.775778,-317.1941359484625,699.3166455493441
195787.555577,-317.1941359484625,699.3166455493441
195798.170306,-317.1941359484625,699.3166455493441
195807.276882,-317.1941359484625,699.3166455493441
195816.757357,-317.1941359484625,699.3166455493441
195826.717979,-317.1941359484625,699.3166455493441
195836.755655,-317.1941359484625,699.3166455493441
195847.446472,-322.00371129843586,684.3246220544034
195856.744687,-323.05090786948927,679.9929092856024
195866.74851,-323.5117001005184,679.3358619581444
195876.743997,-323.73188946434664,680.6636212986388
195886.718942,-322.1269482028246,687.9356514035948
195896.754986,-321.8422224709393,685.810750900657
195906.765675,-322.8737352937719,682.9820596053524
195917.048921,-324.2688923823955,687.6155039153816
195928.014297,-324.87014453407494,688.7335126741436
195936.730676,-325.22223188387983,688.4197107189492
195948.011188,-315.7107628629429,686.1292611506641
195957.048864,-319.43070693157824,679.4086066839103
195966.744894,-322.57623490028857,673.8983267252739
195976.728376,-320.0739610084824,669.7770005148087
195984.572374,-301.1453613322097,600.9624662099825
195986.786465,-301.1453613322097,600.9624662099825
195996.7455,-300.4979040212968,559.8613724332265
196007.073003,-355.09268398170326,532.2150188654797
196017.492032,-403.1248788940822,493.93283659723687
196026.763177,-450.33515420195295,460.0562178805425
196037.051134,-462.04112987498365,464.2677571396069
196046.718601,-462.04112987498365,464.2677571396069
196056.719649,-462.04112987498365,464.2677571396069
196067.220611,-462.04112987498365,464.2677571396069
196077.06089,-462.04112987498365,464.2677571396069
196086.735083,-462.04112987498365,464.2677571396069
196096.763484,-462.04112987498365,464.2677571396069
196107.076587,-480.0991568396135,451.1103916644891
196117.406579,-564.4109306940012,422.6871274093472
196131.31484,-558.3546405419937,364.3926160935915
196139.089656,-528.0369084755071,320.75768037146315
196146.752645,-498.3175952577929,334.0140562824539
196156.75702,-498.3175952577929,334.0140562824539
196166.763925,-498.3175952577929,334.0140562824539
196177.124606,-453.52796989693513,346.6406588630958
196186.82875,-449.8844895122177,376.4846124236017
196196.908291,-471.56339804991865,395.80872822086144
196208.28736,-514.8468373601987,375.8130811467302
196216.719375,-555.512689000975,363.4502371596169
196799.412672,-606.3118274698209,503.175832624592
196811.311917,-591.8848406592746,447.8159146121144
196830.168517,-590.8447755200397,443.9736884896898
196830.175964,-590.8447755200397,443.9736884896898
196839.722873,-572.8634613143389,402.7059783712063
196849.400011,-474.16369859530687,346.9631335792694
196860.798604,-451.0640585523364,395.7222370436632
196869.790452,-514.2703011012765,378.8333576690039
196880.093319,-511.2404445027488,345.2986836845212
196889.755501,-511.2404445027488,345.2986836845212
196899.412601,-511.2404445027488,345.2986836845212
196909.398147,-511.2404445027488,345.2986836845212
196919.434143,-511.2404445027488,345.2986836845212
196929.743991,-511.2404445027488,345.2986836845212
196941.476556,-511.2404445027488,345.2986836845212
196949.846388,-511.2404445027488,345.2986836845212
196959.733896,-511.2404445027488,345.2986836845212
196970.314695,-511.2404445027488,345.2986836845212
196981.68168,-511.2404445027488,345.2986836845212
196989.434683,-509.82770327687433,339.3916267913796
196999.414614,-509.82770327687433,339.3916267913796
197009.733921,-509.82770327687433,339.3916267913796
197020.756685,-509.82770327687433,339.3916267913796
197029.432891,-509.82770327687433,339.3916267913796
197041.999156,-509.82770327687433,339.3916267913796
197049.401306,-509.82770327687433,339.3916267913796
197059.436852,-509.82770327687433,339.3916267913796
197069.871036,-509.82770327687433,339.3916267913796
197080.070178,-509.82770327687433,339.3916267913796
197089.940067,-509.82770327687433,339.3916267913796
197099.442403,-500.2603966137005,330.81379427502384
197109.735722,-458.4126368444334,340.8657825595393
197119.744981,-448.45969741093694,388.8088911026478
197129.735491,-474.2352389838768,393.8925459325447
197139.47702,-512.9548516651942,371.6128913469154
197149.538136,-557.5162726385994,355.3915714998725
197162.1557,-581.8809419926394,405.3011427054686
197174.855291,-581.8809419926394,405.3011427054686
197180.177168,-581.8809419926394,405.3011427054686
197198.180794,-610.9849403342778,406.532439216482
197955.737285,287.9081471796105,876.3302467214567
197965.730464,287.9081471796105,876.3302467214567
197975.741725,279.926780169404,864.2591365126099
197986.578754,279.926780169404,864.2591365126099
197996.709654,235.81729447441455,819.2654746825108
198005.710931,117.37901673833782,768.4250424549435
198016.436907,112.7428566916446,659.4057042872635
198025.712131,154.83638219683905,596.0168099883605
198036.24372,80.24757084018471,524.0540970729486
198045.757819,-14.986502219108589,494.1406595208781
198055.7506,-72.7070094741588,477.01809935707706
198065.714477,-72.7070094741588,477.01809935707706
198076.106493,-72.7070094741588,477.01809935707706
198085.706957,-72.7070094741588,477.01809935707706
198096.561138,-121.80611123705444,458.0237579651297
198105.7376,-210.8015627189678,416.0723880174612
198116.037181,-357.15144869612374,370.9887376172779
198126.184269,-447.787183649256,357.9830616224866
198136.033867,-466.3237643322436,394.2637541765821
198142.816764,-516.1781873019286,363.7308662859105
198145.715904,-515.0910431769403,358.4061037904449
198156.028248,-515.0910431769403,358.4061037904449
198165.770239,-515.0910431769403,358.4061037904449
198175.707166,-515.0910431769403,358.4061037904449
198185.706018,-515.0910431769403,358.4061037904449
198196.033756,-515.0910431769403,358.4061037904449
198206.401284,-515.0910431769403,358.4061037904449
198215.708068,-515.0910431769403,358.4061037904449
198226.049709,-515.0910431769403,358.4061037904449
198236.296023,-515.0910431769403,358.4061037904449
198245.70728,-515.0910431769403,358.4061037904449
198255.741073,-515.0910431769403,358.4061037904449
198265.708831,-515.0910431769403,358.4061037904449
198275.711826,-515.0910431769403,358.4061037904449
198285.742244,-515.0910431769403,358.4061037904449
198296.544588,-515.0910431769403,358.4061037904449
198307.306253,-515.0910431769403,358.4061037904449
198315.748118,-515.0910431769403,358.4061037904449
198325.709549,-515.0910431769403,358.4061037904449
198336.046695,-515.0910431769403,358.4061037904449
198346.842123,-515.0910431769403,358.4061037904449
198356.040863,-515.0910431769403,358.4061037904449
198366.674477,-515.0910431769403,358.4061037904449
198376.076543,-515.0910431769403,358.4061037904449
198385.702405,-515.0910431769403,358.4061037904449
198396.036572,-515.0910431769403,358.4061037904449
198406.040361,-515.0910431769403,358.4061037904449
198415.74099,-515.0910431769403,358.4061037904449
198425.740898,-515.0910431769403,358.4061037904449
198435.746824,-515.0910431769403,358.4061037904449
198446.794381,-512.4075074774793,354.891105062052
198456.55401,-499.20270689092007,339.8442264748696
198466.036708,-496.58779886696806,324.9034593130181
198476.034147,-500.53909114063066,329.97730368602066
198486.040326,-500.53909115714026,329.97730369733017
198496.036276,-500.53909115714026,329.97730369733017
198506.040501,-500.53909115714026,329.97730369733017
198516.509515,-500.53909115714026,329.97730369733017
198526.045378,-501.4087866095308,329.9726498733639
198535.752013,-501.41654004958826,329.9721760870084
198545.70831,-501.2590892386981,327.8578212866463
198555.790896,-501.5795791237047,327.10308391966186
198567.140186,-501.5795791237047,327.10308391966186
198576.128706,-501.5795791237047,327.10308391966186
198586.048619,-501.5795791237047,327.10308391966186
198596.049069,-501.5795791237047,327.10308391966186
198608.064121,-501.5795791237047,327.10308391966186
198615.719804,-501.5795791237047,327.10308391966186
198626.054157,-501.5795791237047,327.10308391966186
198635.726798,-501.5795791237047,327.10308391966186
198645.738006,-501.5795791237047,327.10308391966186
198647.125238,-501.5795791237047,327.10308391966186
198655.744484,-487.0624178849537,322.900748585698
198666.066225,-442.1338141146979,347.2969070656716
198676.047583,-464.8758302433586,391.01628049716527
198685.837922,-545.0558131901225,364.0328855620843
198698.431399,-576.2036586476005,395.051710619977
198699.228511,-580.4074038626479,415.3415807863914
198699.229203,-580.4074038626479,415.3415807863914
198701.206966,-580.3829415632481,424.38042844542434
198711.710073,-501.5795791237047,327.10308391966186
198788.381352,-585.44050779763,409.6753384426424
198788.382038,-585.44050779763,409.6753384426424
198789.712173,-585.44050779763,409.6753384426424
198799.975625,-585.44050779763,409.6753384426424
198811.002076,-585.44050779763,409.6753384426424
198820.000524,-573.1064014716152,411.9501588819919
198829.974859,-557.3642984714495,375.0821921690657
198840.009204,-504.0057714889925,324.1091993887566
198849.658648,-441.8667005603426,343.8836460673104
198859.692046,-331.231306083233,385.3151883339253
198869.987028,-231.84281632201623,418.3194664366261
198879.996535,-146.95027695946345,445.7436389634624
198890.005057,-103.80235599543764,458.2407027488336
198900.28208,-5.395995831400085,500.6420224677789
198909.673829,86.32193019801592,525.8390511394596
198920.780817,103.74790805884577,532.2838268811317
198929.731382,142.1139714004588,541.6004868148744
198940.001741,184.30375513592568,571.8873459691181
198950.015614,209.4518606227759,614.2027166279859
198960.007369,339.9589193645161,684.9863893004068
198969.998775,424.3850606179665,735.6519927091788
198980.270545,444.0790963531912,746.8673032871911
199435.066661,-501.5795791237047,327.10308391966186
200096.270197,287.2304108152473,887.9162126684956
200106.259032,232.5124958720957,819.551969760939
200116.217639,129.71399960563164,764.7490526548638
200127.589799,113.70615991110928,683.7486704768977
200138.185325,149.40445911121773,593.7211106827696
200146.24038,42.69368273482767,507.36038375149474
200156.237014,-33.97776357808707,485.3552873265699
200166.548093,-59.76631507173001,475.1451438818312
200176.950073,-59.76631507173001,475.1451438818312
200186.548028,-59.76631507173001,475.1451438818312
200196.278639,-59.76631507173001,475.1451438818312
200206.264548,-79.90427693669874,459.67107267079217
200217.558473,-142.9430902283225,449.89867373290014
200226.229901,-241.45069648647265,414.4921538906193
200236.226011,-402.1238330460061,369.93194569859577
200246.551292,-455.2884943242678,381.98548747714807
200256.552316,-509.6333061995597,389.53276717113823
200266.908527,-515.1391327349713,355.0557842525612
200276.256856,-515.1391327349713,355.0557842525612
200286.267461,-515.1391327349713,355.0557842525612
200297.107884,-515.1391327349713,355.0557842525612
200306.932396,-515.1391327349713,355.0557842525612
200316.256331,-515.1391327349713,355.0557842525612
200326.549515,-515.1391327349713,355.0557842525612
200336.553171,-515.1391327349713,355.0557842525612
200346.262069,-515.1391327349713,355.0557842525612
200356.208908,-515.1391327349713,355.0557842525612
200366.261551,-515.1391327349713,355.0557842525612
200376.55225,-515.1391327349713,355.0557842525612
200386.251764,-515.1391327349713,355.0557842525612
200396.223735,-515.1391327349713,355.0557842525612
200406.57819,-515.1391327349713,355.0557842525612
200416.563367,-515.1391327349713,355.0557842525612
200426.269192,-515.1391327349713,355.0557842525612
200436.250487,-515.1391327349713,355.0557842525612
200446.243336,-515.1391327349713,355.0557842525612
200456.303999,-515.1391327349713,355.0557842525612
200466.226336,-515.1391327349713,355.0557842525612
200476.256115,-515.1391327349713,355.0557842525612
200488.932956,-515.1391327349713,355.0557842525612
200497.96074,-515.1391327349713,355.0557842525612
200506.635772,-515.1391327349713,355.0557842525612
200516.231125,-515.1391327349713,355.0557842525612
200526.547423,-515.1391327349713,355.0557842525612
200536.318356,-515.1391327349713,355.0557842525612
200546.668776,-515.1391327349713,355.0557842525612
200556.226773,-512.6615272627158,362.4949405027377
200566.317736,-512.6615272627158,362.4949405027377
200576.257488,-512.6615272627158,362.4949405027377
200586.229564,-512.6615272627158,362.4949405027377
200596.259285,-512.6615272627158,362.4949405027377
200606.263604,-512.6615272627158,362.4949405027377
200617.855622,-512.6615272627158,362.4949405027377
200626.248152,-512.6615272627158,362.4949405027377
200636.595629,-512.6615272627158,362.4949405027377
200646.255528,-513.8362672842926,362.4900685009724
200656.224343,-515.1789565215089,362.4195724514999
200666.575651,-515.0101176963426,361.39943497959
200676.909327,-515.0101179286542,361.39943458024896
200686.256285,-515.0101179286542,361.39943458024896
200696.960582,-515.6813346718386,361.3402534058068
200706.643063,-515.0061659397566,360.9630442610701
200716.658409,-515.0061659397566,360.9630442610701
200726.265672,-515.0061659397566,360.9630442610701
200736.677205,-515.0061659397566,360.9630442610701
200746.760468,-515.0061659397566,360.9630442610701
200756.887351,-515.0061659397566,360.9630442610701
200766.652183,-516.3681441983766,357.46569963589747
200776.692893,-516.009782348657,356.774190171948
200786.948586,-516.009782348657,356.774190171948
200796.610355,-516.009782348657,356.774190171948
200806.21751,-515.0338896261036,355.83913728295283
200816.610089,-514.2918870919514,356.1401275899984
200826.612735,-513.9963845919353,356.31143477640313
200836.274248,-513.0142875722236,356.0517329883377
200846.227347,-512.0905883616604,354.402165001682
200857.288825,-511.6628137012572,353.8461840573869
200867.298668,-510.92387088285017,352.71965328129784
200876.249867,-504.7169392054765,347.9119201085996
200886.550996,-503.0602540957273,346.90655914044896
200896.251194,-503.0602540957273,346.90655914044896
200906.292738,-503.0602540957273,346.90655914044896
200918.953429,-503.0602540957273,346.90655914044896
200928.057478,-503.0602540957273,346.90655914044896
200936.266862,-503.0602540957273,346.90655914044896
200946.622389,-503.0602540957273,346.90655914044896
200956.360787,-503.0602540957273,346.90655914044896
200966.888837,-503.0602540957273,346.90655914044896
200976.263531,-503.0602540957273,346.90655914044896
200986.67667,-503.0602540957273,346.90655914044896
200996.226937,-503.0602540957273,346.90655914044896
201006.935418,-503.0602540957273,346.90655914044896
201016.287076,-503.0602540957273,346.90655914044896
201026.552192,-503.0602540957273,346.90655914044896
201036.565851,-503.0602540957273,346.90655914044896
201046.567921,-503.0602540957273,346.90655914044896
201056.274298,-503.0602540957273,346.90655914044896
201066.794666,-500.4333498817945,346.79456457162235
201076.32022,-446.5867068891724,350.92366418212595
201086.629059,-464.846158212056,395.5102381675526
201096.325791,-513.471524053662,381.544975630494
201108.673157,-550.2919620487927,334.6307429141421
201116.212984,-526.1434757388839,241.67054261568416
201126.246994,-501.39297609792254,173.7447644506093
201136.254444,-495.3212693492101,154.01171256644315
201146.267618,-473.9740186681601,85.10150653270608
201156.954392,-448.1844532130265,-10.338912897405748
202086.274546,-461.4073056757121,1.3779826035469092
202096.65961,-493.8217218925744,122.7169183419125
202106.875731,-495.8811978625618,132.14879118214867
202116.260518,-515.7633239497802,200.2778724040222
202127.028969,-523.4290950232472,313.8345754380988
202136.590004,-451.1245270718411,342.28764258292847
202146.555441,-380.02665156798463,370.5988975301655
202156.261677,-278.1139640367391,404.12565789126114
202166.261043,-193.4343995458617,426.8484981406258
202176.261402,-96.0517976240783,463.5329924692556
202186.265467,24.670478921739928,510.080056270913
202196.227587,106.67184612599176,531.0639545983403
202206.23661,188.3575724254533,561.8770920472972
202216.288504,312.7583929573857,622.2159586233039
202226.289065,398.5590847671342,657.3916527574208
259341.195585,-585.2405064417841,393.4384003978655
259350.19447,-569.7422201393701,327.0595239817315
259360.191766,-551.8960093435769,299.1539410767045
259369.309247,-527.7636229951053,239.9537716892412
259379.226502,-507.6530403543176,176.55324015984664
259389.240476,-490.2198560731992,121.5907110615018
259399.553303,-474.60529845406097,82.69931062710783
259409.623309,-479.9389378953592,68.19273595105294
259419.275714,-478.8589066134394,16.399686781704258
259429.812111,-450.8164867743659,-61.55302445511386
268633.719961,429.3295535634144,857.836675715149
268642.384243,372.71905559072127,821.0981715671835
268652.488,343.5620266387669,809.7723357374779
268662.384397,295.1213929755035,768.7668631879524
268672.623903,241.1397367542298,708.5477562652965
268682.384593,223.1462151067219,679.9921098913721
268692.478565,211.1519809835844,667.8518885581387
268703.723362,199.4763755730689,657.9654903338594
268712.389355,199.4763755730689,657.9654903338594
268724.327442,185.43293470344767,649.3350258745158
268734.600456,153.57573068999446,600.1202067917785
268742.389885,100.18886412544342,542.2548898553981
268752.389365,33.700657817604366,513.4534699266562
268762.388121,-56.97623252992972,484.2467089775736
268772.388061,-114.41740726591716,461.1024917864128
268782.385338,-185.65271850057735,438.1545159983357
268792.44828,-217.7161656825028,426.109342193587
268802.68992,-231.6135103298313,427.0300008543344
268813.730002,-280.01829810678225,412.95113438728765
268823.723436,-399.82828431715245,372.8056840206829
268836.908354,-453.4736877006579,365.8702679460502
268842.397232,-473.0528213428125,392.967053992602
268855.824405,-498.3611648393339,384.61422264199706
268861.366189,-498.3611648393339,384.61422264199706
268862.332003,-498.3611648393339,384.61422264199706
268862.420214,-498.3611648393339,384.61422264199706
268873.890652,-498.3611648393339,384.61422264199706
268882.387623,-498.3611648393339,384.61422264199706
268892.445332,-498.3611648393339,384.61422264199706
268902.447239,-498.3611648393339,384.61422264199706
268912.741979,-498.3611648393339,384.61422264199706
268923.946094,-498.3611648393339,384.61422264199706
268933.740282,-498.3611648393339,384.61422264199706
268944.526048,-498.3611648393339,384.61422264199706
268952.498024,-498.3611648393339,384.61422264199706
268963.741353,-498.3611648393339,384.61422264199706
268974.105692,-498.3611648393339,384.61422264199706
268982.420984,-498.3611648393339,384.61422264199706
268993.830203,-498.3611648393339,384.61422264199706
269003.464364,-498.3611648393339,384.61422264199706
269012.381124,-498.3611648393339,384.61422264199706
269022.385832,-498.3611648393339,384.61422264199706
269033.744766,-506.6651960943482,384.1223003031161
269043.745654,-506.6651960943482,384.1223003031161
269052.385337,-506.6651960943482,384.1223003031161
269063.745452,-515.7868836030916,365.45332456835774
269073.736147,-515.7868836030916,365.45332456835774
269083.735932,-515.7868836030916,365.45332456835774
269092.402117,-515.7868836030916,365.45332456835774
269102.644377,-515.7868836030916,365.45332456835774
269112.444492,-515.7868836030916,365.45332456835774
269122.383789,-515.7868836030916,365.45332456835774
269134.820067,-517.2763207537408,356.69967829311884
269142.378722,-517.8337974782128,352.4056967047664
269152.938642,-518.225518676579,352.38297836422265
269162.329206,-518.225518676579,352.38297836422265
269172.396984,-518.225518676579,352.38297836422265
269182.745383,-504.9721559159953,333.6839256004793
269192.656885,-500.2618520946596,335.60047135429505
269203.873624,-501.5361727429454,334.3549576333234
269214.747593,-501.5361727264359,334.3549576333234
269222.372293,-501.5361727264359,334.3549576333234
269232.360761,-501.5361727264359,334.3549576333234
269242.657121,-497.6761737741861,332.38438129131964
269252.396217,-478.35638640602434,332.4655674565727
269262.376983,-426.9768735478645,348.5194437976733
269266.044608,-372.2278710439495,370.8516305710746
269272.377658,-344.43290577289537,379.55346735080366
269282.895224,-307.37834887456427,394.1455294164381
269292.40221,-200.5073452286588,429.4467368735001
269303.757049,-79.91422686302836,468.6556085660914
269312.40241,-2.9374142262824683,500.0475777465173
269322.402069,55.08317879609613,521.9429153816096
269332.997487,112.75699285696012,549.7143496190356
269342.694133,163.32557377219393,563.6316823385723
269352.397385,242.16812613966272,587.3019882609156
269363.790986,322.2444948009878,619.7632194233972
269373.514587,406.1510382594172,659.8935507954985
270282.414275,418.2679682733471,121.54501673471812
270292.401348,357.2469651006204,66.84844452353946
270303.749694,302.33917244800483,26.079230361815164
270312.392624,247.95859666405923,69.39162627162682
270322.403666,225.25272906173376,97.77968129695138
270333.869003,225.25272906173376,97.77968129695138
270342.750281,-41.57053935114594,414.0291164326389
270353.750909,-72.2483948922972,417.4685883764854
270362.474009,-43.85033110116798,450.4339998252034
270372.401966,-37.328290923312906,482.5845126496783
270383.993394,15.007499169411474,511.4348854924383
270393.750403,47.881642004514,524.8412195322451
270402.639796,47.881642004514,524.8412195322451
270412.375245,75.12492640195501,533.4955262983666
270422.525966,117.1587107514081,544.2060844096231
270435.192182,154.15954827092426,556.2244616176458
270442.40001,175.12348438935055,598.5313754004208
270455.166128,173.14432036264228,601.0242568402422
270463.75443,117.86946011397336,690.0103510997503
270474.077877,118.60711822901304,774.705404996904
270482.401075,207.0875033082361,824.0390356449354
270492.478304,287.9943524706308,874.1236348306245
270502.395092,286.8668221308577,903.493057121172
270512.460316,278.0045031720022,907.0844837999864
270522.396394,277.22419205411234,905.516504367259
270532.516971,277.22419205411234,905.516504367259
270542.392972,277.22419205411234,905.516504367259
270552.497543,277.22419205411234,905.516504367259
270562.752214,277.22419205411234,905.516504367259
270573.970212,293.9839560759076,898.2052278996584
270583.757778,222.3811403889749,819.2609493205849
270593.831016,136.21564440310328,787.8594953990711
270602.574061,101.8805386436666,700.7429598835224
270613.749416,158.698772446049,603.4833804185388
270622.59299,125.38547550152845,561.5498955098313
270632.403357,59.6252647002789,515.45274511511
270642.402008,-66.56580107876339,472.3561758211153
270652.397979,-140.73315340129676,449.98640351765897
270662.400297,-151.1890975711684,445.1461286107864
270672.398023,-180.20238865944097,433.0771250071715
270683.753695,-232.296550818333,411.64737511198535
270693.755498,-295.21886086986507,403.9020452446247
270704.409432,-402.6130706917848,363.7699136632695
270712.395184,-447.74020544536063,357.3668988686919
270722.398028,-453.7624682445859,393.6413611061012
270732.379722,-477.41435588704405,386.49650514911167
270743.396863,-477.41435588704405,386.49650514911167
270753.754254,-480.1549652756139,382.3591580337956
270762.958044,-493.97916375814566,372.73579349819954
270772.795666,-499.31956834743977,365.75674153220746
270783.75031,-513.7952059194298,357.89941103352163
270794.611627,-513.7952059194298,357.89941103352163
270804.618499,-513.7952059194298,357.89941103352163
270806.062039,-513.7952059194298,357.89941103352163
270812.456913,-513.7952059194298,357.89941103352163
270823.750145,-513.7952059194298,357.89941103352163
270832.394991,-513.7952059194298,357.89941103352163
270842.636903,-513.7952059194298,357.89941103352163
270852.401237,-507.7941513025395,353.4435066395268
270862.395612,-507.7941513025395,353.4435066395268
270872.397357,-507.7941513025395,353.4435066395268
270882.401491,-507.7941513025395,353.4435066395268
270892.792288,-507.7941513025395,353.4435066395268
270902.782929,-507.7941513025395,353.4435066395268
270912.399546,-507.7941513025395,353.4435066395268
270925.688583,-507.7941513025395,353.4435066395268
270932.830314,-507.7941513025395,353.4435066395268
270942.395443,-507.7941513025395,353.4435066395268
270952.640156,-507.7941513025395,353.4435066395268
270962.397253,-507.7941513025395,353.4435066395268
270972.426742,-507.7941513025395,353.4435066395268
270982.397518,-507.7941513025395,353.4435066395268
270992.40405,-507.7941513025395,353.4435066395268
271002.634497,-507.7941513025395,353.4435066395268
271013.034655,-517.239017971481,357.5042682406616
271022.401684,-516.0185329761744,352.1891699618738
271032.400665,-516.0184811954625,352.18911473732817
271075.624483,-478.5876529164241,337.18499478386696
271075.625265,-478.5876529164241,337.18499478386696
271077.420131,-478.5876529164241,337.18499478386696
271087.38327,-403.4770084651358,368.57669105521546
271093.47023,-370.3242123986497,378.9346191609561
271097.415929,-368.9830080342477,379.1621637154843
271107.391268,-322.5927071609397,397.5497964891288
271117.427519,-248.258450803284,424.71735955306906
271127.716903,-183.43101393328283,446.0975248534522
271138.970489,-100.46789841452107,467.7010365927288
271147.411695,-42.302101676381234,494.1991434679826
271157.419526,24.90078720489955,515.5750076327586
271167.72094,37.55777783301259,521.452904975711
271177.711402,37.55777783301259,521.452904975711
271187.935029,37.55777783301259,521.452904975711
271197.4273,40.81739619678333,522.1452544310245
271207.717913,85.39695816603243,538.4615715474014
271217.423065,112.36157281460088,544.426192514515
271227.711875,150.6973825446605,550.0335260622379
271237.743659,186.4925367074331,569.225547046136
271247.726679,234.76276050206252,593.5086638343314
271258.677501,306.3170583344118,628.6395309178666
271267.415472,366.42637095570416,656.1057040740773
271277.415335,412.47533421655135,673.0760688661676
271883.983164,431.8231971676771,129.66483944057524
271893.365129,365.1456762700472,72.29906856068257
271903.382808,354.404235965238,68.44085041605429
271913.344973,354.404235965238,68.44085041605429
271923.64056,344.4749933439831,66.10232580070397
271933.652801,341.8923708548788,65.60145749072528
271943.639813,341.8923708548788,65.60145749072528
271953.333463,341.8923708548788,65.60145749072528
271963.324698,341.8923708548788,65.60145749072528
271973.328302,341.8923708548788,65.60145749072528
271983.330415,341.8923708548788,65.60145749072528
271993.323447,341.8923708548788,65.60145749072528
272003.627158,341.8923708548788,65.60145749072528
272013.33098,341.8923708548788,65.60145749072528
272023.300686,341.8923708548788,65.60145749072528
272033.323906,334.5390022123058,59.44837044546396
272043.323271,285.0915389478742,16.202636332056578
272053.360416,228.59969519692848,-41.57861107050108
279544.139633,-441.5918255081373,-30.40110887664671
279552.862914,-472.2318836700249,101.67895648482845
279565.370112,-486.0618573080329,163.25651194845275
279572.831619,-486.0618573080329,163.25651194845275
279582.84524,-491.6025083825497,174.48861565483486
279593.141245,-493.55923683858254,217.23783482134536
279603.155564,-500.9244963396553,218.3079178277751
279613.14039,-482.7197462491886,132.893473241595
279623.167391,-460.78991818737535,49.27680812454715
279632.853305,-430.4525900325712,-57.27753121671648
282896.04638,-441.0555453143932,-45.39115449239193
282906.644522,-465.8082000785173,54.27776980382308
282917.285534,-493.7095830713546,150.78747218688042
282926.341613,-529.0426246880555,276.1248834854525
282936.348044,-521.6298023916406,319.3063554043209
282947.625377,-454.1978270118004,344.94945432836727
282957.315895,-356.7722547895757,378.9411873002783
282966.430909,-336.4807794536045,321.6924302163706
282976.378301,-322.28257753200506,269.1986844223392
282986.36676,-322.28257753200506,269.1986844223392
282997.205736,-313.2307777785312,266.28578941607174
283006.048845,-313.2307777785312,266.28578941607174
283016.046958,-313.2307777785312,266.28578941607174
283026.064772,-313.2307777785312,266.28578941607174
283036.368301,-313.2307777785312,266.28578941607174
283046.437456,-333.64096597698045,249.3874742262325
283056.785281,-360.38218153189166,247.69274772348456
283066.019575,-378.2907096888813,247.6140429238124
283076.490807,-401.0026247221775,244.8073059997216
283086.020874,-401.0026247221775,244.8073059997216
283096.060436,-401.0026247221775,244.8073059997216
283106.376095,-401.0026247221775,244.8073059997216
283116.020563,-401.0026247221775,244.8073059997216
283126.05031,-391.2355702940322,238.7998775209083
283136.0175,-391.2355702940322,238.7998775209083
283146.061534,-391.2355702940322,238.7998775209083
283156.068815,-391.2355702940322,238.7998775209083
283166.006825,-391.2355702940322,238.7998775209083
283176.069032,-391.2355702940322,238.7998775209083
283186.042617,-391.2355702940322,238.7998775209083
283196.037219,-406.4439685968623,243.02446353375836
283206.510182,-420.0085340721597,230.16138265215844
283216.042652,-504.4590131544078,212.8466924417827
283226.01058,-539.0008632150995,280.4746607475012
283236.320881,-507.3507016818088,321.47217533981177
283248.236266,-464.6313937944303,341.511934923233
283257.155284,-408.9298949081829,370.42252967208697
283266.014095,-327.1917903430205,396.3261922657866
283276.010059,-222.06398794404356,432.1214085071889
283286.678686,-112.330505688439,460.2244497051779
283296.580541,-108.97191564556292,460.0180868487093
283306.049554,-108.97191564556292,460.0180868487093
283317.224094,-64.63486259273209,474.42615581204575
283326.718847,18.620781899693736,510.01161352647495
283336.06937,89.92652184838005,542.9546473640276
283346.100897,89.92652184838005,542.9546473640276
283356.871288,89.92652184838005,542.9546473640276
283366.053873,96.0339622662522,538.5502776284477
283377.673655,182.54587659182135,568.4812573351519
283386.035581,144.62603399311462,588.6683040527104
283396.048567,103.26885558517507,588.3663378616319
283406.04553,57.92046583390469,640.8617113660175
283416.025393,32.05184411443272,675.7685352138112
283426.066969,11.705750565118304,700.7059937987266
283436.79741,-12.078710234886245,734.5600089306232
283446.531994,-12.078710234886245,734.5600089306232
283456.67034,18.385152331753524,766.8017607556004
283466.500969,112.22632244332728,821.4606153456556
283476.35258,110.23408613965812,861.2833247012135
283486.369055,102.44534382404876,911.2593461336398
283556.078693,294.1410694982585,903.0915883241368
283566.043765,294.1980454675755,894.2536856878686
283576.050422,289.1008998506837,865.1527719195118
283586.439745,360.424168122188,782.4861191730436
283777.045858,375.1622957148073,94.2013239346184
283786.020768,298.51746203738327,35.56340660764454
283796.213178,208.86965351679808,109.17759427945138
283806.542371,208.86965351679808,109.17759427945138
283816.014243,208.86965351679808,109.17759427945138
283826.00936,-111.9411249333438,481.6984463076488
283836.020961,-169.7781674151179,552.4929958301839
283846.009576,-215.32377910009652,602.495812998827
283856.01638,-265.5158713614803,667.2925864255574
283866.060114,-315.2866355308829,699.3169448639138
283876.06962,-369.0043891420607,774.1888561933288
283887.100253,-403.5374449950804,782.1654100277191
283896.119691,-470.4034605316056,749.0888133718307
283906.368693,-556.1163802190267,696.2871675895922
283932.071821,-562.2774407807525,604.1317473906125
283932.072472,-562.2774407807525,604.1317473906125
283933.069981,-562.2774407807525,604.1317473906125
283944.045652,-561.0049570491555,597.4713033655214
283953.098494,-563.8873974211252,576.6983783361574
283963.391695,-552.9121453602105,537.3187892528442
283973.457548,-540.8866536411349,530.4693237153184
283983.375374,-515.9805882030045,550.6662871027678
283993.075314,-515.9805882030045,550.6662871027678
284004.608842,-515.9805882030045,550.6662871027678
284013.047542,-515.9805882030045,550.6662871027678
284023.164621,-449.1915676242404,589.874993944983
284033.057469,-388.1234951703207,609.3712194448633
284043.157124,-366.4693833707242,585.7402048246703
284067.194166,-488.6587457209564,466.5456743128805
284067.194858,-488.6587457209564,466.5456743128805
284069.069231,-513.3872330599859,453.93305147254017
284078.885558,-559.5349078843711,434.2577618315138
284088.681477,-567.8753021481043,429.9515057764805
284101.543526,-563.2546071290034,392.8824361793016
284108.251657,-534.5113104801595,294.3582612937321
284121.309746,-503.3035789996002,184.2738786952149
284128.303228,-462.8852031709064,48.33979696838631
284138.376345,-427.41042725552455,-68.2763892858114
287923.715383,340.5791275304828,52.21158739756935
287923.716049,340.5791275304828,52.21158739756935
287925.420642,320.80107308691885,35.2471941618392
287935.724851,311.15156351308946,28.338873898948687
287945.542276,311.15156351308946,28.338873898948687
287955.543688,311.15156351308946,28.338873898948687
287965.215385,304.1507692915102,19.71741675579578
287975.204266,203.4253512543077,-54.66037561982729
288224.741743,-469.9827039238405,22.063652048847555
288235.072661,-500.2402485450038,115.80731435404309
288245.065045,-537.4682468720941,219.8213937172158
288260.872,-497.4467335502548,330.9754231734023
288265.049012,-450.6520830265544,368.2397944193449
288275.857278,-480.5421965952842,389.7776031111412
288285.045589,-512.6798782544464,369.59401102252014
288296.427024,-512.8266993996817,356.75029580795666
288304.708913,-512.8266993996817,356.75029580795666
288314.710686,-512.8266993996817,356.75029580795666
288325.300855,-512.8266993996817,356.75029580795666
288334.976327,-512.8266993996817,356.75029580795666
288344.751265,-513.6886167994938,346.61347305455325
288355.044825,-513.6886167994938,346.61347305455325
288365.045202,-513.6886167994938,346.61347305455325
288375.039955,-513.6886167994938,346.61347305455325
288385.533153,-513.6886167994938,346.61347305455325
288394.728131,-513.6886167994938,346.61347305455325
288405.04818,-513.6886167994938,346.61347305455325
288414.748598,-513.6886167994938,346.61347305455325
288424.718368,-513.6886167994938,346.61347305455325
288434.716213,-513.6886167994938,346.61347305455325
288444.742748,-513.6886167994938,346.61347305455325
288455.047605,-513.6886167994938,346.61347305455325
288464.732871,-513.6886167994938,346.61347305455325
288475.051362,-513.6886167994938,346.61347305455325
288485.073034,-516.547407673805,340.40100303374084
288495.042751,-516.547407673805,340.40100303374084
288505.052927,-516.547407673805,340.40100303374084
288515.035916,-516.547407673805,340.40100303374084
288525.051737,-516.547407673805,340.40100303374084
288534.708268,-516.547407673805,340.40100303374084
288545.197845,-516.547407673805,340.40100303374084
288554.703851,-516.547407673805,340.40100303374084
288564.74238,-516.547407673805,340.40100303374084
288574.750197,-506.8398015857819,336.8452434531449
288584.73283,-502.6028185817971,339.1496276570447
288594.742338,-507.0137985861912,339.70126920660647
288604.731884,-513.914801445146,343.9548906027438
288615.044971,-516.1633792969202,351.33466710989484
288624.745724,-514.7592441356421,351.5291079642599
288634.712627,-515.3571702734579,349.9523139216048
288644.707447,-520.9087965258025,349.98616976590523
288654.73821,-523.5942067077608,349.8280846852674
288666.511355,-523.5942067077608,349.8280846852674
288674.698088,-523.5942067077608,349.8280846852674
288685.198824,-523.5942067077608,349.8280846852674
288694.719445,-523.5942067077608,349.8280846852674
288704.745382,-523.8896998970292,349.81543809683484
288715.035139,-523.8869386431024,349.81586405669947
288724.742204,-523.8869386431024,349.81586405669947
288734.710094,-523.8869386431024,349.81586405669947
288744.749166,-523.8869386431024,349.81586405669947
288755.051462,-523.8869386431024,349.81586405669947
288764.735403,-496.41183180533625,336.0355283980561
288774.729453,-493.38619556789206,332.2432132289802
288785.046553,-494.7180443732492,331.3257867715481
288795.037017,-495.3669715954625,331.06197069914805
288805.044543,-499.8160331441744,333.40066487239574
288815.051051,-499.8160331441744,333.40066487239574
288824.744469,-509.51387538509096,337.2892497307343
288837.22321,-509.51387538509096,337.2892497307343
288844.705854,-508.7064012331448,337.93760204778874
288854.69482,-507.0874361314712,340.9680266040326
288864.716481,-507.08743601531546,340.9680268489365
288874.768972,-507.14773484463706,339.523199777273
288885.25899,-495.08961451576187,317.8483417004942
288895.042578,-422.6021459126275,342.3051405465573
288904.747129,-314.98634381887416,392.3381494078967
288915.041267,-176.33758991306004,425.6696010407036
288924.742861,-115.44641040354908,440.5805121807605
288934.770828,-113.29860034383697,441.7562827824069
288944.74186,-113.29860034383697,441.7562827824069
288954.704302,-113.29860034383697,441.7562827824069
288964.719262,-53.326072491573335,462.7749676148167
288975.164255,57.06957127692108,508.5847467065583
288984.740733,92.33336449243066,525.9902192143248
288994.707871,92.33336449243066,525.9902192143248
289004.741804,92.33336449243066,525.9902192143248
289015.135602,101.4580140358403,529.2114425891162
289024.749814,152.57377118382928,549.4365588947678
289035.245994,163.34562667703884,554.8091855403245
289041.003858,163.34562667703884,554.8091855403245
289044.747075,163.34562667703884,554.8091855403245
289054.723046,163.34562667703884,554.8091855403245
289065.642341,163.34562667703884,554.8091855403245
289074.736192,163.34562667703884,554.8091855403245
289085.48209,163.34562667703884,554.8091855403245
289095.405646,163.34562667703884,554.8091855403245
289105.222867,163.34562667703884,554.8091855403245
289115.350728,163.34562667703884,554.8091855403245
289125.180126,163.34562667703884,554.8091855403245
289134.717596,163.34562667703884,554.8091855403245
289144.74793,163.34562667703884,554.8091855403245
289155.1431,167.81154741769635,560.0465270592324
289165.013636,189.34993237235372,574.9266233209769
289175.045417,191.2267124213444,584.5269356460158
289184.752541,191.2267124213444,584.5269356460158
289195.039923,191.2267124213444,584.5269356460158
289205.948654,191.2267124213444,584.5269356460158
289215.067748,191.2267124213444,584.5269356460158
289225.137869,169.55198439566345,595.0688171701877
289235.119455,123.5240943561912,559.276267552283
289244.711687,120.12711683893566,553.4032235584078
289255.200492,120.12711683893566,553.4032235584078
289265.04193,120.12711683893566,553.4032235584078
289275.053469,119.96297811931912,541.1887001454983
289284.713837,162.4951803311927,493.7064673701513
289288.882934,215.11202218552373,462.66274995049616
289294.752794,240.8339871110484,442.1678357378817
289304.760814,303.3020112331537,395.4991676268848
289317.427106,303.3020112331537,395.4991676268848
289325.329228,312.19612504586485,388.4826390046632
289335.055052,385.1133726001786,331.3068574322156
289345.395365,440.5553750268746,291.3496103027157
344380.75783,-77.68189721026658,878.530856328145
344390.758108,-79.96625803719053,790.2582513110464
344400.759008,-83.13542960477564,707.9198072038498
344410.757012,-89.02119162811637,671.867350717167
344420.736462,-135.7951130749827,707.0362168959501
344430.736868,-196.5976127913799,746.8884179590098
344442.753815,-219.78529891015168,770.9916230101832
344450.758373,-232.50099551674705,780.8306822090263
344460.757273,-247.5308499020588,793.7174025202081
344470.756792,-282.1567464752227,815.328707208482
344480.757992,-308.9991987659066,900.798450984164
344540.738145,-359.69768244241845,902.6095330857248
344550.736889,-417.1506393789765,883.228193051611
344562.113807,-449.5500217168857,873.3698757313819
344572.113522,-464.7616121647554,872.3896363429877
344580.762443,-469.5574412890371,879.5293873535452
344591.114338,-488.0775391884809,902.2840067534446
367000.908357,273.7933254558623,848.2349941272022
367003.226346,273.7933254558623,848.2349941272022
367011.766299,178.40928350330614,802.4900700479988
367021.735257,100.77877167088891,748.7665797215025
367031.731477,138.38497468188646,632.1596906953414
367041.88199,149.93975880539108,614.7854895270912
367051.790369,120.57836700071732,558.1536388843408
367062.080142,20.796935563612987,502.5112995574504
367072.067361,-52.91015103447785,471.45166814081057
367081.733848,-56.88962499984223,470.3625329640982
367092.764308,-56.88962499984223,470.3625329640982
367101.780807,-56.88962499984223,470.3625329640982
367111.775156,-69.78904916307035,471.67485831838434
367121.75939,-111.5522948639384,474.2399420128157
367131.724318,-107.54040495659277,528.6928839588475
367141.765295,-89.02057342806086,607.6845991399155
367153.791794,-76.73317657488337,680.350615019171
367161.940531,-123.0535596623819,728.5907514556418
367173.251458,-197.72330282077377,791.5809144454751
367182.575203,-279.7360705342063,840.6159155256478
367196.925977,-304.37015852556834,888.9115837791959
367243.147411,-363.5516935988508,903.1026718690272
367251.898907,-399.48612930142673,890.890767664069
367261.734732,-424.3940903725328,880.0601267659089
367271.731989,-424.3940903725328,880.0601267659089
367281.840778,-424.3940903725328,880.0601267659089
367292.569465,-424.3940903725328,880.0601267659089
367301.768336,-424.3940903725328,880.0601267659089
367312.344364,-424.3940903725328,880.0601267659089
367322.130326,-424.3940903725328,880.0601267659089
367333.124125,-424.3940903725328,880.0601267659089
367342.056558,-424.3940903725328,880.0601267659089
367351.730566,-424.3940903725328,880.0601267659089
367362.869488,-424.3940903725328,880.0601267659089
367371.889168,-424.3940903725328,880.0601267659089
367381.73942,-424.3940903725328,880.0601267659089
367392.466349,-424.3940903725328,880.0601267659089
367401.736965,-424.3940903725328,880.0601267659089
367412.423342,-424.3940903725328,880.0601267659089
367421.736007,-424.3940903725328,880.0601267659089
367432.010344,-424.3940903725328,880.0601267659089
367441.801326,-424.3940903725328,880.0601267659089
367452.057148,-424.3940903725328,880.0601267659089
367462.675209,-424.3940903725328,880.0601267659089
367474.427806,-424.3940903725328,880.0601267659089
367483.543559,-424.3940903725328,880.0601267659089
367491.769381,-424.3940903725328,880.0601267659089
367501.74646,-424.3940903725328,880.0601267659089
367512.340444,-424.3940903725328,880.0601267659089
367521.768241,-424.3940903725328,880.0601267659089
367532.060755,-424.3940903725328,880.0601267659089
367542.068177,-427.7922572126993,878.7290545025751
367552.052601,-427.7922572126993,878.7290545025751
367562.05927,-427.7922572126993,878.7290545025751
367572.077983,-427.7922572126993,878.7290545025751
367581.784764,-427.7922572126993,878.7290545025751
367591.768094,-427.7922572126993,878.7290545025751
367602.070166,-427.7922572126993,878.7290545025751
367611.876402,-427.7922572126993,878.7290545025751
367623.133646,-427.7922572126993,878.7290545025751
367631.798488,-427.7922572126993,878.7290545025751
367641.839019,-427.7922572126993,878.7290545025751
367653.134061,-427.7922572126993,878.7290545025751
367661.778859,-427.7922572126993,878.7290545025751
367671.797439,-427.7922572126993,878.7290545025751
367681.729588,-427.7922572126993,878.7290545025751
367692.039416,-427.7922572126993,878.7290545025751
367701.933802,-427.7922572126993,878.7290545025751
367711.767959,-427.7922572126993,878.7290545025751
367723.062446,-427.7922572126993,878.7290545025751
367731.852961,-427.7922572126993,878.7290545025751
367741.739599,-427.7922572126993,878.7290545025751
367751.768929,-428.3445547260583,878.9894755367009
367762.115394,-428.3445547260583,878.9894755367009
367771.739759,-447.1253041006945,875.948149926634
367781.753444,-502.02007996748,864.5363826452166
367792.390691,-495.7915996081459,831.8903408375058
367802.062743,-475.4633422249496,775.8915107264136
367811.732427,-463.34011640259325,761.8860004442029
367822.061966,-445.5573930504906,720.8378449965594
367832.936242,-420.932242336287,680.4308689620829
367841.793823,-395.1401753828284,641.1565594688229
367851.803791,-379.75479083198326,603.5322120924563
367862.263513,-355.56436445895446,549.6384734386701
367872.822184,-366.04319492122977,543.0731412329117
367881.874281,-516.0545611617947,454.00937005006176
367891.795092,-571.2915152934922,410.3660483174984
367901.743016,-529.9164339860164,316.65600057930754
367911.778254,-478.24927319608247,334.3842886180751
367921.784994,-420.6946877414732,358.35289373640114
367931.738001,-315.8810722553843,397.7224097969112
367943.244152,-216.37448044483412,425.6122726188796
367951.735737,-123.08537404223584,455.841357968522
367961.777706,-108.8795798532869,459.6276934366497
367973.133769,-108.8795798532869,459.6276934366497
367981.734289,-108.8795798532869,459.6276934366497
367991.740139,-108.8795798532869,459.6276934366497
368001.796511,-81.00998199064892,466.6668307707845
368011.801408,4.068977031089525,500.0659162466828
368021.737981,113.06126732771588,540.7100161755752
368031.735814,185.3408290703093,571.640205903037
368041.761685,188.01278955780268,580.5798035089613
368051.736187,188.01278955780268,580.5798035089613
368061.727654,188.01278955780268,580.5798035089613
368071.742355,185.6146027261836,587.8990080884804
368082.534386,184.4500450380849,591.1858091088455
368091.764637,184.4500450380849,591.1858091088455
368101.735576,184.4500450380849,591.1858091088455
368111.73836,184.4500450380849,591.1858091088455
368121.883396,148.48098695576144,594.0957084321569
368131.781827,95.96386738424324,538.3568146469183
368141.782082,-16.396959579516977,488.3953089444937
368151.995629,-41.38853805580525,478.6737002936565
368161.772068,-41.38853805580525,478.6737002936565
368171.732566,-41.38853805580525,478.6737002936565
368181.765149,-72.7179384562984,463.2088980394198
368191.771759,-125.74562929163692,453.9144072289173
368202.067861,-192.29314507157173,424.89479663202496
368211.81369,-206.0242160197941,422.1630439423399
368223.300134,-235.7799840744981,414.9348010083182
368231.735424,-313.7629804648048,387.717960998748
368241.928331,-377.1081111051833,369.0059722542346
368251.780662,-423.716826707504,347.7633880097314
368261.836353,-452.9852217219731,372.9876875635921
368271.82667,-473.3221629332701,391.0484185455879
368281.74354,-532.1621592204726,370.38597133814574
368291.787093,-532.0838563556963,283.27572257144084
368301.940209,-512.4641603559432,201.8117774043566
368312.45898,-500.1515783789241,164.9092553457578
368322.085032,-474.8556152381409,82.24559778203084
368331.905591,-455.5173554410707,7.431564190228803
368342.073809,-441.9715547736464,-40.38420548429039
368351.869763,-441.9715547736464,-40.38420548429039
368362.089724,-441.9715547736464,-40.38420548429039
368373.519343,-441.9715547736464,-40.38420548429039
368381.837976,-441.9715547736464,-40.38420548429039
368391.80396,-441.9715547736464,-40.38420548429039
368402.193042,-433.3274058532201,-43.176089525148825
368411.843366,-426.2011144128903,-59.94414313439045
370311.801147,441.9763251651871,152.1131233432504
370321.802361,332.2667830186346,62.28498175177695
370331.774547,269.4748710631613,41.99107608282319
370344.718974,221.7132544055323,104.0031985669628
370351.748395,221.7132544055323,104.0031985669628
370361.745312,-54.8031918064777,405.29432224542455
370372.390799,-92.04208107588252,460.6271175837596
370381.81778,-120.69480898297722,463.6333854730312
370391.761247,-168.61798265927635,438.2954643624802
370401.868327,-239.79774687286732,412.3102305859893
370411.790984,-326.5289732046357,386.4922343427007
370421.760212,-439.34514144824567,351.7410585865855
370431.955152,-459.9995717964882,395.73492082937946
370441.748793,-508.7580105348031,380.1164960644458
370451.757053,-511.7314706282245,354.74110228887935
370454.299583,-511.7314706282245,354.74110228887935
370461.842112,-511.7314706282245,354.74110228887935
370472.42079,-511.7314706282245,354.74110228887935
370481.765629,-511.7314706282245,354.74110228887935
370494.643758,-511.7314706282245,354.74110228887935
370501.749029,-511.7314706282245,354.74110228887935
370511.742236,-511.7314706282245,354.74110228887935
370521.739533,-511.7314706282245,354.74110228887935
370531.781596,-511.7314706282245,354.74110228887935
370542.606127,-511.7314706282245,354.74110228887935
370551.805272,-511.7314706282245,354.74110228887935
370561.791136,-511.7314706282245,354.74110228887935
370572.10141,-511.7314706282245,354.74110228887935
370581.790851,-511.7314706282245,354.74110228887935
370592.090854,-511.7314706282245,354.74110228887935
370602.102412,-511.7314706282245,354.74110228887935
370613.147079,-511.7314706282245,354.74110228887935
370622.091946,-511.7314706282245,354.74110228887935
370631.764682,-511.7314706282245,354.74110228887935
370642.617008,-511.7314706282245,354.74110228887935
370651.743828,-511.7314706282245,354.74110228887935
370661.757934,-511.7314706282245,354.74110228887935
370671.793726,-511.7314706282245,354.74110228887935
370681.767715,-511.7314706282245,354.74110228887935
370691.742092,-511.7314706282245,354.74110228887935
370702.127965,-511.7314706282245,354.74110228887935
370711.77597,-511.7314706282245,354.74110228887935
370721.743853,-511.7314706282245,354.74110228887935
370731.781913,-511.7314706282245,354.74110228887935
370741.901079,-511.3084381370455,354.0079920958766
370751.771096,-511.3084381370455,354.0079920958766
370761.773678,-511.3084381370455,354.0079920958766
370771.77016,-511.3084381370455,354.0079920958766
370783.755823,-511.3084381370455,354.0079920958766
370792.345848,-511.3084381370455,354.0079920958766
370801.846852,-511.3084381370455,354.0079920958766
370812.093001,-511.3084381370455,354.0079920958766
370821.884487,-511.3084381370455,354.0079920958766
370832.12806,-511.3084381370455,354.0079920958766
370841.865216,-511.3084381370455,354.0079920958766
370851.991581,-511.3084381370455,354.0079920958766
370862.79443,-511.3084381370455,354.0079920958766
370871.754284,-511.3084381370455,354.0079920958766
370881.860379,-511.3084381370455,354.0079920958766
370892.089599,-511.3084381370455,354.0079920958766
370902.083182,-511.3084381370455,354.0079920958766
370911.945607,-511.3084381370455,354.0079920958766
370921.817012,-511.3084381370455,354.0079920958766
370931.8008,-511.3084381370455,354.0079920958766
370941.848716,-511.3084381370455,354.0079920958766
370951.832211,-511.3084381370455,354.0079920958766
370961.862008,-511.3084381370455,354.0079920958766
370976.12521,-511.3084381370455,354.0079920958766
370981.766695,-511.3084381370455,354.0079920958766
370991.796745,-511.3084381370455,354.0079920958766
371001.823157,-511.3084381370455,354.0079920958766
371011.756503,-511.3084381370455,354.0079920958766
371021.85763,-511.3084381370455,354.0079920958766
371031.943209,-511.3084381370455,354.0079920958766
371041.816691,-511.3084381370455,354.0079920958766
371051.786774,-511.3084381370455,354.0079920958766
371063.419907,-511.3084381370455,354.0079920958766
371072.561664,-511.3084381370455,354.0079920958766
371081.793466,-511.3084381370455,354.0079920958766
371091.804853,-511.3084381370455,354.0079920958766
371101.804283,-511.3084381370455,354.0079920958766
371111.793125,-511.3084381370455,354.0079920958766
371121.993535,-511.3084381370455,354.0079920958766
371134.476789,-511.3084381370455,354.0079920958766
371145.377506,-511.3084381370455,354.0079920958766
371151.888811,-511.3084381370455,354.0079920958766
371161.777724,-511.3084381370455,354.0079920958766
371172.092939,-511.3084381370455,354.0079920958766
371182.746799,-511.3084381370455,354.0079920958766
371192.080157,-511.3084381370455,354.0079920958766
371201.759331,-483.555301740308,332.3417764332316
371211.916838,-441.100260604775,338.0760569476348
371222.425377,-459.6166367004154,388.8928172396874
371231.792079,-542.5064829597724,360.1950182528066
371242.083079,-557.2657496524222,346.853999587257
371252.242649,-533.4699077357959,276.08555682498644
371255.287556,-519.6098628662025,224.8592036730965
371261.791994,-507.20511425625415,200.66028656605255
371271.755895,-490.5621129742773,146.62181808600644
371281.794301,-472.9346658220551,92.1080762582646
371291.799347,-436.40521123130304,-31.30676082941073
372912.152984,-484.43078038068313,103.264435190121
372921.798607,-510.2035998483551,178.84157863638728
372931.822317,-537.4608195351036,284.9135557167473
372943.274159,-488.3897367642418,337.94922381189315
372952.097785,-455.9261972725442,396.57656441846814
372961.762962,-499.8644873588199,385.9872462654773
372972.418376,-507.3200382552124,346.65265268286777
372982.376489,-507.3200382552124,346.65265268286777
372991.757568,-507.3200382552124,346.65265268286777
372993.032026,-507.3200382552124,346.65265268286777
373001.75252,-507.3200382552124,346.65265268286777
373013.900917,-507.3200382552124,346.65265268286777
373021.802904,-507.3200382552124,346.65265268286777
373032.648488,-507.3200382552124,346.65265268286777
373041.817472,-507.3200382552124,346.65265268286777
373052.091588,-507.3200382552124,346.65265268286777
373062.218051,-507.3200382552124,346.65265268286777
373072.106297,-507.3200382552124,346.65265268286777
373081.8165,-507.3200382552124,346.65265268286777
373092.145234,-507.3200382552124,346.65265268286777
373102.094194,-507.3200382552124,346.65265268286777
373111.790373,-507.3200382552124,346.65265268286777
373122.083223,-507.3200382552124,346.65265268286777
373132.099707,-507.3200382552124,346.65265268286777
373142.626721,-507.3200382552124,346.65265268286777
373152.100635,-507.3200382552124,346.65265268286777
373162.001651,-507.3200382552124,346.65265268286777
373171.790573,-507.3200382552124,346.65265268286777
373181.789496,-507.3200382552124,346.65265268286777
373192.225235,-507.3200382552124,346.65265268286777
373201.755782,-507.3200382552124,346.65265268286777
373211.826931,-507.3200382552124,346.65265268286777
373221.791743,-507.3200382552124,346.65265268286777
373232.099461,-507.3200382552124,346.65265268286777
373242.264204,-507.3200382552124,346.65265268286777
373252.093923,-507.3200382552124,346.65265268286777
373262.103742,-505.0183976703013,343.6526975212832
373271.758459,-505.0183976703013,343.6526975212832
373281.833738,-505.0183976703013,343.6526975212832
373294.162673,-505.0183976703013,343.6526975212832
373301.788521,-505.0183976703013,343.6526975212832
373312.032904,-505.0183976703013,343.6526975212832
373322.420458,-505.0183976703013,343.6526975212832
373331.797503,-505.0183976703013,343.6526975212832
373342.091219,-505.0183976703013,343.6526975212832
373352.099375,-505.0183976703013,343.6526975212832
373361.797205,-505.09352764012107,343.8598087508602
373372.089928,-505.0912083404958,343.85555752671894
373382.096527,-505.0912083404958,343.85555752671894
373391.798699,-505.2423622213259,342.7578220245116
373401.760275,-505.2423770170362,342.7577235927422
373411.816916,-505.2423770170362,342.7577235927422
373421.790425,-505.2423770170362,342.7577235927422
373432.02372,-505.2423770170362,342.7577235927422
373443.917355,-505.2423770170362,342.7577235927422
373451.789006,-505.2423770170362,342.7577235927422
373462.09164,-503.38899594398646,343.4904784538573
373472.099216,-502.4750800980908,344.3345435073205
373481.798798,-501.2516805974804,345.01413291252805
373492.062098,-499.84770720960137,344.9709365984122
373502.108835,-499.3450820547314,344.0085687109671
373511.85748,-498.9149365877099,342.2405473874232
373522.854346,-498.9149365877099,342.2405473874232
373531.800989,-498.9149365877099,342.2405473874232
373542.083398,-498.9149365877099,342.2405473874232
373552.094679,-498.9149365877099,342.2405473874232
373561.759371,-498.9149365877099,342.2405473874232
373572.481264,-498.9149365877099,342.2405473874232
373582.965129,-498.9149365877099,342.2405473874232
373591.797002,-498.9149365877099,342.2405473874232
373601.830415,-498.9149365877099,342.2405473874232
373611.788331,-498.9149365877099,342.2405473874232
373621.776426,-498.9149365877099,342.2405473874232
373631.796933,-498.9149365877099,342.2405473874232
373641.80843,-498.9149365877099,342.2405473874232
373651.8175,-498.9149365877099,342.2405473874232
373661.808737,-498.9149365877099,342.2405473874232
373671.808519,-498.9149365877099,342.2405473874232
373682.101399,-498.9149365877099,342.2405473874232
373691.798563,-498.9149365877099,342.2405473874232
373702.279489,-498.57213935709166,340.5646789450902
373724.569438,-498.57213935709166,340.5646789450902
373726.598117,-498.57213935709166,340.5646789450902
373726.598738,-498.57213935709166,340.5646789450902
373727.976286,-498.57213935709166,340.5646789450902
373738.380249,-498.57213935709166,340.5646789450902
373748.478846,-498.57213935709166,340.5646789450902
373758.324858,-443.0523091283096,345.8165343951027
373768.385821,-373.8943996144354,365.046170766119
373770.749137,-339.41784006742256,378.7393249923238
373778.020158,-268.97732671914616,406.99038428036806
373788.042681,-112.71607280250164,451.8192741753798
373798.054813,-50.0564935798617,408.4775433881648
373808.324633,-20.26575047005902,374.3530529118525
373828.285152,-20.26575047005902,374.3530529118525
373830.376978,251.2076808987843,61.80942888804936
373838.026366,270.7550613592086,47.19080671337301
373848.007103,270.7550613592086,47.19080671337301
373857.985424,270.7550613592086,47.19080671337301
373868.125591,270.7550613592086,47.19080671337301
373878.017051,268.8068373633653,-1.3693966434978655
443725.429154,455.97542481373074,169.13063809295386
443735.425958,409.4433628683168,122.71333433694652
443745.449372,398.1934354632789,109.82281788317718
443755.445491,321.8814425543566,50.41782568505686
443765.436873,242.5748585001399,80.21225245791828
443775.46887,186.1697929622588,149.37037510793232
443786.454064,186.1697929622588,149.37037510793232
443795.421017,-42.0553916590228,412.66313751827215
443807.400904,-71.21458426179726,427.2312879274316
443816.648994,-71.21458426179726,427.2312879274316
443825.81961,-79.20968997125942,447.3335090111074
443835.442786,-122.13795220946416,463.1842971361385
443845.443403,-147.9483579324367,451.6937917891125
443856.254326,-177.74367828271917,431.4601320272633
443866.370565,-199.4348963852438,416.1657830620094
443878.415067,-199.4348963852438,416.1657830620094
443885.419366,-199.4348963852438,416.1657830620094
443895.848808,-231.02314228354783,408.5699840820986
443906.815228,-303.2163436910491,389.61317257876254
443915.739744,-353.45869220829456,374.6706476763448
443925.791452,-353.45869220829456,374.6706476763448
443935.407797,-350.1332585159721,366.71096520037054
443945.828692,-348.66383595665513,334.5490267589775
443955.443903,-341.13074678986715,295.96508438777
443965.464181,-339.76780824544534,291.5868233217899
443975.75126,-339.76780824544534,291.5868233217899
443985.500678,-339.76780824544534,291.5868233217899
443995.753102,-339.76780824544534,291.5868233217899
444005.456562,-327.5607051002025,281.7955860205377
444015.458058,-328.2750401687099,281.13966728080726
444025.484971,-367.10107099708847,266.1593069237537
444035.406326,-402.94457435020735,251.7496329342224
444045.421841,-436.2533111588158,236.9237380086453
444057.650557,-490.5291166554696,221.98509370846264
444066.828881,-514.2739259831269,234.28129508403563
444075.472168,-532.7818294962038,287.11723433350244
444085.453622,-479.4131842206877,337.8313378967435
444098.760636,-455.9357023400829,344.4738459848007
444105.574441,-444.6019583261757,351.3075295956827
444116.595078,-391.7452629342406,369.50911964438495
444125.619736,-320.5384002941471,386.093805407111
444136.074127,-253.58105295626288,411.686696361224
444146.682566,-228.03397513081688,417.2507660750845
444155.403461,-228.03397513081688,417.2507660750845
444165.409554,-202.6905581291984,424.0959466805263
444176.719964,-125.47084771876764,469.8513423709739
444185.744773,-114.24814303294124,462.7599756752514
444195.407224,-114.24814303294124,462.7599756752514
444205.415896,-114.24814303294124,462.7599756752514
444215.397553,-108.14828356046894,457.5530280694574
444225.4174,-58.90777174828544,474.46829945524576
444235.44875,50.122950194982046,512.8121329668421
444245.441758,90.0956365061796,528.6051891837097
444255.830342,94.7667850808413,531.1076445935031
444262.30433,126.86406385646906,536.7705592553908
444265.451278,130.04983319492845,535.3817553466412
444275.74492,130.04983319492845,535.3817553466412
444291.754747,130.04983319492845,535.3817553466412
444295.455334,130.04983319492845,535.3817553466412
444305.453229,130.04983319492845,535.3817553466412
444315.453971,130.04983319492845,535.3817553466412
444326.621154,130.04983319492845,535.3817553466412
444336.697001,130.04983319492845,535.3817553466412
444346.773355,130.04983319492845,535.3817553466412
444356.737367,130.04983319492845,535.3817553466412
444365.441887,130.04983319492845,535.3817553466412
444376.386252,130.04983319492845,535.3817553466412
444385.45376,130.04983319492845,535.3817553466412
444395.827757,130.04983319492845,535.3817553466412
444405.423181,130.04983319492845,535.3817553466412
444415.893984,130.04983319492845,535.3817553466412
444430.438738,130.04983319492845,535.3817553466412
444435.439503,130.04983319492845,535.3817553466412
444445.415199,130.04983319492845,535.3817553466412
444456.158313,130.04983319492845,535.3817553466412
444465.888088,130.04983319492845,535.3817553466412
444475.464685,130.04983319492845,535.3817553466412
444485.465186,130.04983319492845,535.3817553466412
444496.858986,130.04983319492845,535.3817553466412
444505.484847,130.04983319492845,535.3817553466412
444515.485811,130.04983319492845,535.3817553466412
444526.820036,130.04983319492845,535.3817553466412
444535.484863,140.5195914518939,539.7599912340374
444545.464854,143.4228007831205,540.687127033746
444555.925342,143.4228007831205,540.687127033746
444566.818407,143.4228007831205,540.687127033746
444575.485388,143.4228007831205,540.687127033746
444588.019876,143.4228007831205,540.687127033746
444596.819828,143.4228007831205,540.687127033746
444605.507482,143.4228007831205,540.687127033746
444615.485348,143.4228007831205,540.687127033746
444625.465434,143.39946295769866,541.3862605976885
444636.128079,143.39946295769866,541.3862605976885
444645.749066,143.39946295769866,541.3862605976885
444655.449012,148.67901861552323,544.0029184374149
444667.556073,150.75621631698624,544.6574755485926
444676.25901,150.75621631698624,544.6574755485926
444685.743894,150.75621631698624,544.6574755485926
444695.407252,150.75621631698624,544.6574755485926
444705.481206,150.75621631698624,544.6574755485926
444715.751474,150.75621631698624,544.6574755485926
444725.981472,150.75621631698624,544.6574755485926
444736.490428,150.75621631698624,544.6574755485926
444745.754357,150.75621631698624,544.6574755485926
444755.426075,150.75621631698624,544.6574755485926
444765.49337,150.75621631698624,544.6574755485926
444776.121067,150.75621631698624,544.6574755485926
444786.40419,150.75621631698624,544.6574755485926
444795.763227,150.75621631698624,544.6574755485926
444805.474059,150.75621631698624,544.6574755485926
444816.133171,150.75621631698624,544.6574755485926
444827.20787,150.75621631698624,544.6574755485926
444835.649317,150.75621631698624,544.6574755485926
444845.410117,150.75621631698624,544.6574755485926
444855.840888,150.75621631698624,544.6574755485926
444865.447385,150.75621631698624,544.6574755485926
444875.468294,150.75621631698624,544.6574755485926
444887.144587,150.75621631698624,544.6574755485926
444896.065314,150.75621631698624,544.6574755485926
444905.7661,150.75621631698624,544.6574755485926
444915.74768,151.5617389960526,545.3501514564443
444925.443365,151.56173956032208,545.350151611939
444935.739491,151.56173956032208,545.350151611939
444945.735701,151.56173956032208,545.350151611939
444955.807694,161.2373990668954,548.5698373235932
444965.883725,161.2373990668954,548.5698373235932
444976.407719,161.2373990668954,548.5698373235932
444985.989672,161.2373990668954,548.5698373235932
444995.76239,161.2373990668954,548.5698373235932
445005.535412,161.2373990668954,548.5698373235932
445015.790578,161.2373990668954,548.5698373235932
445025.778257,161.52021194551492,548.3287647763177
445035.762277,171.76438714343325,552.5665241938145
445045.405228,171.76438714343325,552.5665242047693
445055.751546,171.76438714343325,552.5665242047693
445065.423297,171.76438714343325,552.5665242047693
445075.759743,171.76438714343325,552.5665242047693
445085.748041,171.76438714343325,552.5665242047693
445095.444293,171.76438714343325,552.5665242047693
445106.466082,171.76438714343325,552.5665242047693
445116.145791,171.76438714343325,552.5665242047693
445125.801284,171.76438714343325,552.5665242047693
445136.542643,171.76438714343325,552.5665242047693
445145.425376,171.76438714343325,552.5665242047693
445156.635561,171.76438714343325,552.5665242047693
445165.412189,171.76438714343325,552.5665242047693
445175.760991,171.76438714343325,552.5665242047693
445186.066238,171.76438714343325,552.5665242047693
445195.41125,171.76438714343325,552.5665242047693
445207.931777,171.76438714343325,552.5665242047693
445215.465958,171.76438714343325,552.5665242047693
445226.057266,174.4078407097354,554.054542257442
445235.797307,193.2129773750502,571.3889275737464
445245.829295,192.2864529309161,575.7407943317379
445255.751517,191.84781734996935,576.3536220441487
445265.752855,191.84781734996935,576.3536220441487
445275.747656,191.84781734996935,576.3536220441487
445285.764955,191.84781734996935,576.3536220441487
445296.118288,191.84781734996935,576.3536220441487
445305.768963,191.84781734996935,576.3536220441487
445315.757115,191.84781734996935,576.3536220441487
445325.761039,191.84781734996935,576.3536220441487
445335.439355,191.84781734996935,576.3536220441487
445345.759866,191.84781734996935,576.3536220441487
445355.421222,191.84781734996935,576.3536220441487
445367.261105,191.84781734996935,576.3536220441487
445375.762313,191.84781734996935,576.3536220441487
445385.772847,191.84781734996935,576.3536220441487
445395.748896,191.84781734996935,576.3536220441487
445405.751615,191.84781734996935,576.3536220441487
445415.462003,191.84781734996935,576.3536220441487
445425.763912,191.84781734996935,576.3536220441487
445435.421335,191.84781734996935,576.3536220441487
445446.12382,191.84781734996935,576.3536220441487
445455.761036,191.84781734996935,576.3536220441487
445467.775015,191.84781734996935,576.3536220441487
445476.598346,191.84781734996935,576.3536220441487
445485.746643,191.84781734996935,576.3536220441487
445495.470117,191.84781734996935,576.3536220441487
445506.125218,191.84781734996935,576.3536220441487
445516.315829,191.84781734996935,576.3536220441487
445526.083433,191.84781734996935,576.3536220441487
445536.47856,191.84781734996935,576.3536220441487
445545.762244,191.84781734996935,576.3536220441487
445555.449168,191.84781734996935,576.3536220441487
445565.455381,191.84781734996935,576.3536220441487
445575.75018,191.84781734996935,576.3536220441487
445585.45335,191.84781734996935,576.3536220441487
445595.483603,191.84781734996935,576.3536220441487
445605.723249,191.84781734996935,576.3536220441487
445615.482261,191.84781734996935,576.3536220441487
445625.783889,191.84781734996935,576.3536220441487
445635.483107,191.84781734996935,576.3536220441487
445645.483293,191.84781734996935,576.3536220441487
445655.523262,191.84781734996935,576.3536220441487
445664.206179,191.84781734996935,576.3536220441487
445665.462964,191.84781734996935,576.3536220441487
445676.817989,167.17228030646766,591.7421511980382
445686.803177,128.25006959739585,568.4777683720228
445697.69678,123.25259887415284,566.4942927250099
445706.816957,123.25259887415284,566.4942927250099
445715.483112,109.85828400967074,551.2840590438549
445725.483496,115.01293244180506,533.2625278939491
445735.482176,153.11842510916202,493.1639721048311
445746.354575,225.8419181481208,441.8267856939797
445755.461685,276.726049093793,404.74686013227927
445765.480758,301.38149402029205,379.7288823741903
445776.818119,301.38149402029205,379.7288823741903
445785.522193,301.38149402029205,379.7288823741903
445795.480967,301.38149402029205,379.7288823741903
445805.482183,301.38149402029205,379.7288823741903
445816.062111,307.9394783048554,372.4569108546505
445826.816784,370.04620993394656,328.814015625222
445835.481758,446.42835105878873,270.385563287082
445946.972238,191.84781734996935,576.3536220441487
446005.470485,385.278721140521,101.22448051052947
446016.133448,312.38908405195474,42.54069027890369
446025.417248,245.3780098829897,-15.000284912349109
446035.437338,206.1115928933576,-50.99179127369997
446045.456199,206.1115928933576,-50.99179127369997
446055.981222,206.1115928933576,-50.99179127369997
446057.665341,191.84781734996935,576.3536220441487
446067.105941,196.7706901344217,-58.754508905004826
446178.355744,0.343927762170954,-48.11335170839121
446185.462426,-2.6912398499339747,27.778409045983828
446196.135845,-59.9202688597753,32.91841181330096
446207.245243,-73.68813237603902,90.90772448658775
446219.029559,-135.70731856907017,145.5106960493311
446225.761119,-218.3281736244585,157.49487610505588
446236.30504,-254.14475180277407,153.53367224759668
446245.746376,-289.31560070434165,124.74272463486784
446256.025682,-313.45868278403674,100.37434687509057
446266.231854,-325.89265524387145,97.3780557303006
446275.743551,-326.35147812727143,33.009276307483645
446285.476669,-310.6213680474148,-1.835992936265982
446295.463453,-333.5111503186976,-25.97249917069896
446465.54634,-439.2939772709906,-27.82076663248352
446475.421375,-459.77954300318953,37.36090305312484
446485.453431,-482.54589347164233,103.77031666665825
446495.411722,-482.2625012787626,116.245132682548
446505.763108,-495.882014505916,163.62687429238173
446515.454279,-509.7274402717237,209.6237035029335
446525.417228,-522.0363920641157,251.31222661027047
446535.779712,-532.6815922654067,306.9739010203444
446546.084264,-487.2425403412025,335.4709663843595
446556.950242,-446.9352691678757,349.7967419194917
446565.902378,-444.21397273243326,377.8005106062301
446568.560808,-444.21397273243326,377.8005106062301
446575.659547,-444.21397273243326,377.8005106062301
446586.280278,-447.0553007562504,378.7858794739709
446595.780961,-447.0553007562504,378.7858794739709
446605.460028,-509.6061248510163,365.8972742640535
446615.464314,-509.0002475931032,358.02653656982125
446625.480814,-504.49152406928187,334.27801808060923
446635.867847,-448.4570734921993,358.32814581147505
446645.424772,-446.8294408194646,372.1957577780341
446655.777318,-446.8294408194646,372.1957577780341
446665.766482,-446.8294408194646,372.1957577780341
446675.480367,-446.8294408194646,372.1957577780341
446685.759667,-446.8294408194646,372.1957577780341
446695.765033,-446.8294408194646,372.1957577780341
446705.472778,-446.8294408194646,372.1957577780341
446717.065441,-446.8294408194646,372.1957577780341
446725.463513,-446.8294408194646,372.1957577780341
446735.454412,-476.5520437495878,364.0290279858213
446746.565452,-490.2396566791388,375.7295140155928
446757.947902,-490.2396566791388,375.7295140155928
446765.456296,-490.2396566791388,375.7295140155928
446775.458343,-489.5642897193701,379.9168865939317
446785.443854,-489.5642897193701,379.9168865939317
446795.458578,-489.73581757095536,380.09606536065104
446805.423458,-489.7358182182141,380.0960653270788
446815.470633,-492.1898033609386,381.0622598010896
446825.458366,-492.1898033609386,381.0622598010896
446836.087212,-492.1898033609386,381.0622598010896
446850.331207,-492.1898033609386,381.0622598010896
446855.443807,-492.6050422154008,380.9532598331761
446865.437171,-492.60510287524914,380.9532919323747
446875.438481,-492.60510287524914,380.9532919323747
446885.454623,-492.60510287524914,380.9532919323747
446895.465597,-493.1886510794183,382.1263965433716
446905.751669,-493.0651592042987,381.6162649758333
446915.419487,-492.3495368680897,382.418467253715
446926.282916,-488.6000380979622,380.9995841739045
446935.476047,-497.90728151495983,376.11358328198907
446946.628319,-497.90728151495983,376.11358328198907
446955.454375,-497.90728151495983,376.11358328198907
446966.19134,-497.90728151495983,376.11358328198907
446975.755799,-497.90728151495983,376.11358328198907
446985.41079,-497.90728151495983,376.11358328198907
446995.751757,-497.90728151495983,376.11358328198907
447005.453216,-497.90728151495983,376.11358328198907
447015.417214,-497.90728151495983,376.11358328198907
447025.453625,-497.90728151495983,376.11358328198907
447035.454409,-497.90728151495983,376.11358328198907
447045.444159,-497.90728151495983,376.11358328198907
447055.468575,-497.90728151495983,376.11358328198907
447065.819024,-497.90728151495983,376.11358328198907
447076.063611,-497.90728151495983,376.11358328198907
447085.418106,-497.90728151495983,376.11358328198907
447095.41167,-497.90728151495983,376.11358328198907
447105.463846,-497.90728151495983,376.11358328198907
447115.750402,-497.90728151495983,376.11358328198907
447127.520444,-497.90728151495983,376.11358328198907
447135.420326,-497.90728151495983,376.11358328198907
447145.588521,-497.90728151495983,376.11358328198907
447155.843761,-497.90728151495983,376.11358328198907
447165.453131,-497.90728151495983,376.11358328198907
447175.424938,-500.66441137664754,375.6164797137152
447185.90147,-516.5421813121767,373.1358972161114
447195.467145,-523.5795842673535,372.2879558892166
447206.726182,-523.5795842673535,372.2879558892166
447217.08213,-521.6982154921546,371.931864128176
447225.454493,-519.5131626060506,371.3308459121705
447236.705123,-518.1479921840345,371.4438603428919
447245.421219,-518.1479921840345,371.4438603428919
447255.43837,-518.1479921840345,371.4438603428919
447265.448521,-518.1479921840345,371.4438603428919
447275.460674,-518.1479921840345,371.4438603428919
447285.44847,-517.6560246681842,370.5749910034303
447295.952529,-516.8127023271287,369.4810651682122
447306.101234,-516.8127023271287,369.4810651682122
447316.065498,-512.2777639639213,361.05692561226783
447325.752025,-511.1469438659146,359.5299260789261
447335.45848,-511.1469438659146,359.5299260789261
447345.46687,-508.408660183432,353.846354484237
447355.751847,-507.4219389119049,351.01786180728874
447365.457708,-507.7495052026818,350.1652807471976
447375.456625,-507.7495052026818,350.1652807471976
447385.408496,-507.7495052026818,350.1652807471976
447395.458601,-507.7495052026818,350.1652807471976
447405.454623,-507.7495052026818,350.1652807471976
447415.43321,-507.7495052026818,350.1652807471976
447425.453518,-507.7495052026818,350.1652807471976
447435.453784,-507.7495052026818,350.1652807471976
447445.485176,-507.7495052026818,350.1652807471976
447455.4588,-507.7495052026818,350.1652807471976
447465.424614,-507.7495052026818,350.1652807471976
447475.440468,-507.7495052026818,350.1652807471976
447485.45494,-507.7495052026818,350.1652807471976
447495.420684,-507.7495052026818,350.1652807471976
447505.42545,-504.3164485010231,345.5543993934721
447515.470462,-504.3164485010231,345.5543993934721
447525.48874,-504.3164485010231,345.5543993934721
447535.425397,-504.3164485010231,345.5543993934721
447545.434829,-504.3164485010231,345.5543993934721
447555.458795,-504.3164485010231,345.5543993934721
447566.697485,-504.3164485010231,345.5543993934721
447575.418494,-504.3164485010231,345.5543993934721
447585.454675,-504.3164485010231,345.5543993934721
447595.424481,-504.365990386709,344.0942166600131
447605.761472,-504.365990386709,344.0942166600131
447615.464717,-504.365990386709,344.0942166600131
447625.458889,-504.365990386709,344.0942166600131
447635.425612,-504.365990386709,344.0942166600131
447645.75206,-504.365990386709,344.0942166600131
447655.433347,-504.365990386709,344.0942166600131
447665.471534,-504.365990386709,344.0942166600131
447675.457647,-504.365990386709,344.0942166600131
447685.464664,-504.365990386709,344.0942166600131
447695.712067,-504.365990386709,344.0942166600131
447705.455168,-504.365990386709,344.0942166600131
447715.456714,-504.365990386709,344.0942166600131
447725.774682,-504.365990386709,344.0942166600131
447735.428653,-504.1220964082731,343.24088979835443
447745.448441,-504.1220964000184,343.24088979835443
447755.442365,-504.1220964000184,343.24088979835443
447765.411256,-501.9778163248861,340.148319574524
447775.433491,-499.2170893304999,327.79210233176923
447787.414799,-442.5057083439578,343.4185140432925
447795.465561,-391.4458176563393,361.5500350192668
447795.872417,-371.0736899599323,369.6950094623963
447807.366214,-302.2560367807677,391.7580086830495
447815.759218,-252.0195303732804,411.4792360790147
447826.792301,-248.75301718562065,411.770721643161
447835.466078,-196.9210970106081,424.8697819782293
447845.772661,-143.25600954111272,451.2434935933633
447856.324719,-93.0046209182704,452.12111694491057
447865.547644,-93.0046209182704,452.12111694491057
447877.405514,-93.0046209182704,452.12111694491057
447885.476445,-86.36002998183022,441.4587402464701
447895.455858,-32.000322433701825,371.00008611360994
447905.768074,-32.000322433701825,371.00008611360994
447915.466378,-32.000322433701825,371.00008611360994
447925.531108,247.24667263192225,73.09065900579508
447935.458167,268.2531375188605,58.8499211161364
447947.828598,281.4677371428197,48.96629687419201
447955.916092,308.08552265471417,27.858669837400928
447965.469523,370.2467859657317,79.71624362893894
447975.47187,384.58791655718375,99.866576310453
447985.994979,428.60842119950655,89.44739298096397
447996.010772,457.74824331195856,50.10502654196778
449155.963363,463.8476072871428,178.55808151780985
449165.491487,401.127057564355,120.61437032622705
449175.656708,326.9388096843113,60.85907162700005
449185.605423,258.68312517043154,56.63417612502543
449196.113449,207.28961418519836,120.03349085827804
449206.671429,207.28961418519836,120.03349085827804
449215.914465,-69.07247293899685,425.3221593235869
449225.495256,-111.87129189298764,465.4737039520676
449236.058467,-150.43403998687208,449.55731084000985
449245.761867,-170.6250933949829,435.788828569402
449255.773611,-170.6250933949829,435.788828569402
449265.492169,-190.72539181954517,424.7219387271055
449275.815573,-253.1821183318867,401.26382460353807
449285.438237,-320.00126915205817,373.3650478172944
449295.454965,-379.40875793871055,363.2011493832513
449305.772295,-439.0350525136994,351.82308320014187
449315.476751,-465.9666964389574,378.2083402967546
449319.560277,-477.07577978118735,391.63539500410025
449325.434683,-491.15052416958025,390.39408556990577
449335.43749,-491.15052416958025,390.39408556990577
449345.457455,-491.15052416958025,390.39408556990577
449355.464856,-497.098983209753,387.2704059552602
449365.754797,-498.33614048586105,386.5137705181793
449376.304142,-498.33614048586105,386.5137705181793
449385.464802,-498.33614048586105,386.5137705181793
449395.877441,-498.33614048586105,386.5137705181793
449405.420876,-498.33614048586105,386.5137705181793
449417.103727,-498.33614048586105,386.5137705181793
449426.062933,-498.33614048586105,386.5137705181793
449435.481058,-498.33614048586105,386.5137705181793
449445.758875,-498.33614048586105,386.5137705181793
449455.758717,-498.33614048586105,386.5137705181793
449465.422786,-498.33614048586105,386.5137705181793
449475.435351,-498.33614048586105,386.5137705181793
449485.510433,-498.33614048586105,386.5137705181793
449495.436788,-498.33614048586105,386.5137705181793
449505.430899,-498.33614048586105,386.5137705181793
449515.728852,-498.33614048586105,386.5137705181793
449525.436825,-489.6346518784331,378.1217892002139
449535.759257,-489.6346518784331,378.1217892002139
449545.476765,-489.6346518784331,378.1217892002139
449555.445712,-489.6346518784331,378.1217892002139
449565.751422,-489.6346518784331,378.1217892002139
449589.036948,-489.6346518784331,378.1217892002139
449589.037708,-489.6346518784331,378.1217892002139
449590.845779,-489.6346518784331,378.1217892002139
449590.846345,-489.6346518784331,378.1217892002139
449592.431724,-489.6346518784331,378.1217892002139
449602.72664,-489.6346518784331,378.1217892002139
449613.24658,-489.6346518784331,378.1217892002139
449622.724862,-492.47632065951626,394.8605978299753
449632.783878,-493.5038923387767,397.2379530325255
449642.835503,-495.3413000063807,396.1065739475512
449654.913412,-498.8935701510556,393.0777077485069
449662.387196,-500.2424508566003,391.4696694344332
449673.622655,-504.5516424542912,384.5250481938429
449682.431309,-505.3391559774468,384.9850885804956
449692.49055,-510.7516544789966,380.7403186325535
449702.572495,-511.0791288755164,378.2847394580917
449712.448389,-514.1184904587406,369.0803642003027
449723.793636,-514.5969443491182,368.53030141449807
449733.824822,-514.6407746355163,367.1167113857766
449743.784271,-514.3282530063864,365.8510929943105
449753.782836,-512.8741493400363,361.9079326277337
449763.789151,-512.2254590981869,359.9440324787789
449773.831005,-512.2254590981869,359.9440324787789
449782.716773,-510.8253705917185,356.1677252176511
449792.437983,-511.2300999301008,356.21574887125394
449802.425678,-512.6219104418907,362.49045831734463
449813.465554,-511.32633242858674,365.8605841545613
449822.580355,-512.1011677902318,366.907908796552
449832.436443,-512.9092789955757,368.3433713807666
449842.391544,-512.9112960412156,368.3450363736007
449852.478766,-517.9705387720236,369.9847887968901
449862.402432,-519.3572771111419,373.4506965575272
449872.724895,-516.1592111811857,372.95048330487054
449882.436354,-516.1592111811857,372.95048330487054
449892.434698,-514.9061728339028,372.26348705255975
449904.739696,-511.77169565793935,370.48162623258
449912.402246,-510.1301411959425,370.74179416994536
449922.399504,-510.9964662476996,370.5903529524046
449933.011855,-510.9964662476996,370.5903529524046
449942.540251,-510.9964662476996,370.5903529524046
449952.396484,-517.1170344286484,360.3528594351851
449962.409292,-517.7841780208123,359.9996935680333
449972.397756,-518.0548552163434,359.9124198763613
449982.729434,-520.6541254639798,359.6276835971946
449992.721888,-525.9555104293282,354.1700567003808
450002.483273,-529.5151978367136,352.19269267946987
450012.740152,-529.3462570266346,349.3218750170635
450022.729456,-529.3462570266346,349.3218750170635
450032.430741,-529.3462570266346,349.3218750170635
450042.720505,-529.3462570266346,349.3218750170635
450055.166775,-529.595253831036,348.67445220023177
450063.471938,-529.595253831036,348.67445220023177
450072.401422,-529.595253831036,348.67445220023177
450082.722123,-534.7979143953906,346.3135605664735
450092.738464,-536.298855170917,340.76749609884223
450102.721793,-534.0210423961505,341.1002504248725
450112.740225,-533.1937199568139,341.8030832984981
450122.721668,-533.1937199568139,341.8030832984981
450132.715338,-533.1937199568139,341.8030832984981
450142.40169,-533.1937199568139,341.8030832984981
450152.433541,-533.1937199568139,341.8030832984981
450162.565923,-533.1937199568139,341.8030832984981
450172.398836,-532.189670837769,342.0378412264837
450174.705427,-532.189670837769,342.0378412264837
450182.436072,-532.189670837769,342.0378412264837
450192.443125,-526.7552614046259,338.51343037869066
450202.504515,-481.7671880742499,327.8835962650061
450212.41267,-411.6565864908538,348.74182557673936
450222.438181,-359.89655867740885,372.5726992365123
450232.90669,-301.2121523403373,386.5779895367498
450242.40769,-258.17079944199804,407.5346048552799
450252.432834,-130.51180859321337,450.4523378340104
450262.410822,-146.67029097383866,520.1536940962917
450272.434873,-192.68919999337217,571.2338069775865
450282.857392,-244.7672251717814,607.467692335148
450292.433202,-299.07868262372784,687.6261533789901
450302.43423,-336.812697922916,698.6723535229187
450312.446202,-372.6126092082177,756.853266353517
450322.648772,-426.6561915508788,771.5096791955255
450332.436677,-453.2183953766783,753.9341068249408
450342.766703,-413.34206998014105,676.8260557913076
450352.719331,-426.19236814180175,627.5321983975491
450364.901097,-480.3976559390403,616.4352566189159
450372.431935,-508.8718933408025,620.4059060642409
450384.342846,-519.8462392395653,644.2788644457595
450392.518233,-519.8462392395653,644.2788644457595
450402.48364,-519.8462392395653,644.2788644457595
450412.755204,-519.8936161723284,657.8843996360399
450422.47934,-519.2947610167906,686.4109894044318
450426.536731,-532.189670837769,342.0378412264837
450432.516225,-519.2947610167906,686.4109894044318
450442.805031,-592.7893408671862,702.587483169426
450462.732044,-603.0947801421947,548.4173164363945
450473.924174,-577.8235669235496,454.765153216543
450487.855627,-547.9242545080615,349.1929369315267
450492.43732,-526.1233937489691,268.4898500642635
450502.429885,-513.5461251702122,213.0706358047397
450512.403914,-513.5461251702122,213.0706358047397
450523.086153,-493.08117545358266,187.10342260977183
450525.111977,-532.189670837769,342.0378412264837
450533.956093,-487.4382701440586,145.181716931335
450542.852524,-468.2068169969006,78.62481554646217
450553.105539,-455.7150730302651,22.524017678168992
450562.725085,-439.2933160198899,-27.027823732715355
451623.364262,-579.5964820455775,920.3396028485448
457298.371968,-447.5468009749902,-7.837036447778046
457304.14138,-477.7445939107512,85.53273392232396
457314.341226,-498.42147533612166,161.21417892778237
457324.354041,-527.7561839409746,271.1341698266924
457334.356211,-520.352898187192,323.47021825590986
457344.065933,-478.17628251287977,323.000667526286
457354.74899,-367.74893819793215,364.1087491570937
457364.345963,-259.04805959202383,400.2454018445496
457374.864794,-168.7961061434028,431.89062443685566
457386.132268,-104.90300816182632,452.3563294284424
457394.345151,-119.99224314006015,501.816087456873
457404.351337,-161.73199162206063,546.7477718017268
457414.676947,-196.13792004810472,576.5219996357573
457424.003726,-196.13792004810472,576.5219996357573
457435.344747,-196.13792004810472,576.5219996357573
457444.040239,-248.39081001202223,630.5540379015202
457454.048595,-290.21604588493307,682.5271487819708
457464.052729,-334.6827332787527,709.1068255944815
457474.785618,-382.9579177577666,803.3959360794621
457484.002423,-442.3157359795957,872.9856830419777
457494.024007,-451.6867994227841,884.8509273986346
457504.040056,-451.1712190454985,881.576731494372
457514.076144,-451.1712190454985,881.576731494372
457524.067957,-451.1712190454985,881.576731494372
457534.113278,-451.1712190454985,881.576731494372
457544.632966,-451.1712190454985,881.576731494372
457554.098243,-451.1712190454985,881.576731494372
457564.206154,-451.1712190454985,881.576731494372
457574.201032,-451.1712190454985,881.576731494372
457584.067556,-451.1712190454985,881.576731494372
457594.032391,-451.1712190454985,881.576731494372
457604.047522,-451.1712190454985,881.576731494372
457614.015191,-451.1712190454985,881.576731494372
457624.075736,-451.1712190454985,881.576731494372
457635.250902,-451.1712190454985,881.576731494372
457644.0646,-451.1712190454985,881.576731494372
457654.684162,-451.1712190454985,881.576731494372
457664.026063,-451.1712190454985,881.576731494372
457674.010778,-451.1712190454985,881.576731494372
457684.020044,-463.67404659847074,877.1430589471383
457694.061313,-463.67404659847074,877.1430589471383
457704.014992,-463.67404659847074,877.1430589471383
457714.016699,-463.67404659847074,877.1430589471383
457724.001984,-463.67404659847074,877.1430589471383
457734.038458,-463.67404659847074,877.1430589471383
457744.637616,-463.67404659847074,877.1430589471383
457754.063335,-463.67404659847074,877.1430589471383
457764.81978,-463.67404659847074,877.1430589471383
457774.011336,-463.67404659847074,877.1430589471383
457784.005537,-463.67404659847074,877.1430589471383
457794.025475,-451.09135244949226,873.0177631586887
457804.017711,-456.5052102648492,877.4729029710807
457814.016998,-457.1739666471876,875.2566773279975
457824.052095,-456.0130141083686,876.6354895463279
457834.087958,-456.4515761836044,880.5039068602415
457844.060032,-455.9443074005349,880.4672932167514
457854.020278,-455.8474754559801,880.0764350460208
457864.046838,-455.4430793404588,876.9198445919448
457874.037398,-450.9077499316867,868.4367886026295
457884.063346,-449.8349472779104,865.1471494378006
457894.351223,-448.5694940791885,865.7397229461076
457906.151068,-446.6521343107247,869.8895897533562
457916.106339,-446.3265097094814,873.6433769490887
457924.217443,-446.82268756259504,873.3023540970489
457934.022979,-447.2957080760305,873.6816282192394
457944.058202,-447.2957080760305,873.6816282192394
457954.044008,-447.2957080760305,873.6816282192394
457964.018555,-447.2957080760305,873.6816282192394
457974.089231,-447.2957080760305,873.6816282192394
457984.732811,-447.97123089288897,874.4504713582863
457994.059701,-447.97123089288897,874.4504713582863
458004.091715,-447.97123089288897,874.4504713582863
458014.072509,-447.97123089288897,874.4504713582863
458025.73146,-447.97123089288897,874.4504713582863
458034.020341,-447.97123089288897,874.4504713582863
458044.054964,-447.97123089288897,874.4504713582863
458054.013366,-447.97123089288897,874.4504713582863
458064.004296,-447.97123089288897,874.4504713582863
458074.126031,-447.97123089288897,874.4504713582863
458084.042755,-447.97123089288897,874.4504713582863
458094.063887,-447.97123089288897,874.4504713582863
458104.125614,-447.97123089288897,874.4504713582863
458114.051489,-447.97123089288897,874.4504713582863
458126.151339,-447.97123089288897,874.4504713582863
458134.027097,-447.97123089288897,874.4504713582863
458144.068904,-447.97123089288897,874.4504713582863
458154.014922,-447.97123089288897,874.4504713582863
458164.052383,-447.97123089288897,874.4504713582863
458174.007615,-447.97123089288897,874.4504713582863
458184.004995,-447.97123089288897,874.4504713582863
458194.022792,-447.97123089288897,874.4504713582863
458204.01534,-447.97123089288897,874.4504713582863
458214.026786,-447.97123089288897,874.4504713582863
458224.016172,-447.97123089288897,874.4504713582863
458234.014809,-447.97123089288897,874.4504713582863
458244.052788,-448.9791898709817,873.6571088484193
458254.161773,-448.9944053097705,873.6519192112273
458264.01876,-448.9944053097705,873.6519192112273
458274.050352,-448.9944053097705,873.6519192112273
458284.036306,-448.9944053097705,873.6519192112273
458294.049882,-450.02586671676767,873.167683906143
458304.015005,-454.4451113646601,871.3654880846351
458314.025315,-454.4451113646601,871.3654880846351
458324.043967,-454.4451113646601,871.3654880846351
458334.017754,-454.4451113646601,871.3654880846351
458344.060247,-454.4451113646601,871.3654880846351
458354.136884,-454.4451113646601,871.3654880846351
458364.049306,-454.4451113646601,871.3654880846351
458374.519038,-454.4451113646601,871.3654880846351
458384.016499,-454.4451113646601,871.3654880846351
458394.053988,-453.8507301554046,870.8080098114904
458404.050812,-453.8493771655554,870.8065594072209
458414.034713,-453.8493771655554,870.8065594072209
458424.203669,-453.8493771655554,870.8065594072209
458434.057723,-453.8493771655554,870.8065594072209
458444.022281,-453.8493771655554,870.8065594072209
458454.0256,-453.8493771655554,870.8065594072209
458464.068206,-453.8493771655554,870.8065594072209
458474.006932,-453.8493771655554,870.8065594072209
458484.022443,-451.3889496664076,866.9643999568211
458494.706237,-446.0897032896591,858.4912851416764
458504.047768,-448.1319631809738,859.615736233928
458514.052599,-449.39971544006346,861.6925387850586
458524.010988,-447.4466494065515,861.1561207921453
458534.019742,-444.811194053756,859.1680990981656
458545.104325,-443.030355859111,857.9477924214851
458554.075375,-443.07061946729016,860.6449025707501
458564.013476,-442.7134596794364,861.9115597538414
458574.018795,-440.40024518348537,863.5565822704269
458584.013355,-439.3080342879307,865.3421116297004
458594.016914,-444.707576929096,868.5694563620664
458605.272598,-452.23299244979074,872.8178646594886
458616.117621,-449.72811770901626,872.8264505617744
458624.051135,-450.205308379754,872.8705219882885
458634.024556,-450.2053084959098,872.8705218327939
458644.343606,-450.2053084959098,872.8705218327939
458654.028861,-449.5485703103702,872.4197155633711
458664.068652,-441.9690009084861,864.8257187964821
458674.733618,-441.6677148720026,864.4879501876318
458684.051259,-441.6677148720026,864.4879501876318
458694.023043,-441.6677148720026,864.4879501876318
458704.048845,-441.6677148720026,864.4879501876318
458716.015177,-441.6677148720026,864.4879501876318
458724.01256,-441.6677148720026,864.4879501876318
458734.7639,-441.6677148720026,864.4879501876318
458744.643388,-441.6677148720026,864.4879501876318
458754.44922,-441.9516608045513,863.6271717189222
458764.052039,-482.4907275327441,867.0618356697504
458775.218757,-498.4902990072136,836.517515760529
458786.42137,-491.3992852302565,819.4675954824438
458795.216961,-463.706113459545,772.3249295510282
458804.189002,-458.2590999004835,754.6132603791892
458814.069968,-490.8904442270609,728.214580578353
458824.636438,-588.2435282245151,687.6556104336927
458856.24912,-592.6539793498359,470.6686511476613
458865.00535,-572.613918164053,404.2216074317779
458875.649765,-532.4267865069661,270.7174779103203
458876.795029,-523.2282912721106,240.12826964678476
458876.796499,-523.2282912721106,240.12826964678476
458880.013445,-523.2282912721106,240.12826964678476
458888.214428,-482.7571046128747,123.11002659562853
458898.294491,-482.7571046128747,123.11002659562853
464000.380093,-462.3135462174764,34.72353257519518
464008.586232,-488.82109518884937,128.44746434728174
464018.639901,-507.3135069338538,217.0032803000786
464031.786354,-524.9687144904653,315.9296667956242
464038.221778,-460.6015958805304,344.4290885403325
464048.247392,-374.95852226681,373.2146749261208
464058.259845,-228.42213287094785,426.3575451225124
464068.251594,-151.86319115458568,452.45716737219294
464078.660927,-67.00524377670442,475.4282872800448
464088.56012,70.50833908412673,520.3679461755738
464098.642608,152.49897583929996,547.8601098053008
464108.624528,182.68131889237705,579.9435551408646
464118.26026,116.5677204805381,563.1372020634188
464128.555946,72.7447790720608,527.3344672065914
464138.21045,13.628662931884946,503.8933355245821
464148.572666,-12.161885285288436,500.87419494538455
464160.0167,-61.603070584254205,488.4589373405618
464168.552664,-112.59369833924497,484.01245535036816
464178.202644,-183.358415755448,571.500390881559
464188.226747,-252.4306027053501,650.4795678748777
464198.249923,-317.9838038033644,697.701286140514
464208.610021,-370.97610013990106,780.4992090732146
464218.586833,-419.5961435033366,835.9848025337812
464225.632997,-445.0356088655786,861.9342920185334
464228.274463,-452.0983124394081,870.5207117179466
464238.552289,-454.6844569867405,872.3074711144774
464248.555493,-454.6844569867405,872.3074711144774
464258.623539,-454.6844569867405,872.3074711144774
464268.248638,-454.6844569867405,872.3074711144774
464278.264518,-454.6844569867405,872.3074711144774
464288.21518,-454.6844569867405,872.3074711144774
464298.246814,-454.6844569867405,872.3074711144774
464308.220133,-454.6844569867405,872.3074711144774
464318.54645,-454.6844569867405,872.3074711144774
464328.672996,-454.6844569867405,872.3074711144774
464338.257734,-454.6844569867405,872.3074711144774
464348.232562,-454.6844569867405,872.3074711144774
464358.218062,-454.6844569867405,872.3074711144774
464369.793242,-454.6844569867405,872.3074711144774
464378.741113,-454.6844569867405,872.3074711144774
464390.388159,-454.6844569867405,872.3074711144774
464398.538386,-454.6844569867405,872.3074711144774
464408.209801,-454.6844569867405,872.3074711144774
464418.212551,-454.6844569867405,872.3074711144774
464428.232074,-454.6844569867405,872.3074711144774
464439.333147,-454.6844569867405,872.3074711144774
464448.541394,-454.6844569867405,872.3074711144774
464458.701513,-454.6844569867405,872.3074711144774
464468.238962,-454.6844569867405,872.3074711144774
464478.202456,-454.6844569867405,872.3074711144774
464488.545755,-454.6844569867405,872.3074711144774
464498.554117,-454.6844569867405,872.3074711144774
464508.546882,-454.6844569867405,872.3074711144774
464518.551607,-454.6844569867405,872.3074711144774
464528.536176,-455.5760423766965,875.6023953618687
464538.258789,-455.5760423766965,875.6023953618687
464549.778316,-455.5760423766965,875.6023953618687
464558.604933,-455.5760423766965,875.6023953618687
464568.545146,-455.5760423766965,875.6023953618687
464579.486325,-455.5760423766965,875.6023953618687
464588.217796,-455.5760423766965,875.6023953618687
464599.307989,-455.5760423766965,875.6023953618687
464608.555492,-455.5760423766965,875.6023953618687
464618.556592,-455.5760423766965,875.6023953618687
464628.571223,-457.56740047157774,874.1347575941201
464639.624189,-489.1900689046972,870.8928660363439
464648.580348,-504.1382888449368,848.3429394736911
464658.289052,-473.9011098136054,780.4648101341636
464659.39614,-465.2961653352314,763.9649288173724
464676.916649,-490.204491615248,742.3534567243828
464678.269005,-551.9950433921574,708.7450094120463
464708.742506,-609.2710435286509,483.72316241293976
464720.912421,-583.5890482333856,433.7716144447835
464729.936044,-583.5890482333856,433.7716144447835
464738.220646,-583.5890482333856,433.7716144447835
464748.249078,-583.5890482333856,433.7716144447835
464758.383819,-586.6160718643057,430.70616195056687
464768.262892,-572.8845853020448,367.3883146864941
464779.723108,-519.9920548410499,212.1877112467978
464788.314774,-486.5058901768612,105.20797081487932
464799.049182,-447.1145858432687,-24.04224029292864
517595.144498,-610.3899423358876,686.5773078065655
517605.523901,-584.955846672544,696.3050691944175
517615.758387,-569.8599911709175,706.6391573590095
517625.432564,-550.5307848919944,716.5772556986576
517635.590034,-514.9287489999443,732.2896012158307
517645.568724,-491.9336838548498,737.7023381710117
517655.581922,-481.3700887067288,746.847221725633
517665.436204,-464.037998254654,755.9458145431482
517675.472996,-456.4591598920668,759.8771483214582
517685.114454,-438.2815557731044,770.1701474700008
517695.431181,-415.4653562168475,788.829122745804
517705.432139,-400.03380626407983,800.5792710785962
517715.669775,-397.6818677181736,814.6298960847274
517728.015257,-442.805853210673,860.3381414302339
517735.498808,-468.3569195526999,882.6782856993854
517745.44273,-476.3622082145334,896.3497565207699
517755.781981,-487.3024041037618,909.9438335308396
517765.13699,-505.7583323405317,923.4985440464484
518621.823625,286.7509040147048,867.9442772542039
518631.746579,262.27663435448414,843.94047583051
518642.412269,262.27663435448414,843.94047583051
518651.799329,262.27663435448414,843.94047583051
518662.393781,262.27663435448414,843.94047583051
518671.895293,240.4273598889416,833.3187307629294
518681.790594,215.551454751334,823.9681978554864
518691.417948,271.0671220478722,841.8070256468013
522362.615043,-596.4046195209824,887.8358858135474
522372.525902,-556.3984772025734,891.307270333643
522383.867147,-536.3759838972896,898.3275422046256
522392.573072,-520.647365477152,903.6857718495517
524746.369489,216.0958067047845,94.06434074859202
524746.370222,216.0958067047845,94.06434074859202
524747.600678,216.0958067047845,94.06434074859202
524760.50609,216.0958067047845,94.06434074859202
524775.56023,-46.25054038900345,406.3786445871976
524806.502233,-75.56452092404362,434.70492651537273
524806.502843,-75.56452092404362,434.70492651537273
524807.741708,-75.56452092404362,434.70492651537273
524817.720933,-102.46644262689944,467.14738276050974
524827.702357,-138.4954211332629,517.937098388182
524837.672738,-172.5242676968473,548.614630190924
524847.697268,-177.4969103356335,552.9379711895298
524857.689135,-222.72121286129828,601.9705233155787
524868.544384,-253.92498014600284,635.9697431182476
524875.463613,-289.843435404121,684.6566806181614
524877.70614,-289.843435404121,684.6566806181614
524890.602946,-291.3783183788381,686.6748373804138
524897.73822,-291.3783183788381,686.6748373804138
524907.689921,-302.4423310717934,692.7356413383111
524917.712921,-302.4423310717934,692.7356413383111
524927.707284,-302.4423310717934,692.7356413383111
524937.787521,-302.4423310717934,692.7356413383111
524947.711609,-302.4423310717934,692.7356413383111
524957.704813,-302.4423310717934,692.7356413383111
524968.008518,-302.4423310717934,692.7356413383111
524978.023496,-302.4423310717934,692.7356413383111
524987.706764,-302.4423310717934,692.7356413383111
524997.714992,-302.4423310717934,692.7356413383111
525007.795117,-302.4423310717934,692.7356413383111
525018.019877,-302.4423310717934,692.7356413383111
525028.831571,-302.4423310717934,692.7356413383111
525038.969078,-302.4423310717934,692.7356413383111
525047.755665,-302.4423310717934,692.7356413383111
525057.717457,-302.4423310717934,692.7356413383111
525067.716558,-302.4423310717934,692.7356413383111
525077.69768,-302.4423310717934,692.7356413383111
525087.68583,-302.4423310717934,692.7356413383111
525097.736983,-302.4423310717934,692.7356413383111
525107.724708,-302.4423310717934,692.7356413383111
525117.732813,-302.4423310717934,692.7356413383111
525127.742768,-302.4423310717934,692.7356413383111
525137.779406,-302.4423310717934,692.7356413383111
525147.738814,-302.4423310717934,692.7356413383111
525157.729307,-302.4423310717934,692.7356413383111
525167.815428,-302.4423310717934,692.7356413383111
525177.730294,-308.52557044985826,693.0355629977768
525187.781213,-307.0410796950161,689.1281475224549
525197.702935,-306.7512356276922,687.276481770604
525207.750811,-305.34672423328453,687.7613866285907
525217.715566,-305.34672423328453,687.7613866285907
525227.717806,-305.34672423328453,687.7613866285907
525237.72546,-305.34672423328453,687.7613866285907
525248.06279,-305.34672423328453,687.7613866285907
525258.010013,-305.34672423328453,687.7613866285907
525267.729423,-305.34672423328453,687.7613866285907
525278.035867,-305.34672423328453,687.7613866285907
525288.025454,-305.34672423328453,687.7613866285907
525298.897633,-305.34672423328453,687.7613866285907
525308.099765,-305.34672423328453,687.7613866285907
525318.552467,-305.34672423328453,687.7613866285907
525327.730848,-305.34672423328453,687.7613866285907
525338.018086,-305.34672423328453,687.7613866285907
525347.747025,-305.34672423328453,687.7613866285907
525358.782235,-305.34672423328453,687.7613866285907
525368.015721,-305.34672423328453,687.7613866285907
525379.047945,-305.34672423328453,687.7613866285907
525388.321326,-305.34672423328453,687.7613866285907
525397.716769,-305.34672423328453,687.7613866285907
525407.674133,-305.34672423328453,687.7613866285907
525417.931595,-305.34672423328453,687.7613866285907
525427.713888,-305.34672423328453,687.7613866285907
525439.618506,-307.7184292964453,687.9506063162139
525447.692068,-307.7184292964453,687.9506063162139
525458.388014,-307.7184292964453,687.9506063162139
525467.746007,-309.15452151769176,687.2847656783409
525477.731038,-309.80739142685087,686.2949368590617
525489.497394,-309.80739142685087,686.2949368590617
525498.038833,-309.80739142685087,686.2949368590617
525507.704571,-309.80739142685087,686.2949368590617
525517.681821,-309.80739142685087,686.2949368590617
525527.684272,-309.80739142685087,686.2949368590617
525537.693271,-309.80739142685087,686.2949368590617
525547.690335,-309.80739142685087,686.2949368590617
525557.739834,-309.80739142685087,686.2949368590617
525567.686062,-311.37331620969906,685.7167716483484
525577.771892,-311.3733162181012,685.716771636686
525587.716564,-311.3733162181012,685.716771636686
525598.289115,-311.3733162181012,685.716771636686
525607.700511,-311.3733162181012,685.716771636686
525617.720797,-311.3733162181012,685.716771636686
525627.681315,-311.3733162181012,685.716771636686
525637.727184,-311.3733162181012,685.716771636686
525647.685866,-311.3733162181012,685.716771636686
525657.715641,-311.3733162181012,685.716771636686
525667.7324,-311.3733162181012,685.716771636686
525677.68836,-311.3733162181012,685.716771636686
525687.696299,-311.3733162181012,685.716771636686
525697.895111,-311.3733162181012,685.716771636686
525707.699973,-311.3733162181012,685.716771636686
525717.693592,-311.3733162181012,685.716771636686
525727.68677,-311.3733162181012,685.716771636686
525738.183424,-311.3733162181012,685.716771636686
525750.566414,-311.3733162181012,685.716771636686
525758.31018,-310.410064513921,676.6305033131437
525768.048764,-311.6167985057733,638.605876645089
525778.042577,-311.7724848353079,637.4264905273324
525787.690927,-308.6454328957012,616.8525219908385
525792.24129,-299.4305406359066,609.1899461620686
525797.715034,-294.09631293261737,598.0607180420933
525807.716519,-289.9905987592253,582.0476964633286
525818.036449,-223.5917908618709,571.4705103390477
525828.009058,-218.04427819480557,575.5906073391681
525837.716304,-202.77964011059208,579.2144757707152
525847.732134,-153.06243648574878,577.185170013419
525858.833332,-111.96896772389503,585.9562133757831
525867.765167,-103.97780836075616,595.939375546891
525878.028227,-88.65914797895492,629.4753822736976
525888.021545,-78.46990486750147,651.9294650535268
525898.018798,-53.3736004849542,651.8941741505732
525908.351696,4.156128815847094,609.4175645283526
525917.800562,25.85228605576828,586.5309981039507
525928.680517,40.97370426134837,574.8858067865119
525938.028157,68.06691625040035,622.3311000819725
525948.02021,35.91614103513195,679.1212237416657
525958.028285,10.291436446004267,725.4628395776198
525968.959545,-5.249766580822072,749.9117727117934
525978.021287,40.66965862218023,766.5600792756485
525987.719549,113.11034603225065,816.8354727167446
525998.032794,84.83547811130391,898.7379977151585
526247.702441,-90.65682102037074,868.0152361169339
526257.689199,-82.1059054971218,818.4834367432851
526267.693494,-74.78583404790606,746.6154014998809
526277.688459,-77.52859409312384,694.4090032268772
526287.690638,-83.12446093214845,678.4735602848689
526297.748577,-120.73168143670664,711.8107740816739
526307.680515,-146.97936876334506,748.3426591946558
526322.305542,-146.97936876334506,748.3426591946558
526327.790915,-250.7065148925429,852.8337200347494
526337.758565,-294.67497651230565,864.3548593017083
526403.299539,-352.2320950587773,917.6367986315666
526413.352709,-394.296297584327,893.3075541511681
526421.831578,-455.818137801189,876.0573768102676
526431.680278,-469.2157721086038,887.2607739067306
529389.635803,-443.6447113559514,-27.041003553250235
529407.686856,-461.8478741333935,54.22902588457697
529409.628751,-484.0022954183947,112.84232999335782
529420.191003,-500.00871411866575,170.44809026851746
529430.091204,-508.4768714052098,207.31071029696875
529439.63267,-511.5533583467465,237.838102493826
529450.039245,-537.0244471997513,275.21431121118223
529459.692098,-521.4286582396629,321.5897973694051
529469.656475,-458.09089082636353,343.3512508167394
529479.967206,-413.0596536730659,360.34078427673904
529489.956226,-349.98497155024063,376.6804255052545
529501.567453,-258.5075064177368,420.5172368168173
529510.355054,-249.61773036045696,421.6695324768083
529521.149661,-249.61773036045696,421.6695324768083
529529.627645,-249.61773036045696,421.6695324768083
529540.61809,-249.61773036045696,421.6695324768083
529549.992231,-249.61773036045696,421.6695324768083
529559.680742,-249.61773036045696,421.6695324768083
529570.178846,-249.61773036045696,421.6695324768083
529580.114284,-249.61773036045696,421.6695324768083
529589.663048,-249.61773036045696,421.6695324768083
529602.268443,-249.61773036045696,421.6695324768083
529609.656134,-249.61773036045696,421.6695324768083
529619.666913,-249.61773036045696,421.6695324768083
529629.996853,-249.61773036045696,421.6695324768083
529639.673546,-249.61773036045696,421.6695324768083
529649.674503,-249.61773036045696,421.6695324768083
529660.578247,-249.61773036045696,421.6695324768083
529669.661878,-249.61773036045696,421.6695324768083
529679.640391,-249.61773036045696,421.6695324768083
529689.888924,-249.61773036045696,421.6695324768083
529699.658041,-249.61773036045696,421.6695324768083
529710.878674,-249.61773036045696,421.6695324768083
529719.669143,-249.61773036045696,421.6695324768083
529729.629416,-249.61773036045696,421.6695324768083
529739.689217,-243.99817508895103,414.5196181570809
529749.633314,-243.99817508895103,414.5196181570809
529761.521024,-243.99817508895103,414.5196181570809
529769.63767,-243.99817508895103,414.5196181570809
529779.63369,-243.99817508895103,414.5196181570809
529789.682451,-243.99817508895103,414.5196181570809
529799.681449,-243.99817508895103,414.5196181570809
529809.680624,-241.19475552452053,416.3278293552386
529819.625822,-241.19475552452053,416.3278293552386
529833.250226,-236.79097457970008,404.76179385708
529839.631942,-236.79099382323332,404.7616683129156
529849.666033,-243.53853292328492,395.7657219358039
529859.642445,-244.60646942459653,389.4437260855054
529869.978007,-241.7140313685231,389.7800054851173
529879.839355,-237.9078205104695,394.6977479973655
529889.635768,-236.935077115434,395.927735888818
529899.636771,-237.1237924753663,393.7443322210123
529909.664213,-237.36640061316527,392.41973957083206
529919.674648,-237.36640061316527,392.41973957083206
529930.469194,-237.36640061316527,392.41973957083206
529940.4708,-237.36640061316527,392.41973957083206
529949.713982,-246.8033151875144,397.91532494329255
529959.662275,-262.7196200392268,404.2063015167096
529969.704465,-262.7196200392268,404.2063015167096
529979.658996,-266.94940401673165,400.5327518178953
529989.671055,-256.63542311383225,407.8810887385875
530000.432084,-252.17852214509315,410.14132470879247
530009.665359,-250.30299150770009,406.41485284867065
530019.970865,-254.7411537092653,407.4957040119916
530029.757269,-252.94309839784208,409.64115575510425
530039.637326,-253.3181253172516,409.9434300059161
530049.692552,-258.9780979709181,406.08729932987086
530059.694716,-258.9780979709181,406.08729932987086
530069.619033,-260.76683162180785,403.0024720088271
530079.636678,-260.76683162180785,403.0024720088271
530089.641249,-260.3385167062415,407.900466429556
530099.632622,-255.89605869618453,409.62772436999217
530109.640322,-249.93081694018596,413.7473509790103
530115.563264,-249.93081694018596,413.7473509790103
530119.634576,-251.29386242386548,417.30477583803054
530129.632932,-253.57318167336635,414.6398167482364
530139.640937,-201.79232877781195,425.8246700847299
530149.618266,-113.79316054418052,463.30599287806376
530160.220567,-5.327535505704879,505.9056668816756
530169.683243,47.54501571202777,522.3700634696784
530179.661921,47.54501571202777,522.3700634696784
530189.634051,58.81149469662862,526.976798723553
530199.669961,103.08422631331212,538.7370856139075
530209.676094,116.6737477039009,543.0725982598734
530219.638017,116.6737477039009,543.0725982598734
530229.661355,126.74367422537864,513.8072356863162
530239.628744,162.0766874747445,473.9504542814394
530249.639078,193.81207590911896,447.5001830455285
530260.236563,172.33883140753244,444.3400661674326
530269.67371,139.1818988062593,435.6164886529632
530279.676409,100.58999507016104,434.45662709513465
530289.637685,71.86600179347559,426.4540119238871
530299.980537,51.6979437758416,420.62263503594176
530309.652187,51.6979437758416,420.62263503594176
530317.070828,-249.93081694018596,413.7473509790103
530319.658789,45.52196420751497,422.9639851217793
530330.11664,18.96756143283529,424.6368938392823
530339.974108,-9.309391123528858,415.5978408201132
530351.891458,-38.85060782878164,408.5756730812375
530359.965316,-52.83638305800804,423.9036131945326
530369.672285,-41.07528876478286,455.1312492019768
530379.667747,-25.55764259474217,495.3064496792215
530389.73998,19.34028214717637,509.0533948156344
530399.646005,45.39084755600899,529.6909263644282
530409.966367,106.28167718202084,549.1679128914614
530420.19152,145.9552279778636,548.0844325280734
530429.675813,184.9993885055142,581.6270879194011
530439.666835,150.90630864127334,643.1454314093456
530450.269376,117.97539082087796,717.8969636583709
530459.673754,191.45639482045837,807.8135877096995
530469.660227,233.2353734988784,826.3598777397159
530479.663262,269.5452147919578,840.9695752382055
530492.514836,295.26423278090084,919.658466757128
530759.207558,-249.93081694018596,413.7473509790103
531780.406168,-81.02441477551125,878.0135699493454
531790.515943,-80.78346239596492,820.212678558838
531800.271911,-73.1674824815149,750.8507748254767
531810.106585,-69.27017631350505,675.0042317602775
531820.099837,-58.11527500874477,648.2347520948992
531830.181517,-20.43235023104707,623.7073274850804
531840.504278,-3.4509914243536954,616.7216464321888
531850.399438,-2.434037950368841,616.0688168529437
531860.402928,-2.434037950368841,616.0688168529437
531870.396797,22.28487059006377,604.4833236615723
531880.087017,22.28487059006377,604.4833236615723
531890.958124,22.28487059006377,604.4833236615723
531900.076247,22.28487059006377,604.4833236615723
531910.069762,22.28487059006377,604.4833236615723
531920.073259,22.28487059006377,604.4833236615723
531930.097935,40.442744065867856,590.4065707726315
531940.093387,70.58582938004596,600.6930320554727
531950.099804,87.19867205033572,625.9613735925432
531960.096844,118.47351166671773,667.4078015116418
531970.410511,130.67972301440705,649.273613805096
531980.077594,147.7193207273531,586.8304628985395
531990.082772,53.26467042349731,519.8133479474983
532000.096487,45.48201808872464,517.490922904504
532010.143886,45.48201808872464,517.490922904504
532021.682708,16.86663154164705,508.6994899425512
532030.062483,-95.0321957931156,470.6215778564624
532040.108556,-180.3117875365101,438.5738007746056
532050.59726,-282.0256879608867,410.8422838533219
532060.428591,-377.1215657801342,380.5064423300412
532070.412032,-432.54132122330816,362.638690781625
532080.488701,-452.8622995521557,380.1504421556453
532090.425423,-452.8945809635625,387.12381654218655
532101.423957,-474.1335676814726,379.0238337051001
532110.115447,-507.7035500518453,376.188637424602
532120.416538,-533.745078735169,372.2271197496333
532132.656595,-538.0731051431,370.6394794911026
532140.408482,-552.4668679510085,363.8285185658162
532150.110449,-553.8726508792652,342.7109300211988
532166.418265,-534.3758212366864,294.78593573052655
532170.115036,-527.824953092844,251.7620397717741
532180.131855,-513.8186242707139,223.0562822601347
532190.406119,-499.538306844033,188.9729919495316
532200.401643,-499.538306844033,188.9729919495316
532210.12497,-499.538306844033,188.9729919495316
532220.188045,-490.6510895102099,173.06098030634823
532230.598034,-481.7404004342332,144.85317032451405
532240.121824,-476.71350047131375,130.25788305032717
532250.12142,-464.8184383678379,77.82772172245224
532260.338425,-452.8740748769663,61.02062488276205
532270.081068,-444.4819347373664,33.49592161998292
532280.091657,-431.8553241328818,-11.10202438582762
534955.822735,289.17135967968227,894.752615320133
534965.814586,293.5894199752428,876.9266285038133
534975.814031,267.2976866043756,843.8177791383121
534985.824408,197.22835337641263,826.7359785333697
534995.823566,141.98781901141982,802.9818304578
535005.860808,99.70469595519748,749.2454280777678
535016.011426,117.8985227578914,671.0597207249791
535025.825277,147.77874029522107,616.7109749119622
535035.840272,148.4297074582047,614.2151777524567
535045.856207,148.4297074582047,614.2151777524567
535055.86101,150.90205573432593,606.2218679139481
535065.821954,99.13549071574536,542.128660829878
535076.141323,11.11703207007602,510.2476054419694
535085.906299,-46.25147616985871,497.38916425871696
535095.890937,-99.17280117389134,472.8357923381208
535105.865923,-144.1204254325745,510.1455077949264
535115.914424,-168.07697611228747,547.2222776586599
535125.86164,-184.36990762190547,572.3529962975792
535135.866603,-231.50251903461387,619.0611361845627
535145.893343,-280.0487748485069,682.59340649191
535155.895563,-333.95129780009654,696.9693170460118
535165.871323,-360.4090703270865,765.6983115498786
535175.872176,-403.1589218990795,825.0839473814901
535185.893764,-472.4975128076431,898.3352975701482
536086.521832,-607.0331435141535,512.5643810108265
536095.829644,-576.7399198881646,429.8264789094737
536105.839283,-548.4183633684272,344.1670004444363
536115.82243,-503.6415848523621,320.31495901210843
536125.832217,-426.8265068682626,349.4619386459684
536135.833437,-339.09444042351595,383.689369309305
536145.823946,-249.5844467909068,400.79063083171474
536155.837826,-237.8555082841471,401.29732436676017
536165.832798,-237.8555082841471,401.29732436676017
536176.091265,-237.8555082841471,401.29732436676017
536185.84323,-237.8555082841471,401.29732436676017
536195.822025,-237.8555082841471,401.29732436676017
536205.847867,-234.99008032628987,400.99834884001285
536215.832291,-234.99008032628987,400.99834884001285
536225.821216,-234.99008032628987,400.99834884001285
536235.896186,-234.99008032628987,400.99834884001285
536246.014363,-234.99008032628987,400.99834884001285
536255.828502,-234.99008032628987,400.99834884001285
536265.820059,-234.99008032628987,400.99834884001285
536275.87905,-234.99008032628987,400.99834884001285
536285.843999,-234.99008032628987,400.99834884001285
536295.888701,-234.99008032628987,400.99834884001285
536306.214488,-234.99008032628987,400.99834884001285
536315.828387,-234.99008032628987,400.99834884001285
536325.832301,-234.99008032628987,400.99834884001285
536335.857778,-234.99008032628987,400.99834884001285
536353.551453,-234.99008032628987,400.99834884001285
536353.552,-234.99008032628987,400.99834884001285
536354.483926,-234.99008032628987,400.99834884001285
536354.484523,-234.99008032628987,400.99834884001285
536356.009714,-234.99008032628987,400.99834884001285
536365.928229,-234.99008032628987,400.99834884001285
536377.740111,-234.99008032628987,400.99834884001285
536385.972593,-234.99008032628987,400.99834884001285
536395.976394,-234.99008032628987,400.99834884001285
536406.956905,-234.99008032628987,400.99834884001285
536415.949921,-234.99008032628987,400.99834884001285
536427.187065,-234.99008032628987,400.99834884001285
536438.462987,-234.99008032628987,400.99834884001285
536446.691917,-228.9959612004396,408.8724866180185
536456.025079,-228.9959612004396,408.8724866180185
536461.218553,-228.9959612004396,408.8724866180185
536465.915307,-228.62323491789155,416.2401297173183
536475.91681,-211.976183927376,421.6170433464493
536486.326704,-143.5109192844908,453.5261774689229
536495.925506,-95.1244314675154,444.6691279786238
536508.189629,-98.52573581223854,436.9842425376972
536511.332852,-228.9959612004396,408.8724866180185
536515.937725,-98.52573581223854,436.9842425376972
536525.953669,-110.55753593802976,428.7271766384955
536535.967777,-145.95341179872608,399.3937816872696
536545.957805,-196.4037197306764,376.5149938568015
536556.256208,-214.47758345383644,420.1862782305974
536565.946956,-150.18379939672982,439.5255342092514
536576.587542,-127.86098043310172,446.2294318516917
536588.104032,-78.9996606443238,457.0152927656121
536597.296141,2.1146708459118084,486.566296023845
536606.253077,74.35165755936744,517.1318186850584
536615.969935,85.10224106652389,521.4436331777089
536626.259824,114.01034227180848,531.859611282045
536635.960923,130.5516242307402,529.1687836703253
536646.259885,159.45710797243132,541.4424940091409
536656.266738,179.83786118191406,579.1051436653673
536666.270917,172.29253320046192,600.8931158018394
536676.345229,167.68982701936457,604.4178056397992
536686.6001,129.34479976332585,656.2298895539304
536695.957665,109.06513577789995,754.7081379215399
536705.927723,205.03591655263105,809.4385391733211
536715.929613,281.4694473041628,848.557436942707
536782.753888,-228.9959612004396,408.8724866180185
538099.260708,-586.4129735173187,473.031641259898
538109.250015,-583.9892212407968,470.6578822312472
538120.694787,-577.3923390796583,454.6114400466296
538129.305751,-562.0886728352464,391.615036963536
538139.328784,-544.6953544658487,338.1687664596042
538149.308509,-531.7874338748248,282.1666887041433
538159.337521,-516.1331006666978,214.0079050890741
538171.178386,-493.6125480531984,162.44518996835842
538180.654596,-493.6125480531984,162.44518996835842
538189.310584,-488.282391776949,149.1678023827753
538199.310971,-468.8358124350173,81.13492610829297
538209.303525,-446.1279352805445,11.805902180193849
542773.273099,-1.6063163084072265,-69.43190470294307
542782.958122,3.235473163882558,23.265670005433364
542792.944607,73.12154777745687,134.87901084067266
542802.671045,159.62797231592828,209.7925655922616
542812.703949,239.4535929180076,280.2953107481577
542822.95118,317.2358914502357,352.5308302622479
542832.621042,349.75908168177847,386.3888997025504
542842.949964,410.8751940585317,441.855233587701
543471.212129,-82.1023701862603,870.2021246488229
543472.067066,-80.62350689483897,786.8111282347185
543472.067992,-80.62350689483897,786.8111282347185
543473.889624,-73.5741489043322,752.5015000840136
543484.185934,-63.88096230981927,672.2735721267283
543493.856073,-24.68441667692315,628.5635360382554
543504.64321,-17.595990211093707,554.0916090865582
543513.843803,-14.687068425776268,503.8292265202848
543518.453284,-14.687068425776268,503.8292265202848
543523.896565,-75.05518067551134,482.7387831277061
543533.860667,-76.30759970325218,482.20052184806497
543544.448847,-76.30759970325218,482.20052184806497
543553.864909,-100.20671118375289,481.27148320236273
543565.199421,-112.42739267510554,534.5168282415462
543573.87923,-99.6015722254386,592.1084964957329
543584.26367,-81.78380390056007,672.9416853934495
543594.49538,-126.21054560824092,709.9116518577448
543603.895289,-156.30122143163126,734.3519203344474
543617.489457,-194.7631495432338,767.2643098784438
543623.89219,-230.18528431290977,795.6209016080576
543634.337163,-274.5460185567228,819.1520244838696
543645.461128,-312.8155920324656,912.5990017917152
543853.218229,-14.687068425776268,503.8292265202848
544018.552858,-606.1806486565198,485.5624787078139
544027.917907,-598.5114033154695,458.9401617365593
544037.913871,-568.7582228298877,392.7000189244448
544047.923557,-543.4842470778391,324.033804874805
544057.890236,-528.6773488618326,256.940333615014
544068.490442,-498.0412526923705,173.08241247805998
544078.028762,-473.4950592924151,101.85257788483196
544088.807611,-442.9584916162926,-7.429433912822509
544389.987527,-14.687068425776268,503.8292265202848
659026.96172,415.4734837899439,143.29424251016562
659035.543924,343.66571077972867,76.98019459691865
659045.920184,270.5309691816305,44.43087425279777
659058.025205,189.6390968578219,129.43847491940457
659066.960968,189.6390968578219,129.43847491940457
659077.320259,-49.25529489842798,419.3204632552684
659085.605671,-116.4646171312544,487.5945399859645
659096.07715,-161.57312362615272,542.274483040734
659132.573305,-209.70879097192517,599.9747788922764
659132.574065,-209.70879097192517,599.9747788922764
659134.447581,-209.70879097192517,599.9747788922764
659144.444812,-284.661791885996,669.8607556181372
659155.483851,-326.7275611928882,700.4668830931271
659165.001009,-355.69558323655406,758.1493978388114
659174.441294,-415.7334619467336,778.5308687153685
659184.445015,-462.0392200504114,751.6703779117443
659194.444874,-476.172410718432,752.3537477140075
659204.425013,-483.0607659369244,751.2192351696996
659214.444762,-514.4960122345176,731.6745866452545
659224.446925,-568.0275666446952,698.4714845041545
665908.907319,-85.55331090841104,870.4670026208436
665924.459152,-79.89527188601522,767.4330504809386
665928.856855,-72.00449074020555,701.917716317868
665939.156433,-65.3917060348257,658.4642269276148
665949.222641,-29.650826406711555,627.63201646443
665959.164681,-26.80845492322744,588.3099551448835
665969.304501,-8.524319314725002,534.375904058144
665978.947628,-27.875849609736843,494.77868804498127
665989.144661,-48.71214743830565,484.0750041550597
665999.143513,-63.724551845241606,477.3014873586951
666009.163544,-140.26024053192285,451.8800651489624
666018.841759,-210.00298843748752,428.1145225630128
666028.846922,-283.3291714213193,402.48425655842414
666039.136834,-369.52773501669606,369.76534421463896
666050.012969,-436.3679057605019,354.1064953698089
666062.610318,-451.6147335086284,382.6040861498294
666071.817361,-484.44968264743306,386.8017838359992
666081.247606,-525.7273752316233,367.57279063229976
666088.813787,-555.5071198487643,352.94201144888507
666098.867544,-532.4425733603828,285.08317167782843
666109.285172,-520.1314222857635,241.8228066874983
666119.286085,-505.205063231374,195.3751743440921
666128.916324,-468.6347423196444,104.80788453855855
666138.946498,-465.7290832422516,96.93391233677586
666153.884445,-462.6007129587901,90.58639037985154
666158.856029,-442.6210949265307,35.11045002557697
666168.854112,-431.4067583091623,2.5062465461678936
666179.722289,-431.2546351726251,-0.1931477649912219
666188.850797,-419.8034605105629,-0.8668589079289725
666199.249368,-419.8034605105629,-0.8668589079289725
666209.332869,-408.30134881786734,-24.02133174067495
744760.488884,-79.9713995826999,896.9375416890229
744770.962627,-81.03912607318038,799.3923145292589
744780.484347,-76.43070697310743,740.157582086096
744791.272885,-73.12593122359695,677.6187974205735
744800.188944,-72.39851517328124,667.9907198736826
744810.172852,-24.533777152200937,629.086907595431
744820.769397,-19.17452365869474,571.0524821920737
744831.263303,-7.003445185599439,501.860105709239
744842.337621,-47.34158593440999,490.91977287129095
744850.231529,-76.83862381152676,480.47466679681446
744861.816849,-76.83862381152676,480.47466679681446
744870.491981,-80.02477646103232,461.7648631504191
744880.54884,-138.80307286725315,478.40718791390816
744890.711855,-193.12947042942528,560.4708682541611
744901.634127,-238.27068942470768,622.500542761338
744911.014234,-288.9087155904941,684.4960940481078
744920.167608,-337.1664667471179,716.3026244175879
744930.934558,-367.5524003734387,770.3768746193203
744940.785053,-396.3428210293376,792.7808354524143
744950.500681,-463.0513538741668,749.9798682399007
744960.496384,-516.7605373608558,722.5318648924135
744970.240242,-571.0776965978279,697.2235710518709
745030.341023,-603.8688652458187,524.8070010415427
745053.779672,-562.8380665510363,360.7096046768864
745053.780357,-562.8380665510363,360.7096046768864
745055.548272,-557.630129197358,340.5432802008655
745055.549,-557.630129197358,340.5432802008655
745056.857645,-557.630129197358,340.5432802008655
745067.326928,-528.1953362761557,253.9869718454293
745085.27742,-503.57886248952497,170.62422319850762
745086.879056,-482.2409506218473,98.14897013285226
745096.914687,-443.125674201926,-13.472614140342584
745657.213335,-611.6730971578138,664.1313598738683
745667.685367,-552.300634572585,704.4790525899585
745677.212023,-501.19602971942254,730.3587654685307
745690.140477,-454.4779165175963,758.356329333936
745697.20347,-420.95854642305454,773.2464595019703
745706.880748,-420.95854642305454,773.2464595019703
745717.929066,-409.2367781530889,777.2763995360416
745727.21568,-407.8599986439978,817.5073971531838
745736.906162,-451.4041987378949,872.1488822048935
745746.915136,-479.23655450552974,912.981169714985
756252.045002,-4.920168697308611,-41.17966957514329
756259.900081,-4.864117306288296,10.329744483244257
756272.480733,28.356363397964053,87.6008649710685
756281.224116,102.4428137663995,153.35638832362085
756290.520156,185.3802395728497,227.6071543378892
756300.770213,266.5209632340033,301.4543729007517
756309.869931,306.4138016623075,336.328799701709
756320.318698,354.6729803420172,395.6203756530607
756332.752805,449.5455944147194,495.70008966206274
761661.030425,443.0172339421581,157.80312100847732
761670.979948,382.10012141428666,100.24779222069353
761681.88078,308.7461837524982,43.328182808726766
761691.014716,267.7557804237043,56.17626099247804
761701.033757,221.9607099920006,102.97383995686243
761711.315895,221.9607099920006,102.97383995686243
761721.053675,221.9607099920006,102.97383995686243
761731.006658,-70.53688005285018,431.36369506802816
761744.88764,-78.53327082299857,444.65913462999833
761753.463706,-78.53327082299857,444.65913462999833
761762.094282,-78.53327082299857,444.65913462999833
761771.918865,-123.2098379946008,470.69652624690576
761781.310347,-184.08355944893967,430.044343321204
761791.013234,-216.4818694790964,418.96450214418377
761801.004008,-225.5874527573561,421.5295763163355
761812.923317,-277.8013898714468,402.27543770962575
761821.022068,-333.7582027449391,381.0858541274642
761832.818363,-403.880134315728,352.1996616869061
761840.99244,-409.71811829365225,349.918853769279
761851.042264,-434.4050370274659,351.8580432279315
761862.484989,-449.3972433370724,373.0034851230646
761871.039046,-451.968724699866,393.171558071498
761883.779919,-470.8309685871277,393.7483817617162
761891.020777,-470.8309685871277,393.7483817617162
761901.816931,-470.8309685871277,393.7483817617162
761910.998534,-470.8309685871277,393.7483817617162
761921.109323,-470.8309685871277,393.7483817617162
761931.028123,-470.8309685871277,393.7483817617162
761941.029662,-470.8309685871277,393.7483817617162
761942.738261,-470.8309685871277,393.7483817617162
761951.059707,-470.8309685871277,393.7483817617162
761961.049751,-470.8309685871277,393.7483817617162
761970.990833,-470.8309685871277,393.7483817617162
761982.340773,-470.8309685871277,393.7483817617162
761991.028029,-470.8309685871277,393.7483817617162
762001.088178,-470.8309685871277,393.7483817617162
762011.658797,-470.8309685871277,393.7483817617162
762030.75431,-470.8309685871277,393.7483817617162
762032.00484,-470.8309685871277,393.7483817617162
762032.006355,-470.8309685871277,393.7483817617162
762033.427111,-470.8309685871277,393.7483817617162
762043.44233,-470.8309685871277,393.7483817617162
762053.882462,-470.8309685871277,393.7483817617162
762063.446125,-470.8309685871277,393.7483817617162
762073.728869,-470.8309685871277,393.7483817617162
762084.62105,-470.8309685871277,393.7483817617162
762093.492606,-470.8309685871277,393.7483817617162
762107.359416,-479.8121643440629,397.3326787308987
762113.444051,-479.8121643440629,397.3326787308987
762123.404621,-479.2935427644912,397.6018048655379
762133.395048,-478.83903257670704,397.0380518525717
762143.447761,-478.600153836738,397.0876134483196
762153.437935,-479.3309116750634,397.0582030556788
762164.589249,-479.5291843065151,396.43684164752034
762173.391456,-480.610696719182,394.53102333976034
762184.841417,-480.9706666955332,393.4282611796265
762194.377384,-480.8790438356202,391.4335717675912
762203.722666,-481.0757419896787,393.2798607905944
762213.734326,-480.4738394329084,393.5051060175701
762225.18781,-480.4738394329084,393.5051060175701
762236.035233,-480.4738394329084,393.5051060175701
762243.526595,-480.9576835329942,394.6501842423505
762254.557413,-480.9576835329942,394.6501842423505
762263.463924,-480.9576835329942,394.6501842423505
762273.735875,-480.9576835329942,394.6501842423505
762283.736782,-480.9576835329942,394.6501842423505
762293.731484,-480.9576835329942,394.6501842423505
762303.755341,-481.2555558272561,394.5725848851672
762314.995875,-481.2555558272561,394.5725848851672
762323.732556,-481.2555558272561,394.5725848851672
762333.910303,-481.2555558272561,394.5725848851672
762343.731241,-481.2555558272561,394.5725848851672
762353.746723,-481.2555558272561,394.5725848851672
762363.391815,-481.5897694566273,395.0726936266533
762373.407212,-484.6040646477867,395.1857095278853
762383.457166,-492.9514338816476,388.25151642763
762393.450365,-492.9514338816476,388.25151642763
762407.951338,-493.65103455833656,383.4710442672733
762413.424039,-497.7970482031554,383.3182510285254
762423.437674,-497.0630202481054,383.1442516208373
762434.30925,-495.0219381385591,384.259158162895
762444.644859,-492.0226253891259,384.975178303137
762456.444939,-491.1192517624239,383.4309613692676
762469.320138,-491.1664498023237,383.5048350359405
762473.485392,-492.0896388722438,386.75495310878887
762484.994557,-492.3299640645587,388.5665275884876
762494.21718,-491.9202447972524,387.7137612904901
762504.776581,-491.0630730022062,385.04667386378463
762513.435593,-492.4156323452821,388.5660022776532
762527.72211,-492.1527309369542,390.2850640861854
762533.458255,-492.1135125877796,391.0251953746039
762543.44385,-493.6308574294694,393.8297949656417
762553.451161,-493.1832562559474,393.83375218412885
762563.448214,-493.4448077448888,395.0878526490236
762573.417776,-494.83847898898665,398.0996770969101
762583.496877,-495.6947203638775,399.83884775119634
762593.422942,-495.61729238749393,398.5663661174246
762603.407899,-502.0657984532819,391.4945646079409
762613.458153,-501.7278820883733,390.390020124503
762623.403759,-502.3369252126556,389.9698814500064
762633.42453,-502.3369252126556,389.9698814500064
762643.459542,-502.3369252126556,389.9698814500064
762653.490687,-504.57700603024193,382.7133855108119
762663.811984,-510.6026122683126,373.9097531888304
762673.388107,-530.4330125298817,367.3172465971671
762687.908919,-550.3624246576798,361.43547868718304
762693.543942,-561.1572374699987,374.5600577562773
762704.139921,-574.1989068452775,405.83565251892793
762713.851778,-578.4707070598178,419.5457340039415
762735.819405,-584.9175706099891,428.7294230796059
764064.830995,-603.067034291328,492.0556626229039
764074.824404,-601.837122489178,452.21030001038
764085.610227,-601.837122489178,452.21030001038
764096.778845,-601.837122489178,452.21030001038
764104.960289,-597.5898331436545,435.3744220487494
764117.117072,-559.0651097068229,367.4839130016502
764126.446488,-543.1646801113857,319.5201608534176
764134.989243,-461.6520645764666,349.9530503033013
764148.765816,-413.2809471384883,365.2296017511292
764154.847162,-358.9899799583819,381.5049912992999
764164.83501,-352.85672378028187,362.74519129627726
764175.108458,-355.1084239419488,327.4697289891684
764185.454497,-333.6340370386255,292.85598829552106
764195.494291,-330.7793805469158,269.86902261453906
764205.176499,-330.7793805469158,269.86902261453906
764218.677468,-330.7793805469158,269.86902261453906
764224.871969,-330.7793805469158,269.86902261453906
764235.156743,-330.7793805469158,269.86902261453906
764244.825161,-330.7793805469158,269.86902261453906
764255.014057,-330.7793805469158,269.86902261453906
764264.877694,-348.090810562022,262.7512721149836
764274.870368,-369.6477828862079,261.38019249561364
764285.376736,-392.59773669826114,251.3225183492872
764295.165958,-411.8843435891852,242.09139676977827
764304.829406,-425.9311339267216,239.08977948504295
764314.870336,-433.4399853923172,235.79055991907936
764326.318887,-478.9282525324011,216.880967780806
764335.308274,-512.8778081118083,217.17409841288924
764345.18149,-514.3469839068085,221.56216246696548
764355.154883,-522.7428761550337,234.7523258726523
764366.675389,-525.1507522730434,261.3680693561659
764374.861781,-527.6933043186982,291.7750502141298
764384.925076,-519.5621470511738,320.87717875057166
764399.25904,-508.080526751614,331.9140054729518
764404.886848,-448.6732828689656,348.00082171571125
764414.872297,-442.7476608732679,374.4188598950173
764425.278002,-459.5056383934413,400.68701585623353
764435.205176,-480.3163101872332,391.83452631370704
764444.8685,-500.87821384120446,384.10504707472654
764455.160964,-518.8131564374048,376.25918947767445
764464.924844,-527.1021561167446,368.0908823637266
764475.784083,-545.5016682293306,360.22663844199184
764485.221213,-553.9006118114232,362.9500600453487
764502.646978,-577.1093727011005,413.4936508098922
764504.862427,-577.6394971668361,418.84569251088845
764518.3077,-577.6394971668361,418.84569251088845
764529.11774,-577.6394971668361,418.84569251088845
764535.022426,-577.6394971668361,418.84569251088845
764545.322219,-580.0330712711276,424.7010839737691
764556.443302,-584.0338712243463,427.0309934235837
834218.154903,294.9344269195087,876.829617916322
834220.30387,303.5130488753181,840.953803778894
834226.143979,332.3170678845886,806.7367496322668
834236.974334,394.972097105102,775.6982218424355
834306.101471,451.2902507907483,488.29195560497726
834316.64331,401.6618882850024,437.0382933530624
834326.224896,349.3348109234496,392.9059237016867
834336.204793,342.80428467505754,387.1940480779412
834346.518916,342.80428467505754,387.1940480779412
834356.227896,327.21020434307513,368.9945199505965
834367.43624,290.19006879730546,334.4237648613872
834376.688283,241.92062819083463,278.34814904018134
834386.149298,191.21622670468244,238.09100432162464
834396.434886,175.4099140340978,226.07339988667133
834406.138926,81.93966443445933,136.78926332495456
834417.319751,1.3657669313220486,51.372462963529415
834429.789939,-10.73475356968338,-55.38557232005528
837889.592778,210.18518494821603,-53.71482365406239
837900.249594,285.14410446866736,6.325176611795524
837909.066947,347.79408673978406,63.64648683678279
837919.076003,396.2322109871811,99.8025480958961
837929.084865,396.2322109871811,99.8025480958961
837939.446376,396.2322109871811,99.8025480958961
837949.529577,431.0942928837432,88.48351276617466
837959.096542,461.3436615641624,55.67666034740073
838580.348921,397.4209520462905,125.11922958032828
838589.171847,309.67553171213524,45.61875669430578
838599.726068,206.52216674381995,-45.09884695474644
839595.271903,-432.3861756299007,-62.52200704575184
839605.270393,-446.8886841332985,12.824693140293492
839616.490407,-464.73371575948295,55.80446737804069
839625.769664,-485.65146584414936,123.48519819577048
839637.124106,-492.9896988911351,148.41559277789327
839645.275458,-492.9896988911351,148.41559277789327
839655.272295,-492.9896988911351,148.41559277789327
839665.517673,-513.1659326988225,203.7600160378271
839675.210984,-515.3748926924812,222.11891730771555
839685.182145,-528.6959800342654,269.0611505518843
839695.206289,-534.3018725335255,309.7018852405091
839707.409226,-534.3018725335255,309.7018852405091
839715.27507,-526.8625824764955,320.8259008406705
839725.808161,-453.4204574931932,357.2227668949355
839735.555528,-457.786483103116,390.5007937046609
839745.231398,-503.8200525047752,379.0539288405572
839755.558626,-509.9483249340674,366.8197883299546
839765.835199,-509.9483249340674,366.8197883299546
839775.185515,-506.4227347603226,358.93639414077205
839785.501388,-506.4227347603226,358.93639414077205
839795.192661,-506.4227347603226,358.93639414077205
839806.188256,-506.4227347603226,358.93639414077205
839815.303684,-506.4227347603226,358.93639414077205
839825.520663,-498.4571444830604,341.5083694097888
839835.221407,-498.4571444830604,341.5083694097888
839845.218236,-498.4571444830604,341.5083694097888
839855.55102,-498.4571444830604,341.5083694097888
839865.299357,-498.4571444830604,341.5083694097888
839875.294835,-498.4571444830604,341.5083694097888
839885.199692,-498.4571444830604,341.5083694097888
839895.214066,-498.4571444830604,341.5083694097888
839905.283655,-498.4571444830604,341.5083694097888
839916.332688,-498.4571444830604,341.5083694097888
839925.295886,-498.4571444830604,341.5083694097888
839935.964474,-498.4571444830604,341.5083694097888
839945.201982,-498.4571444830604,341.5083694097888
839955.212024,-498.4571444830604,341.5083694097888
839965.513915,-498.4571444830604,341.5083694097888
839975.225743,-498.4571444830604,341.5083694097888
839985.27545,-498.4571444830604,341.5083694097888
839995.25641,-498.4571444830604,341.5083694097888
840005.245827,-498.4571444830604,341.5083694097888
840015.276524,-498.4571444830604,341.5083694097888
840016.525725,-498.4571444830604,341.5083694097888
840025.268991,-494.0818853151279,333.0509748113822
840035.17944,-489.6718099481401,330.11123718084355
840045.280103,-489.6718099481401,330.11123718084355
840055.197974,-489.6718099481401,330.11123718084355
840065.256277,-489.6718099481401,330.11123718084355
840075.200778,-489.6718099481401,330.11123718084355
840085.513368,-489.6718099481401,330.11123718084355
840095.196761,-489.6718099481401,330.11123718084355
840105.212684,-489.6718099481401,330.11123718084355
840115.202176,-489.6718099481401,330.11123718084355
840125.210189,-489.6718099481401,330.11123718084355
840137.780576,-489.6718099481401,330.11123718084355
840145.217492,-489.6718099481401,330.11123718084355
840155.834892,-489.6718099481401,330.11123718084355
840165.243841,-489.6718099481401,330.11123718084355
840177.523414,-489.6718099481401,330.11123718084355
840185.233825,-489.6718099481401,330.11123718084355
840195.284924,-489.6718099481401,330.11123718084355
840205.240442,-489.6718099481401,330.11123718084355
840215.644638,-489.6718099481401,330.11123718084355
840225.210889,-489.6718099481401,330.11123718084355
840235.250317,-489.6718099481401,330.11123718084355
840246.193269,-489.6718099481401,330.11123718084355
840257.38573,-489.6718099481401,330.11123718084355
840265.211977,-489.6718099481401,330.11123718084355
840275.210941,-489.6718099481401,330.11123718084355
840285.213109,-489.6718099481401,330.11123718084355
840296.30276,-489.23032381637216,331.0631722248324
840305.822362,-489.23032380811736,331.0631722248324
840315.212211,-488.3775664944641,332.214483385242
840325.520168,-488.3775664944641,332.214483385242
840336.974146,-488.3775664944641,332.214483385242
840349.275871,-488.3775664944641,332.214483385242
840356.794403,-488.3775664944641,332.214483385242
840365.217515,-488.2036577952843,333.7886748808153
840375.291601,-488.2036577952843,333.7886748808153
840385.216681,-488.2036577952843,333.7886748808153
840395.717262,-488.2036577952843,333.7886748808153
840405.178877,-488.2036577952843,333.7886748808153
840415.524351,-488.2036577952843,333.7886748808153
840425.227416,-488.2036577952843,333.7886748808153
840437.154546,-488.2036577952843,333.7886748808153
840447.543494,-488.2036577952843,333.7886748808153
840456.900998,-488.2036577952843,333.7886748808153
840466.330595,-488.2036577952843,333.7886748808153
840475.209489,-488.2036577952843,333.7886748808153
840485.274826,-488.2036577952843,333.7886748808153
840496.106401,-487.3853119436493,335.5947178558844
840505.242927,-487.3853119436493,335.5947178558844
840516.621256,-487.3853119436493,335.5947178558844
840527.358661,-487.3853119436493,335.5947178558844
840535.706958,-487.3853119436493,335.5947178558844
840545.171812,-487.3853119436493,335.5947178558844
840555.234961,-487.3853119436493,335.5947178558844
840565.227868,-487.3853119436493,335.5947178558844
840575.222125,-487.3853119436493,335.5947178558844
840585.215206,-487.3853119436493,335.5947178558844
840595.18471,-487.3853119436493,335.5947178558844
840606.903907,-487.3853119436493,335.5947178558844
840615.18258,-492.652966730375,333.6021490127763
840625.521458,-492.652966730375,333.6021490127763
840635.652423,-492.652966730375,333.6021490127763
840645.214005,-492.652966730375,333.6021490127763
840655.973369,-492.652966730375,333.6021490127763
840665.228469,-492.652966730375,333.6021490127763
840676.694689,-479.02273723714393,334.9294003662269
840685.223417,-432.78455184292847,350.78341191209785
840695.17673,-417.6317203662671,361.2830049063504
840705.522234,-400.946483386809,377.74826361631233
840708.857515,-367.1391039388432,389.4417248564548
840716.37724,-327.5420406435304,394.4757573505841
840726.304527,-267.2360989883657,415.6275004347218
840736.127529,-256.2195697600526,418.9861227674711
840747.644545,-256.2195697600526,418.9861227674711
840755.238955,-214.29491671666767,421.790860131539
840765.234255,-161.2572553374054,445.1773656186628
840775.183406,-124.51423626643918,465.41830057211706
840786.468113,-94.43593499768002,452.218409523309
840795.222814,-94.43593498102317,452.21840948867714
840805.299574,-94.43593498102317,452.21840948867714
840820.186628,-62.87531522048248,422.5530765145266
840825.200084,-51.5200966719909,400.6311502253444
840837.443367,-36.791926444295584,383.43224444454967
840845.216809,-36.791926444295584,383.43224444454967
840870.228247,277.0259633201832,38.04297733863611
840870.228991,277.0259633201832,38.04297733863611
840871.633757,277.0259633201832,38.04297733863611
840881.658465,290.5144637367439,19.969744957847016
840893.624796,261.51215274290564,-10.663110426560472
840901.951583,197.3434823660552,-59.71390380247375
844303.553468,-446.92776927966185,-14.739980124593348
844313.59316,-465.1024446947424,26.492870978881555
844323.549331,-468.998772244622,57.65045129108015
844333.549615,-478.07960181980695,96.68087924557128
844342.141641,-481.6335164291192,106.01280898904648
844352.138527,-493.2696729355585,153.86174802755488
844362.140294,-511.51362998129366,214.51084373114037
844372.134604,-511.51362998129366,214.51084373114037
844386.17953,-524.839734196421,275.0059889037378
844397.484548,-527.1011612776063,306.857964845921
844402.145861,-508.7467850907008,331.0317513762941
844412.196155,-485.449177252925,334.765796741293
844422.399902,-470.375374313055,334.35810465173466
844432.391113,-465.2578800449135,334.3298436177628
844443.074851,-444.598192598813,342.86018107280063
844452.099746,-429.3106530145295,353.27489205842375
844462.081415,-406.96396394512993,363.91932429441147
844473.135789,-366.6497439857167,381.7259664697849
844482.422046,-345.58129737080753,377.4563564730185
844492.187199,-322.52476860170145,387.86885355072206
844502.071275,-254.52889727577897,422.2945801576136
844513.135973,-187.16459724620609,428.9897417655002
844522.125262,-156.30029513560274,445.2003737574825
844532.113228,-147.89456318945074,449.9049269963855
844542.075155,-123.85120477686732,459.5108769950188
844555.196692,-123.85120477686732,459.5108769950188
844563.342947,-92.14705573776216,467.7953529812721
844572.146692,-24.194958199068648,494.7542505814537
844582.089053,51.19355511021431,522.8245292944434
844592.118645,77.91547892946605,534.268275106992
844602.117199,77.91547892946605,534.268275106992
844612.114062,77.91547892946605,534.268275106992
844622.11453,122.28701028626192,546.6142746288346
844633.069649,170.85308880126544,561.1255529250914
844642.142262,177.6135796306149,600.3666802396972
844652.527923,177.6135796306149,600.3666802396972
844662.110093,177.6135796306149,600.3666802396972
844672.116285,177.6135796306149,600.3666802396972
844682.181665,154.16600750568782,635.5053140741132
844692.962679,102.32810896467149,722.9311071267676
844702.595888,142.08150898016035,791.1818102295357
844712.110743,146.1346476506365,792.7841110931879
844722.11489,176.44480725714948,806.9561043870095
844734.110118,241.6829544254325,835.1000813393209
844742.409997,256.77082923406414,836.9991612294982
844756.506273,256.77082923406414,836.9991612294982
844762.272847,256.77082923406414,836.9991612294982
844776.532558,303.0358942105307,901.2565327109676
846365.713643,292.996790194148,894.2036845426495
846377.41169,302.8829586708793,837.9716134981402
846386.051678,362.80524747291673,786.8866527245268
846395.411365,409.92294053557487,769.3000064726199
846405.924651,437.4482651037295,756.0960980996065
846415.577185,446.7158437040336,753.1643648094592
846925.429466,424.84138459519926,137.57640034306732
846936.125506,417.7767177144658,129.13127076781242
846946.784835,411.0881117678285,123.79981044796914
846956.847188,357.046301074639,78.450761008073
846965.4579,273.7550184740296,45.05444005072477
846975.451275,226.7286550440552,99.4506555740728
846985.461424,226.7286550440552,99.4506555740728
846995.449694,226.7286550440552,99.4506555740728
847008.981414,-49.30599492371187,440.9284690545342
847015.457661,-26.05589025366667,489.89960593743854
847025.458935,53.22892880815712,511.5171070550143
847035.792616,100.82045546785356,528.9824158212608
847046.355148,100.82045546785356,528.9824158212608
847055.968494,100.82045546785356,528.9824158212608
847066.787944,100.82045546785356,528.9824158212608
847076.217075,100.82045546785356,528.9824158212608
847085.451775,106.62483318589597,532.0576275913843
847090.286528,123.01756802202962,541.8727900187872
847095.459033,128.1299942443308,542.8320797180419
847105.438747,128.1299942443308,542.8320797180419
847115.453173,128.1299942443308,542.8320797180419
847126.653653,128.1299942443308,542.8320797180419
847135.55605,128.1299942443308,542.8320797180419
847145.432277,128.1299942443308,542.8320797180419
847155.457328,128.1299942443308,542.8320797180419
847167.306358,128.1299942443308,542.8320797180419
847175.46182,128.1299942443308,542.8320797180419
847186.839277,128.1299942443308,542.8320797180419
847195.455631,128.1299942443308,542.8320797180419
847205.452371,128.1299942443308,542.8320797180419
847216.908294,128.1299942443308,542.8320797180419
847226.793169,128.1299942443308,542.8320797180419
847235.461009,128.1299942443308,542.8320797180419
847245.453784,128.1299942443308,542.8320797180419
847255.722083,128.1299942443308,542.8320797180419
847265.396793,128.1299942443308,542.8320797180419
847275.424131,128.1299942443308,542.8320797180419
847285.425976,136.28488445333372,547.1471920181666
847295.43389,136.28488445333372,547.1471920181666
847305.392843,136.28488445333372,547.1471920181666
847315.398202,136.28488445333372,547.1471920181666
847329.726507,136.28488445333372,547.1471920181666
847335.391629,145.1378237818029,550.407044759667
847345.429359,145.13782434607234,550.4070448140909
847356.963223,145.13782434607234,550.4070448140909
847365.396655,145.13782434607234,550.4070448140909
847375.628129,145.13782434607234,550.4070448140909
847385.419323,145.13782434607234,550.4070448140909
847395.395487,145.13782434607234,550.4070448140909
847405.396155,145.13782434607234,550.4070448140909
847415.481357,145.13782434607234,550.4070448140909
847425.397889,145.13782434607234,550.4070448140909
847435.469315,145.13782434607234,550.4070448140909
847445.4237,145.13782434607234,550.4070448140909
847457.289545,145.13782434607234,550.4070448140909
847468.235564,145.13782434607234,550.4070448140909
847475.400598,145.13782434607234,550.4070448140909
847485.412664,145.13782434607234,550.4070448140909
847495.442127,145.13782434607234,550.4070448140909
847505.850758,145.13782434607234,550.4070448140909
847515.429746,145.13782434607234,550.4070448140909
847525.736242,154.81356224590135,553.1888226881129
847535.411093,154.81356224590135,553.1888226881129
847545.415267,155.7510001713041,553.004845110811
847555.412904,155.7510001713041,553.004845110811
847565.443054,155.7510001713041,553.004845110811
847575.432429,155.7510001713041,553.004845110811
847585.896185,155.7510001713041,553.004845110811
847596.045668,155.7510001713041,553.004845110811
847606.273451,155.7510001713041,553.004845110811
847615.731208,155.7510001713041,553.004845110811
847625.581331,155.9808676950197,553.0928950739763
847635.812299,155.9808676950197,553.0928950739763
847645.404308,155.9808676950197,553.0928950739763
847655.414732,155.9808676950197,553.0928950739763
847665.448757,155.9808676950197,553.0928950739763
847675.471433,155.9808676950197,553.0928950739763
847685.444285,155.9808676950197,553.0928950739763
847695.416582,155.9808676950197,553.0928950739763
847705.532788,155.9808676950197,553.0928950739763
847715.419315,155.9808676950197,553.0928950739763
847736.153544,155.9808676950197,553.0928950739763
847736.161228,155.9808676950197,553.0928950739763
847747.593065,155.9808676950197,553.0928950739763
847755.430882,160.63882430750573,562.0889271144681
847765.75698,160.63882431576044,562.0889271144681
847775.450626,160.63882431576044,562.0889271144681
847785.384644,192.7753940318851,576.9969887761764
847795.403758,190.7968208544109,585.2457530127164
847805.399627,190.7968208544109,585.2457530127164
847815.761829,190.7968208544109,585.2457530127164
847825.733747,190.7968208544109,585.2457530127164
847835.746155,190.7968208544109,585.2457530127164
847848.971587,190.7968208544109,585.2457530127164
847855.405503,190.7968208544109,585.2457530127164
847865.729896,190.7968208544109,585.2457530127164
847875.395517,190.7968208544109,585.2457530127164
847886.399623,190.7968208544109,585.2457530127164
847895.40521,190.7968208544109,585.2457530127164
847905.40381,190.7968208544109,585.2457530127164
847915.427773,190.7968208544109,585.2457530127164
847927.308401,190.7968208544109,585.2457530127164
847935.41224,190.7968208544109,585.2457530127164
847945.442623,190.7968208544109,585.2457530127164
847955.445706,190.7968208544109,585.2457530127164
847965.439645,190.7968208544109,585.2457530127164
847975.439791,190.7968208544109,585.2457530127164
847985.446728,190.7968208544109,585.2457530127164
847995.46556,190.7968208544109,585.2457530127164
848005.395726,187.44687926344167,590.372565802089
848018.388191,187.44530809707751,590.3683529967726
848025.65772,187.44530809707751,590.3683529967726
848041.054599,187.44530809707751,590.3683529967726
848045.512693,187.44530809707751,590.3683529967726
848055.497844,187.44530809707751,590.3683529967726
848066.413401,187.44530809707751,590.3683529967726
848075.742726,187.44530809707751,590.3683529967726
848085.436331,222.1093637635484,622.5165849850825
848090.900982,244.20688315009792,626.963854452826
848095.436512,286.7448496246849,645.1361948920281
848105.860936,346.47207410021434,687.1175670352417
848116.091242,397.6827002857772,722.5979330290551
848126.230699,446.8427343431624,742.6403066193983
848205.453821,422.3515494705166,450.5756612689035
848215.424423,362.216825166006,400.86727426347255
848225.430711,346.8200241786414,389.6831212603391
848236.822721,344.05187801177146,384.8933366652273
848245.39251,300.8271226847253,339.81919587368304
848261.688195,231.5444956005861,276.9039588607727
848265.408963,128.86565537034895,171.12530454829823
848281.238509,68.02471136742099,114.1485889480136
848285.44976,0.1792805116767184,33.71455747518369
917217.914128,278.14292906041976,919.834763560542
917227.434364,286.5668356602958,889.420027457271
917237.874579,253.0443694776,837.1998452701007
917246.48065,154.19392461500337,786.4993660046338
917256.841803,93.1421550561179,716.5711002299479
917266.480598,131.59365664401392,621.0324209404575
917276.475706,127.63238819455488,563.86078544658
917286.461545,40.48000812037169,517.1968742303451
917296.482068,-42.461558579577336,492.3135309109885
917307.915579,-71.28032590332782,483.25931402638577
917317.914195,-71.28032590332782,483.25931402638577
917328.035577,-71.28032590332782,483.25931402638577
917337.914581,-71.28032590332782,483.25931402638577
917346.459591,-113.12636952594916,481.9543590899895
917356.479919,-149.9044568791698,506.3689420887872
917366.460373,-180.7618519837951,556.6846054026818
917376.700575,-226.31885194805415,615.7002979188507
917386.460494,-271.2033483714535,660.5583551535552
917396.480446,-300.5117704699495,697.469869132256
917406.459012,-339.20207042940336,731.6969677519361
917416.460344,-349.8653667719676,752.1181727371514
917427.875634,-369.3336762906324,780.8159720058927
917437.915853,-391.81062689936897,786.4823474020452
917446.46074,-451.03391016236304,756.7100388544175
917458.435619,-504.9872992350171,729.8756450066387
917466.460824,-588.204875489563,687.309474019212
924649.585905,-429.6219614205198,-32.21740541509799
924659.144957,-441.0572843865841,-7.032176759884035
924669.420512,-441.0572843865841,-7.032176759884035
924679.359982,-441.0572843865841,-7.032176759884035
924689.08393,-441.0572843865841,-7.032176759884035
924701.036666,-456.35537188236304,27.388961495081872
924709.073714,-472.75701553497663,83.35726295775096
924719.06782,-491.1370341359595,141.05483228591044
924729.024363,-512.1186835340789,226.94829130612047
924743.617376,-530.3318605708743,282.7489525476405
924749.106001,-509.51971797993866,319.97400670900464
924761.777958,-507.2273248032706,320.9711736774919
924769.80049,-481.23695598872615,336.0472355552751
924779.071155,-477.5648178050786,340.2762940367649
924789.464643,-475.75622872268457,341.5182406787785
924800.441498,-475.75622872268457,341.5182406787785
924809.371463,-449.7974504171792,360.8014118469709
924819.040633,-486.1412187920913,392.7756612810441
924829.085013,-513.2437618520463,362.4239167753748
924829.651549,-513.2437618520463,362.4239167753748
924840.382405,-511.7216441295004,360.0776840802442
924849.46453,-511.7216441295004,360.0776840802442
924860.460766,-511.7216441295004,360.0776840802442
924869.466592,-511.7216441295004,360.0776840802442
924879.214651,-511.7216441295004,360.0776840802442
924890.273295,-511.7216441295004,360.0776840802442
924899.108404,-511.7216441295004,360.0776840802442
924909.051915,-511.7216441295004,360.0776840802442
924920.981254,-511.7216441295004,360.0776840802442
924929.126414,-515.5532411824769,349.6900749890952
924939.064362,-515.5532411824769,349.6900749890952
924952.48625,-515.5532411824769,349.6900749890952
924959.728828,-515.5532411824769,349.6900749890952
924969.047546,-515.5532411824769,349.6900749890952
924979.120915,-515.5532411824769,349.6900749890952
924990.214623,-515.5532411824769,349.6900749890952
924999.087922,-515.5532411824769,349.6900749890952
925009.383055,-515.5532411824769,349.6900749890952
925019.031372,-523.0740178536897,347.509323842943
925029.124613,-523.0740178536897,347.509323842943
925041.280151,-523.0740178536897,347.509323842943
925049.120612,-523.0740178536897,347.509323842943
925059.108139,-523.0740178536897,347.509323842943
925069.020489,-523.0740178536897,347.509323842943
925079.070751,-523.0740178536897,347.509323842943
925089.088514,-523.0740178536897,347.509323842943
925099.029116,-523.0740178536897,347.509323842943
925109.030479,-513.5654557324929,352.97390583960095
925119.132592,-513.5654557324929,352.97390583960095
925129.028941,-504.9272609445744,352.31438802402334
925139.036858,-498.41167995564734,348.9852266369465
925149.065159,-500.78838014993966,349.01530075636333
925160.34217,-501.8215488468372,343.12828893586016
925169.022349,-506.94756129267495,344.377988010106
925179.0367,-508.20720254160136,345.09528118303706
925189.960504,-508.471539830623,346.14078605250893
925199.05326,-508.64345763173344,346.4418649564532
925209.071818,-506.5669464672324,346.5751794768521
925219.136266,-506.5669464672324,346.5751794768521
925229.038504,-497.6240014640064,344.8759871331415
925239.069065,-504.5238178533384,341.31043225437435
925249.022908,-503.7145675777103,342.1546435188285
925262.787137,-500.06870657813806,343.38340569212903
925269.064484,-494.8893662383361,346.01597509187127
925279.025161,-489.3943316068173,348.8012942911142
925289.029561,-488.6542581572331,347.8897582801449
925299.797165,-494.25423914557024,343.7928695085028
925311.980737,-496.3928761812227,345.1816932800063
925320.883237,-496.9271598092327,346.2484013325525
925332.000912,-500.7235019121677,345.33450654663324
925339.689946,-502.64631967830496,345.6378301248163
925349.09987,-502.0368737589582,345.32964799597
925359.179232,-502.0368737589582,345.32964799597
925369.031131,-502.0368737589582,345.32964799597
925379.160682,-507.3524022337668,341.83282811317235
925389.044515,-522.264614949115,335.5252655480397
925399.02442,-521.4740711437906,336.0611341045872
925409.067185,-517.7810721919548,342.4872213185973
925419.139604,-518.3105601188192,344.6566924167629
925435.928117,-521.4715464385954,342.0742992512035
925439.083217,-520.1052635337572,342.49697194224234
925449.02421,-519.5490162802936,342.69614412248484
925461.663834,-519.5490162802936,342.69614412248484
925469.101057,-517.7321177613067,342.7667348346938
925479.553545,-515.4877585696952,342.8757054294259
925490.588816,-515.4378956593692,343.1424631647884
925499.04823,-516.0153418749741,343.57732985070635
925510.074792,-515.1642024631933,343.89915838542123
925520.058433,-515.1642025793491,343.8991584744791
925529.080641,-515.1642025793491,343.8991584744791
925539.592202,-514.6360928605147,346.2247909234417
925549.067883,-514.6269621998947,346.230928972617
925559.018927,-514.6269621998947,346.230928972617
925569.064984,-514.0655264330051,346.72125337567456
925579.790283,-514.0654563462607,346.7212862187764
925589.068539,-512.8521978631481,346.5702411870835
925599.079492,-512.8521978631481,346.5702411870835
925609.047881,-510.0276399232343,348.51821172596664
925620.116304,-504.6825071389266,351.8043765812609
925629.366659,-503.8292575754049,352.10408459977225
925644.5213,-501.4708318966647,352.92459685648936
925649.058573,-496.4470742584544,354.3094336856271
925659.030427,-494.6415512814928,355.17637998929445
925669.057231,-494.6415512814928,355.17637998929445
925680.103859,-494.6415512814928,355.17637998929445
925690.269401,-494.6415512814928,355.17637998929445
925699.064397,-494.6415512814928,355.17637998929445
925709.080396,-494.6415512814928,355.17637998929445
925719.361479,-494.8711202189969,355.0784796671077
925729.067257,-494.8711202189969,355.0784796671077
925740.463962,-494.8711202189969,355.0784796671077
925749.414456,-492.7864241739329,354.7908010431757
925759.070297,-491.0670409816859,348.09385296794784
925769.122141,-491.0670418447471,348.0938516791018
925779.043536,-491.0670418447471,348.0938516791018
925789.034408,-491.0670418447471,348.0938516791018
925799.032005,-491.0670418447471,348.0938516791018
925809.080746,-491.0670418447471,348.0938516791018
925819.091141,-491.0670418447471,348.0938516791018
925831.818554,-491.0670418447471,348.0938516791018
925840.061312,-491.6227652737311,347.6139378504712
925851.506523,-492.2771898605007,346.6126042423722
925859.082363,-493.0093831561567,339.14774246331064
925869.058978,-493.0095685216126,339.1476394112067
925879.357429,-495.8174415759352,338.12781869891256
925889.367207,-474.03697816906185,342.9018306507816
925899.425467,-451.9422053076087,388.067178427185
925909.092319,-472.1280952952008,390.7009082518848
925921.633193,-513.8012265605928,372.2208603666032
925929.028485,-548.2441825793807,348.6733690662641
925959.830081,-514.821897424264,234.74775472016975
925959.830792,-514.821897424264,234.74775472016975
925962.213714,-514.821897424264,234.74775472016975
925962.443705,-507.87596959593793,224.87904231554376
925972.211726,-505.03474862775965,195.1292509904136
925984.604046,-505.0347478311786,195.12925049035383
925992.506437,-500.957968195492,189.7387894605427
926002.534641,-485.8234657062296,149.84307102599374
926012.517512,-474.8818657101706,100.21804839404196
926024.173752,-457.9385057899575,63.34136856986719
926032.228918,-418.0811236951079,-8.943700745399267
926042.644807,-414.8632564945527,-71.72328500663774
928726.159058,-422.7200505123049,-62.36378351712402
928737.532085,-428.9248055955146,-52.42497666076568
928746.221026,-437.87970433654505,9.030431207216193
928756.22711,-449.6453376615544,46.55730179724237
928766.580115,-470.7884128641988,101.86297961587398
928776.173602,-473.7485423411448,114.78856187192537
928786.195894,-483.266065309448,157.85533989038987
928796.159582,-491.8593568529552,181.8075048465713
928806.222218,-495.9338740731551,183.36138782959756
928817.566838,-500.78341951366434,198.3562376902909
928826.843577,-509.7843935785531,222.4385975171161
928836.222185,-513.4466650334912,227.26943530472457
928846.598699,-523.6903514941871,250.82779152755276
928856.4236,-525.0531727926782,258.00450804691945
928866.564116,-534.5393808823574,289.0963008972469
928876.223565,-515.8523913761281,318.3869238375565
928889.698139,-493.8439947011509,332.71308278373726
928897.676932,-459.9995469683384,339.8534905272399
928907.557276,-435.3427229362272,352.7274535247507
928917.599086,-418.3464408865445,365.4004779821447
928926.597482,-390.2059111168884,370.58653479597854
928937.59844,-371.5107626477055,379.42745269235854
928948.59693,-351.66255344326464,378.2980318265522
928956.202207,-325.2072845850947,390.5456456288845
928966.223575,-256.87463713459624,417.0650075632736
928976.243683,-229.77739206197344,418.30040003216016
928986.94373,-229.77739206197344,418.30040003216016
928996.243575,-229.77739206197344,418.30040003216016
929006.434624,-177.13300614498814,431.1524604513481
929016.221387,-60.577307606812205,468.945605112266
929029.183543,26.341419924366612,505.9524972411572
929036.594737,56.94829751301837,521.801287153022
929046.15821,56.94829751301837,521.801287153022
929056.187109,56.94829751301837,521.801287153022
929066.501159,56.94829751301837,521.801287153022
929076.191918,116.77791090889804,544.0588652963359
929086.193286,149.6691971126129,551.0932099124897
929096.163592,211.3986438254572,571.1983581242736
929106.173472,324.86812195334653,624.7974151731365
929117.598764,398.563028532558,658.8330368936978
929126.56138,448.18846592810576,682.2455430627284
929136.20585,454.3203758369063,683.6109120408245
932067.503369,-592.3026614018069,476.257432643879
932067.503993,-592.3026614018069,476.257432643879
932070.945376,-589.3186144040583,462.8007145539104
932089.814304,-585.2964197671716,440.39502442018727
932090.898634,-585.1022252244445,436.750083882064
932100.845318,-585.1022252244445,436.750083882064
932113.872055,-585.1022252244445,436.750083882064
932121.29473,-585.1022252244445,436.750083882064
932132.081578,-580.0989861626294,420.48301016770256
932160.288175,-529.3221618567242,252.5976314131276
932160.28879,-529.3221618567242,252.5976314131276
932162.666739,-529.3221618567242,252.5976314131276
932172.261432,-514.4355897286291,218.0936479784483
932182.866428,-492.51293410117495,151.4774505980575
932192.300876,-483.6195000891393,116.07496257582105
932202.302216,-483.6195000891393,116.07496257582105
932214.80601,-478.1217701657282,99.44281768022998
932222.282465,-477.3960613147373,98.07256687319192
932233.637808,-468.25172499664006,64.20469997208708
932242.438243,-460.7184609054602,44.85822081632006
932252.359783,-453.5971807706601,16.504897624003664
932263.237783,-442.2555454417936,-24.473622531827004
932273.661498,-437.9587545215111,-38.90673140842328
932819.553033,-426.2052283497684,-47.13246493872407
932829.503399,-444.23298183861885,-5.903253722234533
932839.833309,-454.5611038660227,38.914971882522686
932849.594312,-464.4919898624861,80.43089089547135
932860.146502,-470.46223043252405,113.4340433977528
932869.797021,-471.2071054749201,120.63631907845564
932879.485652,-473.6295639781772,128.15132410094895
932891.661665,-473.6295639781772,128.15132410094895
932901.200808,-484.4660801494552,146.85978246002955
932910.612554,-499.7635954240904,188.7485860726377
932919.524472,-502.0361030876428,195.53025509523576
932929.913114,-502.3307745218349,211.48398655584404
932939.817038,-512.1538093059181,249.5740061124253
932949.829165,-518.2002069809874,264.0496367589729
932961.179841,-522.0389463275656,272.8428812548027
932970.553228,-522.0389463275656,272.8428812548027
932995.557449,-456.6485445689275,330.7901348062485
932995.558177,-456.6485445689275,330.7901348062485
932997.346475,-441.937004822687,342.8114318903636
933007.9872,-400.4710112171435,359.66569860974204
933017.963223,-379.8207803658373,363.8258771781203
933027.381878,-350.13947103675014,364.8638658456181
933040.48986,-350.13947103675014,364.8638658456181
933047.373192,-351.76293275605263,341.52455792825754
933063.142754,-351.76293275605263,341.52455792825754
933068.293647,-341.8506374595562,275.1618527390708
933077.369779,-341.8506374595562,275.1618527390708
933087.429092,-341.8506374595562,275.1618527390708
933097.667916,-341.8506374595562,275.1618527390708
933107.332398,-341.8506374595562,275.1618527390708
933117.391506,-341.8506374595562,275.1618527390708
933127.340811,-329.9941983222328,261.40333241594044
933137.371261,-329.9941983222328,261.40333241594044
933147.369784,-328.0184344539158,271.88404025862104
933157.333243,-325.2325111329111,284.52431044708175
933167.33992,-325.2325111329111,284.52431044708175
933177.370425,-325.2325111329111,284.52431044708175
933187.689629,-325.2325111329111,284.52431044708175
933197.341909,-325.2325111329111,284.52431044708175
933207.680523,-325.2325111329111,284.52431044708175
933217.401215,-325.2325111329111,284.52431044708175
933227.340217,-325.2325111329111,284.52431044708175
933237.363744,-325.2325111329111,284.52431044708175
933247.371093,-322.0823938063135,288.0766412947491
933257.670993,-322.0823938063135,288.0766412947491
933267.351011,-332.0778029709639,293.93081115596465
933277.37029,-332.0778029709639,293.93081115596465
933287.387204,-324.1210496364398,298.3682861387061
933299.369925,-323.12321104613324,302.79024520383
933307.371396,-326.62864118653124,302.95920163879936
933317.365116,-324.8779601941264,306.21242952074
933327.372342,-325.21415912038844,306.4140938430916
933337.675863,-325.7739612937411,306.9899724366985
933347.670899,-327.86638181049113,306.48326984690453
933357.356412,-326.4238169363211,304.2967085932713
933370.497952,-326.5243275599753,296.7974080341268
933377.924243,-328.6920028186572,286.63917519850764
933387.347052,-328.5591926768494,289.1766146031684
933397.335168,-328.6847205258821,298.9137006937995
933407.676583,-326.53314171040734,307.9837132328225
933418.322909,-355.5839363414997,281.4319114485772
933428.100155,-373.5778551875732,264.3048188496828
933438.338288,-410.5333060295179,240.80475025325404
933449.912263,-422.45227813800216,228.6461179895008
933457.377151,-474.2416648183975,188.03122885487136
933467.829735,-502.6227518595954,206.11917510627143
933477.391291,-519.1063389240535,241.1924321225574
933487.396182,-529.5006047885822,267.1074338676217
933498.828525,-532.4883982790706,278.9042603163973
933508.782183,-530.906491170742,296.2070115214678
933517.356042,-518.7610706112466,305.57677924606713
933531.208894,-465.591985482267,328.65444631520467
933538.743071,-449.81806029765823,336.16430470597976
933548.014958,-413.6948463715543,348.2728309750463
933557.391174,-396.8797571054174,358.7606554945256
933567.854841,-379.63262073718886,366.7518420677976
933577.381051,-340.2880455363816,377.27513398450935
933587.391365,-288.2782017457323,410.8211177788978
933598.485928,-263.06088813403926,412.06678681533134
933607.452881,-248.6099143600528,408.601547471749
933617.401711,-178.63087722308285,417.3697473349224
933627.695641,-145.83708454756697,440.3301254490865
933638.595628,-145.83708454756697,440.3301254490865
933647.376137,-145.83708454756697,440.3301254490865
933657.356832,-145.83708454756697,440.3301254490865
933669.799658,-136.13415942396338,448.1127069649886
933677.380992,-54.84557308438527,462.6231358807664
933688.023007,19.62133834452414,499.36774776111474
933697.395638,47.94591882117823,537.5143210071501
933707.908936,58.68537963294596,545.1976138445635
933717.758352,58.68537963294596,545.1976138445635
933728.933707,145.0217748276486,568.4857822631968
933737.355408,165.75387398363952,595.1780025757338
933747.853198,120.8983629100344,574.1317299992172
933757.346215,93.29813237919528,598.2822600317934
933767.411394,36.62058853029927,670.331331103756
933777.756121,28.687667293789044,685.1154413576679
933787.383696,0.4987803043555175,718.5865755620657
933798.398344,28.588023949127088,763.2583775803834
933807.678809,31.61660890726419,764.8253055483589
933817.379605,59.849387008673865,778.7533330832476
933827.977613,93.38042815145,807.3563705626643
933837.892201,119.70047752256431,817.7543735274919
933848.723589,116.25106989456924,854.1557841708918
933857.400806,99.57199766488436,896.639733223597
933867.96932,100.07273090307108,913.628132905744
933877.369206,103.93956539121577,914.8866235974295
933887.379347,103.93956539121577,914.8866235974295
933899.871137,103.93956539121577,914.8866235974295
933907.394914,103.93956539121577,914.8866235974295
933918.525448,103.93956539121577,914.8866235974295
933930.322791,103.93956539121577,914.8866235974295
933937.689069,103.93956539121577,914.8866235974295
934028.896054,283.2031632469177,915.084552534368
934037.371793,286.0625581076424,902.8017147346188
934047.346079,286.0625581076424,902.8017147346188
934057.355431,280.0908475243895,886.716157607479
934068.05933,195.2509096431729,831.756841226755
934077.38998,103.21035774920814,770.1383561652442
934087.442785,114.94331675632354,677.2323201664054
934098.553489,138.86378815044478,568.576845095407
934107.688112,118.47986936452892,534.8488880938168
934118.094039,119.30027514746656,532.7780803025289
934127.363594,119.30027514746656,532.7780803025289
934137.686869,119.30027514746656,532.7780803025289
934148.254428,119.30027514746656,532.7780803025289
934158.660353,119.30027514746656,532.7780803025289
934169.252933,119.30027514746656,532.7780803025289
934188.787905,119.30027514746656,532.7780803025289
934188.797456,119.30027514746656,532.7780803025289
934193.015532,119.30027514746656,532.7780803025289
934193.016154,119.30027514746656,532.7780803025289
934194.345301,119.30027514746656,532.7780803025289
934204.956673,119.30027514746656,532.7780803025289
934214.316257,119.30027514746656,532.7780803025289
934224.361422,119.30027514746656,532.7780803025289
934234.361309,119.30027514746656,532.7780803025289
934245.397491,119.30027514746656,532.7780803025289
934254.349924,119.30027514746656,532.7780803025289
934264.363384,119.30027514746656,532.7780803025289
934275.010864,119.30027514746656,532.7780803025289
934284.663031,122.652575322031,519.9705024586425
934294.980943,122.652575322031,519.9705024586425
934305.061491,122.652575322031,519.9705024586425
934314.667531,122.652575322031,519.9705024586425
934324.383677,122.652575322031,519.9705024586425
934334.338462,122.652575322031,519.9705024586425
934344.451833,122.652575322031,519.9705024586425
934360.62126,122.652575322031,519.9705024586425
934364.666167,122.652575322031,519.9705024586425
934374.364207,122.652575322031,519.9705024586425
934384.928661,122.652575322031,519.9705024586425
934395.02255,122.652575322031,519.9705024586425
934404.673382,119.38616102382603,525.904574029354
934414.983382,119.38616102382603,525.904574029354
934425.531349,119.38616102382603,525.904574029354
934434.336299,119.38616102382603,525.904574029354
934444.361295,119.38616102382603,525.904574029354
934454.334046,119.38616102382603,525.904574029354
934464.440221,119.38616102382603,525.904574029354
934474.32751,124.98912237510612,536.3169771274686
934484.331501,124.98912237510612,536.3169771274686
934494.542172,124.98912237510612,536.3169771274686
934504.35636,124.98912237510612,536.3169771274686
934515.114428,125.75628054929572,536.2679928259648
934525.324376,126.39428000951696,535.9506239783632
934536.112551,126.39428000951696,535.9506239783632
934546.494425,127.40177842923478,535.1716338087973
934557.587444,127.40177842923478,535.1716338087973
934565.127998,127.40177842923478,535.1716338087973
934575.617146,127.40177842923478,535.1716338087973
934584.326659,127.40177842923478,535.1716338087973
934595.229368,127.40177842923478,535.1716338087973
934606.51503,127.40177842923478,535.1716338087973
934607.440197,127.40177842923478,535.1716338087973
934614.363828,127.40177842923478,535.1716338087973
934624.331907,127.40177842923478,535.1716338087973
934634.381524,128.80279363896994,534.4287359965227
934644.336295,134.8541431994102,528.6265004762863
934654.362451,172.50468505160993,550.6378910403696
934664.987953,142.18510820567317,584.2793795696883
934678.277928,114.03702127995072,561.0509886410954
934684.33633,63.31223023415559,525.0625078425834
934695.290645,-17.70361692263895,481.0542546566419
934704.649033,-45.1283323130052,467.23694849348544
934714.343546,-45.1283323130052,467.23694849348544
934727.079384,-89.27627877055872,456.6264463271372
934735.125543,-131.95826868856065,500.119464724627
934744.376042,-167.03803472393557,543.0519342567442
934754.665692,-179.88445381778575,562.7974485012165
934766.948919,-209.2524264577955,582.6287885447127
934774.366204,-249.93424357773716,635.4808527907201
934784.360212,-275.105503672166,668.3663560747361
934794.358313,-286.5704462443742,678.7306388195469
934804.366214,-328.56877807112164,697.0315502604685
934814.366691,-353.58590491749,752.8438658814036
934825.795957,-367.268139233429,777.1890532900254
934834.426215,-372.2601667199688,790.9349199226991
934844.674707,-397.5613972045268,786.0117982209915
934854.875621,-418.5892996549763,775.3541658704083
934866.416227,-442.719542051057,761.5358674381472
934874.32474,-447.4938690633701,754.6481277728494
934884.66737,-447.4938690633701,754.6481277728494
934894.375327,-447.4938690633701,754.6481277728494
934905.522122,-447.4938690633701,754.6481277728494
934915.172394,-447.4938690633701,754.6481277728494
934926.486366,-447.4938690633701,754.6481277728494
934934.381525,-447.4938690633701,754.6481277728494
934947.150128,-447.4938690633701,754.6481277728494
934954.340579,-447.4938690633701,754.6481277728494
934964.374785,-447.4938690633701,754.6481277728494
934974.373523,-447.4938690633701,754.6481277728494
934985.748928,-439.3941773589367,748.9019611761621
934995.737333,-420.6967296985473,688.9286569904523
935005.737301,-398.4485736563856,648.9555179814902
935015.736274,-385.8767194730071,627.8911618400673
935024.402044,-358.5801000292452,610.1194158293871
935034.401791,-318.93059861496965,623.8504488139596
935044.702779,-312.85133312494906,625.8952467746743
935054.400507,-292.6794708142319,589.4367809875288
935065.176196,-274.9165491662203,566.9917531354608
935075.817182,-271.78745844773863,561.9947508069708
935085.592679,-269.91458841534126,562.2348193959531
935094.672589,-256.15801295524585,567.9489908831112
935104.378363,-204.59878021758124,577.1312368329874
935114.340963,-204.59877928818764,577.1312370768316
935124.36659,-196.1520916883958,577.2728300531714
935134.360779,-152.09126632318578,589.6926753973627
935144.334413,-94.85171953437944,598.1943075271286
935154.333005,-76.25792676389722,642.7998132676881
935164.362271,-54.27532276015628,659.4476754492373
935174.378527,-3.1409773395294462,615.8321590572591
935184.448603,39.66334002524074,589.102439955352
935194.672611,66.2071803744876,607.1237712492858
935204.364442,116.31223789519366,664.3092932100009
935217.866156,119.22097236492694,696.5501408366255
935224.339846,143.0538607578516,776.7467951707957
935234.336335,250.9093138071793,835.5538079729083
935244.362996,273.9741320331472,845.1141502380516
935254.907404,306.12596138014453,887.7714219083056
935815.064245,127.40177842923478,535.1716338087973
935826.990241,127.40177842923478,535.1716338087973
1008474.873056,309.0393025007057,922.7111726935224
1008484.813896,305.8132519209506,875.9781983699343
1008493.760399,305.8132519209506,875.9781983699343
1008503.399449,305.8132519209506,875.9781983699343
1008513.814223,305.8132519209506,875.9781983699343
1008524.553117,301.0993894022986,862.5650425971805
1008533.420457,354.9526516512548,800.8353233275419
1008544.854031,430.1920343038702,766.8705822352773
1008554.814859,454.79408549179215,753.9294523871214
1011820.589435,280.7346707092086,919.5791886804916
1011826.817512,293.184630217405,875.649134968389
1011837.076475,293.184630217405,875.649134968389
1011847.181928,293.184630217405,875.649134968389
1011857.225578,293.184630217405,875.649134968389
1011867.049633,258.5783313430629,832.0024247822364
1011876.767152,162.13050545257016,783.9952121952721
1011887.056135,110.99729387654764,685.841933773665
1011897.061819,121.1946547358994,666.0949960131281
1011907.538464,141.06622819288518,618.2401865847802
1011916.750669,141.06622819288518,618.2401865847802
1011929.720446,148.56957023972868,578.2272712708011
1011937.299775,125.0472486504134,558.6142791826297
1011946.747993,125.0472486504134,558.6142791826297
1011957.21152,114.07406493402762,547.920114181585
1011966.777069,65.01584262248821,525.2461847186719
1011977.062016,-20.610512318555543,488.8768400336541
1011987.059295,-39.84020158418352,481.5116340973764
1011999.329589,-39.84020158418352,481.5116340973764
1012006.769946,-39.84020158418352,481.5116340973764
1012016.7582,-39.84020158418352,481.5116340973764
1012026.76701,-64.05196841982834,477.4274042842697
1012037.490644,-114.20648783992644,467.4703345683335
1012047.695084,-171.46395860237465,441.3220039417508
1012058.805135,-257.63450216198345,412.1762533225231
1012066.800541,-361.9041774539541,377.5444231394161
1012077.078072,-431.7623391468978,358.1355970898449
1012096.035316,-504.4846508119989,384.135208552378
1012096.035969,-504.4846508119989,384.135208552378
1012097.646208,-516.028459468365,378.3162386696836
1012109.246318,-544.5242256503564,363.8660763756665
1012120.962823,-566.8284275646691,408.77004499912215
1012123.093255,-567.4967523902279,412.1383614732873
1012123.093878,-567.4967523902279,412.1383614732873
1012126.312672,-567.4967523902279,412.1383614732873
1012754.476401,-427.1171307265421,-64.97279957685242
1012762.609254,-444.0438597006345,-6.309153235084482
1012773.151287,-462.23456505705263,56.124270570707615
1012783.027026,-484.2509162144898,109.20922566221616
1012792.915447,-480.3568000793904,123.85605542919994
1012802.648782,-494.1690154414982,175.3865941383374
1012813.382538,-509.8494849640888,221.2076911116556
1012822.940621,-522.3950602338579,231.40093910180408
1012832.655787,-539.6855800160461,257.3890775395772
1012844.195657,-532.9610714376998,314.0848324431984
1012852.938874,-507.1748232035544,334.24441921182574
1012862.610596,-466.0229328634458,344.00304284401614
1012872.618687,-411.3664500528615,357.63763544227527
1012882.612753,-359.23929411136345,380.6423375673333
1012894.336705,-305.7735756516419,397.4384941640948
1012902.635759,-254.23201726466527,416.0068511110397
1012912.961829,-234.70827329863303,402.88986621565823
1012922.628182,-234.70827329863303,402.88986621565823
1012933.2035,-234.70827329863303,402.88986621565823
1012944.907993,-234.70827329863303,402.88986621565823
1012952.918006,-234.70827329863303,402.88986621565823
1012962.591514,-234.70827329863303,402.88986621565823
1012972.62817,-234.70827329863303,402.88986621565823
1012984.281247,-234.70827329863303,402.88986621565823
1012992.626371,-234.70827329863303,402.88986621565823
1013002.618125,-234.70827329863303,402.88986621565823
1013012.618372,-234.70827329863303,402.88986621565823
1013022.589008,-234.70827329863303,402.88986621565823
1013034.174414,-234.70827329863303,402.88986621565823
1013042.627017,-234.70827329863303,402.88986621565823
1013052.621746,-234.70827329863303,402.88986621565823
1013062.619419,-234.70827329863303,402.88986621565823
1013073.362163,-234.70827329863303,402.88986621565823
1013083.250649,-234.70827329863303,402.88986621565823
1013092.663811,-234.70827329863303,402.88986621565823
1013102.627383,-234.70827329863303,402.88986621565823
1013113.074328,-234.70827329863303,402.88986621565823
1013122.6469,-234.70827329863303,402.88986621565823
1013132.88485,-234.70827329863303,402.88986621565823
1013142.595076,-234.70827329863303,402.88986621565823
1013152.616954,-234.70827329863303,402.88986621565823
1013162.640395,-234.70827329863303,402.88986621565823
1013172.623333,-234.70827329863303,402.88986621565823
1013183.527462,-234.70827329863303,402.88986621565823
1013192.590639,-234.70827329863303,402.88986621565823
1013202.638376,-232.73041094580344,400.7526282339344
1013213.024039,-232.73041094580344,400.7526282339344
1013223.329646,-232.73041094580344,400.7526282339344
1013232.637233,-232.73041094580344,400.7526282339344
1013242.760088,-232.73041094580344,400.7526282339344
1013252.816377,-232.73041094580344,400.7526282339344
1013264.118097,-232.73041094580344,400.7526282339344
1013274.563977,-232.73041094580344,400.7526282339344
1013282.584393,-232.73041094580344,400.7526282339344
1013292.595553,-232.73041094580344,400.7526282339344
1013302.594384,-232.73041094580344,400.7526282339344
1013313.115531,-232.73041094580344,400.7526282339344
1013322.627704,-232.73041094580344,400.7526282339344
1013334.515218,-232.73041094580344,400.7526282339344
1013342.988951,-232.73041094580344,400.7526282339344
1013354.146799,-232.73041094580344,400.7526282339344
1013363.285186,-232.73041094580344,400.7526282339344
1013372.633255,-232.73041094580344,400.7526282339344
1013382.621066,-232.73041094580344,400.7526282339344
1013392.619386,-232.73041094580344,400.7526282339344
1013404.168502,-232.73041094580344,400.7526282339344
1013412.667217,-232.73041094580344,400.7526282339344
1013425.661491,-231.62996923035936,403.5145728332759
1013432.593945,-230.67646033751777,410.7404891697786
1013442.93772,-233.1830575965496,408.3548131353342
1013455.07158,-233.1830575965496,408.3548131353342
1013462.591694,-233.1830575965496,408.3548131353342
1013473.550393,-233.1830575965496,408.3548131353342
1013482.629835,-233.1830575965496,408.3548131353342
1013492.666229,-233.1830575965496,408.3548131353342
1013503.609168,-233.1830575965496,408.3548131353342
1013514.943628,-245.50867873833545,397.02934004503527
1013526.151663,-242.6016589442787,397.96939673774415
1013532.629077,-241.4492443163946,398.591473969514
1013542.628596,-241.49449748851816,398.54932333391287
1013552.933136,-241.49449748851816,398.54932333391287
1013564.092875,-251.02476258501665,398.6195780738952
1013572.086847,-251.02476258501665,398.6195780738952
1013572.608856,-251.92237886469397,410.8194472196438
1013582.625917,-250.93082943724065,411.2218362779517
1013594.030788,-250.38291726166423,411.2292577800705
1013602.647812,-236.22872650909093,416.4885016376963
1013613.616649,-182.1799914693701,440.8071962096328
1013622.612412,-131.9127388459036,455.4079256617514
1013635.176831,-99.56286054832646,460.43704999929247
1013642.627625,-108.38477465667798,499.3985703537674
1013652.596076,-160.133691358884,554.3521469904415
1013662.949694,-224.33483696260535,612.1840475916044
1013672.929882,-278.9037105172065,674.4800583178511
1013682.928624,-307.4157592679435,699.2039544885579
1013692.939787,-353.8763012141156,756.5332555932009
1013702.602984,-389.38070579112417,811.5003220891267
1013712.608167,-444.7116257995764,864.0465030282143
1013724.61211,-452.7892779414419,876.4576043112597
1013732.9462,-463.4566624525587,880.0386903834368
1013742.981538,-479.52807764076135,898.5300853456316
1013754.368747,-494.2426920049501,920.9832586250568
1013852.428222,-251.02476258501665,398.6195780738952
1014420.232779,-251.02476258501665,398.6195780738952
1019066.592502,399.9577108722908,95.36520256473042
1019074.30013,339.4008563215927,55.26311714290576
1019084.630922,306.6347847083881,29.3050894520443
1019097.644258,306.6347847083881,29.3050894520443
1019104.63201,251.98615072698385,60.6857206746666
1019138.570168,-29.02791558855683,417.0207546215683
1019138.570845,-29.02791558855683,417.0207546215683
1019140.151408,-29.02791558855683,417.0207546215683
1019150.457204,-68.29828091226304,440.1111128771358
1019161.494633,-115.6800869381395,470.5842076281234
1019170.784986,-183.83738800200717,424.7507586196532
1019180.141469,-248.07673279215533,414.2865431457484
1019190.124576,-293.25411659186665,393.3820801191246
1019202.20056,-336.2230577791237,373.8199297736947
1019210.300355,-398.4024176390348,352.37027205352365
1019221.133243,-407.6380173649462,343.8904328627312
1019230.216538,-417.0676563988184,341.95600457019043
1019241.895016,-442.3090369017308,342.97576388932566
1019252.102437,-448.849468189973,372.1433898990772
1019263.572898,-460.19442788091584,391.3552533464217
1019268.746136,-475.009112475088,385.9069926699377
1019270.470647,-475.009112475088,385.9069926699377
1019280.596359,-475.009112475088,385.9069926699377
1019291.647776,-475.009112475088,385.9069926699377
1019300.111402,-493.470524642094,389.17197408274825
1019310.575791,-514.9584244831925,393.19155689577934
1019320.97409,-514.9584244831925,393.19155689577934
1019330.438774,-514.9584244831925,393.19155689577934
1019342.845154,-514.9584244831925,393.19155689577934
1019350.118547,-514.9584244831925,393.19155689577934
1019360.158728,-514.9584244831925,393.19155689577934
1019370.168251,-514.9584244831925,393.19155689577934
1019383.746911,-514.4912867113887,377.25963688311504
1019390.11307,-502.42354480004326,371.67341149967393
1019400.113665,-502.42354480004326,371.67341149967393
1019410.203437,-502.42354480004326,371.67341149967393
1019420.201938,-502.42354480004326,371.67341149967393
1019432.417448,-502.42354480004326,371.67341149967393
1019440.209897,-502.42354480004326,371.67341149967393
1019450.20505,-502.42354480004326,371.67341149967393
1019460.112893,-502.42354480004326,371.67341149967393
1019470.155941,-502.42354480004326,371.67341149967393
1019480.204374,-502.42354480004326,371.67341149967393
1019491.317031,-502.42354480004326,371.67341149967393
1019500.504756,-502.42354480004326,371.67341149967393
1019510.251089,-512.5073743758082,372.3493045222179
1019520.751285,-512.5073829728099,372.3493262357376
1019530.17964,-511.4898663995655,370.9993172326584
1019540.148773,-513.2850845441154,367.5705891195383
1019550.143587,-514.0390385160185,366.4380057840489
1019560.137917,-514.0390385160185,366.4380057840489
1019570.165637,-514.8035666386268,363.0703540822813
1019580.465108,-514.9213446572276,361.01504995840816
1019590.445967,-514.6609289194301,358.1752061539433
1019601.915765,-514.764608454955,358.55849388871826
1019610.210616,-514.764608454955,358.55849388871826
1019620.279804,-513.8239887477506,354.9711698099218
1019630.120955,-512.4426898266154,354.6978884912016
1019640.990636,-512.4390720397013,354.7029730837887
1019650.14327,-512.1157984707714,354.7676234571793
1019660.459047,-511.5559466078719,354.5645601085176
1019671.446783,-507.86382850248657,353.2994943674949
1019680.122146,-508.5426418082256,359.08537961175614
1019690.153496,-508.3813571499208,373.7236748813437
1019700.809667,-508.2498798001722,375.44912894142686
1019710.248941,-508.43362678979497,377.1354280445523
1019720.249757,-508.9882459760585,377.0802599102082
1019730.215662,-509.1903640971721,376.1890645266568
1019740.574897,-510.1052839517166,376.0203347924466
1019750.217645,-512.523623904215,375.5336048240953
1019760.34202,-515.3430944277866,372.5543883309661
1019770.262928,-515.3430944277866,372.5543883309661
1019780.115319,-515.694867291881,370.37353328587625
1019790.173656,-516.8861848286205,354.5481815339128
1019800.214289,-521.0478349382014,343.90348763609404
1019810.163683,-522.1119403798674,341.349430147682
1019820.445587,-523.1135457260173,342.24035915458626
1019831.275427,-522.7532669153748,345.82532981616737
1019840.449743,-522.1991728315105,353.1221770101759
1019850.262839,-520.1894481610228,354.777561746169
1019860.450003,-518.8855442806723,353.9970609952493
1019870.218063,-516.4277396798568,354.95844249637
1019880.169297,-513.6874958773876,354.7851738790664
1019890.104912,-513.0957673400774,355.6831389313941
1019901.082245,-513.6936582769463,356.05051260316475
1019910.175147,-514.0566180979304,355.3747399434744
1019922.044039,-514.0566180979304,355.3747399434744
1019930.178957,-514.2471881739402,355.3969883175781
1019943.251737,-514.2471760004314,355.39702419354705
1019950.216202,-513.8527081777188,356.03781361203386
1019964.892671,-513.4016759021899,355.58072334639905
1019970.225277,-513.781590931381,356.440576001974
1019980.449645,-514.6207098808774,356.08206899251775
1019991.657945,-513.919813903702,356.83280399299656
1020000.167406,-513.919813903702,356.83280399299656
1020013.530248,-504.3601404146431,357.7954821342763
1020020.169355,-503.3123567207478,357.8383445795599
1020030.12722,-503.35493090728255,356.75745799052856
1020040.167178,-504.6997908648544,355.758052899738
1020050.160374,-507.9128912993994,356.3307679488558
1020062.858736,-512.1305033290087,355.0216932033479
1020071.683392,-512.1305033290087,355.0216932033479
1020080.237054,-515.64205562125,356.73651597004334
1020090.204328,-515.8329331126592,356.75764481189304
1020100.164746,-514.1976829828671,357.22713311007766
1020110.230974,-515.7166462158259,357.55248341445315
1020120.167047,-515.4648576946045,357.92008958084205
1020130.178969,-514.9304720401321,358.13326753405283
1020140.138354,-513.7654525574188,358.45059958595994
1020150.168501,-514.1757605828068,358.16076690843124
1020160.178341,-514.1757605828068,358.16076690843124
1020171.454686,-514.1757605828068,358.16076690843124
1020180.176913,-514.1757605828068,358.16076690843124
1020190.158208,-511.6870390950605,352.32805793301725
1020200.168234,-510.2267633700814,349.6719068554091
1020210.964314,-510.2267633700814,349.6719068554091
1020221.924304,-510.2267633700814,349.6719068554091
1020230.196161,-510.2267633700814,349.6719068554091
1020242.194896,-510.2267633700814,349.6719068554091
1020250.18952,-510.2267633700814,349.6719068554091
1020260.168878,-510.2267633700814,349.6719068554091
1020270.750712,-510.2267633700814,349.6719068554091
1020280.205338,-510.2267633700814,349.6719068554091
1020290.165464,-510.2267633700814,349.6719068554091
1020300.166894,-510.2267633700814,349.6719068554091
1020310.171037,-510.2267633700814,349.6719068554091
1020321.560411,-510.2267633700814,349.6719068554091
1020330.171474,-510.2392201936522,349.7686107826135
1020340.17011,-510.2394328933037,349.76935561548595
1020350.230405,-510.2394328933037,349.76935561548595
1020360.132686,-510.2394328933037,349.76935561548595
1020370.159466,-502.5616041233256,336.97650380510504
1020380.180994,-501.6687930963394,335.9613512016357
1020390.1789,-501.6687930963394,335.9613512016357
1020400.312938,-501.6687930963394,335.9613512016357
1020410.113336,-501.6687930963394,335.9613512016357
1020420.166977,-501.6687930963394,335.9613512016357
1020430.216024,-501.6687930963394,335.9613512016357
1020440.133565,-501.6687930963394,335.9613512016357
1020452.562876,-499.9865609952026,337.0897360517136
1020460.236918,-494.2819069601058,339.8552436672105
1020470.216671,-492.5574928956708,340.3085400553789
1020480.175815,-489.86498250021833,342.6015345685096
1020490.147338,-483.7979865699997,346.50817908971914
1020501.167038,-483.0999093367327,339.9013843809911
1020510.136912,-483.2608053649442,338.9797095440801
1020520.145718,-482.9047394804816,339.2165465600833
1020530.416912,-482.7866632074476,339.4272038755808
1020540.175551,-482.7866632074476,339.4272038755808
1020550.146983,-482.7866632074476,339.4272038755808
1020562.683507,-482.7866632074476,339.4272038755808
1020570.136889,-487.2495605100411,332.3049674354372
1020580.147221,-496.82956067038,322.6823327965566
1020590.166791,-497.6699424413336,321.0829201525743
1020600.327116,-498.9036290079123,317.4171641902372
1020610.480012,-498.9036290079123,317.4171641902372
1020623.118157,-498.9036290079123,317.4171641902372
1020630.192867,-498.96163128306296,317.1244191976453
1020640.64022,-486.3100024258824,309.40980272595635
1020651.447045,-437.38738856966586,325.26328925336134
1020658.920807,-372.855621087083,371.7368904476087
1020660.179301,-372.855621087083,371.7368904476087
1020671.627442,-346.35061472221696,384.41421724648296
1020680.881306,-319.6986276362676,405.3866821791265
1020690.82741,-254.7692983637633,419.2365158542814
1020700.476841,-180.16845627777408,429.9064938172037
1020710.460001,-117.88403018449688,448.4098086378617
1020720.215663,-117.88403018449688,448.4098086378617
1020730.175638,-117.88403018449688,448.4098086378617
1020740.135136,-117.88403018449688,448.4098086378617
1020750.135075,-117.88403018449688,448.4098086378617
1020761.063368,-117.88403018449688,448.4098086378617
1020770.458879,36.94879894485917,516.8062190880871
1020780.154459,76.09004363503541,538.4015746581739
1020790.854208,76.09004363503541,538.4015746581739
1020801.619996,90.73611139694398,543.9985267078672
1020810.168493,127.47385686539936,545.4015513735062
1020821.235686,174.70986786780372,564.3971471750268
1020830.163607,145.4291646718663,646.1347844281429
1020840.160269,134.42883462537625,666.1597744280242
1020851.226649,134.42883462537625,666.1597744280242
1020868.460567,134.42883462537625,666.1597744280242
1020870.356088,134.42883462537625,666.1597744280242
1020880.223017,134.42883462537625,666.1597744280242
1020890.170002,134.42883462537625,666.1597744280242
1020900.218431,134.42883462537625,666.1597744280242
1020910.454131,134.42883462537625,666.1597744280242
1020920.158786,134.42883462537625,666.1597744280242
1020930.167478,134.42883462537625,666.1597744280242
1020940.497536,134.42883462537625,666.1597744280242
1020950.167885,134.42883462537625,666.1597744280242
1020960.134166,134.42883462537625,666.1597744280242
1020970.576612,134.42883462537625,666.1597744280242
1020980.251861,134.42883462537625,666.1597744280242
1020990.37283,134.42883462537625,666.1597744280242
1021000.848018,134.42883462537625,666.1597744280242
1021011.27242,134.42883462537625,666.1597744280242
1021021.480975,134.42883462537625,666.1597744280242
1021033.553172,134.42883462537625,666.1597744280242
1021041.778449,134.42883462537625,666.1597744280242
1021050.159496,134.42883462537625,666.1597744280242
1021060.144458,134.42883462537625,666.1597744280242
1021073.212775,134.42883462537625,666.1597744280242
1021080.13687,134.42883462537625,666.1597744280242
1021090.466185,134.42883462537625,666.1597744280242
1021100.168293,134.42883462537625,666.1597744280242
1021110.481662,134.42883462537625,666.1597744280242
1021122.51919,134.42883462537625,666.1597744280242
1021130.983545,134.42883462537625,666.1597744280242
1021141.449831,129.3837723196771,668.1129436674718
1021151.732494,129.3837723196771,668.1129436674718
1021162.609188,129.3837723196771,668.1129436674718
1021170.595735,129.3837723196771,668.1129436674718
1021182.182403,129.3837723196771,668.1129436674718
1021190.87829,127.8765397994217,669.6893859693478
1021200.146884,140.32138033499467,649.4187750776362
1021210.171631,129.4325379493124,577.9264181657114
1021220.682458,119.64544370773616,564.6153723720099
1021230.465582,119.64544370773616,564.6153723720099
1021242.462579,119.64544370773616,564.6153723720099
1021250.172427,119.64544370773616,564.6153723720099
1021261.727448,118.8442662448018,561.6448633678002
1021270.431971,138.35426488494292,529.7887171976614
1021280.157891,233.07282271629535,452.481835317887
1021293.962131,286.2689805183593,395.53512993116914
1021300.180658,307.4734434561248,377.1488150005064
1021312.039371,307.4734434561248,377.1488150005064
1021320.163956,307.4734434561248,377.1488150005064
1021330.137997,307.4734434561248,377.1488150005064
1021347.074221,307.4734434561248,377.1488150005064
1021353.708778,311.47930613259024,355.9903197132493
1021360.171734,261.1603832144346,306.42989545478
1021370.228758,164.74245079323677,207.6291716239115
1021380.186386,70.38071597029888,125.62543970254116
1021390.918988,9.480171281663646,66.63026216044209
1021400.171863,-9.23685060980806,-56.44644580004985
1027877.396572,-606.5487655074521,661.6726474583784
1027884.271089,-568.8363246124986,686.172939170327
1027892.604639,-538.4609226730557,704.9597632929078
1027898.269998,-514.3009104152004,715.282359335759
1027906.082199,-510.64426184351953,714.3195998595502
1027912.269457,-516.8093162345782,737.6203339329512
1027919.26925,-532.0981638873284,768.5213102802394
1027926.26815,-550.9575970763078,810.7615874774018
1027933.268302,-563.8995281084619,832.0697081751786
1027942.125469,-570.5251543040556,845.8747348780479
1027947.270081,-570.5251543040556,845.8747348780479
1027954.26959,-570.5251543040556,845.8747348780479
1027961.268298,-570.5251543040556,845.8747348780479
1027968.268641,-570.5251543040556,845.8747348780479
1027976.884811,-564.2132098604601,844.9435832227604
1027982.610824,-547.942361208863,846.0233627701961
1027990.606481,-537.2319695877263,844.4885646427067
1027996.268097,-519.0456037415571,840.1109866875395
1028003.406128,-509.921964718269,847.3654515435617
1028014.482953,-501.1910063487096,848.5146789938599
1028017.268042,-501.1910063487096,848.5146789938599
1028024.269703,-501.1910063487096,848.5146789938599
1028031.249809,-489.2081969817021,827.9937158228018
1028038.269724,-482.1749858747364,809.3101834625827
1028046.659396,-470.3511854397749,787.6850566696452
1028052.269786,-451.918653678771,756.6216048339843
1028060.606149,-446.4824006730249,747.5494967049775
1028066.268189,-432.6325168167384,727.1672803194504
1028073.72954,-408.8450416692335,683.638804221258
1028087.205748,-396.7412248173045,654.3899935942422
1028088.606196,-390.5245103960223,640.7507608613421
1028094.509523,-379.8826354747323,617.9179943406173
1028101.291655,-361.4826727625095,607.8147476889686
1028109.606915,-319.8255327640908,615.5712590810699
1028115.271131,-292.49204537776745,612.0316247775637
1028128.291703,-282.0910150819455,592.1819898543175
1028130.154334,-279.9875192356292,575.6012645853855
1028136.269596,-246.85934978296132,568.795725448097
1028143.372277,-217.9135142752397,571.3494159830814
1028151.766278,-207.79741051882112,567.0055226592182
1028157.273433,-207.79741051882112,567.0055226592182
1028166.055823,-194.51260642538216,571.5957823236992
1028171.606376,-182.08960198062903,572.3630349215007
1028178.353762,-121.45511817201692,589.2952077012839
1028185.269874,-91.04089834846104,593.1169761033756
1028192.547816,-80.11798373118208,603.8927005326062
1028200.604992,-65.7068036689309,658.6830465317909
1028206.269772,-58.35850254150211,662.6296864194009
1028213.248455,-26.323244423070477,637.9652136751306
1028220.654448,26.47888269775896,600.0701162022682
1028227.270962,49.55710300028471,590.6897567746987
1028235.606205,89.47781342806704,609.1595389163701
1028241.771278,104.53202687655605,631.7708310193767
1028248.274502,104.53202687655605,631.7708310193767
1028256.800718,128.2512996824946,670.7120760019403
1028262.250082,109.17017443556772,725.6600125039631
1028274.886358,144.27901445916186,783.4187158440434
1028277.542339,212.2935863143344,814.4757936109346
1028284.631582,276.71904786984084,840.7159741304308
1028290.268558,276.71904786984084,840.7159741304308
1028297.529755,276.71904786984084,840.7159741304308
1028311.664293,276.71904786984084,840.7159741304308
1028313.526157,286.07451256603684,844.6510729235226
1028314.449586,298.99870527139785,856.5506067577888
1028314.450144,298.99870527139785,856.5506067577888
1028316.569832,309.08524570196124,881.2185672217828
1212040.184537,279.43661724002726,876.8866344551201
1212046.911349,233.3366575157092,819.813114133782
1212053.917496,162.65629636987575,778.8531800652643
1212061.188774,91.58230697680256,715.7027437471468
1212068.280597,103.67897891753216,678.9576564028048
1212075.206074,141.6920152946828,591.1643804882466
1212082.489837,140.00077177722355,584.5299325979831
1212088.888773,140.00077177722355,584.5299325979831
1212096.29314,140.00077177722355,584.5299325979831
1212102.898946,140.00077177722355,584.5299325979831
1212109.882941,130.64456042337704,567.0637058203931
1212116.978349,130.64456042337704,567.0637058203931
1212124.935949,130.64456042337704,567.0637058203931
1212131.1962,121.34293417512944,554.7352790103317
1212138.041948,123.9380135633438,517.8927034467291
1212146.283371,159.35956366819116,491.31489171142505
1212152.169084,203.86420015724855,460.4366459769771
1212161.89092,273.5688709701415,404.31694967544416
1212165.927328,281.3889752625117,396.6499511146878
1212173.824696,281.3889752625117,396.6499511146878
1212180.427957,281.3889752625117,396.6499511146878
1212186.885021,281.3889752625117,396.6499511146878
1212195.260363,284.09703912542744,390.0041678201094
1212201.190174,292.98592771369823,382.462859307506
1212208.199329,309.8573901787244,366.96064882074734
1212214.857076,313.8521426980348,364.6027543350412
1212222.406394,301.430572558986,333.26851061826693
1212228.856957,256.0792206204532,282.80308900895704
1212235.900948,211.9255342223125,235.42561607149275
1212243.324712,151.51423105119056,173.76733357032302
1212249.902891,105.15791339916228,129.72658528605717
1212256.946051,60.54139348835216,86.1191569179571
1212263.884948,9.630044085103632,46.035060991365846
1212270.856918,-5.274099013072856,-7.509423120188751
1213259.270892,-433.4842830089349,-69.33586524474325
1213265.318845,-438.0907374146794,-51.06676300767365
1213272.030878,-441.3010291715113,-16.509103310774037
1213280.514951,-442.1350282008119,-4.044767036648279
1213285.954332,-442.01245727765627,-2.392905668080161
1213293.710857,-443.5570298217402,15.688909325049751
1213299.935971,-453.7502569648902,26.531178376817174
1213308.725433,-457.77580264407726,41.806681125720665
1213313.936575,-472.8556251468336,74.08365556850815
1213322.270679,-481.27340004740455,106.69736483833913
1213327.935793,-487.467374129688,145.50212147505889
1213336.318662,-500.0016381443474,182.46478377629316
1213342.975715,-500.0016381443474,182.46478377629316
1213348.937278,-500.0016381443474,182.46478377629316
1213357.310991,-500.0016381443474,182.46478377629316
1213362.956721,-508.986502754689,202.40096475069544
1213370.951063,-518.7058692554547,234.8639401581026
1213377.155318,-536.3629790433984,273.69182285847324
1213385.26918,-536.7828080107257,276.8794158324962
1213390.954195,-535.9131215205389,277.92741237737766
1213399.309446,-530.8076129293571,282.171294521966
1213404.936633,-532.7088206896145,285.1827441366161
1213413.310725,-522.2625753238541,303.6606185789674
1213423.156488,-503.3840619781385,317.044304017516
1213425.936779,-476.4852992530265,328.0836676534552
1213432.936449,-460.5718862502807,341.9551729224721
1213440.922754,-424.3943555583804,357.5284607077269
1213446.95049,-389.6512901213686,373.19204302203855
1213454.016568,-339.30377588738173,387.08548077598937
1213460.936694,-265.3259858047822,408.1906355315681
1213470.968529,-211.89496537878372,422.5721848041978
1213475.177747,-155.4159988176593,440.1437772974489
1213482.309487,-121.17900566592286,460.58993577789465
1213490.274946,-121.17900566592286,460.58993577789465
1213495.936137,-121.17900566592286,460.58993577789465
1213504.310804,-121.17900566592286,460.58993577789465
1213509.936636,-121.17900566592286,460.58993577789465
1213516.955353,-116.26807123254932,456.3579932928865
1213524.311128,-117.58901433292672,486.7315496090479
1213530.935469,-133.12461113880258,506.7075368573922
1213537.955426,-167.30868323268697,530.3973327915884
1213546.269171,-202.08924851244956,564.579202220806
1213551.935304,-228.1841343053956,601.5612261396303
1213561.510696,-263.5471441836523,640.3320509675674
1213567.274083,-299.9764305710784,680.3471529660806
1213572.933926,-299.9764305710784,680.3471529660806
1213580.694225,-310.6196515296386,688.4916286521919
1213586.934389,-310.6196515296386,688.4916286521919
1213593.934112,-310.6196515296386,688.4916286521919
1213601.295852,-310.6196515296386,688.4916286521919
1213608.174259,-310.6196515296386,688.4916286521919
1213614.955301,-310.6196515296386,688.4916286521919
1213621.955493,-310.6196515296386,688.4916286521919
1213628.936868,-310.6196515296386,688.4916286521919
1213636.255576,-310.6196515296386,688.4916286521919
1213644.271939,-310.6196515296386,688.4916286521919
1213649.935386,-310.6196515296386,688.4916286521919
1213656.954073,-310.6196515296386,688.4916286521919
1213665.270625,-310.6196515296386,688.4916286521919
1213671.016684,-310.6196515296386,688.4916286521919
1213678.270855,-328.09807764553204,658.3076523850166
1213685.334736,-327.25736555556574,615.7091822114159
1213691.935379,-302.0280968729536,561.9567553975688
1213698.934156,-236.3427128603561,561.803217594316
1213707.2706,-192.82372552444053,582.8050935613606
1213712.93384,-121.3628315217422,599.3114078746103
1213721.270507,-100.59015275280628,602.3235362157664
1213726.955326,-99.93287934089383,602.6602689784404
1213733.935565,-83.64005654525165,631.9172311791424
1213740.935927,-79.6640361784388,648.0118499969803
1213749.269514,-72.24886622236562,660.0617303705621
1213754.935571,-45.13391325709488,644.8395026909276
1213763.950625,-27.592503455067583,631.6822581549328
1213768.956645,-12.40768918809573,619.2795339719958
1213777.270716,-9.022295871080706,616.127325091211
1213782.9344,-3.665445987126376,610.288709447954
1213789.955644,-2.2454072488086254,608.5714318389888
1213797.199727,-2.2454072488086254,608.5714318389888
1213803.936376,14.82922016860842,596.6712991303253
1213810.936676,27.80826174113113,582.0457768490247
1213817.936619,39.87318216935676,569.514779111917
1213825.0064,39.87318216935676,569.514779111917
1213832.28405,39.87318216935676,569.514779111917
1213838.937063,39.87318216935676,569.514779111917
1213845.936749,39.87318216935676,569.514779111917
1213852.962253,39.87318216935676,569.514779111917
1213861.270954,40.34836601801802,568.7751348395809
1213866.936791,39.98623432483652,567.6762171589597
1213873.935949,39.98623432483652,567.6762171589597
1213880.935613,40.45634223344869,568.0178612703603
1213887.936328,53.71142113859397,560.0665807815483
1213894.935531,75.34978112690963,541.9329373414613
1213902.142492,76.98561003308056,540.9215698480492
1213909.135247,76.98561003308056,540.9215698480492
1213915.93663,76.98561003308056,540.9215698480492
1213922.94416,76.98561003308056,540.9215698480492
1213930.016701,76.98561003308056,540.9215698480492
1213937.042033,76.98561003308056,540.9215698480492
1213943.93671,76.98561003308056,540.9215698480492
1213952.310512,76.98561003308056,540.9215698480492
1213957.997381,76.98561003308056,540.9215698480492
1213965.336643,76.98561003308056,540.9215698480492
1213972.510399,78.60036768654483,541.8962565197126
1213978.935384,98.76292434796989,534.214955332845
1213985.9356,162.0425138807201,488.650632528774
1213994.269336,203.10555626944503,453.7920544777931
1213999.956471,243.5810696184995,423.39863908271406
1214006.955886,298.6687759574968,385.99463338922726
1214013.935489,316.3361533931737,369.75192764781866
1214020.934808,348.1013381016893,347.757327543921
1214029.268966,388.5143558195937,316.60215790967146
1214034.934508,407.2498647365143,296.1143233197401
1214041.954544,425.69611183752687,280.182117576017
1214048.935461,454.1084792221004,259.2279327009835
1216442.933385,285.8739110753254,892.5227146107394
1216449.989199,291.92605195190725,850.4474379799055
1216457.23368,354.2338946828874,779.2465609724234
1216466.059972,410.73495789077816,752.3379695472436
1216543.096233,411.5328768706548,419.7843250328239
1216547.933709,363.26459445454,381.012757672862
1216554.916289,316.7356560880979,347.8060709402903
1216561.941131,264.33981036397614,302.39148934845645
1216569.26328,223.46713746136209,268.7410131834165
1216576.264608,185.8393844682962,231.95333538875573
1216582.908208,163.14359344637222,199.95464857364837
1216590.861736,127.7835558754577,171.10539843095944
1216597.311569,70.14051861995281,120.81512016075696
1216604.828652,10.424917805054474,59.81966335418591
1216611.681743,-5.090368951711441,25.729793823580653
1216618.259208,-11.930543344112127,-18.21597618594604
1221313.474794,-80.4735478979193,884.004598558119
1221320.430933,-84.9899983601124,839.7958320301167
1221327.421926,-81.3701895530773,803.1430346367391
1221334.44807,-76.02694141329142,737.1115620061064
1221341.455539,-67.97071706099705,695.4527107805884
1221348.447878,-66.64777368560284,677.4911565272671
1221356.950072,-126.80599261497257,722.9746997573378
1221362.49122,-171.5218195425101,756.8504271556317
1221369.475559,-215.6659422646576,789.054381073942
1221377.096281,-279.2838208614761,827.0029019024144
1221383.428755,-296.89837317548137,875.0396226855345
1221386.951668,-306.6687531208936,905.194419061455
1221386.952358,-306.6687531208936,905.194419061455
1222886.706574,-84.17423505186055,870.48359919791
1222893.40208,-81.34000705751289,827.0515688956117
1222900.306887,-75.50279720087165,804.6410478532728
1222907.292297,-71.72881389830661,736.7755510040088
1222915.112701,-73.9256385258864,685.7328346994882
1222921.335865,-71.11034180067537,651.1268230696851
1222932.865235,-29.679952847274222,605.3642283975415
1222935.419535,-16.363474521111296,562.826399689164
1222942.302202,-7.331934577737743,523.741748058405
1222951.707238,-25.91606526212,503.56403577870026
1222956.348792,-57.9444466795728,492.72878418749616
1222963.343029,-86.0800173838462,481.5549645174241
1222970.628069,-99.01567296405514,477.3040191424298
1222977.645989,-103.4161647731455,489.7869515898268
1222984.626881,-101.95109392707724,507.7257685985131
1222991.330605,-102.29618754623766,527.1464529566846
1222998.622831,-102.29618754623766,527.1464529566846
1223005.963089,-102.29618754623766,527.1464529566846
1223012.304458,-102.29618754623766,527.1464529566846
1223019.326978,-102.94340113047208,535.4262953254471
1223026.32374,-100.38263180867716,557.6370179387387
1223033.759314,-83.68814814458828,624.5605038668419
1223040.30234,-71.86580452853856,656.4439286551772
1223047.649458,-69.2577130006806,659.917081667724
1223054.325799,-47.3464854460699,645.7633300044024
1223063.417235,-16.060456805872633,618.3707078366125
1223068.304782,17.82413270303417,598.0235323075756
1223075.791987,47.24927313640591,577.8805130944102
1223082.288702,47.24927313640591,577.8805130944102
1223089.310511,47.24927313640591,577.8805130944102
1223096.33274,57.68669597772385,571.8803027407765
1223103.302971,84.0672320667637,553.1198793733566
1223110.329033,124.31612628805247,536.5442836133143
1223110.342599,124.31612628805247,536.5442836133143
1223119.671096,161.0059322293829,542.4774448741274
1223124.288759,161.0059322293829,542.4774448741274
1223131.316622,161.0059322293829,542.4774448741274
1223138.332809,161.0059322293829,542.4774448741274
1223145.62371,161.0059322293829,542.4774448741274
1223152.625573,161.0059322293829,542.4774448741274
1223159.949392,161.0059322293829,542.4774448741274
1223166.365976,161.0059322293829,542.4774448741274
1223173.33965,161.0059322293829,542.4774448741274
1223180.843394,161.0059322293829,542.4774448741274
1223187.301604,161.0059322293829,542.4774448741274
1223194.341079,161.0059322293829,542.4774448741274
1223201.624731,161.0059322293829,542.4774448741274
1223208.628852,161.0059322293829,542.4774448741274
1223215.305543,161.0059322293829,542.4774448741274
1223222.290566,161.0059322293829,542.4774448741274
1223229.330994,161.0059322293829,542.4774448741274
1223236.338143,161.0059322293829,542.4774448741274
1223243.946344,161.0059322293829,542.4774448741274
1223252.749098,161.0059322293829,542.4774448741274
1223257.302908,161.0059322293829,542.4774448741274
1223266.392942,161.0059322293829,542.4774448741274
1223271.313044,161.0059322293829,542.4774448741274
1223278.321531,161.0059322293829,542.4774448741274
1223286.85884,161.0059322293829,542.4774448741274
1223294.350918,161.0059322293829,542.4774448741274
1223299.333819,161.0059322293829,542.4774448741274
1223306.635527,161.0059322293829,542.4774448741274
1223313.304569,161.0059322293829,542.4774448741274
1223320.291078,161.0059322293829,542.4774448741274
1223327.367795,172.304976838148,546.7446685998015
1223335.146361,172.304976838148,546.7446685998015
1223342.497132,172.304976838148,546.7446685998015
1223348.295801,172.304976838148,546.7446685998015
1223355.433565,172.304976838148,546.7446685998015
1223364.275192,172.304976838148,546.7446685998015
1223369.627665,172.304976838148,546.7446685998015
1223376.298021,172.304976838148,546.7446685998015
1223383.328826,172.304976838148,546.7446685998015
1223390.297564,172.304976838148,546.7446685998015
1223397.331351,172.304976838148,546.7446685998015
1223404.63703,172.304976838148,546.7446685998015
1223412.511369,171.69789209092633,544.166897360739
1223418.297636,171.69789209092633,544.166897360739
1223425.341585,171.69789209092633,544.166897360739
1223434.375189,171.69789209092633,544.166897360739
1223439.328027,171.69789209092633,544.166897360739
1223446.659781,171.69789209092633,544.166897360739
1223453.625069,171.69789209092633,544.166897360739
1223460.638634,171.69789209092633,544.166897360739
1223467.32895,171.69789209092633,544.166897360739
1223474.333001,171.69789209092633,544.166897360739
1223481.329357,171.00516272127348,543.3291856145144
1223490.135222,171.00516228966927,543.3291851480284
1223496.931379,171.00516228966927,543.3291851480284
1223502.331901,171.00516228966927,543.3291851480284
1223512.326203,171.46331784775666,543.6837575136932
1223516.297783,171.46331784775666,543.6837575136932
1223523.318341,171.46331784775666,543.6837575136932
1223530.666607,171.46331784775666,543.6837575136932
1223537.336883,171.46331784775666,543.6837575136932
1223547.103139,171.46331784775666,543.6837575136932
1223551.326584,171.46331784775666,543.6837575136932
1223558.347705,171.46331784775666,543.6837575136932
1223565.571171,171.46331784775666,543.6837575136932
1223572.327973,171.46331784775666,543.6837575136932
1223579.358216,171.46331784775666,543.6837575136932
1223587.21102,171.46331784775666,543.6837575136932
1223593.33694,171.46331784775666,543.6837575136932
1223600.348882,173.2574347297033,545.2579036619342
1223607.635892,176.0843991684521,546.624769165893
1223614.298951,176.0844002306584,546.6247694871321
1223621.341575,176.55432738773,545.5692340850889
1223628.296736,176.55432782744154,545.5692337073044
1223635.473836,176.55432782744154,545.5692337073044
1223644.477955,176.55432782744154,545.5692337073044
1223651.686446,177.96115142690095,544.794205998719
1223656.627658,177.97503383297138,544.7874760594701
1223663.871992,177.97503383297138,544.7874760594701
1223670.631863,179.3958995459109,545.1891512795886
1223677.299027,179.39601426860762,545.1891763931579
1223684.64085,179.39601426860762,545.1891763931579
1223691.308873,179.39601426860762,545.1891763931579
1223699.992889,179.39601426860762,545.1891763931579
1223705.829197,179.39601426860762,545.1891763931579
1223712.628477,179.39601426860762,545.1891763931579
1223719.33773,179.39601426860762,545.1891763931579
1223726.30291,179.39601426860762,545.1891763931579
1223733.329877,179.39601426860762,545.1891763931579
1223740.291684,179.39601426860762,545.1891763931579
1223747.317203,179.39601426860762,545.1891763931579
1223754.339986,178.65284711362182,545.7561386918649
1223761.301163,178.2861315311738,546.8097981880953
1223769.046928,184.83345420274975,562.7351468573814
1223775.304769,185.49514272677317,566.1373313887331
1223783.099602,185.49514272677317,566.1373313887331
1223789.333068,185.49514272677317,566.1373313887331
1223797.297356,185.49514272677317,566.1373313887331
1223803.338918,185.49514272677317,566.1373313887331
1223810.333132,185.49514272677317,566.1373313887331
1223817.321705,185.49514272677317,566.1373313887331
1223825.442591,185.49514272677317,566.1373313887331
1223831.623858,185.49514272677317,566.1373313887331
1223838.33042,185.49514272677317,566.1373313887331
1223845.308803,185.49514272677317,566.1373313887331
1223853.800854,185.49514272677317,566.1373313887331
1223859.338892,185.49514272677317,566.1373313887331
1223866.301005,185.49514272677317,566.1373313887331
1223873.307087,185.49514272677317,566.1373313887331
1223880.540516,185.49514272677317,566.1373313887331
1223887.304754,185.49514272677317,566.1373313887331
1223895.834783,185.49514272677317,566.1373313887331
1223901.634429,185.49514272677317,566.1373313887331
1223908.641054,184.88123738270176,573.5433930711299
1223915.295791,184.881237830668,573.5433947041846
1223922.29685,184.881237830668,573.5433947041846
1223929.306696,184.881237830668,573.5433947041846
1223938.206974,184.881237830668,573.5433947041846
1223943.786909,184.881237830668,573.5433947041846
1223950.892077,184.881237830668,573.5433947041846
1223957.752063,184.881237830668,573.5433947041846
1223964.315205,184.881237830668,573.5433947041846
1223971.409825,184.881237830668,573.5433947041846
1223979.791013,184.881237830668,573.5433947041846
1223985.817231,184.881237830668,573.5433947041846
1223992.304019,184.881237830668,573.5433947041846
1223999.299278,184.881237830668,573.5433947041846
1224006.351059,184.881237830668,573.5433947041846
1224013.343217,184.881237830668,573.5433947041846
1224020.32713,184.881237830668,573.5433947041846
1224027.785025,184.881237830668,573.5433947041846
1224034.328895,184.881237830668,573.5433947041846
1224041.68134,184.881237830668,573.5433947041846
1224048.329782,184.881237830668,573.5433947041846
1224055.306398,184.881237830668,573.5433947041846
1224062.416816,184.881237830668,573.5433947041846
1224069.308755,184.881237830668,573.5433947041846
1224076.329198,184.881237830668,573.5433947041846
1224083.339349,184.881237830668,573.5433947041846
1224090.597034,182.8642655446297,579.0262837150269
1224097.343042,162.85006094947232,611.1683942724251
1224109.768742,114.12306688848604,689.7445237972171
1224109.777905,114.12306688848604,689.7445237972171
1224110.116614,111.51123895910878,757.0318057095425
1224110.117356,111.51123895910878,757.0318057095425
1224110.782312,111.51123895910878,757.0318057095425
1224110.782889,111.51123895910878,757.0318057095425
1224110.954236,111.51123895910878,757.0318057095425
1224112.879895,133.99988169364454,786.8516921633957
1224116.374358,168.45750058687992,804.9077111384922
1224116.374994,168.45750058687992,804.9077111384922
1224118.126076,168.45750058687992,804.9077111384922
1224125.104311,234.7019545276007,835.09362974257
1224133.396882,271.1711854750424,849.7146021294253
1224139.530651,271.1711854750424,849.7146021294253
1224146.539648,271.1711854750424,849.7146021294253
1224153.098203,271.1711854750424,849.7146021294253
1224160.136628,271.1711854750424,849.7146021294253
1224167.130473,293.8770314343646,871.2855928006036
1224174.461571,292.80213520847474,914.8728462913494
1228951.698112,270.8169476692066,925.1599889173684
1228960.029233,253.84770269906863,906.512868008271
1228965.42985,242.54771566341375,902.4663097630228
1228972.569582,216.38340746743205,883.494044637994
1228979.711175,165.6997526150342,848.4805549302512
1228986.793584,136.2286253000218,828.9626413026705
1228995.605845,109.1162595595009,845.5495108905905
1229000.703457,86.09656369749368,915.892256411772
1229707.411856,466.01016708084,168.19897336667054
1229714.411626,414.4749343503331,120.98364266957412
1229721.419188,369.8304423124503,87.34280725956735
1229728.411699,323.7318346960139,53.67639347177128
1229739.039491,295.3315811797666,35.90989961844036
1229742.421481,271.0565426940305,46.00974155045245
1229750.061404,239.93141184632097,86.9901440540607
1229756.438689,219.2501527908997,110.1200310267644
1229764.586662,219.2501527908997,110.1200310267644
1229774.232674,219.2501527908997,110.1200310267644
1229778.637479,219.2501527908997,110.1200310267644
1229784.372599,-76.63639123306879,437.7667663983669
1229791.370708,-85.68845109605661,438.7959660525598
1229798.398698,-112.62646472284789,464.6724524071133
1229805.604498,-174.47147932794132,438.2128930112587
1229812.414881,-227.82067079946424,420.2921173025086
1229819.376461,-278.63557037448805,399.4350377196491
1229826.412147,-386.4832848600119,375.07372903023537
1229833.413677,-445.4014526794682,355.8507777861298
1229841.604921,-465.85824062021726,346.82478524895464
1229847.390426,-465.85824062021726,346.82478524895464
1229854.386097,-465.85824062021726,346.82478524895464
1229861.38243,-465.85824062021726,346.82478524895464
1229868.411292,-465.85824062021726,346.82478524895464
1229875.388174,-485.3369031044754,331.06851431314306
1229882.388324,-499.90613701686993,329.1324520768388
1229889.484416,-504.567951530517,344.120094113953
1229896.746101,-504.567951530517,344.120094113953
1229903.408212,-504.567951530517,344.120094113953
1229910.654737,-504.567951530517,344.120094113953
1229917.420429,-504.567951530517,344.120094113953
1229924.424045,-504.567951530517,344.120094113953
1229932.463336,-504.567951530517,344.120094113953
1229938.409434,-504.567951530517,344.120094113953
1229945.385571,-504.567951530517,344.120094113953
1229952.426205,-504.567951530517,344.120094113953
1229959.409396,-515.8038820448321,355.2081152266176
1229966.707426,-515.8038820448321,355.2081152266176
1229973.391925,-515.8038820448321,355.2081152266176
1229983.055872,-515.8038820448321,355.2081152266176
1229987.409662,-515.8038820448321,355.2081152266176
1229995.733544,-515.8038820448321,355.2081152266176
1230001.40934,-515.8038820448321,355.2081152266176
1230008.408487,-515.8038820448321,355.2081152266176
1230015.784923,-515.8038820448321,355.2081152266176
1230022.748993,-515.8038820448321,355.2081152266176
1230029.422159,-515.8038820448321,355.2081152266176
1230031.048879,-515.8038820448321,355.2081152266176
1230036.38479,-515.8038820448321,355.2081152266176
1230044.795812,-515.8038820448321,355.2081152266176
1230050.399384,-515.8038820448321,355.2081152266176
1230057.409489,-515.8038820448321,355.2081152266176
1230064.376114,-515.8038820448321,355.2081152266176
1230071.387607,-515.8038820448321,355.2081152266176
1230078.402612,-515.8038820448321,355.2081152266176
1230087.783926,-515.8038820448321,355.2081152266176
1230092.378012,-515.8038820448321,355.2081152266176
1230099.431378,-515.8038820448321,355.2081152266176
1230106.422366,-515.8038820448321,355.2081152266176
1230113.410405,-515.8038820448321,355.2081152266176
1230120.500232,-515.8038820448321,355.2081152266176
1230128.788564,-515.8038820448321,355.2081152266176
1230134.363415,-515.8038820448321,355.2081152266176
1230144.07578,-513.0134073313711,351.91625456982825
1230148.421374,-513.1702593685177,351.4923567994257
1230155.37536,-513.3837924729826,351.5332249467645
1230162.41137,-513.6251496888651,351.9541230786931
1230169.709312,-513.6000053846547,352.183098067138
1230176.88859,-513.6000053846547,352.183098067138
1230183.397222,-512.0585914046983,354.0872257193694
1230190.388137,-511.143126183607,352.3603674084497
1230197.381843,-510.41850788328816,352.7481963605284
1230204.37409,-512.5700883825036,353.9683224430831
1230213.225727,-514.2505059804555,352.29790677405686
1230218.381877,-514.2405972547922,351.8509748444463
1230225.533044,-514.2405972547922,351.8509748444463
1230232.409435,-514.2405972547922,351.8509748444463
1230239.391446,-514.2405972547922,351.8509748444463
1230246.412431,-514.2405972547922,351.8509748444463
1230253.374001,-514.2405972547922,351.8509748444463
1230260.413992,-514.2405972547922,351.8509748444463
1230267.429726,-514.2405972547922,351.8509748444463
1230274.411974,-514.2405972547922,351.8509748444463
1230281.398335,-514.2405972547922,351.8509748444463
1230288.408264,-514.2405972547922,351.8509748444463
1230295.713139,-513.9875257641328,352.41838016683056
1230302.430656,-512.9238622684916,356.4918618664406
1230309.393323,-513.4909358220966,358.01274639110005
1230316.42995,-513.6794214293458,358.28801406724614
1230323.409746,-513.7842933759929,358.32313479223467
1230330.608187,-513.7842933759929,358.32313479223467
1230337.411885,-512.9053727464053,354.5185328957712
1230344.372133,-513.384668398825,352.7620457059187
1230351.409497,-514.2516483450951,353.4110076321433
1230358.412113,-514.2516483450951,353.4110076321433
1230365.423469,-514.2516483450951,353.4110076321433
1230372.804643,-514.2516483450951,353.4110076321433
1230379.414446,-514.2516483450951,353.4110076321433
1230388.117514,-514.2516483450951,353.4110076321433
1230393.371338,-514.2516483450951,353.4110076321433
1230402.593497,-514.2516483450951,353.4110076321433
1230407.417919,-514.2516483450951,353.4110076321433
1230414.711352,-514.2516483450951,353.4110076321433
1230421.703796,-514.2516483450951,353.4110076321433
1230428.706295,-514.2516483450951,353.4110076321433
1230435.64465,-514.2516483450951,353.4110076321433
1230442.850898,-514.2516483450951,353.4110076321433
1230449.708044,-514.2516483450951,353.4110076321433
1230456.377731,-514.2516483450951,353.4110076321433
1230463.403433,-514.2516483450951,353.4110076321433
1230470.379924,-513.6469253100354,355.1208309840981
1230477.422014,-516.6621218276224,360.0295881077512
1230484.413555,-518.3500112493255,360.8489129771205
1230491.372529,-519.5098274644645,361.0770049291097
1230498.423953,-520.0976702989009,358.9167930850513
1230505.411886,-514.1695027870741,358.40240391551043
1230512.393323,-512.0438868700169,358.6996964344968
1230519.430003,-513.6039331594953,356.9207137900667
1230526.42741,-513.6052550974266,354.19123871138146
1230533.386385,-513.34662118422,351.9112524251529
1230540.706058,-513.1196264839579,351.35214644561387
1230547.409329,-513.4551663414802,351.34318977296573
1230554.371925,-513.6464994127957,351.1059157635201
1230564.115547,-513.6465340329657,351.10590806649867
1230569.760284,-513.6465340329657,351.10590806649867
1230575.445296,-513.6465340329657,351.10590806649867
1230583.799327,-513.6465340329657,351.10590806649867
1230589.44384,-513.6465340329657,351.10590806649867
1230596.444764,-513.6465340329657,351.10590806649867
1230603.83125,-513.6465340329657,351.10590806649867
1230610.444185,-513.6465340329657,351.10590806649867
1230617.505743,-513.6465340329657,351.10590806649867
1230624.747329,-513.6465340329657,351.10590806649867
1230631.443741,-513.6465340329657,351.10590806649867
1230638.444133,-513.6465340329657,351.10590806649867
1230646.800154,-513.6465340329657,351.10590806649867
1230652.444254,-513.6465340329657,351.10590806649867
1230659.425364,-513.6465340329657,351.10590806649867
1230667.800733,-513.6465340329657,351.10590806649867
1230673.505133,-513.5910243987117,351.2066983447449
1230680.805287,-513.949156603895,351.5903645948997
1230687.443879,-515.3988544106087,352.6066756754928
1230694.445396,-517.2077558539887,354.05778732833653
1230701.444454,-517.9575379925759,352.47363384589204
1230708.801465,-515.621292232219,354.5616908239452
1230715.419215,-515.6160919684942,354.5639393199803
1230722.774296,-515.6160919684942,354.5639393199803
1230729.418079,-515.6160919684942,354.5639393199803
1230736.381485,-515.6160919684942,354.5639393199803
1230743.375787,-515.6160919684942,354.5639393199803
1230750.72291,-515.6160919684942,354.5639393199803
1230757.433408,-515.6160919684942,354.5639393199803
1230764.451906,-515.6160919684942,354.5639393199803
1230771.4521,-509.4639882440498,351.69939084831054
1230778.435161,-509.1239324016348,351.6061447934859
1230786.413288,-511.3541529882615,351.63204750492986
1230792.452257,-514.2382362483152,351.9389415430573
1230799.813368,-516.7011718725292,354.2287323198157
1230807.053218,-516.6603960075087,355.0617037801883
1230809.36687,-516.6603960075087,355.0617037801883
1230813.433083,-517.869623187511,354.9851743885096
1230820.6932,-513.4939774642747,352.4170771881586
1230828.053516,-512.3713652164212,351.2846021421067
1230834.768068,-517.6767693447845,355.03920441636444
1230841.451852,-541.0598972719705,351.4605554547104
1230848.453182,-562.6392663361135,385.3440026266159
1230856.888045,-588.6150790818315,429.8835923169696
1231017.903537,-516.6603960075087,355.0617037801883
1231121.893801,-516.6603960075087,355.0617037801883
1232382.836118,433.7584179438101,144.2959463645746
1232388.44547,409.7347489088215,120.77299491210388
1232395.446895,409.7347489088215,120.77299491210388
1232404.875875,409.7347489088215,120.77299491210388
1232409.445263,409.7347489088215,120.77299491210388
1232420.723932,338.1491410985425,75.7049050913725
1232423.38877,294.43081254322925,38.37819594591571
1232430.392652,252.1399240703987,63.92179519283626
1232437.59799,228.8051590399312,93.416807498873
1232444.423042,228.8051590399312,93.416807498873
1232452.592202,228.8051590399312,93.416807498873
1232458.420645,-93.60483201820036,450.12875217364575
1232465.427962,-120.2414519887614,491.6736481752432
1232473.505472,-163.08251567240214,542.9026967875728
1232479.410656,-229.0695741082025,612.6341993552772
1232486.412034,-275.54428990696505,659.6583932936153
1232493.398595,-295.2160418437684,684.299691281953
1232500.840746,-295.94635879025174,685.7813725832165
1232507.424476,-331.31178158522937,702.5795704956555
1232515.088622,-354.0729268668262,730.900931086873
1232521.60024,-390.2885588909387,793.3980049228848
1232531.006694,-424.9068466202677,837.7861988611787
1232535.428873,-458.5047670152925,879.6604147124491
1232542.387384,-497.4471758447695,921.1977908618262
1233124.120963,-83.48623046665091,870.8808301530747
1233131.061379,-81.67147669332725,800.5132317899197
1233138.90864,-69.47651430642928,700.9576224000889
1233145.080986,-76.98739967475072,695.3167498662314
1233153.468943,-128.2948483526305,731.7652541980799
1233159.060101,-226.51352656731297,799.5136017929765
1233166.080625,-284.0387261985579,830.0952956477316
1233173.060705,-307.38766385509444,897.1649013945105
1233572.955344,-589.7174522793855,690.7566635964441
1233579.957898,-499.58048808545385,732.5575720477856
1233595.330152,-426.99218020048295,700.0007854519539
1233595.330795,-426.99218020048295,700.0007854519539
1233598.452631,-412.95265557584094,675.042746523199
1233598.453367,-412.95265557584094,675.042746523199
1233600.637378,-412.95265557584094,675.042746523199
1233609.430484,-380.1860498939736,620.5989937841384
1233614.680287,-365.95433548120405,608.8643574255136
1233622.585767,-321.8702494568327,624.8349352685901
1233628.636142,-305.0380676442811,628.1337121887434
1233635.636852,-277.0780497523514,572.5340102065244
1233642.698278,-261.1795365352449,570.4571200306265
1233649.632711,-202.7590318565805,570.2483600173206
1233656.691194,-202.7590318565805,570.2483600173206
1233663.570765,-202.7590318565805,570.2483600173206
1233670.614672,-139.95281764603814,584.5494349390988
1233716.701832,80.51266664368596,558.3358365771173
1233716.70245,80.51266664368596,558.3358365771173
1233718.066881,80.51266664368596,558.3358365771173
1233725.127525,83.26484810231888,554.8362281416777
1233732.412315,83.26484810231888,554.8362281416777
1233739.08198,83.26484810231888,554.8362281416777
1233746.787537,84.34490920856018,544.7029072090321
1233753.103649,84.34490920856018,544.7029072090321
1233760.404888,84.34490920856018,544.7029072090321
1233767.100172,84.34490920856018,544.7029072090321
1233774.085993,84.34490920856018,544.7029072090321
1233781.12092,124.10809696237624,518.3780488623329
1233788.109762,169.28649675068974,482.4536083741163
1233795.752192,211.83813110137683,453.4430204478055
1233802.096724,279.74390747906705,403.2829333014251
1233809.106851,317.3418723280111,366.21708520944907
1233816.400094,302.3067854251928,319.7315320948546
1233823.398723,221.04540390517283,258.4581407352844
1233830.400847,166.77255141062832,209.387580402716
1233837.09493,104.85346035938896,151.71162937390952
1233844.929004,10.615481790232158,56.96013265797633
1233851.131515,-11.080543226102307,-16.72831759698798
1237473.144728,-593.7385508471763,677.2656225585961
1237473.151875,-590.2568350654876,671.1763284361365
1237474.036292,-585.6848217898436,658.1947641147068
1237474.037003,-585.6848217898436,658.1947641147068
1237475.070367,-577.999439667684,641.5182191357677
1237482.917019,-561.3274276336048,625.5965617716712
1237489.09875,-530.2714208378188,613.1036748248572
1237496.055349,-519.9651041660858,629.5548054079991
1237503.110272,-519.9651041660858,629.5548054079991
1237510.149733,-519.9651041660858,629.5548054079991
1237517.403834,-519.9651041660858,629.5548054079991
1237524.436176,-519.9651041660858,629.5548054079991
1237531.405586,-519.9651041660858,629.5548054079991
1237538.068785,-519.9651041660858,629.5548054079991
1237545.11145,-519.9651041660858,629.5548054079991
1237552.712415,-519.9651041660858,629.5548054079991
1237559.078024,-515.7566450697549,649.5294828032258
1237566.10845,-507.8661309817828,675.5256971259057
1237573.396297,-507.8661309817828,675.5256971259057
1237580.405256,-507.8661309817828,675.5256971259057
1237587.40754,-507.8661309817828,675.5256971259057
1237594.477497,-503.0686364902726,692.5973433052111
1237601.414088,-503.0686364902726,692.5973433052111
1237608.07016,-503.0686364902726,692.5973433052111
1237616.119613,-503.0686364902726,692.5973433052111
1237622.068796,-503.0686364902726,692.5973433052111
1237630.876959,-503.0686364902726,692.5973433052111
1237636.084852,-503.0686364902726,692.5973433052111
1237643.162171,-503.0686364902726,692.5973433052111
1237650.415443,-503.0686364902726,692.5973433052111
1237657.078159,-503.0686364902726,692.5973433052111
1237664.120637,-503.0686364902726,692.5973433052111
1237671.274827,-503.0686364902726,692.5973433052111
1237678.074983,-503.0686364902726,692.5973433052111
1237685.080819,-503.0686364902726,692.5973433052111
1237692.070434,-503.0686364902726,692.5973433052111
1237700.552212,-503.0686364902726,692.5973433052111
1237706.124117,-503.0686364902726,692.5973433052111
1237713.392896,-503.0686364902726,692.5973433052111
1237720.07609,-503.0686364902726,692.5973433052111
1237727.111032,-503.0686364902726,692.5973433052111
1237734.40461,-503.0686364902726,692.5973433052111
1237741.407465,-513.8161340279645,699.829670172871
1237748.568026,-520.7377826902195,719.7335181176802
1237755.075932,-493.9888021613117,723.5779700348129
1237762.309729,-461.8937257141142,734.2503732320832
1237769.108934,-436.0784280009511,697.5685261157012
1237776.774975,-419.84193173886433,657.4627386631087
1237783.23323,-405.2155959542478,634.0516482784263
1237790.114419,-379.9225841492305,598.0183546803524
1237797.404552,-334.6480316116862,608.4528713926805
1237804.070467,-310.17738420442635,613.0473734742235
1237811.100214,-287.7237833260869,565.1490869692598
1237818.414754,-258.72296894742715,561.9259665792515
1237826.137038,-214.96389548304344,576.3926783641189
1237832.084405,-208.0729043021394,576.8104007139399
1237839.08984,-208.0729043021394,576.8104007139399
1237849.110373,-208.0729043021394,576.8104007139399
1237853.399916,-208.0729043021394,576.8104007139399
1237860.730137,-183.9019143873112,583.9255941663791
1237867.128549,-137.1479536369432,588.5319375936385
1237874.437023,-96.37799783895905,597.2351236958981
1237881.074721,-75.18143199566747,654.8001362575093
1237888.088035,-44.08289602410365,634.7400422261935
1237895.721955,35.761468970721936,585.1669133199894
1237902.243992,60.06989746353092,599.9762425696323
1237909.081564,75.89608445411487,616.7784837572858
1237916.086506,92.7875420467273,638.746206808537
1237923.303039,97.43053544476015,647.2706131360171
1237930.118442,102.71191823574152,760.0138735766261
1237938.142719,219.7314881351663,820.4845819370374
1237945.67654,274.9687253764852,845.5013194143374
1237951.411019,274.9687253764852,845.5013194143374
1237958.073283,281.5314536147216,850.8000141194082
1237966.144931,297.7282116819894,888.9842584201471
1301334.127243,283.1805326113248,907.0844601756344
1301342.493693,286.1545098339246,895.2602941318578
1301348.141637,296.46136659945427,852.6450867773506
1301355.121752,328.40372047415366,809.3401761225689
1301363.855312,393.3312981281022,760.4518821916812
1301369.105566,422.58877280070107,746.0929125064395
1301378.416207,453.2051408627483,734.9308606217387
1301656.085399,461.55490849553496,150.5610720483809
1301663.217178,429.7988472100973,124.45643298573955
1301672.173964,401.8325567161011,111.8286197319194
1301677.057471,345.58066918798886,74.47577837820816
1301684.094654,307.1463156840798,39.24422558093306
1301691.854231,307.1463156840798,39.24422558093306
1301698.090607,255.1865201169016,96.35700701219268
1301706.805474,194.9960581946752,133.5885827734174
1301712.460359,194.9960581946752,133.5885827734174
1301719.480303,194.9960581946752,133.5885827734174
1301726.726011,194.9960581946752,133.5885827734174
1301733.137351,-43.11094938990296,431.1226293639292
1301740.966389,-65.00947348141662,436.90108582830766
1301747.401592,-65.00947348141662,436.90108582830766
1301755.202122,-65.00947348141662,436.90108582830766
1301765.046297,-65.00947348141662,436.90108582830766
1301769.127991,-65.00947348141662,436.90108582830766
1301775.119832,-65.00947348141662,436.90108582830766
1301782.069616,-95.03525602331524,460.570767841561
1301789.084767,-110.06505800730022,470.2788550382538
1301796.158965,-149.30304420686633,453.1570768046325
1301803.741421,-182.4071421677044,437.1547646033717
1301810.073965,-229.48949419024885,418.9655345305016
1301817.489915,-273.14435956382346,405.06863978161726
1301824.097951,-294.94418436068014,397.9979387079928
1301831.106433,-311.37438132632553,394.0063244828344
1301838.650914,-334.738844856728,390.018162760011
1301845.098184,-368.7370557927837,383.4110937980538
1301852.414052,-394.6915039478269,369.9098173473353
1301859.109533,-430.9687665782207,356.0996329312088
1301874.779814,-430.9687665782207,356.0996329312088
1301874.783406,-444.49243536603774,334.567341774181
1301880.130052,-446.8294096596457,333.2328476219137
1301888.365269,-446.8294096596457,333.2328476219137
1301894.131711,-452.5982364028183,327.9220108004312
1301901.133758,-486.2644843667223,316.5859758331671
1301918.497803,-486.2644843667223,316.5859758331671
1301918.501354,-486.2644843667223,316.5859758331671
1301922.130846,-486.2644843667223,316.5859758331671
1301937.809423,-494.9236181259045,320.7120497519767
1301937.810106,-494.9236181259045,320.7120497519767
1301940.791842,-494.9236181259045,320.7120497519767
1301944.735784,-494.9236181259045,320.7120497519767
1301954.357829,-494.9236181259045,320.7120497519767
1301954.997766,-494.9236181259045,320.7120497519767
1301961.670743,-494.9236181259045,320.7120497519767
1301968.698927,-494.9236181259045,320.7120497519767
1301975.666116,-494.9236181259045,320.7120497519767
1301982.669202,-494.9236181259045,320.7120497519767
1301989.721395,-494.9236181259045,320.7120497519767
1301997.003332,-494.9236181259045,320.7120497519767
1302003.680153,-494.9236181259045,320.7120497519767
1302014.752781,-494.9236181259045,320.7120497519767
1302017.694399,-494.9236181259045,320.7120497519767
1302024.705649,-494.9236181259045,320.7120497519767
1302032.004095,-494.9236181259045,320.7120497519767
1302039.077665,-494.9236181259045,320.7120497519767
1302045.661491,-494.9236181259045,320.7120497519767
1302052.672893,-494.9236181259045,320.7120497519767
1302060.130441,-494.9236181259045,320.7120497519767
1302066.714128,-494.9236181259045,320.7120497519767
1302074.320567,-494.9236181259045,320.7120497519767
1302080.703416,-494.9236181259045,320.7120497519767
1302093.926038,-494.9236181259045,320.7120497519767
1302095.198927,-494.9236181259045,320.7120497519767
1302095.890296,-494.9236181259045,320.7120497519767
1302095.891012,-494.9236181259045,320.7120497519767
1302097.404226,-494.9236181259045,320.7120497519767
1302104.369998,-494.9236181259045,320.7120497519767
1302111.396447,-494.9236181259045,320.7120497519767
1302122.347948,-499.4374645576429,329.60196780068014
1302126.417571,-499.43741355685495,329.6021086173163
1302132.821388,-498.9973902664709,330.43698723904726
1302139.440143,-498.9973902664709,330.43698723904726
1302147.006092,-498.9973902664709,330.43698723904726
1302153.676896,-499.4086988401868,330.12003396701226
1302165.187149,-499.4086988401868,330.12003396701226
1302171.903452,-499.4086988401868,330.12003396701226
1302174.438985,-499.4086988401868,330.12003396701226
1302181.67531,-499.4086988401868,330.12003396701226
1302188.377935,-499.4086988401868,330.12003396701226
1302197.618986,-500.4960567354773,333.8904233126639
1302202.328053,-500.5018088964206,333.90511277977555
1302211.756277,-501.6225895552196,334.0088093043078
1302216.329442,-503.18670131163856,333.9340006443267
1302223.628585,-503.6780873471227,333.6263025710498
1302234.045454,-505.53750030544944,333.7204469448842
1302237.663515,-509.5110175980486,335.3626698286933
1302245.655789,-508.4299142539657,335.34925167288515
1302251.365515,-508.42762169110046,335.3514239302104
1302258.67327,-508.42762169110046,335.3514239302104
1302266.417709,-508.42762169110046,335.3514239302104
1302272.363773,-508.42762169110046,335.3514239302104
1302279.325057,-508.42762169110046,335.3514239302104
1302286.331245,-508.42762169110046,335.3514239302104
1302293.418266,-507.9947897202357,335.3822573882274
1302302.289668,-507.9947897202357,335.3822573882274
1302307.333865,-507.9947897202357,335.3822573882274
1302315.46227,-507.9947897202357,335.3822573882274
1302321.670755,-507.9947897202357,335.3822573882274
1302328.882117,-507.9947897202357,335.3822573882274
1302335.603911,-507.9947897202357,335.3822573882274
1302342.377975,-507.9947897202357,335.3822573882274
1302349.347782,-507.9947897202357,335.3822573882274
1302356.386487,-507.9947897202357,335.3822573882274
1302365.757063,-507.9947897202357,335.3822573882274
1302371.438764,-508.4167248396009,335.0447172989111
1302377.340883,-508.4158507062133,335.0421632035475
1302384.373708,-507.3475121323493,334.5484971494188
1302391.364411,-507.3475121323493,334.5484971494188
1302398.333595,-507.3475121323493,334.5484971494188
1302407.064619,-507.3475121323493,334.5484971494188
1302412.791666,-507.67536908438194,336.9154231229357
1302419.38358,-507.8780079181314,338.00151591557307
1302426.383089,-507.8780079181314,338.00151591557307
1302433.378991,-507.8780079181314,338.00151591557307
1302441.757321,-508.16912091437325,338.90048961824857
1302447.348753,-508.2214875105647,340.1782927847044
1302456.322751,-508.53165857235393,341.39407777557045
1302461.39241,-508.7823184624447,341.924363711381
1302473.922793,-509.0202590565628,342.0606287415069
1302475.387266,-509.1220515958127,342.6258618428272
1302482.383748,-509.1220515958127,342.6258618428272
1302489.39333,-511.2984854474527,344.2851143240172
1302496.391035,-511.2984863022589,344.2851150672141
1302503.36066,-511.2984863022589,344.2851150672141
1302510.487272,-511.2984863022589,344.2851150672141
1302517.349961,-511.2984863022589,344.2851150672141
1302528.661866,-512.2443377564213,345.3566412616073
1302531.461652,-513.1870269291321,346.2545845096731
1302542.901413,-513.1870269291321,346.2545845096731
1302547.120011,-513.1870269291321,346.2545845096731
1302552.36065,-513.1870269291321,346.2545845096731
1302560.067828,-513.1870269291321,346.2545845096731
1302566.481815,-513.6963838651542,344.7422613950254
1302573.693718,-513.6963843713456,344.7422598170994
1302581.817722,-513.6963843713456,344.7422598170994
1302587.666178,-513.6963843713456,344.7422598170994
1302594.661783,-513.6963843713456,344.7422598170994
1302601.667367,-513.6963843713456,344.7422598170994
1302608.701403,-513.6963843713456,344.7422598170994
1302615.334801,-513.6963843713456,344.7422598170994
1302622.661959,-514.3400875554581,344.3403110010509
1302630.257174,-515.4395728354193,342.9501316590733
1302636.538952,-519.3043068700408,359.33969548264344
1302643.391919,-529.5957348782421,360.25292167200945
1302654.652129,-542.6379179553985,358.49736757784234
1302657.379807,-543.3459669723645,346.00918803139564
1302664.41337,-536.8338332263036,338.03652268149045
1302671.650505,-536.8943869849722,328.3792623094741
1302690.565946,-541.293242865476,295.34293736906073
1302690.569561,-528.5815033503224,255.68053163831976
1302690.573867,-529.8846717520194,225.74813452001308
1302699.456947,-519.190671815323,202.47706889691855
1302699.457722,-519.190671815323,202.47706889691855
1302699.731075,-512.9903382848273,192.81130768458064
1302702.704123,-512.9903382848273,192.81130768458064
1302710.061334,-492.2534984564672,155.74254953590685
1302719.00819,-490.121690199848,133.59532073899553
1302723.97366,-482.3030016181585,113.667402730502
1302737.284618,-477.6462242416459,101.8146614304532
1302737.668092,-474.0651959972655,95.8868582539838
1302744.873507,-471.39889694765486,90.77660714422858
1302760.379012,-471.2911610317551,89.43291288816457
1302766.366724,-471.2902329269104,89.42864631579013
1302766.375102,-470.7669812451373,88.53746532142796
1302779.768043,-461.1495943076135,74.4999813983691
1302782.253983,-450.8675442616552,43.74513449544421
1302787.033873,-449.2145696545065,27.3354241078552
1302793.971424,-449.2145696545065,27.3354241078552
1302806.188545,-434.8746542297431,-47.90720881394861
1307073.14235,-440.7395012114794,-38.65092916271491
1307079.18243,-446.7275384616945,-7.233889831283112
1307087.581508,-464.87514478630845,51.152427025213306
1307093.163227,-469.331007871297,66.68742115418512
1307100.191267,-469.331007871297,66.68742115418512
1307109.185922,-487.76260337783,119.5852758835194
1307114.181945,-496.1792275157553,150.47538170807113
1307121.191851,-502.6742021507777,180.14305292897288
1307129.54638,-505.0370144040417,189.4527503034779
1307135.186742,-505.0370144040417,189.4527503034779
1307143.538172,-505.0370144040417,189.4527503034779
1307149.188311,-505.0370144040417,189.4527503034779
1307156.614762,-508.8773089679495,204.87330862081708
1307163.183346,-517.4697959663373,234.2950384096744
1307170.196513,-518.607904489327,237.42816381476027
1307177.188397,-520.750246260259,256.3664960678576
1307185.546272,-524.8498224455527,276.9502862265019
1307191.190568,-534.1190417991012,311.0960569135517
1307198.189892,-528.1675079825418,317.5167650445512
1307205.189353,-520.8591358512324,319.7039231398979
1307213.57889,-502.2411362037013,323.84256777205707
1307220.265207,-475.2498159995993,330.3238111846396
1307227.538857,-462.7337812246411,334.7374096411844
1307233.188406,-422.9113245169738,350.53765051732614
1307240.190788,-406.5714656357798,356.30861420747806
1307248.781641,-367.18239148075855,376.15430964774
1307254.465805,-311.48166194448777,401.7579357727142
1307264.089223,-278.6535797373488,412.8135406292577
1307268.190968,-248.14236620007856,422.14676048863134
1307276.58551,-189.8036767767192,438.1738318791326
1307282.189947,-177.25559607116023,442.981534681099
1307289.183641,-177.25559607116023,442.981534681099
1307296.233385,-177.25559607116023,442.981534681099
1307304.580468,-175.72446118163796,442.0328884710568
1307310.185463,-145.00791471066245,449.47300208753376
1307319.845105,-106.94745937879011,465.6328599227702
1307324.583361,-110.75715946819072,483.22176695074097
1307331.150148,-124.1239656693639,496.0354262018464
1307338.176286,-145.85405556387744,512.0111255197984
1307346.505283,-184.66149888544004,555.9156156585843
1307352.243583,-202.57871225131632,580.7045918137029
1307359.308891,-220.64191472568623,605.0480113139376
1307366.188294,-258.12392533090895,653.9230841106946
1307374.109732,-286.6890066432288,686.3840283129217
1307380.209213,-329.3605009027013,701.2901669434283
1307387.16871,-334.2400567438338,724.0514172464079
1307394.182856,-351.2208482221201,759.7050133111727
1307401.185215,-366.6690209248664,785.664570064456
1307408.183707,-390.1201980756357,799.7570333483958
1307420.602382,-416.2682910161256,803.1948326780683
1307422.181264,-463.2403828067144,851.3415667702968
1307429.185274,-478.7464774876816,875.0512666407909
1307438.227628,-495.1721897633357,905.3011857052636
1310287.576394,-599.9092913689336,681.9724520693661
1310295.090002,-589.2574622863127,692.4525634963281
1310301.572977,-570.4122965924033,641.1039375253922
1310309.87073,-564.3082092863605,607.1842079535302
1310315.565922,-566.4285573091612,581.7156828692242
1310323.947112,-554.5432927805655,551.4328568062274
1310329.574919,-552.5945854152199,547.0949493908074
1310336.567648,-538.8623582862863,538.8570574424398
1310343.569454,-499.22669127976735,534.0166200159445
1310351.907542,-457.8028425910978,535.5486354988195
1310357.567125,-393.1618170631593,545.7926681558625
1310364.651032,-379.0341203132464,550.5097902367621
1310371.570418,-354.10034448197587,582.013859433648
1310379.906287,-320.34460162566705,595.5619579381763
1310385.811615,-304.7680429286468,602.3978810938451
1310392.576315,-303.12280599444017,584.0867343253383
1310399.572891,-279.2392762984035,562.1605579035489
1310407.9671,-233.32984834545616,550.7810299798296
1310413.583344,-205.71883495804104,549.294420753965
1310420.56951,-188.5124637038068,557.2397787263654
1310427.572142,-157.0095510612258,556.9351007306765
1310435.907978,-115.88152928644357,533.3663721533718
1310443.650284,-85.35211105032187,598.8715788545303
1310448.564186,-75.38750665327598,642.3165067059753
1310456.983384,-73.71434596258037,654.4412888015863
1310462.568276,-35.63970519763371,634.9927808159619
1310469.57146,-0.2531624642334266,616.2213923684191
1310476.573628,27.56959106196687,599.5617888594992
1310484.940944,53.864876187640455,583.6455575194316
1310490.56939,53.864876187640455,583.6455575194316
1310497.574164,53.864876187640455,583.6455575194316
1310508.7558,53.864876187640455,583.6455575194316
1310513.241653,53.864876187640455,583.6455575194316
1310518.568713,64.94184114269056,572.906559940531
1310526.908264,99.97257618128066,546.3720537930278
1310532.039685,125.97330082702668,533.8754029919495
1310532.571488,125.97330082702668,533.8754029919495
1310540.234601,125.97330082702668,533.8754029919495
1310546.579408,125.97330082702668,533.8754029919495
1310554.90161,125.97330082702668,533.8754029919495
1310560.573077,125.97330082702668,533.8754029919495
1310569.307676,125.97330082702668,533.8754029919495
1310575.644693,125.97330082702668,533.8754029919495
1310581.565555,125.97330082702668,533.8754029919495
1310588.617223,125.97330082702668,533.8754029919495
1310595.568197,125.97330082702668,533.8754029919495
1310603.907464,125.97330082702668,533.8754029919495
1310611.091093,125.97330082702668,533.8754029919495
1310616.944106,125.97330082702668,533.8754029919495
1310623.578828,125.97330082702668,533.8754029919495
1310630.566939,125.97330082702668,533.8754029919495
1310638.906506,125.97330082702668,533.8754029919495
1310644.576078,125.97330082702668,533.8754029919495
1310651.573321,125.97330082702668,533.8754029919495
1310659.188167,125.97330082702668,533.8754029919495
1310665.573146,125.97330082702668,533.8754029919495
1310672.571738,125.97330082702668,533.8754029919495
1310679.579236,125.97330082702668,533.8754029919495
1310686.568296,125.97330082702668,533.8754029919495
1310693.949186,125.97330082702668,533.8754029919495
1310700.571116,125.97330082702668,533.8754029919495
1310707.813913,125.97330082702668,533.8754029919495
1310715.946273,125.97330082702668,533.8754029919495
1310721.571199,125.97330082702668,533.8754029919495
1310728.572961,125.97330082702668,533.8754029919495
1310736.911029,125.97330082702668,533.8754029919495
1310742.565385,125.97330082702668,533.8754029919495
1310749.636255,125.97330082702668,533.8754029919495
1310756.581438,125.97330082702668,533.8754029919495
1310763.565814,127.01919487003332,533.6865170075655
1310770.945338,127.01919487003332,533.6865170075655
1310777.574285,127.01919487003332,533.6865170075655
1310788.174392,127.01919487003332,533.6865170075655
1310791.867743,127.01919487003332,533.6865170075655
1310798.565561,127.01919487003332,533.6865170075655
1310805.570342,127.01919487003332,533.6865170075655
1310813.941501,127.01919487003332,533.6865170075655
1310819.573841,127.01919487003332,533.6865170075655
1310827.980303,127.01919487003332,533.6865170075655
1310833.575683,127.01919487003332,533.6865170075655
1310840.575113,127.01919487003332,533.6865170075655
1310847.5755,127.01919487003332,533.6865170075655
1310858.86054,127.01919487003332,533.6865170075655
1310861.569839,127.01919487003332,533.6865170075655
1310868.573328,127.01919487003332,533.6865170075655
1310875.575141,127.01919487003332,533.6865170075655
1310882.570301,127.01919487003332,533.6865170075655
1310891.109736,127.01919487003332,533.6865170075655
1310896.571509,127.01919487003332,533.6865170075655
1310903.575456,127.01919487003332,533.6865170075655
1310911.910128,127.01919487003332,533.6865170075655
1310917.811841,127.01919487003332,533.6865170075655
1310924.567147,127.01919487003332,533.6865170075655
1310931.571927,127.01919487003332,533.6865170075655
1310939.90054,127.01919487003332,533.6865170075655
1310945.591651,127.01919487003332,533.6865170075655
1310953.902154,130.8503212509208,534.5499504579259
1310959.568656,143.31777309569003,535.411481566084
1310968.674978,143.32881051882748,535.4100868432214
1310973.596306,143.32881051882748,535.4100868432214
1310980.59581,143.32881051882748,535.4100868432214
1310988.945329,143.32881051882748,535.4100868432214
1310994.587234,143.32881051882748,535.4100868432214
1311001.945578,143.32881051882748,535.4100868432214
1311008.672153,143.32881051882748,535.4100868432214
1311015.567605,143.32881051882748,535.4100868432214
1311022.592111,143.32881051882748,535.4100868432214
1311030.950609,143.32881051882748,535.4100868432214
1311040.307794,143.32881051882748,535.4100868432214
1311043.593441,143.32881051882748,535.4100868432214
1311050.592544,143.32881051882748,535.4100868432214
1311057.606476,143.32881051882748,535.4100868432214
1311066.625709,143.32881051882748,535.4100868432214
1311071.588619,143.32881051882748,535.4100868432214
1311078.588119,146.21941488687702,537.6901603764721
1311085.580394,147.49395891537534,538.6477245865057
1311092.620109,147.49395891537534,538.6477245865057
1311100.942048,147.49395891537534,538.6477245865057
1311106.589677,147.49395891537534,538.6477245865057
1311113.586106,147.49395891537534,538.6477245865057
1311121.949636,147.49395891537534,538.6477245865057
1311127.591287,147.49395891537534,538.6477245865057
1311134.570486,147.49395891537534,538.6477245865057
1311141.59025,147.49395891537534,538.6477245865057
1311152.54199,147.49395891537534,538.6477245865057
1311155.846661,147.49395891537534,538.6477245865057
1311164.224633,147.49395891537534,538.6477245865057
1311169.566178,147.49395891537534,538.6477245865057
1311177.910934,147.49395891537534,538.6477245865057
1311183.569581,147.49395891537534,538.6477245865057
1311190.573554,147.49395891537534,538.6477245865057
1311197.588783,153.4235471422219,547.8506156218594
1311205.980631,153.4235461133294,547.8506153766012
1311211.595072,153.4235461133294,547.8506153766012
1311218.601519,153.4235461133294,547.8506153766012
1311225.567814,153.4235461133294,547.8506153766012
1311232.592923,153.4235461133294,547.8506153766012
1311240.982712,153.4235461133294,547.8506153766012
1311246.587099,153.4235461133294,547.8506153766012
1311253.573751,153.4235461133294,547.8506153766012
1311261.947589,153.4235461133294,547.8506153766012
1311267.571114,153.4235461133294,547.8506153766012
1311274.572133,153.4235461133294,547.8506153766012
1311282.94274,153.4235461133294,547.8506153766012
1311288.647098,153.4235461133294,547.8506153766012
1311297.909279,153.4235461133294,547.8506153766012
1311302.589301,153.4235461133294,547.8506153766012
1311309.945664,153.4235461133294,547.8506153766012
1311316.587395,153.4235461133294,547.8506153766012
1311323.587906,153.4235461133294,547.8506153766012
1311331.990755,153.4235461133294,547.8506153766012
1311337.576599,153.4235461133294,547.8506153766012
1311344.85497,153.4235461133294,547.8506153766012
1311352.949429,153.4235461133294,547.8506153766012
1311358.595286,153.4235461133294,547.8506153766012
1311367.819241,153.4235461133294,547.8506153766012
1311372.599819,153.4235461133294,547.8506153766012
1311379.587261,153.4235461133294,547.8506153766012
1311386.941462,153.4235461133294,547.8506153766012
1311393.686773,153.4235461133294,547.8506153766012
1311401.674462,153.4235461133294,547.8506153766012
1311408.902059,153.4235461133294,547.8506153766012
1311414.569953,153.4235461133294,547.8506153766012
1311421.572776,153.4235461133294,547.8506153766012
1311430.003566,153.4235461133294,547.8506153766012
1311435.626438,153.4235461133294,547.8506153766012
1311442.807714,153.4235461133294,547.8506153766012
1311449.590019,153.4235461133294,547.8506153766012
1311456.590985,153.4235461133294,547.8506153766012
1311463.591684,153.4235461133294,547.8506153766012
1311471.947777,153.4235461133294,547.8506153766012
1311477.609721,153.4235461133294,547.8506153766012
1311484.569883,153.4235461133294,547.8506153766012
1311492.947028,153.4235461133294,547.8506153766012
1311498.571268,153.4235461133294,547.8506153766012
1311506.948456,153.4235461133294,547.8506153766012
1311512.586281,153.4235461133294,547.8506153766012
1311519.586455,153.4235461133294,547.8506153766012
1311530.860273,153.4235461133294,547.8506153766012
1311533.590119,156.36881199702236,549.8633352801778
1311540.941623,156.36881199702236,549.8633352801778
1311549.131669,156.36881199702236,549.8633352801778
1311554.85632,156.36881199702236,549.8633352801778
1311561.859427,156.36881199702236,549.8633352801778
1311568.527713,156.36881199702236,549.8633352801778
1311576.684528,156.36881199702236,549.8633352801778
1311582.542242,156.36881199702236,549.8633352801778
1311589.568091,156.36881199702236,549.8633352801778
1311596.54774,156.36881199702236,549.8633352801778
1311603.550717,156.36881199702236,549.8633352801778
1311610.855083,156.36881199702236,549.8633352801778
1311617.846828,167.73207511936567,559.440695118699
1311624.53101,167.73207545957823,559.4406946741236
1311631.520254,167.73207545957823,559.4406946741236
1311638.780176,167.73207545957823,559.4406946741236
1311645.571194,167.73207545957823,559.4406946741236
1311652.74672,167.73207545957823,559.4406946741236
1311661.877554,167.73207545957823,559.4406946741236
1311666.521478,167.73207545957823,559.4406946741236
1311673.52,167.73207545957823,559.4406946741236
1311680.622959,167.73207545957823,559.4406946741236
1311687.839823,167.73207545957823,559.4406946741236
1311694.517412,167.73207545957823,559.4406946741236
1311701.530687,167.73207545957823,559.4406946741236
1311709.985636,167.73207545957823,559.4406946741236
1311715.548052,167.73207545957823,559.4406946741236
1311723.739879,167.73207545957823,559.4406946741236
1311732.050259,167.73207545957823,559.4406946741236
1311736.522303,167.73207545957823,559.4406946741236
1311743.868672,167.73207545957823,559.4406946741236
1311750.912013,167.73207545957823,559.4406946741236
1311757.551993,167.73207545957823,559.4406946741236
1311764.904412,167.73207545957823,559.4406946741236
1311780.61484,167.73207545957823,559.4406946741236
1311780.620655,167.73207545957823,559.4406946741236
1311785.562002,167.73207545957823,559.4406946741236
1311793.614715,169.86354593056222,561.1828033309042
1311799.568656,186.6412953601342,560.6984513830954
1311807.011501,189.6095142813417,563.8471956144125
1311813.521635,189.6095142813417,563.8471956144125
1311823.503148,189.6095142813417,563.8471956144125
1311827.520305,189.6095142813417,563.8471956144125
1311834.855575,189.6095142813417,563.8471956144125
1311841.59813,189.6095142813417,563.8471956144125
1311848.54644,189.6095142813417,563.8471956144125
1311855.516462,189.6095142813417,563.8471956144125
1311862.558365,189.6095142813417,563.8471956144125
1311869.845513,189.6095142813417,563.8471956144125
1311876.860754,189.6095142813417,563.8471956144125
1311883.557655,189.6095142813417,563.8471956144125
1311891.003461,189.6095142813417,563.8471956144125
1311897.519607,189.6095142813417,563.8471956144125
1311904.51046,189.6095142813417,563.8471956144125
1311911.560242,189.6095142813417,563.8471956144125
1311918.516346,189.6095142813417,563.8471956144125
1311925.526614,189.6095142813417,563.8471956144125
1311932.553731,189.6095142813417,563.8471956144125
1311939.880765,189.6095142813417,563.8471956144125
1311946.522372,189.6095142813417,563.8471956144125
1311953.551688,189.6095142813417,563.8471956144125
1311960.524141,189.6095142813417,563.8471956144125
1311967.570464,189.6095142813417,563.8471956144125
1311974.68444,189.6095142813417,563.8471956144125
1311981.562152,189.6095142813417,563.8471956144125
1311988.563113,189.6095142813417,563.8471956144125
1311995.52452,189.6095142813417,563.8471956144125
1312002.591821,189.6095142813417,563.8471956144125
1312009.557027,189.6095142813417,563.8471956144125
1312016.863907,185.70061562315476,577.2779124694268
1312023.559651,185.70061517504104,577.2779132797717
1312030.526166,185.70061517504104,577.2779132797717
1312037.546488,185.70061517504104,577.2779132797717
1312044.59128,185.70061517504104,577.2779132797717
1312051.517498,185.70061517504104,577.2779132797717
1312058.565325,185.70061517504104,577.2779132797717
1312065.551779,185.70061517504104,577.2779132797717
1312072.562912,185.70061517504104,577.2779132797717
1312081.484211,185.70061517504104,577.2779132797717
1312086.52105,185.70061517504104,577.2779132797717
1312093.564968,185.70061517504104,577.2779132797717
1312100.562603,185.70061517504104,577.2779132797717
1312107.562001,185.70061517504104,577.2779132797717
1312114.56991,185.70061517504104,577.2779132797717
1312121.551156,185.70061517504104,577.2779132797717
1312128.515285,185.70061517504104,577.2779132797717
1312135.553684,185.70061517504104,577.2779132797717
1312142.557777,185.70061517504104,577.2779132797717
1312149.527431,185.70061517504104,577.2779132797717
1312157.305876,185.70061517504104,577.2779132797717
1312166.101207,185.70061517504104,577.2779132797717
1312170.570388,185.70061517504104,577.2779132797717
1312177.647581,185.70061517504104,577.2779132797717
1312184.713976,185.70061517504104,577.2779132797717
1312191.558369,185.70061517504104,577.2779132797717
1312198.523295,185.70061517504104,577.2779132797717
1312206.889826,185.70061517504104,577.2779132797717
1312212.567889,185.70061517504104,577.2779132797717
1312219.559547,185.70061517504104,577.2779132797717
1312226.522889,185.70061517504104,577.2779132797717
1312233.562042,185.70061517504104,577.2779132797717
1312240.563098,185.70061517504104,577.2779132797717
1312247.934889,185.70061517504104,577.2779132797717
1312254.518162,185.70061517504104,577.2779132797717
1312263.337787,185.70061517504104,577.2779132797717
1312268.518634,185.70061517504104,577.2779132797717
1312275.555373,185.70061517504104,577.2779132797717
1312282.913363,185.70061517504104,577.2779132797717
1312290.429299,185.70061517504104,577.2779132797717
1312297.128135,185.70061517504104,577.2779132797717
1312303.977022,185.70061517504104,577.2779132797717
1312310.531044,185.70061517504104,577.2779132797717
1312317.558029,185.70061517504104,577.2779132797717
1312325.079741,185.70061517504104,577.2779132797717
1312331.559792,185.70061517504104,577.2779132797717
1312338.855422,185.70061517504104,577.2779132797717
1312345.862249,185.70061517504104,577.2779132797717
1312352.86657,185.70061517504104,577.2779132797717
1312359.849276,185.70061517504104,577.2779132797717
1312366.864768,184.87234275621495,577.7980913709496
1312373.857543,184.8722810673269,577.7980872171019
1312380.855603,184.8722810673269,577.7980872171019
1312387.558703,184.8722810673269,577.7980872171019
1312394.876192,184.8722810673269,577.7980872171019
1312402.366208,184.8722810673269,577.7980872171019
1312409.500743,184.8722810673269,577.7980872171019
1312415.562332,184.8722810673269,577.7980872171019
1312422.583485,184.8722810673269,577.7980872171019
1312429.855838,184.8722810673269,577.7980872171019
1312436.538313,184.8722810673269,577.7980872171019
1312443.526811,184.8722810673269,577.7980872171019
1312450.592933,182.281634400184,584.2551318238878
1312457.556221,182.2885060309948,584.2679977815491
1312464.854197,182.2885060309948,584.2679977815491
1312472.080603,182.2885060309948,584.2679977815491
1312479.524064,176.5186427894007,587.5821050691316
1312485.750993,156.1980650317374,597.012097426178
1312493.671136,135.82689724932283,582.811182463098
1312499.860049,125.42204175123824,566.324779796516
1312506.557117,124.79374976854918,565.0195177652078
1312513.88632,122.74470001607132,551.532294254397
1312520.548002,157.17174800812026,495.28554083248207
1312526.383455,192.20637702909687,463.55927074042063
1312527.554351,192.20637702909687,463.55927074042063
1312535.533802,225.38135882292343,430.24020077059697
1312541.881178,286.736593188693,387.8584368099689
1312557.248169,298.7364500195699,383.9601625301335
1312557.382079,298.7364500195699,383.9601625301335
1312564.371711,320.61324854806,370.39850386659816
1312569.629105,320.1396581632195,347.98974080130614
1312576.526168,276.31307896120273,317.3767154405341
1312583.566931,182.3171863682218,232.9034129164112
1312590.565693,119.90611101419256,164.04998717415813
1312604.260783,57.36647200036418,104.54742591346924
1312604.639298,-5.364444803517131,16.908439618375773
1312611.869687,-16.638653785719683,-48.26152316546774
1313290.83093,-437.71023413365634,-61.46284448572693
1313299.018491,-463.75572002985234,49.78801987318893
1313304.590744,-476.81873816980806,99.66542362635928
1313311.588636,-486.9316866022733,159.23027738290713
1313318.583855,-506.8141979840913,235.01814619895677
1313325.589995,-527.9286346862981,284.42742401617056
1313332.595317,-527.4899797873426,286.71595826647973
1313341.023382,-497.0038771767131,317.34940059137614
1313346.591229,-467.56554923760535,332.0478367487698
1313355.979828,-481.6843734399376,332.39049876911486
1313360.467498,-502.6352005591902,351.9434014802132
1313360.587629,-502.6352005591902,351.9434014802132
1313367.588222,-502.6352005591902,351.9434014802132
1313374.586162,-502.6352005591902,351.9434014802132
1313386.917301,-502.6352005591902,351.9434014802132
1313388.586861,-502.6352005591902,351.9434014802132
1313396.976969,-502.6352005591902,351.9434014802132
1313402.587376,-502.6352005591902,351.9434014802132
1313411.346261,-502.6352005591902,351.9434014802132
1313417.071992,-502.6352005591902,351.9434014802132
1313423.584584,-502.6352005591902,351.9434014802132
1313430.587731,-502.6352005591902,351.9434014802132
1313438.296146,-502.6352005591902,351.9434014802132
1313446.993905,-502.6352005591902,351.9434014802132
1313451.581819,-502.6352005591902,351.9434014802132
1313458.528535,-502.6352005591902,351.9434014802132
1313465.543662,-502.6352005591902,351.9434014802132
1313472.526961,-502.6352005591902,351.9434014802132
1313479.569648,-502.6352005591902,351.9434014802132
1313487.047275,-502.6352005591902,351.9434014802132
1313495.533792,-509.24095724156905,358.4462475756738
1313501.35245,-511.1184609432575,363.3827070817369
1313507.559566,-511.1184609432575,363.3827070817369
1313514.536102,-511.1184609432575,363.3827070817369
1313521.562204,-511.1184609432575,363.3827070817369
1313528.8509,-511.1184609432575,363.3827070817369
1313535.583419,-511.1184609432575,363.3827070817369
1313542.948321,-516.0121014077159,367.5034302535664
1313549.54042,-544.4570313657704,374.1075903121903
1313557.752946,-544.4570313657704,374.1075903121903
1313564.087294,-544.4570313657704,374.1075903121903
1313570.628652,-531.3028083573065,318.06914625534193
1313578.338648,-526.4953020517246,280.73844802035586
1313584.582782,-527.9337335706472,266.31105531897856
1313591.0587,-522.6086483140506,230.1927725734516
1313591.531778,-516.192466885273,204.67261387327505
1313598.523519,-495.5764780438065,164.10206628426522
1313605.530313,-481.2714414626133,128.05805305564203
1313619.61906,-464.54730070468526,56.44889582529759
1313619.949499,-452.67654456183686,4.514379374709426
1313629.189701,-439.5547221822154,-44.829044317415736
1319268.863348,-599.4245740483523,673.1366031749272
1319270.988097,-599.4245740483523,673.1366031749272
1319288.70105,-573.7237282996296,683.60672513624
1319288.708123,-508.1611557372241,717.8105630055156
1319289.481395,-508.1611557372241,717.8105630055156
1319289.48213,-508.1611557372241,717.8105630055156
1319291.095464,-508.1611557372241,717.8105630055156
1319302.684083,-458.6052456244436,744.0199185734735
1319305.13586,-434.7221625862068,716.9730235802909
1319313.257457,-414.68202484156353,676.1525561777587
1319319.118738,-397.8753872516208,642.4524694184141
1319326.478705,-369.8563084695394,610.4864224898577
1319333.118992,-351.701068817989,619.1332229159937
1319340.427957,-305.119632750992,632.7656361981453
1319347.418134,-295.18512099841814,601.7101703593955
1319354.494776,-247.5250168253486,572.0836416481453
1319361.412683,-214.43881533224337,571.8009415357063
1319369.104577,-214.43881533224337,571.8009415357063
1319375.068362,-214.43881533224337,571.8009415357063
1319383.532393,-191.2468989853727,577.190614278476
1319389.122643,-128.30385652345248,587.9817838411842
1319397.202737,-94.95825554583855,595.9697437831654
1319403.099144,-89.30413594202076,609.6009109030197
1319410.736263,-75.45864987300406,666.8156364865397
1319417.116517,-39.185565616806166,647.3202621310996
1319424.166744,12.495496132998648,603.1055656807526
1319432.772304,36.79217584696141,582.6399847324469
1319439.154162,77.50915023546459,620.5968753632383
1319445.118129,93.53062812826688,642.7112220069018
1319452.16983,122.42479759431816,675.6576046185837
1319461.28268,112.89492534234331,702.7825103881845
1319466.426424,124.51498039999277,774.9671939654725
1319473.445273,218.4539917697894,829.3698602444917
1319480.499863,272.0117838546168,851.5537897964908
1319487.175561,305.38103961871803,886.2356586810181
1320763.010396,466.3494987968323,149.27363326745203
1320770.424273,428.2026976691672,117.95847604587895
1320777.461829,416.8045499914216,108.01019707191892
1320784.032494,416.8045499914216,108.01019707191892
1320791.280708,387.0766267021594,86.85378119157652
1320798.286023,311.6722113163982,35.464492009211114
1320805.288622,265.5749832150018,44.74864163587554
1320812.904478,207.34147088129288,114.30746916387314
1320819.012671,207.34147088129288,114.30746916387314
1320827.720628,207.34147088129288,114.30746916387314
1320833.510491,207.34147088129288,114.30746916387314
1320840.290065,-89.3666640521962,465.6101803766023
1320847.61038,-124.27931126627892,463.9893947463758
1320853.997884,-176.11797695940632,441.3689473437138
1320861.294209,-229.0922010925549,425.4733927404303
1320868.291803,-258.46568045598434,415.3697235888836
1320875.294443,-304.9512958014018,397.677314014722
1320881.998777,-369.5802052160428,360.8405810022605
1320888.997725,-433.6377226814224,343.59819133078906
1320896.618921,-480.1729214553373,331.251881555146
1320903.311603,-498.419467501429,326.72511934345084
1320910.371632,-500.6812009775261,334.9054699837711
1320917.825767,-502.2978798894501,341.5880711184407
1320924.371458,-502.2978798894501,341.5880711184407
1320928.804171,-502.2978798894501,341.5880711184407
1320931.017665,-502.2978798894501,341.5880711184407
1320937.97653,-502.2978798894501,341.5880711184407
1320944.971551,-502.2978798894501,341.5880711184407
1320952.001748,-502.2978798894501,341.5880711184407
1320958.954343,-502.2978798894501,341.5880711184407
1320966.101725,-502.2978798894501,341.5880711184407
1320973.007545,-502.2978798894501,341.5880711184407
1320979.957787,-502.2978798894501,341.5880711184407
1320989.483218,-502.2978798894501,341.5880711184407
1320993.981817,-508.04009131234375,346.1728589567793
1321000.989523,-508.04009131234375,346.1728589567793
1321008.33645,-508.04009131234375,346.1728589567793
1321015.353246,-508.04009131234375,346.1728589567793
1321022.290731,-508.04009131234375,346.1728589567793
1321029.100237,-508.04009131234375,346.1728589567793
1321036.007063,-508.04009131234375,346.1728589567793
1321042.989567,-508.04009131234375,346.1728589567793
1321050.019303,-508.04009131234375,346.1728589567793
1321056.93995,-508.04009131234375,346.1728589567793
1321063.970467,-508.04009131234375,346.1728589567793
1321071.07271,-508.04009131234375,346.1728589567793
1321077.974441,-508.04009131234375,346.1728589567793
1321084.970258,-508.04009131234375,346.1728589567793
1321091.954033,-508.04009131234375,346.1728589567793
1321098.96128,-508.04009131234375,346.1728589567793
1321105.962003,-508.04009131234375,346.1728589567793
1321112.959766,-508.04009131234375,346.1728589567793
1321119.956609,-508.04009131234375,346.1728589567793
1321126.954358,-508.04009131234375,346.1728589567793
1321133.969365,-508.04009131234375,346.1728589567793
1321140.949623,-508.04009131234375,346.1728589567793
1321147.994237,-508.04009131234375,346.1728589567793
1321155.296725,-508.04009131234375,346.1728589567793
1321161.977198,-508.04009131234375,346.1728589567793
1321169.627301,-508.04009131234375,346.1728589567793
1321175.970256,-508.04009131234375,346.1728589567793
1321183.000733,-508.04009131234375,346.1728589567793
1321190.504932,-508.04009131234375,346.1728589567793
1321196.959166,-506.5941415410258,349.97044179187986
1321203.963771,-504.0377863287858,349.24430435631376
1321211.003032,-503.5942739983775,349.3279671936891
1321218.014801,-505.4344283648665,351.0933293323638
1321226.035897,-505.60717983720895,350.41639809270504
1321234.086842,-501.4779548638069,347.8354204189547
1321239.006257,-494.057457196181,342.2435822349987
1321246.006774,-490.5009747228319,338.47761793384024
1321252.987246,-489.0196682486618,336.6640281729421
1321260.005291,-488.30806775577634,336.80700434356135
1321267.713782,-488.3080677059532,336.8070039558834
1321275.960868,-489.1887247441614,331.9566057099907
1321281.31464,-489.2004722700044,331.96117432036084
1321287.961172,-489.2004722700044,331.96117432036084
1321295.042026,-489.2004722700044,331.96117432036084
1321302.657776,-489.2004722700044,331.96117432036084
1321308.95844,-489.2004722700044,331.96117432036084
1321316.288963,-489.2004722700044,331.96117432036084
1321322.949717,-489.2004722700044,331.96117432036084
1321329.970627,-489.2004722700044,331.96117432036084
1321337.425145,-481.51804614231605,336.1921716481929
1321344.019462,-480.5989422975475,363.1498836110829
1321350.993163,-481.0085950465203,372.7589198486824
1321357.955353,-480.6410922380844,376.40230127652416
1321364.975705,-483.622031059524,369.62175660919496
1321372.969237,-484.08402746009017,368.2456484360921
1321378.993706,-484.08402746009017,368.2456484360921
1321386.05675,-484.08402746009017,368.2456484360921
1321393.800571,-484.08402746009017,368.2456484360921
1321399.968579,-484.08402746009017,368.2456484360921
1321407.639599,-484.08402746009017,368.2456484360921
1321414.295307,-484.08402746009017,368.2456484360921
1321421.348818,-484.08402746009017,368.2456484360921
1321428.000486,-484.08402746009017,368.2456484360921
1321435.98381,-484.6244314655223,362.7021711739469
1321442.062677,-484.6244314655223,362.7021711739469
1321449.053517,-485.597202177818,360.99738413272223
1321456.310585,-490.94217508087655,357.76769970526175
1321463.307332,-490.888988414144,357.4495334863652
1321470.212122,-489.4126736448253,356.49631890609135
1321476.9723,-488.1825868745485,356.04531236404983
1321483.963512,-487.36912549003904,355.78167579348104
1321491.010448,-487.5029044558823,354.6110332608762
1321498.289441,-489.2379667990675,352.4996888477785
1321505.286478,-492.52321686037726,352.8416366673368
1321511.997566,-492.07688737915737,354.0547121395813
1321518.969682,-492.07688737915737,354.0547121395813
1321526.957479,-492.8318256681177,351.75457810572226
1321533.315586,-492.726861744074,348.6039904846659
1321539.988583,-492.7268826639061,348.60395149984964
1321547.480826,-492.7268826639061,348.60395149984964
1321554.522315,-492.7268826639061,348.60395149984964
1321560.962487,-492.7268826639061,348.60395149984964
1321569.948791,-492.7268826639061,348.60395149984964
1321574.996291,-492.7268826639061,348.60395149984964
1321582.601521,-492.5007706441987,343.1729778149533
1321588.987658,-491.8703962345202,338.36878194819826
1321596.280622,-499.4616081475624,326.02820943167774
1321604.725052,-524.1786471851786,309.90712627405566
1321609.972402,-534.3876216554169,299.2518210755556
1321616.998382,-485.7900468178678,322.6146296085288
1321624.294661,-458.1063757909217,337.70003810366825
1321632.377789,-431.1100819943893,349.9407146710386
1321637.906834,-368.5974768516463,372.5951896249271
1321638.023018,-368.5974768516463,372.5951896249271
1321645.022191,-322.4860159314851,396.5291411899043
1321652.02342,-277.5426975388424,416.8914648707325
1321660.377854,-194.1929047373372,445.1635652872168
1321666.483641,-125.882996785006,455.3239227967561
1321673.023579,-74.27745622545005,469.76509211988736
1321681.376506,31.914174342161,505.0421864885215
1321687.022577,100.25397344337776,537.2238947274037
1321694.343483,160.76214318163403,554.093232674662
1321701.023415,172.86015510841582,598.6859919615097
1321708.0226,139.61124334716476,655.7763224353213
1321715.025208,105.5169387739412,718.714468773231
1321722.022624,151.11218734496344,819.4329049554899
1321729.021587,168.48857721452418,848.2868562038869
1321736.021246,236.5825294224099,872.412494430128
1321743.021268,251.65112191461745,867.5677479783898
1321750.302453,251.65112191461745,867.5677479783898
1321757.022467,251.65112191461745,867.5677479783898
1321764.021473,251.65112191461745,867.5677479783898
1321771.002338,283.6409036419323,869.2657042385155
1321779.377827,292.77425812971643,910.7027709143148
1323283.038816,276.1928282089535,870.5416048052268
1323290.038843,274.98413143339303,867.667476416569
1323298.373811,274.98413143339303,867.667476416569
1323304.079351,274.98413143339303,867.667476416569
1323311.038751,274.98413143339303,867.667476416569
1323318.038721,273.84588743331545,865.5041895684717
1323325.038618,206.63431058544165,832.147686628072
1323332.037414,132.85738178262392,786.5668631827009
1323340.695101,95.86999072236024,732.7412825622109
1323346.040135,131.44999812050088,637.0988402564319
1323354.374692,145.93533328676676,606.4550578780935
1323360.039903,145.93533328676676,606.4550578780935
1323367.040048,145.93533328676676,606.4550578780935
1323375.373661,145.93533328676676,606.4550578780935
1323381.03917,146.20866994236218,600.3801950547804
1323388.13992,114.39929740339562,557.7329132199596
1323395.039819,110.38398356384342,552.4722220436491
1323406.018473,93.36414686577876,537.0983617311673
1323409.413479,8.452918435393846,504.1820359385519
1323416.039913,-40.23521285683626,484.15052469848456
1323423.03981,-52.42111870283454,477.104412919517
1323431.613228,-57.67356551388123,469.9217561497512
1323437.037372,-88.20955693615306,455.34048454230486
1323445.614487,-127.3253391430612,445.122050176208
1323451.039871,-174.09193220795024,433.1345629669037
1323459.380663,-204.054882076634,426.0440821764268
1323465.199093,-232.2739283730476,416.9125281048038
1323472.03996,-293.4445796458897,397.821986838187
1323479.099671,-331.6632999931316,384.9645274562915
1323487.054803,-369.4597535227209,370.21605907039327
1323493.735372,-422.0255799377516,349.35953853275083
1323504.100083,-456.3307321177138,344.09414109773144
1323507.039674,-476.86746239990777,336.2211909887351
1323514.038461,-476.86746239990777,336.2211909887351
1323521.039409,-486.76116598724354,334.5449190945747
1323528.04013,-499.385540944792,340.49607200088883
1323535.041229,-514.4288088967036,361.83982443531806
1323542.039781,-514.4288088967036,361.83982443531806
1323548.127343,-514.916713675614,360.1130154418135
1323550.294749,-514.916713675614,360.1130154418135
1323556.180218,-514.916713675614,360.1130154418135
1323564.774999,-514.916713675614,360.1130154418135
1323570.040188,-514.916713675614,360.1130154418135
1323577.312199,-514.916713675614,360.1130154418135
1323585.127339,-514.916713675614,360.1130154418135
1323591.034803,-514.916713675614,360.1130154418135
1323598.093587,-514.916713675614,360.1130154418135
1323605.034874,-514.916713675614,360.1130154418135
1323612.034796,-514.916713675614,360.1130154418135
1323619.034637,-509.7578700705818,344.1577975035048
1323627.369823,-509.7578700705818,344.1577975035048
1323633.034558,-509.7578700705818,344.1577975035048
1323640.034888,-509.7578700705818,344.1577975035048
1323648.370213,-509.7578700705818,344.1577975035048
1323654.093596,-509.7578700705818,344.1577975035048
1323661.609907,-509.7578700705818,344.1577975035048
1323667.963731,-509.7578700705818,344.1577975035048
1323675.015785,-511.2601264110455,332.5661649113925
1323682.021561,-511.2601264110455,332.5661649113925
1323689.606977,-511.2601264110455,332.5661649113925
1323695.968796,-511.2601264110455,332.5661649113925
1323702.966648,-511.2601264110455,332.5661649113925
1323709.992807,-511.2601264110455,332.5661649113925
1323716.982814,-511.2601264110455,332.5661649113925
1323724.002929,-511.2601264110455,332.5661649113925
1323731.105634,-511.2601264110455,332.5661649113925
1323738.002892,-511.2601264110455,332.5661649113925
1323744.97166,-511.2601264110455,332.5661649113925
1323752.008792,-511.2601264110455,332.5661649113925
1323760.795047,-511.2601264110455,332.5661649113925
1323767.387643,-511.2601264110455,332.5661649113925
1323773.21858,-511.2601264110455,332.5661649113925
1323781.981732,-517.0411008104778,328.68767323747835
1323787.010977,-516.4112234884492,328.553099406335
1323795.916442,-516.4112234884492,328.553099406335
1323801.322405,-516.4112234884492,328.553099406335
1323808.059126,-512.2098002528563,328.95811046237435
1323815.307087,-510.4140595867028,329.3356934423655
1323823.057657,-510.4140595867028,329.3356934423655
1323829.059354,-510.4140595867028,329.3356934423655
1323836.00274,-510.4140595867028,329.3356934423655
1323845.323083,-510.3609406001698,328.3748527323857
1323849.96961,-511.147843317134,327.2046180381988
1323856.974681,-511.0294248344517,327.1092418707706
1323863.970875,-502.8072759017337,327.1974511244375
1323870.988681,-501.1073874437011,328.4850984684358
1323877.98472,-500.8252251947173,326.654113757394
1323884.967818,-504.250720111757,323.6012137106247
1323892.006447,-511.5560036913602,326.13557104420505
1323899.04147,-510.0553221932668,327.294670976094
1323905.998789,-507.9036312614396,329.5243319206736
1323912.998962,-506.2563893478642,330.4262252670182
1323920.297683,-506.84448227381296,332.0611267498389
1323926.99959,-510.7779108345796,332.36261146801536
1323934.000232,-515.4486618639223,331.6057074701258
1323941.307243,-515.3981325410815,326.04696102451715
1323948.304307,-514.2720839633103,323.0429563079552
1323955.033896,-513.2936007887348,322.4444212504081
1323961.980937,-510.33954189196254,322.7113920228734
1323969.018702,-509.4196359090776,322.12854928307206
1323976.00307,-507.3723068412828,324.2192951556044
1323983.300917,-507.3723068412828,324.2192951556044
1323990.315731,-506.2210236996068,326.6655015284169
1323997.305355,-506.2210236996068,326.6655015284169
1324004.299312,-506.2210236996068,326.6655015284169
1324011.048027,-508.0947625370084,340.602806761391
1324026.088141,-510.5009932198021,343.9660955830181
1324026.160807,-510.5009932198021,343.9660955830181
1324032.015591,-506.64388719769846,344.80812769758546
1324038.99982,-505.66060797351975,344.2309647501937
1324046.008608,-505.66060797351975,344.2309647501937
1324052.973621,-499.4983208192716,343.3976861611737
1324059.987429,-494.3460244014262,341.0263565034136
1324066.970902,-494.3460244014262,341.0263565034136
1324074.003921,-494.3460244014262,341.0263565034136
1324081.010953,-494.2947994480259,340.15389088039984
1324088.276927,-492.86619801246894,335.7234007191692
1324095.012978,-492.8661980042144,335.7234007089216
1324103.348187,-492.8661980042144,335.7234007089216
1324109.519159,-492.8661980042144,335.7234007089216
1324116.008821,-492.0635770018181,336.12652248960774
1324123.076725,-491.8774139636449,335.67463812014006
1324130.020996,-491.8774139636449,335.67463812014006
1324136.967828,-491.7506213430527,335.1251071726838
1324145.044909,-491.7506213430527,335.1251071726838
1324151.34027,-491.7506213430527,335.1251071726838
1324157.970886,-491.7506213430527,335.1251071726838
1324165.012081,-502.3767570068679,333.8127586092877
1324172.005059,-519.0200318555535,336.87959727441284
1324179.025232,-528.6252866522968,340.921192714695
1324186.309723,-534.5230820293151,345.8507743126198
1324194.004971,-535.516268112042,345.60161755694287
1324199.999264,-535.516268112042,345.60161755694287
1324208.213541,-531.2556562147154,345.7115772976728
1324214.018142,-531.2556562147154,345.7115772976728
1324221.398182,-531.2556562147154,345.7115772976728
1324227.999205,-513.7549037494558,339.6752749509429
1324235.393521,-497.9136631614939,339.5722812292648
1324241.983172,-490.537500303112,340.1310032701832
1324249.025065,-486.4697161585464,341.51394321596445
1324255.966812,-484.8730484443961,342.67932099581765
1324264.347847,-484.64300633468775,342.8499351372799
1324270.012594,-484.64300633468775,342.8499351372799
1324276.967103,-484.64300633468775,342.8499351372799
1324285.279152,-485.2775957782009,342.4171109002417
1324291.312266,-500.2109675089338,338.32834822349366
1324298.015173,-501.0731899176256,335.81417342377523
1324306.14746,-503.4691369866004,335.30954548931555
1324312.323207,-507.6431212807666,335.0084046360245
1324319.01297,-510.3243324859061,333.6942237375225
1324326.309848,-513.1073177004814,332.76622883620684
1324333.04932,-509.8344421612346,330.88442306230826
1324340.311952,-505.5606639017632,329.0769352511264
1324348.925268,-503.5391149552728,327.73002520745405
1324354.011048,-501.7004651701668,328.47877865191094
1324361.305566,-501.9923834329867,330.14685239481474
1324368.35588,-503.4144488752736,331.5969460277016
1324375.056896,-508.57998339285416,334.49334479098127
1324382.303121,-503.7618463923057,337.6441460658859
1324388.991187,-502.157040325783,332.7886297012008
1324396.350089,-505.37457366393454,333.89935360649355
1324403.321954,-505.3746016204776,333.8994981334623
1324413.297895,-505.3746016204776,333.8994981334623
1324416.992918,-505.3746016204776,333.8994981334623
1324424.048786,-505.3746016204776,333.8994981334623
1324431.695303,-505.33197872354697,333.7149176567121
1324438.01337,-505.3320161650642,333.71491671207696
1324445.008972,-505.3320161650642,333.71491671207696
1324452.90613,-505.3320161650642,333.71491671207696
1324459.041506,-505.3320161650642,333.71491671207696
1324466.021139,-505.3320161650642,333.71491671207696
1324473.032748,-505.3320161650642,333.71491671207696
1324479.999826,-505.3320161650642,333.71491671207696
1324489.148875,-505.3320161650642,333.71491671207696
1324494.035031,-505.3320161650642,333.71491671207696
1324504.536251,-505.3320161650642,333.71491671207696
1324509.152745,-505.3320161650642,333.71491671207696
1324517.596464,-505.3320161650642,333.71491671207696
1324522.328454,-505.3320161650642,333.71491671207696
1324530.346753,-505.3320161650642,333.71491671207696
1324536.009667,-505.3320161650642,333.71491671207696
1324543.009017,-502.6732342808583,329.57958608675074
1324550.316923,-502.6692062554754,329.5783310137536
1324557.31395,-502.6692062554754,329.5783310137536
1324563.979625,-502.6692062554754,329.5783310137536
1324571.873448,-502.6692062554754,329.5783310137536
1324578.020909,-502.6692062554754,329.5783310137536
1324585.384462,-502.6692062554754,329.5783310137536
1324591.987338,-502.6692062554754,329.5783310137536
1324599.69211,-502.6692062554754,329.5783310137536
1324606.329384,-502.6692062554754,329.5783310137536
1324613.73812,-502.6692062554754,329.5783310137536
1324620.032206,-502.6692062554754,329.5783310137536
1324626.988784,-502.6692062554754,329.5783310137536
1324634.576535,-502.6692062554754,329.5783310137536
1324640.988787,-502.6692062554754,329.5783310137536
1324648.770276,-502.6692062554754,329.5783310137536
1324655.311224,-502.6692062554754,329.5783310137536
1324662.001889,-502.6692062554754,329.5783310137536
1324670.301113,-502.6692062554754,329.5783310137536
1324676.520845,-502.6692062554754,329.5783310137536
1324683.348,-502.6692062554754,329.5783310137536
1324690.03544,-502.6692062554754,329.5783310137536
1324697.488787,-502.6692062554754,329.5783310137536
1324705.927166,-502.37531506867,331.24527165346063
1324711.48218,-502.37531506867,331.24527165346063
1324718.014842,-502.37531506867,331.24527165346063
1324726.144725,-502.37531506867,331.24527165346063
1324732.459062,-502.37531506867,331.24527165346063
1324739.144828,-502.37531506867,331.24527165346063
1324746.885711,-502.37531506867,331.24527165346063
1324753.020774,-502.37531506867,331.24527165346063
1324761.019205,-502.37531506867,331.24527165346063
1324767.370831,-502.37531506867,331.24527165346063
1324774.331115,-502.37531506867,331.24527165346063
1324781.323289,-502.37531506867,331.24527165346063
1324788.041777,-502.37531506867,331.24527165346063
1324796.052802,-502.37531506867,331.24527165346063
1324802.009335,-502.37531506867,331.24527165346063
1324808.99089,-502.37531506867,331.24527165346063
1324823.512922,-502.37531506867,331.24527165346063
1324825.825818,-502.37531506867,331.24527165346063
1324830.032083,-502.37531506867,331.24527165346063
1324837.461935,-502.37531506867,331.24527165346063
1324844.031056,-502.37531506867,331.24527165346063
1324851.313513,-502.37531506867,331.24527165346063
1324858.416363,-502.37531506867,331.24527165346063
1324865.019832,-502.37531506867,331.24527165346063
1324872.313557,-502.37531506867,331.24527165346063
1324879.328281,-502.37531506867,331.24527165346063
1324889.092937,-502.37531506867,331.24527165346063
1324893.330584,-502.37531506867,331.24527165346063
1324900.316335,-502.37531506867,331.24527165346063
1324907.168828,-502.37531506867,331.24527165346063
1324916.605649,-502.37531506867,331.24527165346063
1324921.528747,-502.37531506867,331.24527165346063
1324928.324105,-502.37531506867,331.24527165346063
1324934.991074,-502.37531506867,331.24527165346063
1324942.727094,-502.37531506867,331.24527165346063
1324949.316298,-502.37531506867,331.24527165346063
1324956.019537,-502.37531506867,331.24527165346063
1324963.028828,-502.37531506867,331.24527165346063
1324970.315702,-502.37531506867,331.24527165346063
1324977.313693,-501.7065003913857,331.5574662515224
1324985.104887,-501.7065069552188,331.55750465923893
1324991.019009,-501.7065069552188,331.55750465923893
1324998.321832,-501.7065069552188,331.55750465923893
1325005.400917,-501.7065069552188,331.55750465923893
1325012.41507,-501.7065069552188,331.55750465923893
1325019.998729,-501.7065069552188,331.55750465923893
1325026.142254,-501.7065069552188,331.55750465923893
1325033.043106,-501.7065069552188,331.55750465923893
1325040.029046,-501.7065069552188,331.55750465923893
1325052.599249,-501.7065069552188,331.55750465923893
1325054.935614,-501.7065069552188,331.55750465923893
1325061.02278,-501.7065069552188,331.55750465923893
1325068.890112,-501.7065069552188,331.55750465923893
1325074.999641,-501.7065069552188,331.55750465923893
1325082.026504,-501.7065069552188,331.55750465923893
1325090.690028,-501.7065069552188,331.55750465923893
1325096.897911,-501.7065069552188,331.55750465923893
1325103.963635,-501.7065069552188,331.55750465923893
1325110.012459,-501.7065069552188,331.55750465923893
1325117.781896,-501.7065069552188,331.55750465923893
1325125.152503,-501.7065069552188,331.55750465923893
1325132.590857,-501.7065069552188,331.55750465923893
1325139.35924,-501.7065069552188,331.55750465923893
1325145.351219,-501.7065069552188,331.55750465923893
1325152.317803,-501.7065069552188,331.55750465923893
1325159.057169,-501.7065069552188,331.55750465923893
1325166.019386,-501.7065069552188,331.55750465923893
1325172.97905,-501.7065069552188,331.55750465923893
1325179.990316,-501.7065069552188,331.55750465923893
1325187.320159,-501.7065069552188,331.55750465923893
1325194.89686,-501.7065069552188,331.55750465923893
1325201.02796,-501.7065069552188,331.55750465923893
1325208.028364,-501.7065069552188,331.55750465923893
1325216.468798,-501.7065069552188,331.55750465923893
1325222.313417,-501.7065069552188,331.55750465923893
1325229.329786,-501.7065069552188,331.55750465923893
1325236.00831,-501.7065069552188,331.55750465923893
1325244.460957,-501.7065069552188,331.55750465923893
1325251.765909,-501.7065069552188,331.55750465923893
1325261.949009,-501.7065069552188,331.55750465923893
1325264.028403,-501.7065069552188,331.55750465923893
1325274.500715,-501.7065069552188,331.55750465923893
1325279.131874,-501.7065069552188,331.55750465923893
1325285.013229,-501.7065069552188,331.55750465923893
1325293.350096,-501.7065069552188,331.55750465923893
1325299.371577,-501.7065069552188,331.55750465923893
1325306.027796,-501.7065069552188,331.55750465923893
1325313.05697,-501.7065069552188,331.55750465923893
1325321.584674,-501.7065069552188,331.55750465923893
1325327.028222,-501.7065069552188,331.55750465923893
1325336.347727,-501.7065069552188,331.55750465923893
1325342.495236,-501.7065069552188,331.55750465923893
1325348.540304,-501.7065069552188,331.55750465923893
1325355.030948,-501.7065069552188,331.55750465923893
1325367.415734,-501.7065069552188,331.55750465923893
1325369.100259,-501.7065069552188,331.55750465923893
1325377.382731,-501.7065069552188,331.55750465923893
1325383.061131,-501.7065069552188,331.55750465923893
1325390.051764,-501.7065069552188,331.55750465923893
1325399.300934,-501.7065069552188,331.55750465923893
1325405.375759,-501.7065069552188,331.55750465923893
1325411.221261,-501.7065069552188,331.55750465923893
1325419.735718,-501.7065069552188,331.55750465923893
1325423.522885,-501.7065069552188,331.55750465923893
1325423.523606,-501.7065069552188,331.55750465923893
1325425.399723,-501.7065069552188,331.55750465923893
1325432.496368,-501.7065069552188,331.55750465923893
1325439.400834,-501.7065069552188,331.55750465923893
1325447.336674,-501.7065069552188,331.55750465923893
1325453.160925,-501.7065069552188,331.55750465923893
1325464.421006,-501.7065069552188,331.55750465923893
1325467.15977,-501.7065069552188,331.55750465923893
1325474.161913,-501.7065069552188,331.55750465923893
1325481.495693,-501.7065069552188,331.55750465923893
1325488.18092,-501.7065069552188,331.55750465923893
1325495.161514,-501.7065069552188,331.55750465923893
1325503.496982,-501.7065069552188,331.55750465923893
1325509.160964,-501.7065069552188,331.55750465923893
1325516.161494,-501.7065069552188,331.55750465923893
1325523.456661,-501.7065069552188,331.55750465923893
1325530.201349,-501.7065069552188,331.55750465923893
1325537.159978,-501.7065069552188,331.55750465923893
1325544.656524,-501.7065069552188,331.55750465923893
1325551.160333,-501.7065069552188,331.55750465923893
1325559.072379,-501.7065069552188,331.55750465923893
1325566.500564,-501.7065069552188,331.55750465923893
1325573.293758,-501.7065069552188,331.55750465923893
1325579.144826,-501.7065069552188,331.55750465923893
1325586.130901,-501.7065069552188,331.55750465923893
1325593.426387,-501.7065069552188,331.55750465923893
1325600.428434,-501.7065069552188,331.55750465923893
1325607.431338,-501.7065069552188,331.55750465923893
1325614.13105,-501.7065069552188,331.55750465923893
1325621.424945,-501.7065069552188,331.55750465923893
1325628.431515,-501.7065069552188,331.55750465923893
1325635.447042,-501.7065069552188,331.55750465923893
1325642.46048,-501.7065069552188,331.55750465923893
1325649.439317,-501.7065069552188,331.55750465923893
1325656.141514,-501.7065069552188,331.55750465923893
1325663.455277,-501.7065069552188,331.55750465923893
1325670.138758,-501.7065069552188,331.55750465923893
1325677.497764,-501.7065069552188,331.55750465923893
1325684.438815,-501.7065069552188,331.55750465923893
1325691.431449,-501.7065069552188,331.55750465923893
1325698.112815,-501.7065069552188,331.55750465923893
1325707.637432,-501.7065069552188,331.55750465923893
1325712.117758,-501.7065069552188,331.55750465923893
1325719.115239,-501.7065069552188,331.55750465923893
1325727.367367,-501.7065069552188,331.55750465923893
1325733.112278,-501.7065069552188,331.55750465923893
1325740.440353,-501.7065069552188,331.55750465923893
1325747.433898,-501.1936892759081,333.22850353135
1325754.443335,-499.4007591882695,335.3092477297603
1325761.438242,-499.1200440972695,335.809943480612
1325768.435251,-499.1200440972695,335.809943480612
1325775.126964,-499.1200440972695,335.809943480612
1325782.456221,-499.1200440972695,335.809943480612
1325789.434065,-499.1200440972695,335.809943480612
1325796.156722,-499.1200440972695,335.809943480612
1325803.45146,-499.1200440972695,335.809943480612
1325810.434623,-499.1200440972695,335.809943480612
1325817.450299,-499.1200440972695,335.809943480612
1325824.111443,-499.1200440972695,335.809943480612
1325832.327233,-499.1200440972695,335.809943480612
1325838.151205,-499.1200440972695,335.809943480612
1325845.438373,-499.1200440972695,335.809943480612
1325852.4732,-499.1200440972695,335.809943480612
1325859.128989,-499.1200440972695,335.809943480612
1325866.459286,-499.1200440972695,335.809943480612
1325873.437875,-499.1200440972695,335.809943480612
1325880.441935,-499.1200440972695,335.809943480612
1325887.436897,-499.1200440972695,335.809943480612
1325894.438124,-499.1200440972695,335.809943480612
1325901.147283,-499.1200440972695,335.809943480612
1325908.672893,-499.1200440972695,335.809943480612
1325915.27668,-499.1200440972695,335.809943480612
1325923.216925,-499.1200440972695,335.809943480612
1325929.437038,-498.75666510869695,335.6985077470188
1325936.433126,-498.75666510869695,335.6985077470188
1325943.500297,-498.75666510869695,335.6985077470188
1325950.139148,-498.75666510869695,335.6985077470188
1325957.440319,-497.5157208204191,333.78830490177285
1325964.71892,-497.5156831632471,333.78826559359527
1325971.166923,-497.5156831632471,333.78826559359527
1325978.165938,-497.5156831632471,333.78826559359527
1325985.16704,-497.5156831632471,333.78826559359527
1325992.165641,-497.5156831632471,333.78826559359527
1325999.146499,-497.5156831632471,333.78826559359527
1326011.087948,-497.5156831632471,333.78826559359527
1326013.167834,-497.5156831632471,333.78826559359527
1326020.167213,-497.5156831632471,333.78826559359527
1326027.407151,-497.5156831632471,333.78826559359527
1326034.407249,-497.5156831632471,333.78826559359527
1326041.206858,-497.5156831632471,333.78826559359527
1326048.167003,-497.5156831632471,333.78826559359527
1326056.926999,-497.5156831632471,333.78826559359527
1326062.167421,-497.5156831632471,333.78826559359527
1326070.56324,-497.5156831632471,333.78826559359527
1326076.165724,-497.5156831632471,333.78826559359527
1326083.166033,-497.5156831632471,333.78826559359527
1326090.166002,-497.1451718555167,332.9012580069531
1326097.522757,-496.88335223497234,332.2969943879119
1326104.147281,-496.1400094487157,331.8911766849795
1326112.562665,-495.4189250818696,331.83367721118964
1326118.187074,-491.3822170172194,330.68345231891067
1326126.522722,-491.1075864717748,330.56452201158453
1326132.16735,-491.1075862561201,330.56452198967384
1326139.167184,-491.1075862561201,330.56452198967384
1326146.602066,-491.1075862561201,330.56452198967384
1326153.167396,-491.1075862561201,330.56452198967384
1326160.167479,-491.0912968879029,330.7356920964184
1326167.165812,-491.0912968879029,330.7356920964184
1326174.522865,-491.0912968879029,330.7356920964184
1326181.147125,-491.0912968879029,330.7356920964184
1326188.226169,-491.0912968879029,330.7356920964184
1326195.126419,-491.0912968879029,330.7356920964184
1326203.525956,-491.0912968879029,330.7356920964184
1326209.444553,-489.3519726261262,325.16439058193737
1326216.105057,-532.6055804033522,316.9940760981766
1326223.153148,-524.9129213977941,312.95619113742754
1326230.131985,-461.9454258562283,338.1712973762637
1326237.440386,-407.0920565714624,362.2400605545329
1326238.459925,-372.946420299823,376.8202221233824
1326244.139521,-295.3710905970525,404.7206855476925
1326251.570349,-233.37969533981345,424.9365644622016
1326258.450221,-173.9587586211798,442.4810498816474
1326265.089467,-89.38849580256351,467.8192886232931
1326272.154601,-40.66603986444908,483.78019114564495
1326279.422791,27.254233129692874,507.0788765871035
1326286.136516,86.52493905731689,532.6290567580644
1326293.451198,86.52493905731689,532.6290567580644
1326300.507342,90.25100638363442,544.0767955331116
1326307.431958,139.42142859063145,547.14042849119
1326314.715217,181.1433899850413,570.9656992722443
1326321.1324,193.24537405692683,603.7659573887311
1326330.778487,253.74000692983583,634.4461817186211
1326335.18247,298.302485052557,671.631496604133
1326342.435035,319.0919295524217,689.0875527110015
1326349.161776,443.4380230788721,751.6208490206494
1383559.258465,-604.274937765562,401.9404832279384
1383569.568444,-585.6234958079797,408.051592768735
1383582.559885,-572.2557776608654,408.9797754358752
1383582.563531,-551.7168484008438,359.62525929946486
1383597.013049,-544.246145622448,327.5706548924143
1383597.020077,-533.8070912112396,295.86878893207506
1383605.849747,-532.8164719472475,271.60528828964453
1383611.369042,-522.4035189554243,238.4827809795465
1383615.392452,-518.8073518400892,228.6037920172204
1383622.728928,-498.2228886589653,196.7321042301347
1383629.492977,-486.8052436183775,157.089146159649
1383636.609218,-475.18906719974825,122.77285115835296
1383649.131249,-464.2573977367404,61.63995403536797
1383650.584246,-452.4394673631512,17.460419900824363
1383657.353747,-436.0610771425832,-26.044248416046017
1384351.222192,-606.6985009671639,660.1299397579435
1384357.222817,-585.9899977279349,666.7226627668856
1384364.452918,-559.8530719306332,676.545798481945
1384373.449799,-559.8530719306332,676.545798481945
1384378.242725,-535.8480665392299,694.6205989356529
1384385.904795,-491.68447082394215,724.1118586712886
1384392.55593,-480.8381565008507,731.5905038741945
1384400.049838,-462.2100084735008,742.0150898382652
1384410.14548,-441.2598118916867,751.4567574620788
1384413.236403,-419.549148910566,759.8685264228611
1384432.008098,-387.6008402958016,785.275636543518
1384432.008683,-387.6008402958016,785.275636543518
1384434.433359,-391.0906306681712,789.6744938452931
1384454.361996,-411.7145531169532,815.8220051012727
1384454.365571,-452.4551020357007,862.2353194962507
1384455.625748,-462.92374830287474,875.7356710174895
1384462.421162,-477.679846784692,885.0427965683729
1384470.192974,-498.17275274585927,908.038694841055
1384476.743879,-513.5259373449911,921.891837625138
1384483.837104,-518.2401747828509,923.9417016263444
1384999.911455,-601.4099761443659,403.36056034881466
1385007.824269,-601.4099761443659,403.36056034881466
1385013.240218,-601.4099761443659,403.36056034881466
1385021.120022,-599.61022648101,411.0908567985059
1385031.05012,-599.61022648101,411.0908567985059
1385035.096453,-600.0822166306136,433.2333112548746
1385041.239687,-595.0613429036229,444.2522337195677
1385054.321006,-577.8448805669569,425.890923647923
1385057.359811,-564.0098332079064,393.6590104149497
1385075.83296,-542.0976849679041,322.8933147015479
1385075.968023,-527.8893280608012,240.2315394977467
1385076.181975,-511.9552458140807,218.17662985432608
1385083.199671,-489.3330792467677,162.784791437233
1385090.29324,-489.3330792467677,162.784791437233
1385097.30319,-489.3330792467677,162.784791437233
1385104.428388,-489.3330792467677,162.784791437233
1385114.860715,-489.3330792467677,162.784791437233
1385118.21445,-483.081688942124,134.8842169537237
1385125.80861,-477.39020390752165,115.47763794583564
1385137.555589,-479.1373253162592,103.69407382711674
1385140.034268,-480.02380105883344,96.25026089631808
1385146.205411,-480.02380105883344,96.25026089631808
1385153.200346,-480.02380105883344,96.25026089631808
1385163.596074,-430.3515759566368,-30.909258956112836
1385167.299638,-430.01737272493847,-56.03384859670827
1394536.064182,-430.4167102023392,-36.240409410080304
1394541.669243,-447.7229893582064,17.946464428936537
1394550.065345,-462.4253853405875,58.89601595050328
1394555.667976,-484.3356831850607,125.67627989540895
1394562.668954,-498.110053144984,183.7367567487164
1394569.66306,-509.0363446290282,219.00070616285737
1394576.646267,-512.9769894618429,248.1230097128352
1394583.666257,-527.2607482800277,289.8782008444116
1394590.684374,-514.7918097855346,321.0695495583179
1394597.669927,-475.2854816031991,339.6090914605611
1394604.674793,-451.7484590671476,357.3027158504282
1394608.311364,-451.7484590671476,357.3027158504282
1394610.35523,-451.7484590671476,357.3027158504282
1394611.951113,-449.18935252519,374.2305337247111
1394618.943771,-449.18935252519,374.2305337247111
1394625.664166,-449.18935252519,374.2305337247111
1394632.668585,-449.18935252519,374.2305337247111
1394639.661672,-449.18935252519,374.2305337247111
1394648.704629,-449.18935252519,374.2305337247111
1394653.731463,-449.18935252519,374.2305337247111
1394662.187014,-449.18935252519,374.2305337247111
1394667.662724,-449.18935252519,374.2305337247111
1394675.066939,-449.18935252519,374.2305337247111
1394681.665828,-449.18935252519,374.2305337247111
1394688.668362,-449.18935252519,374.2305337247111
1394695.68979,-449.18935252519,374.2305337247111
1394704.145316,-449.18935252519,374.2305337247111
1394709.663912,-449.18935252519,374.2305337247111
1394718.206792,-449.18935252519,374.2305337247111
1394723.670639,-449.18935252519,374.2305337247111
1394730.670606,-449.18935252519,374.2305337247111
1394739.059381,-449.18935252519,374.2305337247111
1394744.648443,-449.18935252519,374.2305337247111
1394760.166147,-438.846215527088,387.1162412290584
1394760.169624,-444.9405217025339,406.8360925057253
1394765.680651,-452.9057072853683,397.7898398246289
1394772.673969,-452.9057072853683,397.7898398246289
1394781.064614,-452.9057072853683,397.7898398246289
1394788.529791,-452.9057072853683,397.7898398246289
1394793.665069,-452.9057072853683,397.7898398246289
1394802.063378,-452.9057072853683,397.7898398246289
1394807.801201,-452.9057072853683,397.7898398246289
1394814.644771,-452.9057072853683,397.7898398246289
1394821.668437,-452.9057072853683,397.7898398246289
1394828.806269,-452.9057072853683,397.7898398246289
1394844.355442,-452.9057072853683,397.7898398246289
1394844.716857,-454.4893521635602,395.1371487186427
1394851.508342,-454.4893521635602,395.1371487186427
1394856.6574,-454.4893521635602,395.1371487186427
1394863.654008,-454.4893521635602,395.1371487186427
1394871.688853,-454.3244300515845,393.138669944299
1394877.651639,-454.3244300515845,393.138669944299
1394888.525827,-454.3244300515845,393.138669944299
1394892.979538,-454.3244300515845,393.138669944299
1394898.605874,-454.3244300515845,393.138669944299
1394905.617638,-454.3244300515845,393.138669944299
1394912.709507,-454.3244300515845,393.138669944299
1394925.495993,-454.3244300515845,393.138669944299
1394926.663698,-454.3244300515845,393.138669944299
1394933.643508,-454.3244300515845,393.138669944299
1394940.615079,-454.8089369794521,392.492383787989
1394947.640942,-455.4235396218648,390.9212089352756
1394956.560813,-455.4272556761237,390.90933494740045
1394961.78681,-455.4272556761237,390.90933494740045
1394968.640938,-458.2060026636708,391.8016852383808
1394975.648994,-461.270909039655,391.5000893430949
1394982.649494,-461.270909039655,391.5000893430949
1394989.658407,-461.270909039655,391.5000893430949
1394996.660077,-461.270909039655,391.5000893430949
1395003.643262,-461.270909039655,391.5000893430949
1395011.001932,-461.270909039655,391.5000893430949
1395017.647879,-461.270909039655,391.5000893430949
1395024.975756,-461.270909039655,391.5000893430949
1395031.94773,-461.270909039655,391.5000893430949
1395038.645433,-461.270909039655,391.5000893430949
1395045.648933,-461.270909039655,391.5000893430949
1395052.636438,-461.270909039655,391.5000893430949
1395061.430448,-476.0601899524033,386.2679139986474
1395068.862037,-481.0005447712615,385.9342203649187
1395074.695498,-481.0005447712615,385.9342203649187
1395080.644305,-480.8677609679634,387.2217236007673
1395087.684352,-481.43810043126064,388.2106435570261
1395095.695621,-481.54591582748446,388.3678780739655
1395102.466434,-481.9191688301744,388.2534512350499
1395108.643289,-482.4746005357081,390.3663354838042
1395116.451608,-482.4892968550228,388.3332016553317
1395122.664887,-482.0990271461276,388.1727725132075
1395129.659811,-482.09858021289983,388.17747789711945
1395136.662457,-482.09858021289983,388.17747789711945
1395143.66733,-482.09858021289983,388.17747789711945
1395150.668294,-482.09858021289983,388.17747789711945
1395159.015081,-482.09858021289983,388.17747789711945
1395164.663811,-482.09858021289983,388.17747789711945
1395171.678285,-482.09858021289983,388.17747789711945
1395180.020608,-482.09858021289983,388.17747789711945
1395185.67132,-482.09858021289983,388.17747789711945
1395192.72581,-482.09858021289983,388.17747789711945
1395201.29944,-482.09858021289983,388.17747789711945
1395206.659817,-482.09858021289983,388.17747789711945
1395213.684596,-482.9849584764496,389.1276108724875
1395222.01961,-485.4563370889133,393.5337711538932
1395227.680476,-487.7995539840346,396.4181478880199
1395234.689252,-488.957771781544,397.6112571520963
1395244.960719,-488.7155065507397,398.0784408040846
1395248.682796,-488.71550631017374,398.07844138224414
1395256.862136,-487.8082176049804,396.7816390047488
1395262.675166,-487.8082176049804,396.7816390047488
1395271.978438,-505.1106215280065,391.6006206314265
1395278.013969,-506.9940471803309,390.7325253762069
1395283.679366,-505.9954789537614,391.9655851619618
1395291.014408,-507.0110696620427,394.90515331644974
1395297.687915,-506.8978214614796,395.0254555662997
1395310.653325,-507.9971586432891,396.7501554869272
1395311.680536,-509.0271191114443,396.2237809727156
1395318.691163,-509.5118684050569,395.3972605740087
1395325.682655,-509.5112448195306,395.39741028745993
1395332.663129,-511.2579680717807,393.58298886156297
1395341.181284,-514.1516838598474,389.2274351796267
1395348.451618,-514.1501714117029,389.22015633862384
1395353.743912,-514.1501714117029,389.22015633862384
1395364.458227,-514.9153833648855,388.0902843955892
1395367.693867,-514.9153835224622,388.0902838404009
1395376.019411,-514.9153835224622,388.0902838404009
1395381.69069,-518.2273687043632,385.93569179390806
1395390.014604,-520.3305902192363,381.0077032487875
1395395.684711,-520.3305902109815,381.0077032487875
1395402.769447,-520.3305902109815,381.0077032487875
1395411.027995,-519.616593543744,381.9626817015324
1395416.667693,-518.8124099139611,374.482919302796
1395423.684991,-518.9804154993521,371.4830664073584
1395430.68563,-518.4988827493414,370.6542108556789
1395437.682184,-519.0446599944504,370.78760862827113
1395450.827081,-519.4199203424118,370.8281437508149
1395451.668526,-519.302238151443,370.520733744746
1395458.665141,-516.6315042653118,369.2290071302085
1395468.325441,-516.6318093074785,368.8186465390747
1395472.68332,-516.2357639951379,369.8602071027431
1395479.7335,-516.2357639951379,369.8602071027431
1395489.324349,-516.1975265524546,369.7829984333819
1395493.693695,-515.5324637197294,369.41712777219306
1395500.660688,-515.5313582986704,369.4170591739816
1395507.685116,-512.1374601493166,366.7333699980365
1395514.68962,-512.1373576996273,366.7332829499411
1395523.546024,-512.1373576996273,366.7332829499411
1395530.143346,-512.1373576996273,366.7332829499411
1395535.663331,-512.1373576996273,366.7332829499411
1395542.688907,-512.1373576996273,366.7332829499411
1395549.682257,-507.9470514502895,365.44923109920273
1395560.551336,-503.7245920384536,364.65349030896544
1395567.943384,-503.7245920384536,364.65349030896544
1395570.680662,-503.7245920384536,364.65349030896544
1395577.680127,-503.3043299377,364.1684263881131
1395590.488285,-501.486388956222,363.23893532181
1395591.692774,-501.4766456469969,363.234735192001
1395599.014354,-501.4766456469969,363.234735192001
1395605.695467,-501.4766456469969,363.234735192001
1395612.68066,-501.4766456469969,363.234735192001
1395621.01644,-501.4766456469969,363.234735192001
1395630.104141,-501.4766456469969,363.234735192001
1395633.682439,-501.4766456469969,363.234735192001
1395642.017978,-501.4766456469969,363.234735192001
1395647.681554,-501.4766456469969,363.234735192001
1395654.684835,-501.4766456469969,363.234735192001
1395666.411523,-501.4766456469969,363.234735192001
1395668.688554,-500.1358055743111,362.2404882570076
1395675.680039,-500.1358055743111,362.2404882570076
1395682.698121,-499.7186492775001,353.90481653814794
1395689.663687,-498.0898042863878,351.37113914068914
1395696.683309,-497.93315965466,351.43436755586515
1395703.679843,-497.7506544672704,351.42245286166457
1395710.660281,-497.7506544672704,351.42245286166457
1395717.664595,-497.7506544672704,351.42245286166457
1395729.163666,-499.4885680999546,347.5367512531857
1395735.208555,-499.488579460078,347.5366533094595
1395738.67971,-500.9463058923165,346.02189889453285
1395747.023627,-501.46967292735087,344.95911607226657
1395752.690591,-501.46967320108337,344.95911536087664
1395761.016849,-501.2572926431602,344.6101323738201
1395766.662132,-501.2572926431602,344.6101323738201
1395775.022701,-502.0178372852656,344.4011113164163
1395780.683116,-502.0178732994525,344.401094910591
1395787.684788,-502.0178732994525,344.401094910591
1395796.020642,-502.04170089362685,344.3999546073267
1395802.875923,-499.7077142542349,345.09304679327334
1395808.680929,-499.7077132585086,345.09304709331013
1395817.018171,-499.7077132585086,345.09304709331013
1395822.983014,-499.7077132585086,345.09304709331013
1395830.015564,-499.7077132585086,345.09304709331013
1395840.875858,-491.31944294810864,330.63650335863923
1395843.984573,-491.31944294810864,330.63650335863923
1395852.015527,-488.4807506267903,327.42170444891724
1395857.681177,-488.3142063808422,326.5474295032974
1395864.680923,-488.3142063808422,326.5474295032974
1395875.037782,-488.3142063808422,326.5474295032974
1395878.681243,-488.3142063808422,326.5474295032974
1395885.693995,-487.6504529971929,326.2635123478637
1395895.020855,-487.6504529971929,326.2635123478637
1395899.921516,-487.6504529971929,326.2635123478637
1395909.317117,-487.6504529971929,326.2635123478637
1395915.024017,-487.6504529971929,326.2635123478637
1395920.688386,-496.6290561110076,330.3595227089302
1395929.024228,-496.643018254768,330.3708782019562
1395934.74599,-496.643018254768,330.3708782019562
1395943.313834,-499.1749879511867,332.81244349141025
1395948.680742,-499.1751583300412,332.81251925371896
1395957.021702,-499.1751583300412,332.81251925371896
1395962.687196,-499.1751583300412,332.81251925371896
1395971.020098,-499.1751583300412,332.81251925371896
1395976.688623,-498.04078886393125,333.0869789409644
1395984.016108,-491.8705855333524,334.2488565356679
1395990.680949,-491.8705855333524,334.2488565356679
1395997.691986,-491.8705855333524,334.2488565356679
1396004.689311,-491.8705855333524,334.2488565356679
1396013.020465,-487.5194303728313,334.86326444947565
1396018.679516,-487.5194303728313,334.86326444947565
1396025.681154,-487.5194303728313,334.86326444947565
1396032.695602,-487.5194303728313,334.86326444947565
1396039.683365,-487.5194303728313,334.86326444947565
1396048.016964,-487.5194303728313,334.86326444947565
1396053.689469,-487.5194303728313,334.86326444947565
1396061.027268,-487.5194303728313,334.86326444947565
1396067.681564,-487.5194303728313,334.86326444947565
1396074.680847,-488.9851482791631,334.8654119363819
1396083.015403,-488.9852235604881,334.8653902769327
1396088.682,-490.5230770197416,333.3405932201448
1396095.678914,-490.5230770197416,333.3405932201448
1396102.920603,-490.5230770197416,333.3405932201448
1396111.923658,-490.5230770197416,333.3405932201448
1396116.685691,-490.5230770197416,333.3405932201448
1396125.093798,-492.18905430639006,332.0414974620886
1396130.840161,-493.61813515442543,331.76913170398217
1396138.022117,-493.791958763748,331.8683948018416
1396144.689543,-493.0221197621411,331.95732179811625
1396152.585065,-491.3198937898015,332.45057850815795
1396160.02053,-490.2573668086462,327.1418630893099
1396165.687852,-490.5646810043981,326.57833745795745
1396172.681826,-491.9869714941181,324.83660873092595
1396182.045196,-489.99726872622017,325.20315301387984
1396186.660275,-489.9972687178181,325.20315301387984
1396193.655615,-489.9972687178181,325.20315301387984
1396201.307817,-489.9972687178181,325.20315301387984
1396207.653572,-489.9972687178181,325.20315301387984
1396214.619954,-497.5864146838206,323.98484923348684
1396221.653007,-501.37401878085353,326.046361059651
1396228.621501,-490.1016457012721,327.84892030549554
1396235.670092,-441.69364604566215,326.44548392240927
1396243.343145,-408.05196622129694,346.6938869648755
1396246.896085,-359.8657932160609,378.7541428145272
1396249.690945,-359.8657932160609,378.7541428145272
1396259.120059,-283.48607313989453,416.2129099291926
1396263.662001,-283.48607313989453,416.2129099291926
1396270.616816,-228.31917555351149,415.34881197946265
1396277.651093,-139.153417725863,444.2315928336936
1396287.143058,-139.153417725863,444.2315928336936
1396292.501557,-115.67163946908444,463.3326564336365
1396298.64166,-115.67163946908444,463.3326564336365
1396305.60984,-108.42389638977022,469.584319432489
1396312.616441,-66.93984199665604,478.8082245767317
1396319.609485,31.15312062935909,512.9739384809865
1396328.301691,104.90842476804588,525.2056066456471
1396333.616462,163.27969602721626,547.612311451147
1396340.626926,182.31136673447853,591.416282593283
1396347.672222,182.31136673447853,591.416282593283
1396354.660669,182.31136673447853,591.416282593283
1396361.679564,150.38111134454243,642.4348488696209
1396368.658015,108.60389511147304,699.7379718137746
1396375.628221,128.50175569399318,764.1113525215037
1396384.485665,235.2873419305086,807.0839789225977
1396390.147336,272.7333108399839,811.7289863218544
1396396.659762,272.7333108399839,811.7289863218544
1396403.648299,272.7333108399839,811.7289863218544
1396414.41074,272.7333108399839,811.7289863218544
1396417.615953,272.7333108399839,811.7289863218544
1396424.812158,272.7333108399839,811.7289863218544
1396431.613398,272.7333108399839,811.7289863218544
1396438.66232,296.6507775566152,840.0774939094359
1396445.657417,295.5188753302803,917.6218974499432
1396743.415512,-81.76761318160634,898.0602625222141
1396746.946461,-87.54857113758004,820.274596832754
1396753.970117,-79.6781432253588,772.4381306183501
1396760.678859,-72.21274001819926,692.9184971020507
1396767.661002,-75.18422265027436,675.7218078597544
1396775.790415,-89.15998565003125,679.3954129299134
1396782.807531,-89.15998565003125,679.3954129299134
1396789.266254,-179.78906674903843,758.2614244344484
1396795.677923,-217.9098809374531,789.844406535945
1396803.234935,-229.39118276629495,799.2671237136813
1396810.732582,-259.1588095004996,811.7777674613768
1396817.352299,-292.0542386137358,848.0840838720417
1396862.063387,-347.60812606186954,923.2315959349668
1396868.603868,-393.14630734488907,897.6636379435694
1396872.694173,-399.7797750439215,898.1533393283167
1396879.64359,-423.96945318200073,888.456247670052
1396886.769804,-468.502095486703,883.8111041589124
1396896.444389,-488.8058860650741,911.2040851985312
1396903.45605,-494.6781908791323,918.1526168787648
1396907.620639,-494.6781908791323,918.1526168787648
1403878.817641,411.41786852872207,123.00197497788191
1403885.201779,352.633114790713,72.8002429795696
1403892.223339,291.4339963586553,20.54770515861039
1403899.209774,218.34279210658565,-48.48600214276085
1403906.23219,214.5972787571334,-53.06421759904741
1403913.184093,214.5972787571334,-53.06421759904741
1403923.94045,208.2052320938417,-55.03086103859368
1403927.289125,204.50692371323024,-57.33506638643974
1406398.672759,228.5416868060304,-43.36097961367949
1406405.246483,326.6128614612099,46.35048923478181
1406412.214153,381.11140303731634,92.27697474882832
1406419.652835,415.46200008069417,121.57906669747646
1406427.089706,461.0502161404487,176.3375637396686
1406757.025775,451.0612012050054,154.1444463983274
1406763.188133,362.3015759966945,74.6989755586678
1406769.390567,306.44539408173387,34.31360025813788
1406776.209449,257.2745454542207,45.75786274249133
1406783.542317,221.6227703752795,84.87550445290667
1406790.23994,221.6227703752795,84.87550445290667
1406798.43803,221.6227703752795,84.87550445290667
1406804.240811,-42.91238742476826,419.759299905068
1406811.201905,-74.04415540894752,446.8243071356677
1406818.25786,-74.04415540894752,446.8243071356677
1406825.269978,-74.04415540894752,446.8243071356677
1406832.938037,-74.04415540894752,446.8243071356677
1406839.205977,-74.04415540894752,446.8243071356677
1406846.536601,-74.04415540894752,446.8243071356677
1406854.208308,-87.32596684558695,455.8258032748637
1406861.265795,-98.3709523111051,446.2560286535472
1406867.240071,-99.38840806740548,441.2162451707172
1406874.606989,-99.38840806740548,441.2162451707172
1406882.811384,-99.38840806740548,441.2162451707172
1406889.80022,-99.38840806740548,441.2162451707172
1406895.225258,-99.38840806740548,441.2162451707172
1406904.770956,-99.38840806740548,441.2162451707172
1406910.678575,-87.2728466557473,439.8082140034543
1406916.663668,-87.2728466557473,439.8082140034543
1406923.62333,-82.00668132829144,443.1562480055881
1406931.757905,-82.00668132829144,443.1562480055881
1406937.901212,-82.00668132829144,443.1562480055881
1406944.923172,-124.33310990092636,447.4965860539556
1406951.242673,-194.88493558048413,418.0538439964561
1406958.199324,-287.6869023418421,396.39080461208994
1406965.21609,-359.9084943734012,368.3183651036287
1406972.242132,-426.1111998970898,346.58246876768845
1406979.699299,-465.6784484243116,389.9210040331722
1406986.221112,-500.0776834315592,386.7931031191097
1406993.237299,-508.69074994752106,362.2400913214177
1407000.536622,-504.1396240849155,348.96743667904104
1407007.229041,-504.1396240849155,348.96743667904104
1407014.623873,-504.1396240849155,348.96743667904104
1407021.249006,-504.1396240849155,348.96743667904104
1407028.535003,-504.1396240849155,348.96743667904104
1407035.549535,-504.1396240849155,348.96743667904104
1407042.264794,-504.1396240849155,348.96743667904104
1407049.532044,-486.6527432618494,349.69325282990013
1407056.961608,-455.5827564079963,355.0488336161888
1407063.75337,-416.8652783611303,361.1708688086371
1407070.231055,-334.4403670586803,390.9627324718711
1407078.03663,-269.7519399296909,413.1646289672181
1407087.870283,-189.6316158315045,435.10984878245233
1407091.276795,-48.87109399341075,479.85328854620326
1407099.080688,43.77876546091247,514.9596180837849
1407105.242068,112.00155468352798,538.9529809673735
1407112.568672,176.32935560828014,560.7832842630105
1407119.228031,184.2045269756475,591.4390057503806
1407126.219118,216.1758541602292,617.0490396171315
1407135.086862,269.5565936698856,658.9871591334942
1407140.254318,280.0990405786852,665.65562651565
1407147.261186,280.0990405786852,665.65562651565
1407154.560253,280.0990405786852,665.65562651565
1407161.536891,280.0990405786852,665.65562651565
1407168.540605,280.0990405786852,665.65562651565
1407175.615748,288.4004467319816,654.3256230124591
1407182.219383,299.25111403405884,661.016590552488
1407189.205334,303.7387143352598,668.3770394238677
1407196.201372,304.06055577465537,684.5927208987795
1407203.220746,279.2062748845011,675.1180383844392
1407212.381961,205.3535195737832,596.6434952111093
1407217.200179,141.51569477903442,556.4836994751619
1407224.251309,74.63318662186418,508.9204300497341
1407231.248226,-39.94427291969366,472.8186594192479
1407238.250662,-61.46656832022156,464.2414630644421
1407245.276606,-61.46656832022156,464.2414630644421
1407252.533599,-100.19747021493949,435.907873498723
1407259.198279,-186.08789166210016,407.76664665604056
1407266.238214,-285.1441858907708,384.2282480080842
1407273.749793,-412.5194781587846,347.11780480299666
1407280.241033,-452.2099701470991,372.76609029413066
1407287.808488,-480.7680691121067,386.0217163027911
1407294.739373,-515.0522020726893,379.0277216814526
1407301.212178,-512.0561472583978,354.5405576395568
1407308.209542,-512.0561472583978,354.5405576395568
1407316.588834,-506.46907479037486,347.750461456082
1407322.264939,-506.46907479037486,347.750461456082
1407329.532051,-506.46907479037486,347.750461456082
1407336.532496,-506.46907479037486,347.750461456082
1407343.21475,-506.46907479037486,347.750461456082
1407350.212688,-506.46907479037486,347.750461456082
1407357.881776,-506.46907479037486,347.750461456082
1407364.2452,-506.46907479037486,347.750461456082
1407371.569396,-506.46907479037486,347.750461456082
1407378.217195,-499.0965396602563,337.46960102023604
1407385.208559,-499.0965396602563,337.46960102023604
1407392.228314,-499.0965396602563,337.46960102023604
1407399.255176,-499.0965396602563,337.46960102023604
1407406.547597,-499.0965396602563,337.46960102023604
1407413.23272,-415.0776731344377,347.85389422159847
1407420.239107,-349.5649588851842,369.1940366506829
1407427.558005,-274.5483795135251,397.5375553882199
1407434.245337,-147.68777061235605,444.4526651145855
1407441.224255,-71.66163952126905,468.3870514884833
1407448.251649,-1.6558092845825445,496.5126239570204
1407455.241384,69.93358865754166,533.669864360822
1407463.150912,72.54910748112101,535.4946165956796
1407469.797172,72.54910748112101,535.4946165956796
1407476.260447,72.54910748112101,535.4946165956796
1407483.306172,85.5904412869263,533.6174179408397
1407490.2129,116.9468183023379,542.3338494887549
1407497.555007,191.9775452297393,566.6061409501339
1407504.579746,261.8240249875469,595.8744683301699
1407511.249119,345.89781969934376,636.4742178672042
1408309.224707,-73.98961423390712,914.6182046260616
1408316.180233,-84.12122803297672,816.0188846704112
1408323.187885,-82.22912027032673,763.9296620101828
1408330.215793,-78.53400961264941,722.5843949537904
1408337.186818,-74.2211638294735,672.1903423366792
1408344.521918,-98.83027715339776,689.3246432898808
1408351.212762,-135.34585435062476,716.2317640373867
1408358.513285,-200.2804431529227,764.1842414599108
1408365.94594,-237.2617173842237,788.8410236182089
1408372.225392,-244.58742593069337,794.1381085250268
1408379.21586,-272.15262227329725,813.124939058459
1409291.449957,292.17790979642217,911.1365711128144
1409298.410797,288.2525036771031,869.5058429959342
1409305.443295,288.2525036771031,869.5058429959342
1409312.409266,288.2525036771031,869.5058429959342
1409319.410436,270.4602038207811,852.1159760283246
1409327.798262,196.03374683543885,819.2472165109525
1409333.409235,121.43176063814352,788.1691209382877
1409340.410374,114.4156853128462,687.3328334531279
1409348.564103,148.47138235112033,604.8214620340037
1409354.410287,109.4472613090844,545.6850972377661
1409361.410749,5.232439363831761,487.4569979826173
1409368.409564,-64.71120947846207,461.5206459288913
1409375.4117,-132.47983983369198,439.0150170766037
1409382.839057,-211.62328491309023,414.5715934028378
1409389.41166,-211.62328491309023,414.5715934028378
1409396.410068,-407.0938187128097,347.1548484613116
1409403.410151,-459.5343057105957,378.67901143265055
1409411.805664,-496.193097449666,377.0118044398116
1409417.410467,-513.3731538452073,367.0208851507759
1409424.411552,-550.4957069094163,354.4880413142255
1409431.410325,-550.7834757687485,345.61302391967547
1409438.411518,-520.505132353879,269.8457208976161
1409445.411557,-499.0378769886642,179.8077356945421
1409452.412711,-495.9494918506389,142.9261323473505
1409459.799381,-483.6905647331304,97.7555482946512
1409466.409145,-456.668787096004,10.651809986023752
1409473.410342,-429.1662590540222,-71.61668634441165
1409480.429221,-429.1662590540222,-71.61668634441165
1412770.427896,-611.5504760884363,417.9746819175813
1412770.433,-578.7090541003445,423.00290140466944
1412771.146887,-561.5187805791779,375.8347107437239
1412771.147534,-561.5187805791779,375.8347107437239
1412796.667247,-554.9041683901205,349.98223075284164
1412796.676165,-536.5902192211908,314.2738064525444
1412796.681285,-474.5555203763617,336.4185446948288
1412796.684754,-388.1395541302933,367.07324566547015
1412797.39342,-360.50119151932864,377.8911098114526
1412797.394119,-360.50119151932864,377.8911098114526
1412798.341375,-360.50119151932864,377.8911098114526
1412805.348829,-250.9615829077208,416.752948629898
1469126.037153,-592.6630110377735,471.74427296852696
1469126.634354,-585.5091991370584,441.5029086858376
1469138.216342,-582.525966749437,427.75978868539926
1469144.654463,-554.7637394633788,364.28290981386976
1469145.562963,-545.399059478193,340.65115113269565
1469145.563604,-545.399059478193,340.65115113269565
1469148.628404,-536.2000690148255,318.06633839292215
1469167.031533,-529.8714730188076,264.42385610502475
1469167.226691,-522.6150356780133,239.01082292066485
1469169.53643,-514.1243609272894,225.33441012590316
1469176.940634,-491.8991894853178,173.88737300539813
1469183.576062,-491.8991894853178,173.88737300539813
1469190.602716,-491.8991894853178,173.88737300539813
1469205.303978,-476.7945269412587,129.7536137075269
1469205.30755,-469.4030361116208,88.25082836634364
1469211.593297,-458.2854988938888,61.157831137249104
1469218.55352,-446.46865956869294,14.546141988129028
1469225.550403,-430.3765334764683,-33.78805988183082
1473955.951921,-450.556502775756,-3.688045967953383
1473962.472956,-463.8523808237338,40.27820730971442
1473969.912283,-475.5312150041791,79.7507682649793
1473976.470627,-489.738018206253,130.9655731204232
1473984.130684,-495.8940885331156,146.45749672202234
1473991.151036,-495.8940885331156,146.45749672202234
1473997.837265,-506.7582429102717,184.5302078416487
1474006.235113,-523.6636294431238,240.4866102392205
1474011.762263,-536.3945741264326,284.2647774500086
1474018.735228,-517.3584616730476,328.4337199718848
1474026.605746,-508.1733322804454,338.8157728812156
1474033.854793,-469.06351773580457,349.1041590566443
1474039.939965,-418.7486418685743,359.0800229509721
1474047.046249,-395.3359898939444,372.14369425659305
1474053.770423,-361.7105299952488,386.50141461579113
1474060.750265,-295.88278254151555,397.18551753215655
1474067.957339,-246.02759216614285,414.7771760030713
1474075.131351,-192.3896263088603,432.8524997780356
1474081.879929,-165.49357999713868,436.0968380803688
1474088.765247,-165.49357999713868,436.0968380803688
1474095.42935,-165.49357999713868,436.0968380803688
1474102.837842,-165.49357999713868,436.0968380803688
1474109.456517,-165.49357999713868,436.0968380803688
1474116.664027,-165.49357999713868,436.0968380803688
1474123.830472,-131.34008553448447,441.2642196164466
1474130.456771,-88.605326939066,463.5610469599165
1474139.935251,-81.67631189389708,478.8483832617141
1474144.762053,-89.04974960805933,486.5282818487465
1474151.749462,-102.72721419201164,501.7679394692821
1474158.756491,-100.65842095021289,564.165319718986
1474165.445563,-85.53648409846416,628.4701813379994
1474177.23763,-80.70991388212583,641.0980707550416
1474180.788267,-74.30504039413454,655.3371490405266
1474186.419935,-74.30504039413454,655.3371490405266
1474196.134214,-93.07465363836609,690.8172594307312
1474201.823098,-114.09199717343596,711.9874962306629
1474209.432695,-138.88309487205882,748.0029984557136
1474214.856674,-163.5521163779451,787.842280978944
1474221.992126,-189.8461854985887,831.4953459187867
1474230.945068,-222.22987030821827,855.071822989344
1474236.403811,-244.1621462262774,852.5984608421205
1474249.412981,-244.1621462262774,852.5984608421205
1474252.988106,-257.00170986135936,842.0016087333815
1474256.469504,-257.00170986135936,842.0016087333815
1474281.382972,-257.00170986135936,842.0016087333815
1474281.386616,-257.00170986135936,842.0016087333815
1474281.390096,-257.00170986135936,842.0016087333815
1474284.060628,-257.00170986135936,842.0016087333815
1474284.061226,-257.00170986135936,842.0016087333815
1474286.652648,-257.00170986135936,842.0016087333815
1474293.864591,-257.00170986135936,842.0016087333815
1474300.287762,-257.00170986135936,842.0016087333815
1474307.423037,-262.77289636807006,826.7759462329731
1474316.02639,-262.77289636807006,826.7759462329731
1474321.515404,-282.15378472817014,830.0663892555963
1474335.100293,-296.4673667607941,858.1701195979363
1474335.369432,-317.8107784568632,900.3428601019585
1474378.615954,-346.1421462634916,915.1537909608708
1474385.020297,-387.0879687277489,894.328514749561
1474392.398684,-400.7024191871861,891.5351996232038
1474398.333039,-400.7024191871861,891.5351996232038
1474405.268114,-400.7024191871861,891.5351996232038
1474415.824453,-400.7024191871861,891.5351996232038
1474419.620234,-400.7024191871861,891.5351996232038
1474426.738916,-400.7024191871861,891.5351996232038
1474433.276159,-400.7024191871861,891.5351996232038
1474440.644367,-400.7024191871861,891.5351996232038
1474449.393876,-400.7024191871861,891.5351996232038
1474454.983387,-400.7024191871861,891.5351996232038
1474461.655118,-400.7024191871861,891.5351996232038
1474468.623033,-400.7024191871861,891.5351996232038
1474475.691294,-400.7024191871861,891.5351996232038
1474482.305819,-400.7024191871861,891.5351996232038
1474489.270879,-400.7024191871861,891.5351996232038
1474496.251817,-400.7024191871861,891.5351996232038
1474505.108774,-400.7024191871861,891.5351996232038
1474510.439671,-400.7024191871861,891.5351996232038
1474519.620877,-400.7024191871861,891.5351996232038
1474524.359446,-400.7024191871861,891.5351996232038
1474531.356317,-400.7024191871861,891.5351996232038
1474538.301301,-400.7024191871861,891.5351996232038
1474545.294375,-400.7024191871861,891.5351996232038
1474563.374728,-408.6996633669386,884.3074014235747
1474563.382354,-408.6996633669386,884.3074014235747
1474566.311033,-408.6996633669386,884.3074014235747
1474575.444248,-408.6996633669386,884.3074014235747
1474580.288982,-408.6996633669386,884.3074014235747
1474587.256821,-408.6996633669386,884.3074014235747
1474599.445166,-408.6996633669386,884.3074014235747
1474601.318636,-408.6996633669386,884.3074014235747
1474608.518161,-408.6996633669386,884.3074014235747
1474625.099762,-408.6996633669386,884.3074014235747
1474625.103414,-408.6996633669386,884.3074014235747
1474629.325335,-408.6996633669386,884.3074014235747
1474636.406975,-408.6996633669386,884.3074014235747
1474646.965467,-408.6996633669386,884.3074014235747
1474650.298522,-408.6996633669386,884.3074014235747
1474657.258163,-408.6996633669386,884.3074014235747
1474665.49374,-408.6996633669386,884.3074014235747
1474673.39239,-409.6122048636326,883.5948081642905
1474679.896806,-409.6122048636326,883.5948081642905
1474685.292086,-409.6122048636326,883.5948081642905
1474693.880332,-409.6122048636326,883.5948081642905
1474700.603645,-409.6122048636326,883.5948081642905
1474710.047071,-409.6122048636326,883.5948081642905
1474713.33318,-409.6122048636326,883.5948081642905
1474720.518218,-409.6122048636326,883.5948081642905
1474728.870181,-410.1087907976742,883.7465222857757
1474734.288157,-410.1088650002834,883.7465421789443
1474741.309696,-410.1088650002834,883.7465421789443
1474748.308001,-410.1088650002834,883.7465421789443
1474755.285497,-411.8692266667077,883.0879726627394
1474763.235347,-411.8692266667077,883.0879726627394
1474769.257721,-411.8692266667077,883.0879726627394
1474779.306701,-411.8692266667077,883.0879726627394
1474783.378354,-411.8692266667077,883.0879726627394
1474790.252592,-411.8692266667077,883.0879726627394
1474799.162865,-411.8692266667077,883.0879726627394
1474804.2959,-411.8692266667077,883.0879726627394
1474813.381884,-411.8692266667077,883.0879726627394
1474818.574842,-411.8692266667077,883.0879726627394
1474825.292816,-412.28670166468464,881.5243137799176
1474832.581259,-412.3668657098437,881.4686139697037
1474839.254578,-412.3675345041416,881.4681509014368
1474846.30424,-412.3675345041416,881.4681509014368
1474853.252771,-412.3675345041416,881.4681509014368
1474861.311274,-414.1447937973434,879.7184122798843
1474867.344086,-414.1447941873792,879.7184124463345
1474874.271031,-414.1447941873792,879.7184124463345
1474881.252726,-414.0158579651326,879.5403207186704
1474888.304617,-414.0158485383835,879.5403119215156
1474895.380277,-414.0158485383835,879.5403119215156
1474902.248277,-414.0158485383835,879.5403119215156
1474909.254218,-414.0158485383835,879.5403119215156
1474916.288885,-414.0158485383835,879.5403119215156
1474926.010944,-414.0158485383835,879.5403119215156
1474932.26478,-414.0158485383835,879.5403119215156
1474937.287825,-414.0158485383835,879.5403119215156
1474944.522235,-414.0158485383835,879.5403119215156
1474953.712054,-414.0439344497437,878.5751965590689
1474958.250321,-414.0439344497437,878.5751965590689
1474965.248148,-416.6075906429418,876.3796401147097
1474972.284404,-416.69212467446704,876.3305426494359
1474979.256156,-416.9002354221662,876.8567477440331
1474986.463686,-416.900235430421,876.8567477440331
1474993.587949,-416.900235430421,876.8567477440331
1475000.30838,-416.900235430421,876.8567477440331
1475008.49624,-416.900235430421,876.8567477440331
1475014.352143,-416.900235430421,876.8567477440331
1475026.201501,-416.900235430421,876.8567477440331
1475028.496005,-416.900235430421,876.8567477440331
1475035.256811,-416.900235430421,876.8567477440331
1475042.292991,-416.900235430421,876.8567477440331
1475049.595042,-416.900235430421,876.8567477440331
1475056.250124,-416.900235430421,876.8567477440331
1475064.098868,-416.900235430421,876.8567477440331
1475071.210987,-416.900235430421,876.8567477440331
1475078.182824,-422.71874557733855,877.7146974952719
1475084.306528,-426.8934816485216,876.271134940906
1475091.280608,-426.8858964379936,876.2700871708877
1475108.347505,-426.8858964379936,876.2700871708877
1475108.351029,-426.8858964379936,876.2700871708877
1475113.801541,-426.8858964379936,876.2700871708877
1475119.266399,-426.8858964379936,876.2700871708877
1475126.250279,-426.8858964379936,876.2700871708877
1475140.037157,-426.8858964379936,876.2700871708877
1475140.32032,-426.8858964379936,876.2700871708877
1475147.253354,-426.8858964379936,876.2700871708877
1475154.252614,-426.8858964379936,876.2700871708877
1475161.260473,-430.452942806065,873.2850049227069
1475168.290915,-432.674933843336,874.267852636018
1475190.613114,-432.674933843336,874.2678526469731
1475190.6167,-432.674933843336,874.2678526469731
1475199.784438,-436.8784650489317,872.2943799185919
1475199.785169,-436.8784650489317,872.2943799185919
1475201.442895,-436.8784650489317,872.2943799185919
1475208.448791,-436.8784650489317,872.2943799185919
1475238.730236,-436.8784650489317,872.2943799185919
1475238.737761,-436.8784650489317,872.2943799185919
1475238.743631,-436.8784650489317,872.2943799185919
1475255.625879,-439.4574580088956,874.0666479357061
1475255.626457,-439.4574580088956,874.0666479357061
1475268.298241,-442.4126152405333,878.5263167608567
1475271.994367,-442.4126148006744,878.5263171485352
1475274.717884,-442.4126148006744,878.5263171485352
1475281.767128,-442.4126148006744,878.5263171485352
1475288.732007,-442.4126148006744,878.5263171485352
1475295.732314,-442.4126148006744,878.5263171485352
1475311.734104,-442.4126148006744,878.5263171485352
1475311.738136,-442.4126148006744,878.5263171485352
1475316.75905,-442.4126148006744,878.5263171485352
1475324.030602,-442.4126148006744,878.5263171485352
1475330.699806,-442.4126148006744,878.5263171485352
1475355.733032,-442.4126148006744,878.5263171485352
1475355.736661,-442.4126148006744,878.5263171485352
1475364.478032,-442.4126148006744,878.5263171485352
1475364.478693,-442.4126148006744,878.5263171485352
1475367.848557,-442.4126148006744,878.5263171485352
1475375.099442,-442.4126148006744,878.5263171485352
1475399.963983,-442.4126148006744,878.5263171485352
1475399.967505,-442.4126148006744,878.5263171485352
1475399.971416,-442.4126148006744,878.5263171485352
1475402.591939,-454.8567942456901,874.9404047858588
1475402.592577,-454.8567942456901,874.9404047858588
1475406.206003,-460.89522447895473,874.4094361920069
1475413.163752,-471.4826276627748,886.3868560750942
1483669.624978,-438.5931848468608,-52.86818310781017
1483677.554766,-445.8564706679104,-0.5443291756034211
1483683.31366,-460.0127188319796,33.293325795276004
1483690.968552,-466.3314899070029,61.64608640626855
1483697.23414,-468.3781661300086,94.21160064238404
1483704.59792,-482.65771841313006,125.36413489415844
1483712.656931,-507.9839872607817,182.4971447803377
1483718.846218,-525.292056345567,215.677112825234
1483727.950331,-538.6399411188962,259.3391911059253
1483732.294449,-524.1913159698975,309.2638688727259
1483739.843786,-486.1079121368895,317.261507360307
1483746.56559,-458.764949515422,334.7459835519307
1483753.52515,-422.9978828137796,347.257173445392
1483761.151203,-382.1708480971665,364.9418237255563
1483767.216683,-347.3433453330484,378.8039684371012
1483776.515365,-300.7085302715429,395.4805896496246
1483781.293683,-257.4782054824781,407.967431503404
1483790.521607,-204.27937570495337,425.0385012972385
1483795.209134,-140.20874640119226,443.0370025351429
1483802.22899,-121.33400536847842,449.38830462904815
1483809.867129,-121.33400536847842,449.38830462904815
1483816.288912,-121.33400536847842,449.38830462904815
1483824.595481,-101.0120713258311,457.9396225150872
1483830.240429,-56.25137296697346,472.2854987902784
1483837.419846,-17.13407938139792,488.03441755648873
1483844.261006,-17.13407938139792,488.03441755648873
1483852.643772,-17.13407938139792,488.03441755648873
1483858.247128,-17.13407938139792,488.03441755648873
1483865.20403,-17.13407938139792,488.03441755648873
1483873.559481,-17.13407938139792,488.03441755648873
1483880.091806,-17.13407938139792,488.03441755648873
1483887.278785,-10.064984656071708,474.2901738636929
1483893.256848,-10.064984656071708,474.2901738636929
1483902.07488,-10.064984656071708,474.2901738636929
1483909.74992,-10.064984656071708,474.2901738636929
1483922.82567,-10.064984656071708,474.2901738636929
1483933.476826,-10.064984656071708,474.2901738636929
1483933.477591,-10.064984656071708,474.2901738636929
1483959.601153,-7.719101271088063,458.5563973679913
1483959.601724,-7.719101271088063,458.5563973679913
1483962.685059,-7.719101271088063,458.5563973679913
1483971.010964,-7.719101271088063,458.5563973679913
1483976.656297,-7.719101271088063,458.5563973679913
1483983.892767,-7.719101271088063,458.5563973679913
1483990.652927,-7.719101271088063,458.5563973679913
1484000.017185,-7.719101271088063,458.5563973679913
1484004.65493,-7.719101271088063,458.5563973679913
1484013.814656,-7.719101271088063,458.5563973679913
1484018.656803,-7.719101271088063,458.5563973679913
1484025.656091,-13.647955098503076,467.96775876040925
1484034.616072,-13.647955098503076,467.96775876040925
1484039.673903,-13.647955098503076,467.96775876040925
1485164.689171,-120.5688273379155,496.49651329446937
1485164.689807,-120.5688273379155,496.49651329446937
1485172.336272,-133.38195349398,513.4828209900857
1485174.433501,-159.72389544078294,542.9516919209215
1485182.42058,-202.901844809078,595.5771548737263
1485188.436787,-239.69276802865525,634.894224150548
1485195.387629,-274.32822253753767,676.6040277930093
1485206.518947,-312.71665873231376,700.7692224696186
1485209.433728,-333.11454710942417,703.9401767188393
1485220.008486,-348.6321464980718,742.4672603276063
1485223.41287,-357.1610176267881,835.9678854947031
1485230.449816,-374.2945629380739,873.0344014096163
1485240.332713,-425.4207209024286,884.2625354694732
1485247.030886,-453.7302717403985,896.3462821371919
1485251.451962,-479.2825922484329,910.2011927586968
1485939.910679,-610.4039889968269,665.854492451811
1485945.087001,-584.3529991241395,685.5906443791614
1485951.422261,-553.5333181179449,700.7221241371104
1485958.402423,-536.8456204091717,721.9332781645917
1485965.404722,-547.6722091406444,780.5364711133717
1485972.403955,-561.762866229642,821.6257118301578
1485979.397744,-551.0692638289398,847.8265333716081
1485986.407186,-531.9065070198567,856.2301414768136
1485993.453025,-523.0973232415647,858.8978107393988
1486000.395265,-501.55216851210815,823.8871221531964
1486007.387005,-501.55216851210815,823.8871221531964
1486014.44352,-501.55216851210815,823.8871221531964
1486021.409636,-501.55216851210815,823.8871221531964
1486028.419496,-501.55216851210815,823.8871221531964
1486035.448093,-501.55216851210815,823.8871221531964
1486043.047161,-501.55216851210815,823.8871221531964
1486049.421609,-491.6246029453714,813.2075273517185
1486056.416781,-480.9217717216027,797.5402725906137
1486063.392674,-458.83899795483984,761.1972141107142
1486070.407314,-438.3640361887843,735.7201268992878
1486078.673061,-421.60771270840814,710.9537582325137
1486084.447758,-427.4758611910892,701.5706459626383
1486091.417937,-427.4758611910892,701.5706459626383
1486098.424826,-481.4727938748418,683.3663509218702
1486108.35332,-493.9802449732546,685.8889680392018
1486112.401663,-493.9802449732546,685.8889680392018
1486119.420189,-493.9802449732546,685.8889680392018
1486126.439495,-493.9802449732546,685.8889680392018
1486133.4553,-493.9802449732546,685.8889680392018
1486140.498781,-493.9802449732546,685.8889680392018
1486150.970663,-505.706052386083,715.0694290076668
1486154.409183,-505.706052386083,715.0694290076668
1486161.395714,-519.9305012227454,721.9176659509433
1486168.448576,-611.1694837693633,685.7354287286813
1487572.68619,-599.8031071269321,420.97638177186747
1487580.175568,-599.8031071269321,420.97638177186747
1487586.682785,-599.8031071269321,420.97638177186747
1487593.820053,-599.8031071269321,420.97638177186747
1487601.622139,-587.7367859381637,430.94735698686
1487608.115751,-587.7367859381637,430.94735698686
1487614.549466,-576.4608134963481,407.9407787672126
1487621.87744,-562.38280917614,351.8077266710426
1487646.929641,-532.9391532283875,314.57642862271786
1487646.938548,-464.0436709270161,339.88376008655786
1487646.944458,-422.5412404840758,368.2071275381572
1487647.250627,-353.6458591223728,388.74538884925965
1487647.251277,-353.6458591223728,388.74538884925965
1487648.652198,-353.6458591223728,388.74538884925965
1487655.62686,-320.3636898635691,399.6486764666637
1487662.642693,-161.2845771498425,453.1561508467785
1487669.953557,-114.1847973831848,468.5850616228565
1487676.645754,-114.1847973831848,468.5850616228565
1487683.652466,-114.1847973831848,468.5850616228565
1487690.965741,-114.1847973831848,468.5850616228565
1487697.952376,-114.1847973831848,468.5850616228565
1487705.024275,-84.19879182616806,470.0650434415326
1487711.651952,-26.04984467630175,491.3687672168243
1487720.492265,54.09987852706539,522.5798280995677
1487726.298104,88.20243928814516,540.9421461156927
1487732.651045,88.20243928814516,540.9421461156927
1487739.946051,88.20243928814516,540.9421461156927
1487747.582739,88.20243928814516,540.9421461156927
1487753.657941,88.20243928814516,540.9421461156927
1487760.725074,88.20243928814516,540.9421461156927
1487767.640027,107.77423594578964,535.7629371857408
1487774.642638,137.29434182310908,541.127103850456
1487781.650463,177.80337230545797,565.70700229606
1487789.862276,143.4332325865511,649.8405229031769
1487795.637409,104.59550624357456,722.8708443923304
1487803.906785,135.34118749574154,786.5849625192299
1487809.635526,247.24648451159945,840.4010895200732
1487816.973398,281.80922021941194,859.8923469814038
1487823.653058,289.26287764197093,868.1024579299204
1492127.792927,-73.98741122522739,913.1602856096138
1492133.768128,-83.02826725262732,848.2970802106258
1492141.161906,-76.99870302238696,808.9659890569213
1492147.787298,-76.99870302238696,808.9659890569213
1492154.485199,-72.04207915514415,798.4968466787951
1492161.912066,-62.547845835996334,696.4324489411612
1492168.76267,-50.86751626238168,660.7846102358913
1492175.776519,-50.86751626238168,660.7846102358913
1492182.775807,-50.86751626238168,660.7846102358913
1492189.445344,-23.686358034551297,543.059324926413
1492198.303697,-34.12049712500653,539.0151377049374
1492203.445368,-70.86805155069204,506.23766267568647
1492210.772324,-118.90588770106636,473.5381478740634
1492217.855277,-173.35998697849303,451.7809561216083
1492224.769317,-259.0828069158317,415.9285695080346
1492231.768333,-329.5203507841362,391.9299861833649
1492238.472797,-396.6175703968912,363.3994811815952
1492246.420767,-434.9812716797682,351.2866608506985
1492252.767559,-474.8270126219659,387.2467909571064
1492259.85836,-522.7450113921233,368.1001969649636
1492266.767542,-558.585315780088,372.4164174274562
1492279.38971,-567.8315868582894,415.4644440592872
1492280.432822,-590.1943643125858,422.1604867351818
1493841.323554,294.1445297104301,899.1969671568306
1493848.331955,294.4421763183997,898.076896675005
1493856.499656,297.1076878190277,888.8665507617319
1493864.391617,292.5354279424829,864.0553607103441
1493869.338307,230.65820494920453,822.8907888112292
1493876.934169,109.77601000365291,762.5314016155224
1493883.62845,95.87970317056418,709.2382834427101
1493891.34412,151.13537800175388,618.5768015417127
1493897.630564,117.08802802418012,553.0619858429803
1493904.633561,52.5865908366668,518.7976308656307
1493911.328258,-42.9360079785093,480.3789611812179
1493918.328984,-114.2372916556846,457.1298153161634
1493925.292021,-148.21467997063954,448.0919369578031
1493932.326556,-190.91770100927388,427.26660221086377
1493939.322454,-235.43298273855865,416.38981764054
1493947.760797,-302.471499675422,397.3398077489292
1493953.319904,-389.0778169388912,367.2949614129201
1493960.323839,-458.3143843294794,376.2024752415952
1493968.15618,-478.0702729148852,388.41372831892886
1493974.327614,-507.7708437323207,379.678251894653
1493977.435078,-515.9941540573072,369.9759140165144
1493981.312236,-510.9910756811614,346.3601142019878
1493988.701255,-510.9910756811614,346.3601142019878
1493996.41705,-510.9910756811614,346.3601142019878
1494002.329593,-510.9910756811614,346.3601142019878
1494010.373773,-510.9910756811614,346.3601142019878
1494018.844882,-510.9910756811614,346.3601142019878
1494023.332529,-510.9910756811614,346.3601142019878
1494030.287634,-510.9910756811614,346.3601142019878
1494037.316618,-510.9910756811614,346.3601142019878
1494044.27402,-510.9910756811614,346.3601142019878
1494052.48033,-510.9910756811614,346.3601142019878
1494058.303924,-510.9910756811614,346.3601142019878
1494066.182597,-510.9910756811614,346.3601142019878
1494072.306687,-510.9910756811614,346.3601142019878
1494082.388,-510.9910756811614,346.3601142019878
1494086.281247,-510.9910756811614,346.3601142019878
1494093.317135,-510.9910756811614,346.3601142019878
1494101.730781,-510.9910756811614,346.3601142019878
1494107.317309,-510.9910756811614,346.3601142019878
1494114.282982,-510.9910756811614,346.3601142019878
1494121.319069,-510.9910756811614,346.3601142019878
1494128.265243,-510.9910756811614,346.3601142019878
1494135.658055,-510.9910756811614,346.3601142019878
1494144.326701,-510.9910756811614,346.3601142019878
1494149.326261,-510.9910756811614,346.3601142019878
1494157.616146,-510.9910756811614,346.3601142019878
1494163.289458,-510.9910756811614,346.3601142019878
1494170.31739,-510.9910756811614,346.3601142019878
1494177.905444,-510.9910756811614,346.3601142019878
1494185.007444,-510.9910756811614,346.3601142019878
1494191.288006,-510.9910756811614,346.3601142019878
1494198.334387,-510.9910756811614,346.3601142019878
1494205.293022,-510.9910756811614,346.3601142019878
1494214.061912,-510.9910756811614,346.3601142019878
1494219.369407,-510.9910756811614,346.3601142019878
1494226.315807,-510.9910756811614,346.3601142019878
1494233.286454,-510.9910756811614,346.3601142019878
1494241.746312,-510.9910756811614,346.3601142019878
1494247.353017,-510.9910756811614,346.3601142019878
1494254.345143,-510.9910756811614,346.3601142019878
1494261.352727,-506.532790282885,345.13911393488746
1494269.710706,-506.532790282885,345.13911393488746
1494278.422598,-506.532790282885,345.13911393488746
1494282.354473,-506.532790282885,345.13911393488746
1494290.710681,-506.532790282885,345.13911393488746
1494296.354506,-506.532790282885,345.13911393488746
1494303.353611,-506.532790282885,345.13911393488746
1494310.719825,-506.532790282885,345.13911393488746
1494318.708404,-506.532790282885,345.13911393488746
1494324.347397,-506.532790282885,345.13911393488746
1494332.731572,-506.532790282885,345.13911393488746
1494338.347499,-506.532790282885,345.13911393488746
1494346.70097,-506.532790282885,345.13911393488746
1494352.370811,-506.532790282885,345.13911393488746
1494359.58988,-506.532790282885,345.13911393488746
1494367.746864,-504.6142275814375,344.9223812027723
1494373.61457,-502.8544882311512,345.08756565457185
1494380.351552,-502.8544882311512,345.08756565457185
1494387.408399,-502.8544882311512,345.08756565457185
1494395.718599,-502.8544882311512,345.08756565457185
1494401.368265,-502.8544882311512,345.08756565457185
1494411.052692,-502.8544882311512,345.08756565457185
1494415.345054,-502.8544882311512,345.08756565457185
1494423.707387,-502.8544882311512,345.08756565457185
1494429.344192,-502.8544882311512,345.08756565457185
1494436.35211,-502.8544882311512,345.08756565457185
1494443.35289,-502.8544882311512,345.08756565457185
1494450.705104,-502.1429810351101,344.9729897862036
1494457.3491,-502.14295519443,344.97296346189233
1494465.706722,-502.14295519443,344.97296346189233
1494471.345593,-502.14295519443,344.97296346189233
1494479.708924,-502.14295519443,344.97296346189233
1494485.344387,-502.14295519443,344.97296346189233
1494492.389564,-502.3328796697143,343.8856955786947
1494499.345816,-502.33196732299257,343.88100924449424
1494507.704891,-502.33196732299257,343.88100924449424
1494514.06978,-502.33196732299257,343.88100924449424
1494520.351874,-502.33196732299257,343.88100924449424
1494527.708561,-502.33196732299257,343.88100924449424
1494536.188193,-502.33196732299257,343.88100924449424
1494541.348361,-502.33196732299257,343.88100924449424
1494548.349946,-502.33196732299257,343.88100924449424
1494555.354655,-502.33196732299257,343.88100924449424
1494562.328279,-502.33196732299257,343.88100924449424
1494571.298267,-502.33196732299257,343.88100924449424
1494576.407294,-502.33196732299257,343.88100924449424
1494583.427366,-502.33196732299257,343.88100924449424
1494591.706655,-502.33196732299257,343.88100924449424
1494597.443335,-502.33196732299257,343.88100924449424
1494604.345397,-502.33196732299257,343.88100924449424
1494611.353285,-490.6325429462028,327.7456933360634
1494618.351663,-465.02252469140376,331.6347829122772
1494625.366195,-409.80079488730365,352.6777398648601
1494625.938566,-371.1197994822509,365.7661265760318
1494632.346343,-281.35465020150724,394.8945005265624
1494639.344182,-193.81904839660447,424.1265741389817
1494646.350568,-120.17650514150851,450.0997937392431
1494653.348429,-45.526152604227306,403.6689333945719
1494660.34397,-20.124222304351488,373.78870855120846
1494668.705832,-20.124222304351488,373.78870855120846
1494674.586676,-20.124222304351488,373.78870855120846
1494681.967637,251.65150610515323,74.9139071214416
1494688.344387,281.3534846017323,34.91933521028946
1494695.353317,281.3534846017323,34.91933521028946
1494702.373446,281.3534846017323,34.91933521028946
1494709.346439,281.3534846017323,34.91933521028946
1494716.351909,281.3534846017323,34.91933521028946
1494724.707171,286.56879242786914,18.78973939900201
1494730.35168,245.99915815301333,-24.782607713852265
1494900.5967,339.09782266568044,-62.314238850246575
1494905.357136,353.7442915673615,-40.72396106685702
1494912.774302,312.1803635600955,18.09620891488097
1494919.357884,256.9594505669229,72.71441091014758
1494926.359999,225.26380040810585,109.19078748766955
1494933.362058,225.26380040810585,109.19078748766955
1494940.363556,225.26380040810585,109.19078748766955
1494947.366293,225.26380040810585,109.19078748766955
1494954.366608,-69.50161760088609,442.0787199709519
1494962.236173,-69.50161760088609,442.0787199709519
1494968.357533,-69.50161760088609,442.0787199709519
1494975.754097,-69.50161760088609,442.0787199709519
1494982.342954,-100.20991792707017,464.3765293366911
1494989.366753,-151.91857633223313,458.2509316907502
1494997.677528,-222.8570967178602,434.1134949560358
1495003.365489,-352.869653161963,391.6859404368069
1495011.71625,-434.4921464249064,364.6947448852851
1495017.368078,-460.6550836311454,385.3795758812013
1495024.360752,-511.11920671168855,378.68925963365024
1495033.124531,-509.83408596895777,367.8935068757554
1495038.362964,-505.3084386872944,358.6719737948634
1495045.366193,-505.02265070165686,348.20774359159446
1495053.718195,-505.02265070165686,348.20774359159446
1495059.367037,-504.2600643849128,335.4558011097888
1495066.369901,-504.2600643849128,335.4558011097888
1495073.363714,-504.2600643849128,335.4558011097888
1495081.67657,-504.2600643849128,335.4558011097888
1495087.363698,-504.2600643849128,335.4558011097888
1495094.368279,-504.2600643849128,335.4558011097888
1495101.366042,-504.2600643849128,335.4558011097888
1495109.711742,-504.2600643849128,335.4558011097888
1495115.36592,-504.2600643849128,335.4558011097888
1495123.760948,-504.2600643849128,335.4558011097888
1495129.366114,-504.2600643849128,335.4558011097888
1495136.956742,-498.2923051789669,319.97505489041873
1495143.36418,-498.2923051789669,319.97505489041873
1495151.723117,-498.2923051789669,319.97505489041873
1495157.359664,-498.2923051789669,319.97505489041873
1495165.721189,-498.2923051789669,319.97505489041873
1495171.367833,-498.2923051789669,319.97505489041873
1495178.364298,-498.2923051789669,319.97505489041873
1495186.721346,-498.2923051789669,319.97505489041873
1495193.138808,-498.2923051789669,319.97505489041873
1495199.364122,-498.2923051789669,319.97505489041873
1495208.642363,-498.2923051789669,319.97505489041873
1495213.365626,-498.2923051789669,319.97505489041873
1495220.715752,-498.2923051789669,319.97505489041873
1495227.36342,-498.2923051789669,319.97505489041873
1495234.363209,-498.2923051789669,319.97505489041873
1495241.363581,-498.2923051789669,319.97505489041873
1495249.717784,-498.2923051789669,319.97505489041873
1495255.359392,-498.2923051789669,319.97505489041873
1495263.72046,-498.2923051789669,319.97505489041873
1495269.339078,-498.2923051789669,319.97505489041873
1495276.359793,-498.2923051789669,319.97505489041873
1495284.720281,-498.2923051789669,319.97505489041873
1495290.368261,-498.2923051789669,319.97505489041873
1495297.71983,-498.2923051789669,319.97505489041873
1495306.123007,-498.2923051789669,319.97505489041873
1495311.360659,-498.2923051789669,319.97505489041873
1495318.718852,-498.2923051789669,319.97505489041873
1495325.363412,-500.641640435058,320.7511399783788
1495333.021809,-500.641640435058,320.7511399783788
1495340.719991,-500.641640435058,320.7511399783788
1495346.360365,-500.641640435058,320.7511399783788
1495353.866742,-500.641640435058,320.7511399783788
1495361.713632,-500.641640435058,320.7511399783788
1495368.000398,-500.641640435058,320.7511399783788
1495377.286968,-500.641640435058,320.7511399783788
1495381.34236,-500.641640435058,320.7511399783788
1495388.367402,-500.641640435058,320.7511399783788
1495395.345595,-500.641640435058,320.7511399783788
1495402.339437,-500.641640435058,320.7511399783788
1495409.584169,-500.641640435058,320.7511399783788
1495417.681468,-500.641640435058,320.7511399783788
1495423.698752,-497.2682683956305,320.2447521980354
1495430.688825,-473.4157361543535,322.9176372439538
1495437.342854,-416.7671714797145,342.06940427928504
1495444.346678,-317.46799565670733,377.8065650191231
1495451.71846,-244.00655128479133,402.9830754004804
1495458.343528,-177.05306597708832,427.64945297704605
1495465.34076,-113.61904088788474,443.5820616189439
1495474.352263,-61.500771679902414,464.4571882757371
1495479.352077,12.695717515912907,492.5328354522032
1495486.340902,90.22030884318818,520.6916324695667
1495493.343245,101.17678368399218,524.7001162372316
1495502.395409,142.7482131825503,542.5703423152814
1495507.343162,221.0807077982276,576.5946036454378
1495514.346419,296.7067266640606,611.5421123785359
1495521.361005,373.996436444642,646.6312328752293
1562654.617286,-587.8013220572132,696.9886503722003
1562659.940602,-558.9441180489833,714.9602132589453
1562665.941288,-526.4248456581993,731.3479126215826
1562672.964005,-486.5223883694315,748.2351726115152
1562683.678129,-472.8976065673037,753.6502655397398
1562693.149155,-462.4422385139071,758.0473251870638
1562693.935108,-458.2382029765292,748.9887514826005
1562700.943227,-449.3293042302375,738.5444178786862
1562708.001679,-433.09909357981786,716.1672001630827
1562715.141772,-415.9571432882051,651.0694201451724
1562721.975124,-412.3403997333213,642.1767422402729
1562733.389575,-391.027235287255,622.8349001286759
1562736.283604,-382.1148817130314,597.2730677596663
1562742.965121,-364.4826158282496,598.1098178740849
1562749.941341,-322.72125255425146,616.167606997269
1562756.990224,-274.2077176277531,636.3927897929597
1562766.348723,-259.57605787453474,634.5863847589436
1562770.943374,-251.03221604482607,588.7604354179375
1562777.972639,-221.6059671738486,589.7965424803061
1562785.514469,-221.60596537313927,589.7965404033816
1562791.971993,-211.1858579166395,588.8969878301122
1562803.257602,-151.73134877491682,587.6554474375937
1562805.939247,-105.8606020225729,595.8053893147389
1562813.007912,-86.6214099551269,603.9256329980985
1562819.997745,-79.23089617781405,646.3786358642245
1562827.473548,-83.13644989441198,677.9657385217331
1562836.903618,-120.99982494842628,709.7241920906181
1562841.139765,-175.8902806620606,756.1443105491416
1562848.000804,-201.86436678512888,783.1921100871316
1562856.353387,-218.15922996787756,801.8841864727452
1562861.996079,-260.526759333681,811.5545528056209
1562872.838518,-283.033440770294,831.5048789711846
1562875.997632,-298.572667973835,856.9981653083386
1562882.995678,-316.05220185103065,907.5138912306952
1570853.644575,-434.38819235990246,2.332616188097204
1570853.648194,-448.4828716704428,39.65701977661803
1570860.808967,-487.0047497371975,145.9984368560083
1570866.356719,-488.9644081416279,152.6193524911757
1570873.887731,-488.9644081416279,152.6193524911757
1570880.836204,-496.42105071751865,177.39726724958058
1570887.395943,-513.1866796740695,240.1162663774584
1570894.36104,-531.6134654783759,282.2755648771415
1570902.853467,-523.4419836772887,319.45505129237165
1570908.363011,-476.9158273753751,345.78503120902974
1570916.73075,-453.1075457653105,370.16474037199066
1570922.35948,-472.6871281994962,390.4497570694207
1570930.812827,-472.6871281994962,390.4497570694207
1570936.444127,-491.75893707818665,387.4478700808572
1570943.357747,-499.88471126470847,384.6673549494385
1570953.582814,-505.7174494204211,372.0320293100105
1570957.388451,-511.4199370335373,349.03069078444986
1570964.361659,-506.887901840316,321.69487305263885
1570972.809292,-478.36994666745744,310.65081328575053
1570978.360672,-429.9681010040176,332.02010229294143
1570985.777148,-345.04420743765564,383.4925680568004
1570992.351932,-281.52916249584257,410.8596006498932
1571001.131634,-242.35315382522623,420.7809852058285
1571006.356587,-160.09961582495131,440.1788823882023
1571017.390744,-121.80220685492344,453.433135339135
1571022.374155,-106.58616925676787,453.2735165575252
1571027.378005,-104.2259708717431,446.922215091824
1571034.373058,-104.2259708717431,446.922215091824
1571042.770743,-104.2259708717431,446.922215091824
1571049.452482,-104.2259708717431,446.922215091824
1571055.360818,-104.2259708717431,446.922215091824
1571062.355861,-104.2259708717431,446.922215091824
1571069.357138,-48.596640191348186,483.609192870653
1571076.355255,17.727911365612506,500.51382682000457
1571083.403096,66.80879483431204,515.9415495489322
1571094.189882,95.98410926407088,527.2016975320629
1571097.356473,95.98410926407088,527.2016975320629
1571104.361048,95.98410926407088,527.2016975320629
1571113.235914,95.98410926407088,527.2016975320629
1571118.353287,95.98410926407088,527.2016975320629
1571126.773658,95.98410926407088,527.2016975320629
1571132.357325,118.00579394932666,526.0735410090452
1571139.768843,118.00579394932666,526.0735410090452
1571146.361488,118.00579394932666,526.0735410090452
1571153.740198,118.08820917423468,525.4769738333096
1571160.358779,118.08820917423468,525.4769738333096
1571167.360321,118.08820917423468,525.4769738333096
1571175.814904,118.08820917423468,525.4769738333096
1571181.354463,118.08820917423468,525.4769738333096
1571190.405874,118.08820917423468,525.4769738333096
1571192.162033,118.08820917423468,525.4769738333096
1571198.661587,118.08820917423468,525.4769738333096
1571202.341934,118.08820917423468,525.4769738333096
1571212.461729,118.08820917423468,525.4769738333096
1571216.294454,118.08820917423468,525.4769738333096
1571223.638463,118.08820917423468,525.4769738333096
1571230.608399,118.08820917423468,525.4769738333096
1571237.355375,124.504133868702,534.6851705584069
1571244.359945,124.504133868702,534.6851705584069
1571252.709804,124.504133868702,534.6851705584069
1571258.50319,124.504133868702,534.6851705584069
1571265.36228,133.8419816839568,551.5991729178842
1571272.36241,133.8419816839568,551.5991729178842
1571279.353868,133.8419816839568,551.5991729178842
1571286.360434,133.8419816839568,551.5991729178842
1571302.043034,133.8419816839568,551.5991729178842
1571302.051278,133.8419816839568,551.5991729178842
1571307.362269,133.8419816839568,551.5991729178842
1571314.393803,133.8419816839568,551.5991729178842
1571321.360888,133.8419816839568,551.5991729178842
1571330.272862,133.8419816839568,551.5991729178842
1571336.77752,133.8419816839568,551.5991729178842
1571342.381828,133.8419816839568,551.5991729178842
1571353.291411,133.8419816839568,551.5991729178842
1571358.429872,133.8419816839568,551.5991729178842
1571360.880531,133.8419816839568,551.5991729178842
1571360.881167,133.8419816839568,551.5991729178842
1571377.818614,133.8419816839568,551.5991729178842
1571377.819303,133.8419816839568,551.5991729178842
1571381.783472,133.8419816839568,551.5991729178842
1571387.304631,136.20063621200808,553.0574003929765
1571394.300892,136.20063621200808,553.0574003929765
1571474.72308,136.2251470475898,553.2660517964524
1571474.72472,136.2251470475898,553.2660517964524
1571476.836352,136.2251470475898,553.2660517964524
1571483.846468,136.2251470475898,553.2660517964524
1571490.843792,136.2251470475898,553.2660517964524
1571497.80536,136.2251470475898,553.2660517964524
1571505.427347,138.79487295843893,551.5906650026409
1571512.13684,159.0425778345509,555.8666989080151
1571519.127461,159.0474315069844,555.8623468082127
1571525.807524,159.0474315069844,555.8623468082127
1571532.800271,159.0474315069844,555.8623468082127
1571539.803493,159.0474315069844,555.8623468082127
1571547.134161,159.0474315069844,555.8623468082127
1571553.83671,159.0474315069844,555.8623468082127
1571560.802344,159.0474315069844,555.8623468082127
1571567.873755,159.0474315069844,555.8623468082127
1571574.792943,159.0474315069844,555.8623468082127
1571581.801687,159.0474315069844,555.8623468082127
1571588.796756,159.0474315069844,555.8623468082127
1571595.841873,159.0474315069844,555.8623468082127
1571602.83718,159.0474315069844,555.8623468082127
1571611.366367,159.0474315069844,555.8623468082127
1571617.282174,159.0474315069844,555.8623468082127
1571623.844091,159.0474315069844,555.8623468082127
1571630.817309,159.0474315069844,555.8623468082127
1571637.824133,159.0474315069844,555.8623468082127
1571646.427611,159.0474315069844,555.8623468082127
1571651.811029,159.0474315069844,555.8623468082127
1571658.855287,159.0474315069844,555.8623468082127
1571665.846061,159.0474315069844,555.8623468082127
1571672.874223,159.0474315069844,555.8623468082127
1571680.256226,159.0474315069844,555.8623468082127
1571687.548144,159.0474315069844,555.8623468082127
1571693.824223,159.0474315069844,555.8623468082127
1571700.83132,159.0474315069844,555.8623468082127
1571707.828151,159.0474315069844,555.8623468082127
1571714.804337,159.0474315069844,555.8623468082127
1571722.474742,159.0474315069844,555.8623468082127
1571728.830674,159.0474315069844,555.8623468082127
1571735.849746,159.0474315069844,555.8623468082127
1571742.797508,159.0474315069844,555.8623468082127
1571749.802066,159.0474315069844,555.8623468082127
1571759.170877,159.0474315069844,555.8623468082127
1571763.808885,159.0474315069844,555.8623468082127
1571770.817008,159.0474315069844,555.8623468082127
1571777.815232,159.0474315069844,555.8623468082127
1571784.812554,159.0474315069844,555.8623468082127
1571794.035324,159.0474315069844,555.8623468082127
1571798.84215,159.0474315069844,555.8623468082127
1571805.90925,159.0474315069844,555.8623468082127
1571812.811039,159.0474315069844,555.8623468082127
1571819.867753,159.0474315069844,555.8623468082127
1571826.842137,159.0474315069844,555.8623468082127
1571833.805889,159.0474315069844,555.8623468082127
1571840.812536,159.0474315069844,555.8623468082127
1571847.845727,159.0474315069844,555.8623468082127
1571854.813726,159.0474315069844,555.8623468082127
1571861.822298,159.0474315069844,555.8623468082127
1571868.832839,159.0474315069844,555.8623468082127
1571875.804328,159.0474315069844,555.8623468082127
1571882.804826,159.0474315069844,555.8623468082127
1571892.518459,159.0474315069844,555.8623468082127
1571897.912393,159.0474315069844,555.8623468082127
1571903.820326,159.0474315069844,555.8623468082127
1571910.813434,165.95054096987,555.2954668052024
1571917.834358,168.80708747067058,555.0561477622872
1571925.080249,168.80708747067058,555.0561477622872
1571931.804452,168.80708747067058,555.0561477622872
1571938.831,168.80708747067058,555.0561477622872
1571945.819669,168.80708747067058,555.0561477622872
1571952.803938,168.80708747067058,555.0561477622872
1571959.853242,168.80708747067058,555.0561477622872
1571970.072757,168.80708747067058,555.0561477622872
1571973.799297,168.80708747067058,555.0561477622872
1571980.849277,168.80708747067058,555.0561477622872
1571987.842684,168.80708747067058,555.0561477622872
1571995.203414,168.80708747067058,555.0561477622872
1572001.803066,168.80708747067058,555.0561477622872
1572014.304274,168.80708747067058,555.0561477622872
1572018.052085,168.80708747067058,555.0561477622872
1572023.842381,168.80708747067058,555.0561477622872
1572029.810543,168.80708747067058,555.0561477622872
1572036.804403,168.80708747067058,555.0561477622872
1572046.057473,168.80708747067058,555.0561477622872
1572050.892795,168.80708747067058,555.0561477622872
1572057.82076,170.47148326059138,555.0080866281135
1572064.901639,180.39072230983547,559.5918754641813
1572071.800066,187.44341471120043,582.4049951316028
1572078.809004,187.44341978977263,582.4050773579347
1572085.846975,187.44341978977263,582.4050773579347
1572092.80774,187.44341978977263,582.4050773579347
1572099.80781,187.44341978977263,582.4050773579347
1572106.846366,187.44341978977263,582.4050773579347
1572113.821443,187.44341978977263,582.4050773579347
1572120.805615,187.44341978977263,582.4050773579347
1572127.833197,187.44341978977263,582.4050773579347
1572134.816109,187.44341978977263,582.4050773579347
1572141.820613,187.44341978977263,582.4050773579347
1572148.80436,187.44341978977263,582.4050773579347
1572155.854793,187.44341978977263,582.4050773579347
1572162.802351,187.44341978977263,582.4050773579347
1572169.852176,187.44341978977263,582.4050773579347
1572176.844055,187.44341978977263,582.4050773579347
1572183.833155,187.44341978977263,582.4050773579347
1572192.072487,187.44341978977263,582.4050773579347
1572197.835836,188.1853684688931,590.6492442853877
1572204.800499,187.60469096348285,591.8448230082812
1572211.811947,187.60469096348285,591.8448230082812
1572218.804927,187.60469096348285,591.8448230082812
1572225.811235,187.60469096348285,591.8448230082812
1572232.816769,187.60469096348285,591.8448230082812
1572240.352276,187.60469096348285,591.8448230082812
1572246.84615,187.60469096348285,591.8448230082812
1572254.849858,187.60469096348285,591.8448230082812
1572260.834735,187.60469096348285,591.8448230082812
1572268.973807,187.60469096348285,591.8448230082812
1572274.852002,187.60469096348285,591.8448230082812
1572282.134766,187.60469096348285,591.8448230082812
1572288.880492,187.60469096348285,591.8448230082812
1572296.418344,184.8778118237187,594.0671187253433
1572302.83262,197.7406365351156,604.8147536977974
1572310.273886,224.8342846254647,619.1779289641565
1572311.428,240.29111392338385,629.2058797429974
1572317.881591,253.4960308487575,640.7686919998655
1572324.611551,303.50542815679296,666.9440511010376
1572331.284516,345.27878502482207,689.6656774162086
1572337.812892,389.6486895786855,715.4632389661139
1572345.053247,433.7549546446669,738.1324817124722
1572351.83475,455.0046394894004,731.7720433966118
1574303.59268,437.36402793217326,142.19292737784045
1574310.609533,420.5529692979253,124.11462609313028
1574317.571099,420.5529692979253,124.11462609313028
1574324.612393,398.2749863715546,108.0790972313192
1574331.605647,353.1107274004937,78.51246109843349
1574338.606358,305.44192485769884,44.36791565110455
1574345.560911,239.71759721655647,75.44161119579447
1574352.642964,214.75894855196137,106.69370184033626
1574359.574252,214.75894855196137,106.69370184033626
1574366.570174,214.75894855196137,106.69370184033626
1574373.572662,214.75894855196137,106.69370184033626
1574380.606629,-92.56045072211184,453.69468852703386
1574387.55901,-132.14342696301105,465.3888445493311
1574394.602077,-183.1522699987263,451.6986568379911
1574401.921078,-263.85638667596913,412.27495076945655
1574408.575912,-316.28136377804015,400.0602127897042
1574417.00429,-363.9875826965659,377.1552241408239
1574422.586257,-440.3218733274675,361.4511714631549
1574430.205464,-465.4623898677213,392.4092148349608
1574436.707776,-496.9978246039144,387.6678157130763
1574443.564258,-511.58279949677234,371.1129783319893
1574450.604841,-511.58279949677234,371.1129783319893
1574457.908013,-511.58279949677234,371.1129783319893
1574464.928869,-511.58279949677234,371.1129783319893
1574472.172282,-511.58279949677234,371.1129783319893
1574478.981591,-511.58279949677234,371.1129783319893
1574486.589221,-505.0540681782375,359.47972652505246
1574492.900481,-505.0540681782375,359.47972652505246
1574499.621722,-505.0540681782375,359.47972652505246
1574506.939186,-505.0540681782375,359.47972652505246
1574513.624846,-505.0540681782375,359.47972652505246
1574522.570659,-505.0540681782375,359.47972652505246
1574527.606252,-505.0540681782375,359.47972652505246
1574534.906468,-505.0540681782375,359.47972652505246
1574541.610879,-505.0540681782375,359.47972652505246
1574549.295805,-505.0540681782375,359.47972652505246
1574555.610598,-505.0540681782375,359.47972652505246
1574562.652144,-505.0540681782375,359.47972652505246
1574570.436681,-505.0540681782375,359.47972652505246
1574576.618363,-505.0540681782375,359.47972652505246
1574584.164054,-505.0540681782375,359.47972652505246
1574590.905341,-505.0540681782375,359.47972652505246
1574597.948722,-505.0540681782375,359.47972652505246
1574604.60788,-505.0540681782375,359.47972652505246
1574611.893304,-505.0540681782375,359.47972652505246
1574618.972558,-505.0540681782375,359.47972652505246
1574625.611758,-505.0540681782375,359.47972652505246
1574633.65269,-505.0540681782375,359.47972652505246
1574639.621648,-505.0540681782375,359.47972652505246
1574646.578506,-505.0540681782375,359.47972652505246
1574653.608085,-505.0540681782375,359.47972652505246
1574660.58405,-505.0540681782375,359.47972652505246
1574668.411988,-505.0540681782375,359.47972652505246
1574674.581724,-505.0540681782375,359.47972652505246
1574681.605837,-505.0540681782375,359.47972652505246
1574689.056232,-501.494723594529,347.7133497204543
1574695.616825,-498.4685076774476,339.7293708200576
1574696.247611,-498.4685076774476,339.7293708200576
1574704.396673,-498.4685076774476,339.7293708200576
1574709.919775,-498.4685076774476,339.7293708200576
1574716.565576,-498.4685076774476,339.7293708200576
1574725.82762,-498.0237545820895,337.6993372427808
1574730.605846,-498.0237545820895,337.6993372427808
1574737.994092,-498.0237545820895,337.6993372427808
1574744.620405,-498.0237545820895,337.6993372427808
1574751.990223,-498.0237545820895,337.6993372427808
1574758.602701,-498.0237545820895,337.6993372427808
1574765.666206,-498.0237545820895,337.6993372427808
1574773.025293,-498.0237545820895,337.6993372427808
1574780.160845,-498.0237545820895,337.6993372427808
1574786.912769,-498.0237545820895,337.6993372427808
1574793.909675,-498.0237545820895,337.6993372427808
1574800.577444,-498.0237545820895,337.6993372427808
1574808.022451,-498.0237545820895,337.6993372427808
1574814.619948,-498.0237545820895,337.6993372427808
1574823.081079,-498.0237545820895,337.6993372427808
1574828.576381,-498.0237545820895,337.6993372427808
1574836.024685,-498.0237545820895,337.6993372427808
1574842.600603,-498.7685668152652,337.3149866008336
1574849.965257,-498.7685668152652,337.3149866008336
1574856.972774,-499.4522975236142,337.44278792370227
1574863.581433,-499.4522975236142,337.44278792370227
1574870.579386,-499.4522975236142,337.44278792370227
1574877.596214,-499.4522975236142,337.44278792370227
1574885.758239,-499.4522975236142,337.44278792370227
1574891.920503,-499.4522975236142,337.44278792370227
1574899.655101,-499.4522975236142,337.44278792370227
1574907.537963,-499.4522975236142,337.44278792370227
1574912.920816,-499.4522975236142,337.44278792370227
1574919.916578,-499.4522975236142,337.44278792370227
1574926.921137,-499.4522975236142,337.44278792370227
1574933.622904,-499.4522975236142,337.44278792370227
1574940.642819,-499.4522975236142,337.44278792370227
1574947.930311,-499.4522975236142,337.44278792370227
1574954.934293,-499.4522975236142,337.44278792370227
1574961.957455,-499.4522975236142,337.44278792370227
1574968.600568,-499.4522975236142,337.44278792370227
1574976.246086,-499.4522975236142,337.44278792370227
1574982.621864,-499.4522975236142,337.44278792370227
1574989.615826,-499.4522975236142,337.44278792370227
1574996.645242,-499.4522975236142,337.44278792370227
1575003.61627,-499.4522975236142,337.44278792370227
1575010.611655,-499.4522975236142,337.44278792370227
1575017.926022,-499.4522975236142,337.44278792370227
1575024.633307,-499.877827128435,337.76061978521795
1575033.657867,-499.8778263317063,337.760621052858
1575038.614485,-499.8778263317063,337.760621052858
1575045.584896,-499.8778263317063,337.760621052858
1575053.71606,-499.8778263317063,337.760621052858
1575059.620931,-499.8778263317063,337.760621052858
1575066.97227,-499.8778263317063,337.760621052858
1575073.915413,-499.8778263317063,337.760621052858
1575080.919531,-499.8778263317063,337.760621052858
1575087.936578,-499.8778263317063,337.760621052858
1575094.930088,-499.8778263317063,337.760621052858
1575102.034239,-499.8778263317063,337.760621052858
1575108.605925,-499.8778263317063,337.760621052858
1575116.033223,-499.8778263317063,337.760621052858
1575122.622716,-499.8778263317063,337.760621052858
1575130.879703,-499.8778263317063,337.760621052858
1575137.931262,-499.8778263317063,337.760621052858
1575143.639131,-499.8778263317063,337.760621052858
1575150.925766,-499.8778263317063,337.760621052858
1575157.920301,-499.8778263317063,337.760621052858
1575165.093439,-499.8778263317063,337.760621052858
1575171.920995,-499.8778263317063,337.760621052858
1575178.630151,-499.8778263317063,337.760621052858
1575185.579678,-499.8778263317063,337.760621052858
1575193.083347,-499.8778263317063,337.760621052858
1575200.028657,-499.8778263317063,337.760621052858
1575207.476173,-499.8778263317063,337.760621052858
1575213.629019,-499.8778263317063,337.760621052858
1575220.638824,-500.3290507688508,339.17432746472576
1575228.082058,-500.3290940107865,339.1743655497901
1575234.590465,-500.3290940107865,339.1743655497901
1575241.602399,-500.3290940107865,339.1743655497901
1575248.614391,-500.3290940107865,339.1743655497901
1575255.683174,-500.3290940107865,339.1743655497901
1575262.616485,-500.3290940107865,339.1743655497901
1575269.923198,-500.3290940107865,339.1743655497901
1575276.917893,-500.3290940107865,339.1743655497901
1575283.913922,-500.3290940107865,339.1743655497901
1575290.617349,-500.3290940107865,339.1743655497901
1575299.949387,-500.3290940107865,339.1743655497901
1575304.597423,-500.3290940107865,339.1743655497901
1575313.979865,-500.3290940107865,339.1743655497901
1575318.619925,-500.3290940107865,339.1743655497901
1575327.363134,-500.3290940107865,339.1743655497901
1575332.928459,-500.3290940107865,339.1743655497901
1575339.918905,-500.3290940107865,339.1743655497901
1575346.933393,-500.3290940107865,339.1743655497901
1575353.650989,-500.3290940107865,339.1743655497901
1575360.913613,-500.3290940107865,339.1743655497901
1575367.639893,-500.3290940107865,339.1743655497901
1575374.919869,-500.3290940107865,339.1743655497901
1575381.919262,-500.3290940107865,339.1743655497901
1575388.636023,-500.3290940107865,339.1743655497901
1575395.692191,-501.2129293876279,339.4056306821382
1575402.583307,-501.2129293876279,339.4056306821382
1575409.616881,-501.2129293876279,339.4056306821382
1575416.618692,-500.9426904289601,340.5043758514868
1575423.640135,-500.9426904372148,340.50437586314905
1575431.346219,-500.9426904372148,340.50437586314905
1575438.812406,-500.9426904372148,340.50437586314905
1575444.631879,-500.9426904372148,340.50437586314905
1575452.004719,-500.9426904372148,340.50437586314905
1575458.633528,-500.9426904372148,340.50437586314905
1575466.102047,-500.9426904372148,340.50437586314905
1575472.797993,-500.9426904372148,340.50437586314905
1575480.963986,-500.9426904372148,340.50437586314905
1575486.62232,-500.9426904372148,340.50437586314905
1575493.612147,-500.9426904372148,340.50437586314905
1575501.504402,-500.9426904372148,340.50437586314905
1575508.641417,-500.9426904372148,340.50437586314905
1575514.622026,-500.9426904372148,340.50437586314905
1575523.272364,-500.9426904372148,340.50437586314905
1575528.936465,-500.9426904372148,340.50437586314905
1575536.32636,-500.9426904372148,340.50437586314905
1575543.88205,-500.9426904372148,340.50437586314905
1575549.639475,-500.9426904372148,340.50437586314905
1575557.048175,-500.9426904372148,340.50437586314905
1575564.247526,-500.9426904372148,340.50437586314905
1575571.689873,-500.9426904372148,340.50437586314905
1575578.411851,-500.9426904372148,340.50437586314905
1575586.014326,-500.9426904372148,340.50437586314905
1575591.918993,-500.9426904372148,340.50437586314905
1575598.618028,-500.9426904372148,340.50437586314905
1575605.943908,-500.9426904372148,340.50437586314905
1575612.621211,-498.93582718839536,342.7654696774578
1575619.631187,-500.1538989730675,345.0941066463972
1575626.621654,-501.4171969441098,345.8958564188006
1575634.283313,-501.6436102054155,345.85227550905086
1575640.627085,-501.6436102054155,345.85227550905086
1575648.164955,-501.6436102054155,345.85227550905086
1575655.197619,-501.6436102054155,345.85227550905086
1575662.241421,-501.6436102054155,345.85227550905086
1575668.609401,-500.8710183394971,344.12181705318727
1575675.937349,-500.4877496968441,344.2220513947104
1575682.923661,-501.86711627220006,346.24583479577353
1575689.960931,-503.3439353568343,346.36981240002603
1575697.192227,-502.4548990358476,346.9151698262661
1575703.926954,-501.1028597996017,347.7732088526529
1575710.939926,-500.4703658281277,349.21231795443566
1575717.621661,-499.9652996637533,349.7418769465037
1575725.717384,-502.01920166014935,347.89478297164385
1575731.659887,-503.6679481801921,346.7484124383021
1575739.020761,-503.7166922511103,346.5491534420738
1575745.666548,-503.7166922511103,346.5491534420738
1575752.680335,-503.7166922511103,346.5491534420738
1575760.443118,-503.7166922511103,346.5491534420738
1575766.928327,-503.7166922511103,346.5491534420738
1575773.916309,-503.7166922511103,346.5491534420738
1575781.132688,-503.7166922511103,346.5491534420738
1575787.867156,-503.7166922511103,346.5491534420738
1575794.614831,-503.7166922511103,346.5491534420738
1575801.587827,-503.7166922511103,346.5491534420738
1575808.909313,-503.7166922511103,346.5491534420738
1575816.188183,-503.7166922511103,346.5491534420738
1575823.742496,-503.7166922511103,346.5491534420738
1575834.8212,-502.9699416559027,346.03022845844055
1575837.232403,-502.9691000598413,346.0250047508562
1575844.563381,-502.9691000598413,346.0250047508562
1575850.920287,-502.9691000598413,346.0250047508562
1575857.579728,-502.9691000598413,346.0250047508562
1575864.624121,-502.9691000598413,346.0250047508562
1575871.688141,-502.9691000598413,346.0250047508562
1575879.711352,-502.9691000598413,346.0250047508562
1575889.412022,-502.9691000598413,346.0250047508562
1575892.668003,-502.9691000598413,346.0250047508562
1575900.321927,-502.9691000598413,346.0250047508562
1575906.65766,-502.9691000598413,346.0250047508562
1575913.641752,-502.9691000598413,346.0250047508562
1575921.123825,-502.9691000598413,346.0250047508562
1575928.045613,-502.9691000598413,346.0250047508562
1575934.914594,-502.9691000598413,346.0250047508562
1575941.590207,-502.9691000598413,346.0250047508562
1575948.919336,-502.9691000598413,346.0250047508562
1575957.636365,-502.9691000598413,346.0250047508562
1575962.684912,-502.9691000598413,346.0250047508562
1575970.06817,-502.9691000598413,346.0250047508562
1575977.95562,-502.9691000598413,346.0250047508562
1575983.584708,-502.9691000598413,346.0250047508562
1575991.681539,-502.9691000598413,346.0250047508562
1575997.908018,-502.9691000598413,346.0250047508562
1576005.151613,-502.9691000598413,346.0250047508562
1576012.009205,-502.9691000598413,346.0250047508562
1576018.907206,-502.9691000598413,346.0250047508562
1576025.624489,-502.9691000598413,346.0250047508562
1576032.917879,-502.9691000598413,346.0250047508562
1576039.641312,-497.1147372852792,338.38994639864325
1576047.058568,-495.1562127564261,337.9844651602908
1576054.235253,-495.31185716354514,340.52292781452724
1576060.916764,-495.7063807003647,343.01298638494075
1576069.029454,-495.7050164249795,343.0107211395926
1576075.204217,-495.7050164249795,343.0107211395926
1576081.655264,-495.7050164249795,343.0107211395926
1576089.060763,-495.7050164249795,343.0107211395926
1576095.918369,-495.7050164249795,343.0107211395926
1576102.918456,-495.7050164249795,343.0107211395926
1576109.663186,-494.8890818587783,340.997800230577
1576116.924525,-494.4234451665705,337.77666921125154
1576124.193463,-494.4225569096426,337.7710921951677
1576131.679861,-493.3183463721207,337.17265715286715
1576137.628817,-493.0942728158221,336.97457163055896
1576144.938304,-493.09425912388633,336.9745579572119
1576151.930911,-493.09425912388633,336.9745579572119
1576158.582223,-493.09425912388633,336.9745579572119
1576167.320733,-493.09425912388633,336.9745579572119
1576172.633556,-493.09425912388633,336.9745579572119
1576179.92485,-493.09425912388633,336.9745579572119
1576187.355873,-493.09425912388633,336.9745579572119
1576193.913396,-493.58077231800576,336.50921759015154
1576200.830193,-493.580797868149,336.5091764273377
1576207.724462,-493.8879545308701,335.1314286788298
1576215.503707,-493.8879545308701,335.1314286788298
1576221.588106,-493.0771959062846,334.60137263251954
1576228.611663,-489.39922484503074,333.44360635402137
1576235.616998,-489.0923132782164,332.3261889328355
1576243.283385,-488.7909308414629,331.35554651255325
1576249.911211,-487.5617355478971,331.5546756935998
1576256.633827,-488.7610877759412,330.91378448028183
1576263.803258,-488.7610877759412,330.91378448028183
1576270.623422,-488.7610877759412,330.91378448028183
1576277.598724,-488.7610877759412,330.91378448028183
1576286.355873,-486.8027422809825,331.7213666589392
1576291.622616,-486.1865911429696,333.1140018286512
1576298.919793,-486.1865911429696,333.1140018286512
1576306.749022,-486.1865911429696,333.1140018286512
1576312.905006,-486.1865911429696,333.1140018286512
1576319.926388,-486.1865911429696,333.1140018286512
1576326.617601,-486.1865911429696,333.1140018286512
1576333.918201,-486.1865911429696,333.1140018286512
1576341.268856,-486.1865911429696,333.1140018286512
1576347.93795,-486.1865911429696,333.1140018286512
1576354.614786,-486.1865911429696,333.1140018286512
1576362.348382,-486.1865911429696,333.1140018286512
1576368.624097,-486.1865911429696,333.1140018286512
1576376.205181,-486.1865911429696,333.1140018286512
1576382.924492,-486.1865911429696,333.1140018286512
1576389.995038,-486.1865911429696,333.1140018286512
1576396.924927,-486.1865911429696,333.1140018286512
1576403.580769,-486.1865911429696,333.1140018286512
1576411.542006,-486.1865911429696,333.1140018286512
1576417.936492,-486.1865911429696,333.1140018286512
1576424.939489,-486.1865911429696,333.1140018286512
1576431.94034,-486.1865911429696,333.1140018286512
1576438.645019,-486.1865911429696,333.1140018286512
1576447.774961,-486.1865911429696,333.1140018286512
1576452.622115,-486.1865911429696,333.1140018286512
1576459.927799,-486.1865911429696,333.1140018286512
1576468.30283,-487.31149486678976,331.8734187822592
1576473.920045,-487.3198415126264,331.87154009884097
1576480.698552,-487.3198415126264,331.87154009884097
1576487.698374,-487.3198415126264,331.87154009884097
1576495.22488,-487.3198415126264,331.87154009884097
1576501.924422,-487.3198415126264,331.87154009884097
1576508.697849,-487.3198415126264,331.87154009884097
1576516.763257,-487.3198415126264,331.87154009884097
1576522.848016,-487.3198415126264,331.87154009884097
1576530.582366,-487.3198415126264,331.87154009884097
1576536.92348,-487.3198415126264,331.87154009884097
1576543.993062,-487.3198415126264,331.87154009884097
1576550.603516,-487.3198415126264,331.87154009884097
1576559.476749,-487.3478226757944,332.1468513586348
1576565.225442,-487.7317027469868,332.1558834609491
1576571.594096,-487.7317392259442,332.1558826714573
1576578.639728,-487.7317392259442,332.1558826714573
1576585.621331,-487.7317392259442,332.1558826714573
1576592.64128,-487.7317392259442,332.1558826714573
1576599.622813,-487.7317392259442,332.1558826714573
1576606.921807,-487.7317392259442,332.1558826714573
1576614.094839,-487.7317392259442,332.1558826714573
1576622.53017,-487.7317392259442,332.1558826714573
1576627.937615,-487.7317392259442,332.1558826714573
1576634.948857,-487.7317392259442,332.1558826714573
1576641.929578,-487.7317392259442,332.1558826714573
1576648.693772,-487.7317392259442,332.1558826714573
1576655.991603,-487.7317392259442,332.1558826714573
1576663.303949,-487.7317392259442,332.1558826714573
1576671.355268,-487.7317392259442,332.1558826714573
1576677.887618,-487.7317392259442,332.1558826714573
1576686.482145,-487.7317392259442,332.1558826714573
1576690.70113,-487.7317392259442,332.1558826714573
1576698.241169,-487.7317392259442,332.1558826714573
1576705.118091,-487.7317392259442,332.1558826714573
1576711.651259,-487.7317392259442,332.1558826714573
1576718.711558,-487.7317392259442,332.1558826714573
1576725.976795,-487.7317392259442,332.1558826714573
1576732.929815,-487.7317392259442,332.1558826714573
1576739.938518,-487.7317392259442,332.1558826714573
1576747.741716,-487.7317392259442,332.1558826714573
1576754.567116,-487.7317392259442,332.1558826714573
1576760.927925,-487.7317392259442,332.1558826714573
1576767.62488,-487.7317392259442,332.1558826714573
1576774.920362,-487.7317392259442,332.1558826714573
1576781.948154,-488.0778027727642,331.01057572991004
1576789.062349,-487.8269349626427,328.5788313227279
1576796.163333,-487.8269349626427,328.5788313227279
1576802.985376,-487.8269349626427,328.5788313227279
1576810.281768,-487.8269349626427,328.5788313227279
1576816.698024,-487.8269349626427,328.5788313227279
1576823.63205,-488.017853289601,326.51507977761634
1576830.719361,-461.69650717936986,335.98179526624625
1576838.146381,-450.21453692608605,376.0879401764992
1576844.640515,-487.993625406407,386.01494372409326
1576853.316835,-539.0441869622226,363.6585455784098
1576858.641925,-572.203379830277,377.2906752137324
1576868.822608,-581.9506121392043,404.9758841555877
1576872.670405,-581.9506121392043,404.9758841555877
1576888.16967,-581.9506121392043,404.9758841555877
1576888.550064,-581.9506121392043,404.9758841555877
1576894.433209,-581.9506121392043,404.9758841555877
1576907.825696,-581.9506121392043,404.9758841555877
1576908.541829,-581.9506121392043,404.9758841555877
1576915.995126,-581.9506121392043,404.9758841555877
1576925.253792,-596.3913861841128,415.7453227645654
1579393.260901,292.1320882552216,894.9190228223385
1579399.637336,262.796647328187,836.943665184694
1579406.698285,141.84156206138155,775.879982475587
1579413.925419,95.77173192565937,734.637512818979
1579420.935647,118.87223530095623,666.1379070281453
1579427.949616,153.69359312634907,602.7792499953268
1579434.946625,133.35733067405894,571.6094105201795
1579441.938908,102.85807847003242,534.8733588922023
1579448.934078,52.41633923300997,509.1252391116626
1579455.636198,22.66835519380929,497.8747213385225
1579462.940169,-28.65102268403527,476.4791311566551
1579469.938585,-104.0949046151898,466.9030068159835
1579476.640127,-138.50084515812188,521.6339820246218
1579483.640349,-178.77287271899124,567.0850171819708
1579490.640333,-188.98906329322503,577.3945542734136
1579497.76474,-188.98906329322503,577.3945542734136
1579506.680847,-188.98906329322503,577.3945542734136
1579511.606677,-195.8481597927349,574.7380406499178
1579518.606866,-240.58042110502808,623.3579909711705
1579527.886189,-284.8927230824664,673.1794945757724
1579532.632107,-333.2318319571771,711.5742286895093
1579538.707054,-333.2318319571771,711.5742286895093
1579540.301801,-351.52894942847223,752.9018383461024
1579546.632467,-360.6989629638617,770.0448482315651
1579555.472446,-360.6989629638617,770.0448482315651
1579560.973334,-360.6989629638617,770.0448482315651
1579569.522017,-360.6989629638617,770.0448482315651
1579574.96147,-360.6989629638617,770.0448482315651
1579581.949266,-360.6989629638617,770.0448482315651
1579593.240104,-360.6989629638617,770.0448482315651
1579595.943993,-395.5728089105025,787.387264617896
1579602.952443,-468.2608952149364,743.5094438822043
1579609.958612,-529.6570832983755,711.5060094322763
1579950.66128,-333.2318319571771,711.5742286895093
1579951.185693,-333.2318319571771,711.5742286895093
1580330.949937,291.31744020973343,909.568858107108
1580337.935863,293.37262352515995,903.845785601298
1580344.916607,293.37262352515995,903.845785601298
1580351.923394,293.37262352515995,903.845785601298
1580358.601595,295.9663981023622,880.4450441899763
1580365.924959,317.5329647597174,834.5026425185592
1580372.583608,400.5348958935044,764.9099023079226
1732215.900898,425.8136610248511,123.24672222437478
1732223.882737,384.35705104934834,91.41418569113844
1732229.881437,342.6843025191962,65.91670981839701
1732237.045965,303.86158340496974,39.95776935118259
1732244.572185,303.86158340496974,39.95776935118259
1732250.876123,303.86158340496974,39.95776935118259
1732257.879932,303.86158340496974,39.95776935118259
1732266.217195,303.86158340496974,39.95776935118259
1732271.882048,284.8753037389137,35.2275390698862
1732279.705379,245.28172936274024,86.64435781877073
1732287.548364,231.7763712163496,109.69834023757832
1732292.883668,231.7763712163496,109.69834023757832
1732300.259678,231.7763712163496,109.69834023757832
1732306.88101,231.7763712163496,109.69834023757832
1732313.885036,231.7763712163496,109.69834023757832
1732320.878035,-87.55438661389024,450.7557559955296
1732327.891749,-111.9322208302845,465.2862160324544
1732334.878794,-136.1861593886294,460.26858841214255
1732343.257619,-155.74814972816492,456.15573897865033
1732348.898602,-190.52689450558236,431.01011541066094
1732355.903325,-220.2640328488208,415.8238459823356
1732364.348508,-246.0177274873936,390.49056160832527
1732369.900046,-327.0343727247672,387.89036592305
1732377.255114,-363.7325478493596,384.4372129435096
1732383.881246,-396.1565320493736,366.1761370569329
1732391.825357,-439.0503326039387,379.05137332128936
1732397.876997,-460.4747661752808,402.62864583037685
1732409.17896,-480.13609157964737,397.555299442576
1732411.882715,-508.0959609394393,381.7846227344397
1732418.991975,-514.9674342971415,380.2592694175928
1732428.577996,-523.8755262154712,377.7419885388287
1732434.465271,-523.8755262154712,377.7419885388287
1732439.874231,-523.8755262154712,377.7419885388287
1732448.465416,-533.3123068849696,373.83465281752393
1732453.888036,-533.3123068849696,373.83465281752393
1732462.967815,-547.9855199378376,392.2212794970145
1732467.905826,-561.2140051790527,411.3080320071718
1732474.896592,-573.290691902489,428.28517425803926
1732483.924504,-588.4007812310726,432.3156901868208
1734291.54488,-589.8786031124921,421.7476017019527
1734297.82782,-585.870683594621,425.363484056884
1734315.782479,-566.2913701275432,409.68253755628376
1734315.788617,-556.3134046919149,369.5529294407359
1734335.056467,-547.9606523788929,334.3727743924921
1734335.061558,-533.4003964668856,296.7590874570787
1734335.869208,-533.250237342068,278.5967260322504
1734335.869837,-533.250237342068,278.5967260322504
1734337.528624,-533.250237342068,278.5967260322504
1734345.345735,-527.5721935733176,253.02943756545145
1734351.539205,-524.3942853876937,239.6357931972511
1734359.146602,-523.748048610864,227.2473409570385
1734365.485021,-510.4023776166451,197.52723493918472
1734373.780181,-497.9146802232374,170.46044601151831
1734379.512239,-492.9235931657014,151.04991724148638
1734387.130566,-480.72854797784174,112.76204765411369
1734393.871559,-475.1401173330735,85.24635436697248
1734401.265828,-476.5963482372285,73.37406079947296
1734407.887616,-476.1314753121224,68.92525564715568
1734415.139286,-476.1314753121224,68.92525564715568
1734421.553215,-462.3347617179563,30.15110276749781
1734428.532799,-462.3347617179563,30.15110276749781
1734435.840093,-462.3347617179563,30.15110276749781
1734442.813813,-462.3347617179563,30.15110276749781
1734449.820529,-462.3347617179563,30.15110276749781
1734456.824288,-462.3347617179563,30.15110276749781
1734463.550622,-470.5959500911199,14.102674743532676
1734470.81968,-470.6908039168101,-5.0120929737756335
1734478.950741,-470.6908039168101,-5.0120929737756335
1734484.661472,-456.68509157508646,-18.699964734786743
1734491.542721,-441.5887658588654,-49.89789179838615
1735645.277823,-611.2873393845596,691.6882376095627
1735652.949148,-606.1106443909662,694.9085795277074
1735657.724606,-596.0986693599898,703.7331754205028
1735669.264787,-584.9418107081061,703.0453281262213
1735677.820007,-570.1865188826273,709.4508142991814
1735678.759594,-553.6209278557758,718.6479291038921
1735686.051036,-539.2716995951783,726.6170485741295
1735693.476507,-525.0721348563607,731.5095345903374
1735734.154769,-439.51373936813104,740.1574498990732
1735734.155451,-439.51373936813104,740.1574498990732
1735735.496967,-431.99825627250505,727.6743343642779
1735742.498993,-423.8783265550288,702.9968230851484
1735749.558917,-425.7460527012132,699.3439930245719
1735756.808048,-409.4402751130319,663.5631197379619
1735763.476305,-391.7476051121324,633.8455208146067
1735770.558162,-379.5750233481869,615.7217706679196
1735777.7829,-368.1542089281927,607.1246483586813
1735784.804632,-346.7028222798237,621.1729240371652
1735791.777019,-319.33296005964297,621.662362069517
1735798.492229,-300.3895648669963,626.9075272326328
1735805.821793,-299.77148532457204,622.3379378063388
1735813.475075,-299.7626546524544,614.1349139886413
1735819.496714,-297.0566284399178,599.8504213078514
1735826.791719,-288.4591255519037,592.0907599665605
1735834.475659,-280.92265351990466,579.4384236932307
1735840.797966,-248.5115799086606,571.865331724715
1735847.807968,-221.24148674723816,573.0394698197088
1735854.456439,-204.11970804389784,574.9392356256087
1735861.491774,-167.0310175176554,584.7972681948874
1735868.44826,-109.01675661238716,600.3157737307091
1735875.793196,-92.24403974707938,596.5837316893009
1735882.488637,-82.6744879726916,629.9733609722455
1735889.795118,-72.19717379750884,657.5226642431552
1735896.46494,-65.62595575159585,661.9592102082977
1735906.106716,-8.716728008402523,627.7527746076239
1735910.498126,23.45949981467413,599.7480376602222
1735917.868944,32.6643724453903,595.9591886326531
1735924.520057,33.718833708936266,596.5813559938305
1735932.728925,43.72274747013204,590.6087825003075
1735941.599751,51.1455199717234,580.9360623257062
1735947.663055,58.96849568655875,571.061837236209
1735952.496798,60.84288907132368,568.8308717532179
1735960.11315,61.55101332029575,568.2021515953228
1735966.488824,65.15294066482626,564.6125974848527
1735973.801371,63.68920972219205,565.4443155011274
1735980.45032,63.182621533149614,564.5525702615113
1735987.492241,61.18403599566908,566.9305365144967
1735994.788336,61.18403599566908,566.9305365144967
1736001.787075,61.304572953266,567.494959172154
1736008.789288,56.849956779766245,564.8494816682672
1736015.972942,56.84924932416783,564.8530517929316
1736023.239921,71.5180252852369,557.9402479502397
1736029.789359,130.52438827997403,540.2313786670991
1736036.801075,191.9995586611527,569.1128219107921
1736043.598776,257.12820892452066,598.3899980765898
1736050.782627,369.9113284596025,645.5264533762074
1736057.459323,444.8579570434045,682.0047999918197
1740943.647032,300.1808053569637,867.8007656205663
1740950.55695,301.6046398037873,862.661379412259
1740957.560439,301.6046398037873,862.661379412259
1740964.77185,301.6046398037873,862.661379412259
1740971.541477,291.4790691193345,874.3045594126758
1740978.555453,252.55523819811287,849.7715726269465
1740985.572898,130.03511427962235,795.96058730786
1740992.302832,99.81948120806712,723.27072029044
1741003.034771,131.01556719230504,650.3226257997239
1741007.595944,150.26570243966967,613.4221843364676
1741013.819598,150.26570243966967,613.4221843364676
1741020.857571,150.26570243966967,613.4221843364676
1741027.211867,126.59271661367086,557.3484184411273
1741035.03005,117.25940127193284,552.7422110465252
1741041.579088,117.25940127193284,552.7422110465252
1741048.550606,117.25940127193284,552.7422110465252
1741055.578578,117.25940127193284,552.7422110465252
1741062.217266,117.25940127193284,552.7422110465252
1741069.261164,117.25940127193284,552.7422110465252
1741077.091822,117.25940127193284,552.7422110465252
1741083.282011,117.25940127193284,552.7422110465252
1741090.588108,117.75209732935171,554.7472290499396
1741097.273698,165.32448135484077,506.2554565475649
1741104.563994,189.20919622911572,483.67381362202974
1741111.566676,164.9520979626466,452.3673239643508
1741118.228196,114.83932983864808,428.26895292681456
1741126.475322,62.81270078401176,417.96111114844655
1741132.251974,-6.8115250739238045,415.8128623104716
1741139.220674,-35.06129648909842,408.450942866973
1741148.022398,-51.96352772989037,419.6072309775783
1741153.245776,-54.09741486349757,427.1786312481378
1741160.237289,-54.09741486349757,427.1786312481378
1741167.223264,-54.09741486349757,427.1786312481378
1741174.26099,-54.09741486349757,427.1786312481378
1741181.551788,-54.09741486349757,427.1786312481378
1741188.551991,-54.09741486349757,427.1786312481378
1741195.548965,-54.09741486349757,427.1786312481378
1741202.562031,-54.09741486349757,427.1786312481378
1741209.546687,-54.09741486349757,427.1786312481378
1741216.890668,-64.50095481359462,426.83187338506
1741223.252105,-93.6513274403872,455.1612657240637
1741232.404749,-107.40644072486614,455.4839469006539
1741239.600564,-107.40644072486614,455.4839469006539
1741246.539317,-107.40644072486614,455.4839469006539
1741251.257817,-107.40644072486614,455.4839469006539
1741258.247849,-107.40644072486614,455.4839469006539
1741265.223951,-107.40644072486614,455.4839469006539
1741272.220013,-107.40644072486614,455.4839469006539
1741279.209068,-107.40644072486614,455.4839469006539
1741286.271617,-107.40644072486614,455.4839469006539
1741293.209693,-107.40644072486614,455.4839469006539
1741300.240626,-92.22270221315355,466.6413660324851
1741311.288208,-86.16149924284964,463.351612833333
1741314.551756,-82.63421482144159,459.85440127488704
1741321.927117,-84.8777851288187,473.2498072123118
1741329.088953,-64.96199020712528,476.9808673467186
1741335.258436,-19.811143234606103,480.8380614068273
1741342.225781,64.22677377374472,486.242736036225
1741350.18763,111.08060529161736,508.12357133513694
1741356.257069,119.8304257364346,512.5445547643269
1741363.387716,121.75584693405143,512.6968696040831
1741371.925066,147.7328396553202,493.7444169808713
1741377.265572,189.05933840403517,471.908144575982
1741385.40739,240.1128809609772,432.84184403281216
1741391.295142,258.72276452092643,417.622919461597
1741398.556291,258.72276452092643,417.622919461597
1741405.262967,284.04167334064323,401.0422186282908
1741412.222504,284.04167334064323,401.0422186282908
1741419.257896,284.04167334064323,401.0422186282908
1741428.90483,284.04167334064323,401.0422186282908
1741433.261357,284.04167334064323,401.0422186282908
1741440.271888,284.04167334064323,401.0422186282908
1741448.385708,284.04167334064323,401.0422186282908
1741454.701606,283.1767912227234,388.87927556148105
1741461.247955,283.1767912227234,388.87927556148105
1741468.269016,283.1767912227234,388.87927556148105
1741476.768359,281.2717238067343,378.0753343151546
1741483.450532,280.75393712623975,373.131663530373
1741489.259266,280.2374449001585,363.8375852225419
1741496.563023,280.4957402465176,362.9509471056298
1741507.095715,280.4957402465176,362.9509471056298
1741510.710057,280.4957402465176,362.9509471056298
1741517.628843,284.6375634385235,366.44749849925546
1741524.556998,291.1290532681839,371.9649562918309
1741532.329127,291.1290532681839,371.9649562918309
1741542.896887,291.1290532681839,371.9649562918309
1741545.227286,291.1290532681839,371.9649562918309
1741552.251577,291.1290532681839,371.9649562918309
1741559.28791,309.6624307648344,380.7869549624373
1741566.246048,334.1946077257075,377.9134417243157
1741573.552443,378.9616777515944,413.9745656528504
1741580.221208,419.4174457415802,455.5300106947664
1741589.719729,463.6915793451374,496.3499424379166
1741608.280603,420.10356527200463,635.0682687998324
1741615.706847,414.0624403027763,673.6188016227738
1741622.537595,453.1375317674454,666.2739061441674
1741650.259424,424.7957327772033,764.5305416477815
1741657.603559,357.0017487858862,806.641628947492
1741664.552434,311.6881319535641,852.796026489026
1741671.554087,297.0424396387919,902.9782544906252
1742686.264595,-81.08598206928194,892.4231504860737
1742693.28156,-85.16915573472345,822.8903131252268
1742701.32769,-81.77771250888073,777.9742286805923
1742708.030768,-79.01690287921272,732.5090292286737
1742714.293888,-72.32878727940246,691.2315253334227
1742721.318994,-72.32878727940246,691.2315253334227
1742729.62765,-72.32878727940246,691.2315253334227
1742740.96566,-94.03031199999144,676.3013474045075
1742742.502896,-129.50277351940238,698.6915955846167
1742749.274329,-165.149565692894,730.6130918285427
1742756.285418,-215.78747410280204,776.9058953955594
1742764.554045,-245.71358694988464,806.8062936922715
1742773.134125,-282.1292860578458,830.4491702561427
1742777.291996,-319.11823324105126,916.214933898789
1742823.761183,-407.6904516162875,895.8001711751771
1742832.111078,-430.6106995306101,889.7574398840111
1742837.797675,-476.85672108998347,891.4386543561249
1742844.757702,-512.5534369303479,909.4573624622948
1744027.702091,290.2659236655789,911.7622180625752
1744034.716827,286.703960165488,871.7793022455212
1744042.051007,322.2775334156917,810.9900229914402
1744048.708269,360.7686179910486,783.6230077472154
1744055.832619,422.1042221744957,757.9055303327059
1744125.732176,409.03416754146303,436.3687980947394
1744132.71233,364.3189344892952,391.0016869939476
1744139.702012,346.9029265085235,379.6586841164997
1744146.738161,346.9029265085235,379.6586841164997
1744155.182419,346.9029265085235,379.6586841164997
1744160.712223,327.64010653170175,367.73258723820646
1744167.705924,263.24995985222125,305.0013153827997
1744174.703349,209.66336035917524,252.1111119662688
1744181.701576,150.67327008948752,195.6988309601133
1744192.748955,45.08564485584217,96.47255759497904
1744195.720539,-3.548575418940241,31.662253687569105
1744202.773201,-8.765042364889931,-45.654889127102784
1744405.726605,-495.47316914779685,-71.27984005739252
1744412.844143,-484.0159250030096,-55.7254591034124
1744419.766324,-504.8584783246744,0.1435089938919776
1744427.472145,-510.0075376109223,24.36171395191773
1744433.726641,-524.1782369049943,69.51226642751361
1744440.746723,-566.0639480530682,53.807043372672965
1744447.786536,-594.6357640406096,43.12006360553495
1744454.727718,-607.9559971783749,41.02305514562829
1744462.692666,-606.6110908508608,85.15840436615196
1744468.729268,-610.1276631190069,95.295561449805
1744657.766125,-611.6563188426239,47.84263009130689
1744664.712102,-610.3072050989396,80.92549064034547
1744671.710425,-597.1904047842586,103.67706085296868
1744679.088799,-584.3453938569907,112.16183075027128
1744685.742984,-583.5369694523499,133.707618016399
1744692.726399,-583.5369694523499,133.707618016399
1744702.551893,-584.659523728668,150.24628335677795
1744706.770382,-584.659523728668,150.24628335677795
1744713.721877,-584.659523728668,150.24628335677795
1744720.711829,-584.659523728668,150.24628335677795
1744728.037839,-584.659523728668,150.24628335677795
1744734.715713,-590.1756296614268,171.72078403632142
1744741.706067,-589.8867394568198,194.04093071754608
1744748.723217,-584.4252092860554,203.2076490873251
1744755.708203,-542.9504599400682,220.98902323670237
1744764.064284,-527.707258554136,225.10872426104564
1744769.741172,-525.0741102616282,228.37864597931892
1744776.732342,-533.1755138268147,266.9242173567399
1744783.716124,-528.4337840318815,280.26030817391586
1744790.732645,-525.9978915164643,302.56576355885505
1744797.72467,-480.89074479198894,336.60842272099035
1744804.743256,-437.6102180501675,351.3509719322944
1744813.404617,-392.9795274630593,367.66774957510296
1744818.780318,-339.8923839414052,385.0854382431301
1744825.712523,-334.18554209816773,385.2955385177503
1744835.190202,-293.81392558630296,404.33651154715
1744839.74758,-251.6921632476408,433.75276575281873
1744846.718088,-251.68854029931052,433.751484699294
1744853.706357,-246.3229054753752,435.6481104241751
1744860.74906,-176.14278848057577,445.59263975711065
1744867.70638,-124.0271657227316,462.7387874181141
1744874.714825,-109.51317895580094,482.0488110320286
1744882.949643,-143.82160333341002,533.310471279011
1744888.714602,-161.37626596387673,552.9921772379206
1744895.703852,-182.65049599081135,565.9688885892972
1744902.709725,-207.41435533918707,586.4395928685275
1744909.722762,-224.9305637848661,606.9405826094219
1744916.711912,-233.91326383661365,617.4544042528935
1744923.734074,-267.76118759506704,666.7411189073505
1744930.711676,-290.78696692846603,687.4902091936907
1744937.823917,-316.3459360856967,696.8801444187848
1744944.726643,-343.45992767980795,728.8878751085339
1744951.710153,-351.4833545859097,762.5607099725479
1744958.770748,-363.3653619078953,790.7397817408375
1744965.71408,-388.52486481280886,831.9441948248381
1744972.704655,-416.07233493766006,864.856930123597
1744979.801072,-433.403580210737,879.6734872464602
1744986.747674,-433.403580210737,879.6734872464602
1744993.712398,-457.4306437098665,872.8875124130774
1745002.078924,-479.0081572005214,880.8541731832175
1747900.686197,-611.2768673515874,504.1628935380055
1747907.870597,-594.2795115543584,455.2115190780284
1747914.719274,-578.7053265944242,418.6885319821101
1747921.726491,-563.1910102924292,376.6633694058795
1747930.89014,-542.200956646294,311.43844367565066
1747935.689418,-533.7662172032868,272.4342058897555
1747942.669935,-523.8304429825149,234.1302845891228
1747949.671142,-502.5579908672234,178.9095608765742
1747956.669138,-500.3095840662512,174.80181702528137
1747963.702265,-500.3095840662512,174.80181702528137
1747970.668984,-487.5737504005099,148.72862956134554
1747977.676234,-474.02926323272726,108.32611714762449
1747984.701398,-470.1369882377814,79.23857164577956
1747991.716857,-454.0067698475724,8.975426747447548
1747999.029366,-443.9447893639612,-33.75440473025086
1750572.321693,-478.9556829932229,735.0053672034394
1750572.323767,-478.9556829932229,735.0053672034394
1750573.466836,-478.9556829932229,735.0053672034394
1750581.427642,-429.6785903089943,761.0367296729393
1750587.614223,-396.15660432671547,776.1609653028886
1750594.799829,-389.0796422129666,778.8736446028942
1750601.53307,-389.0796422129666,778.8736446028942
1750608.553225,-468.4414500327673,877.9550011086586
1750616.030688,-492.7208760715484,911.5727742105148
1751742.465295,-604.5508763492218,499.8544084924068
1751753.033802,-597.9659119935267,476.6183853018656
1751757.337937,-589.0190121489927,459.9519993890976
1751763.885822,-589.0190121489927,459.9519993890976
1751770.826266,-589.0190121489927,459.9519993890976
1751777.515183,-567.7827049955267,424.13496830309714
1751785.958172,-567.7827049955267,424.13496830309714
1751791.558269,-571.9956603100512,397.2698703178672
1751798.811932,-544.1408394138795,313.8211723107218
1751805.561225,-538.1132076580969,294.9055993458749
1751813.319371,-529.8071363636841,255.9710863542188
1751819.815335,-516.9475232577372,220.8434027259072
1751826.812408,-506.7326144388631,195.30138042743744
1751834.15504,-502.7202261684288,187.9473931901239
1751840.822655,-496.79568289093726,180.6221988066084
1751847.479063,-495.6183763161964,164.21781172209936
1751854.516134,-488.5810055327338,136.46942791489462
1751861.482319,-474.54355396866697,81.20151211520378
1751868.527063,-471.1513125233091,53.58810349661043
1751875.51407,-466.1855859628406,23.412167556461487
1751882.54377,-441.13507462129775,-33.569110106154504
1751894.406499,-431.4774571016773,-72.27614708459906
1758040.66056,-595.8901498591772,468.6526201782196
1758047.567947,-595.8901498591772,468.6526201782196
1758054.570609,-589.9337628277539,431.12438423669926
1758061.569595,-564.2623185629238,376.8775632688904
1758074.349593,-546.6364101106203,323.7658500201782
1758075.253931,-471.9647205669945,334.1711125942918
1758083.540836,-419.3782762190987,358.2930220642192
1758089.557162,-355.7442938491699,382.54881364221416
1758096.236285,-224.27496177326785,423.43312450486815
1758103.276349,-139.67026685803486,455.7496182710083
1758110.643617,-52.4406046407245,486.0700762313761
1758117.55727,59.79117727824049,528.5558692133926
1758124.558991,77.00252157601278,535.7704862652756
1758131.640911,77.00252157601278,535.7704862652756
1758138.554309,77.00252157601278,535.7704862652756
1758145.568028,77.00252157601278,535.7704862652756
1758152.913406,77.00252157601278,535.7704862652756
1758159.272115,161.6995305461037,556.3628862106561
1758166.566601,225.76837794930387,583.3455142007542
1758173.559631,295.66019066349344,616.8647100356774
1758180.272463,401.86301562496,670.3385343860385
1758376.561051,441.53670930026817,162.15213315771655
1758383.994979,390.8329767816663,116.87063395755848
1758390.255107,325.80680540662973,56.706497741016086
1758397.853514,288.0090258123338,33.30324171067814
1758404.258564,243.43166685888656,74.39212009701018
1758412.271792,217.1087593630532,105.21971401060809
1758418.279621,217.1087593630532,105.21971401060809
1758425.553897,217.1087593630532,105.21971401060809
1758432.554113,217.1087593630532,105.21971401060809
1758439.630195,-110.35058133821578,468.9143264520725
1758446.720571,-168.7498976317339,444.16997998830914
1758454.656298,-240.82247030860208,420.59354599327503
1758460.278803,-344.76178303148004,386.5670885914405
1758467.271806,-405.9094664021956,358.1822451922911
1758474.992255,-448.8125216913753,360.9574483522248
1758481.272804,-481.1245746939424,390.5238354174472
1758488.572765,-521.107943381866,385.5435289168571
1758495.556121,-553.2499626860606,370.9850614426454
1758502.573754,-538.9370780506503,303.59704136059634
1758510.214297,-519.910829902903,255.77255380640105
1758516.237577,-515.1128218022408,244.77285479654944
1758523.254763,-501.1579944874347,194.6731239061794
1758530.224797,-485.5448406186274,145.58267421050226
1758543.252109,-468.35326663131633,88.30624275345556
1758544.237477,-442.2693593794824,-1.3126438781583245
1758551.421488,-424.13220009267707,-68.23752785801457
1759515.531991,-596.5152804642257,468.6284379816028
1759522.52822,-590.6615648022187,455.181526112435
1759529.52826,-590.6615648022187,455.181526112435
1759536.528607,-590.6615648022187,455.181526112435
1759544.618808,-589.6458440280051,445.6348761321756
1759550.53121,-588.2019849411388,435.9285606680669
1759557.897506,-574.24849834598,401.4747346936884
1759564.590534,-542.212835507909,318.09840750792574
1759571.529636,-477.8075224260673,342.1162186642265
1759579.858363,-414.9550345309305,377.6756469800173
1759585.531558,-295.053617177332,414.3836106765018
1759592.509926,-214.01780348804743,431.19777701273193
1759599.531243,-136.3458492807007,454.0826222679763
1759606.529881,-16.201780337826904,495.6953620749013
1759613.530433,10.560074597376977,503.85613669923504
1759620.53124,79.46485475175187,512.823926439258
1759627.530197,79.46485475175187,512.823926439258
1759634.971363,141.5304748107043,528.5611712837574
1759641.531381,187.61032402038933,566.8874071505134
1759649.858438,136.108564833912,578.4729412971209
1759655.529186,110.94407587588006,586.7655524845858
1759663.859074,81.89056730788303,625.513913636271
1759669.529896,43.23064306673725,677.5066153273367
1759678.897866,17.520227112648357,704.0522744468074
1759683.529219,14.852780709760294,706.917546804206
1759690.530153,14.852780709760294,706.917546804206
1759697.51124,14.852780709760294,706.917546804206
1759705.85909,14.852780709760294,706.917546804206
1759711.530181,4.914491137261817,721.7786354169566
1759718.528689,0.8015736691351079,739.0308695890463
1759726.897322,23.70648178100697,747.7793995611605
1759732.510718,94.64027418436642,769.009920576638
1759740.869983,137.56194964384434,807.5373304585656
1759746.589033,124.70821191921702,861.351871611991
1759755.25716,107.51256470525384,905.0331481239386
1759774.530416,291.67680459952567,893.2314187330304
1759781.530118,283.9358326527135,868.2743075162116
1759789.377132,283.9358326527135,868.2743075162116
1759795.529112,283.9358326527135,868.2743075162116
1759802.539909,250.1720646860016,843.3239057620821
1759809.65735,189.9271935049624,818.1172253571475
1759816.529202,91.35229787731784,760.0079092388726
1759823.511241,101.5891121575492,688.6211107789587
1759832.343654,149.65414146407082,603.1870199735959
1759837.531222,115.89092099214048,541.1301331676636
1759844.531886,72.65705236249835,524.0329933169767
1759851.529764,16.497955465767767,508.4265629545512
1759859.858387,-60.72149687540455,483.9079773261965
1759865.531028,-113.34241880522066,466.05165027256345
1759872.53114,-148.01007258572685,454.3232110529445
1759880.858646,-256.0783687098172,422.7712044982548
1759892.058941,-256.0783687098172,422.7712044982548
1759893.509644,-405.4436121806406,367.394430632065
1759900.529566,-450.5325782915945,381.9245431654581
1759908.857421,-477.40856938806553,390.1092152596697
1759914.831149,-505.8985724830529,365.1903485579039
1759921.590283,-496.991730174942,341.0473686316533
1759930.098869,-496.991730174942,341.0473686316533
1759935.530252,-495.2567498597304,331.2060174424507
1759942.858786,-435.258406135022,348.6817833995622
1759949.549972,-349.7090635618168,380.6466858115017
1759956.529837,-262.526731003712,402.05536671882754
1759965.098691,-160.7306458514776,440.6262093841816
1759970.535976,-103.46188697654904,466.1698657492316
1759979.537625,-25.41999887880524,489.0605775454972
1759984.530471,77.072263443962,514.550998055118
1759993.391639,89.62636056774294,516.2406301803666
1759998.590554,89.62636056774294,516.2406301803666
1760005.510364,89.62636056774294,516.2406301803666
1760013.858906,89.62636056774294,516.2406301803666
1760019.850169,89.62636056774294,516.2406301803666
1760026.529771,89.62636056774294,516.2406301803666
1760034.857495,112.60859284464354,526.6668428964255
1760040.531304,150.04603262672725,540.1250145301816
1760049.337653,183.309501703792,590.4007276059405
1760054.590641,159.7045286069336,632.7226128024114
1760062.857219,127.91249138416195,689.0925088726975
1760068.529037,130.68341414927383,782.2094908669525
1760075.528649,200.7776440010572,816.0275452802141
1760082.530094,269.48576251268514,842.6417087443657
2122071.416262,382.6117448984073,104.91984236642408
2122073.502593,329.98101711468144,59.52397163331544
2122080.63475,286.8662365595199,35.61508329608177
2122087.904406,212.46561952705892,104.99699091678605
2122094.311571,181.09459154420185,137.67599487017833
2122102.026616,181.09459154420185,137.67599487017833
2122108.60969,181.09459154420185,137.67599487017833
2122116.190933,-52.08703302328563,417.1323326746996
2122122.320924,-73.99979919864893,439.7306509048661
2122129.434378,-73.99979919864893,439.7306509048661
2122136.276427,-90.29679210169476,454.56665687210375
2122143.606689,-130.3880688090229,504.0888871381488
2122150.335652,-162.06299176181386,542.7182172607706
2122157.311894,-180.52314041943777,565.1934634990629
2122164.311787,-215.590079322224,604.6354462476104
2122171.310696,-240.0957098999525,637.0329374469973
2122178.69726,-263.7641753651096,668.5723336808551
2122185.889798,-310.45262546490454,702.9337988178725
2122192.73376,-337.9697624273254,726.2285473899719
2122202.351485,-357.7420535400004,767.0254852461273
2122206.616749,-407.8160386897128,822.6142412117912
2122213.298368,-439.1743008045772,857.4088708014003
2122221.164171,-465.74634661276576,886.1449552071279
2122227.632842,-496.9965918136247,923.888611847322
2136397.763491,-1.0916814786813098,-37.94124395264723
2136404.453281,-2.6871234403215976,20.001654182857045
2136417.913654,51.12562411892048,115.80177606014726
2136418.41834,111.61619003753232,164.46242955334012
2136425.456179,162.53239036426666,209.26944966635872
2136432.753268,225.45556596565328,264.7015630901642
2136440.825344,269.56187983670554,303.2637542910037
2136446.754436,299.5501684249727,332.767473568408
2136453.751901,301.2985883296991,334.160925605006
2136460.433678,301.2985883296991,334.160925605006
2136467.964269,301.2985883296991,334.160925605006
2136477.500502,301.2985883296991,334.160925605006
2136482.04675,301.2985883296991,334.160925605006
2136490.181408,311.30375740017286,345.22678756039926
2136495.487443,342.6165990897636,377.17441619823165
2136502.467064,424.4087623946556,448.07069688622687
2148234.025987,-596.0502413179953,43.82357535267828
2148241.064631,-593.09239683677,60.7901180467561
2148248.323302,-585.6192791643383,87.70394355438661
2148255.53673,-568.5640059731553,114.76297697827393
2148263.749135,-571.2932076137198,124.86504938814312
2148271.130505,-589.2818590297799,155.89022560693684
2148276.003575,-597.5222312594693,189.03930091197665
2148285.579819,-588.4079513235549,207.1909342947611
2148290.45556,-588.4079513235549,207.1909342947611
2148297.304182,-588.4079513235549,207.1909342947611
2148304.494814,-588.4079513235549,207.1909342947611
2148311.818662,-588.4079513235549,207.1909342947611
2148318.739991,-588.4079513235549,207.1909342947611
2148325.358245,-588.4079513235549,207.1909342947611
2148333.229158,-573.3740395225711,209.75158339637423
2148339.117998,-556.0244135819854,209.1246611048699
2148348.909341,-547.1589691573184,219.5357956334696
2148355.081283,-532.0336426054002,230.90105306585775
2148360.609528,-532.0336426054002,230.90105306585775
2148367.296262,-532.0336426054002,230.90105306585775
2148374.028263,-532.0336426054002,230.90105306585775
2148381.852232,-526.229526782658,238.77290826246275
2148387.966226,-512.6924458757392,236.853102112033
2148396.927852,-498.9032825494307,201.12417837516784
2148402.119773,-494.9526263834019,191.3745530838272
2148410.008082,-494.9526263834019,191.3745530838272
2148417.960108,-494.9526263834019,191.3745530838272
2148423.004801,-494.9526263834019,191.3745530838272
2148430.308442,-494.9526263834019,191.3745530838272
2148437.009184,-494.9526263834019,191.3745530838272
2148449.314806,-494.9526263834019,191.3745530838272
2148450.976768,-487.2011994594022,176.93934857473704
2148458.320654,-487.2011994594022,176.93934857473704
2148465.286584,-487.2011994594022,176.93934857473704
2148473.086478,-487.2011994594022,176.93934857473704
2148479.009675,-487.2011994594022,176.93934857473704
2148487.284073,-487.2011994594022,176.93934857473704
2148493.073131,-487.2011994594022,176.93934857473704
2148500.349422,-487.2011994594022,176.93934857473704
2148506.975959,-487.2011994594022,176.93934857473704
2148513.992651,-487.2011994594022,176.93934857473704
2148520.99982,-487.2011994594022,176.93934857473704
2148529.093774,-487.2011994594022,176.93934857473704
2148534.998312,-487.2011994594022,176.93934857473704
2148542.322157,-487.2011994594022,176.93934857473704
2148549.31997,-479.221912431552,156.03575364739666
2148556.009712,-479.4360252739347,139.37007013732833
2148563.982678,-477.3456345328253,127.7338245780424
2148570.017655,-474.642272652124,117.45224852613282
2148578.140437,-474.5492670533628,97.09305400996251
2207834.790688,414.95073686347456,131.68233483037247
2207841.772332,314.76469901550416,44.52760140386778
2207849.105529,272.5785375955185,38.14642803737279
2207856.076148,210.03872909837156,100.14038107629632
2207862.740017,210.03872909837156,100.14038107629632
2207869.798734,210.03872909837156,100.14038107629632
2207877.069594,-53.18396559224196,426.9646372188906
2207883.753019,-102.54957979607074,470.2137217599733
2207891.096231,-173.4535130990433,555.9171099119612
2207898.012699,-217.32314051992023,605.1642937630306
2207907.940766,-260.9327230061785,649.936676828951
2207911.790065,-314.4960596444134,703.9125218407373
2207919.157994,-346.72392385404527,740.585293720521
2207926.07936,-375.3388328965979,794.1551043458378
2207932.75062,-420.3670365351581,779.1988050247297
2207940.796418,-441.6203898860689,763.197168615313
2207946.803488,-467.1325132800568,747.5955503920744
2207953.797749,-570.223542363749,700.4519225034076
2209820.010072,-604.9361356159441,516.5932113651688
2209822.796129,-584.6890728634654,456.0024622520827
2209829.771148,-581.8194463458066,448.2931488083776
2209837.081495,-581.8194463458066,448.2931488083776
2209843.780222,-581.8194463458066,448.2931488083776
2209850.789829,-579.1717722043419,440.1780855389006
2209858.096522,-573.672347024593,409.4781380349351
2209865.086095,-541.2212487142318,304.17743082749405
2209871.768084,-516.7729118246748,227.18764560136847
2209878.801979,-488.269928937157,148.5549261448942
2209891.109556,-447.33676600546016,24.058407609644803
2209892.84502,-421.9001280090695,-58.43238474689169
2210946.674454,-430.1158719538824,-49.25294851129781
2210949.820133,-457.2492731780703,39.77511469394162
2210957.111505,-495.60087329346976,166.4560332200038
2210963.792937,-517.5183358433595,238.65437074266444
2210970.798108,-533.8931213353271,302.5999692089915
2210978.096228,-466.7909240363167,342.8332092648589
2210985.10959,-416.2414834770582,363.2271075084692
2210991.776104,-341.85258481689,385.88037018109753
2211000.091169,-236.4668329431152,424.7817300894451
2211005.810335,-177.51208935354938,443.0819072223405
2211013.856691,-166.795974599932,445.96491005071607
2211020.111406,-149.0595479365296,456.9927605228268
2211027.120882,-140.39542464207264,455.8482886672221
2211034.589977,-114.62452282609152,462.0021928808357
2211041.099155,-99.26958782687964,484.4753540213067
2211048.102719,-132.20912642466268,505.9675119728093
2211054.789165,-162.26112228650106,536.543587161707
2211062.101955,-168.7617853142674,548.358752625138
2211069.09537,-168.7617853142674,548.358752625138
2211077.60796,-178.3341669849622,574.7387194075749
2211082.809139,-223.24773091741685,611.6689202677032
2211092.791024,-243.15325605587017,622.3330708108447
2211096.800202,-288.99399313339137,662.4000401808646
2211104.10467,-327.022929726641,701.5917389836716
2211111.106003,-358.1138403819805,743.7020433914603
2211118.100676,-382.2108812144079,785.5132567020537
2211124.811771,-444.2031531372001,756.7536381519467
2211134.65613,-477.6080726604833,744.4246913359453
2211138.790168,-505.1545441070975,735.5715893571381
2211145.863391,-550.3386796308075,711.6454346789819
2211153.15791,-578.785522546422,700.4566355865478
2211162.893496,-601.4371934740703,687.8454969298858
2212673.207884,-601.1900881550927,482.1937943976763
2212679.864395,-596.2311456894743,464.1477154835956
2212686.084069,-578.8019101984892,416.7028698841747
2212692.815297,-546.6066491641407,352.55650199023216
2212701.316187,-514.1473035920743,234.9022790583157
2212706.864344,-489.07563468260713,154.83585416849252
2212714.975634,-475.3623421480075,107.5383460046284
2212720.815949,-459.29799061113954,57.26179470512663
2212727.788032,-445.65129475628186,13.78530645398735
2212734.761446,-425.7139935656748,-29.83771740091161
2233189.010295,-73.51958650241333,900.2014099477503
2233193.905507,-80.16894914986072,834.9265880611694
2233201.216636,-79.49949316168885,778.4060765416837
2233209.798814,-74.68312471404815,730.2612613119888
2233218.641909,-60.24603675465449,676.917025217084
2233221.909366,-60.7613079740131,670.8354255375817
2233228.878434,-30.53196463370678,643.081575979353
2233236.870867,-1.8575203289155324,603.2633753898633
2233242.909713,-1.8575203289155324,603.2633753898633
2233252.072843,-4.00635594779552,531.2350656245877
2233256.919129,-4.273251226412569,529.7885891323436
2233264.228832,-8.29710090286151,520.8978288720842
2233270.879144,-8.29710090286151,520.8978288720842
2233278.201307,-6.062058084333507,507.69613234845366
2233285.200925,-5.724096651512282,505.1620885465626
2233292.451763,-30.611877849050316,492.3551343705933
2233299.872958,-50.30715175238971,487.5781177587439
2233305.899413,-50.30715175238971,487.5781177587439
2233313.259392,-50.30715175238971,487.5781177587439
2233322.605277,-50.30715175238971,487.5781177587439
2233329.78379,-50.30715175238971,487.5781177587439
2233334.20736,-91.48879305466748,469.0606162686548
2233341.465876,-131.79277595845792,453.1299412626761
2233347.908955,-170.47630210545486,440.2600897712362
2233354.916684,-220.01248956444317,425.26723150032046
2233361.909502,-275.6280759629718,400.3716252453167
2233369.168067,-319.9555458118714,387.6014534811528
2233378.641533,-343.79461331136326,378.49060012535546
2233382.911376,-355.23127147787113,375.2398852309562
2233392.648985,-379.4216239636063,367.044236198762
2233398.386707,-428.00154714420313,352.5971570686028
2233404.210189,-449.6421485352961,381.5677592692127
2233410.871116,-470.86856810509374,385.4788818841416
2233419.292203,-515.4174324746467,371.3262654953633
2233425.297357,-555.8008083684646,360.18762926356567
2233432.725197,-579.4089753116835,375.0249500558104
2427228.615141,-425.4030120591817,-41.3621493057502
2427235.570477,-455.75542493968106,32.66444497028187
2427242.684114,-463.1071228356314,57.98028461306372
2427249.687016,-468.93076455311126,81.62613786629113
2427256.605431,-487.4446228630878,138.46086852328352
2427263.603876,-500.845329664461,189.21346448611516
2427270.615681,-506.6685522470104,216.02695462441204
2427277.824764,-512.6458146615831,241.7651707042272
2427284.588516,-527.4888177061449,275.8142521451763
2427291.583227,-530.6335708117258,281.1706693087287
2427298.580116,-522.1970600409351,311.45843907781057
2427305.631288,-487.7645428601555,328.09216892237094
2427312.752942,-464.2624910199642,336.3934765959731
2427319.599863,-423.4411988501466,351.2190613099264
2427326.584865,-386.9920321682106,370.6067337263496
2427333.66394,-377.91718813940935,373.01766927212014
2427340.581373,-377.91718813940935,373.01766927212014
2427347.581128,-377.91718813940935,373.01766927212014
2427354.620683,-365.4160425483476,382.698311224704
2427361.587808,-326.3330800348092,397.45627900242187
2427368.614469,-301.3997387952379,404.6447535493143
2427375.686466,-271.08378281888326,412.3245453988382
2427382.594819,-216.7510585734986,431.0100425465734
2427389.611632,-193.79826732387696,437.7818215275305
2427396.585571,-133.62473362047538,457.0191620710169
2427403.621435,-133.62473362047538,457.0191620710169
2427410.623925,-133.62473362047538,457.0191620710169
2427417.614655,-110.82974901600883,463.88293195762697
2427424.581396,-21.14461016648427,494.7833459475772
2427431.584619,59.40126090688984,521.4171655176102
2427438.612814,112.9913350906218,535.1833617835059
2427445.631607,165.81808995796322,553.4001236105661
2427452.574637,187.46670056516635,585.2177944584242
2427459.658166,152.49043522274684,640.4803048112534
2427466.628756,113.45210916519147,742.5692932575336
2427473.687642,169.18309240862786,803.8460237574534
2427480.578457,245.6824155566708,830.537396539276
2427487.587522,262.1972018460005,838.6415613400823
2427494.662768,262.1972018460005,838.6415613400823
2427502.113584,262.1972018460005,838.6415613400823
2427508.627965,293.39872992379446,885.7314046993088
2427522.612675,218.2216917337886,914.7563483409872
2427529.566842,169.09667978690595,861.1122577591412
2427536.572996,125.44154881635971,828.6968170299041
2427543.616663,113.66812661262108,848.1784595509579
2427550.580277,97.3484903861986,902.1094380281276
2427557.566975,89.63003551258775,916.1988685432426
2427641.572947,-72.52872902111592,919.1770431135432
2427649.367839,-87.03245409839826,864.8036069447994
2427656.545941,-82.56324274398324,786.9218760376098
2427664.139195,-71.36498236676091,734.9216486007675
2427669.560731,-70.85442408207975,684.9962120693635
2427676.57072,-100.64120942688189,702.6390415424629
2427683.607539,-145.83812150010314,733.9956247661366
2427690.570121,-180.47789578623508,763.8390124342267
2427697.629445,-232.33515283451223,802.5332460671742
2427704.578631,-277.57935863710816,823.9104076076482
2427711.849464,-295.82566409195647,867.7881284095712
2427774.607555,-334.883314828834,914.3216900788644
2427781.601019,-376.3147031976987,874.6010906677353
2427788.795938,-437.211619328962,872.7461005513907
2427795.596768,-467.7111146644786,872.6166749883251
2427802.574041,-487.1227776232424,900.0333409486324
2427811.414443,-496.47041124586144,913.7041452476064
2427844.641017,-541.3855845742629,904.1539812744888
2427851.620838,-535.6863731277285,880.3011662172756
2427858.608862,-537.7533774236812,871.2427634756358
2427866.174208,-509.9456402061596,831.7321156652969
2427872.610195,-493.7819387259155,809.2569780806162
2427879.904103,-483.4745018861557,799.1471652415636
2427886.61976,-469.8061021322029,761.9902742316076
2427893.903611,-459.0132579337146,757.3562315144239
2427900.611233,-449.0582530012711,728.9968828334615
2427907.968952,-410.4879626724701,673.477925679385
2427915.005551,-398.8420212474947,651.2192750755977
2427921.914582,-398.0507267363094,647.8047849514309
2427928.908043,-388.80827867248246,618.9411031506738
2427936.524444,-384.66604131759306,601.5269704568977
2427943.272817,-366.9128607159678,580.3194411991985
2427949.753077,-345.76919943965925,559.4076198841104
2427956.902437,-341.4260463820644,551.466863106602
2427964.665311,-350.6693234046141,540.7819466872573
2427970.670463,-387.7570209247464,525.0888627876419
2427977.903128,-399.03166743407263,512.6197623906389
2427984.897614,-416.67627973357656,505.6112785999384
2427992.247883,-459.6942518263138,490.88740514382187
2427998.886739,-486.566211021391,471.0586489954856
2428008.157922,-508.3569059453087,456.2430594778716
2428012.66359,-527.3085396750243,443.3566026062553
2428020.449025,-539.4392544301116,432.7161968534314
2428028.861737,-539.4392544301116,432.7161968534314
2428033.909418,-557.0597530313078,420.82121349708063
2428053.671359,-574.2867806572158,427.5547541417969
2428053.679326,-580.3486405089228,423.8011530263317
2428058.055044,-545.6313503278691,353.85222509618546
2428058.05575,-545.6313503278691,353.85222509618546
2428059.760267,-545.6313503278691,353.85222509618546
2428066.757941,-529.9466079343823,290.2666345963657
2428074.04851,-521.8113792667745,243.42922442453272
2428081.048659,-510.6744063166214,205.8786065523127
2428087.805478,-502.62381016341993,187.6289068144252
2428096.201769,-502.62381016341993,187.6289068144252
2428101.836377,-500.8914153460886,187.32973725774684
2428109.049161,-484.8633310754969,139.8967915019567
2428116.173825,-477.8737754115262,119.88938211741764
2428122.757627,-476.3536585779285,112.95142662502133
2428131.820955,-476.3536585779285,112.95142662502133
2428136.776363,-476.3536585779285,112.95142662502133
2428144.055339,-476.3536585779285,112.95142662502133
2428155.902128,-476.3536585779285,112.95142662502133
2428157.755589,-468.47852612450527,87.62918813800792
2428167.465321,-468.3197238174172,55.28356095356513
2428171.772098,-456.845163848508,22.75608883860572
2428179.052641,-441.0813853072425,-8.68005333109847
2428186.196482,-424.1385227886819,-52.38501298216492
2429158.839303,-430.899985518452,-41.59972748135369
2429165.783305,-440.7427448818661,-12.72653961785305
2429183.892253,-471.1103579148868,114.0072743543177
2429183.89295,-471.1103579148868,114.0072743543177
2429185.418715,-471.1103579148868,114.0072743543177
2429192.404166,-490.5556015519651,169.01545790705703
2429199.716678,-508.8547283207712,206.3838263947605
2429206.771847,-508.8547283207712,206.3838263947605
2429213.709044,-508.8547283207712,206.3838263947605
2429220.827944,-508.8547283207712,206.3838263947605
2429228.170914,-508.8547283207712,206.3838263947605
2429234.402273,-530.5074596732505,277.56037688590845
2429241.420085,-531.0488285279001,306.7900167249368
2429249.552367,-494.30769244199007,335.92724212696453
2429255.378304,-457.900143907287,345.12344759503776
2429264.848877,-450.1549325488036,358.9010175396045
2429269.696745,-478.19566029189536,392.51512057855
2429276.714238,-514.347644178692,380.66096037341816
2429283.856641,-514.347644178692,380.66096037341816
2429290.828482,-554.1801600498075,360.333619505508
2429297.777374,-560.0773666673891,363.42711484152784
2429306.113216,-565.8522201659375,395.2608873731596
2429316.550368,-579.0876465607865,424.7626104931144
2429318.376486,-609.1815945755617,417.749410224463
2431483.901716,-608.7122312572985,669.9860483150716
2431483.910678,-597.380188488716,675.5759339700982
2431488.437803,-587.5168825887548,677.2821739020652
2431488.438504,-587.5168825887548,677.2821739020652
2431489.770285,-587.5168825887548,677.2821739020652
2431497.933505,-587.5168825887548,677.2821739020652
2431503.711723,-573.5866363816702,651.7156565825593
2431510.748135,-571.4035480055024,637.9929267177832
2431522.125779,-564.8709604521819,635.0242690867847
2431525.92539,-535.8005411515746,634.752517679353
2431531.764365,-513.0124641486811,645.47272601637
2431538.764318,-505.7538407855013,661.3505245678642
2431549.810218,-506.00738001307,660.9391463085553
2431553.099423,-506.387201538048,661.557259146858
2431559.778049,-506.3872273785808,661.5572860260112
2431566.780474,-506.3872273785808,661.5572860260112
2431574.245624,-506.96984196785655,662.3474682063475
2431580.820364,-506.9898795374745,664.1958255555841
2431587.751585,-506.9898795374745,664.1958255555841
2431595.439809,-517.5856766244108,685.1794257913003
2431601.754209,-524.1306445673888,708.5113857108865
2431609.080535,-524.7636063834831,711.9400322489453
2431615.77745,-530.0975647078429,716.5558264645225
2431623.067398,-573.0587732109263,712.333632991506
2431630.516338,-603.686010181071,691.9937036429187
2432758.272007,293.24954347351627,901.9371252869848
2432765.281626,290.0626873441203,876.2138790313761
2432771.946579,290.0626873441203,876.2138790313761
2432778.993362,290.0626873441203,876.2138790313761
2432786.826206,290.0626873441203,876.2138790313761
2432792.95557,290.0626873441203,876.2138790313761
2432799.987203,288.60155101122353,873.2461234440099
2432806.988071,205.39256530370128,823.9391379063986
2432813.987969,142.8160650835501,792.9241239820425
2432820.949493,99.35833890052136,742.5599945552415
2432827.98968,141.1888542825695,642.396509834173
2432837.313161,149.0347552855141,631.5723294635528
2432841.976769,165.03272973648356,615.5170306359748
2432848.983449,154.26105406554848,586.7682467880426
2432855.990329,154.26105406554848,586.7682467880426
2432863.294232,154.26105406554848,586.7682467880426
2432869.982451,154.26105406554848,586.7682467880426
2432876.99963,154.26105406554848,586.7682467880426
2432883.955253,154.26105406554848,586.7682467880426
2432890.988451,129.93081182242375,563.9571646008914
2432899.165632,119.62394249160164,560.1974898048252
2432904.987471,113.69333186723206,555.7656642293954
2432912.488324,113.69333186723206,555.7656642293954
2432918.983267,98.01756484759971,545.6081844844653
2432925.995804,67.18527934249194,531.4105719235473
2432933.073188,-6.0863101733439,497.100506988003
2432940.284066,-52.56863610106821,475.43555316048895
2432946.940174,-54.43922810100718,474.6936951119084
2432953.949333,-54.43922810100718,474.6936951119084
2432960.948442,-54.43922810100718,474.6936951119084
2432968.797943,-54.43922810100718,474.6936951119084
2432974.988536,-116.0590906167149,487.4737342328238
2432983.68395,-145.6987626854723,524.8780313843431
2432988.987433,-162.84855052609325,552.0457752736482
2432996.283649,-213.9745871280923,606.3329069927569
2433003.005899,-241.74301180200808,639.1020229505265
2433010.977813,-265.43009166079867,668.0743281846525
2433016.954282,-277.2463068150762,678.6787875867301
2433024.429365,-286.1160412446204,686.0322640766013
2433030.979791,-309.2732658711773,690.5438048068559
2433038.208443,-309.2732658711773,690.5438048068559
2433046.251817,-309.2732658711773,690.5438048068559
2433051.995047,-309.2732658711773,690.5438048068559
2433059.003991,-309.2732658711773,690.5438048068559
2433065.970497,-309.2732658711773,690.5438048068559
2433074.704612,-321.63996270750846,689.1724539289089
2433079.960937,-321.9512839509849,673.3578782858507
2433086.972422,-300.71406387434007,613.829635724979
2433093.972552,-292.3310132090321,569.1139273485857
2433100.987461,-284.5570197003096,546.724331245857
2433107.989846,-289.4132113610809,528.4995158118163
2433116.023822,-298.99372464482906,499.5380964179978
2433124.9227,-300.9035570170181,468.0658617495633
2433128.961905,-334.3935367288902,438.4724463638504
2433136.014445,-370.7829030666709,436.1614563517159
2433143.430748,-437.11029301628,416.5677745536357
2433150.382995,-457.0895988536007,400.3478165714607
2433157.285151,-475.5701294895504,387.80486423734254
2433163.991846,-504.88235247181336,359.08415627217005
2433171.295748,-484.6757165478159,329.92900475498664
2433177.988204,-435.6602749729865,348.03181167369723
2433184.950433,-332.74884814893176,386.9779465830426
2433191.98842,-256.4587240255979,410.8803629451512
2433198.988979,-184.15457724120893,429.2353122589631
2433207.544595,-108.95209871707252,459.16741663549016
2433212.986641,-58.23957751947261,419.21549968122366
2433220.620829,-33.01962663260763,390.198837804148
2433227.330135,-33.01962663260763,390.198837804148
2433237.735177,-33.01962663260763,390.198837804148
2433240.990186,-33.01962663260763,390.198837804148
2433247.968568,273.374935530433,65.0324872179254
2433255.444422,288.83452893614566,19.9947915853121
2433264.087047,231.67287248224827,-33.380729177054874
2433562.955446,321.7482099091785,-71.3214756578381
2433570.5425,349.4796517010509,-45.81073070305945
2433577.27411,335.262482562758,0.8492696098692746
2433583.991875,318.16545712145705,19.50547968254126
2433591.287675,318.16545712145705,19.50547968254126
2433597.991857,318.16545712145705,19.50547968254126
2433604.955734,292.16080015866146,31.88577401596863
2433612.344318,264.70550976421646,57.84339483536839
2433617.203354,264.70550976421646,57.84339483536839
2433618.983794,259.3675595422268,64.13159874439042
2433628.698894,253.52916061936304,68.58068243072023
2433632.983301,254.0700285115377,72.090049715306
2433640.428684,292.0676264714052,24.07727320764068
2433647.706865,318.29678890404165,33.20040351732564
2433655.137852,357.4784431325144,70.3860371770312
2433660.993173,407.1940585491807,114.1019267149548
2433669.473805,445.0773484596019,145.43150879166885
2433748.49611,264.70550976421646,57.84339483536839
2433829.409917,402.3516691929171,107.15409806513992
2433836.81825,333.80813096210034,59.825278475712174
2433843.001478,278.1404091681701,13.458781157801802
2433849.989255,193.5124357394293,-65.01159480574249
2433944.863068,264.70550976421646,57.84339483536839
2434284.002639,-605.3036199523923,676.2506837016625
2434290.988393,-543.3093304283881,709.9160675930012
2434297.967444,-496.5052874990277,735.8576485083945
2434308.170911,-444.61006428250494,762.6764661162553
2434311.9874,-393.49275450979167,788.1175158301174
2434319.014035,-399.53065042210255,816.7132275257514
2434328.085366,-413.75209998235033,834.3425527995634
2434332.97366,-463.4849741997834,867.2363614445914
2434339.967263,-488.3262955274558,899.5787668608951
2434347.642099,-506.38813940159935,918.2556183572112
2434873.964858,-611.6953383500489,487.2954394762142
2434878.999632,-597.3682535228317,437.1912638740407
2434887.146607,-579.5852812057179,422.9197973685559
2434892.966007,-537.1934148462332,313.5739487099063
2434899.987245,-518.7442802967773,232.27919676784992
2434906.957349,-508.5898395494792,183.43394999683943
2434913.959624,-498.8651390922464,144.34369721096704
2434920.973452,-480.4490097139146,88.76998974411161
2434927.970785,-462.9071920394909,38.77750790312048
2434934.95521,-450.91970696245625,-4.00154134541161
2436178.986479,-439.3656143834238,-21.0075323763758
2436186.040285,-451.9758915062333,36.60822548185257
2436193.084322,-468.0125036652277,76.14571303335694
2436200.000221,-468.0125036652277,76.14571303335694
2436207.065729,-472.3082113453471,84.06605808951412
2436213.979557,-485.42558998328144,130.69086379919833
2436220.989933,-494.87044944150153,168.61231309544078
2436227.989188,-509.9305757947932,218.533416102532
2436234.981863,-536.7823363156806,295.7425827566276
2436242.164373,-503.7469467253544,330.6910960847745
2436249.187041,-459.6258708729324,345.8430922495899
2436256.020304,-414.5189541429732,365.57246820451184
2436262.988827,-402.4649830324277,372.4239768556109
2436269.98852,-341.5373663776214,399.6375216562956
2436276.988206,-234.52787371525892,431.8693587740999
2436284.024494,-163.21159152042344,455.7403543177231
2436291.047757,-103.31250219910014,464.12511456582126
2436298.124462,-25.109027753228855,378.7526062425123
2436304.961596,1.6884127411374048,348.6671459148005
2436312.016465,1.6884127411374048,348.6671459148005
2436319.063574,1.6884127411374048,348.6671459148005
2436326.088702,252.31060759589303,58.1373786763777
2436333.064715,290.0816698462164,19.70483712870805
2436339.970968,359.50091917223773,65.71690189692362
2436346.983122,403.8987476554539,104.08667527185384
2436354.05358,423.2890680707628,91.93081441012716
2436360.990195,461.310622642421,54.93593533882636
2436844.192393,402.1535625837085,104.10017319479546
2436851.01975,361.7063877033892,72.34050796408201
2436858.070291,310.3717160743542,42.78983108920769
2436865.070255,251.24618965145575,64.42259721363139
2436872.014763,226.81963525743703,92.799529900619
2436879.025633,174.09596073127187,159.0490174134453
2436886.016394,174.09596073127187,159.0490174134453
2436892.989767,174.09596073127187,159.0490174134453
2436900.011226,-49.59240934956647,414.44274774776153
2436907.022247,-62.77338526284248,428.1955622490257
2436914.129854,-111.81694614060748,480.58627880333233
2436921.016909,-145.10557729759813,511.42739082650144
2436928.068357,-176.76488746812944,548.9460173580426
2436934.980672,-183.1002065941404,557.0426358299934
2436942.805078,-183.1002065941404,557.0426358299934
2436949.011582,-201.25925633956527,584.2822443010714
2436956.056317,-253.6821873398349,638.8042585793883
2436962.992319,-283.66191096532515,673.339735067503
2436970.071977,-307.0551712077197,694.7931216005732
2436977.131309,-335.93574071565564,712.0706796307957
2436984.003505,-353.0619175497187,752.9364149537245
2436991.101973,-369.9204260686007,783.9271634795723
2436997.999766,-419.5567467343143,829.3558161813235
2437004.990729,-446.9303107305994,860.8690893309832
2437012.016583,-466.96386014388247,889.0014152075415
2437339.924977,-593.7288862547178,693.4892362271312
2437348.997364,-593.7288862547178,693.4892362271312
2437354.323758,-504.1300443666548,737.3978504547059
2437354.32446,-504.1300443666548,737.3978504547059
2437357.358602,-478.4834349351892,750.7261299368264
2437366.39277,-411.2649320681083,782.853758429937
2437371.360725,-392.1732556716252,792.8561557702434
2437378.355821,-389.8225450117818,799.9764880865787
2437385.353811,-435.6616221292508,849.1963478968083
2437392.358715,-463.55924014354446,878.7540435071727
2437399.355659,-496.5844209978928,916.6243430607772
2442242.806947,-441.71015470213024,-20.55496059507724
2442249.818366,-482.4869977781472,97.85836465181576
2442258.888479,-507.5518254617215,181.7974712161424
2442265.711267,-531.225999643191,263.4324078574152
2442270.912477,-511.8024907936879,329.547787051865
2442279.383971,-462.9822964840866,346.0411412999732
2442284.836453,-410.9848199580486,366.4306373756615
2442292.579368,-316.6332903499774,379.5257400134882
2442298.855342,-240.38689275887728,414.15350020421647
2442305.843207,-168.29896655268507,441.4693008819157
2442313.71694,-130.44763332986597,449.59587542817405
2442320.141558,-130.44763332986597,449.59587542817405
2442326.833674,-104.42410806817207,454.0631521967056
2442333.859931,-6.685875100031096,480.2579243326744
2442341.132201,52.48337947783888,500.5490473612323
2442352.599817,74.35280065425582,509.4410726180462
2442354.833298,75.50698247729784,510.3692699938795
2442362.40219,95.53030225805078,518.7985931988459
2442368.838923,115.56384555690444,522.1557808681811
2442377.717904,169.49480748524795,480.1615866649878
2442383.135927,201.24207337876396,448.3714438895969
2442390.152109,178.80926811681954,444.4802290483936
2442396.838297,101.02865344641263,426.2946986965953
2442403.845602,59.130636512680525,417.2736076281509
2442412.419537,49.4282668957139,416.55021066880056
2442418.228414,49.4282668957139,416.55021066880056
2442425.237559,49.4282668957139,416.55021066880056
2442432.25036,49.4282668957139,416.55021066880056
2442439.247843,49.4282668957139,416.55021066880056
2442446.153966,49.4282668957139,416.55021066880056
2442452.842406,49.4282668957139,416.55021066880056
2442460.160794,49.4282668957139,416.55021066880056
2442467.138316,32.79428886884399,418.554096059743
2442474.162766,-11.0067452515184,408.6885480125613
2442480.823877,-55.3237094193283,410.0732882966026
2442488.139275,-92.83305682819694,457.7735401433077
2442494.853921,-136.16775298969853,505.0254722294493
2442501.857676,-200.38602865443545,576.4338163398121
2442510.194627,-238.46433302465888,618.334942749233
2442515.8758,-280.60842782835243,666.9833480192257
2442522.858158,-332.80401988001034,712.9240916020617
2442531.357666,-359.92439281287284,762.6300961736803
2442536.875818,-382.182215747634,796.547882314531
2442545.191193,-441.9242985881938,866.5272367440392
2442550.8556,-477.0640978526972,903.285585837976
2444385.132936,285.7312064061161,873.9118403656443
2444392.146784,284.53532384969816,870.0124724498917
2444399.155622,284.53532384969816,870.0124724498917
2444406.025751,243.08369444164717,835.3388729995489
2444414.350744,162.76832748880705,803.1066253256957
2444419.803225,107.3093243093152,753.3766985405972
2444429.330884,137.31321302954888,640.6731286317071
2444433.880133,152.83246103533313,589.3901658789622
2444440.845633,126.46522218025169,552.9957206721261
2444447.795839,123.20720852441156,548.311623824705
2444458.310987,123.20720852441156,548.311623824705
2444462.140815,123.20720852441156,548.311623824705
2444468.847958,123.20720852441156,548.311623824705
2444475.810029,123.20720852441156,548.311623824705
2444482.811052,123.20720852441156,548.311623824705
2444489.819594,123.20720852441156,548.311623824705
2444496.889296,123.20720852441156,548.311623824705
2444503.845039,133.9627444191918,533.6028606672949
2444511.177042,158.26014386052694,542.3269262517464
2444518.959076,158.26014386052694,542.3269262517464
2444525.528715,158.26014386052694,542.3269262517464
2444531.813257,158.26014386052694,542.3269262517464
2444538.820343,158.26014386052694,542.3269262517464
2444548.965193,158.26014386052694,542.3269262517464
2444552.864135,158.26014386052694,542.3269262517464
2444561.144117,156.15958801125765,552.7864676056607
2444566.820553,156.15958801125765,552.7864676056607
2444574.259945,156.38320651047206,571.1416204561747
2444581.147194,156.38320651047206,571.1416204561747
2444588.156849,156.38320651047206,571.1416204561747
2444594.861165,156.38320651047206,571.1416204561747
2444602.357576,156.38320651047206,571.1416204561747
2444608.872683,156.38320651047206,571.1416204561747
2444615.840386,156.38320651047206,571.1416204561747
2444623.216452,156.38320651047206,571.1416204561747
2444629.84192,156.38320651047206,571.1416204561747
2444638.098879,156.38320651047206,571.1416204561747
2444643.811681,156.38320651047206,571.1416204561747
2444650.841273,156.38320651047206,571.1416204561747
2444657.838122,156.38320651047206,571.1416204561747
2444664.84458,156.38320651047206,571.1416204561747
2444671.886979,156.38320651047206,571.1416204561747
2444678.842561,156.38320651047206,571.1416204561747
2444685.842052,156.38320651047206,571.1416204561747
2444692.981501,156.38320651047206,571.1416204561747
2444699.851084,156.38320651047206,571.1416204561747
2444707.267587,156.38320651047206,571.1416204561747
2444713.884034,156.38320651047206,571.1416204561747
2444720.850459,156.38320651047206,571.1416204561747
2444727.929258,156.38320651047206,571.1416204561747
2444734.853345,156.38320651047206,571.1416204561747
2444742.017032,156.3902157090792,571.1617113879582
2444748.850655,156.3902157090792,571.1617113879582
2444756.145539,154.30933712129442,583.50631278181
2444762.819415,154.96438586646448,592.4168420963367
2444770.249398,166.43834678463713,599.0832844028297
2444776.849061,173.15947048621933,582.5646265741918
2444783.808105,173.0054356910279,575.6876909766954
2444790.880542,173.0054356910279,575.6876909766954
2444797.820881,173.0054356910279,575.6876909766954
2444804.848756,173.0054356910279,575.6876909766954
2444811.824585,173.0054356910279,575.6876909766954
2444818.845763,173.0054356910279,575.6876909766954
2444825.847359,173.0054356910279,575.6876909766954
2444833.152003,173.63283650417526,571.573601006186
2444839.854622,173.63283650417526,571.573601006186
2444843.165873,173.63283650417526,571.573601006186
2444847.017949,173.63283650417526,571.573601006186
2444853.800749,174.21951173107217,570.9338383043718
2444862.850619,184.4606873918428,578.1793086452026
2444867.868426,143.52809198864952,585.6559425704651
2444874.846999,117.86137104459722,561.7155433741115
2444881.825403,111.17388224181748,556.2956353248895
2444888.844356,111.17388178544913,556.2956355355151
2444895.856891,109.97528815404776,555.8652216241358
2444903.166631,81.47587923011525,543.7657889053856
2444910.15611,-29.71826670824813,497.6597106159575
2444916.807236,-84.24112478371454,475.858145490885
2444925.346109,-108.04944388067248,497.08007190502656
2444930.839183,-99.5223491141155,571.9781088540083
2444938.284785,-81.89564716465173,627.5739801236692
2444945.681269,-72.5686717957104,666.2846808730028
2444952.162508,-140.33867052541422,721.8622761105172
2444958.855575,-190.7709571286269,763.4650892560702
2444959.455892,173.63283650417526,571.573601006186
2444965.862525,-221.55425521507456,788.7463756563968
2444972.826285,-248.22430586303528,807.2831229253123
2444980.000745,-251.0695717115912,810.0762036096937
2444990.062321,-251.0695717115912,810.0762036096937
2444994.376237,-251.0695717115912,810.0762036096937
2445003.282663,-251.0695717115912,810.0762036096937
2445013.503785,-251.0695717115912,810.0762036096937
2445015.19965,-251.0695717115912,810.0762036096937
2445021.898753,-251.0695717115912,810.0762036096937
2445029.450859,-251.0695717115912,810.0762036096937
2445035.844936,-251.0695717115912,810.0762036096937
2445043.397013,-251.0695717115912,810.0762036096937
2445050.765548,-251.0695717115912,810.0762036096937
2445057.148977,-251.0695717115912,810.0762036096937
2445065.659325,-251.0695717115912,810.0762036096937
2445071.215117,-251.0695717115912,810.0762036096937
2445080.611839,-251.0695717115912,810.0762036096937
2445084.858075,-251.0695717115912,810.0762036096937
2445091.825944,-251.0695717115912,810.0762036096937
2445098.807073,-251.0695717115912,810.0762036096937
2445105.860219,-251.0695717115912,810.0762036096937
2445112.858916,-251.0695717115912,810.0762036096937
2445127.577537,-251.0695717115912,810.0762036096937
2445127.586287,-251.0695717115912,810.0762036096937
2445133.844313,-251.0695717115912,810.0762036096937
2445140.81441,-251.0695717115912,810.0762036096937
2445147.812216,-251.0695717115912,810.0762036096937
2445154.8656,-251.0695717115912,810.0762036096937
2445161.816197,-251.0695717115912,810.0762036096937
2445168.853135,-251.0695717115912,810.0762036096937
2445175.91587,-251.0695717115912,810.0762036096937
2445186.848095,-251.0695717115912,810.0762036096937
2445190.036758,-251.0695717115912,810.0762036096937
2445196.860304,-254.0883026619564,796.6258978158849
2445213.081438,-225.239047455687,746.9763116273898
2445213.090668,-190.48265237087247,699.7730694110222
2445218.208119,-159.06007101573837,645.1970765738288
2445224.926811,-121.1602781926744,592.6946248858115
2445231.850819,-99.09382041171874,589.8696341612585
2445241.243028,-84.86213859805429,605.3493720951329
2445245.848341,-64.79274699347683,655.0661478796497
2445253.580327,-37.68488557000164,656.7332714536769
2445259.814014,-1.7124617481354167,622.4995502174307
2445267.153344,47.40909872909045,586.1063167677847
2445274.205491,81.27028887266525,558.7196325618565
2445281.152442,110.03653356851714,536.6549380728675
2445289.136906,164.1602704904751,503.3498535689756
2445294.860683,192.01641732785183,482.1362976655265
2445301.821487,211.59263473870217,468.1292573725463
2445310.401266,283.3116892603396,413.1951773868233
2445316.15078,326.1250283702715,385.1698120311311
2445323.392499,328.7123018646631,383.7990646401058
2445330.835129,328.7123018646631,383.7990646401058
2445336.834489,328.7123018646631,383.7990646401058
2445343.808077,328.7123018646631,383.7990646401058
2445350.837836,328.7123018646631,383.7990646401058
2445357.839034,328.7123018646631,383.7990646401058
2445365.143715,328.7123018646631,383.7990646401058
2445372.134498,328.7123018646631,383.7990646401058
2445378.877985,334.56314292280825,367.8601007259573
2445386.326265,297.6996351803649,328.27960116548377
2445393.476339,196.5539211846359,236.17668779784896
2445400.186201,127.81175046028584,173.69199999537298
2445408.930446,55.797163896130016,103.03886238320032
2445415.507145,-6.718490165825109,-7.409373611323073
2445529.631082,173.63283650417526,571.573601006186
