time,x,y
0.0,82.23917962039516,44.71842044258664
2166.3609969999998,52.24674067746523,26.315014573871885
2181.4008219999996,179.23932274085692,130.87200224877523
3096.397808999999,-254.66894160879605,962.2858778681496
3113.160983999999,-261.430372382977,878.8656519979629
3128.9712949999994,-256.38668359489594,767.7675440758228
3141.4513349999997,-261.61874312247187,734.1406661820226
3156.600007,-354.0797322809895,793.1529224377914
3171.4195929999996,-431.8751880380457,851.486537578742
3187.5151499999993,-368.0058897717876,767.5043047594075
3201.3880209999998,-288.9806303231788,714.2822045941405
3220.061978999999,-288.32755643774385,654.1614628766969
3231.947351,-271.1717120806592,715.6705974925287
3248.581099,-197.928687481435,669.0583620642117
3264.1914669999996,-152.67489932853857,663.0438444929342
3276.4083329999994,-170.05562681730157,652.3421130009309
3291.3744899999992,-170.05562681730157,652.3421130009309
3308.863042,-115.38164203141936,599.6520545396473
3321.363074,-95.34131885793946,594.5894196153745
3338.5480039999993,-86.47710634684599,599.4399081425125
3351.460464999999,-74.80143980219944,594.884869567851
3351.470585,-60.20312239952466,587.9895564185671
3367.4442520000002,-51.10406883417551,602.7165147964781
3381.8484789999993,-59.82472126639205,608.7665746471982
3397.049107,-68.24829561566845,616.3338700792939
3411.407651999999,-60.4288353561378,599.4276902875312
3428.938460999999,-57.12446405685833,595.0214874028256
3441.68861,-54.2632204003879,591.437212984529
3456.3990089999998,-53.76449434542707,591.195077310149
3473.998140999999,-53.57529377878672,590.9962594853995
3486.4114849999996,-53.45579868407426,590.9240630695197
3504.777895,-53.42509508346521,590.9429452096217
3518.333092,-53.42177577529924,591.0062559126374
3531.3702559999992,-53.43007404571421,591.0617916178699
3549.064517,-53.44335127837813,591.1162166090819
3562.0807240000004,-53.406838888404906,591.0728987587742
3576.3949199999997,-53.362028227869295,591.0473523341982
3591.424937999999,-53.35787909258809,591.0817844712869
3606.4085999999998,-53.34709134097496,591.213959449901
3621.400354999999,-53.25747002005119,591.2161808782934
3639.030485,-53.07241858869201,591.0329130505278
3651.4185609999995,-52.92139006610787,590.8807452188627
3669.5668589999996,-52.76787206262036,590.8607523647416
3683.278829,-52.75625448389201,590.9207309271085
3696.407065999999,-52.80687393379179,591.0406880507851
3714.3450999999995,-52.7794896412013,590.9795987743951
3727.0077520000004,-52.79774583626165,591.0751201868143
3741.425097999999,-52.83093891806888,591.2039630226602
3758.791963999999,-52.86413200002357,591.3161451471577
3771.623618999999,-52.85334424841039,591.3627951391783
3786.3995270000005,-52.83176874518411,591.353909427019
3803.994335999999,-52.86579165410652,591.482752262532
3816.408998,-52.917240930974096,591.54384153823
3831.3989429999992,-52.88736715733283,591.5860486741781
3849.0260389999994,-52.904793525277945,591.6549129487283
3861.4017599999997,-52.84006701559904,591.6027093858929
3878.954336,-52.845875804963214,591.6693522316981
3891.9099560000004,-52.86164251882536,591.7670950725458
3906.3901079999987,-52.82678978293509,591.8037486391014
3921.4521909999994,-52.80355462562581,591.8392914898706
3936.4260839999997,-52.79027739281445,591.9392557580605
3951.393346,-52.75957379205802,591.998123606089
3968.9970380000004,-52.72223157496957,592.0214486019307
3981.434903999999,-52.6699524711342,592.0292236004266
3997.0037139999995,-52.629290945732365,592.0725414507561
4013.092819999999,-52.59609786392512,592.112527159381
4026.39555,-52.52556256502944,592.1258557276262
4044.056583999999,-52.484901039627616,592.1613985791089
4057.147317,-52.44257986029015,592.181391433951
4073.9913640000004,-52.41353591361669,592.2213771411641
4087.9016469999997,-52.37619369652827,592.2613628487304
4101.380404,-52.356277847532326,592.3057914134398
4118.973664,-52.32142511149471,592.3368914081358
4131.397195999999,-52.28740220257225,592.3746556873114
4146.706390999999,-52.22931430937269,592.3835414008896
4164.107138999999,-52.19280191925202,592.3924271127012
4178.047325999999,-52.190312438201246,592.4690663871943
4191.3949920000005,-52.16541762680897,592.5012770941469
4209.097258999999,-52.10815956057719,592.4968342387713
4222.039387,-52.04509270498128,592.485727097858
4236.391296999999,-52.04592253209647,592.5679199424591
4258.139119,-52.02517685583796,592.5990199368059
4258.51797,-52.024347028870125,592.5890235092058
4258.518664,-52.024347028870125,592.5890235092058
4260.910864,-52.02019789358897,592.5834699394549
4275.91758,-51.9886644658647,592.5756949406028
4293.872222999999,-52.02268737478713,592.6245663614038
4305.881483,-52.04177339681527,592.6900984935776
4320.915558,-52.04841201314726,592.7167556318448
4335.9140259999995,-52.05339097554364,592.7400806262804
4351.568097,-52.05007166723023,592.7556306257542
4365.915205999999,-52.05007166723023,592.7778449079395
4382.968952,-51.9944732552289,592.6734377811446
4395.885222,-51.95132224877626,592.6167913618448
4410.916732999999,-51.899872971908685,592.5579235152112
4425.977349,-51.88244660396354,592.5590342288789
4440.904436,-51.8691693711522,592.5779163686445
4457.299893,-51.89655366374269,592.655666356107
4470.877786,-51.915639685770806,592.6956520626222
4485.911041999999,-51.864190408903234,592.6401163584012
4503.595587999999,-51.80278320739027,592.5879127944785
4516.509353,-51.772079606781205,592.5390413761518
4530.915733999999,-51.79365510986012,592.5834699394549
4547.404814,-51.77456908783199,592.5734735118551
4560.909954,-32.97317769429614,636.7632356957213
4575.91528,-43.10038697036386,550.7684174218551
4583.300468,19.152408234306748,524.8643453087179
4593.249557,62.58638567728905,480.7145766048501
4605.872176,133.52249109548222,449.11143453628887
4623.500106999999,139.6358269470195,444.6086005901346
4637.482729999999,138.0757520996358,446.5678998174367
4654.397662,201.7956815180404,387.50125076778266
4710.904184,255.13779389019183,219.60134022539512
4725.903745999999,115.97496836983254,108.48002256243294
4740.938025,109.12889523608648,86.91552501431669
4755.907628,75.0105562181291,49.04798030458396
15603.692858999999,204.4818316675461,139.1923556158901
15620.938811,112.66478828126678,91.2517494431407
15636.293693,28.87383208452262,160.48028731376186
15648.197698,7.353927286600125,185.94672349908527
15666.295385999998,7.353927286600125,185.94672349908527
15680.988331999997,-264.47666747031394,495.6725609936844
15693.218516999998,-267.25326876765035,524.0646312388644
15710.956021999998,-270.63813328990017,509.7664102727265
15724.750530999998,-342.23229154097544,576.7135870131189
15738.210422,-412.4348298271184,685.8923472800099
15753.854400999997,-488.38558005148633,750.8524745400557
15768.722545999997,-527.2588280223082,779.5066847900176
15773.406507,-527.2588280223082,779.5066847900176
15783.235607999999,-543.7010211110261,824.7249816066712
15798.216917999998,-563.6210193473245,845.3242932465081
15813.204963,-578.6856995381679,854.8297884042715
15828.207737999997,-585.7583154499443,861.8084080401271
15845.825100999999,-589.7406554429675,848.3298868166413
15858.210479999998,-589.6585025654133,842.3964497103884
15876.171266999998,-642.7408790289907,919.727732909177
15891.271699999998,-675.2493535426009,927.15730342098
15903.216198999999,-675.0792389981787,876.6875406618997
15921.615999999998,-656.1542033953897,831.1515757959233
15933.442950999997,-645.0926088765005,816.882226498539
15948.190748999998,-624.4116592431529,772.6302517838693
15963.27334,-582.3759404109913,693.2186186317368
15978.837375,-581.860617815628,682.8023401952711
15993.232922,-583.3584556333502,695.6910686247
16010.031362999998,-613.3185312953221,685.8012687112307
16023.282895,-665.7445145619939,657.3114483904299
16038.219328,-721.107255733675,652.8274951098022
16053.182784999997,-737.3892921924636,635.1504787054906
16068.198710999997,-733.1762602828012,618.5775126592333
16085.781378,-703.7431248063675,604.7457895005635
16098.99322,-694.385165213804,614.2934881974465
16113.209014,-693.4831432152351,609.5773959652201
16131.004250999998,-631.7755444469396,611.1090707586789
16143.59176,-567.1162508646016,646.2976063035369
16158.209423999997,-506.9869831155729,678.4794403028168
16175.796555999998,-490.437742336373,678.2050938806906
16188.180916999998,-477.3646470525948,649.08216680531
16206.323964,-437.8756674088508,633.4644145850812
16206.883523999997,-420.0825158849357,641.9780388000798
16206.884107999998,-420.0825158849357,641.9780388000798
16209.109004999998,-420.0825158849357,641.9780388000798
16224.107635,-304.72576870090387,653.321762932671
16239.135475,-262.0934041930795,704.2424579604586
16254.084425999998,-217.6138446775532,700.7936900691358
16269.353992999997,-156.92527346065756,632.7246789441616
16284.11721,-119.70089180860217,623.062576411203
16299.267981999998,-119.48762625754333,630.5643398787888
16312.503572999998,-527.2588280223082,779.5066847900176
16314.131145,-118.57315685238598,631.0352826866566
16329.087003999997,-68.78436388771537,592.0003450351903
16345.546396999998,87.55588150755902,459.85536973571686
16361.641340999999,128.69787664706,451.9748548582468
16374.110641,72.18665477876307,346.09717580110646
16389.146183999997,-5.138289072081751,273.08552736395467
16405.575703,-100.15597538180674,199.59739125655543
16419.09163,-190.33079104400736,78.05203357417527
18179.914214999997,-527.2588280223082,779.5066847900176
90861.82173,148.14404365477205,42.42479779763507
90879.377023,165.98283567327536,115.3353448306863
90891.798899,205.0046227067342,117.45458575466998
90906.76764399999,269.300452091278,232.89880182034696
90922.97925,256.64641946053945,143.9295479099266
94314.747881,128.19334180275166,31.028881052178757
94329.403637,109.04342305029836,61.97890298219128
94346.95299399999,102.40480667807633,55.861094830846
94359.377179,42.4896342642835,27.914441462255507
99723.974651,149.62943406811888,66.40287358271405
99740.610657,149.62943406811888,66.40287358271405
99753.941012,229.20403903532645,174.85625035796602
99768.906756,229.20403903532645,174.85625035796602
99784.395176,229.20403903532645,174.85625035796602
99806.380834,272.20816606171985,277.669442184953
99816.589116,272.20816606171985,277.669442184953
101355.99358,92.4153486919785,963.209992541334
101368.781564,24.425959115105385,860.7854399178134
101386.420495,-81.28736799783823,792.52425805682
101400.588387,-32.0852627545849,698.4967329144417
101415.32611,-42.38009709392133,678.7215760098154
101431.327582,-40.47979315739251,679.4279902762772
101431.559699,-40.59596894393931,679.344686707034
101431.560375,-40.59596894393931,679.344686707034
101433.92795,-40.59596894393931,679.344686707034
101448.903064,-110.84663722226284,591.9747986102459
101466.652427,-225.5967808643374,535.1228997674959
101479.906724,-259.6960338560606,528.1320658634128
101493.942909,-254.02416599374493,533.4712680450355
101511.0489,-296.41173152344925,533.6911894169851
101523.959437,-409.2225693312605,476.8193029382285
101538.97821,-519.029433207203,429.5784210039034
101553.902521,-635.1811546426776,411.35605034060376
101568.92201,-687.3092299962774,437.23901426512646
101586.670923,-724.631531195692,418.38242580030135
101601.885038,-726.8994485109527,350.5555805042685
101613.9287,-694.9303615827387,233.1076159531981
101632.484133,-658.2337499718554,127.9597119897182
101646.303484,-612.5949221113806,-4.566141409840671
105079.135681,-265.4683107908557,866.4700771296415
105092.111716,-268.6191640859771,828.5391752459889
105107.169891,-268.4971795100871,774.3063198449083
105124.18925,-284.9451813966256,744.6102597487061
105136.525012,-373.6885453845721,823.084456277122
105151.524465,-439.3320138749187,859.5481038844473
105166.51689099999,-446.1009130902544,861.6107008463075
105181.496048,-442.0405693534552,866.4078771129757
105196.552006,-442.87537536196527,865.9558162768764
105212.668219,-442.9741247803726,865.8247519556435
105226.494272,-450.1156163395365,853.5335845111273
105243.141566,-451.9254691271325,847.7589795365295
105257.11523,-453.5818039111626,848.0466546052656
105271.511728,-453.77515361298816,848.1288474817532
105286.550706,-453.8896697453945,847.9033724276253
105301.496591,-475.4867484472956,831.2382115276041
105316.507373,-482.4805307915984,831.0116257652762
105336.537004,-480.2864680818455,830.9894114759833
105346.529708,-470.94012606176045,833.4407584283655
105361.525321,-502.9531938448072,804.9242743417185
105378.16239299999,-491.64431086137495,818.5582946759149
105391.536978,-508.8549237960905,800.6435807677005
105406.499656,-493.0716133804607,818.0373695753256
105421.523013,-475.76557033470726,834.8291515863116
105436.524323,-476.042732568184,834.8113801546993
105454.720133,-469.8497333231843,843.7070928692925
105466.49754,-469.8729684804812,853.6124452442667
105484.135353,-470.6189829948836,849.9126550538919
105499.157068,-469.4414584164799,849.7649300176366
105514.343662,-469.1037188087807,850.0414979421028
105528.789333,-469.1402311987346,849.98929435817
105543.203981,-469.1543382585062,849.9626372091167
105556.526104,-469.1576575668178,849.9626372091167
105574.205409,-469.134422409521,849.9404229178268
105586.507072,-469.09708019245227,849.9426443461783
105601.534913,-469.0024799091823,849.9859622142296
105619.180091,-468.9651376921137,850.0115086491072
105631.523166,-468.935263918341,850.0203943656941
105646.525688,-468.9319446101769,850.0037336463432
105661.910217,-468.9078796259126,849.9926265006976
105676.559696,-468.88381464150086,849.9770764987023
105694.321876,-468.8904532578293,849.9237621995371
105708.193894,-468.89211291205874,849.8793336169583
105721.534724,-468.914518242241,849.8537871827875
105738.720947,-468.97011665436,849.8071371711541
105751.65949,-468.9734359625243,849.8004728836263
105766.53943799999,-468.9833938870169,849.7715943044566
105781.555571,-468.958499075638,849.7715943044566
105796.49967,-468.9211568585693,849.7671514477545
105811.535496,-468.9103691069618,849.7615978744036
105829.423971,-468.8879637767797,849.781590736632
105841.533563,-468.8771760251725,849.7793693072201
105858.411179,-468.8356846728247,849.7926978819225
105873.03756699999,-468.7767669525416,849.8249086043261
105886.53446,-468.7385949085054,849.8393478924972
105901.52087,-468.7112106159294,849.8349050354402
105917.158194,-454.71202834804575,861.044236413843
105932.887917,-450.1413409778839,862.6247832542012
105948.591774,-448.89660040872906,860.8676327962853
105961.50162,-449.27417171471086,859.6580646273017
105976.81687,-449.4534143567659,859.5136717328047
105991.499974,-449.3961562905619,859.5325538802532
106006.521675,-449.35466493821247,859.5492145989839
106023.76527,-449.39366680936513,859.5780931776012
106037.840909,-449.51150224993694,859.5492145989839
106051.500463,-449.5405461965965,859.502564586748
106073.132246,-449.7056817787317,859.3848288432223
106085.951947,-449.8243470462708,859.2881966755092
106098.327351,-449.9031806156905,859.2104466556016
106111.52600499999,-449.9579492006973,859.1538002125625
106126.500847,-450.2666448618991,858.9349894421666
106141.64838299999,-450.6749197686213,858.6717500882976
106156.519518,-450.8126710583264,858.5951107833033
106171.533398,-451.28816195574456,858.3029928515942
106186.504184,-451.503916987754,858.1852571070842
106201.502778,-451.8341881520232,858.0253142106409
106216.553611,-452.08479592005295,857.9009141778834
106231.524547,-452.4922409996584,857.6709962612387
106248.329935,-452.67148364156486,857.5299355122676
106262.954885,-452.88474919252417,857.3722140438884
106277.900344,-452.99179688134006,857.3344497490377
106291.87518,-452.96690206996,857.3633283262053
106309.869487,-452.920431755512,857.375546186782
106324.497329,-452.9146229661507,857.3522211819296
106336.546867,-452.8772807490806,857.3744354726024
106353.858681,-452.83329991553467,857.3577747538917
106371.377081,-452.8988562522964,857.2877997372128
106381.60253799999,-452.8640035162759,857.2778033053502
106398.248297,-452.8424280130605,857.268917588374
106400.625305,-452.8349595697643,857.2644747305928
106400.626022,-452.8349595697643,857.2644747305928
106403.14440399999,-452.8349595697643,857.2644747305928
106418.76185,-452.9752003405184,857.1645104193934
106436.333975,-453.0349478877711,857.0856496853949
106450.614213,-453.2216589731212,856.9301496461214
106463.09279,-453.403391096224,856.7679853193072
106480.117156,-453.42247711839,856.7279995950485
106501.961224,-453.4440526216056,856.683571012659
106510.675068,-453.3527716464967,856.6513602894287
106526.04796899999,-453.34613303016806,856.5880495599762
106538.093406,-453.2772573852422,856.6247031402776
106560.065564,-453.19427468069136,856.6235924257454
106578.100535,-453.1751886586728,856.6102638506404
106583.093261,-453.2598310173056,856.5003031086774
106604.105237,-453.403391096224,856.4047816563568
106617.358582,-430.3358588673999,812.8525543186074
106629.737862,-394.2466806281707,774.6406448857135
106645.79607899999,-322.98196372053746,702.6319222274981
106658.060497,-316.5217601647789,693.4185472023994
106675.708098,-296.78017473200765,652.2632522905467
106679.817649,-296.78017473200765,652.2632522905467
106688.096121,-273.6064246348713,712.9104724134933
106703.135453,-194.68489355683175,679.479083132818
106718.088129,-138.7396137366386,641.5804031199144
106735.616452,-116.93839757065928,692.1878757799001
106748.096208,-190.5291197080143,774.2485626942474
106765.648717,-170.53941598548462,812.1794613382749
106779.934129,-76.62125051531652,887.7324867505862
106838.092036,-255.2879925854905,912.9457091312046
106857.528537,-215.4554645296618,919.9221079768676
106868.063736,-212.66973513477464,921.2138691463812
106885.859253,-211.87973978648776,919.413400655433
106900.216606,-97.89718616118428,960.2243912945662
106988.074195,97.12959614331707,929.7197222150264
107003.09488799999,87.97328451200619,923.7196414679712
107020.85303299999,68.93373275636323,894.8743817986311
107033.48407399999,-80.43264613994583,762.7793256772962
107048.09776,-44.41649266613948,663.3170801930942
107050.888493,-296.78017473200765,652.2632522905467
107065.050601,-44.72269884629472,669.0117120659925
107078.097631,-76.83783537439832,601.3059078617497
107095.224761,-78.17302709233613,604.3525966993452
107109.647698,-78.92899953162876,604.5414181010408
107123.098666,-26.219215362474905,551.6392172226283
107140.867088,85.58006330976589,468.9965449726437
107153.091392,148.47846395461673,475.1021392486394
107168.111012,152.46495308594498,420.1717857356729
107184.56052099999,269.2390448897755,334.5135430036034
107845.637316,-296.78017473200765,652.2632522905467
186942.649084,66.85750548587221,36.83902142595885
186960.06460399998,175.6436821485643,135.53255526265963
186972.609711,208.839253488476,167.60440277679373
186987.6132,207.70902905114252,167.9298417912644
187004.849576,263.48336449598327,222.3414703186173
190245.48328,248.4444089337928,203.70258806240756
190257.671834,98.64154102203712,73.93128759532445
269324.337773,91.2560803080226,960.465416394455
269339.35256100004,53.63753080741485,888.6055084417239
269354.305003,-82.36780281248916,837.1294413777446
269371.84153700003,-65.88992714944789,725.2582835713912
269386.99313,-43.94598073073578,643.8573672134779
269401.307756,-108.97537723230752,592.2624735634579
269414.32911000005,-118.15160471266422,599.699815246961
269430.790235,-119.03371086313062,598.5213475689162
269444.33988800005,-168.96689373229455,560.4482902799498
269459.910234,-206.1597419553133,548.2215501522346
269474.33864200005,-211.4332928355552,549.6421533948335
269489.33770900004,-252.9121977515267,540.4587698653861
269508.70813900005,-329.2845001373547,517.0415867512568
269519.305315,-331.8818587923332,506.6708504748922
269534.33899200003,-335.88743394496504,507.5316537907756
269551.27650800004,-373.3284004464722,486.9701173713402
269565.03901400004,-408.13549590085177,489.269295189834
269579.30828700005,-488.0129877077845,470.7881264776989
269596.219316,-561.3091211973532,440.80773782076153
269609.408231,-599.5392532000285,422.133306315718
269626.38848,-640.3551262725753,446.0891821481616
269641.67059600004,-725.3568000334463,429.3285103951626
269658.495949,-713.1118721503739,305.72717789690967
269677.03324900003,-665.3038764007105,172.33604171585137
269684.55850800005,-625.3750884432314,32.176247708560865
353467.745337,120.29753745517976,35.16517673608746
353475.969005,134.67097172779833,96.8464119997674
353489.097596,185.924409427334,154.91005989004296
353497.21236500004,191.448568075665,143.380855530677
353506.768218,191.448568075665,143.380855530677
353516.014226,197.6706112701523,191.39255129247533
353529.639159,227.6472834962339,216.41026048346964
353538.484353,250.18704573129477,259.47595442912166
353546.005866,265.58116726921736,288.43447804418264
353558.59157800005,258.11106419747074,278.01376338644724
353571.54445800005,259.2130745151854,295.8807018805993
353576.015136,267.4026376361263,283.7272739391281
353595.981938,268.64156941631484,277.6461172004574
353607.879024,264.36630047329726,282.8586959314485
355123.39699100005,211.20840970608,159.57505593475915
355127.35271,143.0555442057392,137.77952828390102
355137.305508,92.7987287875028,109.77178208431803
355147.53995,18.196447476748645,176.72558096918243
355157.32406,18.196447476748645,176.72558096918243
355167.4993,18.196447476748645,176.72558096918243
355180.119863,-247.38471979539483,487.2855601247396
355189.46192200005,-268.73119073722336,482.3984188940357
355197.633817,-275.91002451565834,509.94745664863495
355209.55737800006,-352.45659057857904,607.0405248877964
355217.338705,-386.0620964712856,637.2497285074884
355230.88960800006,-386.0620964712856,637.2497285074884
355242.435929,-455.0730031130535,714.345515310565
355248.73333400005,-520.8334772052898,774.5873305936827
355257.35365600005,-567.358560362002,822.6024061817741
355267.34026400006,-571.7641121485649,841.997703189748
355278.52127900004,-572.847866270524,843.8525964749489
355289.29903500003,-578.7454470854018,835.2756588265839
355300.258961,-628.9250885448544,828.4758645199797
355312.05119200004,-628.9250885448544,828.4758645199797
355317.309666,-628.9250885448544,828.4758645199797
355330.46211300005,-759.0419692881832,749.7884101639902
355337.341557,-759.0419692881832,749.7884101639902
359050.902337,-23.03350933091772,886.7061864422187
359063.728889,-75.54247535474616,906.4291462297076
359073.586642,-93.41612010990475,958.2928583517672
359130.896705,-241.47137226255072,963.9175178389586
359141.40285500005,-264.76876659064146,886.5284721026891
359150.914248,-249.59122991175508,841.3579316139479
359162.91442700004,-249.59122991175508,841.3579316139479
359170.898454,-274.0412540071917,735.8533877155957
359182.98510800005,-282.1038535898361,722.6347763146346
359190.95534100005,-282.1038535898361,722.6347763146346
359201.124239,-282.1038535898361,722.6347763146346
359210.941697,-459.6063482660956,853.7157416992217
359225.380874,-492.2069335985702,934.1759095816772
359261.465045,-543.2944058584782,962.7301637686476
359271.66621600004,-638.449013548596,933.1307270474366
359281.747022,-665.9569502857124,926.47421388689
436915.09526300005,185.2821232934332,-20.783662606759
436925.525005,166.91473144649376,4.297348878987809
436938.37332400004,127.01083826150958,53.56414000626358
436944.26402600005,125.00763577116732,63.877111804935815
436955.84532,123.15048284100602,66.03744894514158
436966.519007,122.28746271271667,69.20742438092154
436976.974399,122.61441456897272,69.32182783945271
436984.842957,64.45349653199992,123.49575528205628
436996.602245,4.359911302583513,190.06191663711823
437004.54514400003,4.359911302583513,190.06191663711823
437014.259556,-243.6280927562962,487.4810457746165
437024.26769500005,-234.0518886404772,529.2372262869918
437036.350273,-135.97463001767798,560.0973046403084
437047.77586700005,-60.24129444372821,605.0279108873813
437054.29634700005,-15.88371949786007,621.3109801869863
437065.736678,-10.49482265762552,637.5251856245112
437074.27154600003,-23.613558436390747,660.5791696269032
437084.477132,-40.72791144434832,687.5039936848807
437097.773158,-72.09869311162798,744.4325454497862
437104.27084300003,-59.28035472378129,826.0134104393336
437114.572355,49.13654890706804,879.042255621495
437124.269151,97.61836427377207,902.7793378896084
442650.30559400003,-262.6145355781503,938.900889939192
442658.840418,-267.15451934906554,884.6624715464411
442668.999001,-244.6346729636084,790.7804363664567
442682.161849,-256.0273684838462,749.8150673091176
442691.397745,-250.9787007334829,743.934945412124
442701.713637,-306.55553733812604,765.0618437761971
442712.48604700004,-358.00398438298737,811.2842254605611
442722.033086,-372.85290954897926,801.3888701749801
442728.737839,-374.7216800571525,805.93280308569
442739.607511,-376.8443776414048,805.1630779536343
442752.047375,-378.69489195465775,807.252331887227
442759.948371,-382.8465166669506,811.3442040428125
442779.75352300005,-382.8465166669506,811.3442040428125
442779.75415700005,-382.8465166669506,811.3442040428125
442784.37670100003,-446.7896695386395,868.3482954926609
442836.488604,-526.7451650807984,973.710689895528
442852.945635,-529.4064204173668,969.7121167341209
442856.49418800004,-547.3281951288254,965.9401294074968
442868.316972,-565.5611549806232,962.022638472544
442876.492326,-578.2591684365349,954.265406704126
442886.258195,-603.3133066042602,956.9655542345891
442896.28483500006,-620.1206235894798,948.6152008648568
442906.32048700005,-623.2797751527029,940.8046549540996
442918.84370900004,-626.0049271708818,939.35184011054
442926.974808,-628.6529052738853,939.5973080614136
442938.59324200003,-628.6960562802964,939.5628759061404
442946.50466700003,-628.7450160759184,939.583979486409
442956.76712000003,-628.8288286075441,939.6828330956577
442966.352314,-628.8504041107494,939.6839438098876
442976.552532,-628.8703199598735,939.6828330956577
442986.294998,-650.6665571423285,925.100259820635
442996.258256,-688.3224488188865,922.8477304421308
443006.44894800003,-698.2928207713697,923.8840272404664
443018.547716,-679.3619763806904,878.2069982369145
443026.28030100005,-663.9288529861112,868.9814028065408
443042.126208,-644.7059094731991,844.4646001888256
443047.86485,-643.2329664671217,797.154826632923
443056.96004800004,-621.2135058088066,764.1355079623586
443066.59552200005,-618.6534893726482,745.0834240714828
443078.632365,-612.719396168228,740.8116166153311
443092.30982200004,-612.0040852548403,730.6063731247688
443096.296573,-612.9368108542268,733.5175554302558
443106.278759,-602.5847184580527,709.1484830408284
443117.165427,-577.7172913755637,684.1874008825209
443129.441928,-555.0049251307048,670.2790370132421
443138.555628,-551.7627908623086,666.7069800265748
443149.22271600005,-551.7627908623086,666.7069800265748
443158.48383200006,-551.7627908623086,666.7069800265748
443166.28344900004,-556.826395495493,666.7514085955455
443176.42164500005,-556.87037632888,666.6503336007696
443186.586415,-556.4928050230004,666.7514085955455
443196.277054,-556.3973749126371,666.8769193047098
443206.256682,-545.6179215871484,663.9901730165647
443217.082462,-545.6179215871484,663.9901730165647
443226.546249,-499.1683526877741,683.9497080304009
443237.47522,-490.7066062992826,673.8433190203422
443249.37214000005,-480.8631978788271,642.7055565961459
443260.217866,-466.6739852178249,612.2308920375486
443266.455957,-412.5900074847726,623.3591370907394
443276.284644,-393.1413510026763,617.585644923998
443288.70353,-389.19469357074456,628.8316257738319
443296.46125600004,-389.55483850883365,635.394835825721
443306.26226000005,-375.6195529212023,632.8279753619913
443316.50806100003,-301.6487700129869,649.6042024810246
443327.614826,-273.5242717572618,661.489955290449
443336.49867,-266.96863809062233,672.9147619114688
443347.65927,-272.9259664568369,706.1417794155251
443359.903393,-252.4831771685577,712.8549366985953
443370.32914000005,-236.59613836485445,704.8611258268996
443380.559115,-188.47861707618767,668.8306656452295
443393.47426700004,-157.85633940691497,654.65684141504
443396.29296800005,-148.45356914307817,648.4934882772949
443406.298274,-128.43814078123782,630.531018452184
443416.62313400005,-126.1005179913426,623.0548014122224
443427.95569800003,-118.1267099012726,628.1663079872416
443436.265138,-132.32422084008775,624.3287905532192
443446.30059600004,-134.42700257598608,627.1866580931987
443456.271094,-133.04451071650251,625.4217332870571
443468.496609,-132.19808712904788,626.2969760468842
443478.38816200005,-132.07112359089274,626.5180081657837
443489.102711,-131.84541063428722,626.4424796028644
443496.329235,-66.68573128703026,579.2893329610592
443509.40280700003,-25.99018309769414,550.8217316954176
443519.150839,31.05544738996633,508.4990856457473
443533.329142,91.71248518363996,466.53187085957137
443536.44788800005,99.644801921306,449.9011520881351
443546.29637600004,144.2264301682409,416.9018443066336
443556.53595600004,235.65179518615292,357.90295154949973
446227.131241,189.14164888649088,128.32624737557504
446236.91274600005,113.50208377120146,72.69506380715907
446247.19291700004,62.62289806740957,14.634755565355595
446257.099766,43.9949405267001,5.328090613199236
446268.019228,16.326017313854674,-9.799821332458537
785113.46924,144.72100708804624,21.072448693019112
785122.572791,94.16130479787437,89.98664707629422
785135.5327379999,42.1485753480904,159.55506309442916
785144.66016,42.1485753480904,159.55506309442916
785152.521062,42.1485753480904,159.55506309442916
785162.567418,-237.9537354128191,445.85260009840175
785174.716301,-255.4539579947962,467.6336990333868
785187.671684,-253.44328706124747,477.2869134917712
785193.141341,-357.58824103274566,599.5032188472302
785202.5633599999,-375.700046144716,615.664109449889
785212.5759309999,-358.7948095580807,621.3509658973019
785223.1594049999,-371.4355649538776,623.3169299533638
785234.170456,-422.0749306227306,673.2324261857475
785244.652361,-463.3787420176442,706.186207987563
785255.2313219999,-507.83506635661234,748.5577386335503
785262.56057,-512.1194633951762,759.2583610327669
785275.1789459999,-534.9106632132205,782.8688173823517
785282.562052,-504.36804895831256,787.6626609106564
785295.195345,-504.36804895831256,787.6626609106564
785305.803416,-504.36804895831256,787.6626609106564
785312.5567729999,-504.36804895831256,787.6626609106564
785322.540447,-549.4152101492697,812.8136793112257
785333.1507499999,-573.8668938828533,848.3665403960717
785343.537252,-567.7560475169976,857.8664820266235
785357.168177,-623.1370449008168,810.0990931048694
785364.312207,-631.9556169158741,780.296402750893
785372.669393,-617.7655744336242,755.6385428263839
785384.6811899999,-573.0926652489694,687.4529008291794
785392.7495609999,-534.5654551621336,665.5718300801855
785407.474308,-495.64407722334994,671.4486191106483
785414.395562,-478.6268139896047,618.7974340610551
785422.912671,-407.94380585309,637.5329606235509
785434.731908,-339.0864172084467,653.1418272306827
785443.020361,-291.16224562803063,650.5483095548246
785453.0302599999,-265.3438367337674,681.5194652240194
785468.714156,-247.08017326936675,698.8854829160866
785474.4056879999,-206.14314541433757,667.8454621169201
785482.566538,-150.90155893026224,639.7843782773446
785495.066334,-151.74632286347554,627.6942544674744
785507.188182,-151.74632286347554,627.6942544674744
785512.773514,-138.79438232166996,611.4456171414547
785523.269839,-164.0742334663033,620.3579874433627
785532.619557,-134.97385859962813,618.0232662979444
785543.454562,-107.17714202244288,588.7870491416137
785553.8980919999,-106.50747159591592,590.8985166452986
785564.246247,-104.88681937410468,591.7981950675874
785656.851724,-105.6502602568352,591.8814986258227
785658.1388119999,-105.8029484334992,591.9392557580605
785682.1974589999,120.10833688854476,437.9309889837707
785682.198216,120.10833688854476,437.9309889837707
785689.242916,118.9681545266331,434.156783385185
785699.276254,118.80301894442184,434.3789261506524
785709.2604009999,119.5183298584463,435.2941543463276
785719.243816,121.579620241993,408.470415925996
785729.30043,20.772230629192894,348.8106493127093
785739.4509759999,-80.10652411065078,217.60872029421503
785750.249276,-184.333630979106,93.92301476313344
785759.443654,-189.40221457897357,-8.699104696525495
785899.25289,161.0827069638256,-6.167789641049799
785909.213489,189.4827078026556,33.00150756090414
785920.9466179999,253.35366574048464,75.69732158203615
787682.133662,162.06190287863134,24.297959560723296
787690.457623,150.76961643000752,59.744148073911006
787700.10535,146.20224836596833,60.76045062816462
787710.110547,138.98690219661597,55.84554484712821
787720.078633,136.60612840028588,93.92301476313344
787730.056276,201.03970907881143,139.02574861916924
787741.279259,225.27314831627572,164.64768381479163
787752.139615,267.9826867414985,220.7820286262011
787763.586124,277.7049404170718,227.89503763125663
789640.359418,210.5993166539989,168.98835162674953
789650.0892599999,142.2987419392102,113.9580603776285
789660.134832,41.9792906305929,22.841814673467344
869830.233196,-621.9611799769832,29.89706438105312
869842.525012,-646.6178309864991,91.57607770533237
869852.848964,-660.2303138436566,157.67795753988574
869862.1290879999,-671.5848373091685,207.6178528964431
869870.155725,-661.804495749344,202.56077466197547
869882.835922,-673.2843230985876,210.03365461516367
869890.5619099999,-668.695379536318,225.65583928501937
869900.129906,-666.1751947986418,220.3999431977761
869910.305623,-667.3261649109445,218.66834092610432
869921.4053219999,-667.0548114671237,218.31402333423603
869932.438436,-666.9859358222386,218.35067687828027
869942.708973,-666.9784673789469,218.3273518959326
869950.117829,-689.2908569810083,264.3308832533121
869961.938792,-700.5358432754782,275.4557900747285
869972.08985,-706.6367317141506,295.9784446769893
869980.16273,-713.1956846819763,320.3019619655838
869994.679226,-715.294317280045,357.2842840225018
870000.3560789999,-679.1603284085821,391.8274808233555
870010.131268,-650.6117885573519,394.1522047137351
870020.999171,-645.4013045375391,391.9763164659639
870035.614199,-622.7146629345168,402.5847436190087
870040.16224,-567.7784528471741,423.1407237391687
870052.440798,-537.322970435836,434.67770817142224
870062.243304,-498.8513587561972,455.1281715130321
870070.384308,-404.2967159849772,474.3257502319738
870082.857129,-353.3577827508293,499.26238844271165
870090.391402,-308.8093475960314,503.0788015567964
870100.1921389999,-271.0074063254396,502.4790160244688
870110.205066,-264.87249497147474,500.4986130603507
870120.161968,-260.4802204147932,497.861778163786
870130.2472389999,-184.847293920922,422.2565955476631
870141.725219,-184.847293920922,422.2565955476631
870153.84418,-184.847293920922,422.2565955476631
870160.171221,103.07613675868764,86.22799353078142
870172.2685799999,140.70215470185764,93.27102609541556
870182.8592869999,196.89472298163145,142.00579244163353
870191.653967,225.5519702039546,163.9890307945557
873715.137778,270.9418499889516,201.67775749124613
873726.7969869999,188.8371023604437,118.69747391061738
873736.699779,110.80597569700927,72.68839952735401
873745.135667,52.35046905831557,10.40516011464986
873757.382569,54.366118954270405,-2.0426013300757013
873767.777094,14.892076177296046,-9.909781923094634
879225.7848039999,251.0890677307963,208.7552234514752
879233.795044,128.83728759076362,109.96837833093456
879246.323188,119.62039858521076,101.20929361365828
879255.504535,124.20021405487869,102.86536706604495
879265.885913,138.55456230543436,95.41470263665909
879276.384841,135.3696861009864,98.14816791502274
879286.8896049999,129.15926048491684,92.611262436795
879299.279888,50.72317821999121,19.26865061268777
952494.973976,-612.5924326303324,-8.628019060797591
952506.08017,-630.1955537518904,44.0564354066463
952519.225612,-640.302017341678,72.40849980312338
952524.327394,-654.3294137219302,124.84971477780805
952536.028272,-668.3136590952892,185.28140617673927
952550.9603169999,-679.1204967103406,195.9620262501436
952553.80912,-695.0233022118656,251.28444225344177
952564.499556,-708.5652497680119,322.7588605166247
952573.7822649999,-715.397215833651,337.9667517609572
952583.797391,-716.0087983660767,357.4875446287394
952594.1145769999,-675.9688135911218,391.6508773364148
952604.063537,-639.7551613185642,399.3114701394263
952616.3308209999,-601.9133883780246,411.4326895920991
952627.567661,-544.339987936352,435.29637577382834
952637.064206,-490.31824724173015,457.3440456739738
952646.362634,-454.7867127821853,458.75354157568376
952653.841258,-427.280435683392,466.1986566939794
952664.878609,-320.1688500334592,503.7396763561238
952674.567722,-244.15586275771,478.25101315985154
952685.924132,-193.64512026751373,409.86991529389417
952693.825631,-193.64512026751373,409.86991529389417
952704.547237,85.26223955088638,111.26902356053932
952716.776503,176.86269807973434,119.4027768413142
952723.7920049999,227.115364359382,167.27674233519437
952733.8114349999,261.79051732128687,206.2627825114008
952746.356962,260.1341825367018,227.4974022084897
955394.4891969999,193.80444706064677,839.9228884319023
955400.199898,121.83852628055364,910.2177939214788
959177.01194,93.4742080033983,977.3016307584164
959186.995973,98.67722358504194,942.9083486235978
959197.711972,105.80294843364663,936.24406035926
959210.1501709999,104.09516437181614,932.685330454054
959219.241905,104.09101523668244,935.1677778106244
959229.2392749999,102.6072844773768,935.0133884672778
959244.508417,79.61360684520571,916.654385405841
959247.654138,42.96346550785336,899.2505974670503
959262.5859439999,41.81581470245961,887.0893829854758
959267.249938,82.57028061193888,904.4842848750686
959277.209805,90.06693815027785,900.1236191753455
959287.268311,89.50182593170965,905.3384244411216
959297.026864,97.0076115675558,897.741136272723
959307.649556,96.61427354738709,896.950307451311
959318.659785,95.8715783407639,898.2098578491817
959330.299179,96.19023192660968,941.0479014759964
1046321.4385020001,216.28612140334323,162.23188226857792
1046331.4448759999,135.7364696555248,98.70907810215618
1046343.2928749999,54.81920452172783,20.58817777961026
1047008.744718,12.096388857599711,-18.98875034321581
1047020.023566,75.92668527738832,34.168867058898925
1047028.9876420001,83.46483416811677,35.6039084218895
1047038.78759,84.60833583821453,37.256649563653696
1047048.748427,118.58228495006333,73.47034161792718
1047059.000194,186.73763993294844,134.8372487330942
1047070.3139709999,216.5466870959665,157.59909689099027
1047079.80725,216.2321826452833,157.2481114748295
1047090.935619,214.77832565989317,159.43621676585545
1047100.959809,249.2219568763529,188.76571409931196
1047108.785481,266.8549517854406,204.8210764813471
1047122.53909,266.9619994744389,207.22466034265616
1047136.0673079999,267.39931832796105,207.02806406473644
1047138.951799,269.1112515246699,205.4253045852864
1047151.007898,268.50713743487813,206.24612181053672
1048664.9666340002,247.6444556610412,173.3334623228402
1048668.799243,151.09905776745532,106.31746385247536
1048680.9408500001,67.84168036312607,112.59965805202552
1048689.001809,5.222101603936754,186.61093010894285
1048698.8576180001,5.222101603936754,186.61093010894285
1048708.9676120002,5.222101603936754,186.61093010894285
1048719.819451,-254.45152692263045,497.8295674588266
1048729.187484,-252.4201103131186,507.0929217776597
1048738.767889,-249.16552863694977,504.2583797702558
1048750.912223,-252.7478919964506,501.7737126690481
1048761.012915,-255.3684858090192,498.92250997581874
1048770.9058470002,-316.07116407862674,543.5165655511538
1048780.837491,-371.752558885688,598.2958726046811
1048788.9918930002,-383.5518696563959,589.6434097108349
1048798.787677,-386.0164559836512,599.0889224824209
1048809.0062900002,-403.192216186472,620.9944266533311
1048818.9565350001,-403.192216186472,620.9944266533311
1048829.965573,-483.5924990333565,719.2060011825948
1048841.5873840002,-527.8297490300104,765.546115258553
1048848.7654040002,-546.2195461954097,820.7797236781146
1048861.443254,-570.833876030115,823.684242111351
1048871.483651,-581.3627215880467,815.620454831794
1048878.783399,-600.839592180793,809.919157358244
1048888.768325,-615.2520283120147,820.8019379694056
1048898.823547,-626.7791558046447,802.3618560519402
1048916.9695660002,-676.8575583569476,778.1971524758768
1048916.9701800002,-676.8575583569476,778.1971524758768
1048917.737011,-687.6146063489628,771.3440444879245
1048917.737596,-687.6146063489628,771.3440444879245
1048918.899778,-687.6146063489628,771.3440444879245
1048936.3447460001,-721.8872931564019,765.9570795886441
1048945.4776740002,-791.112295108384,721.5162869838416
1048945.4783370001,-791.112295108384,721.5162869838416
1048946.559962,-791.112295108384,721.5162869838416
1133736.359377,192.40950779553367,859.8424432461345
1133736.359928,192.40950779553367,859.8424432461345
1133736.925987,188.6827545298534,861.7584258845792
1133736.926715,188.6827545298534,861.7584258845792
1133738.806455,188.6827545298534,861.7584258845792
1133749.424672,163.80039054100425,858.8527965627219
1133762.4883430002,171.43479936872862,832.7354547045977
1133771.098214,171.43479936872862,832.7354547045977
1135819.372813,228.42649109274817,157.28365430322086
1135825.126631,228.42649109274817,157.28365430322086
1135837.312412,11.458251858778782,159.13410273728988
1135845.1244100002,11.458251858778782,159.13410273728988
1135855.09541,-253.4773099701648,441.1653876762752
1135865.0852140002,-305.129064645488,531.9595862920901
1135876.6679850002,-353.1694120112129,463.3752220072888
1135885.104301,-363.337282809377,454.2429325624112
1135895.0861520001,-363.337282809377,454.2429325624112
1135907.91932,-363.337282809377,454.2429325624112
1135918.7364140002,-363.337282809377,454.2429325624112
1135925.139099,-589.2336311178752,387.9999612397263
1135937.5000840002,-589.2336311178752,387.9999612397263
1135947.1794180002,-589.2336311178752,387.9999612397263
1135955.3292190002,-589.2336311178752,387.9999612397263
1135966.5205370001,-619.510700710795,400.4899374472556
1135988.273668,-634.1878516688694,426.3073688144507
1135988.2743620002,-634.1878516688694,426.3073688144507
1136026.5203860002,-644.2860169881237,432.00977356068665
1136026.5211160001,-644.2860169881237,432.00977356068665
1136027.6174990002,-643.97981080828,432.0797485312456
1136040.240089,-642.5201450348495,431.3322381291422
1136047.6199150002,-641.0106896386781,430.90683473425673
1136060.1704320002,-640.8048925314148,430.80131692240775
1136067.8128240001,-640.8264680346197,430.8024276356245
1136082.185454,-640.8189995911799,430.8113133456056
1136087.810707,-648.805255078901,431.7032165439312
1136097.6107750002,-683.6306067032301,432.87279820317855
1136107.5802560002,-692.5719931192913,425.71869049301336
1136118.490523,-691.5156232902948,396.33920010695823
1136129.3271380002,-676.3621516107087,387.1169438119429
1136140.441822,-626.4737794517514,409.3656512349026
1136149.916447,-542.7591674139265,432.2385806083921
1136159.801503,-507.2973384306681,447.1699067236056
1136167.6208310002,-419.1099585868186,478.7341737080324
1136179.2478150001,-300.70608648830114,503.9318298697107
1136188.1043190002,-283.816616613626,493.1723439303808
1136201.5409300001,-272.7840660318077,499.9976810724788
1136207.6058790002,-273.33175188248936,501.1861449918284
1136217.573124,-219.15151419448932,447.5797601348904
1136227.681671,-219.15151419448932,447.5797601348904
1136239.511409,-219.15151419448932,447.5797601348904
1136250.438692,77.13989241941687,113.4915608048644
1136260.164151,89.46199423342354,82.92584313720191
1136267.8870080002,87.67952573740385,78.39191181448098
1136279.7964320001,87.96415641447614,81.94952622361312
1136287.918249,162.04447651068733,119.90370852771578
1136298.0511150002,202.65040337600828,155.3499023734746
1136307.575038,196.2449684042907,162.35739287709154
1136317.574582,243.22479681182637,185.5368702569024
1138318.6001350002,247.41708305037716,204.20685195737548
1138328.670374,202.5732294606404,159.97824487989587
1138332.6320200001,158.13848060277718,128.37178662077326
1138341.878491,87.15839435225489,61.69344969595333
1138346.62296,65.85673406778818,38.45066618405849
1138353.8291800001,58.70445475359358,28.430923061030487
1138362.8519980002,51.4608944643775,18.7077404963442
1138368.67938,43.15266607449416,-2.0214977820172275
1138954.67276,-791.7628795118964,88.04512036014198
1138964.717128,-788.9115937844416,69.15411014823357
1138968.5823310001,-788.9115937844416,69.15411014823357
1138977.452665,-766.8896436560868,-15.628843399799436
1143260.4161470002,186.7310013164696,153.46724326525236
1143260.4196610001,154.21422849994337,121.3609643529289
1143266.050799,69.35196558778115,40.01121814186499
1143274.66329,5.716678523767325,-6.255535972690014
1211113.6780440002,211.3851628670061,202.8351208774817
1211117.906647,147.76232321349056,138.11718513037502
1211126.9848290002,43.58915510097539,43.93314624819184
1211134.533023,14.453927496730005,2.1936583153181703
1297183.7022310002,141.63819961022742,91.36615290512106
1297190.704929,184.9925136541308,120.3968652244214
1297197.702607,184.9925136541308,120.3968652244214
1300872.703739,240.606692480417,189.2000030376108
1300879.899445,150.70820922849757,115.4464161582043
1300889.2597440002,126.3527854135708,91.88929883669624
1300893.7345760001,124.60765913467289,90.89743192283164
1300900.829846,124.40767081657292,89.13695145985542
1300907.694018,124.71719630488388,89.5734617575245
1300914.679122,125.11468346018032,89.34798697248254
1300922.5087400002,125.29392610216968,89.38130836861974
1300930.8029790001,125.23251890080606,89.3313262740605
1300935.7035750002,88.5242896707958,57.53716100202687
1301937.69857,-786.7648312183169,744.5002990272287
1301944.934881,-696.6339965073001,774.5095805840745
1301951.9576150002,-651.6980321602488,797.4847088273121
1301961.47979,-627.2820309942555,791.5512721956717
1301965.7366590002,-566.0017931418924,741.483598804548
1301972.699562,-578.8151525572723,694.3948650560743
1301982.999968,-555.8214749439378,663.5858730370387
1301986.730871,-492.6749560525003,675.848158238447
1301995.268933,-463.26173640419086,676.0158760903402
1302003.351957,-452.1578207001108,650.8726381032336
1302007.734995,-465.5329730293648,610.5914779707915
1302014.6997810001,-467.7469515883256,612.649631267787
1302021.733062,-466.74037138140426,613.0783669258307
1302028.7331780002,-434.2733882014783,621.1654766335312
1302035.734806,-409.58022478828593,636.8520928311648
1302042.7481510001,-366.7487017965888,648.7167418315481
1302049.9250150002,-310.57687920477605,635.0949429975245
1302056.714419,-292.179613586891,646.9140526835981
1302063.9462390002,-277.9505692226366,668.4896763741966
1302070.93659,-268.606716680283,720.5810655179896
1302078.049448,-235.35803641158495,733.207666126669
1302084.74561,-191.19049186408583,677.1854581963253
1302092.042663,-142.42321599601897,661.4421945790665
1302101.015964,-114.59828529955,685.5169258592084
1302105.7347010002,-93.0526558635236,714.900872469954
1302115.8533130002,-83.27978273661205,748.9287172358139
1302119.712343,-80.44841285380781,821.2206773374631
1302126.763399,11.357842786093766,870.544178233804
1302134.784457,82.69475466889911,903.5168524159958
1302142.480673,98.71954476452603,922.320140967546
1302876.354739,94.45008461007954,973.4607790728164
1302882.746578,99.70786877690082,932.470962516571
1302891.974505,82.90387108468069,924.1816987756598
1302896.733407,74.17823969042858,911.7428051515942
1302904.597815,25.9329250316095,873.1943432515066
1302910.730319,-79.15471248824045,821.1107166008021
1302919.8951090002,-82.58272801748748,752.5363175436822
1302924.732795,-46.971530142461816,687.7694543954121
1302931.9352240001,-58.06797740886076,615.6907665895467
1302938.7614230001,-66.70066817392453,599.5887438352773
1302947.825991,-68.72212685923496,593.5209126445847
1302952.733524,-68.97024514618887,592.7178663458644
1302961.915467,-72.79989696588902,591.7859772123049
1302966.742147,-73.37081797397258,591.0162523398762
1302973.754369,-38.81598992909046,567.6001780770687
1302982.5280310002,28.787530071764383,510.39840651681936
1302990.7057,81.14048861083144,472.553050854293
1302994.900559,130.85044800559868,434.23897621007313
1303001.7352210002,144.4396957192963,441.1687198184199
1303016.5463,143.68372327988334,443.1624511640984
1303016.651488,142.48047406239567,441.3808661625276
1303022.7438800002,153.2541186071588,425.4854405921915
1303029.739239,200.0206814657565,386.1539549952484
1303038.8890230001,263.4493415870664,326.3431334198982
1303059.835257,273.2877710490767,234.37271860444235
1303064.7391000001,250.48329398690805,193.9916206619983
1303071.93765,241.002519981442,181.41168072805507
1303080.867065,223.3346723357738,171.06760704860338
1303085.735965,187.86288540790903,141.08612181599693
1303093.8711650001,129.54430023451647,90.48202517676964
1303101.868866,41.73615130603355,11.028270157715673
1306604.230656,15.908614309399924,21.829955032009337
1306613.390571,77.30087886649774,62.73418794362402
1306618.204964,131.2960651295934,84.27313826796836
1306625.264858,156.2846469809715,113.45935012062644
1306634.3395790001,185.37340426843295,138.99909149937145
1306639.2046160002,202.28859878373868,159.56394880100723
1306648.7284380002,195.02595247299465,169.1049765297962
1306653.2046120001,201.9384117700489,169.02389445535934
1306661.740011,193.17626798652853,175.1072715802146
1306669.311337,191.36724502516284,174.5474720400609
1306674.202029,189.6710785421654,175.67373540105487
1306683.387488,189.6710785421654,175.67373540105487
1306688.203336,187.65127951109125,178.28169041322448
1306695.410744,186.43309340675324,177.33425190050636
1306703.3814400001,186.3476212209699,176.97771290721914
1306711.828079,186.7417890680819,175.47491770734894
1306716.203139,186.7417890680819,175.47491770734894
1306723.228202,187.61393729400584,174.58745772033473
1306734.198573,187.61393729400584,174.58745772033473
1306737.1964460001,187.3981822619072,173.96767965817668
1306746.702616,187.3981822619072,173.96767965817668
1306751.228207,187.3981822619072,173.96767965817668
1306758.168239,187.23470633378736,173.8243976327726
1306767.880668,187.23470633378736,173.8243976327726
1306772.2362320002,187.22225892809212,173.81551192648186
1306781.5642920001,187.22142910097705,173.81884406673854
1306786.209029,187.22142910097705,173.81884406673854
1306794.7488010002,187.2944538810652,173.7777476716493
1306803.3608330002,191.9058027783657,176.3223920130575
1306807.203526,267.2955899471281,256.6736242174774
1307584.2360780002,266.1330022550373,212.04182451097907
1307593.3489090002,169.09468709770866,108.84100437161148
1307598.2039760002,107.94971100299723,56.43200139984879
1307607.731906,37.72642701704294,5.512468984468796
1308980.874486,-792.0607874211775,755.7584999812486
1308992.653788,-775.1215279456877,765.3939473831864
1308994.863243,-766.9037507158451,783.6596460626934
1309006.853733,-746.1904378361978,776.5810629853403
1309009.648946,-742.0023007380291,777.6706738379784
1309015.8482050002,-728.4006056362822,780.575192074434
1309022.8569170001,-693.0283979943778,800.6780129157651
1309036.0456750002,-683.6621401309184,805.55960302172
1309036.830512,-676.7953213285367,816.7233943251553
1309043.8626950001,-666.9676796273457,825.0870745361094
1309059.428121,-655.9284904390141,829.3055682619619
1309059.435343,-643.174878573981,809.1194429300718
1309064.8211410001,-615.6071942876567,764.1010758156832
1309073.007321,-593.9827313011087,719.5125583365872
1309082.0418150001,-583.8040727569894,693.1486436322579
1309085.8449580001,-573.2196287870269,656.8538341332774
1309093.049869,-564.5653625255613,653.0207593818582
1309103.0497400002,-534.2625682903546,658.8131340137177
1309106.84428,-490.27509623530256,686.449925843798
1309125.2191080002,-475.9746867503766,655.5909520694865
1309125.222672,-472.62550479237706,616.1350522479605
1309127.819805,-433.534012303345,626.1947903438123
1309134.8376540001,-391.7057502127223,643.7007565131421
1309145.0403880002,-363.05514161358855,650.3883667096361
1309148.8445050002,-303.8735363242417,655.9497127606073
1309159.194019,-279.4060858619985,655.8764056224827
1309162.8496700001,-278.7862050583559,676.1002903727989
1309169.859533,-275.9938370473502,725.4804264399055
1309180.085314,-243.4115078970953,717.4288582631893
1309183.850178,-200.9426193141546,676.7322867824084
1309194.0183690002,-156.95265775324663,606.4218571176866
1309197.8522050001,-143.53684389243932,614.0913382231714
1309205.052868,-140.36358526673018,606.6029035210369
1309211.868004,-138.0326010930375,613.9835989513123
1309222.0124300001,-116.69442841899186,604.0738074547123
1309225.860605,-61.98725054964528,582.3249145523738
1309236.067636,-1.2439107426552112,529.2838762749807
1309239.849528,34.039505449330015,499.8277418389582
1309247.0669260002,65.73972845412693,478.7108487164388
1309257.152944,112.12706035514736,450.5220411340559
1309260.858494,114.71612074032387,438.7506957942466
1309270.587142,126.1121355700706,423.68497350546585
1309274.857724,168.5951312156639,382.9917529742616
1309281.9686780002,214.2381082526196,359.18582586901533
1309291.646095,249.32817473823863,331.2747019974779
1389740.2839020002,-784.746691844075,759.0240002946015
1389743.3634610001,-755.1625278509872,761.3465041000712
1389751.206003,-738.6788434211854,777.5773738268583
1389757.590112,-707.0441767934583,784.3238532961668
1389764.38216,-675.6816934333167,807.6977283932121
1389775.4405130001,-661.4684157957612,800.8468415147256
1389778.386069,-694.6606677928766,799.3773662742598
1389785.4485630002,-694.6606677928766,799.3773662742598
1389794.826355,-694.6457309061472,803.2759740619243
1389800.8503430001,-677.1944681374802,803.4225883721617
1389810.702492,-663.4600007052976,799.2629626855078
1389813.4084060001,-655.7268424668903,800.1937414075502
1389820.3630350002,-683.5102817815406,806.1571674109692
1389835.442774,-644.3938945039978,814.7796439597553
1389835.4463310002,-610.9900366048688,802.5595632280647
1389841.431141,-627.5201913564832,774.4962520106264
1389851.3335860001,-612.7725050992769,748.768774363726
1389855.410295,-612.7725050992769,748.768774363726
1389869.522692,-612.7725050992769,748.768774363726
1389875.30377,-572.5018283923602,688.0882293923283
1389881.085988,-572.5018283923602,688.0882293923283
1389881.086638,-572.5018283923602,688.0882293923283
1389883.9560530002,-572.5018283923602,688.0882293923283
1389894.2673580002,-524.4365862388979,664.7598979769258
1389897.957783,-519.8451531933987,653.3506415027518
1389915.560972,-519.8451531933987,653.3506415027518
1389915.570263,-519.8451531933987,653.3506415027518
1389918.9824720002,-519.8451531933987,653.3506415027518
1389926.400178,-450.7371567970716,611.3523171542854
1389937.228824,-413.0439228790118,639.5822282967542
1389939.9259070002,-411.37182138098376,634.7795001702573
1389951.7071810002,-404.300035293142,638.6358998096416
1389952.138314,-399.1177653895386,626.541333164533
1389952.138882,-399.1177653895386,626.541333164533
1393634.6299130002,-788.3141183117912,467.4948597975449
1393642.286264,-763.7445991541741,462.7721043720551
1393652.471146,-752.2929859281005,416.067698246748
1393655.481691,-742.0794746532997,379.3297297894423
1393663.572905,-712.0613111106621,370.9005233348149
1393668.5560060001,-686.2370934534182,379.3574976325426
1393675.423874,-664.9047295918986,385.1509804844042
1393684.5424060002,-651.5959634335878,395.0963114084408
1393689.524654,-637.2980434361862,409.3067834053685
1393696.598871,-614.2454481054936,413.6163529030056
1393705.677651,-558.4105353260128,436.1538468520868
1393710.444026,-517.3241386276454,445.6104644800681
1393718.715082,-471.3193570218056,462.8942828983937
1393724.3892970001,-448.8210861476209,458.550280936888
1393731.451083,-422.5437829038489,469.5174697866252
1393740.507952,-360.6511326606088,489.5303129617412
1393745.4194550002,-292.16301704606445,500.5186059120871
1393752.604122,-240.72950688313156,461.8524332824033
1393761.425091,-179.34637042971812,392.1662485190428
1393768.534261,-179.34637042971812,392.1662485190428
1393773.4277380002,-179.34637042971812,392.1662485190428
1393781.2066580001,-179.34637042971812,392.1662485190428
1393789.516949,116.162509282385,65.65869574913923
1393794.408391,170.96345760638877,106.38743878654648
1393803.5327640001,209.5255204559257,143.40529122338228
1393808.418937,240.7535718675527,177.63858736800984
1393818.019661,265.7985819553798,202.2708784587633
1393822.42372,274.5582362571214,222.5269594654252
1397514.6202180001,234.6684501361364,193.0430714124292
1397521.8024880001,189.67688733152917,155.6120307222683
1397540.457749,138.41266188053342,100.92161888275548
1397540.461316,61.35575216730943,29.5271969105844
1397544.511996,47.111770913433,7.489538268463422
1397544.512596,47.111770913433,7.489538268463422
1397547.238363,47.111770913433,7.489538268463422
1397554.427624,44.25882552751788,0.3343246336272583
1397568.958079,14.488780232767878,-11.9923688920444
1468068.602614,250.77954224237376,255.26523947833311
1468073.516389,179.07418715865288,189.59874914842632
1468080.5233820002,140.0416123727267,151.91113388155463
1468089.670388,112.02084249324874,114.10245310234508
1468094.5243550001,60.83794009032152,121.71972474202256
1468103.186808,53.108101151844856,153.85043936528163
1468110.708018,53.108101151844856,153.85043936528163
1468115.500227,53.108101151844856,153.85043936528163
1468124.645135,53.108101151844856,153.85043936528163
1468132.6294800001,53.108101151844856,153.85043936528163
1468136.523918,-238.4914633388805,476.651585138612
1468143.727959,-241.25063826821605,481.8363976537736
1468152.685066,-244.1716294717174,490.2467234443503
1468157.5119150002,-245.73004466486293,498.8147707247718
1468164.5139680002,-238.803478308358,500.8362700999522
1468171.861424,-235.30243799944324,494.5785077685236
1468178.548968,-234.12408359344667,493.3089617444506
1468185.5293180002,-279.9496225773948,517.9146079341542
1468192.7917890002,-336.49403751574664,512.359927374425
1468199.521747,-400.77907913614587,486.7379781623332
1468208.667823,-414.4031795808245,462.6354865651686
1468213.520342,-425.1428012124622,460.635090874404
1468222.681793,-409.880622178955,471.10912279350777
1468227.487446,-410.52705744792496,472.0632260264949
1468235.117705,-461.9116078001932,463.7406468746268
1468241.581763,-540.4771430374316,443.7489080751832
1468248.7170280002,-627.7923746274525,423.0962951869766
1468256.6945280002,-646.6601521657925,428.5454571528688
1468264.7794700002,-651.7386936854609,445.6426751813
1468269.513493,-697.6488749839579,420.0973679102429
1468278.5840170002,-698.5409390578805,406.7954595440864
1468283.537274,-711.7700418177641,405.3981816101934
1468290.723799,-704.2036788167122,409.9632152518839
1468299.621834,-698.179964293124,395.1940542195409
1468304.532414,-674.4709757738297,382.1464998202204
1468314.389747,-572.627132276189,418.7456292136877
1468318.496908,-508.9603118309578,444.8496254940508
1468325.7272410002,-457.6072949119859,461.5525405359237
1468333.7735620001,-383.658917345227,483.0104222589194
1468339.6965370001,-318.4934292268407,520.3470715420069
1468346.7219830002,-278.7845454042733,509.4642960764597
1468355.65843,-285.09952922719884,503.7274585021284
1468360.501267,-283.9103870698132,507.04627179164055
1468367.9768710001,-243.50361869920465,449.7001128806465
1468389.720613,-219.48593449431257,414.90255947523184
1468389.724254,-219.48593449431257,414.90255947523184
1468391.050616,-219.48593449431257,414.90255947523184
1468391.05119,-219.48593449431257,414.90255947523184
1468395.7146170002,-219.48593449431257,414.90255947523184
1468412.761506,113.72696690084166,84.99954471157216
1468412.7655200001,163.2220010896513,110.088335362719
1468416.525752,204.76397286324936,139.0779521443106
1468424.821075,220.3282089465702,172.2294132323076
1468432.324737,220.3282089465702,172.2294132323076
1470735.1728120001,263.21450053296087,181.17620949006843
1470739.684963,241.25395757652907,185.4635631729164
1470750.407289,238.16949044505375,177.76076583905007
1470753.680135,200.1161115760357,148.69784021269123
1470760.9786180002,149.78129241751614,117.08249680822816
1470770.0424270001,55.20839340662148,29.046258130435817
1470893.68142,-187.85624679143012,-2.9700467396248755
1470907.238662,-190.74570456722728,46.59108281043304
1470907.654753,-186.9691616787605,70.1126556319737
1470919.728358,-194.48324558451256,85.77037968449316
1470923.6833030002,-198.9634818083528,81.45970169678131
1470929.084981,-231.78480114953905,84.86625912521245
1470935.6574650002,-281.5686151448549,124.49984009241466
1470945.835294,-267.7578036117432,183.7241860011437
1470950.5189770001,-276.8792625058473,187.46729013660092
1470957.9186240002,-329.98487416447097,194.21820619696172
1470965.859375,-390.648550555759,204.861062165795
1470970.683995,-427.921891990092,213.26583072211312
1470979.874951,-427.11861940941344,212.02072095559177
1470990.8197390002,-426.42903313403167,210.97998246370403
1470991.7703550002,-415.61389724116174,205.7607400413465
1470998.685021,-426.60827577609547,208.20986315592032
1471007.8235900002,-424.8282967620296,207.6989349774833
1471012.6973650001,-428.4488321645262,210.76561476963164
1471020.467676,-428.7990191779459,206.97474982004084
1471027.136569,-430.0495685365163,207.95662049391427
1471036.156444,-430.1118055649693,208.15210605637523
1471040.683813,-430.14499864690896,208.1221167952837
1471049.7456500002,-430.1425091657119,208.1176739415273
1471060.249244,-430.1342108953007,208.1110096605386
1471065.983287,-430.0545474987629,207.87220627254771
1471066.3711640001,-430.0445895742696,207.87109555946216
1471066.371765,-430.0445895742696,207.87109555946216
1471068.9751000002,-430.0445895742696,207.87109555946216
1471078.38495,-422.0757604498453,210.9588789076209
1471082.9936900001,-322.3413372406813,205.54304020932156
1471093.230738,-264.2385071080434,191.29036565874617
1471096.945635,-249.7488970506482,132.35702593001034
1471103.9852850002,-211.889697711132,79.97801027463832
1471113.4153790001,-195.58691555624048,80.26790642238146
1471118.8229760001,-195.55123299323816,79.79807473512136
1471128.1449920002,-175.5731468493786,97.37622221345224
1471132.2167500001,-126.81333942416586,157.88232879523392
1471139.179713,-66.26500897456118,224.3751866626476
1471148.3336450001,11.768607174216632,298.1898754299647
1471160.0555140001,22.97542143771785,318.8735842403067
1471160.0590940001,46.16825756157534,350.7133018461303
1471167.0028290001,64.62278124949644,373.59400410473535
1471173.9922820001,69.45569396863098,370.07526304434566
1471181.390269,67.08487809656785,373.9305503626297
1471196.508534,67.58443397864193,371.0449161177307
1471196.5121320002,69.48058878002314,369.2500027528243
1471202.626906,70.40999507209546,368.63911021081327
1471211.1683230002,74.07451130957894,378.7821479212212
1471215.979583,107.51571145757714,407.0731379894391
1471225.124891,121.00620975287192,423.709409209233
1471231.3503430001,160.3839925906505,474.3313038017237
1471236.985998,213.2008244446672,518.9375755050166
1471250.795634,249.45015931413155,560.8003866333055
1475084.6388740002,71.1103690993892,967.8205694945318
1475093.8730940002,51.12398468346623,958.2184404643666
1475097.226611,20.914131054100288,949.1061367730103
1475112.663989,12.735355683388422,938.8309149126792
1475114.23968,-7.262646311297908,947.7977148260692
1475186.421262,-255.2257555570192,947.2479110376684
1475188.433216,-259.59147564811155,934.5524418650684
1475195.3628560002,-263.50411017194347,911.7583551562344
1475207.871524,-258.4720389626026,851.7153447779616
1475213.240304,-263.09998440036856,809.761435902086
1475217.445495,-256.3028710632019,777.3641166566331
1475223.438826,-256.1344161728461,736.1021877310196
1475232.586178,-260.21799506824806,727.0676372288414
1475237.243744,-297.61083160545707,746.7705992029889
1475244.764095,-365.3371659909813,799.7505663362674
1475255.977709,-392.17875162900106,829.7509647846063
1475258.248041,-397.5809256999876,835.506687448581
1475268.4656870002,-431.90091267654174,852.989334376017
1475272.433679,-466.1968346661935,875.6090367860165
1475288.3129490002,-478.499020624548,874.7237972499265
1475291.7512440002,-487.7988923298754,910.5809976156008
1475295.534928,-498.7816532843114,964.676136016178
1475295.5355820002,-498.7816532843114,964.676136016178
1475333.8648100002,-534.8251910274898,966.0900759003592
1475340.700229,-558.8105119622147,948.800690223856
1475347.6504030002,-569.1111550828715,945.2919424099532
1475370.7309400002,-599.8545874774356,940.7135763472336
1475370.734416,-648.9123027678073,934.5268954268904
1481135.910773,273.4877593672949,225.42481088471325
1481140.3576490001,210.40845643329487,162.78168537836427
1481140.3582330002,210.40845643329487,162.78168537836427
1481144.9520770002,184.4763612312642,142.4700706087513
1481152.110302,125.48395649591924,91.28951369244083
1481162.140999,119.403813725986,98.78127446375562
1481169.656379,118.06862200822206,102.85203850622274
1481173.039571,118.9349614448268,101.06823303181967
1481179.871299,118.81297686891956,101.0027009503898
1481189.087848,118.62460612939957,102.18338913054193
1481197.175389,118.37399836125316,101.51696118290894
1481201.1108610001,107.39040757365052,98.32032846795728
1481207.944045,-14.559315531516605,-20.7303483804763
1732495.7781270002,82.7777373736375,976.9106591568816
1732501.9988010002,31.121003726613328,953.5167849728138
1732509.0450640002,-7.973808090213332,918.217160950155
1732516.209163,-44.76667967986263,891.0002091716949
1732522.988479,-71.88127842543057,896.9169860121076
1732534.523636,-88.64212511127646,937.0226713676626
1732537.04936,-95.46994205018012,958.7949014159
1732546.104095,-98.2033923413338,971.9468748428242
1732593.0209050002,-250.6027890814555,970.1075311896926
1732607.078407,-263.71654589585864,930.0551580524668
1732607.0820250001,-262.5033387540181,880.2296095345936
1732616.136224,-265.8284557288688,845.926300532258
1732621.0110310002,-273.4197135493147,832.4877653658785
1732628.005073,-269.0855268860193,786.3087000033044
1732637.17036,-269.5328036640363,740.2840272923903
1732642.0002390002,-270.1800687602724,731.8870267659034
1732648.977048,-284.5203099489552,743.3229417953328
1732657.541038,-302.1864979390029,759.0906431588132
1732663.043521,-323.6151217568003,782.8621530950669
1732669.975643,-362.8178110784689,818.0518088643067
1732677.2343340002,-391.2194715636364,833.2519369590583
1732684.382919,-408.9487264060557,848.6697654690068
1732691.5647250002,-420.03355608914006,856.1859708859354
1732702.328005,-442.51440059694767,862.0405473870709
1732709.9022990002,-468.7950231475919,879.1533270814778
1734764.937298,-799.7391770708525,620.7733945361514
1734802.502696,-792.29894778312,576.5492013281529
1734807.198978,-783.6778746097559,558.5933978209533
1734816.002727,-774.1663970165099,533.6089965817018
1734820.953037,-773.1822221408454,530.5856330775235
1734829.937845,-773.0220655211133,529.7015047361298
1734834.923218,-773.7041833523492,529.9980653728337
1734842.1620490002,-773.8776172047249,530.3523831374333
1734851.266968,-773.9821754125368,529.3660691107762
1734855.888054,-773.9846648935837,528.6918657154768
1734864.2830160002,-773.987984201745,528.6307764464377
1734873.043217,-773.9913035100536,528.5974550269639
1734876.926503,-774.020347456537,528.5730193193481
1734884.699495,-773.1249640746976,525.6362915286886
1734891.098378,-724.2639178146447,436.0872040213903
1734898.932065,-721.8665474801702,353.08800770187776
1734904.9151380002,-726.5509211519125,342.2907600532405
1734915.34228,-710.8779777437348,307.4099090084514
1734918.9603880001,-687.082687212811,243.61496552646216
1734928.047454,-667.0008727091167,209.985893937232
1734937.010223,-645.6884246953721,170.94987143131186
1734939.9140090002,-632.8493406440703,119.5971516649827
1734949.117338,-629.8163227920104,85.40939788853842
1734954.186862,-615.1333630443801,42.79466527449801
1734961.972937,-594.7038510040418,-13.211931818760595
1736576.125823,-790.6890833153647,108.16791213641004
1736580.423015,-784.6222177873017,102.13118560853778
1736596.703673,-784.6222177873017,102.13118560853778
1736596.708918,-769.9658125131009,171.11425701107436
1736601.5513880001,-781.8381480503972,214.28213352270183
1736608.457435,-784.832164029883,229.16791526468364
1736615.6929040002,-784.832164029883,229.16791526468364
1736623.066261,-742.7441661166929,272.3546778503544
1736632.2551300002,-727.8877725222094,277.06077115799906
1736636.4729960002,-716.3888591529625,282.90756732859927
1736646.7440250001,-726.1086233366403,280.6816973522492
1736652.1794740001,-726.1086233366403,280.6816973522492
1736657.6653230002,-705.8002660523343,290.2604911603502
1736666.723647,-709.7801165626346,320.0131764227678
1736671.4522930002,-712.5326528725935,342.92830969875
1736678.456913,-714.6694575146756,362.6934597312523
1736692.648573,-686.7134141774874,382.15427481536767
1736692.652283,-666.0656576286934,385.0743412364585
1736702.1564540002,-649.6707646875209,391.3376560580657
1736706.485855,-615.1682157803853,409.2445834333962
1736713.651331,-564.4566551825466,426.0285796473702
1736724.883719,-525.2074955645767,441.3197769002372
1736727.454715,-488.33662025569777,457.5239813216635
1736734.4665960001,-431.94323385586,470.411594467738
1736743.68227,-338.70469676725213,501.90588762859136
1736748.454654,-321.72809505355576,508.4779820803079
1736756.083479,-314.24222526839856,514.956776628728
1736765.0594320002,-312.21578762130304,511.7812453992844
1736769.472883,-286.18245352284936,518.60769345502
1736779.377541,-262.5298932194892,522.8672815640998
1736783.422548,-208.90232034377084,540.8786197623238
1736790.7233850001,-164.00203851318153,557.2849766776927
1736803.7774190002,-126.4399172532936,565.9485462702643
1736804.423325,-113.44482570482371,554.5426237118081
1736811.6583210002,-108.73472738880491,558.7078013675925
1736822.220596,-108.26006631813148,559.0921084280512
1736825.725093,-107.29746694426792,560.5904616778029
1736832.463501,-107.90738982336596,562.0454970830184
1736841.603635,-107.2858493655398,559.8018547036157
1736846.4611930002,-107.42526030939264,559.8274011267017
1736854.306664,-107.587076583439,560.2383653241327
1736865.205782,-83.57852047331646,550.3896639366272
1736867.464449,-46.65619586477656,591.6682415180304
1736874.8943420001,-18.0528873974634,606.4618428269736
1736884.127947,-8.983707605838207,639.6366532904538
1736888.47536,-65.85341475947482,726.0957621817682
1736899.4304630002,-84.04737275463133,793.3139760335334
1736902.4753180002,-68.12465138582276,834.8369265886585
1736913.025569,81.77945543661004,896.6992859446872
1736923.734664,125.23085924672311,943.4659274127936
1740049.7428910001,-256.20163216356536,945.7328961554826
1740059.246182,-259.7499726139704,917.5951607331356
1740064.689011,-224.55866722913532,914.273013156668
1740070.7534790002,-219.62949457328617,915.42926712605
1740077.983747,-220.0054062253269,916.3189495768676
1740084.8074500002,-218.81294475953268,917.5474000023772
1740098.5672620002,-218.9075450428424,919.5133649756884
1740100.128256,-187.7558377187537,926.2476280926328
1740100.1288170002,-187.7558377187537,926.2476280926328
1740105.565039,-148.5514887345597,945.6295996864974
1740115.221321,-114.28958963820494,959.9511554657736
1740122.3618,-97.30966861227694,965.1737362261432
2002127.03973,263.9107254248636,214.79528313404705
2002134.403599,216.01725744030597,164.65101595397255
2002142.091653,160.7134339280959,128.24849744588963
2002147.970743,124.78275264152865,97.74720043629524
2002157.1601520001,125.50055303674864,99.8064627854817
2002164.6778580002,123.58033325114124,102.53770665790492
2002169.015111,122.6642041917558,102.04899282889156
2002176.0471740002,122.97704898838045,101.22262217311524
2002187.5814210002,123.1222687214486,101.31814351147608
2002190.005228,123.30483067175147,101.60359681674656
2002197.2138460001,123.31395876928131,101.56916470631027
2002206.1982870002,123.28574464957651,101.47808621932218
2002210.9914240001,123.28491482260874,101.46475766092357
2002219.1473410001,123.25006208671958,101.45142910146588
2002227.196465,123.24508312432332,101.45031838808733
2002232.0002070002,123.23927433510674,101.44032196946677
2002241.693809,123.23346554574276,101.42699340965358
2002246.938389,123.23180589165976,101.4303255497845
2002256.147941,138.78774370548572,101.33591492338005
2002260.3603770002,207.4733581699068,146.1065460222008
2002267.109068,216.7342280083563,147.88924090933776
2002274.00943,216.6238610111857,148.22467633469336
2002281.050429,217.62131312099947,146.28537086732894
2002290.623656,216.8960442823885,147.29167713989594
2002296.801074,218.17397793396583,152.7130689090114
2005118.438482,260.8470039695819,176.7455738107558
2005120.968939,161.0188102812655,116.1483869454166
2005120.9695930001,161.0188102812655,116.1483869454166
2005122.270587,161.0188102812655,116.1483869454166
2005131.181539,115.40653684295845,83.19352502125737
2005135.971722,54.80343780786569,120.89557548749067
2005144.04015,24.80933921063714,151.59791272083672
2005150.0879590001,24.80933921063714,151.59791272083672
2005161.357018,24.80933921063714,151.59791272083672
2005169.220862,24.80933921063714,151.59791272083672
2005175.9708840002,-250.8127353241762,478.61088446493375
2005179.1408040002,-278.2916281387667,503.5175335668486
2005192.220229,-281.7951579285412,531.1976364886359
2005192.22386,-278.63849584411224,602.1034006007699
2005198.934117,-265.9056296442311,666.9657764433655
2005209.451236,-270.70202997245275,715.6039546323619
2005212.9370340002,-289.6121287053912,750.5003780819617
2005222.883623,-332.920802254351,774.150819826075
2005226.951685,-369.3062287532746,802.0108702786964
2005234.1411640001,-431.410484892216,850.9011910084068
2005244.450623,-471.0728983890657,881.2025955314784
2005249.781103,-485.56001895963993,918.6781075401144
2006104.4087150001,252.09647776506705,910.3732939744674
2006109.1714360001,196.0192554476967,869.4312422146573
2006116.143783,170.9510102006934,863.5722227889979
2006124.7657370002,171.6132121837443,865.3793554097462
2006130.3562180002,171.61819114599294,863.6444192367569
2006138.271801,171.18668108178971,863.8487907194341
2006146.289319,171.20825658501465,863.8199121396905
2006151.118423,171.2547268996302,863.7821478440007
2006163.631399,171.2829410191867,863.8065835634718
2006168.04753,171.18751090890487,863.9743014653632
2006172.117297,171.18502142770689,863.9298728824461
2006181.431325,168.02669968881054,860.3966898172772
2006186.148731,168.02669968881054,860.3966898172772
2006194.8246600002,168.02669968881054,860.3966898172772
2006200.453597,29.869624540513733,676.1158403726175
2006207.340952,-36.23107867912251,641.698138825132
2006215.408948,-68.6183984785325,597.758286973243
2006221.140517,-60.89104902112453,573.7635304309111
2006234.953957,-17.225549832148623,554.4382165921139
2006243.186376,39.00021153348243,509.0877640445466
2006243.227904,39.00021153348243,509.0877640445466
2006249.183462,39.00021153348243,509.0877640445466
2006258.354328,39.00021153348243,509.0877640445466
2006264.7885760001,39.00021153348243,509.0877640445466
2006270.346945,39.00021153348243,509.0877640445466
2006277.1457240002,127.8887952766902,427.69798251082375
2006284.1477430002,123.485732967824,420.0640464976541
2006292.6094900002,123.485732967824,420.0640464976541
2006301.6336140002,123.485732967824,420.0640464976541
2006305.797831,123.485732967824,420.0640464976541
2006314.3940960001,-184.58838788237355,89.8700221887183
2006319.1236790002,-185.76757211539783,14.442602200985396
2170080.831245,84.93362804054125,977.9003060240224
2170088.072741,56.01913443110071,956.3902039996404
2170094.714787,28.150222900059703,920.1053758988628
2170103.815501,28.150222900059703,920.1053758988628
2170111.055016,-63.92904583853316,888.522204845686
2170115.7168969996,-92.74893916457154,948.1353721027236
2170125.231628,-106.2751200229752,973.56740769037
2170191.662666,-249.4385417352576,959.9244983119364
2170191.671584,-253.47150118080137,918.530382488062
2170192.721565,-235.44516825144655,915.1926849016904
2170202.1755729998,-218.44118224277213,923.5430378319968
2170206.6920689996,-217.5682041899072,922.3490195485664
2170213.748956,-213.02158180239607,918.3859895811462
2170222.869182,-212.1660301174696,920.487461748327
2170227.691795,-212.19009510189136,921.2138691463812
2170234.6858159998,-213.055604711315,922.7821982755884
2170243.814896,-213.55516059333905,923.9862129922352
2170248.6730629997,-213.3219791933026,925.1791205628664
2170259.730556,-213.27052991629304,925.54454569406
2170262.689519,-213.2721895705233,925.570092133174
2170270.826182,-213.27965801382223,925.5945278555924
2170276.683382,-213.28878611135156,925.6256278668752
2170285.3907979997,-213.30040369007853,925.6500635889388
2170290.782894,-213.3269581555511,925.6811636002224
2170300.8960869997,-213.34355469637927,925.7011564657556
2170304.6795989997,-213.36596002671848,925.7400314790664
2170311.994664,-213.371768816082,925.7633564872642
2170319.187908,-213.38421622177688,925.7777957788604
2170325.747379,-213.37923725938103,925.7578029147415
2170332.8383239997,-213.36513019960333,925.7511386265847
2170339.7339709997,-213.35600210222148,925.7988993582628
2170348.955561,-213.32778798251883,925.7966779280524
2170354.0423959997,-213.30040369007853,925.7755743490042
2170361.106195,-213.2962545547978,925.7555814852376
2170369.889978,-213.28878611135156,925.7633564872642
2170374.6856299997,-210.6690221257723,926.099903037496
2170381.743268,-149.4327650578934,940.0404832333206
2170446.937172,86.80239854931983,957.042193551834
2170451.684767,94.46502149697363,941.8042981972228
2170458.6995349997,96.04169288537348,940.6336048883346
2170467.912077,96.04169288537348,940.6336048883346
2170472.682743,94.44012668558172,934.8767705582976
2170479.8920469997,28.34025329366881,892.3386202981558
2170490.3654879997,-72.54762954380169,829.5277111670729
2170495.2444519997,-73.40567070986262,730.4919695466532
2170501.315104,-39.34458975769437,660.1737589351216
2170509.932976,-45.52514160036109,638.7991747948993
2170514.823659,-77.95644223310704,604.7213537891186
2170528.46426,-75.0528773973188,604.1859895803411
2170528.747248,-60.4396231077509,595.221415942382
2170535.881305,-60.4396231077509,595.221415942382
2170542.668461,10.88152206147116,529.0484049074402
2170553.403604,60.77404340775794,498.8914099869262
2170556.698698,78.73979896513735,485.460657156505
2170565.2728709998,78.73979896513735,485.460657156505
2170570.884329,78.73979896513735,485.460657156505
2170577.666745,78.73979896513735,485.460657156505
2170586.728946,78.73979896513735,485.460657156505
2170591.656889,78.73979896513735,485.460657156505
2170603.062625,113.53112771787424,446.28799992668655
2170605.717499,113.53112771787424,446.28799992668655
2170612.710786,113.53112771787424,446.28799992668655
2170619.9940959997,120.63527706304905,461.0804871397443
2170629.8294539996,121.38544071310936,462.4188973589876
2170635.1181929996,122.81772219538612,453.4454400101048
2170643.263756,121.2676052724833,445.2628110459189
2170647.6958669997,121.2676052724833,445.2628110459189
2170655.899849,124.75287886788828,444.10322579052354
2170664.226665,124.55455020372388,445.3161253097485
2170668.6556579997,124.86739500034815,443.6900402399725
2170677.867787,122.3447207789468,440.1757416465465
2170683.756394,9.4766248715857,305.90489207300175
2170690.00523,-32.726719061570414,239.97848955535085
2170696.701562,-82.69807397706505,203.05726356223272
2170706.88137,-171.47131175869953,122.76934879367796
2170710.7968869996,-191.99293461808415,60.945939728405214
2170721.7345169997,-188.7449915581817,-12.127875883038474
2174909.156131,97.37356529498705,970.2186026665196
2174915.527798,79.07089995682897,899.1695152989395
2174916.096802,79.07089995682897,899.1695152989395
2174922.9183879998,11.01346456188064,854.4232668742568
2174930.82027,-64.98292618756822,812.2527684949852
2174941.022811,-75.91755717985825,719.267090469226
2174943.866825,-46.86531228056053,695.8043614816271
2174952.194712,-43.761759126491405,682.5391009160763
2174960.480906,-50.80035213521892,635.9746286269451
2174964.895776,-70.3245228861585,604.3648145547114
2174974.962663,-79.32233755165306,598.3825083052831
2174978.897866,-80.4260075236139,598.5102404290277
2174986.107415,-80.25921228731656,599.6642723949816
2174994.1563689997,-79.91898319809506,599.0000653533848
2175002.009023,-125.356163130501,581.3474861572328
2175006.8652709997,-125.356163130501,581.3474861572328
2175016.058255,-227.7734172071158,539.7079271930396
2175020.897324,-245.50184222708336,530.7444651782563
2175029.1117209997,-247.4162532231146,533.2857788080706
2175034.895467,-252.9960102832211,537.80527409319
2175042.1130959997,-250.1588316115932,512.3954702222625
2175051.079475,-282.55279002192805,504.8537224483442
2175055.897957,-330.5043458954079,486.3347890099325
2175064.2398099997,-448.2261001555459,453.7308934719719
2175069.904838,-536.3056024774814,432.6028947429878
2175083.3643429996,-597.6671633845567,406.5655417919468
2175083.9527419996,-643.454530288377,419.81413589089135
2175093.14546,-644.6196074605293,418.0103366781286
2175097.89666,-641.5973773600363,426.3418009431909
2175106.100392,-648.8683219344321,432.696194704234
2175111.876772,-648.1895234110602,438.2919709798129
2175118.908072,-657.1541449854536,441.5352553861538
2175128.044436,-678.1014690983422,421.73789219979255
2175133.111435,-678.1014690983422,421.73789219979255
2175140.112324,-694.186836549868,424.5568838462891
2175149.004256,-712.0198197584915,435.88838624571787
2175153.897301,-706.4018906602944,419.1354897576259
2175160.898707,-716.5863579897691,416.534198041124
2175170.103903,-728.0487589689345,415.5678770378588
2175175.604411,-731.495860515885,416.62305514413816
2175187.391851,-747.665040495983,449.19807021722175
2175188.871942,-755.6786802733182,465.5144569412692
2175204.14314,-749.7271607037205,467.30381700943497
2175204.151935,-755.7400874745977,467.7514347049653
2175212.963133,-753.2481168573568,470.46379802257616
2175217.5558889997,-751.3320462094846,472.3820009146251
2175237.35861,-782.6314627057399,452.8745330857977
2175237.3591449996,-782.6314627057399,452.8745330857977
2175241.5101699997,-782.6314627057399,452.8745330857977
2175248.4822859997,-782.6314627057399,452.8745330857977
2175450.899286,-794.5544176921295,479.0062986151668
2175457.249744,-793.48228114969,480.5202016714034
2175466.4137089998,-786.6992748816225,476.1095567550912
2175471.207353,-789.3165493824312,478.8097022547011
2175478.424144,-787.9498242389932,475.02549998817045
2175487.067853,-789.5040902947013,474.5967644234544
2175492.197686,-789.9829004997861,473.8392575455603
2175499.6159659997,-789.6567784709873,474.8600036176752
2175506.6033659996,-773.1307728640529,437.85768187014753
2175525.175845,-716.4145837914374,318.34710598271346
2175525.1764499997,-716.4145837914374,318.34710598271346
2175528.015659,-716.4145837914374,318.34710598271346
2175537.4513939996,-721.3935460643207,306.580205944566
2175542.0254579997,-717.1066595473006,287.5692321709016
2175549.00551,-718.7795908710124,286.1675116453809
2175559.4795589997,-718.7795908710124,286.1675116453809
2175563.6635479997,-696.2282110819115,244.3047186061395
2175570.003492,-679.1063896505774,220.16113980505045
2175580.525169,-674.2850945155623,194.8246557187176
2175583.976157,-666.5353397364703,162.46513207243163
2175593.612299,-654.316966316247,146.10210316858922
2175598.244043,-663.9894303604436,162.30963220319302
2175604.9809339996,-668.1460340320588,148.68006879963448
2175613.585558,-658.7266672369286,119.04512716533928
2175619.332265,-653.081353845309,101.9934571657003
2175626.2288989997,-654.4123964265824,84.77073778838576
2175633.215517,-645.7041914092187,68.56321073179777
2175640.2103919997,-597.1842040438798,-17.774740993795596
2255315.170635,241.4763512249464,894.3945530781718
2255322.226853,187.32764696286972,867.4686095394936
2255331.79805,180.75707640885625,870.5175210823313
2255336.1806099997,183.91207883969943,875.4913010372138
2255345.7047699997,186.014860575366,878.9123020117519
2255350.167083,186.02398867289543,880.5750417772771
2255357.3560949997,183.82660665391603,878.6057447799219
2255364.357972,182.50884130401195,875.6645725153725
2255373.1713179997,182.3843672470598,875.5757153475556
2255379.76022,182.39764447987017,875.6368046503414
2255385.3214539997,182.3926655174742,875.6545760837629
2255393.714939,153.15039022631368,850.3902623127873
2255399.329428,133.99549251191831,823.2588384542391
2255410.3921999997,125.5727479898724,811.3886326223371
2255413.177229,65.66504401995032,745.2344812261107
2255420.163507,65.66504401995032,745.2344812261107
2255432.714483,-2.866222618741134,677.8541081777456
2255434.1818959997,-11.469869437212395,669.4948727602933
2255441.1777029997,-9.69569921172138,674.8307439867019
2255448.4246099996,-25.49062721561534,654.8656556869272
2255455.131598,-56.96181795569341,623.0770156961838
2255462.585832,-61.79307102075644,624.6642262293037
2255471.9498429997,-59.243842333808125,619.7026660942785
2255476.170457,-59.98321823227566,606.369653554788
2255485.285602,-62.720817658748096,609.7473352268017
2255490.169363,-70.37597216302576,610.3315708626952
2255502.279237,-68.62835640303038,603.5895360963248
2255504.178451,-46.66864327047271,575.4273801122121
2255511.16402,-19.471891647127222,553.1253526010923
2255518.158952,-19.471891647127222,553.1253526010923
2255527.286841,-19.471891647127222,553.1253526010923
2255532.340485,-19.471891647127222,553.1253526010923
2255541.276053,-19.471891647127222,553.1253526010923
2255549.7654279997,-19.471891647127222,553.1253526010923
2255553.133505,-19.471891647127222,553.1253526010923
2255560.209636,-19.471891647127222,553.1253526010923
2255567.372151,-19.471891647127222,553.1253526010923
2255576.3315049997,108.70153430714583,455.9712033347368
2255586.7971989997,108.77040995195702,455.9978604685702
2255588.132431,111.813385731553,450.880801709606
2255601.415394,104.15076278396376,442.4482621634799
2255602.132105,104.15076278396376,442.4482621634799
2255611.7569979997,104.15076278396376,442.4482621634799
2255616.202038,-96.81924082773888,196.78506488860432
2255630.171209,-123.56539636424738,177.42421968478885
2255631.0518879998,-168.5752153663745,133.78318180916145
2255637.491467,-187.6653865707219,60.60272935716846
2255646.470311,-192.32154612840537,6.332175237098676
2332822.6303669997,204.15819911932985,162.16746089385046
2332823.851069,153.74620604576285,125.99374946483007
2332830.819663,127.84647409735416,91.95260949071591
2332837.846267,127.79419499337315,83.36124271760409
2332844.811328,125.78518371381531,84.90180194800493
2332851.821015,125.78518371381531,84.90180194800493
2332858.809848,132.38728769582875,83.03247160582669
2332866.9578759996,100.48292723836153,68.19223252702359
2332874.991614,52.25586877499538,43.81318922836022
2340059.2711839997,153.71882175317378,5.223683584759576
2340071.128412,117.8171844131078,33.97227083461372
2340073.270112,115.92683840113224,31.65532325260072
2340080.2953589996,115.04888138594536,32.24400120934095
2340087.27163,112.08722865686164,31.204373725257412
2340094.473322,111.48477422106464,31.952994370778217
2340103.455846,112.70876911468616,34.87861274795607
2340108.283783,112.6266162372115,34.93748054460406
2340116.743009,112.6266162372115,34.93748054460406
2340126.393928,112.6266162372115,34.93748054460406
2340129.279267,112.6266162372115,34.93748054460406
2340136.2874209997,112.6266162372115,34.93748054460406
2340143.247879,112.6266162372115,34.93748054460406
2340150.285784,-285.24557878735857,523.5636992322844
2340160.588947,-288.6055484981381,525.6329593863951
2340164.2796,-296.1594641012653,547.6184324358077
2340171.279933,-351.5968897585374,599.1266867624397
2340182.7884219997,-365.4151697332993,614.9932381066918
2340185.289232,-365.4151697332993,614.9932381066918
2340192.245847,-365.4151697332993,614.9932381066918
2340199.7318949997,-352.43335542127664,635.1271537083992
2340206.279668,-374.6104832328924,622.3639372072932
2340217.020215,-374.6104832328924,622.3639372072932
2340220.9337959997,-374.6104832328924,622.3639372072932
2340227.336206,-374.6104832328924,622.3639372072932
2340234.286333,-524.1303800589469,784.3083032947284
2340243.378243,-535.380345321182,816.1258299264582
2340253.652375,-537.3204809546397,827.1318999541664
2340258.0688119996,-537.3204809546397,827.1318999541664
2340262.35274,-537.3204809546397,827.1318999541664
2340269.3163099997,-586.0620321486459,840.216117069904
2340276.287968,-601.052857731522,912.2537338964936
2340286.10675,-611.4588888857601,918.4770681844254
2340290.283618,-613.3699805721425,921.8747443806864
2340300.5273269997,-645.6386350726387,924.5071381787966
2340304.292079,-659.3814007760258,938.5787826730008
2340312.375186,-670.6006624329972,958.5427691699274
2340320.400204,-670.6006624329972,958.5427691699274
2428280.452244,174.28359561931626,-8.27814444831229
2428285.370238,152.02597457828838,19.64851449405733
2428292.339123,120.23364077261792,57.11953285175416
2428299.355858,120.23364077261792,57.11953285175416
2428308.4539039996,120.23364077261792,57.11953285175416
2428313.3476819997,92.06350202432536,93.96966471911088
2428322.478292,56.49545515571977,124.59425072173848
2428327.364486,27.86310274193177,158.88530294680947
2428334.3242949997,27.86310274193177,158.88530294680947
2428343.492377,27.86310274193177,158.88530294680947
2428348.3473739997,27.86310274193177,158.88530294680947
2428357.4561449997,-249.8683921453433,474.97107500812814
2428362.3597669997,-274.0943629381329,494.85729696492695
2428369.568184,-290.34569581449745,518.6810005771191
2428378.535873,-294.5164065495663,531.4331078575077
2428383.3535809997,-294.5164065495663,531.4331078575077
2428390.567047,-281.0698890899871,632.9668146342157
2428399.7462239997,-275.83119094621435,659.2274304183936
2428404.36373,-275.83119094621435,659.2274304183936
2428412.507154,-275.83119094621435,659.2274304183936
2428420.497411,-275.83119094621435,659.2274304183936
2428425.3512009997,-268.94279663402176,682.412479489654
2428432.321865,-268.94279663402176,682.412479489654
2428441.6880679997,-268.94279663402176,682.412479489654
2428446.3541579996,-268.94279663402176,682.412479489654
2428455.47895,-268.94279663402176,682.412479489654
2428460.3575529996,-268.94279663402176,682.412479489654
2428475.858143,-268.94279663402176,682.412479489654
2428475.868243,-447.273458706473,860.0912433101522
2428481.356375,-455.6605206618239,873.7819112718329
2428489.5096529997,-454.9618062889588,876.7019799520479
2428495.356995,-456.2488680374131,876.7452978214383
2428502.357242,-456.02730421619214,876.2132655270614
2428510.0780479996,-455.902830159293,876.8952442928478
2428518.544454,-456.1177553641858,876.4587334549678
2428523.360436,-456.08788159055945,876.5198227567204
2428533.001507,-456.1028184772986,876.535372762123
2428537.359001,-456.1160957101032,876.5064941821786
2428544.3269829997,-456.1310325968428,876.5064941821786
2428556.784776,-456.118585191153,876.5431477649998
2428558.3720279997,-456.1036483044135,876.565362055552
2428568.404517,-456.0912008987237,876.5464799079289
2428572.383022,-456.0704552224756,876.5198227567204
2428579.356224,-456.0646464332619,876.4720620295092
2428587.8507189997,-456.059667470868,876.438740592093
2428597.374163,-456.0853921093624,876.3409977068158
2428601.7603889997,-456.0953500338553,876.3332227039411
2428609.552293,-456.1028184772986,876.3276691301542
2428614.364019,-456.0887114175267,876.3276691301542
2428623.673996,-456.0737745307873,876.3509941373695
2428628.509894,-456.06713591431134,876.3210048439423
2428637.083249,-456.06713591431134,876.3065655530896
2428642.484714,-456.051369200457,876.3021226956153
2428652.419105,-456.0488797194076,876.2976798363758
2428656.3671589997,-456.0140269833876,876.3321119897475
2428666.074662,-455.99826026953326,876.334333419192
2428670.331674,-455.9625777065457,876.3709870002413
2428680.412565,-455.9194267001147,876.3965334354884
2428684.3560719998,-455.89951085098136,876.4120834408866
2428697.565169,-455.8878932724061,876.4054191529099
2428697.954202,-455.9078091215397,876.3421084213611
2428697.9557069996,-455.9078091215397,876.3421084213611
2428701.689037,-455.9177670460325,876.3110084119771
2428711.287407,-455.9210863541969,876.3032334108682
2428715.6924719997,-455.9210863541969,876.3032334108682
2428724.9091069996,-455.9210863541969,876.3032334108682
2428729.6278259996,-456.0024094048123,876.1410690791591
2428737.6308,-456.0107076752228,876.1266297879528
2428743.834282,-456.0032392317797,876.1899405216147
2428759.6807379997,-457.16333744228274,879.2199699574709
2428759.7456719996,-457.16333744228274,879.2199699574709
2428765.059492,-457.16333744228274,879.2199699574709
2432270.0517909997,91.9738807032554,975.3734299084804
2432279.260893,92.6211457995933,970.0886490382744
2432284.0869239997,90.52832198814438,963.4821176556644
2432291.2745399997,84.32453498840447,951.8307200065932
2432300.177292,82.44663638209381,950.9854660948864
2432305.0715429997,83.46815347628271,950.8755053380628
2432314.3127329997,84.20421006657801,949.4693404897088
2432319.045583,66.53304311065857,923.247587726762
2432319.283365,8.76048413042131,877.8260231292026
2432326.070118,-48.94402903211413,844.6767466678659
2432335.2460979996,-84.55688656120013,809.7681001880549
2432340.0726019996,-84.60418670293342,762.8581863998248
2432347.076736,-70.9070614728234,710.6279545014658
2432355.541744,-54.7196252760113,692.3866936374317
2432364.307058,-55.34614469609937,677.6797260384275
2432368.048885,-51.68245828570999,662.7061873679861
2432377.292634,-46.62798174521824,639.1956997582976
2432383.839489,-68.87896417103511,611.3356564427452
2432391.543567,-73.20734204584075,604.4092431197095
2432396.071244,-63.00378868159263,608.5199961098399
2432403.280526,-66.57868359801435,605.2867072792928
2432410.075991,-71.35350842379916,605.4499822559567
2432419.193904,-71.1078796180436,604.9179501897579
2432424.096792,-66.71560506081879,600.8394079313226
2432431.075139,21.349790253615268,566.7804711010407
2432438.0413329997,56.80829995235347,510.4239529378141
2432445.0640229997,83.9784971099668,484.2833004044145
2432452.231969,128.30370879993035,427.653553958169
2432459.2858269997,125.83165402828496,408.3426838421432
2432466.080137,93.97708319363308,373.11750791760767
2432475.116723,3.206451707967957,287.5525714668461
2432480.092497,-7.263476138265704,280.6816973522492
2432488.256886,-15.594109858533544,266.52343176724867
2432496.248119,-68.09892674731539,203.85919865555664
2432501.0769869997,-102.394018926316,175.66929254878764
2432508.0965609998,-173.6670341236198,106.45408158154018
2432516.235206,-193.1936943543248,16.427446502375354
2436657.943501,-605.3994917973936,5.429165504513566
2436667.167197,-603.1448517140283,23.013975205092507
2436672.431487,-603.1448517140283,23.013975205092507
2436681.490979,-603.1448517140283,23.013975205092507
2436685.736435,-684.9832247874238,170.73550375132248
2436692.7576349997,-684.9832247874238,170.73550375132248
2436699.7164379996,-710.971748199971,265.46158962779896
2436707.70571,-720.8284338463187,276.1722003160699
2436713.935824,-722.356975264089,305.8482456797167
2436722.955269,-718.2916525682826,348.0664711487336
2436727.7372669997,-669.4903538460638,381.1479681724035
2436734.9425899996,-600.2437763618393,406.0412848884232
2436741.7360549998,-498.6638178439004,452.82232953392247
2436751.246584,-431.99136382454,483.76015415097737
2436755.746519,-431.99136382454,483.76015415097737
2436765.337616,-320.08088836649256,523.9835491172811
2436769.7456549997,-317.4071856232238,519.8539145367425
2436779.422861,-317.4071856232238,519.8539145367425
2436783.733687,-317.4071856232238,519.8539145367425
2436790.9336909996,-317.4071856232238,519.8539145367425
2436801.334754,-223.57366252502376,556.0965126521802
2436804.753517,-124.08237861410542,559.3553476557787
2436811.945699,-86.28375664507406,572.0652486171927
2436818.791015,-57.60991287915479,588.9403276871246
2436828.474893,-12.730376720992002,611.7655028138104
2436832.7847579997,1.282912613974312,627.847533022209
2436843.031734,-10.107293426812078,640.079828250105
2436846.730906,-16.615626952886373,657.0726448340665
2436854.767747,-27.824100870612742,678.3783653042195
2436863.553025,-43.126111608871405,708.2399187370818
2436867.702245,-79.73393176673747,786.8984893728442
2436876.869207,-79.73393176673747,786.8984893728442
2436881.745355,56.969286399288,866.528945002692
2436888.933276,119.2818291502262,927.3872213626122
2436899.032704,108.5073547782608,960.0566733679416
2436902.741126,103.05124194729578,975.84659440322
2437112.742453,97.29473172553026,904.8985814386334
2437120.041158,179.27085616872617,844.7322823945185
2437128.5508769997,256.31033950679546,810.1024252483842
2511069.570269,-617.7074865404792,15.23787277558679
2511075.968434,-638.2050443971657,68.78757479536173
2511083.153387,-652.102157931469,115.55637677128472
2511090.0276659997,-677.615190449625,187.59169003760425
2511099.4897999996,-686.0636596008401,197.2971037729289
2511104.0099029997,-684.0571378045762,236.68522407103143
2511116.8036889997,-721.3321388628864,338.9530654918627
2511116.8043629997,-721.3321388628864,338.9530654918627
2511120.2762289997,-721.3321388628864,338.9530654918627
2511127.5040909997,-690.9845339811166,370.4728985541608
2511134.27065,-616.6179236293036,410.26532940271386
2511143.419888,-574.2021440092639,444.7818719498192
2511148.2741799997,-515.2230165472565,463.3607827277893
2511155.613543,-440.1410952449381,468.4211951789579
2511162.375755,-428.9624951060064,464.0449824779422
2511169.7567169997,-429.5085213024587,463.1519685180671
2511176.3230979997,-375.1913621652817,487.0689709100411
2511185.410392,-320.03026891675245,522.8728351339951
2511190.328072,-294.0052330890139,515.2555586853762
2511197.831297,-291.69914372708735,503.9440477226508
2511206.363537,-289.5498916769228,502.7289266631501
2511211.299255,-289.91584540443466,503.206533659856
2511220.2881879997,-297.44237671496296,516.2052191303007
2511225.289173,-292.51320405956864,566.4050497478502
2511232.27182,-272.87783648814366,635.8269036421246
2511240.354899,-264.4509428319582,714.2688760221879
2511246.302388,-292.60033589942407,745.8664777025184
2511253.704697,-335.3073848395038,775.5347699964631
2511260.298837,-387.4362900597642,828.8546181689641
2511267.4893159997,-417.957328819665,848.820822647346
2511277.0594909997,-431.7955246416558,857.5010569336841
2511281.299098,-441.9932692118912,860.365589810285
2511288.302809,-440.8987273379654,862.8846904646738
2511295.2792169997,-449.89488234527937,860.0501468712858
2511302.300506,-451.78439852926334,862.3682081870234
2511313.587115,-452.4017898516642,861.4218793684468
2511316.297078,-452.7818506386926,861.7784187476472
2511323.280857,-452.2847842380603,861.745097310144
2511331.50732,-452.1793962033264,861.9405830749032
2511339.529714,-452.7262522267188,861.9250330713938
2511344.303471,-452.9619231077136,861.8561687673108
2511354.600968,-452.98183895684696,861.8439509070566
2511358.3028949997,-453.0075635953417,861.8328437616931
2511365.4974869997,-453.0117127304735,861.8361759053028
2511374.551744,-453.0673111425947,861.8395080489105
2511379.297992,-453.1361867873731,861.8483937648492
2511386.5124129998,-453.1419955767346,861.9139259242622
2511393.306374,-453.2498730928128,861.9339187869775
2511400.512284,-453.3477926842502,861.9661295099469
2511408.432395,-453.4556702001806,862.0150009520258
2511416.45454,-453.5295248073533,862.0527652480331
2511421.3043489996,-453.5934214898852,862.0894188280901
2511430.52169,-453.6457005936946,862.1227402663061
2511435.3390699998,-453.6457005936946,862.128293839343
2511442.275596,-453.63906197736594,862.139400984001
2511454.0137159997,-453.6299338798404,862.1449545573892
2511456.3027399997,-453.6332531880045,862.1482867013527
2511463.41302,-453.6423812855304,862.1638367052186
2511472.363821,-453.6730848862714,862.1860509963036
2511477.305804,-453.6847024649941,862.1949367125952
2511484.326234,-453.6971498706839,862.1827188526938
2511493.444199,-453.7295131253596,862.1493974165973
2511498.303399,-453.7187253737522,862.1605045616084
2511507.7388569997,-453.7635360342655,862.18827242573
2511512.34256,-453.7544079367401,862.2182617192781
2511522.1470149998,-453.7510886285755,862.2282581493994
2511526.3110289997,-453.7643658613802,862.2238152916082
2511538.889908,-453.7892606727603,862.2227045767168
2511540.2899829997,-453.800048424368,862.2160402905562
2511547.502296,-453.8224537545509,862.2071545739119
2511554.4958889997,-453.84070994960206,862.2049331444845
2511561.3187019997,-453.865604760982,862.2038224299469
2511568.2996239997,-453.8689240691464,862.2060438586692
2511575.513055,-453.87390303139296,862.2293688642894
2511582.6251069997,-453.8498380471279,862.2471402979351
2511591.6685559996,-453.8473485659309,862.2615795879711
2511596.3048059996,-453.8606257987356,862.2615795879711
2511605.444538,-453.8224537545509,862.2826831652272
2511610.302272,-453.8473485659309,862.2904581655719
2511617.2655499997,-453.8564766634565,862.3026760265335
2511626.524237,-453.83324150615874,862.3148938864359
2511631.334891,-453.8498380471279,862.316004602033
2511639.446476,-453.8232835816658,862.3415510374358
2511649.934666,-453.824113408633,862.3482153246565
2511652.301316,-453.8199642735014,862.358211755839
2511661.8385659996,-453.84402925776646,862.3693189015607
2511666.301786,-453.86975389626105,862.3693189015607
2511673.4543359997,-453.90460663213423,862.3637653281704
2511680.3059199997,-453.9319909247108,862.3693189015607
2511687.3012949997,-453.9577155630583,862.3793153327439
2511695.7306069997,-453.9460979844831,862.3870903348543
2511706.821323,-453.8963083617234,862.4248546298088
2511708.294774,-453.8680942421789,862.449290350324
2511715.513242,-453.8324116791912,862.4692832130432
2511722.29355,-453.8041975594999,862.4803903587645
2511729.270518,-453.8315818520765,862.487054646693
2511736.2759579998,-453.8855206101155,862.517043939538
2511745.971056,-453.9120750755775,862.5192653689649
2511750.316673,-453.9319909247108,862.5092689381346
2511760.4802429997,-453.94443833040094,862.5037153661567
2511764.315161,-453.9427786763187,862.5103796530233
2511771.989747,-453.9328207516783,862.5070475090604
2511780.450611,-453.9004574968552,862.5137117966342
2511785.384644,-453.86975389626105,862.5281510852592
2511793.8282149998,-453.8788819937868,862.5281510852592
2511799.3038609996,-453.8755626854749,862.534815373187
2511806.321902,-453.8780521666718,862.5481439486891
2511815.4276739997,-453.8755626854749,862.5592510937043
2511820.305835,-453.8797118207541,862.5670260954604
2511827.5023189997,-453.9212031731032,862.572579668498
2511834.351607,-453.92452248126745,862.5825761003887
2511841.298939,-453.9660138336165,862.5892403876103
2511850.3426929996,-453.9917384719639,862.6059011060157
2511855.302013,-454.03571930550976,862.6225618251278
2511862.906571,-454.0241017267872,862.6247832542012
2511869.323731,-454.01082449412985,862.6347796846803
2511878.988875,-454.0050157047685,862.6403332587776
2511883.316905,-454.0099946670153,862.6525511176222
2511892.4711949998,-454.04816671119954,862.6558832622934
2511897.304486,-454.04567723000247,862.676986838847
2511904.517064,-454.0415280947236,862.7014225604246
2511913.3733179998,-454.0274210349514,862.7258582802368
2511918.273552,-454.0473368840848,862.7280797103715
2511926.72645,-454.0689123873005,862.7325225681656
2511934.4713919996,-454.83650240494507,863.9942943273952
2511939.3342049997,-464.49568922169806,894.0902172689752
2511950.47468,-478.070000041752,910.815358409171
2513328.7183479997,110.9047251156084,955.050682023676
2513337.912459,103.83625833340032,940.690251339904
2513345.1888269996,101.32437186358254,933.7094094060728
2513349.708701,104.67521347742186,927.8726036815742
2513358.856167,108.8998629711646,924.552677480586
2513363.7207029997,111.10969239610608,922.7699804138678
2513370.8990189997,63.31331417005978,909.1681685688312
2513371.0025359998,63.31331417005978,909.1681685688312
2513379.024464,-42.74771047558979,845.9940541183889
2513384.684692,-42.74771047558979,845.9940541183889
2513391.738085,-42.74771047558979,845.9940541183889
2513400.9003609996,-65.25593928591461,727.8029301221596
2513405.6777109997,-54.26405022750311,676.3735260787756
2513412.746764,-57.02156550312329,670.9121441306895
2513419.738651,-57.02156550312329,670.9121441306895
2513426.920112,-44.46877177012236,666.967997871496
2513435.8012909996,-44.06381617136552,673.6289511703098
2513440.720675,-40.789318645714,675.2372654017763
2513447.702463,-44.267123797785445,669.2660656271927
2513454.712117,-52.956242802145525,648.6856418344897
2513461.916483,-58.884527222556095,635.9857357698859
2513469.9524399997,-67.24752419758485,637.1797535143683
2513477.88147,-68.40264344641784,637.8317427402161
2513482.7085189996,-68.72046720515198,639.6188818639026
2513489.7172999997,-70.69545557599007,641.4904352705479
2513498.8845969997,-71.70120595632142,641.6026174040968
2513503.709572,-66.76373502952018,625.7816046754156
2513510.687207,-10.890650158853967,574.7687266670106
2513519.8521109996,30.52020894488226,540.0411413965189
2513524.692279,71.44395957213244,482.3462153392151
2513532.178678,71.44395957213244,482.3462153392151
2513538.7110739998,115.60901464225743,400.13561975573015
2513545.7279979996,79.06260168626663,362.0481350708852
2513556.210474,20.017088016857432,292.79180740556416
2513559.735558,-11.162003602972744,276.61537502332646
2513566.6804299997,-24.75208114425768,262.0472562376665
2513573.718729,-112.713748076935,169.05943728255806
2513580.909155,-169.3129316107139,115.66966952523214
2513587.7350979997,-191.7962656080129,63.90599034756088
2513597.778929,-194.72389542799985,-15.906521660754471
2514364.714597,-663.0442573555237,155.17663109240928
2514371.711741,-663.4052321203233,185.956719919568
2514381.2478119996,-667.242352379329,188.0481932438271
2514385.725383,-666.3619058840285,184.52278892937684
2514399.530245,-666.400077928043,185.537980970329
2514399.694595,-669.1650616440908,187.3795437783432
2514406.7189269997,-685.1632972563267,239.4275756658147
2514416.310428,-692.4217944239987,262.9991377316137
2514420.7215879997,-698.7699713225335,280.05192276428505
2514427.925095,-703.4510256863466,304.40876085131833
2514436.840293,-719.5861827591879,357.18654121762114
2514441.69145,-702.2992257472172,370.7394698457022
2514448.8228519997,-655.2322655477311,387.4834793471729
2514457.8443529997,-551.5901868367729,424.8645515719067
2514462.720831,-486.2479455808485,454.2396004216556
2514470.82825,-453.4955018984476,462.24340456695046
2514478.830108,-412.1153464144304,457.08636005722445
2514483.716381,-408.7429292986682,460.7372765510602
2514491.9442789997,-377.0153220130741,473.3749791364978
2514500.990785,-314.7251846093837,498.95694210872745
2514504.719703,-298.432360381377,506.4542612540532
2514513.896051,-257.5210571673001,522.7251101751376
2514518.7361089997,-173.90021552366494,561.6978435843772
2514529.197744,-123.1687390359184,577.8198582329642
2514532.718097,-84.37764391920703,582.9102608763283
2514539.7280969997,-31.965767659871915,605.1312073019014
2514546.8855399997,-8.886617841319183,620.6623231214364
2514555.778701,-25.06409611377816,667.6633049829136
2514560.722245,-64.37217348134396,724.1064728061203
2514570.066513,-93.9090373756418,774.922766349021
2514574.716476,-43.46800035203227,836.4108090751264
2514582.052383,64.83438714647758,887.8346724960935
2514590.6724819997,102.71350233942336,942.8250450211992
2516142.723113,68.20514460951082,965.479182784046
2516151.848157,68.20514460951082,965.479182784046
2516159.1133649996,-71.46885438337718,823.1044491383539
2516163.7094449997,-95.50313513198684,783.3641960224112
2516172.983172,-66.35131098731864,710.3891509247813
2516177.780067,-42.77426494106514,670.7677512789193
2516185.8894269997,-35.061022543533106,661.9375731239548
2516193.876809,-32.00808883920952,663.8557765940268
2516198.733346,-32.09439085211511,665.6540229329764
2516205.731092,-32.198119232965894,666.1560657679773
2516214.840562,-32.59477656116123,666.0094514873884
2516220.199125,-32.67195047653662,665.9017122068509
2516228.930936,-45.527631081559285,637.4885320563437
2516233.722567,-146.46198423149252,575.4673658180022
2516240.699524,-200.61649728488655,544.6317224267683
2516249.872453,-246.91088855189375,532.6260146910346
2516254.7353399997,-262.9149329690394,521.3822569715022
2516261.7362559997,-266.20187789983856,516.0386120351064
2516270.8605939997,-262.25190115893776,521.6599354650076
2516275.6919779996,-303.3009556623443,521.0545963472614
2516282.732916,-303.3009556623443,521.0545963472614
2516292.305479,-423.0333808610688,468.95211641724046
2516296.721457,-527.4546672051487,433.9379727615216
2516303.718719,-567.3793060380966,430.30482784287096
2516311.0663819998,-586.1956343030253,428.9908533942981
2516317.692951,-586.1956343030253,428.9908533942981
2516324.72829,-644.7001006838409,430.16487790153553
2516331.933831,-671.7209289447082,433.8480049419927
2516338.73904,-693.5279538757179,417.6382475553208
2516347.90025,-695.1519254039558,416.8140979171692
2516352.718351,-717.7970756492284,417.1539763394256
2516362.217127,-721.9271248544903,414.0306491466853
2516366.7454649997,-721.8350140524861,395.7905075099662
2516374.616419,-718.1539012786842,360.8707785484774
2516383.359733,-706.3877836005327,312.04491690304707
2516387.735686,-694.8423999158543,287.2293538184209
2516395.8551999996,-685.2877713131447,250.5502606241637
2516403.9107959997,-669.3559218646045,194.77245218815327
2516409.40226,-660.2220155732504,170.75216445116828
2516417.860045,-639.2987564433977,110.56260992584556
2516422.7248279997,-613.0861797225904,31.747512443569978
2523428.76227,190.69923425275988,151.71898047466894
2523435.966021,142.03651659263457,112.82846498422072
2523442.758695,118.62709561045028,83.7766494599884
2523449.755459,114.14354007816829,82.75923615602605
2523458.1970289997,114.73603658931928,77.99871934017752
2523468.493655,108.82351888290646,80.53447759305215
2523470.752148,43.69454313576156,159.56172737524653
2523478.898288,16.605669028535765,192.01566151158923
2523486.927841,16.605669028535765,192.01566151158923
2523491.752426,16.605669028535765,192.01566151158923
2523500.979003,16.605669028535765,192.01566151158923
2523505.761594,-263.674224716528,500.82405224632566
2523512.9589899997,-283.07641088818235,499.5822740579403
2523521.92989,-280.8433463063005,500.1365203149808
2523526.784019,-278.2675631543465,500.50194520330814
2523533.747193,-275.8004873454633,496.0935215750479
2523542.8525719997,-275.4171072500024,494.9650362178657
2523547.765994,-275.4320441368941,495.3782218013286
2523554.719273,-274.7781404243318,499.9632489409655
2523563.528534,-263.7074177983298,556.289776896131
2523568.763076,-297.3627133185539,634.425182347554
2523578.330716,-291.8626196551872,665.0486836777714
2523582.72781,-282.9784912967149,696.5563150535894
2523589.75474,-267.4001481547812,712.5750366906489
2523598.824466,-289.09182714745435,746.2396777328214
2523605.8921829998,-303.767318462364,765.2839866579935
2523610.750778,-329.8114403117376,791.5446079090624
2523620.407807,-387.8611615075103,832.7132404142235
2523624.7635089997,-414.1865947216832,853.8712417378695
2523634.2719819997,-431.5557046253707,863.4189441771872
2523638.7724369997,-473.4802266498149,881.7379599727186
2523648.912863,-480.2972558334526,901.835230440392
2523653.065746,-489.6352995827742,941.0090264613
