time,x,y
0.0,0.0,0.0
14.245928,-44.17970006777017,-57.81807871178319
29.52408,-135.2815222386913,-106.48684282671834
44.517499,-208.85597633621927,-29.45296123050127
59.53306,-208.85597633621927,-29.45296123050127
74.519295,-460.1349630925452,302.9487713602244
90.654381,-444.5324799904468,331.8751199677395
104.195783,-363.8531060039242,370.0070920377122
121.244322,-315.6432015363658,388.4192306428416
134.197756,-315.6432015363658,388.4192306428416
151.350488,-315.6432015363658,388.4192306428416
164.833219,-315.6432015363658,388.4192306428416
179.224812,-266.7974407635889,401.7127941851929
194.21408,-250.6064603145469,475.99727405166055
209.436791,-296.5154092004952,616.3621894488225
224.199741,-167.44384122308853,690.9302030216513
239.555553,-152.5182734058966,697.6774220168886
254.530402,-152.5182734058966,697.6774220168886
269.830356,-113.29841865830096,737.0723876429776
2489.601511,-123.8170660309808,723.9487218342429
2504.59847,-125.37690359407624,715.5774490474109
2519.361742,-125.37690359407624,715.5774490474109
2534.346529,-128.79185020719402,707.0135822492377
2549.276888,-188.1719700304352,669.2589340364036
2564.612815,-313.3641933059536,584.0714079506289
2579.932835,-249.45971682496597,456.0286578454616
2594.283737,-285.6180523853781,406.2553067392848
2609.593967,-285.6180523853781,406.2553067392848
2624.711547,-290.41836476365114,394.20409380102
2639.608416,-242.74209844974257,340.7724287107732
2654.280536,-142.54740719368124,264.98248697063184
2669.320888,-116.50289666082269,246.7391136477784
2684.293605,-116.50289666082269,246.7391136477784
2699.622173,-94.8005205630906,218.9654958971013
2715.772764,-182.1699353048925,129.7353505609798
2729.283806,-285.05780994553675,31.44549889256201
2744.33085,-382.02697610485575,-66.22005616787482
2760.739903,-419.0724449418992,-178.0918682528031
7846.433074,-837.5977639717421,-213.10703952560127
7869.254258,-864.1630028453403,-119.23713760159164
7875.95259,-891.6493765242748,-33.73881242596772
7891.003762,-907.631026683263,30.983497145872207
7905.976983,-930.2929954732448,98.1854302661393
7922.138343,-938.3492679765532,121.15396498333078
7936.306558,-945.2602574637694,148.85567625641016
7951.280037,-918.8658410188938,178.44469901782054
7966.461669,-880.1919684759602,191.25777750614253
7981.07656,-812.3379687891113,219.24605156108743
7996.317458,-702.9123939282928,257.042792822054
8010.959197,-671.1918954156463,265.1511797059803
8026.947439,-627.2221467874659,278.4191686492326
8040.963959,-524.5509377117652,312.96866204994905
8056.286725,-523.7390949477285,337.0111360648908
8070.960877,-589.4135434846008,407.1074965457883
8085.961029,-655.2329672031343,484.3473326278474
8100.961687,-705.1960098993192,543.4498345397054
8116.328854,-705.1960098993192,543.4498345397054
8132.313706,-705.1960098993192,543.4498345397054
8146.322923,-705.1960098993192,543.4498345397054
8160.979708,-705.1960098993192,543.4498345397054
8176.290855,-721.1268165732247,549.258498840416
8191.568305,-745.0708599578451,572.7700529706477
8205.965094,-745.0708599578451,572.7700529706477
8221.143025,-745.0708599578451,572.7700529706477
8236.28972,-745.0708599578451,572.7700529706477
8251.507374,-756.0665358040852,589.6562041944838
8266.533717,-783.1864171033135,627.726563325217
8282.236903,-794.6289610387944,639.2636881463137
8296.675601,-828.2024815943151,622.8100046158123
8311.019668,-862.0659855909882,611.8212802978233
8325.971173,-891.795434495262,595.3138378754651
8342.048661,-928.8842827576404,578.2701038813403
8376.372062,-931.0996624262914,576.3379631437726
8376.372642,-931.0996624262914,576.3379631437726
8377.685105,-931.0996624262914,576.3379631437726
8394.870519,-930.6755435641818,573.355789519876
8413.814107,-947.2513015715408,563.9342789574495
8423.787339,-979.3742631645856,552.7943081367628
8501.213914,-1006.1293979281644,542.5609276561675
8912.915096,-1011.708768041496,278.6148756734032
8929.270275,-1011.708768041496,278.6148756734032
8943.286735,-990.901519078107,283.2870829668025
8982.669513,-858.5044523616505,197.92113338339183
8982.670258,-858.5044523616505,197.92113338339183
8983.976186,-844.5592445659481,204.5960501743448
8998.983328,-759.0727108870839,235.97387524233764
9014.31891,-689.258374603025,267.6392852215105
9029.30845,-632.2454987934426,277.4819556322728
9045.248175,-537.100004871687,310.78198948687367
9058.986374,-446.9963742208199,249.7742716666941
9076.176531,-446.9963742208199,249.7742716666941
9092.074499,-446.9963742208199,249.7742716666941
9104.375252,-168.50930755635824,-77.63480301124585
9119.309155,-143.70820499540136,-107.01050123041112
9134.308031,-143.70820499540136,-107.01050123041112
9149.672943,-143.70820499540136,-107.01050123041112
9164.313619,-125.2126334047564,-122.96272885776142
9179.062634,-42.11701854676201,-63.95932806854743
9194.344559,5.606331190803474,-40.42380378145861
9209.083383,48.50859002166672,-80.08222823443242
10049.092829,44.77255038589023,440.068858021289
10063.819737,-1.5185258730325324,489.556960689901
10078.911895,31.22847446125426,537.7434602306712
10108.508987,-49.64353898737232,649.3155665085889
10123.830879,-127.0685363446891,771.2820904018165
11913.236484,-497.8134631079332,737.0886463285116
11924.631558,-491.5080843598835,634.5902432316587
11976.75598,-432.1361791236186,366.1518116962134
11976.756672,-432.1361791236186,366.1518116962134
11978.09797,-432.1361791236186,366.1518116962134
11993.097564,-432.1361791236186,366.1518116962134
12009.7733,-515.067547314636,328.1307063182897
12023.418033,-565.0961969568393,374.4402768567437
12038.104951,-598.658895005575,416.54014099151215
12053.523864,-598.658895005575,416.54014099151215
12068.429666,-587.7261985722131,439.1633565675877
12083.10532,-579.4485895990208,440.87242824716816
12099.324658,-579.4485895990208,440.87242824716816
12113.494976,-579.4485895990208,440.87242824716816
12128.11945,-579.4485895990208,440.87242824716816
12143.111277,-513.1238921443717,451.468904363435
12158.10275,-494.7125579130177,496.14615488116345
12173.111929,-532.7655809592759,556.0106334638825
12188.395664,-621.0965362935311,623.6663873926492
12203.745002,-694.0166897192353,670.7237787016771
12219.328502,-731.9863568614435,771.367762930248
12278.175674,-752.6057792388918,770.5661189447624
12293.510885,-777.9439213474117,758.613442175872
12309.020221,-795.5755244874892,753.860904609038
12325.375435,-795.5755244874892,753.860904609038
12338.447304,-830.404798285336,737.4108715515305
12353.111139,-854.471260952244,731.483105005007
12368.188295,-861.9445800448221,729.9445500632442
12383.426579,-882.5975685969292,730.9200846152773
12399.905665,-886.314937889295,734.8759368426888
12414.367158,-896.7950057968991,749.8786579039175
13195.399737,-1007.8934714329076,271.5668751846259
13195.400456,-1007.8934714329076,271.5668751846259
13196.853526,-1007.8934714329076,271.5668751846259
13211.813949,-979.964016072861,255.84307905398728
13226.986149,-948.048062642326,168.0900531422913
13247.893592,-927.4069832076426,169.75354162494716
13256.790424,-866.3677927412411,194.7653991483346
13275.030675,-860.5349693150497,211.54585833340545
13289.295767,-864.4087131639864,228.99247935756856
13303.429087,-872.1665281682177,244.5958387564111
13308.27601,-882.7305170206671,242.61129956420035
13317.309237,-884.4294340595819,241.51647185210552
13333.18906,-891.8805599495333,235.23591658459048
13348.174515,-901.8851459991848,234.09655705885035
13364.87391,-916.6652120169358,241.6241062321228
13376.836953,-916.6652120169358,241.6241062321228
13394.823837,-916.6652120169358,241.6241062321228
13408.592636,-916.6652120169358,241.6241062321228
13421.842892,-916.6652120169358,241.6241062321228
13438.230886,-921.2889194958592,240.02947974340216
13451.801595,-921.2889194958592,240.02947974340216
13470.205012,-921.2889194958592,240.02947974340216
13482.198961,-922.6723353112892,239.29614511772417
13498.637123,-923.0981572462116,239.0467966357084
13511.81588,-923.100579816804,239.0454927357028
13527.482299,-932.7817945424677,227.04920621120417
13541.811696,-931.0464277586908,218.00800804217616
13557.862876,-931.0464277586908,218.00800804217616
13571.840441,-931.0464277586908,218.00800804217616
13586.80072,-929.0540884930076,216.47607323117208
13602.265417,-929.0540884930076,216.47607323117208
13616.802605,-929.0540884930076,216.47607323117208
13631.830041,-929.0540884930076,216.47607323117208
13647.143567,-929.0540884930076,216.47607323117208
13662.153632,-929.0540884930076,216.47607323117208
13677.799148,-929.0540884930076,216.47607323117208
13692.574885,-929.0540884930076,216.47607323117208
13706.806076,-929.0540884930076,216.47607323117208
13722.137881,-929.0540884930076,216.47607323117208
13736.806712,-929.0540884930076,216.47607323117208
13752.158845,-929.0540884930076,216.47607323117208
13767.152375,-929.0540884930076,216.47607323117208
13782.187429,-929.0540884930076,216.47607323117208
13797.154877,-929.0540884930076,216.47607323117208
13812.404034,-926.9161581537084,211.1665060130868
13826.851288,-924.9254061449606,207.9259840981824
13842.390089,-924.9254060702276,207.9259837875444
13857.585793,-924.9254060702276,207.9259837875444
13873.480586,-924.9254060702276,207.9259837875444
13887.310168,-924.9254060702276,207.9259837875444
13902.644803,-924.9254060702276,207.9259837875444
13917.915878,-924.9254060702276,207.9259837875444
13931.812529,-924.9254060702276,207.9259837875444
13948.241462,-924.9254060702276,207.9259837875444
13961.814501,-924.9254060702276,207.9259837875444
13977.761941,-924.9254060702276,207.9259837875444
13992.221046,-924.9254060702276,207.9259837875444
14011.056666,-910.278689886162,185.7598226404773
14023.963613,-868.7105504030801,195.74770050201175
14030.393541,-834.0250435017734,207.15083495585128
14036.817745,-792.4488778609856,222.7886629875713
14051.839662,-658.1630869119074,264.35602505835215
14066.94849,-543.9537109310544,303.6994811685747
14081.83381,-543.9537109310544,303.6994811685747
14096.831565,-543.9537109310544,303.6994811685747
14112.272961,-509.1645069473898,315.6809673454443
14127.154013,-422.78286034306393,348.26642973043704
14142.405247,-377.614021319896,361.4615306436902
14156.861051,-299.51609424731726,388.2999202780985
14171.874701,-227.2185693796505,416.9821339025074
14186.828736,-91.14086912874016,474.8402989323986
14202.161616,50.91942934583199,533.8523234251556
15072.543496,-2.033047045482546,-17.604192470395173
15087.180283,-74.52369462441234,-84.34512287810493
15102.182405,-120.75336356835103,-115.21651663611576
15116.930758,-158.16614640770217,-84.29849165668094
15132.25065,-197.2156526520887,-42.471840988562384
15147.071707,-197.2156526520887,-42.471840988562384
15161.889054,-440.9115535090753,234.43888349264992
15177.45396,-468.8408574091992,270.0281111863065
15192.207028,-473.5097566233054,271.73346993941624
15207.18303,-473.5097566233054,271.73346993941624
15222.51366,-513.1271907969493,313.529473893188
15237.19817,-559.5355455891025,296.9928161022112
15252.230412,-571.8948319008791,289.021636202388
15267.172849,-624.0454275416175,270.22639295380685
15281.964851,-695.1874463101457,259.89993093531217
15297.191349,-756.2422698652468,236.0378174488561
15312.192271,-836.154409918316,210.9965922609246
15327.234995,-864.8693426377454,220.3014716979057
15341.860499,-864.8693426377454,220.3014716979057
15357.044877,-865.5065251887692,232.1670701633625
15372.721783,-875.8016653828179,255.282836946147
15387.180766,-877.9624525766098,253.56350733441712
15387.775623,-877.9624525766098,253.56350733441712
15402.156701,-877.9624525766098,253.56350733441712
15417.190557,-877.9624525766098,253.56350733441712
15432.338029,-877.9624525766098,253.56350733441712
15449.806574,-877.9624525766098,253.56350733441712
15462.190779,-877.9624525766098,253.56350733441712
15477.192866,-902.3691734002572,242.48602599349465
15492.18768,-902.3691734002572,242.48602599349465
15507.463672,-902.3691734002572,242.48602599349465
15522.256859,-902.3691734002572,242.48602599349465
15538.936328,-913.5413151874668,241.90145676563495
15552.868506,-915.9668278688472,240.9798407023672
15566.976648,-915.9668278688472,240.9798407023672
15583.354244,-915.9668278688472,240.9798407023672
15597.464755,-915.9668278688472,240.9798407023672
15612.201089,-923.423095869216,230.81181655482783
15627.23863,-925.5474075352516,222.76845951358592
15644.474943,-925.5474075352516,222.76845951358592
15657.490997,-926.7966063727248,221.92138277111795
15672.802038,-926.7999237789084,221.91959614271332
15686.879596,-925.7182223865428,222.6687967524716
15702.319875,-927.1407074552272,222.89275055523535
15717.165124,-927.5223177848308,220.8789700567942
15731.89034,-926.1569420031836,213.61569638232703
15747.261569,-926.1325128869028,214.34357798557213
15761.88272,-926.6688735727428,215.8298176483817
15776.877952,-928.0462663155126,218.7511389509219
15791.894544,-928.1644806603778,219.030789373296
15806.880645,-928.0006878159372,218.6981766298808
15822.237727,-928.0006878159372,218.6981766298808
15837.478237,-928.0006878159372,218.6981766298808
15851.90556,-928.088130165388,216.4145701756868
15867.240428,-926.8049763959674,212.91025300879
15881.893229,-927.050781320586,209.17975921536373
15896.994235,-927.050781320586,209.17975921536373
15912.205108,-927.050781320586,209.17975921536373
15927.210501,-928.3121195485212,204.63496165443937
15942.226158,-928.3121195485212,204.63496165443937
15957.202758,-926.5649941962034,197.30281743664597
15971.922816,-923.376838739408,196.3498038145636
15986.896135,-921.0508805221848,188.8400707247163
16002.353971,-877.669601893167,196.30545667870643
16016.922485,-874.4759455004872,243.16096984099536
16031.88461,-932.5018703515744,227.89839282823104
16049.416519,-960.4461153274092,206.36279472584133
16080.635514,-907.6388450115736,31.33183354009067
16080.636176,-907.6388450115736,31.33183354009067
16082.152121,-902.557058966818,15.773449943404502
16082.241474,-902.557058966818,15.773449943404502
16097.112603,-875.788868862575,-55.90723503210335
16113.01582,-856.1973920618951,-136.49440477054705
18507.725032,-853.0012279769201,-181.1006162582439
18526.815011,-867.0217342916498,-98.95490032867916
18537.394785,-895.5152718147241,-32.17931430030668
18552.849284,-927.7282787514667,84.00356787897985
18567.628519,-945.569075364167,134.45063545675637
18583.568695,-935.1508496313364,172.42192213431545
18597.945037,-897.8645075386207,195.7949596168476
18612.442668,-853.3067409350457,222.80739332178183
18627.956831,-855.3783535558091,234.2639817847195
18642.6493,-855.3783535558091,234.2639817847195
18657.306619,-855.3783535558091,234.2639817847195
18670.589713,-855.3783535558091,234.2639817847195
18672.308715,-855.3783535558091,234.2639817847195
18687.655712,-855.3783535558091,234.2639817847195
18702.309422,-855.3783535558091,234.2639817847195
18717.308839,-855.3783535558091,234.2639817847195
18732.355638,-855.3783535558091,234.2639817847195
18747.653138,-855.3783535558091,234.2639817847195
18762.684361,-855.3783535558091,234.2639817847195
18777.756344,-855.3783535558091,234.2639817847195
18792.702381,-855.3783535558091,234.2639817847195
18808.007651,-855.3783535558091,234.2639817847195
18822.637158,-855.3783535558091,234.2639817847195
18837.668116,-855.3783535558091,234.2639817847195
18852.646341,-855.3783535558091,234.2639817847195
18867.641449,-861.0290789317662,243.04504469466767
18882.663407,-866.2756726800724,247.7093098666641
18897.662138,-877.8087772308987,249.5310113701966
18912.37392,-881.5158290501764,257.0640901489877
18927.362987,-879.5847872400891,265.7145214805812
18942.699261,-883.3729858699852,283.68469705492413
18957.36208,-883.1319855423429,284.68129598812806
18973.188421,-883.574053716025,288.38150503444086
18987.648722,-886.1363979712423,286.2263798407415
19002.963718,-888.6470939444963,283.2913555049604
19017.950034,-887.6848571788555,278.5237274459754
19032.648996,-886.6944396958565,273.38674220149795
19048.532841,-884.7939316777794,263.25974212031497
19062.370047,-884.7503684478326,261.8469350278081
19077.668757,-884.7658510679795,261.6162357236433
19092.64816,-884.6270784838318,261.2819467343501
19107.372099,-884.5900547882037,262.0058040101115
19123.046192,-884.6889126404002,262.2029255117428
19137.478776,-885.183770881056,262.1050377865709
19154.865597,-888.4474458678665,261.02294117572893
19167.325206,-889.0738336258864,261.51238513167044
19183.034192,-891.4707285492409,266.1066317379045
19197.958565,-892.5482393743935,266.47417835683285
19212.72219,-889.7584846043367,267.34572008819754
19229.175514,-887.9302470440175,269.68183409082866
19242.71984,-886.9404079342308,271.73370826475343
19257.780595,-888.2874651419955,273.30289801983173
19272.373709,-888.6810688082579,273.35340581346594
19287.680269,-888.6810688082579,273.35340581346594
19302.33389,-888.6810688082579,273.35340581346594
19317.68409,-890.4438200050602,273.4358693881612
19332.658318,-891.0181976452413,270.8247734123689
19347.329299,-903.6957327451375,256.27966766379205
19362.669187,-905.7082325670884,252.78290462006947
19377.37943,-904.9423391347328,254.5223359951621
19394.583924,-905.287781445766,253.90694544728515
19407.662854,-906.6952115007116,254.3441802354733
19422.65727,-908.2914019595156,254.23807268462207
19437.682455,-908.400429007268,252.6765155597164
19452.344889,-914.1539838243584,253.2057018934767
19467.372947,-916.0788913262404,247.1013235309076
19482.338994,-918.8978644662686,244.6186632262006
19497.656584,-917.4798485879692,247.8375884641831
19512.329285,-913.2922001921476,238.29526960533505
19527.349801,-913.4203735431756,237.33840830968632
19542.655567,-914.4107171402746,236.57744076981885
19557.666427,-914.5398555116868,236.9278722500892
19572.665649,-914.7630030257716,237.6456007446249
19587.664594,-914.835018633996,238.23569354856173
19602.669209,-914.6953678685752,238.76616104519695
19617.6682,-912.3373228982312,242.90332879168164
19632.346917,-916.2743267464252,249.2977384917026
19647.675353,-916.3322683598182,252.08850942928308
19662.677953,-919.2489502562486,248.5515902256841
19677.666202,-920.5716620665576,247.3337677507879
19692.690692,-924.629683958922,225.01372303916204
19707.667623,-924.629024065645,225.00752337980336
19722.669766,-924.629024065645,225.00752337980336
19737.670462,-924.629024065645,225.00752337980336
19752.914522,-923.8012840215588,227.3250470097741
19767.674238,-918.0817205234893,226.4702494335878
19782.668953,-918.0817205234893,226.4702494335878
19798.144634,-918.0817205234893,226.4702494335878
19812.388855,-916.5945693354362,226.88019236499963
19827.811899,-916.5945693354362,226.88019236499963
19842.669505,-914.235978818938,225.6328099373101
19857.347866,-914.2359492862053,225.6327891793802
19872.683815,-913.9126393273652,217.7226006235205
19888.750966,-919.1566001817868,216.55555493305692
19902.678311,-919.1566001817868,216.55555493305692
19917.946721,-919.1566001817868,216.55555493305692
19932.679833,-914.7853495585864,210.67228777117305
19947.451482,-914.7853495585864,210.67228777117305
19963.681832,-914.7853495585864,210.67228777117305
19977.678087,-914.7853495585864,210.67228777117305
19992.678229,-914.7853495585864,210.67228777117305
20007.415488,-914.7853495585864,210.67228777117305
20022.363251,-914.7853495585864,210.67228777117305
20037.676684,-914.7853495585864,210.67228777117305
20053.008821,-914.7853495585864,210.67228777117305
20067.679599,-914.7853495585864,210.67228777117305
20082.357275,-914.7853495585864,210.67228777117305
20097.355357,-914.7853495585864,210.67228777117305
20112.396911,-912.0377914646868,203.03406183569652
20127.365436,-907.8593244408846,202.62269698246675
20142.676919,-904.5441133369332,194.15368206557483
20157.457028,-903.6039376683082,187.6983442183785
20172.984029,-903.4432030408486,187.4804527041372
20187.936702,-903.4432030408486,187.4804527041372
20202.453654,-903.4432030408486,187.4804527041372
20217.676125,-903.4432030408486,187.4804527041372
20232.690612,-903.4432030408486,187.4804527041372
20247.690669,-904.4931593103688,175.31672062611395
20262.70078,-904.4931593103688,175.31672062611395
20277.767487,-904.4931593103688,175.31672062611395
20292.692947,-904.4931593103688,175.31672062611395
20307.688919,-904.7829478352284,174.99174176282494
20322.476785,-904.7829518264532,174.99175560262125
20337.703706,-904.7829518264532,174.99175560262125
20352.697323,-904.7829518264532,174.99175560262125
20367.690281,-905.5551706456567,177.86050272592445
20382.701311,-905.5551706456567,177.86050272592445
20397.686282,-905.6768084619974,178.7606980513272
20412.722341,-905.3939846380692,177.51808145831595
20427.363479,-905.4747558878432,177.34501433208692
20442.382671,-905.4747558878432,177.34501433208692
20457.366709,-905.4747558878432,177.34501433208692
20472.710585,-905.4747558878432,177.34501433208692
20488.496324,-905.4747558878432,177.34501433208692
20502.786408,-905.6897477500686,176.51914529503577
20517.703728,-905.2375383867984,176.81259113051792
20532.692968,-904.3365385016504,175.44030380081185
20547.374017,-904.3365385016504,175.44030380081185
20562.711597,-904.3365385016504,175.44030380081185
20577.698185,-897.976370374378,172.74603116367237
20593.16869,-859.9027445844399,199.6947554782528
20607.516758,-793.5876767743097,230.3576645559312
20608.177137,-775.9071398891311,236.98399763089705
20622.374337,-688.1671925438615,262.33515591999765
20637.701319,-638.8516504673098,279.04982704976715
20652.697354,-527.1674095233291,314.12303688267394
20667.376759,-406.1030467872994,364.3983740774596
20682.701168,-367.4734889229777,385.73118886475
20697.478314,-314.9957331100156,402.108832122278
20713.005345,-248.435126062083,415.2537223768489
20727.390145,-233.118662378172,433.8905734323855
20742.375246,-299.02566222054367,538.9925424531775
20757.710934,-242.06057119166863,648.7048472549629
20772.692856,-143.37117006470376,694.9532174608237
20787.993288,-143.37117006470376,694.9532174608237
20802.69586,-143.37117006470376,694.9532174608237
20817.697143,-143.37117006470376,694.9532174608237
23342.909235,-127.27342186104931,760.3191943326432
23357.089628,-125.21110449952214,752.3165209819459
23372.10855,-125.21110449952214,752.3165209819459
23387.099167,-124.60085570194316,725.6679454563425
23403.681931,-212.03254066861345,667.215628142865
23417.091944,-302.94402228519687,614.5878171249769
23432.426131,-305.55734450316095,542.1574105230438
23448.434217,-250.00824302462956,464.8965715961271
23462.590074,-323.8215209484232,383.1169412753813
23477.145541,-435.1166448220496,336.7991308617199
23493.808241,-545.2256847059487,299.97077533640305
23507.412856,-611.2013066385938,266.67037697919744
23522.08955,-616.7794085384767,261.69683506515673
23537.421008,-616.7794085384767,261.69683506515673
23552.434053,-713.2552583020954,244.32022875608263
23567.085947,-825.5895479773318,206.75075922838357
23582.416266,-868.489987428941,245.1185296963588
23597.19067,-873.0867484997738,247.4400903005077
23612.569486,-873.0867484997738,247.4400903005077
23627.421752,-873.0867484997738,247.4400903005077
23642.133139,-873.0867484997738,247.4400903005077
23657.10996,-873.0867484997738,247.4400903005077
23672.110567,-873.0867484997738,247.4400903005077
23687.41672,-873.0867484997738,247.4400903005077
23702.417678,-873.0867484997738,247.4400903005077
23717.20432,-873.0867484997738,247.4400903005077
23734.574231,-885.6219986231598,241.79040921692743
23747.427078,-903.6627322619868,235.86859819736347
23762.145622,-903.6627322619868,235.86859819736347
23777.100332,-915.8334808073282,233.60444529127403
23787.716682,-915.8334808073282,233.60444529127403
23792.118663,-915.8334808073282,233.60444529127403
23807.421736,-915.8334808073282,233.60444529127403
23822.141992,-915.8334808073282,233.60444529127403
23837.958795,-915.8334808073282,233.60444529127403
23852.525663,-915.8334808073282,233.60444529127403
23867.511456,-918.2883158999788,224.20441753828152
23882.110641,-918.4166206835616,225.99338526071057
23897.77985,-918.4776622696178,228.74373875297985
23912.459425,-917.93154048571,231.97235893093256
23927.21199,-918.5919140939224,234.75766634713884
23942.105774,-921.092215886578,235.31090557408592
23957.438107,-924.1453100981704,227.52325278005944
23972.488287,-918.0137479681516,214.04093413528813
23987.108288,-918.0137479681516,214.04093413528813
24002.554176,-919.984465061585,212.10417862311
24017.432486,-925.2685279511704,202.8645520517792
24032.430589,-924.6357854231372,201.01029984848552
24047.4291,-923.3727609093472,194.97905161528007
24062.769544,-921.2884850105931,193.3083851677606
24077.428333,-922.3854933700336,191.25862153694655
24092.322627,-921.4314411749108,190.8687798370269
24108.650002,-919.6236488016428,190.6809781678648
24122.432566,-921.3149381428024,190.481267948104
24137.441619,-926.1795649105756,192.64001660884853
24152.45111,-929.085458312164,193.4869824537043
24167.129714,-931.1980173675108,194.3979917866835
24182.44462,-932.9524357076046,195.16541819907812
24198.999191,-934.7917156988998,197.6933411958562
24212.439275,-936.1308286555692,198.2192312413869
24227.119506,-935.7230798055132,198.4798044691683
24242.439342,-934.2262053172866,197.96596992162648
24257.132583,-933.559279719418,193.66171308782293
24272.445607,-929.55170854454,192.350174499816
24287.441437,-928.7801031249174,191.62695869758093
24302.971876,-930.1374774157126,191.8287671229325
24317.121358,-930.1532532718372,193.84836613607467
24332.196688,-923.5186509363862,190.27364873503345
24347.220483,-927.571471303156,187.02901123303397
24352.826597,-927.571471303156,187.02901123303397
24362.124541,-932.6184963772794,191.9880576251097
24377.440446,-932.0273079995992,192.85084265296183
24392.545613,-927.039992054221,186.1448851698283
24407.572345,-861.6329438070285,211.55045298931643
24422.438876,-910.1453523757498,231.4639054984236
24445.543736,-963.3945082246609,211.1537948159188
24452.142979,-988.223523627021,276.41793115612313
24487.734797,-927.571471303156,187.02901123303397
24771.604855,-927.571471303156,187.02901123303397
86041.631538,48.30468083575346,18.929181424261127
86056.50142,-12.015253174315893,-33.9085028811011
86072.540529,-102.0614019092108,-107.06008137056668
86085.300531,-189.4396598695701,-48.57740240895183
86100.588167,-215.08463417614092,-20.511803050355272
86116.519282,-215.08463417614092,-20.511803050355272
86130.602099,-462.1301860208509,268.0114767377054
86145.314403,-450.1190684205301,313.7028722488073
86160.592363,-366.1225710675283,366.875616520658
86175.318967,-320.89470418826954,382.7419114297607
86190.6054,-320.89470418826954,382.7419114297607
86205.311207,-282.0314423968812,393.9795316550303
86220.585093,-246.07875446118288,462.8501300013839
86235.314584,-312.6104710774019,591.1262544725857
86253.308534,-188.4419576451242,680.3894437218344
86265.42515,-120.97806043435968,730.9612024842431
92331.361221,-122.86883101582733,750.3830338843353
92342.769577,-124.49886746460406,723.1587025353773
92350.479418,-124.49886746460406,723.1587025353773
92360.765685,-124.49886746460406,723.1587025353773
92370.76274,-124.49886746460406,723.1587025353773
92380.754016,-168.71991760699734,682.1961294165633
92390.761751,-247.5979056159191,641.9239188707215
92400.764371,-290.7190208143486,609.8975950501127
92410.523237,-290.7190208143486,609.8975950501127
92420.765192,-290.7190208143486,609.8975950501127
92430.787895,-290.7190208143486,609.8975950501127
92440.548354,-290.7190208143486,609.8975950501127
92450.789827,-290.7190208143486,609.8975950501127
92460.545449,-294.9784737160662,608.4779181068114
92470.547094,-294.9784737160662,608.4779181068114
92480.763355,-292.48139305100807,614.2567290849672
92490.981908,-239.54043951494572,645.1141294624387
92501.666827,-134.22329814245217,694.1602559260009
92510.784595,-120.6744523816461,775.9528143593748
101576.961736,-131.25584430550953,766.3736956689855
101578.738112,-127.62859290855675,750.1292229845864
101588.724465,-126.9316474978656,740.834866255722
101598.997184,-126.9316474978656,740.834866255722
101608.67285,-126.9316474978656,740.834866255722
101618.996234,-143.4207308093531,695.5373887241425
101629.402757,-235.01806851154504,648.7618412838344
101639.280516,-293.01904746848305,612.3277794317786
101649.008315,-311.85311088115424,569.5209169880067
101658.795221,-273.7388535183445,494.87312624368445
101668.800099,-264.235893928638,440.9964387531148
101678.512137,-297.99335824894683,395.5923707653796
101678.817351,-297.99335824894683,395.5923707653796
101685.010458,-326.3435913699065,375.9933707631256
101688.724223,-332.4211110462167,373.8357713561988
101700.643255,-340.02243505144963,372.1524705677888
101709.887569,-373.722571908618,360.59492465149367
101719.005543,-420.1911349059877,342.8853227418186
101728.868338,-459.5083785207231,328.52465151400986
101739.348568,-507.4421945926034,316.1366145929003
101749.55692,-550.1088582505184,304.2041804249224
101758.700386,-550.1088582505184,304.2041804249224
101768.715147,-565.6426893236418,290.4608582421373
101778.677077,-572.9090556920645,288.5814993281812
101788.868621,-572.9090556920645,288.5814993281812
101799.430032,-622.6486234546414,274.1281214455599
101809.485224,-663.0394652663099,263.3287287358839
101818.675983,-721.1417053940298,246.425073768673
101828.68477,-752.0834255491177,233.02939905426737
101839.01957,-809.4846663166462,211.94749228344244
101849.101933,-837.8689890641651,202.85074896772053
101858.778615,-852.0231227738326,206.89930666720028
101869.005169,-867.9746238406366,231.25822760068388
101879.879898,-894.628162587615,237.12302058273391
101888.683439,-919.4580717132344,228.2790672081196
101896.764587,-919.4580717132344,228.2790672081196
101896.765295,-919.4580717132344,228.2790672081196
101897.826363,-919.4580717132344,228.2790672081196
101908.601912,-921.808149388929,213.8454499851422
101917.893705,-921.808149388929,213.8454499851422
101928.202217,-921.808149388929,213.8454499851422
101937.818642,-921.808149388929,213.8454499851422
101947.904354,-921.808149388929,213.8454499851422
101958.301302,-921.808149388929,213.8454499851422
101968.347198,-916.1539021695058,208.80695055553727
101981.493576,-916.1539021695058,208.80695055553727
101988.708684,-916.6914281487936,208.84622382828528
101998.032349,-916.669415869284,207.0686694150271
102007.822564,-916.571866534714,207.08765581184028
102017.824411,-915.9274083388397,206.4675403102677
102028.177865,-916.1279374265736,206.777743798742
102038.14181,-916.1279374265736,206.77774378743248
102047.834389,-916.8339916334826,207.3861460229369
102057.969554,-916.8388876915614,207.3871434771748
102067.830003,-917.5769180386952,207.62770632199303
102078.912074,-918.5607106752374,207.91053739057435
102088.156252,-919.1121739643904,206.88793070236508
102097.869774,-919.4827039987237,206.3345235939533
102108.42646,-919.4827042973614,206.3345236377745
102117.867343,-920.011051427172,205.29595781833683
102127.831667,-922.2193647276122,205.317130100232
102137.933648,-921.769885999666,205.0958904325729
102148.668275,-917.5484487488934,203.87754036190933
102158.782466,-916.5530818929584,201.75319156822053
102170.580111,-914.6141693860492,202.18056039465756
102178.251509,-909.6417263454036,202.2864309202325
102188.149761,-909.77003819887,200.7396918436885
102198.333502,-910.998160468627,197.34650931702305
102210.235148,-912.836619161836,191.4357700179755
102218.017687,-915.6129001337018,190.90343971493223
102228.580657,-918.5990512860074,193.4632536875976
102237.878692,-921.9016944555212,194.50441729116667
102247.84861,-921.9294086571304,194.88005472016047
102258.169635,-922.0671690133664,195.7869075868094
102268.150127,-922.170426858643,193.42275370876908
102278.172635,-923.5491022706524,192.72230719173405
102288.586872,-923.2411185388188,192.82642219030907
102297.874002,-918.6669708003772,192.94195267032129
102307.836775,-914.936947067174,192.1065114253269
102318.165163,-908.7831583769612,189.58512904508345
102328.153949,-906.363051833914,189.58366445652
102338.446889,-906.083309104632,189.60357217931173
102348.157231,-907.1717115690678,188.80545084415263
102358.1543,-908.2624502632178,189.3699483487431
102367.919417,-908.1297763965972,190.565769650054
102378.150271,-908.3528357107714,192.61349816372507
102389.93164,-910.6354817222904,193.647730467781
102398.153422,-915.4317553786155,193.6452910195245
102408.159177,-920.299389886474,191.69199566302265
102417.961143,-923.8742591651612,192.5016675819492
102427.845202,-922.4616645029856,193.54099072092276
102437.980042,-919.9329955111076,190.8280932263108
102448.636177,-916.0670264598537,189.5377369100954
102458.179152,-915.085482774222,188.438158822728
102469.078858,-915.2994949866238,186.21900483064857
102478.175954,-915.947962893912,185.2083942313621
102487.839936,-916.309427952574,189.52099133365
102498.992143,-917.250286383666,192.8521374900265
102507.841626,-917.8395607276703,189.16273529154967
102518.928097,-918.659065259748,185.50630445034545
102529.176242,-919.2816799829278,185.15110140534813
102537.882437,-920.0521147569664,185.23763406924107
102548.18554,-919.9787012611318,186.10905582064368
102558.498598,-918.271041708629,186.3984604505357
102567.836197,-921.8406534170672,191.89407111568465
102578.16284,-919.321221709677,192.7631997748787
102587.885997,-918.2378229371716,192.7007663318096
102598.540882,-920.8322715037864,194.12818338825036
102608.876379,-922.5662147010974,192.8258947234024
102617.844846,-923.980201624816,192.28783248063388
102628.435523,-923.9802016330704,192.2878323707272
102639.159634,-920.48528319369,189.69195928120797
102648.581094,-917.035514460966,187.48767694165204
102657.908041,-914.791383169773,186.6787596825742
102670.855303,-914.4470580153002,185.2066142451185
102680.317806,-913.4400523066518,182.74054372430896
102688.195839,-910.1749755326084,180.5987448209385
102699.882914,-911.1797865596244,177.38332251420618
102707.86097,-909.9098700109992,176.3266548854503
102718.049504,-909.7839728532804,176.58831860157366
102727.839838,-912.4624066325237,177.59733863486505
102737.860819,-912.8034004317972,178.37404440690446
102747.891711,-914.9307677673715,183.0581768756004
102758.55436,-914.9332651282092,183.0614128843708
102768.167516,-915.12973063354,184.73184749827573
102778.03863,-915.129692794514,184.73193577760904
102789.627205,-914.6036022664068,183.0077733518234
102798.705233,-914.6036008141951,183.007743108322
102810.028551,-913.802854179248,180.37612010209904
102818.967793,-912.4048247971396,178.26711505229068
102829.522398,-912.4048246478204,178.26711456283422
102838.964498,-912.0313888977528,178.13479475909688
102847.858093,-868.9786244316788,193.3944252437982
102858.18915,-831.9543681193287,206.5004368652947
102867.895248,-762.2092680349583,230.9129720174796
102877.893245,-709.3531771245633,248.06743249103775
102888.16461,-709.3531771245633,248.06743249103775
102898.182707,-624.4126863654678,282.25156081026523
102908.253944,-570.1882920252419,303.1987204845922
102918.18339,-553.8061439140884,304.5823267546482
102928.178467,-553.8061439140884,304.5823267546482
102938.326789,-553.8061439140884,304.5823267546482
102947.894392,-535.8360570169671,308.4038754721363
102957.896942,-465.6571225277854,336.1335208659677
102967.969642,-398.84235010844577,361.2592703248213
102977.903078,-344.8702128280599,379.2525299951701
102988.905961,-341.89085074333065,379.7169908821189
102998.459803,-341.89085074333065,379.7169908821189
103008.603709,-341.89085074333065,379.7169908821189
103018.180244,-341.89085074333065,379.7169908821189
103029.137511,-341.89085074333065,379.7169908821189
103038.18054,-304.60872363757744,386.984213700451
103048.221988,-236.112717749405,410.5278951541639
103058.193665,-256.5429768280323,477.0691074613022
103067.853049,-306.3623561651086,555.5544024086447
103077.857926,-253.88162887782144,651.697664831858
103088.193836,-177.24705749649104,688.2628805672875
103098.169165,-124.7037810533786,728.0328694838452
103107.949717,-119.02315939700436,753.5180686664797
103117.907046,-119.02315939700436,753.5180686664797
103128.182316,-119.02315939700436,753.5180686664797
103137.859097,-119.02315939700436,753.5180686664797
103147.861189,-121.33636026529324,761.6091772747702
104938.269707,-490.883550548648,734.9465742878282
104948.72911,-490.399963772809,686.1449131524499
104959.235668,-491.98280343769744,657.131487071384
104968.013665,-498.3147022832111,606.6609679999301
104978.247759,-504.34225426868153,572.6531479013627
104991.247016,-495.9740288699215,546.1940705803177
104998.937745,-448.5180118737693,494.90154354703634
105008.250778,-433.00226460940576,482.6554782570988
105017.923961,-432.4644046496721,434.6953196296633
105028.246483,-427.6240821379809,393.1739634469768
105040.076882,-433.700086541636,368.1308651907693
105048.274359,-433.700086541636,368.1308651907693
105058.02801,-467.8753045470142,330.06698589920563
105068.246292,-519.8790123282176,308.75207112412073
105078.244141,-565.7681334003603,286.8960158886284
105088.010742,-615.7675997086437,264.29619610161143
105098.289176,-615.7675997086437,264.29619610161143
105108.496438,-615.7675997086437,264.29619610161143
105118.255458,-646.855497453762,244.3526623552996
105128.244689,-737.1121947528607,214.3118547676196
105138.645134,-816.3197702019888,212.52827875934608
105148.253242,-866.0349194597292,222.857380229552
105160.35592,-870.4981789348101,234.530919051058
105167.971385,-901.4898340325092,232.3048974089028
105178.029174,-936.1484279721592,238.62430091877584
105188.313876,-953.9907979170282,215.2366666053265
105197.960868,-983.9236510505012,222.1618411252299
105208.363073,-995.3780910179742,245.7259191203092
105217.975052,-998.3652061938348,260.4924473050486
105784.618317,-1010.8007765868564,344.06491309217296
105784.619001,-1010.8007765868564,344.06491309217296
105785.967975,-1010.8007765868564,344.06491309217296
105795.79622,-1011.7035233331392,328.96725331226395
105805.788525,-1008.1110107677936,298.9133826401902
105816.58309,-1005.0907375623632,286.615267795362
105825.829228,-1005.0907375623632,286.615267795362
105838.664471,-1002.5607765588478,268.4267164351924
107487.603402,-1022.340425817287,336.262599628062
107497.511559,-1018.2536007321908,316.4431741150036
107507.505522,-1018.2536007321908,316.4431741150036
107518.796845,-1006.3518489215004,294.92002037115384
107527.834352,-1002.0788688834288,287.7779893951955
107538.493009,-1002.0788688834288,287.7779893951955
107547.553544,-994.9914248850312,285.2485392293097
107557.513981,-994.9914248850312,285.2485392293097
107567.590585,-994.9914248850312,285.2485392293097
107577.957322,-994.9914248850312,285.2485392293097
107589.161817,-994.9914248850312,285.2485392293097
107597.509441,-982.7230550821248,257.23915328340865
107607.542935,-957.1482207770975,186.862270240179
107618.649842,-949.9845804099036,169.9847112490603
107627.855043,-934.84275401699,171.15748901435705
107637.51731,-889.1697830407136,189.59366996677423
107647.512383,-881.354095703981,194.23277212732052
107658.10243,-863.0450995698972,201.2604319897876
107668.237806,-863.0450995698972,201.2604319897876
107677.857481,-863.0450995698972,201.2604319897876
107687.520242,-863.0450995698972,201.2604319897876
107697.848582,-857.0179697047305,228.19066447324235
107707.831157,-857.0179697047305,228.19066447324235
107718.644129,-857.0179697047305,228.19066447324235
107738.671008,-857.0179697047305,228.19066447324235
107943.095851,-875.7774750674084,248.9374611704372
107943.096597,-875.7774750674084,248.9374611704372
107952.117304,-876.446905577584,249.1586148387279
107954.6691,-876.4469057600686,249.1586148069216
107962.218009,-876.4469057600686,249.1586148069216
107973.307311,-876.9093409282582,249.6925145408239
107982.449202,-877.4464789413576,249.92865158466665
107992.425239,-877.4464789911798,249.9286515062128
108002.418175,-877.4464789911798,249.9286515062128
108013.015329,-877.4464789911798,249.9286515062128
108024.677615,-877.4464789911798,249.9286515062128
108032.264454,-877.2455758030123,247.3088464635869
108042.577246,-879.5007175700395,246.2886079006356
108053.571296,-879.9470158594165,246.80146576854028
108062.791237,-879.9470158594165,246.80146576854028
108092.381665,-879.9269402588101,247.3901989998509
108092.50617,-879.9269402588101,247.3901989998509
108092.786037,-880.1120416843693,247.3251754786004
108092.786652,-880.1120416843693,247.3251754786004
108093.989283,-880.1120416843693,247.3251754786004
108105.468995,-880.1120416843693,247.3251754786004
108113.972124,-880.1120416843693,247.3251754786004
108124.92621,-881.019244560284,240.8243586255672
108134.618295,-879.1366154862166,235.4158439281265
108144.162308,-879.1364960109706,235.41458342441703
108155.835156,-879.1364960109706,235.41458342441703
108171.349143,-882.2986750418731,228.26694801965215
108176.052393,-882.2986750418731,228.26694801965215
108186.998591,-885.9511606155771,227.49964793452767
108196.354267,-886.1105012722228,227.76136878463
108222.00414,-886.1105012722228,227.76136878463
108229.586895,-886.1105012722228,227.76136878463
108271.728452,-901.9861657640602,228.53803307698712
108271.729165,-901.9861657640602,228.53803307698712
108275.233087,-901.9863310028518,228.53865709771432
108285.512122,-901.9863310028518,228.53865709771432
108295.506832,-906.0191194587052,232.01271469673017
108308.002411,-908.5677777849108,233.48803942795607
108315.527466,-908.1518379084832,232.70647369293945
108325.508223,-909.3077885916624,235.3465311980125
108335.505962,-909.1552354145068,234.85530936565183
108345.186938,-909.2129624489828,234.41889539663725
108355.221703,-909.2129701745092,234.41892141031255
108365.516667,-909.1748945946418,234.76542246216803
108375.516278,-909.9117375507876,236.4336974956136
108385.195987,-909.9117375507876,236.4336974956136
108395.516817,-909.4214399034562,236.4636035091132
108405.622249,-909.1480080560044,236.17026598599523
108415.207762,-909.11488120196,236.26601360571277
108429.756074,-909.11488120196,236.26601360571277
108435.513971,-907.7447616144334,235.14986489785272
108445.512549,-906.8670571759444,233.82655612315952
108457.682244,-905.8627560965776,232.5137595586143
108465.184298,-907.5400169575933,232.3998484791828
108475.522943,-907.5400169659948,232.3998484791828
108485.522296,-911.1605290294656,236.0670046650506
108495.408518,-913.645097161594,234.5765715664345
108505.699205,-916.6222676629476,233.96686417042508
108515.70547,-916.7517774959535,233.8601660792108
108525.888914,-916.9332670262472,234.2947271991332
108535.191468,-916.7527208335396,236.4226267550049
108546.072619,-917.1320323825876,237.1427117610053
108555.224876,-917.4171603392684,237.6420714180622
108565.736685,-917.7861426236668,237.9714049006644
108575.191774,-918.1688178570264,238.38639927809356
108585.91931,-919.1702772152296,240.16131683330843
108595.243115,-919.8795324483784,242.7692364301512
108605.197445,-927.5882471060132,245.8345006739721
108615.203346,-928.0298424989552,244.0036422655106
108625.527227,-928.6037460720028,244.164262273006
108635.823403,-932.5361843562148,246.1575117550982
108645.585263,-932.3774843246842,245.8334710311047
108657.171255,-926.2468600473306,237.8794513464778
108666.968857,-926.470060477816,228.62062226845083
108675.607805,-924.9616348386704,229.2510864134676
108685.539045,-925.3218812474836,231.3595806704533
108696.996169,-923.8583844545526,232.0382996458912
108705.61608,-921.34471132,230.64983762536409
108715.202532,-921.2861136969526,232.1201826003515
108725.195182,-920.4834570860182,228.45303260345335
108735.784147,-920.8214873738184,232.2148439537052
108745.528468,-920.8170034793642,232.21271412608093
108757.413854,-920.8170034793642,232.21271412608093
108765.849079,-920.8170034793642,232.21271412608093
108775.522483,-920.8170034793642,232.21271412608093
108785.549019,-920.8170034793642,232.21271412608093
108795.205679,-920.8170034793642,232.21271412608093
108805.531369,-920.8170034793642,232.21271412608093
108815.537196,-921.275826544684,232.9072052385501
108825.844371,-924.9640698314828,234.63364695129303
108835.218382,-924.9640704953848,234.6336472838423
108845.204517,-924.9640704953848,234.6336472838423
108855.529918,-924.9640704953848,234.6336472838423
108865.548113,-924.9640704953848,234.6336472838423
108878.593606,-924.9640704953848,234.6336472838423
108885.214909,-922.1343973426214,235.32743221835497
108895.557747,-921.0819746143042,234.95289636094216
108905.658171,-922.1336681858182,235.3815003019648
108915.528739,-922.1337216499792,235.38151377387496
108925.542129,-922.1337216499792,235.38151377387496
108935.752509,-922.1337216499792,235.38151377387496
108945.526642,-922.1337216499792,235.38151377387496
108955.532003,-922.1337216499792,235.38151377387496
108965.289795,-922.4775536023149,234.9451370144361
108975.527788,-922.4775536023149,234.9451370144361
108985.953487,-922.4775536023149,234.9451370144361
108995.526332,-922.4775536023149,234.9451370144361
109005.66917,-922.4775536023149,234.9451370144361
109015.526201,-922.3937384912504,234.84906848690267
109025.543169,-922.9727188952236,235.3385059794545
109035.525274,-922.9727188952236,235.3385059794545
109046.486131,-924.6018330968216,235.8273072669239
109055.217008,-928.9758783744952,239.67475119863175
109065.205941,-930.7872988489712,239.5341218196887
109076.581725,-932.0279940897371,241.57811625974176
109085.581271,-932.4152728005226,242.3065995911638
109095.621121,-932.4607573082836,242.3699863308505
109105.822757,-933.7033220470736,243.00606183714885
109115.539617,-930.9345997248896,241.94248676820249
109125.613561,-928.0994019544006,237.69316027763264
109136.096056,-923.3673669192827,233.20192573234164
109145.572073,-920.862969057564,230.25192559909792
109155.222765,-919.996537744051,228.95526592566057
109165.561878,-919.996537744051,228.95526592566057
109175.668299,-919.996537744051,228.95526592566057
109185.532166,-919.996537744051,228.95526592566057
109195.2182,-919.996537744051,228.95526592566057
109205.212956,-919.996537744051,228.95526592566057
109216.61913,-919.996537744051,228.95526592566057
109225.628283,-919.996537744051,228.95526592566057
109235.623398,-919.996537744051,228.95526592566057
109245.55298,-923.1708142513162,229.8309905862082
109255.682927,-923.849451973618,226.2899504360407
109265.288339,-922.5256750356835,206.00576724336
109275.556164,-922.5260045507266,205.9969446551032
109286.426966,-922.5260045507266,205.9969446551032
109295.549411,-922.5260045507266,205.9969446551032
109305.546154,-922.5260045507266,205.9969446551032
109315.81978,-922.5260045507266,205.9969446551032
109325.221785,-922.5260045507266,205.9969446551032
109335.237403,-922.5260045507266,205.9969446551032
109345.658543,-922.5260045507266,205.9969446551032
109355.260777,-922.5260045507266,205.9969446551032
109365.22186,-922.5260045507266,205.9969446551032
109375.318208,-922.5260045507266,205.9969446551032
109385.383893,-922.5260045507266,205.9969446551032
109398.654255,-922.5260045507266,205.9969446551032
109405.23224,-922.5260045507266,205.9969446551032
109415.549319,-922.5260045507266,205.9969446551032
109425.260332,-922.5260045507266,205.9969446551032
109436.617526,-922.5260045507266,205.9969446551032
109445.265439,-922.5260045507266,205.9969446551032
109456.340445,-922.5260045507266,205.9969446551032
109465.896028,-922.5260045507266,205.9969446551032
109475.544343,-922.5260045507266,205.9969446551032
109487.03818,-922.5260045507266,205.9969446551032
109497.087327,-922.5260045507266,205.9969446551032
109505.550917,-922.5260045507266,205.9969446551032
109515.549422,-922.5260045507266,205.9969446551032
109525.546047,-922.5260045507266,205.9969446551032
109535.227235,-922.5260045507266,205.9969446551032
109545.556959,-922.566621072678,205.91099790117755
109555.270311,-922.562891876388,205.9131007831853
109565.858291,-922.562891876388,205.9131007831853
109575.62924,-922.562891876388,205.9131007831853
109587.387843,-921.5888215196871,202.50564587804507
109595.817781,-921.5888215196871,202.50564587804507
109605.560278,-921.5888215196871,202.50564587804507
109617.337335,-921.5888215196871,202.50564587804507
109625.668932,-921.5888215196871,202.50564587804507
109635.558481,-921.5888215196871,202.50564587804507
109645.562292,-921.5888215196871,202.50564587804507
109655.235951,-921.5888215196871,202.50564587804507
109665.560054,-921.5888215196871,202.50564587804507
109675.548485,-918.7991072693904,201.18030889758003
109685.569548,-918.7991072693904,201.18030889758003
109695.22562,-918.7991072693904,201.18030889758003
109705.244472,-918.7991072693904,201.18030889758003
109715.549063,-918.7991072693904,201.18030889758003
109726.773174,-918.7991072693904,201.18030889758003
109735.559558,-918.7991072693904,201.18030889758003
109745.555894,-918.7991072693904,201.18030889758003
109755.678568,-918.7991072693904,201.18030889758003
109765.555046,-918.7991072693904,201.18030889758003
109775.558223,-918.7991072693904,201.18030889758003
109785.554645,-918.7991072693904,201.18030889758003
109795.257975,-918.7991072693904,201.18030889758003
109805.552208,-918.7991072693904,201.18030889758003
109815.239779,-918.7991072693904,201.18030889758003
109825.250906,-918.7991072693904,201.18030889758003
109835.688025,-918.7991072693904,201.18030889758003
109845.550989,-918.7991072693904,201.18030889758003
109855.578423,-918.7991072693904,201.18030889758003
109865.568396,-918.7991072693904,201.18030889758003
109876.841767,-918.7991072693904,201.18030889758003
109886.886363,-918.7991072693904,201.18030889758003
109895.817821,-918.7991072693904,201.18030889758003
109905.572658,-918.7991072693904,201.18030889758003
109916.7425,-918.7991072693904,201.18030889758003
109925.247489,-918.7991072693904,201.18030889758003
109935.442218,-918.7991072693904,201.18030889758003
109945.56936,-918.7991072693904,201.18030889758003
109955.635094,-918.184884783343,198.42357809488917
109965.564425,-918.1848688262572,198.4235313557977
109975.568514,-918.1848688262572,198.4235313557977
109986.761424,-918.1848688262572,198.4235313557977
109995.562286,-918.1848688262572,198.4235313557977
110005.562217,-918.1848688262572,198.4235313557977
110015.299442,-918.1848688262572,198.4235313557977
110025.572599,-915.687414845506,195.16383066630303
110037.323833,-912.0877302678426,189.7675766402973
110045.51243,-912.087729570775,189.76757575150063
110055.345122,-912.087729570775,189.76757575150063
110066.024299,-910.9230417924268,188.60157014994004
110075.335594,-907.0878327207488,184.2958492821853
110085.572299,-907.0878322810464,184.2958486156756
110095.589738,-904.4690173558928,181.6472831327599
110105.561714,-903.069831360114,181.3439116017545
110115.56908,-902.836511281413,180.3964361564225
110125.559958,-902.9638988498408,179.19534677916562
110136.203323,-903.3835541062124,179.2815381992967
110145.563354,-904.030295913773,180.8948614365066
110155.374307,-904.2727034142004,181.25130225766276
110165.245633,-906.104503529644,184.6125812011246
110175.286525,-909.4584128067416,189.5006370941537
110185.281178,-907.7939049261538,188.86989435599835
110195.278438,-903.3365160896294,184.6827690009464
110205.798613,-902.0577075378532,185.92469240016996
110215.878629,-902.0552134962312,185.92411766230936
110225.253498,-899.1473170806005,184.3101970604888
110237.036277,-897.5870390691568,182.4228568366902
110245.249638,-897.7223388580686,181.4391309474535
110255.93406,-897.7223388580686,181.4391309474535
110265.76295,-897.7223388580686,181.4391309474535
110275.831454,-897.7223388580686,181.4391309474535
110285.260891,-898.3437538840786,177.22010895337277
110296.233619,-900.3602319263633,173.84405046979862
110305.2535,-900.4821608877791,173.78883342608012
110315.34897,-900.4821608877791,173.78883342608012
110325.249821,-900.4821608877791,173.78883342608012
110337.376631,-901.5422786689207,174.2795831019798
110345.294201,-896.3593944261396,180.66965752779808
110355.848775,-844.1338264715549,202.496892331885
110365.872063,-825.2070333108285,210.3782013604061
110375.888849,-786.6234844463143,218.21608147980604
110375.911867,-786.6234844463143,218.21608147980604
110385.253568,-718.8798883685561,242.8526936134928
110395.324602,-662.7973629756057,264.88490149269313
110405.270209,-549.8954882809564,299.8107918993855
110415.605691,-543.5956751687313,303.3603512215438
110425.263105,-543.5956751687313,303.3603512215438
110436.048711,-543.5956751687313,303.3603512215438
110445.591245,-521.0253405417689,316.69360245010404
110455.588194,-449.7478423130596,343.56860811603525
110465.730007,-373.8386262162615,368.6693139436379
110476.369188,-327.464591474798,383.6167453432021
110485.58513,-298.5651981177846,391.9326549995584
110496.620297,-270.92500097588305,398.3193773137557
110505.258109,-242.73876809023935,410.6548004311495
110515.302014,-199.965827238857,426.3233417625408
110525.335215,-111.79457429624004,460.6231797816993
110535.278616,-1.8408440924528044,520.1898810587014
172880.278139,33.940785085048766,7.822811028450217
172889.81864,10.979338319466104,-9.75858771924447
172899.535954,6.3688860917201575,-17.106132070131487
172908.839264,-23.832196620443817,-44.774027737993805
172918.782761,-72.08113127927798,-81.01086293960275
172929.113222,-126.4091291411027,-114.92508321516038
172941.434041,-185.80322461941117,-52.094946631273615
172951.769843,-208.81217693586493,-24.0213367305358
172958.790099,-208.81217693586493,-24.0213367305358
172969.109623,-208.81217693586493,-24.0213367305358
172979.113158,-452.81760141258223,310.70771313408284
172988.92651,-431.2257562756313,342.5350487141374
172999.665324,-375.0687906185116,359.5147991357046
173008.785482,-318.0191092655305,373.65354407342943
173019.105588,-318.0191092655305,373.65354407342943
173029.127884,-289.36181937736,381.5628533070462
173038.89368,-242.1607786369103,406.6461417398301
173048.839592,-232.31087168675484,429.4820277149985
173058.813089,-247.30028412465563,462.3370417294864
173068.786395,-273.89982249924486,503.4868813815205
173078.822816,-298.5470079392496,544.6805012167482
173089.377866,-300.9947546284772,606.6573329640461
173098.800313,-221.7135461205192,652.3459760914157
173111.611272,-158.09353094246404,675.1669223980347
173118.841656,-112.42007970856665,735.6838519019399
178313.52998,52.02557289296541,-0.6519284980805428
178322.62884,-7.449617578406794,-48.23356454563633
178332.201672,-105.19723138150236,-104.22677995553828
178342.201679,-160.12227128960888,-77.87333529663283
178371.454397,-208.98791566078384,-21.12080243242506
178371.458256,-208.98791566078384,-21.12080243242506
178380.444164,-479.604736871324,287.56417486642647
178380.44488,-479.604736871324,287.56417486642647
178382.490123,-479.604736871324,287.56417486642647
178393.0067,-485.49425998437766,296.264872781303
178402.837071,-485.49425998437766,296.264872781303
178413.06495,-485.49425998437766,296.264872781303
178422.461621,-502.5517012488792,315.30533218910614
178432.741063,-537.4781629442236,324.2904084847262
178442.428004,-609.3541659967894,295.2406970123557
178453.026454,-667.5419478850032,266.84947382864937
178462.434029,-738.9571656644237,237.68541289366152
178472.428966,-821.2538894704674,210.43388747403947
178484.408616,-862.1336278844095,221.58161223061472
178492.427851,-872.4661849187785,247.4667256633981
178507.486083,-890.322908009643,248.98801084716536
178534.956518,-968.717428932373,224.60171916747845
178534.957075,-968.717428932373,224.60171916747845
178561.47971,-981.80228259119,262.68791954778754
178561.480239,-981.80228259119,262.68791954778754
178566.704909,-982.2012417942386,265.2981500333411
178586.35019,-987.3000362008364,276.31508278036097
178586.649808,-988.9774574290813,279.7699721282762
179027.145953,-1015.132646048336,278.49205986037265
179039.408624,-1015.132646048336,278.49205986037265
179047.189125,-1015.132646048336,278.49205986037265
179057.466453,-998.7385646308536,283.528757886658
179068.336897,-972.4698125573004,238.76722197691748
179234.701775,-334.6434827784747,387.23983947328713
179234.702372,-334.6434827784747,387.23983947328713
179242.876176,-334.6434827784747,387.23983947328713
179252.77224,-325.07123645715905,381.08242487093815
179263.128357,-319.5860856717482,384.45872478021374
179272.765616,-262.04450241424246,411.00273118952487
179284.3681,-232.73486160649452,420.82325398119593
179292.782855,-232.73486160649452,420.82325398119593
179303.145403,-232.73486160649452,420.82325398119593
179313.130105,-232.73486160649452,420.82325398119593
179323.115861,-232.73486160649452,420.82325398119593
179332.808434,-232.73486160649452,420.82325398119593
179345.086795,-207.82756376250973,435.7021160332181
179354.166591,-162.279263213648,452.14655031347263
179362.908469,-86.05475416185871,488.5583243854739
179373.096526,-37.2321473030773,512.2168310603934
179382.777064,1.6112122422256352,528.345373851962
179394.300905,38.840964772944666,540.8949992241322
179403.908481,38.840964772944666,540.8949992241322
187252.867781,41.518086289383135,9.96108795544536
187263.22824,-20.53356318051485,-49.38557358906489
187272.962,-67.68052217259064,-80.10972777243387
187283.19433,-89.35351436265164,-99.6937174223416
187293.217896,-120.01978997953782,-119.25291116241762
187304.185416,-172.1946354595482,-67.84892802946717
187313.352325,-192.8932268119215,-43.22996717812444
187323.189824,-192.8932268119215,-43.22996717812444
187332.88289,-192.8932268119215,-43.22996717812444
187342.873162,-461.14606933622855,264.6114307400801
187353.352432,-462.0924260569205,265.54998661215024
187363.192823,-476.5152562985321,274.0120695162662
187373.917556,-493.9120287102724,291.8556093761904
187390.495382,-493.9120287102724,291.8556093761904
187394.839233,-493.9120287102724,291.8556093761904
187403.201989,-493.9120287102724,291.8556093761904
187413.205908,-493.9120287102724,291.8556093761904
187424.941149,-530.4493638055444,334.2671189733261
187432.87332,-559.9877822535509,369.12369611340137
187442.878559,-584.5947338371526,399.5352425112864
187453.203966,-607.8163644222656,419.29610528069753
187462.878145,-640.4647907569761,468.7320127712384
187472.882457,-672.312768484787,507.8417473565061
187483.547696,-716.02515846678,516.9776098091938
187494.776003,-721.3041862523132,490.9795421746628
187503.219116,-707.3507482893775,432.30328019423047
187512.880422,-700.7826744209178,414.2992640762657
187524.616258,-714.3129955593345,408.7724493627555
187533.206469,-759.2979005069502,399.8304774323257
187546.308698,-811.304691741104,366.88271207332855
187553.072235,-854.4354507865572,343.2373422027595
187562.923092,-874.3002227994457,329.6256012647124
187573.291379,-874.3002227994457,329.6256012647124
187583.287218,-874.3002227994457,329.6256012647124
187593.35757,-874.3002227994457,329.6256012647124
187603.830859,-874.3002227994457,329.6256012647124
187613.200093,-874.3002227994457,329.6256012647124
187623.381512,-874.3002227994457,329.6256012647124
187632.924224,-874.3002227994457,329.6256012647124
187643.20709,-874.3002227994457,329.6256012647124
187653.276809,-874.3002227994457,329.6256012647124
187662.926311,-874.3002227994457,329.6256012647124
187672.926325,-878.1000146761579,320.3220339468423
187682.926476,-878.1000146761579,320.3220339468423
187696.536542,-878.1000146761579,320.3220339468423
187702.881526,-878.1000146761579,320.3220339468423
187712.924301,-878.1000146761579,320.3220339468423
187723.235427,-878.1000146761579,320.3220339468423
187732.989077,-878.1000146761579,320.3220339468423
187744.039464,-878.1000146761579,320.3220339468423
187753.218924,-878.1000146761579,320.3220339468423
187763.353909,-878.1000146761579,320.3220339468423
187773.775068,-878.1000146761579,320.3220339468423
187782.898123,-878.1000146761579,320.3220339468423
187792.937269,-878.1000146761579,320.3220339468423
187803.330442,-878.1000146761579,320.3220339468423
187813.312235,-878.1000146761579,320.3220339468423
187823.651231,-878.1000146761579,320.3220339468423
187834.635389,-878.1000146761579,320.3220339468423
187842.929281,-878.1000146761579,320.3220339468423
187854.144349,-878.1000146761579,320.3220339468423
187863.318567,-879.7068674747801,321.38875996363004
187873.625072,-881.3648261539922,322.23447672507643
187882.953318,-880.7787168972849,321.9621808726134
187893.21617,-881.0686285649484,322.13928890390537
187904.225347,-881.2214547308604,322.5076119446392
187912.89217,-881.3090827323401,322.8071003651653
187922.94503,-880.8198778202451,321.97841041432656
187932.931743,-881.142258199825,319.737267617799
187943.275078,-889.0774689630257,315.75221275996324
187953.412566,-891.5975118710047,317.2591358097896
187963.325361,-896.4566810945969,322.10246359341835
187974.379947,-898.4989764319649,324.7437142652697
187983.566043,-898.9952576948799,325.10157503837024
187993.248143,-898.986843202434,325.07745774977025
188002.900171,-898.986843202434,325.07745774977025
188013.271824,-898.986843202434,325.07745774977025
188022.95223,-898.986843202434,325.07745774977025
188033.260959,-898.986843202434,325.07745774977025
188045.974009,-898.986843202434,325.07745774977025
188054.221639,-898.986843202434,325.07745774977025
188063.286612,-898.986843202434,325.07745774977025
188073.347858,-898.986843202434,325.07745774977025
188082.908368,-898.986843202434,325.07745774977025
188093.530625,-898.986843202434,325.07745774977025
188102.903971,-898.986843202434,325.07745774977025
188113.282557,-898.986843202434,325.07745774977025
188123.244888,-901.5366157725864,323.9354000485866
188133.224057,-901.5366157725864,323.9354000485866
188142.900188,-901.5366157725864,323.9354000485866
188154.101243,-901.5366157725864,323.9354000485866
188162.946181,-901.5366157725864,323.9354000485866
188172.993218,-901.5366157725864,323.9354000485866
188183.221493,-901.5366157725864,323.9354000485866
188193.233548,-901.5366157725864,323.9354000485866
188203.22592,-901.5366157725864,323.9354000485866
188213.264014,-901.5366157725864,323.9354000485866
188223.22841,-901.5366157725864,323.9354000485866
188233.225173,-901.5366157725864,323.9354000485866
188243.899401,-901.5366157725864,323.9354000485866
188257.658969,-911.4268642788134,317.4851431329617
188266.536387,-936.0470882516206,308.98441386930347
188273.304752,-977.8728334687584,288.6084703602985
188282.947284,-980.9705730149598,286.8328707244052
188292.949073,-980.9705730149598,286.8328707244052
188303.276931,-979.551657032275,286.2262112890189
188312.989675,-974.0557785550732,281.7575760628216
188325.461286,-986.0215575711418,268.90565607431915
188332.898978,-975.0501550065692,229.496494398918
188346.436161,-953.0829708795984,157.7719803383703
188352.909497,-949.6762411071204,149.34217704449492
188362.910254,-949.6762411071204,149.34217704449492
188372.919042,-949.6762411071204,149.34217704449492
188383.250766,-949.6762411071204,149.34217704449492
188393.446602,-941.0705336793004,128.39300512912757
188402.964029,-940.5110259156904,119.73276803309692
188414.775189,-940.5110259156904,119.73276803309692
188414.775889,-940.5110259156904,119.73276803309692
188416.471655,-940.5110259156904,119.73276803309692
188429.608784,-944.2873421443104,106.26880469533788
188436.058427,-944.2873421443104,106.26880469533788
188448.880631,-944.8627277719044,97.42001590519222
188456.382083,-944.8627277719044,97.42001590519222
188466.562448,-946.8670661660752,87.59314098666765
188476.396026,-927.3306523873832,49.4959610784077
188486.982367,-919.7820988714104,30.00581468213932
188496.391049,-912.2980096910148,14.561658054323706
188506.391625,-912.2980096910148,14.561658054323706
188516.06645,-912.2980096910148,14.561658054323706
188526.68918,-903.3753231663196,3.761954945526912
188536.126093,-887.7979274787921,-40.15272834736951
188546.068235,-878.1723081608586,-76.8458877578962
188556.094452,-872.6848052309279,-122.5497680551756
188566.988516,-839.0387049725105,-208.73924548413305
191433.85603,38.001078258488334,7.213283353421474
191445.601239,4.169500554261679,-21.04905894458648
191453.731842,-37.68220127684721,-58.167224589489926
191464.416893,-105.56428167603885,-107.88268662852458
191473.498499,-124.5707466617405,-113.89297847124875
191484.55703,-165.79227819531292,-82.64128870693204
191493.93359,-203.73314134086456,-41.71066575583632
191503.839088,-203.73314134086456,-41.71066575583632
191513.561279,-203.73314134086456,-41.71066575583632
191523.832268,-476.378967574121,275.06159326253703
191534.646005,-486.63825899690914,288.3923969945078
191544.120578,-486.63825899690914,288.3923969945078
191553.556792,-486.63825899690914,288.3923969945078
191563.517174,-486.63825899690914,288.3923969945078
191573.529107,-522.3987949466577,324.5017864073932
191583.842914,-549.8719128999224,359.9179240808745
191593.517062,-588.5704881577121,396.6285372093947
191604.579232,-598.069687949639,402.9247095122157
191613.875982,-608.4781050500715,411.4048959757008
191623.884092,-668.076174498808,475.3095308622098
191633.525198,-698.9376221301033,515.0859854954855
191644.164767,-720.1388449776622,517.3746425852534
191653.560117,-714.7391248290808,478.8415325405256
191664.267452,-703.2193907001434,440.52913102840034
191674.861268,-701.8966178318059,431.4722107955449
191683.695989,-699.7164541872626,404.7430724665748
191693.838133,-733.0934991755163,392.2235685504832
191703.629438,-758.062547608526,377.8893348116088
191727.927406,-825.2491986782319,345.48151714232284
191727.927984,-825.2491986782319,345.48151714232284
191729.636336,-837.0280447669714,342.3457187025364
191740.392037,-849.1106520725015,337.78817364611103
191755.237627,-865.586513809043,324.2603725686104
191759.635449,-897.0662071568191,304.3636577664538
191769.96088,-945.1514694493668,296.12373077429413
191804.508884,-933.5107336091116,178.7728814046519
191804.509646,-933.5107336091116,178.7728814046519
191805.718209,-933.5107336091116,178.7728814046519
191815.767208,-898.4506979169203,185.77610705923223
191825.764943,-848.2910642197324,204.9602274086639
191835.732712,-860.2092150529195,244.17058275730503
191847.092855,-898.0063875968991,240.8123833091435
191855.740445,-910.3357815647616,237.8190874598804
191866.26602,-928.996127677903,244.48452053845807
191880.090531,-955.2088860746944,227.76475773840423
191890.287786,-966.4236380095326,200.08208198391245
191896.00856,-958.1489515425752,183.432450718268
191905.733975,-941.3318989848998,173.09826562952873
191916.421539,-916.2608934180968,175.8236606325804
191925.77511,-883.4211787079145,188.59477960252264
191936.043448,-870.3268479039136,192.9395461202982
191945.726321,-844.2011470002282,197.5814129934145
191955.719986,-823.190962278324,204.88970980057377
191966.173742,-763.8510914708429,231.5567869318965
191976.053043,-740.0394930946934,237.71912940017992
191986.29124,-736.1027954661301,235.2656326455933
191996.187165,-681.9019261242767,254.5590747107011
192007.02583,-643.2780378555717,264.9047646212585
192017.789969,-558.5509188905769,282.61849372554013
192025.830397,-549.3891937835438,290.39795613549444
192035.721428,-549.3892001314438,290.3980579878151
192046.052496,-549.3892001314438,290.3980579878151
192056.124886,-516.1354999716402,325.681812757099
192065.725795,-553.8056676898119,371.428127806682
192075.726279,-578.9631430753639,411.7501548560716
192086.672451,-642.0896141611526,471.7798466654117
192095.72053,-680.0938730663327,517.7237916663217
192107.366983,-710.7490064158882,525.4215851625545
192117.632507,-721.3085496261446,501.4746334478239
192126.057202,-706.8770356229498,464.780301431328
192135.720859,-695.2766717668702,420.96515631011664
192148.204278,-726.6073844794455,397.13799374901913
192168.958969,-752.2690769769312,388.394873171317
192168.967807,-752.2690769769312,388.394873171317
192175.766053,-770.9309269641004,387.69710483792943
192185.740081,-788.8981862078915,387.42231930207896
192196.405063,-821.4107048684288,367.6662334402015
192206.057399,-860.9393821050897,337.59165864889104
192216.055542,-903.5355881082904,313.3565543224438
192225.775269,-930.328995630762,305.9854632199643
192236.24251,-966.7996933088313,287.0933993485598
192248.654078,-982.3798778699622,261.5386267132427
193309.357515,42.33220442580223,15.674926006043126
193319.792578,17.71359166437419,-7.411487512691832
193330.304092,17.71359166437419,-7.411487512691832
193339.016685,-3.062781836971196,-22.292013705131826
193349.666419,-31.39357017267771,-52.48798307135793
193360.637745,-95.3656809595693,-96.70897822122284
193369.337288,-110.86500892837722,-106.06272394339707
193379.412225,-134.94016570662356,-105.7679711958718
193397.345568,-192.04776449735803,-38.81914886537458
193399.059207,-192.04776449735803,-38.81914886537458
193409.341064,-192.04776449735803,-38.81914886537458
193419.020819,-192.04776449735803,-38.81914886537458
193429.024266,-468.1341973614068,251.50323272403253
193439.687882,-501.9467985703205,304.7945020188098
193449.692534,-528.8589804690861,342.89226498334364
193459.355113,-545.8021506725271,370.57996275409886
193469.338339,-573.9454301411081,398.2948513020316
193479.408975,-594.4632486653039,420.55505958635854
193489.913294,-619.1717621223734,437.8879383531648
193499.385413,-666.4908601771509,505.059617209305
193509.181153,-690.2965192720517,535.7153651375893
193519.43418,-725.5338215529728,520.654455797354
193529.417148,-705.0773269973747,474.3891211513128
193539.024264,-692.8751219163848,443.6442075352272
193549.587843,-687.5048847784941,419.2490883500132
193559.352835,-730.2590853100777,410.5318928802549
193569.475552,-761.2825949411376,392.1519636898533
193579.905279,-813.3079275347337,368.002058358278
193589.913771,-881.1619436680655,327.746610502464
193599.656694,-890.0613128566457,322.24198103084154
193609.351082,-890.0613128566457,322.24198103084154
193619.703846,-890.0613128566457,322.24198103084154
193629.075159,-890.0613128566457,322.24198103084154
193639.068906,-890.0613128566457,322.24198103084154
193650.707691,-890.0613128566457,322.24198103084154
193659.666322,-890.0613128566457,322.24198103084154
193669.391594,-890.0613128566457,322.24198103084154
193679.390587,-890.0613128566457,322.24198103084154
193689.379827,-890.0613128566457,322.24198103084154
193699.397962,-890.0613128566457,322.24198103084154
193709.388247,-890.0613128566457,322.24198103084154
193719.459793,-890.0613128566457,322.24198103084154
193729.423351,-890.0613128566457,322.24198103084154
193739.921669,-890.0613128566457,322.24198103084154
193749.190781,-890.0613128566457,322.24198103084154
193759.397701,-890.0613128566457,322.24198103084154
193769.121761,-890.0613128566457,322.24198103084154
193779.357074,-890.0613128566457,322.24198103084154
193789.374638,-890.0613128566457,322.24198103084154
193799.475286,-890.0613128566457,322.24198103084154
193809.360179,-890.0613128566457,322.24198103084154
193819.032129,-890.0613128566457,322.24198103084154
193829.409752,-890.0613128566457,322.24198103084154
193841.484112,-890.0613128566457,322.24198103084154
193849.462023,-890.0613128566457,322.24198103084154
193859.367099,-890.0613128566457,322.24198103084154
193869.065945,-890.0613128566457,322.24198103084154
193879.737765,-890.0613128566457,322.24198103084154
193889.163769,-893.0255892282553,320.4987405874249
193899.079563,-893.0255892282553,320.4987405874249
193909.040671,-893.0255892282553,320.4987405874249
193919.077238,-893.0255892282553,320.4987405874249
193929.367797,-893.0255892282553,320.4987405874249
193939.867945,-892.4605811350101,321.16822931314425
193949.540617,-892.4605811350101,321.16822931314425
193959.37745,-897.2258584008064,318.99315426332225
193970.572266,-938.5113506535464,306.6518097224725
193979.079967,-983.8813994665152,285.2981872866764
193991.916089,-982.1873380170264,251.3232914140639
193999.091512,-969.3065687981904,202.3576254085453
194017.59451,-941.6295306821664,120.06396638712978
194019.056468,-923.966595589388,57.866478981233584
194029.051663,-908.4919163927686,13.766477154001109
194042.296744,-908.4919163927686,13.766477154001109
194049.371686,-908.4919163927686,13.766477154001109
194059.079522,-902.2765223558802,-4.677318859230391
194069.132718,-894.3517062297348,-32.962789701122375
194080.544139,-891.8887085313756,-42.25196516404176
194089.387147,-891.8887085313756,-42.25196516404176
194099.668965,-887.0338925413838,-60.19831239907381
194109.754712,-883.8965276393099,-92.2105285367324
194119.05999,-867.4955290670176,-137.03921239547802
194129.818213,-842.7983615974017,-186.6878544075365
195807.526854,-845.0952693227052,-215.42345384766344
195815.685116,-860.6152789117691,-160.36945525676572
195825.597872,-870.5718295801852,-123.93943650018024
195835.637344,-888.8068229826551,-58.72752101176448
195852.980312,-897.373127569823,-23.085062734596946
195855.595254,-897.5960030493261,-21.98098541216297
195865.597698,-897.5960030493261,-21.98098541216297
195875.925358,-904.9929495561722,2.0699579609310064
195885.60158,-921.5273606504546,55.57983569273144
195895.923583,-931.2616497919269,79.64480272735673
195906.014751,-939.2086117615844,98.60640098929603
195915.606505,-947.3136924269052,132.29009762139955
195926.739251,-937.2650946736734,173.65103859252525
195935.949731,-901.57915750566,190.0247698612601
195945.601865,-875.7854311598164,197.15675024707147
195955.977885,-868.4274757542909,234.01698914144583
195966.360565,-868.7736988028304,235.1112816976151
195976.034768,-868.7736988028304,235.1112816976151
195985.995668,-868.7736988028304,235.1112816976151
195997.001693,-868.7736988028304,235.1112816976151
196005.930737,-868.7736988028304,235.1112816976151
196016.117287,-872.3950310699846,234.31402543023916
196025.927757,-872.3950310699846,234.31402543023916
196036.586037,-872.9011723849854,233.4695886160673
196045.946143,-873.5110809951743,233.5821032828657
196056.204307,-873.511081426622,233.5821032828657
196065.926786,-873.511081426622,233.5821032828657
196075.926552,-873.511081426622,233.5821032828657
196086.092897,-876.174285137047,233.36008658368556
196088.260335,-880.5411298928657,232.46688755538227
196097.278298,-884.8720362700799,234.7335254144991
196106.341467,-885.9451849413405,236.4516733436366
196117.098262,-887.184275258719,236.43661495058143
196126.104793,-888.8866032308387,238.42557764271652
196135.621183,-890.1152029780563,239.37769628099775
196146.214983,-891.5694625614453,241.02511741837003
196156.24104,-892.1297882213929,241.35061749595377
196167.13157,-892.2350241527952,240.22484427788655
196175.609423,-894.0592871107941,239.2612570285717
196186.093168,-893.6204657767503,239.52741608599592
196195.763753,-893.6204657767503,239.52741608599592
196206.094648,-893.5036227824129,239.66608288816596
196215.605521,-893.5036227824129,239.66608288816596
196226.47858,-893.6631976760463,239.84240992084383
196235.626246,-900.2757611707513,237.86909189591472
196245.616976,-903.9567323396628,235.72670626174917
196255.621351,-898.9620697092234,239.19269619528768
196265.953171,-899.3361985860159,235.5972992253604
196276.189226,-900.3082004161162,234.524026183259
196285.939525,-902.349090904004,234.47244754258128
196295.611938,-907.2374674446686,236.5846332419316
196305.7831,-907.6862167088012,236.88170855058132
196315.626556,-907.926446771048,236.4714050751025
196325.953962,-907.5843321142328,231.22279289868672
196336.291922,-905.6273275114252,226.9095100455837
196345.986116,-905.4335679962256,226.9340475348723
196355.85075,-904.3864503693108,226.60042482585675
196366.345253,-904.0848090518236,225.0723760376924
196376.334708,-912.8123004425572,223.93686202014445
196386.453764,-912.8802146875748,224.0044532312431
196396.111414,-913.3089187800344,224.3107410504161
196405.930157,-914.5093981115012,224.44011267407112
196416.531599,-914.4011206918505,225.4601393577657
196425.6267,-914.4028340542452,225.6584309517745
196436.41519,-914.5024762285676,230.52205737659003
196445.952125,-915.6108208943602,232.7813202326396
196455.953043,-919.588504595014,230.32873279332952
196465.944163,-923.7976444772504,226.5380345641554
196475.635077,-923.7976444772504,226.5380345641554
196485.959809,-923.7976444772504,226.5380345641554
196496.220096,-923.7976444772504,226.5380345641554
196505.953335,-923.7976444772504,226.5380345641554
196515.770069,-923.7976444772504,226.5380345641554
196525.622788,-923.7976444772504,226.5380345641554
196535.637087,-923.7976444772504,226.5380345641554
196545.952737,-923.7976444772504,226.5380345641554
196555.949578,-923.3648841215432,224.2502827329518
196565.941182,-921.6693533213324,214.24281078699545
196575.950263,-921.6693533213324,214.24281078699545
196585.96446,-921.6693533213324,214.24281078699545
196595.948502,-922.8177977071427,207.5771455864068
196606.785413,-922.8177977071427,207.5771455864068
196615.950152,-922.8177977071427,207.5771455864068
196625.946045,-922.8177977071427,207.5771455864068
196635.952971,-921.6535267309451,206.0464373393764
196645.964535,-919.2805019186768,202.1586416143583
196655.949991,-919.2805022092074,202.15864113585724
196665.945283,-919.2805022092074,202.15864113585724
196676.010041,-919.8391180666148,198.5832595699594
196686.621692,-918.5487188322784,196.29652318658128
196696.517329,-918.9049408504396,196.9968142614895
196706.213584,-918.7330956399768,196.1528668119284
196715.941193,-918.7330956399768,196.1528668119284
196726.339805,-918.7172129880444,199.9326539843606
196735.948251,-918.994985157437,200.0534681748852
196745.945972,-916.9546700556476,201.80328696987627
196755.962392,-916.7041638446112,200.9692026950588
196766.434102,-915.2116975226872,200.41707524450248
196776.08567,-915.2116975226872,200.41707524450248
196785.989514,-914.5222150865284,200.2809807416842
196795.962332,-912.5127220587289,202.5304847036757
196808.744727,-912.0521875728792,204.00299323922167
196816.341141,-913.2535768920644,205.7604223659449
196826.098071,-913.3756007332406,206.12422753356375
196835.757062,-913.3756007332406,206.12422753356375
196845.633439,-912.94660420962,207.11091750102895
196856.773162,-913.44589466467,206.8369261829226
196866.177744,-913.4459131693184,206.8369458311806
196875.644177,-913.4459131693184,206.8369458311806
196886.189215,-913.328888622104,203.6802663225584
196895.645723,-912.0870598194964,201.077739466649
196907.752237,-911.8318684033944,200.41291623160583
196915.845892,-910.222181609418,200.43777418314357
196925.670527,-908.8791385028508,200.0013433338728
196935.6412,-908.879150128359,200.00133588069625
196945.96461,-907.1682288577608,197.35995747183208
196955.975483,-907.166705362948,197.3571287846536
196965.989973,-906.4079529315704,196.32683107660503
196975.630649,-906.3952431837976,193.5753205291422
196985.643971,-903.301498544276,185.50714425025893
196995.990585,-903.301498544276,185.50714425025893
197006.634388,-903.301498544276,185.50714425025893
197016.730276,-903.301498544276,185.50714425025893
197026.444719,-902.703979983478,184.93848765868591
197035.960847,-902.7041393721482,184.9342619054293
197046.281782,-903.1799845012968,184.41646448636664
197055.987535,-903.1799845096986,184.4164644747044
197065.964187,-903.1799845096986,184.4164644747044
197076.011679,-903.7008154426784,183.86810993333592
197087.781704,-903.7008154426784,183.86810993333592
197095.666931,-876.2142191951243,191.5808744170446
197106.013506,-818.610481707816,212.5941516168441
197110.220753,-769.5202127025874,229.81252696754203
197115.671185,-744.4991899007431,240.87582509450647
197125.778459,-643.4237012051786,278.41665357037385
197135.669941,-580.2251343355787,293.40135329751547
197145.966458,-562.7413138345117,299.7092390779429
197156.107797,-562.7413138345117,299.7092390779429
197165.972306,-557.9823685966846,301.77893190054306
197177.729005,-514.1999620664859,313.99606896948416
197185.647387,-440.2974692590061,340.43146391081603
197196.23273,-406.0996012595127,357.1935291964408
197205.646389,-357.4116534157676,380.1375028478066
197215.776844,-283.37051803984326,392.7164920955106
197228.635491,-245.2464064485692,413.1945895441925
197238.354279,-232.0279947299344,443.0900400360285
197246.251843,-234.36915226010692,451.3583559443968
197256.312004,-234.36915226010692,451.3583559443968
197265.658654,-234.36915226010692,451.3583559443968
197275.969294,-234.36915226010692,451.3583559443968
197285.97237,-234.36915226010692,451.3583559443968
197295.664759,-234.36915226010692,451.3583559443968
197305.962109,-234.36915226010692,451.3583559443968
197315.961327,-234.36915226010692,451.3583559443968
197325.973207,-234.36915226010692,451.3583559443968
197335.650092,-234.36915226010692,451.3583559443968
197345.964388,-234.36915226010692,451.3583559443968
197358.054483,-234.36915226010692,451.3583559443968
197365.694527,-234.36915226010692,451.3583559443968
197375.653739,-234.36915226010692,451.3583559443968
197385.974877,-234.36915226010692,451.3583559443968
197395.975432,-234.36915226010692,451.3583559443968
197405.974073,-234.36915226010692,451.3583559443968
197415.646303,-234.36915226010692,451.3583559443968
197425.977018,-234.36915226010692,451.3583559443968
197435.981131,-234.36915226010692,451.3583559443968
197445.973897,-234.36915226010692,451.3583559443968
197456.035663,-234.36915226010692,451.3583559443968
197465.985252,-234.36915226010692,451.3583559443968
197475.65558,-234.36915226010692,451.3583559443968
197485.710922,-234.36915226010692,451.3583559443968
197495.974553,-234.36915226010692,451.3583559443968
197505.66776,-234.36915226010692,451.3583559443968
197515.976727,-234.3723757739805,451.3629704954732
197525.973936,-234.3723757739805,451.3629704954732
197535.974098,-234.3723757739805,451.3629704954732
197545.973178,-234.3723757739805,451.3629704954732
197555.986765,-234.3723757739805,451.3629704954732
197565.98253,-235.40670237586136,452.2625061325299
197575.974185,-240.12464428182884,456.10508136963335
197586.559435,-240.12464428182884,456.10508136963335
197595.655384,-240.12464428182884,456.10508136963335
197605.660965,-261.6121094531876,480.0214560237872
197616.739794,-304.99108456679755,554.6631438576575
197626.337176,-289.1802677441744,630.1666242820328
197636.853893,-177.69884209245774,679.5869986022528
197646.067188,-144.52449865313838,693.2182741880625
197656.8307,-144.52449865313838,693.2182741880625
197667.494355,-117.22292986825626,726.8400835315932
197937.030335,-123.3411792199621,750.5554319385292
197947.121804,-123.0784592177022,743.9438190758264
197957.046352,-123.0784592177022,743.9438190758264
197966.839972,-123.0784592177022,743.9438190758264
197976.708954,-123.0784592177022,743.9438190758264
197989.200904,-116.32272952205862,707.0891809867866
197998.135799,-116.32272952205862,707.0891809867866
198007.099499,-106.0498461234737,696.6522330289005
198017.196721,-85.06240477757935,641.2535615952266
198026.740564,-108.3885122926363,606.1489382666505
198036.726189,-144.56734088304194,566.6913934423822
198047.034951,-184.8896051843057,532.7719233229706
198057.05331,-239.25127841264455,473.2675986010941
198067.046164,-292.2162416406638,412.34947040354587
198077.821727,-354.70465020115216,373.49249013501367
198086.755228,-419.5131063913893,345.4248739369929
198097.10946,-469.13842304619743,330.04518027284394
198107.389426,-469.13842304619743,330.04518027284394
198117.864606,-469.13842304619743,330.04518027284394
198127.067828,-469.13842304619743,330.04518027284394
198136.718646,-489.1619677574204,327.0880940463037
198147.137575,-525.7639783491106,343.1629059149363
198157.198339,-559.8759369845295,366.6931671522392
198167.52253,-581.4528524175408,405.3407493258089
198178.252171,-584.0079551604878,408.7263856598936
198187.127977,-624.7869129105383,445.3662049416188
198197.278504,-680.7261797488884,507.9584235066477
198208.881847,-723.0705651864595,548.5519985387457
198219.088641,-759.7397013013817,595.6055672066286
198227.559269,-781.0395233052155,639.3761698071355
198237.293914,-815.4925438225372,627.3009956797702
198247.314008,-853.1390369929129,611.1872542350995
198256.717363,-900.436893664212,590.0171879897367
198267.117243,-971.66806924523,546.4824702210918
198741.50416,-1011.1782973112728,324.01025859509986
198751.834449,-1006.3546380413416,311.78661825846024
258845.508609,31.234091801302483,10.531480167669311
258851.938138,-1.065440385297959,-22.16657747617669
258862.30935,-58.99488265653539,-68.25011506304625
258871.625868,-113.88958440839951,-110.07788681135617
258881.612345,-149.52947840964688,-88.07299132167275
258892.137581,-214.58458939532608,-13.976931253447637
258902.503635,-214.58458939532608,-13.976931253447637
258912.683503,-214.58458939532608,-13.976931253447637
258922.077267,-452.5483921538717,263.898075194088
258932.642183,-456.1157904909213,299.654871864198
258942.033867,-447.79679745757454,332.55553341082503
258951.630108,-415.3431898167185,355.20642094811285
258962.771058,-400.9995629836549,361.1342783070592
258972.634983,-352.66788282229163,378.6616132891267
258982.08178,-302.32091340444794,393.7210811553988
258992.407835,-283.88730416177174,395.98094588800296
259002.471529,-252.0017624246537,411.1254666116152
259011.708722,-243.0274393678523,464.73599326370646
259023.02072,-280.97080627701854,528.5752638868863
259031.857438,-305.3436841602179,579.8180865338522
259042.337039,-256.3082575504321,648.4392603776412
259052.774493,-175.51168339028752,683.8636642216204
259061.981437,-171.1547663243091,684.9665494864383
259071.955013,-171.1547663243091,684.9665494864383
259082.218611,-163.41032014229265,688.480892554546
259091.972168,-122.89386605480011,717.2975086377319
259102.804891,-115.43864429731224,763.7902075260902
259111.943894,-115.43864429731224,763.7902075260902
260481.99472,-130.96299499074627,770.7697122060099
260491.681072,-127.8563398761632,736.1620206250221
260495.373486,-127.85634532785436,736.1619675657365
260501.70414,-128.0018992099746,733.8862587991316
260512.001068,-128.0018992099746,733.8862587991316
260522.152045,-128.0018992099746,733.8862587991316
260531.668705,-128.0018992099746,733.8862587991316
260541.992855,-151.53180650065423,699.0926220674537
260559.815788,-235.664327963647,657.5110645438692
260561.992121,-306.41689681951993,560.4956991837172
260571.991324,-266.21538353720393,491.956569336513
260582.00576,-259.1539224796736,480.35216493992135
260591.677196,-259.1539224796736,480.35216493992135
260601.992174,-259.1539224796736,480.35216493992135
260611.988298,-256.44651766465205,471.96178766699137
260622.333073,-288.7054010026582,399.6862677321714
260632.016328,-281.77588346025954,377.253113000666
260642.403181,-232.15136504414,335.9062647816251
260652.194755,-128.12832323524177,256.45942391809206
260662.26175,-99.11652207922867,236.7411869782228
260672.128149,-99.11652207922867,236.7411869782228
260681.692461,-99.11652207922867,236.7411869782228
260692.007938,-99.11652207922867,236.7411869782228
260702.848472,-99.11652207922867,236.7411869782228
260711.682926,-99.11652207922867,236.7411869782228
260722.272532,-97.36643988337508,217.68356963009623
260731.673094,-157.3053557418682,155.2799778129721
260741.688074,-244.74214692854213,70.29998185841978
260757.321171,-337.5025642156156,-15.94062636799725
260761.736872,-410.3483562636699,-97.8927878407321
260771.768456,-418.29225420491775,-219.7611782964028
275604.827809,-848.8124833012085,-189.95604925449584
275615.0355,-858.8395559482357,-151.73402462357075
275624.545968,-868.6584934676175,-127.3265896640709
275642.871653,-874.6699664122551,-80.11687882326521
275642.872343,-874.6699664122551,-80.11687882326521
275644.428286,-879.727684322459,-58.74663756439185
275655.096012,-890.5122851401977,-24.304306779559603
275670.772057,-900.8131091406055,3.0480568775075088
275674.425422,-909.3568166270524,32.2567555156801
275684.433978,-916.282406462876,57.89783493553728
275695.01898,-919.9624680254376,65.84915435481693
275704.833532,-925.6284746099802,77.9257376184689
275714.749917,-935.8187438674396,105.76370063135808
275724.764134,-944.7109299320751,132.05626292105765
275734.808998,-937.8039896799452,167.0480016657031
275744.495732,-908.677748892081,183.71431485522567
275754.753494,-876.0469819099588,186.8528473574236
275764.477356,-869.6536669876464,191.7363221945706
275775.425422,-869.6536669876464,191.7363221945706
275784.441185,-856.7546502610066,200.16203770294348
275795.093657,-810.4867719762872,220.9295763772719
275805.624671,-783.6882212167651,224.06608126534783
275815.26835,-738.263659683342,238.2110098326615
275824.439628,-694.0879869250766,253.8957941804524
275835.454533,-677.0743980284461,257.90587132281047
275844.769486,-623.2220824692926,311.7474291694901
275854.758714,-601.2478889680517,310.1926921747198
275865.083925,-570.4030082186208,311.03903457680525
275876.993336,-512.7932565444426,323.603211442783
275884.769553,-455.1703730167879,341.48785588948607
275894.76002,-396.2857446808858,364.41518734473607
275904.441095,-373.1007640193187,377.6181347763892
275914.763835,-321.5249586254685,396.8551091163104
275926.471654,-260.80936743731667,399.5406689289059
275934.999907,-230.28678482949357,429.57294364631815
275944.565147,-237.3640855304989,452.2333799625967
275954.77791,-237.3640855304989,452.2333799625967
275964.76015,-237.3640855304989,452.2333799625967
275974.760966,-246.55238303588015,462.34868413550896
275984.436578,-287.96659382492686,518.3440927602855
275995.01132,-312.9132111138033,593.9224723660508
276004.435437,-229.67001190727171,662.9267757411734
276015.053297,-129.8499794734908,716.1631003246698
276025.018152,-119.38434053892824,764.3623675285173
276035.053694,-121.78981351376557,770.4230811305756
276045.714538,-122.5831922146864,776.3575149059416
278100.692698,-122.89010545051129,753.2298833997461
278110.887835,-142.32211670270004,702.1529069895145
278120.580795,-263.9505291536934,649.4490779630477
278130.540014,-306.08939175387525,552.7926296908072
278140.53993,-259.3606173003588,468.6783174790592
278150.879563,-291.9093277162259,397.0016012893136
278160.556077,-283.87019627962,375.6368703648318
278170.541908,-246.6273835979468,330.2187025107108
278180.588208,-165.3401893435302,276.479080465754
278190.582212,-132.406708277013,240.4844151693549
278200.599061,-112.86694545991448,227.0161684829548
278210.892033,-112.43469251167316,218.0934694824244
278220.862015,-112.43469251167316,218.0934694824244
278230.932858,-112.43469251167316,218.0934694824244
278240.865693,-100.071651585634,229.24569033101983
278250.540365,-100.071651585634,229.24569033101983
278260.549699,-100.071651585634,229.24569033101983
278270.881337,-105.7476714240672,188.91099717378964
278280.551808,-172.984821896984,126.56210325330512
278290.633879,-230.053118357104,73.86930359255128
278300.706614,-314.0423937975481,-10.251085016060134
278312.124746,-377.8743060223646,-67.94449889992448
278320.544722,-418.3238085311135,-130.9086840811551
284487.051847,-483.9214616670289,747.6348493934518
284496.477562,-488.35174125192896,671.2478912394959
284506.828709,-486.9594980149225,628.6798085114401
284516.966146,-487.0849589117965,626.832977548547
284527.039063,-487.0849589117965,626.832977548547
284539.629782,-490.1577801778636,611.3802112877349
284546.500905,-487.2340560807578,560.158997577438
284558.70697,-483.6563635551139,515.2944041956285
284569.493038,-454.5874588938213,485.147159656861
284576.893566,-442.4619180728594,448.6709544275368
284586.45127,-429.76857642788616,382.4324020749047
284596.492894,-427.4113636307858,358.9053478181572
284606.780034,-432.5613109113986,355.4550267845886
284616.596176,-486.0693965222832,329.6410644247318
284626.782116,-566.5908871215366,301.33675884487843
284636.789622,-641.2952016582183,273.96282260519104
284646.793035,-750.1295235398798,237.03368205983915
284657.70865,-828.6910640124179,214.356702013162
284667.393732,-862.4512381285779,228.4209122917025
284676.787281,-880.8381870757125,244.26669007081352
284687.04162,-885.4463871905758,243.3005012243921
284699.440424,-922.0450803585902,243.6562735642053
284707.73151,-935.0056146349124,228.7033772897588
284707.991789,-935.0056146349124,228.7033772897588
284712.077842,-935.0056146349124,228.7033772897588
284716.461428,-947.2532709200588,219.69830753153155
284728.595554,-958.1237824902252,185.54436853170876
284736.779765,-932.5707302492796,93.9120081941494
284746.536221,-925.168539549432,65.41744358535063
284756.649952,-921.0604699588064,60.56290087182287
284767.365691,-898.4753225349624,-2.323325379438724
284779.645955,-892.8938370081589,-27.62676333099974
284786.458711,-884.7054076791753,-46.16412695459731
284796.873864,-879.7494703063035,-81.4689946452079
284806.468189,-870.700873154842,-116.41482884732947
284817.357917,-856.4140478717023,-155.66434888906025
284826.879548,-851.6109678565016,-174.58136559356282
285598.024598,-207.42865579899728,-217.7942481925038
285607.664764,-160.62786741621608,-175.52550230465002
285617.978315,-126.41330346072584,-144.8636669289879
285627.844108,-66.7248566958714,-90.41021402454376
285637.650047,-25.242716261812696,-57.08869947749579
285649.583517,-21.55380801217848,-54.718777319398654
285657.764495,-21.55380801217848,-54.718777319398654
285667.656376,-21.55380801217848,-54.718777319398654
285677.656461,-0.5820721794646623,-36.37228274970489
285687.654051,19.11852301701144,-68.59682338620551
285698.009291,44.84297974139385,-90.67085615161912
346043.942798,49.38842712401919,16.913632984259024
346057.083612,3.394831630127406,-20.86555213293278
346063.785219,-40.79650523249107,-57.08567749403547
346074.023667,-108.90271889489902,-108.20907471043878
346084.834548,-144.0462500543848,-95.04630265243536
346093.454257,-214.48936306310148,-16.780083677073158
346103.48751,-214.48936306310148,-16.780083677073158
346113.475226,-214.48936306310148,-16.780083677073158
346124.041093,-438.7595692691712,258.8598242357449
346133.874557,-453.5937979386676,271.6123069249843
346143.593426,-494.0182735754041,310.1128125706159
346153.809255,-542.1099026147407,361.1758571654572
346163.788169,-578.8343477280036,402.7374660705732
346174.194772,-616.050425964288,441.3903791200589
346186.935944,-688.6269552379496,522.6036117194544
346194.648353,-716.8124161772403,546.5737799389887
346204.005553,-739.9550413497084,556.1852498507947
346217.437602,-770.8303816809982,614.7075100519644
346224.248105,-781.6047718676068,633.6915045085012
346236.377508,-810.0614532259904,667.3684403443899
346245.74602,-863.851049141208,724.6952709917167
346256.295992,-896.9414421916041,757.9448277432227
348661.61179,-489.4288897863071,747.0124971401834
348672.587422,-493.76203053205074,664.6550357737858
348683.036864,-484.4561322841786,550.0531884883718
348692.180002,-470.897301128082,508.4072009136533
348701.932049,-430.3976681025867,468.6193167939802
348712.565041,-418.8230576626121,388.2683878822485
348721.583984,-412.667850645188,361.3361838295512
348731.928036,-449.1508760936818,342.0112023525789
348741.90959,-545.5531462647675,307.19427348668046
348751.903854,-569.4056084419187,298.7244752331108
348761.901022,-595.7544325554409,287.7185254589428
348771.584727,-670.0273948315205,265.35639924547826
348781.617457,-721.072254136575,247.0691569914683
348791.580365,-775.3398186345735,227.74022239317483
348801.971642,-829.7188375111193,208.40970825858213
348811.596883,-839.6170088294094,205.5146775762988
348821.910301,-851.7976550205137,207.18758497604543
348831.912834,-882.7241944968223,244.92140877785783
348842.147796,-940.7166230878748,226.98617142350977
348859.110153,-957.5725415968589,216.61757190474177
348862.377591,-951.571697337312,174.50146969368677
348872.278406,-942.9961636912104,143.5007127028726
348881.67863,-929.1372513201654,90.78312952931488
348893.065993,-922.617166122167,67.32336978568148
348901.595593,-912.869302535506,40.08433558976258
348911.913502,-903.7719125744176,12.005606935330944
348921.909561,-888.484932353334,-32.16205054805495
348931.936391,-886.799251522981,-35.83249271937651
348941.585045,-885.7368347455462,-54.7278456057556
348952.146147,-876.8913299210537,-86.08029868387781
348961.777811,-859.559780681425,-122.8770260057631
348974.411298,-847.2765505042107,-164.3285010441704
348981.659956,-834.1176172415355,-204.73821108849344
354727.866787,-412.88125244615054,-153.45945299389004
354737.332471,-392.69772546220105,-75.91867301648627
354752.96704,-285.8417551713923,35.50533187272199
354752.967728,-285.8417551713923,35.50533187272199
354754.982417,-285.8417551713923,35.50533187272199
354754.983132,-285.8417551713923,35.50533187272199
354757.168751,-253.91680815207752,66.23942184855744
354767.335839,-203.56651005262688,111.9238843423456
354777.606079,-146.29557077698448,161.98893982991083
354787.977706,-141.80429822186167,165.748247038263
354797.013632,-141.80429822186167,165.748247038263
354807.360158,-119.61888203113776,188.6852304545299
354817.015815,-71.19453860321454,234.12592092274136
354827.33318,-17.356625211992956,284.11517699093565
354836.993989,25.43708389074497,324.0980637574823
356787.218295,-127.19127016625887,755.026249083125
356794.60095,-144.95856131211116,696.3302440098745
356804.926041,-252.62767381830812,647.0026050546462
356814.514442,-308.7833683105705,549.5765923439659
356824.848757,-274.44722530219536,497.15651365519307
356834.851225,-254.077893496408,463.9625217968115
356845.404716,-275.4521056280677,422.0511999149193
356856.025099,-292.8685749329303,402.5042037760701
356868.293644,-279.0592806271339,368.82367764048365
356874.522892,-241.4119740826944,339.5592088446392
356884.509491,-212.8277970495459,316.281863292478
356895.188171,-177.3148381183853,291.66769438428594
356906.014226,-139.5786010254379,263.23873839726303
356915.069651,-123.36794628355489,249.58802363532877
356927.472384,-105.63116894772055,230.52461768228392
356934.532782,-51.90314574210261,191.62771396065568
356944.840179,-9.648589549849696,161.31521816496053
356954.883003,28.18172064117474,132.2851462603031
356967.363153,43.563270426753945,115.2384549676236
356975.896601,43.563270426753945,115.2384549676236
356984.686271,43.563270426753945,115.2384549676236
356994.982023,43.563270426753945,115.2384549676236
357004.530555,43.563270426753945,115.2384549676236
357015.256195,43.563270426753945,115.2384549676236
357024.996798,43.563270426753945,115.2384549676236
357035.112096,43.563270426753945,115.2384549676236
357046.295436,43.563270426753945,115.2384549676236
357116.184041,24.74105796062576,2.6657886695387587
357125.296315,0.491791992187587,-15.874508332248311
357134.658388,-24.22675054561959,-38.727530553200445
357144.668458,-85.05752653532537,-92.29593738686228
357159.085777,-143.06924917738434,-144.7803285427388
357167.565298,-207.63773261281716,-203.63023365809065
358195.307539,-842.5000868186027,-217.9839241470532
358204.629834,-852.891706631665,-188.58199401378397
358215.105371,-864.298179192713,-140.51746132997224
358252.673002,-915.6065517862204,15.642389422964206
358252.673791,-915.6065517862204,15.642389422964206
358254.051444,-915.6065517862204,15.642389422964206
358263.675261,-925.3324056655767,32.58693659974803
358273.673828,-928.7827465975648,44.64189863748051
358284.005452,-932.6836683946576,68.86460649624091
358294.317866,-936.6559552171692,92.4046802648149
358304.09374,-936.6559552171692,92.4046802648149
358314.003191,-937.9730651298396,113.4815181371498
358330.28536,-945.4778353181588,129.9006321481759
358333.792118,-946.2810795877012,143.49007115484193
358343.671877,-915.4876610019644,179.0619808843011
358354.029526,-900.0747601653941,184.3033616940114
358363.717265,-892.7211114671059,185.57185389979105
358373.679281,-892.7211114671059,185.57185389979105
358383.689915,-881.0116685680097,192.6067426469338
358395.655948,-875.7345708180192,195.85347843784243
358404.007371,-855.6277788396077,201.35435144652655
358414.030593,-811.4199033745699,217.30307901398524
358424.270912,-791.3774754615838,225.3176366521832
358434.119409,-769.4757926256674,234.5643148941902
358444.020307,-729.6237376374427,259.84453711306253
358453.680069,-702.6077893064964,274.0607844390305
358464.62467,-642.2533755560682,282.68205778329826
358474.307366,-574.9204607147043,298.7003897574427
358484.040961,-563.300941265038,301.8533739033011
358494.022234,-563.300941265038,301.8533739033011
358504.003114,-563.300941265038,301.8533739033011
358516.577255,-563.300941265038,301.8533739033011
358524.582854,-527.4120419190222,311.77439638382066
358533.698238,-432.9229437154287,350.4616823221545
358544.005277,-366.9659357624531,373.0134074455953
358554.290776,-353.31966395465446,377.4798614805322
358564.024323,-351.6010053000317,377.8714716638965
358574.735646,-305.41900134223374,391.0242137872871
358584.382136,-264.01504102070464,403.1347756320935
358595.405212,-235.2606018190652,440.122585531648
358603.709246,-270.276100142213,498.8559931733009
358613.688458,-309.65122673870405,583.7576992653849
358624.901238,-206.0482888209378,665.9120970956633
358635.843837,-127.55440153797493,712.0382991941564
360871.364775,-828.9401451850846,-202.20214104543493
360883.231396,-854.5242438325072,-161.27835710229806
360902.099882,-869.6500955121642,-104.41625587084155
360902.261343,-873.135816664541,-84.20831233625998
360910.958165,-880.511891233898,-65.63615047428624
360920.602186,-895.0526461071286,-21.078773171320726
360930.99078,-904.6644477806084,11.21622804815024
360940.885221,-916.1003668888552,49.07836354563656
360950.55331,-930.1103589218802,78.92058561174586
360968.445883,-939.5210762512662,107.62183480155431
360970.610939,-944.4959755271406,138.9780115932425
360985.615319,-933.1322198334706,176.981954880714
360990.578293,-912.833386171592,186.19289343900144
361000.605191,-873.9506780463175,200.39974256715368
361011.004319,-868.2212114776733,203.2982546687945
361020.961783,-871.2546348594211,234.1325620477196
361031.480143,-888.3388791953399,241.4367501338833
361031.660408,-895.918790947449,239.3076989062372
361042.027389,-903.4277727980634,238.1270700338424
361050.569038,-903.4277727980634,238.1270700338424
361060.89388,-903.4277727980634,238.1270700338424
361070.90064,-903.4277727980634,238.1270700338424
361080.939287,-903.4277727980634,238.1270700338424
361090.604868,-903.4277727980634,238.1270700338424
361101.299223,-915.7739536463924,237.2596708503432
361111.462089,-915.7739536463924,237.2596708503432
361120.669263,-915.7739536463924,237.2596708503432
361130.99184,-915.7739536463924,237.2596708503432
361141.133081,-915.7739536463924,237.2596708503432
361151.920709,-915.7739536463924,237.2596708503432
361160.891295,-915.7739536463924,237.2596708503432
361171.136316,-922.1548088477348,229.80198662780447
361180.884657,-922.1548093374068,229.801969332475
361190.882073,-921.4333106730924,228.20619608433364
361200.575164,-921.4333106730924,228.20619608433364
361210.610049,-921.4333106730924,228.20619608433364
361220.904877,-921.4333106730924,228.20619608433364
361230.998088,-921.4333106730924,228.20619608433364
361240.912787,-921.4333106730924,228.20619608433364
361251.08166,-921.4333106730924,228.20619608433364
361260.631986,-921.999575031071,223.6501736238006
361271.553837,-921.9995750394726,223.6501736238006
361280.594848,-921.9995750394726,223.6501736238006
361290.941245,-921.9995750394726,223.6501736238006
361302.872758,-922.289355930026,220.90872710262383
361310.571618,-922.289355930026,220.90872710262383
361320.899186,-922.3216315463808,220.89767358887917
361330.89123,-922.3286933260332,220.38991469512283
361340.951029,-922.7703794412588,219.4540382292384
361350.901898,-925.2460293401256,219.00609727255727
361360.048718,-925.3288470934382,207.99527860994064
361360.604129,-925.3288470934382,207.99527860994064
361372.783858,-924.8425814212668,194.611204111131
361381.207032,-881.8685273480182,207.54283606054224
361390.964311,-825.8851242425745,216.7993238002292
361401.054946,-767.9734767727017,238.2852457919533
361410.570581,-706.2089505894187,261.7832498044914
361420.572627,-656.619614856816,265.97950738932497
361430.9047,-652.3048708381064,268.14632362270714
361441.838063,-652.3048708381064,268.14632362270714
361450.909296,-621.7053555626408,281.5056759898881
361460.896007,-538.3482105022601,311.0352708672802
361470.9041,-529.6998676932501,310.5298946375617
361480.576994,-529.6998676932501,310.5298946375617
361490.57312,-529.6998676932501,310.5298946375617
361500.89512,-529.6998676932501,310.5298946375617
361510.895933,-529.6998676932501,310.5298946375617
361520.699393,-451.5842702303552,344.55263889170885
361531.438226,-363.2099189337641,369.38153012367593
361541.821729,-316.9753516949716,381.760506044811
361550.575469,-281.8409202943965,392.8514165247863
361561.54524,-240.0488449091084,413.1172394341147
361570.619788,-165.78948737443687,443.6940010069184
361583.613488,-59.55692935538523,487.500637691789
361591.463652,28.855375650350755,533.6178353752375
362391.095735,34.39840034709247,-10.724594877708828
362400.609868,-25.624117249199347,-59.0654613691465
362410.941164,-90.82145929687728,-102.34721208807794
362422.638762,-136.78621680940094,-107.44065001996732
362447.208553,-185.0713328271725,-62.30252383339239
362447.209208,-185.0713328271725,-62.30252383339239
362448.37511,-185.0713328271725,-62.30252383339239
362458.359549,-458.191888942297,244.2172342372432
362468.363511,-499.8345432117185,295.7149946439436
362478.717043,-536.7300033969124,306.314258509565
362488.386835,-536.7300033969124,306.314258509565
362498.375247,-629.2955814599129,269.6392716238721
362508.716591,-633.9773257108681,258.4135029151576
362519.818073,-713.7155004401379,201.99854672936905
362529.473048,-806.0808524477231,205.8967279509847
362538.453504,-837.908492163592,205.2802135614631
362548.443585,-863.3877258091445,222.19510961422856
362558.998021,-866.1541734657915,225.37966931929756
362571.467675,-866.1541734657915,225.37966931929756
362580.067876,-866.1541734657915,225.37966931929756
362588.756005,-866.1541734657915,225.37966931929756
362597.684963,-880.8345928968147,248.31614788989904
362598.371828,-880.8345928968147,248.31614788989904
362608.762993,-898.6498455139938,246.46759288334115
362618.477458,-916.2445769946214,247.9825342113852
362628.703059,-916.2445769946214,247.9825342113852
362638.707012,-916.2445769946214,247.9825342113852
362648.380012,-916.2445769946214,247.9825342113852
362658.703058,-916.2445769946214,247.9825342113852
362669.864063,-916.2445769946214,247.9825342113852
362678.695102,-916.2445769946214,247.9825342113852
362688.705487,-916.2445769946214,247.9825342113852
362698.792097,-916.2445769946214,247.9825342113852
362708.37341,-917.5124521511508,225.0044126472468
362718.700165,-917.5124521511508,225.0044126472468
362728.428813,-917.5124521511508,225.0044126472468
362743.641414,-917.5124521511508,225.0044126472468
362748.378119,-917.5124521511508,225.0044126472468
362760.945402,-917.5124521511508,225.0044126472468
362769.324731,-917.5124521511508,225.0044126472468
362778.975166,-917.5124521511508,225.0044126472468
362789.272497,-917.5124521511508,225.0044126472468
362798.700664,-921.9165825625896,208.09572312235724
362808.704263,-921.9165825625896,208.09572312235724
362818.395514,-921.9165825625896,208.09572312235724
362828.541477,-917.4631978366032,202.25825296796427
362838.703232,-917.4600561911147,202.25770960730569
362848.379605,-917.0353498445088,202.06566862805388
362858.726978,-917.0353494793918,202.06566796225044
362871.236048,-917.0353494793918,202.06566796225044
362878.879218,-917.0353494793918,202.06566796225044
362889.604542,-917.0353494793918,202.06566796225044
362898.777716,-915.2210312137478,200.47768967187108
362908.711544,-913.3949145158316,199.45974415107105
362918.387033,-913.3949145075773,199.4597441394088
362928.400718,-913.3949145075773,199.4597441394088
362938.683559,-913.3949145075773,199.4597441394088
362948.913222,-913.3949145075773,199.4597441394088
362958.710313,-913.3949145075773,199.4597441394088
362968.707486,-913.3949145075773,199.4597441394088
362974.803838,-909.6750813041908,188.1207485350241
362978.426911,-905.5780310261238,187.6325053721262
362988.739853,-875.0032391779405,196.9876848617661
362998.45199,-865.7152440331419,209.76835437303703
363008.950739,-865.6062002566293,213.71404225840365
363018.759626,-865.3796690848134,213.97289808329717
363029.044148,-865.5339336574509,214.69140399628617
363038.450874,-865.5507551410191,223.26466517616944
363049.692188,-865.5886965581416,232.76889104461836
363058.753951,-865.5886965581416,232.76889104461836
363068.716278,-875.2164019784237,250.8318844694463
363079.411061,-889.2601408309466,249.7636450456259
363088.717968,-898.0033015565966,228.4891234380474
363098.897678,-942.7668897523448,217.0547365145094
363109.042959,-944.8619279820564,215.51412083378267
363118.713742,-944.4736804669318,213.56523482296328
363131.441352,-949.4657152986458,208.24690245384477
363139.164373,-961.2222067576328,190.0857093157374
363148.727138,-942.6333788130214,125.12686309352496
363158.430249,-936.0093094014784,98.62173411334248
363169.747029,-916.2709581329638,48.94746269334538
363178.728843,-911.009959697448,41.12888427624544
363188.40461,-908.1686938621832,34.56242495402791
363199.468562,-908.920409192221,32.954541130365136
363208.909943,-907.9662761659348,30.770287597032745
363219.004926,-905.3969242179552,28.149393492853697
363228.75566,-900.5875299695664,6.2079268689009925
363238.728451,-901.0079308129943,2.139197025767199
363248.711275,-903.9763613480742,-8.136290375982504
363258.395687,-903.2396092472868,-12.374693637546564
363269.029265,-895.1286013500244,-41.74074090894284
363278.980439,-890.2730048465545,-54.86936231283281
363291.057761,-880.7442956572744,-84.47055070623074
363298.734248,-868.1844708778921,-108.25165887679064
363308.39504,-860.1484517084299,-162.41459845757274
366144.353068,-841.0711838062851,-195.573273046478
366154.449669,-870.0436212931962,-113.27554013373256
366164.053631,-878.2107342911804,-82.93661645872425
366175.32719,-885.7068844135126,-62.96189842206529
366185.184914,-893.2920472471748,-44.22482483102488
366194.174166,-898.839544235065,-21.23844208509613
366206.581014,-901.3220883514032,-8.53050630990988
366214.525109,-906.0924527789388,9.336172886043354
366224.381217,-922.5291770316938,71.0225194222618
366237.368459,-942.868671144327,121.48791207671952
366245.355322,-947.339725479222,152.2301899479294
366254.061229,-931.6600066571186,176.10318687067874
366265.461619,-881.0330882680756,192.82794001308
366275.097451,-850.3740745439435,202.1124291223039
366284.076537,-817.3558157573111,217.9452966968865
366294.392796,-766.2724440570022,237.42691069917123
366304.68035,-701.1362744170837,266.2438332250501
366314.186352,-656.8394174984955,273.97359961801993
366324.711072,-656.8394174984955,273.97359961801993
366334.396832,-656.8394174984955,273.97359961801993
366346.610928,-652.2775191611806,276.42390107648583
366354.080628,-582.466424920647,302.31959410482943
366364.300265,-567.6310070641854,305.8677240991807
366374.13873,-540.6978312414724,313.13488266100165
366384.383296,-533.8895533379448,346.5532284203444
366394.398097,-565.2902160764025,382.6740550296574
366405.692861,-603.1168762274515,421.6849566730082
366414.062239,-675.172831046456,492.5014658022717
366424.800551,-694.2197124338319,525.5427418039675
366434.064399,-716.5009909335007,517.9582315385699
366444.391416,-713.5049209430985,456.8079665047667
366454.400779,-703.7687862845476,407.361962496591
366464.067129,-725.6121038228437,389.64305408799873
366475.682661,-769.170120370158,372.2079555327474
366484.388685,-784.68552463601,368.15023712171467
366494.385286,-818.5095245019643,355.1335410689062
366504.816462,-864.820286347448,329.27574901480244
366514.399252,-884.7886537606089,328.2834289262917
366524.067087,-929.5848921322836,301.2724602583307
366534.50334,-978.5429970603172,286.1542024175454
366544.116788,-986.708952337028,278.43316463226114
366569.184133,-971.9158904352872,219.5434618648919
366569.18474,-971.9158904352872,219.5434618648919
366572.66709,-954.84699644691,179.88855961371868
366572.66779,-954.84699644691,179.88855961371868
366592.185301,-869.6136797308798,195.12975974446925
366602.196896,-815.8368976054252,213.39059487227496
366612.195281,-781.0964990602703,221.64626009457848
366622.503501,-766.0556280203141,221.55373062579312
366632.87712,-766.0556280203141,221.55373062579312
366643.964434,-766.0556280203141,221.55373062579312
366652.623617,-766.0556280203141,221.55373062579312
366662.659448,-766.0556280203141,221.55373062579312
366672.583343,-766.0556280203141,221.55373062579312
366682.727483,-766.0556280203141,221.55373062579312
366692.595875,-766.0556280203141,221.55373062579312
366702.207787,-766.0556280203141,221.55373062579312
366712.861246,-766.0556280203141,221.55373062579312
366723.381085,-766.0556280203141,221.55373062579312
366732.404734,-766.0556280203141,221.55373062579312
366742.596762,-766.0556280203141,221.55373062579312
366752.188132,-766.0556280203141,221.55373062579312
366762.518495,-766.0556280203141,221.55373062579312
366772.511529,-766.0556280203141,221.55373062579312
366782.734876,-766.0556280203141,221.55373062579312
366792.600192,-766.0556280203141,221.55373062579312
366802.335324,-766.0556280203141,221.55373062579312
366812.810053,-766.0556280203141,221.55373062579312
366822.514596,-766.0556280203141,221.55373062579312
366832.513033,-766.0556280203141,221.55373062579312
366842.546465,-766.0556280203141,221.55373062579312
366852.283153,-766.0556280203141,221.55373062579312
366862.527946,-766.0556280203141,221.55373062579312
366872.518655,-766.0556280203141,221.55373062579312
366882.514227,-766.0556280203141,221.55373062579312
366892.51404,-766.0556280203141,221.55373062579312
366902.515312,-766.0556280203141,221.55373062579312
366912.205362,-763.8767597165252,220.21760283123223
366922.205299,-763.5030482641009,219.97432066635028
366932.515803,-763.3735267971026,219.83943693733215
366942.270523,-763.3735267971026,219.83943693733215
366952.525428,-763.3735267971026,219.83943693733215
366962.573735,-760.4904291655887,220.05506341808243
366972.29631,-759.1225140672002,221.69806696222253
366982.305833,-758.9468964689635,221.71458949775968
366992.526289,-758.9468964689635,221.71458949775968
367002.525626,-758.9468964689635,221.71458949775968
367013.41894,-758.9468964689635,221.71458949775968
367022.526309,-758.9468964689635,221.71458949775968
367032.242161,-758.9468964689635,221.71458949775968
367042.520722,-758.9468964689635,221.71458949775968
367052.242768,-758.9468964689635,221.71458949775968
367062.272553,-758.9468964689635,221.71458949775968
367074.063619,-758.9468964689635,221.71458949775968
367082.833118,-758.9468964689635,221.71458949775968
367095.459817,-758.9468964689635,221.71458949775968
367103.495435,-758.9468964689635,221.71458949775968
367114.297712,-758.9468964689635,221.71458949775968
367122.520631,-758.9468964689635,221.71458949775968
367132.552509,-758.9468964689635,221.71458949775968
367142.865798,-758.9468964689635,221.71458949775968
367152.209926,-758.9468964689635,221.71458949775968
367162.522197,-758.9468964689635,221.71458949775968
367172.21524,-758.9468964689635,221.71458949775968
367182.261516,-758.9468964689635,221.71458949775968
367192.221149,-758.9468964689635,221.71458949775968
367202.524754,-758.9468964689635,221.71458949775968
367216.120887,-758.9468964689635,221.71458949775968
367222.299838,-758.9468964689635,221.71458949775968
367232.540575,-758.9468964689635,221.71458949775968
367242.219267,-758.9468964689635,221.71458949775968
367252.522395,-758.9468964689635,221.71458949775968
367262.598178,-758.9468964689635,221.71458949775968
367272.702715,-758.9468964689635,221.71458949775968
367285.988294,-758.9468964689635,221.71458949775968
367292.522329,-758.9468964689635,221.71458949775968
367302.205149,-758.9468964689635,221.71458949775968
367312.542405,-758.9468964689635,221.71458949775968
367322.575137,-758.9468964689635,221.71458949775968
367332.53274,-758.9468964689635,221.71458949775968
367342.394079,-758.9468964689635,221.71458949775968
367352.542756,-758.9468964689635,221.71458949775968
367362.811533,-758.9468964689635,221.71458949775968
367372.534278,-758.9468964689635,221.71458949775968
367384.029386,-758.9468964689635,221.71458949775968
367392.540845,-758.9468964689635,221.71458949775968
367402.539555,-758.9468964689635,221.71458949775968
367412.548791,-758.9468964689635,221.71458949775968
367425.268045,-758.9468964689635,221.71458949775968
367432.447447,-758.9468964689635,221.71458949775968
367442.537635,-758.9468964689635,221.71458949775968
367452.54973,-758.9468964689635,221.71458949775968
367462.678637,-758.9468964689635,221.71458949775968
367472.916309,-758.9468964689635,221.71458949775968
367483.598139,-758.9468964689635,221.71458949775968
367493.132965,-758.9468964689635,221.71458949775968
367502.541022,-758.9468964689635,221.71458949775968
367512.365329,-758.9468964689635,221.71458949775968
367522.534007,-758.9468964689635,221.71458949775968
367532.537279,-758.9468964689635,221.71458949775968
367542.220044,-758.9468964689635,221.71458949775968
367552.54899,-758.9468964689635,221.71458949775968
367562.428525,-758.9468964689635,221.71458949775968
367572.541821,-758.9468964689635,221.71458949775968
367582.241601,-758.9468964689635,221.71458949775968
367592.214041,-758.9468964689635,221.71458949775968
367603.126155,-758.9468964689635,221.71458949775968
367612.543599,-758.9468964689635,221.71458949775968
367622.638131,-758.9468964689635,221.71458949775968
367632.547717,-758.9468964689635,221.71458949775968
367642.665991,-758.9468964689635,221.71458949775968
367652.561677,-758.9468964689635,221.71458949775968
367662.637977,-758.9468964689635,221.71458949775968
367672.2234,-758.9468964689635,221.71458949775968
367682.421083,-758.9468964689635,221.71458949775968
367693.325424,-758.9468964689635,221.71458949775968
367702.548773,-758.9468964689635,221.71458949775968
367712.25029,-758.9468964689635,221.71458949775968
367722.548045,-758.9468964689635,221.71458949775968
367732.549422,-758.9468964689635,221.71458949775968
367742.540662,-758.9468964689635,221.71458949775968
367752.542132,-758.9468964689635,221.71458949775968
367762.577233,-758.9468964689635,221.71458949775968
367772.243208,-758.9468964689635,221.71458949775968
367782.226052,-758.9468964689635,221.71458949775968
367792.257811,-758.9468964689635,221.71458949775968
367803.267637,-758.9468964689635,221.71458949775968
367812.548654,-758.9468964689635,221.71458949775968
367822.546259,-758.9468964689635,221.71458949775968
367833.390237,-758.9468964689635,221.71458949775968
367842.548937,-758.9468964689635,221.71458949775968
367852.546158,-758.9468964689635,221.71458949775968
367862.544825,-758.9468964689635,221.71458949775968
367872.239942,-758.9468964689635,221.71458949775968
367882.543566,-758.9468964689635,221.71458949775968
367892.223129,-758.9468964689635,221.71458949775968
367902.217366,-758.9468964689635,221.71458949775968
367912.91966,-758.9468964689635,221.71458949775968
367922.551336,-758.9468964689635,221.71458949775968
367935.620054,-758.9468964689635,221.71458949775968
367942.231324,-758.9468964689635,221.71458949775968
367952.557249,-758.9468964689635,221.71458949775968
367967.857551,-758.9468964689635,221.71458949775968
367972.55262,-758.9468964689635,221.71458949775968
367982.98385,-758.9468964689635,221.71458949775968
367992.552059,-758.9468964689635,221.71458949775968
368002.552984,-758.9468964689635,221.71458949775968
368012.551989,-758.9468964689635,221.71458949775968
368022.898744,-758.9468964689635,221.71458949775968
368032.236025,-758.9468964689635,221.71458949775968
368042.554108,-758.9468964689635,221.71458949775968
368055.468282,-758.9468964689635,221.71458949775968
368062.574385,-758.9468964689635,221.71458949775968
368072.604539,-758.9468964689635,221.71458949775968
368082.243386,-758.9468964689635,221.71458949775968
368092.367391,-758.9468964689635,221.71458949775968
368102.954082,-758.9468964689635,221.71458949775968
368112.570283,-758.9468964689635,221.71458949775968
368123.724881,-759.561255856468,228.21867568711497
368132.251406,-686.5632932896137,259.18250367461167
368142.260027,-603.2135293409569,280.9700295529076
368152.696418,-556.2222519998905,304.29644274534525
368163.175808,-518.4607449426788,317.72182043079704
368172.256516,-556.9353867325933,357.63963953850873
368182.374611,-579.7469288787429,391.15536938529874
368192.231767,-622.04281380075,437.6199759455046
368202.273929,-644.0128191234874,456.4484946791998
368212.29296,-670.3029811902327,495.8905669957868
368222.273242,-708.2271987955206,532.6107626256904
368232.362879,-712.265608220929,542.5654547826379
368242.353214,-731.4117844078049,544.9210362779061
368252.233043,-761.56330667409,602.1624855216103
368262.244521,-772.7429108931758,632.4853100091306
368272.582546,-805.6350151557795,658.1784955042666
368282.236578,-873.2838722470635,714.0758960916451
368292.570901,-899.1703907954656,753.2092550937234
369140.111447,-1023.136543491086,380.644805308824
369140.112097,-1023.136543491086,380.644805308824
369142.076786,-1018.3727857896414,365.40132284484486
369152.405743,-1006.3263763600884,325.3448131596861
369163.637521,-995.4137471969834,293.11459071858394
369172.397708,-973.9303263879063,237.22675457937592
369190.169659,-958.8087412841952,186.28417170489163
369192.080989,-912.0430559223632,183.2927310608744
369202.086782,-859.8830584356389,201.01311495208455
369212.088433,-797.2410513097686,223.88355435568295
369222.418642,-785.1629608644181,227.9156054481852
369232.401237,-785.1629608644181,227.9156054481852
369242.636261,-785.1629608644181,227.9156054481852
369252.733161,-765.7131250566636,217.1880482936481
369262.081464,-765.7131250566636,217.1880482936481
369272.679868,-765.7131250566636,217.1880482936481
369282.083475,-765.7131250566636,217.1880482936481
369292.407473,-765.7131250566636,217.1880482936481
369302.088074,-765.7131250566636,217.1880482936481
369312.417437,-765.7131250566636,217.1880482936481
369322.553626,-765.7131250566636,217.1880482936481
369332.13384,-765.7131250566636,217.1880482936481
369342.083579,-765.7131250566636,217.1880482936481
369352.418644,-765.7131250566636,217.1880482936481
369364.07732,-765.7131250566636,217.1880482936481
369372.085771,-765.7131250566636,217.1880482936481
369382.087485,-765.7131250566636,217.1880482936481
369392.414023,-765.7131250566636,217.1880482936481
369402.566376,-765.7131250566636,217.1880482936481
369414.906147,-765.7131250566636,217.1880482936481
369424.858691,-765.7131250566636,217.1880482936481
369433.744874,-765.7131250566636,217.1880482936481
369442.087975,-765.7131250566636,217.1880482936481
369452.089526,-765.7131250566636,217.1880482936481
369464.176716,-765.7131250566636,217.1880482936481
369472.096665,-765.7131250566636,217.1880482936481
369482.413784,-765.7131250566636,217.1880482936481
369492.443783,-765.7131250566636,217.1880482936481
369502.40981,-765.7131250566636,217.1880482936481
369513.839762,-760.1033798121925,214.37336778605007
369522.412246,-760.1033798121925,214.37336778605007
369532.095437,-760.1033798121925,214.37336778605007
369542.09042,-760.1033798121925,214.37336778605007
369552.436074,-760.1033798121925,214.37336778605007
369563.532892,-760.1033798121925,214.37336778605007
369573.281304,-759.1931948614994,222.46528698182107
369582.849389,-758.748605627634,221.93888948654325
369592.449736,-747.2793600404003,230.6125153876351
369602.436908,-707.8526852961412,255.58777507415792
369613.416804,-649.8642166498842,267.44489770777085
369623.173279,-649.8642166498842,267.44489770777085
369633.294406,-649.8642166498842,267.44489770777085
369642.489154,-648.2814672101995,269.57172354662123
369653.597316,-601.8654361714568,287.37952539657454
369662.704957,-522.5642308939127,313.6513762959477
369672.424529,-409.2984174266746,349.6956492355608
369683.69498,-330.195004947944,378.5179378580118
369692.101063,-275.74259044165774,393.0866433800615
369703.483681,-210.473274500352,424.19881848579934
369712.103153,-144.16044536101737,446.22874873221184
369723.223344,-87.23105112989998,479.8080640117436
369732.422243,6.978540367990325,528.8978686005
370002.113878,10.695800838741308,-31.45792658594313
370012.216488,-56.68432656358171,-81.03788996954171
370022.153516,-129.45435838741005,-140.53731327276984
408672.918188,17.62309112279084,-1.6384404835152797
408682.256744,-1.5906934350809598,-18.53010190794861
408692.247996,-1.5906934350809598,-18.53010190794861
408702.253807,-31.56089949172681,-46.55315413513859
408712.56461,-86.05328764130617,-89.69803593253746
408722.859658,-154.35384368858865,-85.31710142886983
408732.24886,-212.603396423456,-10.127840734071386
408753.16533,-212.603396423456,-10.127840734071386
408753.779901,-212.603396423456,-10.127840734071386
408753.780581,-212.603396423456,-10.127840734071386
408754.81519,-212.603396423456,-10.127840734071386
408764.809341,-481.7684632162865,290.5569206799144
408775.23091,-531.750674778824,343.09916062593464
408786.030721,-573.8467563559373,399.3028464425762
408795.177572,-590.8739245404934,421.2038256353856
408804.846185,-597.1536295892979,436.4971333768097
408814.887542,-621.2382623569003,462.5868227552376
408825.177622,-663.4849949833102,511.1671847758751
408835.152029,-703.2019284918381,547.0996610216392
408845.399444,-745.7759516178396,572.8484080751866
408855.259213,-772.9259323574951,623.8044261461506
408867.246623,-803.7055312105357,643.2797564154677
408875.951496,-850.1498420116227,621.0211304636432
408884.821291,-902.6609123788144,593.7644849308925
408895.15574,-960.5645098889372,569.3197368514434
408904.916135,-1007.3340248923306,549.1846764869902
411825.219029,-1009.817213408204,268.8933153657744
411835.6534,-1009.817213408204,268.8933153657744
411845.025243,-983.138703539608,248.7595925660558
411863.710554,-964.4930389834968,194.3796753733876
411868.81506,-880.1812483072914,183.81610660429988
411868.816571,-880.1812483072914,183.81610660429988
411870.137436,-880.1812483072914,183.81610660429988
411880.795644,-800.4676309321077,214.72824830621136
411890.139436,-667.4465150230294,259.64039039175265
411900.45456,-559.4423676939714,297.3034205455549
411910.72027,-444.9478660896377,338.600788121626
411920.790927,-337.10304862835613,374.6956036649601
411930.463047,-289.54659193528954,386.95279937405945
411940.502109,-215.968840610255,415.43074784182056
411950.168007,-96.32640799877812,476.2049490382608
411961.021879,4.029724479843183,519.5702879765079
414570.136026,-15.66341857244278,-27.62394832845764
414580.157578,-97.00224087786415,-100.28438427284202
414590.150911,-205.80044315925983,-198.7015559983543
419861.537794,-122.57574692472252,768.5661804936273
419871.395289,-122.57574692472252,768.5661804936273
419881.3989,-122.57574692472252,768.5661804936273
419891.39054,-116.97348651081566,707.3458813595029
419901.077761,-28.934113574102295,628.3507118636384
420558.835161,12.655538254855037,-16.53986216243083
420568.503191,12.655538254855037,-16.53986216243083
420579.120574,-6.023674921819315,-29.601938548204235
420588.81677,-72.01666426308486,-84.50213218339115
420598.545813,-154.3212247988446,-154.9902644007408
421826.824829,-1023.0639260343246,383.66259951961246
421836.670867,-1011.165672162079,334.98040333300395
421847.619931,-1010.7161258883342,333.6604061103078
421863.950995,-1010.7161258883342,333.6604061103078
421866.620114,-1011.5721212487736,328.7989462878097
421876.940891,-998.19966399867,276.0277826800857
421886.671457,-972.1642521181076,225.9044966565192
421897.854451,-953.8219837889544,182.9978161261068
421930.224234,-885.9471141520862,192.5592502039051
421930.224984,-885.9471141520862,192.5592502039051
421932.292072,-885.9471141520862,192.5592502039051
421942.624886,-837.0201965325537,216.18185239902743
421953.810208,-783.5259264751439,235.08975920792685
421962.719157,-702.0831937690434,259.4168412094694
421972.304293,-668.2795361716765,269.08909900366166
421983.343376,-638.5662581512819,272.838813820677
421992.900067,-571.8851855729691,302.2219011270915
422002.547094,-546.48227766955,308.69858286100094
422017.040964,-546.48227766955,308.69858286100094
422022.304873,-546.48227766955,308.69858286100094
422032.625206,-539.1050678950925,312.4153563463872
422042.632499,-467.737106103951,339.126208173563
422052.621212,-351.2014151050208,379.6059182975724
422062.617693,-319.2880874079978,388.57732819905584
422072.989624,-319.2880874079978,388.57732819905584
422082.308994,-319.2880874079978,388.57732819905584
422092.467557,-319.2880874079978,388.57732819905584
422102.623044,-319.2880874079978,388.57732819905584
422112.854957,-319.2880874079978,388.57732819905584
422122.737733,-273.7966396349032,395.66848067190574
422128.036557,-264.2429329633206,399.49863850601326
422132.299989,-264.2429329633206,399.49863850601326
422142.300248,-264.2429329633206,399.49863850601326
422152.922418,-264.2429329633206,399.49863850601326
422162.626689,-264.2429329633206,399.49863850601326
422172.633239,-264.2429329633206,399.49863850601326
422182.644195,-264.2429329633206,399.49863850601326
422192.350224,-264.2429329633206,399.49863850601326
422202.356164,-264.2429329633206,399.49863850601326
422212.629656,-264.2429329633206,399.49863850601326
422222.737217,-264.2429329633206,399.49863850601326
422232.901643,-264.2429329633206,399.49863850601326
422242.631037,-264.2429329633206,399.49863850601326
422252.325925,-264.2429329633206,399.49863850601326
422262.411619,-264.2429329633206,399.49863850601326
422272.63225,-264.2429329633206,399.49863850601326
422282.311851,-264.2429329633206,399.49863850601326
422292.629563,-264.2429329633206,399.49863850601326
422302.635289,-264.2429329633206,399.49863850601326
422312.312149,-264.2429329633206,399.49863850601326
422322.62907,-264.2429329633206,399.49863850601326
422332.970773,-264.2429329633206,399.49863850601326
422342.63909,-257.044734099776,404.2277107753717
422352.761534,-257.044734099776,404.2277107753717
422364.267736,-255.76446921503663,404.5199311654249
422372.438799,-255.76446921503663,404.5199311654249
422382.30977,-255.76446921503663,404.5199311654249
422392.625495,-255.76446921503663,404.5199311654249
422402.643872,-255.76446921503663,404.5199311654249
422412.627906,-255.76446921503663,404.5199311654249
422422.63745,-255.76446921503663,404.5199311654249
422432.673166,-255.76446921503663,404.5199311654249
422442.707935,-255.76446921503663,404.5199311654249
422453.825081,-255.76446921503663,404.5199311654249
422464.984172,-255.76446921503663,404.5199311654249
422473.728769,-255.76446921503663,404.5199311654249
422483.163693,-255.76446921503663,404.5199311654249
422493.663049,-255.76446921503663,404.5199311654249
422502.948377,-255.76446921503663,404.5199311654249
422512.66683,-255.76446921503663,404.5199311654249
422522.63632,-255.76446921503663,404.5199311654249
422533.469589,-255.76446921503663,404.5199311654249
422542.833619,-255.76446921503663,404.5199311654249
422552.666748,-255.76446921503663,404.5199311654249
422562.320032,-255.76446921503663,404.5199311654249
422572.317598,-255.76446921503663,404.5199311654249
422582.896121,-255.76446921503663,404.5199311654249
422595.159527,-255.76446921503663,404.5199311654249
422602.318899,-255.76446921503663,404.5199311654249
422614.394753,-255.76446921503663,404.5199311654249
422622.653111,-255.76446921503663,404.5199311654249
422633.619172,-255.76446921503663,404.5199311654249
422642.733781,-255.76446921503663,404.5199311654249
422652.325939,-255.76446921503663,404.5199311654249
422662.322568,-255.76446921503663,404.5199311654249
422672.642607,-255.76446921503663,404.5199311654249
422682.318665,-255.76446921503663,404.5199311654249
422693.600808,-255.76446921503663,404.5199311654249
422705.880152,-255.76446921503663,404.5199311654249
422713.688744,-255.76446921503663,404.5199311654249
422724.642761,-255.76446921503663,404.5199311654249
422732.34707,-255.76446921503663,404.5199311654249
422742.712307,-255.76446921503663,404.5199311654249
422752.345337,-255.76446921503663,404.5199311654249
422762.648095,-255.76446921503663,404.5199311654249
422772.676868,-255.76446921503663,404.5199311654249
422782.681306,-255.76446921503663,404.5199311654249
422793.01076,-255.76446921503663,404.5199311654249
422802.905818,-255.76446921503663,404.5199311654249
422813.432352,-250.3035898330129,407.7569877653018
422822.644566,-250.30358961721527,407.75698789853374
422832.649796,-250.30358961721527,407.75698789853374
422842.664691,-250.30358961721527,407.75698789853374
422852.648738,-250.30358961721527,407.75698789853374
422862.662504,-250.30358961721527,407.75698789853374
422872.319771,-250.30358961721527,407.75698789853374
422882.645618,-250.30358961721527,407.75698789853374
422892.323137,-250.30358961721527,407.75698789853374
422902.661613,-250.30358961721527,407.75698789853374
422912.720692,-250.30358961721527,407.75698789853374
422922.323171,-248.19355569200548,409.0907573857336
422933.500264,-248.19355569200548,409.0907573857336
422942.728408,-248.19355569200548,409.0907573857336
422952.326223,-248.19355569200548,409.0907573857336
422962.65333,-248.19355569200548,409.0907573857336
422972.769623,-248.19355569200548,409.0907573857336
422982.650587,-248.19355569200548,409.0907573857336
422992.653316,-248.19355569200548,409.0907573857336
423002.652973,-248.19355569200548,409.0907573857336
423012.656063,-248.19355569200548,409.0907573857336
423022.670732,-248.19355569200548,409.0907573857336
423032.983749,-248.19355569200548,409.0907573857336
423042.658636,-248.19355569200548,409.0907573857336
423053.428212,-248.19355569200548,409.0907573857336
423062.340544,-248.19355569200548,409.0907573857336
423072.658631,-248.19355569200548,409.0907573857336
423082.656376,-248.19355569200548,409.0907573857336
423092.656919,-248.19355569200548,409.0907573857336
423102.670153,-248.19355569200548,409.0907573857336
423112.688202,-248.19355569200548,409.0907573857336
423122.334364,-248.19355569200548,409.0907573857336
423132.679996,-248.19355569200548,409.0907573857336
423142.994318,-248.19355569200548,409.0907573857336
423152.65877,-248.19355569200548,409.0907573857336
423162.657528,-248.19355569200548,409.0907573857336
423172.336463,-248.19355569200548,409.0907573857336
423182.67193,-248.19355569200548,409.0907573857336
423192.683929,-248.19355569200548,409.0907573857336
423202.660013,-248.19355569200548,409.0907573857336
423212.65782,-248.19355569200548,409.0907573857336
423222.34757,-248.19355569200548,409.0907573857336
423232.657593,-248.19355569200548,409.0907573857336
423242.336176,-248.19355569200548,409.0907573857336
423252.657392,-248.19355569200548,409.0907573857336
423262.73861,-248.19355569200548,409.0907573857336
423273.262394,-248.19355569200548,409.0907573857336
423282.657701,-248.19355569200548,409.0907573857336
423292.445776,-248.19355569200548,409.0907573857336
423302.657184,-248.19355569200548,409.0907573857336
423312.674499,-248.19355569200548,409.0907573857336
423322.683989,-248.19355569200548,409.0907573857336
423332.668171,-248.19355569200548,409.0907573857336
423342.66131,-248.19355569200548,409.0907573857336
423352.683937,-248.19355569200548,409.0907573857336
423362.340152,-248.19355569200548,409.0907573857336
423372.669262,-248.19355569200548,409.0907573857336
423382.668016,-248.19355569200548,409.0907573857336
423392.666697,-248.19355569200548,409.0907573857336
423402.671987,-248.19355569200548,409.0907573857336
423412.663967,-248.19355569200548,409.0907573857336
423423.77603,-248.19355569200548,409.0907573857336
423432.668151,-248.19355569200548,409.0907573857336
423442.367653,-248.19355569200548,409.0907573857336
423452.678413,-248.19355569200548,409.0907573857336
423462.678689,-248.19355569200548,409.0907573857336
423472.942597,-248.19355569200548,409.0907573857336
423482.686617,-248.19355569200548,409.0907573857336
423492.669078,-248.19355569200548,409.0907573857336
423502.665284,-248.19355569200548,409.0907573857336
423512.681621,-248.19355569200548,409.0907573857336
423522.671924,-248.19355569200548,409.0907573857336
423532.665563,-248.19355569200548,409.0907573857336
423542.353633,-248.19355569200548,409.0907573857336
423552.666697,-248.19355569200548,409.0907573857336
423562.698881,-248.19355569200548,409.0907573857336
423572.674647,-248.19355569200548,409.0907573857336
423582.674636,-248.19355569200548,409.0907573857336
423592.673112,-248.19355569200548,409.0907573857336
423602.682593,-248.19355569200548,409.0907573857336
423612.393229,-248.19355569200548,409.0907573857336
423622.795458,-239.07241082957376,414.6910447440278
423632.438746,-221.52195002792968,419.8139867832214
423642.670484,-220.8001871277028,427.3543660055656
423652.681416,-220.8001871277028,427.3543660055656
423662.359533,-220.8001871277028,427.3543660055656
423672.679176,-220.8001871277028,427.3543660055656
423682.693835,-220.8001871277028,427.3543660055656
423692.952247,-220.8001871277028,427.3543660055656
423702.683989,-220.8001871277028,427.3543660055656
423712.68119,-220.8001871277028,427.3543660055656
423722.685807,-220.8001871277028,427.3543660055656
423732.363883,-220.8001871277028,427.3543660055656
423742.677244,-220.8001871277028,427.3543660055656
423752.793127,-220.8001871277028,427.3543660055656
423762.683979,-220.8001871277028,427.3543660055656
423772.691888,-220.8001871277028,427.3543660055656
423782.674629,-220.8001871277028,427.3543660055656
423792.680587,-220.8001871277028,427.3543660055656
423802.681369,-220.8001871277028,427.3543660055656
423812.687875,-220.8001871277028,427.3543660055656
423822.682798,-220.8001871277028,427.3543660055656
423832.685554,-220.8001871277028,427.3543660055656
423842.696109,-220.8001871277028,427.3543660055656
423852.464006,-220.8001871277028,427.3543660055656
423862.639574,-220.8001871277028,427.3543660055656
423874.540336,-220.8001871277028,427.3543660055656
423882.686889,-220.8001871277028,427.3543660055656
423892.359659,-220.8001871277028,427.3543660055656
423902.678739,-220.8001871277028,427.3543660055656
423912.363534,-220.8001871277028,427.3543660055656
423922.689079,-220.8001871277028,427.3543660055656
423932.681078,-220.8001871277028,427.3543660055656
423942.685069,-220.8001871277028,427.3543660055656
423952.371518,-220.8001871277028,427.3543660055656
423962.68919,-220.8001871277028,427.3543660055656
423972.68912,-220.8001871277028,427.3543660055656
423984.225556,-220.8001871277028,427.3543660055656
423992.381658,-220.8001871277028,427.3543660055656
424002.693211,-220.8001871277028,427.3543660055656
424012.691871,-220.8001871277028,427.3543660055656
424022.982427,-220.8001871277028,427.3543660055656
424032.39234,-220.8001871277028,427.3543660055656
424042.689465,-220.8001871277028,427.3543660055656
424052.686706,-220.8001871277028,427.3543660055656
424062.685127,-220.8001871277028,427.3543660055656
424073.901257,-220.8001871277028,427.3543660055656
424082.693097,-220.8001871277028,427.3543660055656
424092.694669,-220.8001871277028,427.3543660055656
424102.365678,-220.8001871277028,427.3543660055656
424112.694682,-220.8001871277028,427.3543660055656
424122.691932,-220.8001871277028,427.3543660055656
424132.689164,-220.8001871277028,427.3543660055656
424142.686421,-220.8001871277028,427.3543660055656
424152.932351,-220.8001871277028,427.3543660055656
424162.6891,-220.8001871277028,427.3543660055656
424172.686663,-220.8001871277028,427.3543660055656
424182.685107,-220.8001871277028,427.3543660055656
424192.698412,-220.8001871277028,427.3543660055656
424202.69467,-220.8001871277028,427.3543660055656
424212.369681,-220.8001871277028,427.3543660055656
424222.370186,-220.8001871277028,427.3543660055656
424232.375568,-220.8001871277028,427.3543660055656
424242.372015,-220.8001871277028,427.3543660055656
424252.699996,-220.8001871277028,427.3543660055656
424262.697138,-220.8001871277028,427.3543660055656
424272.70408,-225.06221002349795,437.3257533795706
424283.530564,-225.06221002349795,437.3257533795706
424292.371566,-225.06221002349795,437.3257533795706
424302.730689,-225.06221002349795,437.3257533795706
424312.979758,-225.06221002349795,437.3257533795706
424322.719321,-225.06221002349795,437.3257533795706
424332.709105,-225.06221002349795,437.3257533795706
424342.37363,-225.06221002349795,437.3257533795706
424352.435712,-225.06221002349795,437.3257533795706
424362.752252,-225.06221002349795,437.3257533795706
424372.873924,-225.06221002349795,437.3257533795706
424382.983333,-225.06221002349795,437.3257533795706
424392.702676,-225.06221002349795,437.3257533795706
424402.387726,-225.06221002349795,437.3257533795706
424412.75892,-225.06221002349795,437.3257533795706
424422.375465,-225.06221002349795,437.3257533795706
424432.703147,-225.06221002349795,437.3257533795706
424442.701318,-225.06221002349795,437.3257533795706
424452.961107,-225.06221002349795,437.3257533795706
424462.712252,-225.06221002349795,437.3257533795706
424472.939847,-225.06221002349795,437.3257533795706
424482.696515,-225.06221002349795,437.3257533795706
424492.800055,-225.06221002349795,437.3257533795706
424502.838405,-225.06221002349795,437.3257533795706
424512.736261,-225.06221002349795,437.3257533795706
424522.405649,-225.06221002349795,437.3257533795706
424532.778762,-225.06221002349795,437.3257533795706
424542.807934,-225.06221002349795,437.3257533795706
424552.876313,-225.06221002349795,437.3257533795706
424564.180019,-225.06221002349795,437.3257533795706
424573.005568,-225.06221002349795,437.3257533795706
424582.842759,-225.06221002349795,437.3257533795706
424592.396199,-225.06221002349795,437.3257533795706
424602.732231,-225.06221002349795,437.3257533795706
424612.787026,-225.06221002349795,437.3257533795706
424622.383818,-225.06221002349795,437.3257533795706
424632.787845,-225.06221002349795,437.3257533795706
424642.387655,-225.06221002349795,437.3257533795706
424652.708057,-225.06221002349795,437.3257533795706
424662.733251,-225.06221002349795,437.3257533795706
424672.756156,-225.06221002349795,437.3257533795706
424682.743436,-225.06221002349795,437.3257533795706
424692.713806,-225.06221002349795,437.3257533795706
424702.789309,-225.06221002349795,437.3257533795706
424712.444291,-225.06221002349795,437.3257533795706
424723.091594,-225.06221002349795,437.3257533795706
424732.408278,-225.06221002349795,437.3257533795706
424742.384471,-225.06221002349795,437.3257533795706
424752.705148,-225.06221002349795,437.3257533795706
424762.800243,-225.06221002349795,437.3257533795706
424772.773705,-225.06221002349795,437.3257533795706
424782.747891,-225.06221002349795,437.3257533795706
424792.762939,-225.06221002349795,437.3257533795706
424802.768035,-225.06221002349795,437.3257533795706
424812.802993,-225.06221002349795,437.3257533795706
424822.404254,-225.06221002349795,437.3257533795706
424832.717513,-225.06221002349795,437.3257533795706
424842.716291,-225.06221002349795,437.3257533795706
424852.733559,-225.06221002349795,437.3257533795706
424862.729933,-225.06221002349795,437.3257533795706
424872.719761,-225.06221002349795,437.3257533795706
424882.79872,-225.06221002349795,437.3257533795706
424892.518167,-225.06221002349795,437.3257533795706
424902.733259,-225.06221002349795,437.3257533795706
424912.39227,-225.06221002349795,437.3257533795706
424922.718496,-225.06221002349795,437.3257533795706
424932.71621,-225.06221002349795,437.3257533795706
424942.716233,-225.06221002349795,437.3257533795706
424952.717331,-225.06221002349795,437.3257533795706
424962.399792,-225.06221002349795,437.3257533795706
424972.72805,-225.06221002349795,437.3257533795706
424982.733236,-225.06221002349795,437.3257533795706
424992.738625,-225.06221002349795,437.3257533795706
425002.717229,-225.06221002349795,437.3257533795706
425012.39763,-225.06221002349795,437.3257533795706
425022.718655,-225.06221002349795,437.3257533795706
425032.715821,-225.06221002349795,437.3257533795706
425042.714834,-225.06221002349795,437.3257533795706
425052.717295,-225.06221002349795,437.3257533795706
425062.722395,-225.06221002349795,437.3257533795706
425072.717607,-225.06221002349795,437.3257533795706
425082.401988,-259.1254479620312,443.3499346715831
425092.730386,-290.8282954507412,410.8350015033607
425102.730566,-295.0538351183225,405.6481599864632
425105.669859,-295.0538351183225,405.6481599864632
425112.397617,-295.0538351183225,405.6481599864632
425122.718719,-295.0538351183225,405.6481599864632
425132.726499,-295.0538351183225,405.6481599864632
425142.720135,-295.0538351183225,405.6481599864632
425152.729429,-295.0538351183225,405.6481599864632
425162.74664,-292.5119181300496,384.1948008856235
425173.02389,-226.39712911294487,336.3559527090335
425183.31401,-165.67934221563667,293.52382389262533
425192.40646,-116.5282042656345,261.17514739782496
425202.413445,-102.46875995561466,247.6614271485733
425212.417058,-95.24413030548206,220.61898556544665
425222.723022,-134.76533087032283,179.3261635117837
425232.40764,-209.8515195273204,105.0219039103954
425243.039542,-263.1511173561162,53.9330550392889
425252.424306,-339.49262210560386,-16.68199652120693
425264.860173,-388.7692572180172,-64.20222493001992
425272.404661,-420.52183484065984,-117.3699392816116
425283.263992,-423.3027188382857,-131.49239247433212
425292.72369,-423.3027188382857,-131.49239247433212
425302.729022,-423.3027188382857,-131.49239247433212
425312.412728,-423.3027188382857,-131.49239247433212
425323.128023,-423.3027188382857,-131.49239247433212
425332.738344,-423.3027188382857,-131.49239247433212
425342.829969,-416.5317955293458,-172.30661413832922
425591.713361,-846.9802430823775,-197.70523417658893
425591.714138,-846.9802430823775,-197.70523417658893
425592.850676,-852.2137342044457,-177.01787736529394
425616.305313,-869.534013373139,-116.87460025239427
425616.308973,-887.2959008037458,-61.93527414137237
425616.625323,-895.2707824859642,-11.615607865938811
425616.626043,-895.2707824859642,-11.615607865938811
425618.231911,-895.2707824859642,-11.615607865938811
425637.561141,-916.979470633672,66.39926456650998
425638.214745,-923.2456571339956,84.0661501685521
425648.654684,-930.8157815319336,100.69555039337584
425658.580463,-943.872692961326,135.34995928756322
425669.342172,-941.2005855151978,159.80670108892204
425678.535437,-910.962483262304,179.30548675231918
425688.533876,-848.5558017067845,207.09100293625343
425698.20449,-790.357639791049,227.37939242592464
425708.604637,-746.882437747822,238.3332472330248
425719.079328,-706.0255838685756,251.5896913553633
425730.275369,-670.334751887596,265.19165935143866
425739.556831,-615.2339430870833,280.4061183806535
425748.22057,-566.0311240181227,293.9790987348654
425758.544439,-521.5700551952068,308.69279916325314
425768.211694,-464.8402275531034,332.32752974031047
425778.60529,-407.17975394095504,351.29411563764535
425788.546167,-401.7791140579725,353.4805805053241
425799.071808,-385.23169595269263,360.2835965135371
425808.892717,-341.95858774239497,379.00424461286207
425819.250298,-315.307017586204,387.1339584088476
425828.211403,-315.307017586204,387.1339584088476
425838.340433,-315.307017586204,387.1339584088476
425848.209313,-315.307017586204,387.1339584088476
425860.879643,-315.307017586204,387.1339584088476
425868.250525,-315.307017586204,387.1339584088476
425878.551832,-308.99004597075924,391.8488925395765
425888.549936,-251.42143091639767,412.15879921746193
425898.547124,-238.08816326787317,451.9048081861909
425908.536066,-238.90270753318765,452.8436375945983
425918.532834,-238.90270753318765,452.8436375945983
425928.221737,-271.9822571557164,503.2045410059216
425938.543453,-308.0544131442329,577.4335474844489
425949.308098,-266.43730557255753,643.9349737217441
425958.553976,-155.4620577123574,692.7361483107533
425968.616215,-119.54655467373662,742.9758119062469
428668.35424,-493.30230174343023,756.0566442509146
428679.27711,-495.5372801611013,686.4358692788188
428688.679774,-486.2371447013687,604.3082521082495
428698.502645,-486.2788808941772,562.7502876163102
428708.639646,-486.83148123094,560.3855401968709
428718.304906,-473.33344586504535,518.4681036724918
428728.637426,-436.1858124863232,486.6361362427709
428739.759102,-430.0991655920287,447.1011219472178
428748.652267,-421.691346112596,371.34612015544144
428758.638758,-422.7059618621077,369.7005054676184
428768.308552,-458.56950034021673,339.395731636118
428778.63371,-529.7816730031399,337.26012204742665
428788.311075,-560.1782511074142,372.8521795442667
428798.325171,-581.0223147403192,392.85048336992486
428808.945266,-598.648624880967,419.1441880640537
428818.375367,-598.7415541835395,420.0366206265401
428828.641074,-598.7415541835395,420.0366206265401
428838.640678,-643.7926357927913,477.2190950031669
428849.311213,-679.4550776335358,531.2709949002199
428859.338325,-715.7714554694768,548.2840305099189
428869.896918,-757.7767408721069,582.5444698730387
428878.716997,-771.4883455146132,617.0774401572446
428888.791852,-781.5702239912157,632.477138415002
428899.439658,-793.2142650966957,641.2634466982369
428908.341802,-797.85830213179,643.9443580255563
428918.389015,-819.7859596493494,634.6633388218876
428928.656706,-858.402248848507,621.8901201032345
428938.321324,-876.0069100546209,610.7534960148395
428948.308838,-898.7288397886808,597.3359079785074
428958.820798,-921.4415918658289,586.3904942674819
428968.642258,-941.9632232455134,571.9713240271997
428978.360144,-950.3124488128276,568.743902325781
429001.272714,-997.184246262404,567.2503611453257
433634.973634,-1011.923694548324,356.4785639228854
433634.974364,-1011.923694548324,356.4785639228854
433637.142184,-1011.923694548324,356.4785639228854
433647.603173,-989.2590228056469,311.07559818193783
433658.180755,-989.2590228056469,311.07559818193783
433667.192346,-989.2590228056469,311.07559818193783
433677.530691,-989.2590228056469,311.07559818193783
433687.461814,-989.2590228056469,311.07559818193783
433697.51635,-980.9628583292192,268.9809601875515
433707.145763,-955.3193464259074,192.89807604525205
433722.923747,-927.9756403547964,173.45501638017384
433727.148352,-897.3313725404745,190.25162088226935
433737.150882,-848.759466847017,205.871855714648
433747.77579,-787.6063212904254,227.67544670718613
433757.14298,-726.0139699951186,248.5913089646183
433767.730927,-630.3400153281762,278.36562604062345
433777.561231,-556.5342516921044,301.16557535606705
433787.470539,-490.17113789449087,323.6390553931283
433799.435988,-412.1568899202073,352.07231377752726
433809.513727,-367.94107571290806,367.2408459941812
433817.489776,-315.0716474021969,384.9812849595074
433827.180428,-256.3226594921157,401.4759632780277
433837.477749,-213.01195725396417,420.48127805381154
433847.32461,-142.98840764301335,452.37448785117954
433857.679943,-35.16573713336975,500.7365149726548
433867.502489,42.84031182913475,533.2332074680116
494895.045919,15.458734889076355,-12.029490945141417
494904.667156,2.5009114962358345,-24.025844527920604
494915.880427,2.5009114962358345,-24.025844527920604
494924.993735,-31.180233171060245,-56.84848113296015
494934.67475,-95.14487188196198,-104.8548409732465
494944.663045,-138.24261174628222,-105.83419946060027
494954.998309,-196.0305413423714,-42.71494640458638
494967.76104,-196.0305413423714,-42.71494640458638
494975.00305,-196.0305413423714,-42.71494640458638
494984.677237,-455.72400266708223,250.41556229244745
494995.109123,-482.6562035519311,287.46045179092
495004.996905,-490.4177481771797,295.3374913351102
495015.001184,-490.4177481771797,295.3374913351102
495024.681947,-490.4177481771797,295.3374913351102
495034.993766,-499.09583294703503,302.5639762979938
495045.469544,-537.9805365275753,349.2925435351445
495056.348276,-579.7348680707333,397.7429684934921
495065.887596,-594.9956236551059,414.8372242100722
495077.824178,-594.9956236551059,414.8372242100722
495085.050986,-594.9956236551059,414.8372242100722
495095.289241,-609.1206570545057,440.3389482795387
495105.939355,-669.4087605936031,511.860117406278
495114.673696,-718.7278535864577,546.8360706951075
495127.319616,-747.2797195859561,565.4763951476236
495135.320842,-783.7091343134448,632.5973723623096
495145.47009,-812.7767464422651,630.522116827405
495155.004345,-840.603707580142,613.8541381232645
495166.75379,-910.6275265427488,580.4978836187436
495175.002418,-955.5103922253994,553.5001309959246
495185.070474,-997.365245436703,530.0443474340844
499398.955964,-1003.5711065106796,323.6568300500048
499408.288075,-993.2459063486684,296.5357031695602
499418.08805,-993.2459063486684,296.5357031695602
499428.285067,-993.2459063486684,296.5357031695602
499437.978844,-993.2459063486684,296.5357031695602
499448.306691,-993.2459063486684,296.5357031695602
499458.293518,-981.0657586949086,247.2133937032376
499468.203665,-958.5733645285644,178.8451505370439
499481.534102,-886.4513881430665,187.62009352496665
499488.010704,-761.8862838568043,235.601903889226
499497.981138,-644.763206477885,276.70836230422344
499508.296832,-522.9465802805906,317.6236532976248
499518.296856,-382.5436151936246,366.8943641184142
499529.113161,-307.1758820038773,392.2753175205765
499537.967638,-256.482346907558,407.48180561847903
499548.293194,-157.87971671232765,450.866691659701
499558.011664,-64.60946240388962,493.23601788621465
499568.295966,27.67844862067803,537.494484788392
504328.44321,-124.20892001526032,739.0167656128647
504338.797213,-126.66243057998294,722.912563786777
504348.459065,-126.66243057998294,722.912563786777
504358.456776,-126.66243057998294,722.912563786777
504368.455432,-134.31015530606462,706.9118345549587
504378.444866,-243.31687399012927,648.7952564320642
504388.255835,-308.68305972891216,600.3807830565326
504399.349678,-286.5189099525861,516.6250149690163
504408.446134,-266.97319622549,444.3015609276754
504418.466234,-298.542356540562,406.8210559454989
504428.139733,-299.6004377029582,405.8266204799323
504438.460915,-303.6742024245115,402.64769080229297
504448.798538,-355.848172948148,373.78523260001793
504458.458927,-437.2972569523263,342.7104365782959
504468.598874,-540.3058100353624,308.1748363804029
504478.140488,-623.8139911837479,278.1649625794876
504488.460601,-699.9944349777971,255.72641150254228
504498.245477,-823.0573813034556,213.8225586399813
504508.141548,-864.651092044735,235.27217646013636
504518.582202,-894.6131431806491,240.6914102318651
504528.153438,-960.6645019335714,211.88907024794335
504538.4649,-964.1407056582706,196.49310500557505
504548.132908,-942.9010578964665,118.78783828990132
504567.522964,-878.0296877350479,-76.73320478360895
504567.523706,-878.0296877350479,-76.73320478360895
504568.665688,-878.0296877350479,-76.73320478360895
504578.838205,-862.4598435920644,-135.0358501761151
504588.577819,-849.435691201448,-179.55217653091927
504598.862531,-835.8775749541609,-219.85502930419588
512864.868945,-1024.166777315503,349.32132560166696
512864.869601,-1024.166777315503,349.32132560166696
512866.726852,-1024.166777315503,349.32132560166696
512885.993425,-999.9585348992504,317.4346304043443
512886.668732,-999.9585348992504,317.4346304043443
512903.415574,-999.9585348992504,317.4346304043443
512906.756915,-936.5971770951684,183.0443914626783
512916.996203,-918.1303850467132,186.24740599137743
512926.999017,-856.6768302913435,197.1212989062921
512936.716092,-764.345285794075,234.19944180338837
512947.03153,-709.7173979868069,263.90169415638024
512957.076588,-688.0950533113817,272.6199074727851
512966.860776,-593.9600399261351,288.88593003023584
512976.778828,-559.3599165643844,302.79756833777304
512987.560853,-559.3599165643844,302.79756833777304
512997.00087,-509.2982798975429,315.0295383789593
513006.99258,-446.41135855336495,340.56698251575494
513016.994322,-396.7477987955018,359.5666589971556
513027.187714,-349.18995743866526,395.64075419415127
513039.085281,-342.34005078240364,401.4446768495565
513046.673734,-342.34005078240364,401.4446768495565
513057.708704,-330.9845300730489,396.6642022279623
513068.127973,-330.9845300730489,396.6642022279623
513080.082583,-330.9845300730489,396.6642022279623
513086.675231,-301.855506177164,395.91806731841694
513097.003174,-242.00432163098736,413.7406394526929
513107.036446,-250.9972082615609,470.97347837830455
513117.568876,-311.15589643152055,576.7462304104088
513126.713924,-257.31631225747066,648.3108614853619
513137.03958,-169.1361849080828,682.1962767633368
513146.697649,-116.57712441836658,747.6679661314499
514037.045315,-125.99821825652582,749.697679134602
514047.057793,-125.84101032814274,748.9849841319354
514057.038571,-125.84101032814274,748.9849841319354
514067.036681,-156.33418955545795,682.6777356147528
514076.708701,-292.7513117836159,628.0541895303035
514086.866866,-300.0506463519509,545.9599307128007
514096.712696,-273.4082635742052,495.6164727890573
514107.093052,-266.76542931503275,441.6665624344466
514117.035659,-293.2916345762601,408.7891924910393
514127.037694,-293.2916345762601,408.7891924910393
514137.034355,-293.2916345762601,408.7891924910393
514146.712657,-326.3955592259827,384.3136341862765
514157.105687,-409.7974540122424,346.71898581529985
514166.717461,-517.1290969569427,313.77799768688453
514177.04209,-609.6125530290165,279.1622828133856
514186.740329,-686.4411412519981,252.0294558829338
514197.041767,-768.8931237102579,229.13096658968936
514206.763555,-827.9669563368989,201.3986181998597
514217.039812,-859.8843103688685,228.8877356685833
514227.138645,-907.865985856651,232.51854094724024
514237.048683,-953.404748887808,215.2710286795884
514247.076976,-955.3954284295568,171.57006709133037
514256.760963,-928.8228596360456,59.37706013157217
514267.03573,-914.323522636771,16.683121114025603
514278.255516,-914.323522636771,16.683121114025603
514287.054186,-912.6661312613588,15.233279927827745
514296.727787,-894.0330806874692,-38.375869020644814
514306.829009,-862.8326559022288,-129.748483409127
515352.772459,-124.38687057392302,760.6415858083919
515353.477326,-122.68550494682614,733.6550999326288
515353.478043,-122.68550494682614,733.6550999326288
515354.902075,-122.68550494682614,733.6550999326288
515364.875006,-131.0719328348388,717.2802298040064
515374.566345,-192.69170412510312,687.321868635524
515384.560647,-277.2830504348217,653.5352313528531
515394.674586,-301.0757856234377,623.5554501046258
515405.077811,-290.89881798497083,610.4812434010112
515414.943831,-202.17209956657453,667.6542001936097
515424.555344,-151.56430682801792,689.2703524769294
515434.554849,-118.26193726059886,753.2024918969619
516354.905586,-118.53802187514287,742.5281061410597
516364.602633,-119.00640539306433,729.3850229707075
516374.907181,-119.00640539306433,729.3850229707075
516384.903189,-111.16400565355048,699.8963272394099
516394.60398,-42.16702888738109,633.6508898867829
518937.366061,-124.06506872467088,729.4080897383758
518947.176229,-125.76426017457634,723.9156899671455
518957.368598,-125.76426017457634,723.9156899671455
518967.041636,-125.76426017457634,723.9156899671455
518969.162442,-128.53780411063505,718.1978805186118
518977.374154,-133.3167905989042,711.6079401690051
518987.383856,-133.3167905989042,711.6079401690051
518997.608262,-197.3465946354112,671.1891400146162
519010.435837,-282.2322901793456,637.6061743563786
519018.043612,-313.8631128644253,564.1176202634193
519027.397455,-258.18764317386126,482.8008175283681
519037.664979,-253.43099531940567,476.431821787233
519047.044571,-247.01671330250005,435.78034986394056
519057.046918,-292.6784005264438,398.73816858298346
519067.36662,-292.6784005264438,398.73816858298346
519077.372729,-292.6784005264438,398.73816858298346
519087.157465,-306.0339822119158,388.636593625633
519097.642311,-383.8305185249994,355.26966598297946
519107.371476,-480.2303953572535,326.01525861435624
519117.320713,-606.0130257281768,290.09335287251747
519127.043203,-679.145174938687,265.639103763594
519137.765955,-759.0019614681022,240.51089288772363
519147.586456,-845.6321810483156,216.91867158642623
519157.370764,-868.9504064727198,233.63556088404437
519167.376862,-889.9308984628402,246.68848347785436
519177.080896,-951.9720688167508,220.04917091375717
519190.601571,-962.4054689382292,209.28894717884936
519220.549739,-903.4388764440092,16.388186940684882
519220.550461,-903.4388764440092,16.388186940684882
519221.604232,-902.2472683123416,14.145512914438598
519231.931185,-902.2472683123416,14.145512914438598
519241.929429,-898.431549829479,5.637283261510605
519251.688887,-866.6662706809624,-68.0406666454006
519287.666722,-849.4810533795256,-124.98866917054316
519287.672992,-837.6252973592573,-155.86457936922233
519288.359561,-837.5082250981724,-156.99247184646913
519288.360268,-837.5082250981724,-156.99247184646913
519289.461759,-837.5082250981724,-156.99247184646913
519301.418467,-837.5082250981724,-156.99247184646913
519309.75238,-837.5082250981724,-156.99247184646913
519319.442582,-837.5082250981724,-156.99247184646913
519329.746064,-837.5082250981724,-156.99247184646913
519339.758354,-837.5082250981724,-156.99247184646913
519349.763911,-837.5082250981724,-156.99247184646913
519359.764887,-837.5082250981724,-156.99247184646913
519369.750322,-850.8360981875504,-175.10137370434066
580081.827414,33.03942946112075,4.790562957020964
580091.756253,-67.34899870738776,-79.11504333566867
580101.260992,-136.03097087834408,-107.00213423905288
580111.815003,-208.22107396052004,-29.327501602434182
580121.264427,-208.22107396052004,-29.327501602434182
580131.413392,-208.22107396052004,-29.327501602434182
580141.260281,-460.8869555118778,303.8113575323234
580151.852137,-433.4471843961629,343.60911817737684
580161.261349,-353.2649238651937,376.264711280796
580171.633015,-343.85040404192256,377.5659253169196
580181.597031,-343.85040404192256,377.5659253169196
580191.956968,-343.85040404192256,377.5659253169196
580201.59526,-304.6203947448233,386.7131540324564
580211.598156,-268.4974572704506,395.8111780134194
580215.51138,-257.61113461315966,399.0495913282701
580221.297645,-255.97214452352395,399.651699453828
580231.606528,-255.97214452352395,399.651699453828
580241.592759,-255.97214452352395,399.651699453828
580251.880743,-255.97214452352395,399.651699453828
580261.596761,-255.97214452352395,399.651699453828
580271.88504,-255.97214452352395,399.651699453828
580281.60389,-255.97214452352395,399.651699453828
580291.60466,-255.97214452352395,399.651699453828
580301.276446,-255.97214452352395,399.651699453828
580311.279681,-255.97214452352395,399.651699453828
580323.349168,-255.97214452352395,399.651699453828
580332.193697,-255.97214452352395,399.651699453828
580344.074059,-255.97214452352395,399.651699453828
580352.956321,-255.97214452352395,399.651699453828
580361.274254,-255.97214452352395,399.651699453828
580373.366865,-255.97214452352395,399.651699453828
580382.754174,-255.97214452352395,399.651699453828
580391.534474,-255.97214452352395,399.651699453828
580401.708878,-255.97214452352395,399.651699453828
580412.121977,-255.97214452352395,399.651699453828
580421.28957,-255.97214452352395,399.651699453828
580431.317461,-255.97214452352395,399.651699453828
580441.289474,-255.97214452352395,399.651699453828
580452.446209,-255.97214452352395,399.651699453828
580463.177256,-255.96706089659935,399.6513373838082
580472.03246,-255.96706089659935,399.6513373838082
580482.028264,-254.9454355204496,400.3255088303664
580491.894933,-253.2616817155388,401.3014445775767
580502.36471,-251.38635276205824,402.6662143594274
580511.606183,-251.38635276205824,402.6662143594274
580521.595941,-251.38635276205824,402.6662143594274
580531.603818,-251.38635276205824,402.6662143594274
580541.290461,-251.38635276205824,402.6662143594274
580551.938693,-251.38635276205824,402.6662143594274
580561.29446,-251.38635276205824,402.6662143594274
580571.619886,-251.38635276205824,402.6662143594274
580581.60885,-251.38635276205824,402.6662143594274
580591.277253,-251.38635276205824,402.6662143594274
580601.284464,-251.38635276205824,402.6662143594274
580611.289508,-251.38635276205824,402.6662143594274
580621.278506,-251.38635276205824,402.6662143594274
580631.685215,-251.38635276205824,402.6662143594274
580641.313073,-251.38635276205824,402.6662143594274
580651.612067,-251.38635276205824,402.6662143594274
580661.615822,-251.38635276205824,402.6662143594274
580671.601989,-251.38635276205824,402.6662143594274
580683.015736,-251.38635276205824,402.6662143594274
580691.606034,-251.38635276205824,402.6662143594274
580701.619705,-251.38635276205824,402.6662143594274
580711.907353,-251.38635276205824,402.6662143594274
580722.128536,-251.38635276205824,402.6662143594274
580731.604702,-251.38635276205824,402.6662143594274
580741.356443,-251.38635276205824,402.6662143594274
580751.618077,-251.38635276205824,402.6662143594274
580761.605847,-251.38635276205824,402.6662143594274
580771.281265,-251.38635276205824,402.6662143594274
580781.607491,-251.38635276205824,402.6662143594274
580791.448395,-251.38635276205824,402.6662143594274
580801.285068,-251.38635276205824,402.6662143594274
580811.295433,-251.38635276205824,402.6662143594274
580821.889469,-251.38635276205824,402.6662143594274
580831.614377,-251.38635276205824,402.6662143594274
580841.627548,-251.38635276205824,402.6662143594274
580851.610004,-251.38635276205824,402.6662143594274
580861.293643,-251.38635276205824,402.6662143594274
580871.94036,-251.38635276205824,402.6662143594274
580882.568906,-251.38635276205824,402.6662143594274
580891.61167,-251.38635276205824,402.6662143594274
580901.610086,-251.38635276205824,402.6662143594274
580911.287502,-251.38635276205824,402.6662143594274
580921.289352,-251.38635276205824,402.6662143594274
580931.295472,-251.38635276205824,402.6662143594274
580941.615417,-251.38635276205824,402.6662143594274
580951.611333,-251.38635276205824,402.6662143594274
580961.630234,-251.38635276205824,402.6662143594274
580971.629063,-251.38635276205824,402.6662143594274
580981.696738,-251.38635276205824,402.6662143594274
580991.6146,-251.38635276205824,402.6662143594274
581001.611688,-251.38635276205824,402.6662143594274
581011.471939,-251.38635276205824,402.6662143594274
581021.624667,-251.38635276205824,402.6662143594274
581031.994514,-251.38635276205824,402.6662143594274
581041.300736,-251.38635276205824,402.6662143594274
581051.299822,-251.38635276205824,402.6662143594274
581061.619911,-251.38635276205824,402.6662143594274
581071.615404,-251.38635276205824,402.6662143594274
581081.308568,-251.38635276205824,402.6662143594274
581091.628771,-251.38635276205824,402.6662143594274
581101.611397,-251.38635276205824,402.6662143594274
581111.295296,-251.38635276205824,402.6662143594274
581121.623523,-251.38635276205824,402.6662143594274
581131.636759,-251.38635276205824,402.6662143594274
581141.627211,-251.38635276205824,402.6662143594274
581151.29449,-251.38635276205824,402.6662143594274
581161.628683,-251.38635276205824,402.6662143594274
581171.811282,-251.38635276205824,402.6662143594274
581181.628653,-251.38635276205824,402.6662143594274
581191.628501,-251.38635276205824,402.6662143594274
581201.631238,-251.38635276205824,402.6662143594274
581211.302437,-251.38635276205824,402.6662143594274
581221.62484,-251.38635276205824,402.6662143594274
581231.299,-251.38635276205824,402.6662143594274
581241.30518,-251.38635276205824,402.6662143594274
581251.772927,-251.38635276205824,402.6662143594274
581261.300465,-251.38635276205824,402.6662143594274
581271.629237,-251.38635276205824,402.6662143594274
581283.884762,-251.38635276205824,402.6662143594274
581291.308435,-251.38635276205824,402.6662143594274
581301.302542,-251.38635276205824,402.6662143594274
581311.625515,-251.38635276205824,402.6662143594274
581321.627205,-251.38635276205824,402.6662143594274
581331.300511,-251.38635276205824,402.6662143594274
581341.300717,-248.0138078697544,404.85321464435873
581351.311948,-248.01377510079368,404.8532351142719
581361.628593,-248.01377510079368,404.8532351142719
581371.84895,-248.01377510079368,404.8532351142719
581381.644995,-248.01377510079368,404.8532351142719
581391.679664,-248.01377510079368,404.8532351142719
581401.3046,-248.01377510079368,404.8532351142719
581411.304342,-248.01377510079368,404.8532351142719
581421.304437,-248.01377510079368,404.8532351142719
581431.324921,-248.01377510079368,404.8532351142719
581441.884987,-248.01377510079368,404.8532351142719
581451.626193,-248.01377510079368,404.8532351142719
581461.636984,-248.01377510079368,404.8532351142719
581471.745014,-248.01377510079368,404.8532351142719
581482.402602,-248.01377510079368,404.8532351142719
581491.842549,-248.01377510079368,404.8532351142719
581501.665325,-248.01377510079368,404.8532351142719
581511.657321,-248.01377510079368,404.8532351142719
581521.41145,-248.01377510079368,404.8532351142719
581531.324504,-248.01377510079368,404.8532351142719
581541.344638,-248.01377510079368,404.8532351142719
581551.667751,-248.01377510079368,404.8532351142719
581561.695423,-248.01377510079368,404.8532351142719
581572.020565,-248.01377510079368,404.8532351142719
581581.314886,-248.01377510079368,404.8532351142719
581591.85033,-248.01377510079368,404.8532351142719
581601.441714,-248.01377510079368,404.8532351142719
581611.652818,-248.01377510079368,404.8532351142719
581621.637012,-248.01377510079368,404.8532351142719
581631.634881,-248.01377510079368,404.8532351142719
581641.806178,-248.01377510079368,404.8532351142719
581651.311037,-248.01377510079368,404.8532351142719
581661.631968,-248.01377510079368,404.8532351142719
581674.22095,-248.01377510079368,404.8532351142719
581682.428401,-248.01377510079368,404.8532351142719
581691.648743,-248.01377510079368,404.8532351142719
581701.87829,-248.01377510079368,404.8532351142719
581711.634418,-248.01377510079368,404.8532351142719
581721.32336,-248.01377510079368,404.8532351142719
581731.64785,-248.01377510079368,404.8532351142719
581741.652969,-248.01377510079368,404.8532351142719
581751.642714,-248.01377510079368,404.8532351142719
581761.641108,-248.01377510079368,404.8532351142719
581772.124593,-248.01377510079368,404.8532351142719
581781.645226,-248.01377510079368,404.8532351142719
581791.338242,-248.01377510079368,404.8532351142719
581801.656615,-248.01377510079368,404.8532351142719
581812.152396,-248.01377510079368,404.8532351142719
581821.644787,-248.01377510079368,404.8532351142719
581831.642392,-248.01377510079368,404.8532351142719
581841.855479,-248.01377510079368,404.8532351142719
581851.317469,-248.01377510079368,404.8532351142719
581861.645136,-248.01377510079368,404.8532351142719
581871.666891,-248.01377510079368,404.8532351142719
581881.648456,-248.01377510079368,404.8532351142719
581891.411983,-248.01377510079368,404.8532351142719
581901.316467,-248.01377510079368,404.8532351142719
581911.331342,-248.01377510079368,404.8532351142719
581921.872959,-248.01377510079368,404.8532351142719
581932.114444,-248.01377510079368,404.8532351142719
581941.648884,-248.01377510079368,404.8532351142719
581951.666465,-248.01377510079368,404.8532351142719
581961.645261,-248.01377510079368,404.8532351142719
581973.268896,-248.01377510079368,404.8532351142719
581981.32443,-248.01377510079368,404.8532351142719
581991.6462,-248.01377510079368,404.8532351142719
582001.650384,-248.01377510079368,404.8532351142719
582011.339292,-248.01377510079368,404.8532351142719
582022.259657,-248.01377510079368,404.8532351142719
582031.920558,-248.01377510079368,404.8532351142719
582041.651759,-248.01377510079368,404.8532351142719
582051.642095,-248.01377510079368,404.8532351142719
582061.664628,-248.01377510079368,404.8532351142719
582071.650119,-248.01377510079368,404.8532351142719
582081.33418,-248.01377510079368,404.8532351142719
582091.326679,-248.01377510079368,404.8532351142719
582101.656903,-248.01377510079368,404.8532351142719
582111.335438,-248.01377510079368,404.8532351142719
582121.658136,-248.01377510079368,404.8532351142719
582131.340262,-248.01377510079368,404.8532351142719
582141.897852,-248.01377510079368,404.8532351142719
582151.651525,-248.01377510079368,404.8532351142719
582162.532401,-248.01377510079368,404.8532351142719
582171.652893,-248.01377510079368,404.8532351142719
582181.684953,-248.01377510079368,404.8532351142719
582191.666389,-248.01377510079368,404.8532351142719
582201.660837,-248.01377510079368,404.8532351142719
582211.33425,-248.01377510079368,404.8532351142719
582221.660575,-248.01377510079368,404.8532351142719
582231.654443,-248.01377510079368,404.8532351142719
582241.658714,-248.01377510079368,404.8532351142719
582251.33772,-248.01377510079368,404.8532351142719
582261.654131,-248.01377510079368,404.8532351142719
582272.849455,-248.01377510079368,404.8532351142719
582281.440966,-248.01377510079368,404.8532351142719
582291.657216,-248.01377510079368,404.8532351142719
582301.352869,-248.01377510079368,404.8532351142719
582311.336993,-248.01377510079368,404.8532351142719
582324.501533,-248.01377510079368,404.8532351142719
582332.949694,-248.01377510079368,404.8532351142719
582341.743447,-248.01377510079368,404.8532351142719
582351.651675,-248.01377510079368,404.8532351142719
582361.964968,-248.01377510079368,404.8532351142719
582371.66852,-248.01377510079368,404.8532351142719
582381.353159,-248.01377510079368,404.8532351142719
582391.345634,-248.01377510079368,404.8532351142719
582401.357406,-248.01377510079368,404.8532351142719
582411.336389,-248.01377510079368,404.8532351142719
582421.672833,-248.01377510079368,404.8532351142719
582431.6662,-248.01377510079368,404.8532351142719
582441.68398,-248.01377510079368,404.8532351142719
582451.334556,-248.01377510079368,404.8532351142719
582461.349172,-248.01377510079368,404.8532351142719
582472.5624,-248.01377510079368,404.8532351142719
582481.34228,-248.01377510079368,404.8532351142719
582491.707913,-248.01377510079368,404.8532351142719
582501.427994,-248.01377510079368,404.8532351142719
582511.352302,-248.01377510079368,404.8532351142719
582521.356989,-248.01377510079368,404.8532351142719
582531.340199,-248.01377510079368,404.8532351142719
582541.673065,-248.01377510079368,404.8532351142719
582551.338439,-248.01377510079368,404.8532351142719
582561.698241,-248.01377510079368,404.8532351142719
582571.34442,-248.01377510079368,404.8532351142719
582581.339477,-248.01377510079368,404.8532351142719
582591.664599,-248.01377510079368,404.8532351142719
582601.661577,-248.01377510079368,404.8532351142719
582611.660806,-248.01377510079368,404.8532351142719
582623.081607,-248.01377510079368,404.8532351142719
582631.358454,-248.01377510079368,404.8532351142719
582641.664547,-248.01377510079368,404.8532351142719
582651.390017,-248.01377510079368,404.8532351142719
582661.666139,-248.01377510079368,404.8532351142719
582671.660658,-248.01377510079368,404.8532351142719
582681.672455,-246.36499063793104,404.7002310791196
582691.986785,-246.36499063793104,404.7002310791196
582701.345129,-246.36499063793104,404.7002310791196
582711.6638,-246.36499063793104,404.7002310791196
582721.671446,-246.36499063793104,404.7002310791196
582731.682428,-246.36499063793104,404.7002310791196
582741.670286,-246.36499063793104,404.7002310791196
582751.350173,-246.36499063793104,404.7002310791196
582762.629467,-246.36499063793104,404.7002310791196
582771.354028,-246.36499063793104,404.7002310791196
582782.092961,-243.29560169632543,404.9952379393776
582791.771622,-242.52787201472572,405.1437690848641
582801.95905,-242.52787201472572,405.1437690848641
582811.704924,-242.52787201472572,405.1437690848641
582822.524899,-243.1599791881252,404.9440592529752
582832.099492,-243.1599791881252,404.9440592529752
582841.68609,-243.1599791881252,404.9440592529752
582852.497267,-243.1599791881252,404.9440592529752
582861.362507,-243.1599791881252,404.9440592529752
582871.528488,-243.1599791881252,404.9440592529752
582881.362465,-243.1599791881252,404.9440592529752
582891.357481,-242.88460457026795,405.654666326852
582902.022385,-242.88463032742672,405.6562402875279
582911.355465,-242.88463032742672,405.6562402875279
582922.658929,-242.88463032742672,405.6562402875279
582931.354345,-242.88463032742672,405.6562402875279
582942.001007,-242.88463032742672,405.6562402875279
582951.35363,-242.88463032742672,405.6562402875279
582961.700984,-242.88463032742672,405.6562402875279
582971.700067,-242.88463032742672,405.6562402875279
582981.776623,-242.88463032742672,405.6562402875279
582991.366388,-242.88463032742672,405.6562402875279
583001.354698,-242.88463032742672,405.6562402875279
583012.146415,-242.88463032742672,405.6562402875279
583023.192911,-242.88463032742672,405.6562402875279
583032.255763,-242.88463032742672,405.6562402875279
583042.490081,-243.11719627250784,405.4900899500815
583051.363831,-243.11719627250784,405.4900899500815
583061.684978,-243.11719627250784,405.4900899500815
583071.822583,-243.4401273683949,405.8306280368582
583081.750108,-243.65959242109844,406.2141382199287
583091.964516,-244.96667419924543,406.4446362371405
583102.629556,-245.10849546604544,408.8538365981024
583112.069967,-244.89705180297707,409.9474078683552
583121.714028,-244.272635516424,410.1624041267835
583131.972977,-240.48097394272725,419.1201434793062
583141.780826,-242.87218690517312,421.72871849938247
583151.790979,-243.05332554501425,421.80175048786265
583161.35907,-243.2079550158128,419.72563945718906
583171.693973,-242.3593859989512,419.3120639880456
583181.363471,-243.13180593062745,415.3969079680522
583192.428472,-239.4895756381936,412.9605928304426
583201.797874,-239.34427521145344,413.2154052159424
583211.700381,-238.7347349751847,411.8876629003617
583222.483914,-238.71032077866815,410.0987272075438
583232.156756,-238.63011376204943,409.8949563267067
583243.53027,-237.57007193100577,409.13542685341673
583251.83667,-236.6900710918643,409.16890225605846
583261.364697,-236.6577048690309,409.40103535602816
583271.976612,-236.76283870991367,409.3739757286577
583281.73553,-236.76283870991367,409.3739757286577
583291.696841,-236.8317417078832,409.23885960909394
583301.373602,-236.8317417078832,409.23885960909394
583311.781134,-236.8317417078832,409.23885960909394
583321.382242,-236.8317417078832,409.23885960909394
583332.221314,-240.5349985421346,456.60307306486345
583341.706087,-240.5349985421346,456.60307306486345
583353.139304,-240.5349985421346,456.60307306486345
583363.430179,-240.5349985421346,456.60307306486345
583373.130506,-240.5349985421346,456.60307306486345
583381.365302,-240.5349985421346,456.60307306486345
583391.369722,-240.5349985421346,456.60307306486345
583401.766471,-240.5349985421346,456.60307306486345
583411.688534,-240.5349985421346,456.60307306486345
583421.696446,-240.5349985421346,456.60307306486345
583431.690045,-240.5349985421346,456.60307306486345
583441.60894,-240.5349985421346,456.60307306486345
583451.70364,-240.5349985421346,456.60307306486345
583462.24286,-240.5349985421346,456.60307306486345
583473.640888,-240.46637563624188,454.7821684824119
583481.400236,-240.46637563624188,454.7821684824119
583491.445596,-240.46637563624188,454.7821684824119
583501.455403,-240.46637563624188,454.7821684824119
583511.807288,-240.46637563624188,454.7821684824119
583521.69934,-240.46637563624188,454.7821684824119
583531.691868,-240.46637563624188,454.7821684824119
583543.314194,-240.46637563624188,454.7821684824119
583551.789682,-240.46637563624188,454.7821684824119
583561.719341,-240.46637563624188,454.7821684824119
583572.099448,-240.46637563624188,454.7821684824119
583581.691371,-240.46637563624188,454.7821684824119
583591.924409,-240.46637563624188,454.7821684824119
583601.380766,-240.46637563624188,454.7821684824119
583611.382767,-240.46637563624188,454.7821684824119
583621.715471,-240.46637563624188,454.7821684824119
583631.793018,-240.46637563624188,454.7821684824119
583643.542565,-240.46637563624188,454.7821684824119
583651.800872,-240.46637563624188,454.7821684824119
583662.720711,-240.46637563624188,454.7821684824119
583671.377233,-240.46637563624188,454.7821684824119
583681.944414,-240.46637563624188,454.7821684824119
583691.395046,-240.46637563624188,454.7821684824119
583701.836651,-240.46637563624188,454.7821684824119
583712.045053,-240.46637563624188,454.7821684824119
583721.387324,-240.46637563624188,454.7821684824119
583731.372753,-240.46637563624188,454.7821684824119
583741.393625,-240.46637563624188,454.7821684824119
583752.341047,-240.46637563624188,454.7821684824119
583761.620479,-240.46637563624188,454.7821684824119
583771.380317,-240.46637563624188,454.7821684824119
583781.380267,-240.46637563624188,454.7821684824119
583791.977123,-240.46637563624188,454.7821684824119
583801.784544,-240.46637563624188,454.7821684824119
583811.482593,-240.46637563624188,454.7821684824119
583822.341934,-240.46637563624188,454.7821684824119
583831.817116,-240.46637563624188,454.7821684824119
583841.996703,-240.46637563624188,454.7821684824119
583851.708837,-240.46637563624188,454.7821684824119
583863.268383,-240.46637563624188,454.7821684824119
583871.447327,-240.46637563624188,454.7821684824119
583883.252743,-240.71081194939413,452.0856488867934
583891.706855,-233.4636163005779,450.6359285434685
583902.09032,-222.92831976220555,443.7991535081829
583911.713836,-222.92831976220555,443.7991535081829
583922.47449,-222.92831976220555,443.7991535081829
583931.395426,-221.9350940803961,439.6373438942997
583941.714154,-221.38067307914028,434.9528064231045
583951.715557,-221.7915039539064,432.8285681059433
583961.709077,-224.9667486410601,433.739083279902
583971.713953,-225.47585243114256,435.36284738759656
583981.399399,-225.264104810896,436.6027303072608
583991.402612,-224.68665659691573,434.9857224271896
584001.467006,-223.8076431413585,432.654443010597
584012.091049,-223.26034023013128,431.9982391295698
584021.497023,-223.3102207893924,432.8022022500333
584025.596398,-223.3102207893924,432.8022022500333
584031.476785,-223.57767166074868,432.3439519373919
584041.438484,-222.92986792723204,431.1949616113815
584051.71795,-229.35998149690263,433.6366930496957
584061.726202,-261.0785173816878,445.9065271336928
584071.728439,-291.0542443246763,410.3284298665185
584081.752408,-294.9508385946604,402.3286815664003
584091.718091,-296.6727542872686,400.7978401422306
584101.390969,-296.4693586669217,399.8839715679974
584111.727687,-296.1535970094259,399.80596404998977
584122.122151,-296.98754937281564,394.550850991776
584131.721726,-291.0975137957323,376.1452995433584
584143.540342,-231.2043313524535,334.97170414318344
584151.923384,-212.8247893759164,315.20519848120745
584161.428342,-250.91269316099857,304.5287783007857
584171.844447,-317.4050967105512,289.8571835473842
584181.571429,-352.83378863772833,280.6243192269933
584191.405431,-366.4984544903473,278.17582632732604
584201.719038,-366.4984544903473,278.17582632732604
584211.726028,-366.4984544903473,278.17582632732604
584221.401591,-366.4984544903473,278.17582632732604
584224.540236,-223.3102207893924,432.8022022500333
584232.015123,-366.4984544903473,278.17582632732604
584241.442847,-387.3814294080661,273.8769444064446
584251.73408,-436.0206435448413,263.885943300711
584261.901467,-441.9409930558767,261.9410638858062
584271.82336,-441.9400822382864,233.5445191363916
584281.728284,-441.9400822382864,233.5445191363916
584291.712548,-441.9400822382864,233.5445191363916
584301.429015,-441.9400822382864,233.5445191363916
584311.401514,-164.3147761288619,-83.46330731852544
584321.425192,-155.01690571315328,-90.9262761285998
584331.715977,-155.01690571315328,-90.9262761285998
584341.965837,-155.01690571315328,-90.9262761285998
584351.504569,-131.5425125031292,-116.4494206674401
584361.412485,-92.98446962201176,-111.85356902557056
584371.726806,-50.81300509368632,-74.64698072114335
584381.748993,-6.39425771591111,-35.42932383026377
584393.447948,27.4441308933722,-63.69579264341776
584401.737465,47.59350678772896,-89.20916186672422
584439.157847,-223.3102207893924,432.8022022500333
596260.176429,-829.2645160564114,-212.22632436162223
596268.635157,-833.9603243581286,-205.87052922611844
596278.140086,-841.7339026228876,-192.75797748480667
596288.232457,-853.2650003359772,-165.5998073094248
596298.114938,-864.9862974565499,-125.67267098207913
596308.119467,-873.1076219318365,-99.46054814590892
596319.53553,-883.3787583916711,-74.24054315028984
596327.844023,-905.7835829160648,7.502996646185
596337.84389,-917.5706017383436,47.11377533310709
596347.833695,-919.1313466055932,52.45550669881501
596361.201872,-919.1313466055932,52.45550669881501
596367.797103,-919.1313466055932,52.45550669881501
596377.835495,-925.6453576483476,80.3050786866297
596387.804418,-937.3668368324968,112.00708989797154
596397.811084,-943.4644577551322,131.3744287552924
596413.324784,-945.0089627482208,164.0766256090636
596417.81181,-935.1929899716472,170.78318465673223
596428.258902,-891.6152658383021,185.68395765936256
596438.323005,-877.9460866470299,192.15548215146288
596447.812888,-795.9680683700498,228.81279358629928
596458.120768,-742.7488154587055,245.61659143431925
596467.832419,-670.8210063082647,268.49653142234195
596478.539012,-657.7840276726711,278.0055112669289
596488.320857,-657.7840276726711,278.0055112669289
596497.847963,-657.7840276726711,278.0055112669289
596507.798703,-622.6953595554818,287.9344981378456
596518.137742,-571.8380268364148,301.03836321135094
596528.146849,-558.8697027930249,303.3050697017478
596538.233821,-524.827451558703,309.50159634283136
596547.812011,-520.501447490953,305.8297107252677
596557.839917,-520.501447490953,305.8297107252677
596567.8007,-520.501447490953,305.8297107252677
596579.120007,-511.7764861267067,307.05837430206566
596587.896286,-473.7612777928081,285.3235390210115
596597.876243,-425.2287328533831,220.95232398433757
596611.845604,-425.2287328533831,220.95232398433757
596618.191722,-425.2287328533831,220.95232398433757
596627.857953,-167.25757549121371,-69.71882295160381
596637.935402,-132.60224002942712,-110.48795857932453
596649.659849,-132.60224002942712,-110.48795857932453
596658.1281,-132.60224002942712,-110.48795857932453
596668.479052,-126.9940383865315,-117.27874138604513
596681.505191,-132.31727205000684,-137.2746778134642
596687.869013,-192.4893792503393,-192.85546242813223
599939.989057,-177.70447624438032,-185.36337086205447
599950.678658,-152.73232980594912,-161.726480370787
599960.020163,-152.73232980594912,-161.726480370787
599969.941028,-121.0048917580394,-140.31107280590388
599980.24108,-71.80023942048875,-95.75779371651926
599991.602405,-25.546511908136733,-49.830706306783696
600000.353335,37.30296998560741,11.696236799333434
602127.294965,-121.01447833182463,727.6309160661501
602137.270623,-87.18459093043182,670.4631883643261
602147.089281,-20.02817896907957,626.2589435605546
602157.984281,47.3523087424022,600.885640057679
667153.596949,9.746955121082518,-3.739037728555293
667163.659502,-10.366788617212242,-20.99503411190025
667173.296648,-15.623693782434907,-25.937748202749848
667183.17609,-53.925344671367625,-62.13436086067084
667193.647126,-70.53540633848627,-75.97088578150704
667203.499693,-70.53540633848627,-75.97088578150704
667214.639053,-93.5495522244718,-87.01835550384205
667223.641513,-151.02223496663632,-96.89149801939526
667233.983671,-215.12221492736543,-23.966930479069298
667243.183456,-215.12221492736543,-23.966930479069298
667253.184189,-215.12221492736543,-23.966930479069298
667264.344406,-467.0124774683477,262.3379841206409
667274.750537,-492.4531922092748,294.3583781872705
667283.788213,-492.4531922092748,294.3583781872705
667293.189936,-492.4531922092748,294.3583781872705
667303.960168,-492.4531922092748,294.3583781872705
667314.977981,-492.4531922092748,294.3583781872705
667323.964231,-499.2555068864028,305.59296106878816
667334.73784,-536.0891451463406,348.12952182006705
667343.539031,-571.1763025058303,388.8678719036084
667354.085358,-618.9510871660068,438.3416624979532
667363.579295,-640.4540679744044,468.2972256155024
667373.550373,-661.5731661829211,499.6407768405903
667383.191833,-700.5211431874593,540.9921534544832
667393.858609,-721.5327160067235,554.40412038634
667403.568904,-742.6233200088056,563.6828876240138
667414.899913,-779.2255896360778,629.637757553173
667423.523893,-805.5113039666754,638.0064660231529
667433.587112,-820.9455535033825,626.2859962556284
667444.485696,-893.0373681352482,595.497070828602
667453.248523,-955.7211217257658,560.2699809137612
671954.920308,-1022.4419984056988,379.95268462204206
671965.197924,-1019.9696606614716,372.2407169877747
671974.866793,-997.8647703027776,309.9149967250076
671987.291613,-970.753547757384,214.9529432853534
672003.350979,-953.3513282611628,173.90624295233204
672004.881556,-893.4371360653387,180.8369968603984
672016.012144,-803.3967562272954,220.9542657791318
672025.197317,-727.5136607640154,248.79629167220887
672035.402037,-688.2713807485974,264.9733354322732
672045.211356,-646.5797123405335,272.57382015492817
672054.89156,-587.8556077335646,288.5719581175052
672065.203617,-517.3817158240321,311.1842482863421
672075.049287,-437.6162946420397,342.445196092953
672085.059371,-382.9008442042487,358.95263822312154
672095.299386,-367.254685149326,366.7867971042067
672105.197538,-325.45025339343545,381.9154592226804
672114.876889,-302.81779879861097,387.01810118781583
672125.263267,-267.27200426167,396.2612083030996
672137.026979,-192.7990246399869,432.7050780140274
672144.871963,-144.68449970939616,452.5838431172745
672156.019367,-144.68449970939616,452.5838431172745
672166.761305,-144.68449970939616,452.5838431172745
672175.207713,-130.40151005239343,453.87324216456034
672185.10932,-66.40076822278074,484.8817758322441
672195.125808,12.305510198510673,524.5975096671493
676125.092399,-1.1903623662465628,614.4643639861508
676135.004445,-19.353805789615883,622.806451383926
676146.23936,-51.51765586325019,639.8842601737376
676156.344719,-133.81180466098672,772.1073217185357
676385.341092,-492.297629018399,743.7603385783052
676401.553073,-495.389031084846,668.7564797459493
676405.048777,-493.55348734021374,623.0170337352984
676415.384675,-493.932293248966,592.9708066114819
676425.058111,-490.5935649616527,527.3322560253902
676437.737064,-475.3958734814568,507.7333238130665
676445.456925,-438.4382426652856,469.1434125162343
676457.988259,-429.9482303993335,392.9961439393378
676467.950052,-426.271271682807,363.3006019859231
676475.363753,-431.328484374268,353.66114756441726
676485.344845,-490.8095631438791,328.813299712051
676495.591866,-563.4571246015652,303.1420578114504
676505.02979,-648.1161524889537,273.66707494830047
676515.346384,-768.1272239295696,231.4920294945764
676525.60173,-832.3135550928945,207.8812203672549
676535.027906,-860.9816383607355,209.33946450687813
676545.615388,-865.942836673329,217.87418913274345
676556.161337,-865.942836673329,217.87418913274345
676565.374217,-867.168426075074,226.8791376311925
676575.374519,-876.1038011805975,241.71955000561417
676585.693883,-885.8809374995212,240.75419129922275
676599.186108,-895.168390947494,237.2959408108641
676621.764792,-956.8821708475202,210.49469717745
676621.765448,-956.8821708475202,210.49469717745
676622.679165,-964.0806883819836,207.3999858159604
676622.679757,-964.0806883819836,207.3999858159604
676624.293713,-964.0806883819836,207.3999858159604
676641.133651,-966.2448565355623,205.80299198177624
676644.235254,-959.4756737195572,156.2885336231787
676654.206241,-945.7896835873396,109.57943083715544
676664.344066,-924.2627936182248,44.459709469776776
676674.286416,-919.2428446181758,31.49978571243222
676685.547683,-910.9731695917196,8.121896754816495
676714.411649,-866.2016244092582,-141.53567141984405
676714.412253,-866.2016244092582,-141.53567141984405
676715.398579,-866.2016244092582,-141.53567141984405
681314.936184,-1010.8690379470702,533.6187435957709
681326.54061,-993.4978399882142,541.2300082923819
681335.126236,-974.8438333824172,553.6280974552055
681345.494619,-966.7931241921063,555.2552809037672
681375.396496,-845.6632929894457,618.0459478550966
681375.397137,-845.6632929894457,618.0459478550966
681376.633709,-845.6632929894457,618.0459478550966
681386.960636,-845.6632929894457,618.0459478550966
681398.192111,-826.5187322728773,626.9663835804255
681407.029286,-815.9396137796466,633.68781788024
681416.681382,-815.9396137796466,633.68781788024
681426.616117,-806.5025163191126,646.3242387111956
681436.616868,-807.1916319076988,660.2363761991262
681447.422076,-807.1916319076988,660.2363761991262
681457.043139,-815.9799285600542,667.0651984576924
681466.933454,-847.9841918688078,696.6028581756128
681476.624925,-871.0436871122336,732.7517551461988
681486.684674,-895.6367725145143,757.5977006634016
685105.620328,-11.2770429655368,-29.525977083381814
685111.118324,-74.67963612294791,-77.61890998121062
685121.562038,-135.24584377111924,-104.59262027281632
685132.299944,-199.76470463365055,-40.70778511736144
685142.391655,-199.76470463365055,-40.70778511736144
685151.580924,-199.76470463365055,-40.70778511736144
685161.120292,-472.9576046294217,281.4795858079083
685171.11675,-526.9944168101246,339.23795866446864
685181.59122,-555.7959607119134,373.0415922245495
685191.118497,-584.0164307017142,409.6527651539113
685201.124471,-616.9893430206982,442.3105123035349
685211.444118,-687.9665879024494,532.5297263073844
685221.540143,-729.348715412596,553.996002080402
685232.932928,-758.3965251018176,597.2272583889608
685241.962588,-786.6257586064999,638.8833568194299
685251.608498,-792.0170346456164,643.7682937886716
685261.124927,-803.0791109488036,636.0729105979204
685271.593981,-843.3313136737086,619.6026477697819
685281.158333,-867.2552105394865,603.6080309139547
685291.469713,-894.3304191737308,582.5617873662628
685301.120169,-934.6493089228162,570.5380156150071
685311.1503,-965.7090068595272,563.253709910593
685332.009099,-983.6379581302232,547.1197585091996
685332.313879,-1013.5946050446962,534.6454735900339
685332.314569,-1013.5946050446962,534.6454735900339
685333.532017,-1013.5946050446962,534.6454735900339
690446.149661,-120.44927206376128,738.265930322562
753007.680377,15.41339884144785,-7.307136799744334
753018.644829,-1.1481630017991529,-19.375623030498108
753028.063702,-1.1481630017991529,-19.375623030498108
753037.705067,-31.36114964754664,-43.46832218398397
753047.987252,-98.182383380565,-100.52745619134954
753057.708091,-180.2858616881171,-50.2438079512141
753067.682894,-205.94354683820944,-19.87739227779327
753078.006213,-205.94354683820944,-19.87739227779327
753087.672052,-465.0106407714939,285.19608089988657
753098.027864,-444.8801757669982,339.4622872080894
753107.677663,-361.6349773572933,374.4013193047941
753118.009185,-253.25616090646537,408.4254751970647
753127.788003,-237.22247713318637,448.7103204035436
753138.033694,-239.32119049337197,449.70917346881873
753149.157078,-239.32119049337197,449.70917346881873
753157.974195,-270.5910088113287,442.11012259292136
753168.299107,-290.9010615918098,397.817546236603
753177.688982,-265.6362576261317,394.283142990018
753188.009672,-229.51782099731963,431.7728974271342
753198.002333,-240.35946693638147,449.8881339076022
753207.690387,-240.35946693638147,449.8881339076022
753218.016874,-240.35946693638147,449.8881339076022
753227.69614,-257.12712849571113,444.5890552802407
753237.995962,-299.3184492335611,408.2157923837557
753248.094863,-312.3762509350553,394.9010589393872
753258.005265,-370.2394894440104,368.4146870882553
753268.003025,-459.2836540720807,338.65901734745245
753278.685592,-466.6566443455876,336.98575209636687
753288.940971,-466.6566443455876,336.98575209636687
753297.824351,-474.2064032463246,337.4931088383465
753308.442948,-513.6738792463555,328.3379713032663
753318.040997,-543.5843376343853,369.7615017289757
753328.010424,-572.4995236845891,416.44772997448587
753337.684916,-592.2773734641034,436.4153417514436
753348.498233,-618.7138063839636,483.4994954621088
753358.10994,-680.5242174157066,549.707958355054
753368.937225,-726.349573953526,555.5815295295146
753378.011528,-755.4074238041773,610.7133512616044
753388.121546,-789.2856503968403,651.602225661989
753398.179613,-813.60554260307,642.8417579649025
753407.712525,-850.8319361655997,627.1202298921974
753417.681238,-913.3346898301356,596.1823912906019
753428.0759,-980.360063793206,558.111593496976
753438.005453,-1011.9141731889342,536.8633936304608
755381.847941,-1010.5923249477185,339.91806613659696
755387.796742,-1004.6465665915348,301.25527437054933
755400.081306,-1004.6465665915348,301.25527437054933
755407.745439,-994.7516606747208,268.96173303056827
755419.992529,-966.9509707952242,187.43122675928285
755427.917593,-921.8688684550864,57.47049843802949
755437.760245,-890.7078239041872,-40.36936257792403
755448.38073,-863.7769018664438,-130.06141349974138
755674.6004,-838.7389643286567,-219.67442583236956
755682.929335,-861.8423312243452,-140.39904285565817
755692.902211,-880.6293667130071,-79.8143777387785
755702.46914,-902.5657094056862,6.733220458458967
755712.475567,-934.4979992232944,109.8725615310573
755722.491179,-941.8271479219052,161.4817558880905
755732.500969,-884.5331438326066,188.5607477879016
755742.846496,-817.7894753135505,216.2471837075113
755752.4719,-740.4417274340907,239.92098600398427
755763.028947,-660.3990502807078,266.6662286850882
755772.485444,-652.4512572371743,269.7347446916412
755782.796499,-652.4512572371743,269.7347446916412
755792.793512,-647.5722489357802,272.42928174443176
755802.797508,-562.1149323739854,305.5579283613153
755812.813687,-532.1814077089008,313.9053600922725
755822.801508,-532.1814077089008,313.9053600922725
755832.475263,-532.1814077089008,313.9053600922725
755842.875688,-532.1814077089008,313.9053600922725
755853.741168,-522.1545643502565,314.51220544372165
755862.862315,-424.629659231121,348.98192978033984
755872.512423,-332.5677103066331,383.12729346369713
755882.806557,-259.2313927536559,404.9926324153785
755892.508859,-240.3488482111594,457.55519654093655
755902.500046,-240.3488482111594,457.55519654093655
755912.810403,-240.3488482111594,457.55519654093655
755922.81872,-240.3488482111594,457.55519654093655
755932.808689,-265.911166118268,499.60215135145984
755942.814325,-302.7382447215518,566.0668019217597
755952.48161,-248.1026605206637,644.5793537202798
755962.487783,-216.76758322925653,660.2489546970669
755973.352985,-146.23128700630733,689.4713713530123
759332.990736,-131.24520647821504,759.7582362921435
759342.910838,-129.21393734553823,756.2218118987582
759353.588954,-124.67501293448746,737.6951348230508
759362.970471,-179.64166452253218,685.3423963413127
759372.60545,-295.098673905964,627.8546200776893
759382.669664,-304.3203983965233,553.6481859689808
759404.596793,-272.046842070377,509.9567040532527
759404.600507,-272.046842070377,509.9567040532527
759405.014811,-272.046842070377,509.9567040532527
759405.015471,-272.046842070377,509.9567040532527
759406.572385,-269.7342391258096,499.4488910390076
759417.355256,-250.62224022015127,454.8415935479902
759427.579003,-306.52651199078434,398.6413955945212
759436.868404,-387.468454266762,362.0796193305698
759446.562189,-448.2308789364464,342.76128053367694
759456.874852,-456.5135940934642,339.4627776098773
759466.556712,-456.5135940934642,339.4627776098773
759476.583236,-483.47919690404296,329.31555899237446
759487.351876,-528.3001966004897,313.8182700431624
759497.029565,-562.514824559331,302.2283105348158
759506.620795,-562.514824559331,302.2283105348158
759516.737535,-599.0852322573885,286.5080820696833
759527.240353,-623.5837187335687,279.4412407989313
759536.66186,-623.5837187335687,279.4412407989313
759547.295778,-623.5837187335687,279.4412407989313
759556.892274,-688.4621100446418,251.18097291451235
759566.887581,-742.7898533301569,238.83212180940296
759576.885785,-828.9394599995575,212.93205851929423
759587.274559,-864.1605515303243,215.48514833090664
759596.897812,-868.622658349741,237.84907035633825
759610.452434,-896.1500286667413,240.81928525047687
759618.026704,-925.2314894518902,227.0500833081214
759626.56424,-949.6957157472476,214.41718142396587
759638.845689,-968.6691521348812,211.29610130997008
759646.570338,-985.867067540904,254.44547838444404
759657.046735,-989.3234713917705,268.0449097812336
759667.073232,-989.3234713917705,268.0449097812336
764165.583532,-843.6054873990474,-213.45855522412268
764175.001774,-857.8843402600957,-157.1550697883887
764184.928197,-862.8542998154601,-133.54695364973637
764194.899463,-886.4349830634601,-76.51730817848669
764205.211963,-887.8474317800292,-54.14837523593682
764216.037403,-887.8474317800292,-54.14837523593682
764225.227388,-898.2747562306683,-24.31023725580386
764235.269021,-904.6641666680628,18.700793136964496
764244.891401,-910.0138590128972,35.10720166980085
764255.488862,-918.4437249462484,72.35698310907837
764265.843186,-935.003494262241,117.33147605148304
764275.062023,-944.2720654400778,142.2059717067181
764285.202206,-918.33461046213,174.10090752697636
764294.887099,-907.2540644995678,174.67139267581342
764305.724968,-907.2540644995678,174.67139267581342
764314.899769,-907.2540644995678,174.67139267581342
764326.773525,-907.2540644995678,174.67139267581342
764335.761799,-907.2540644995678,174.67139267581342
764346.069648,-907.2540644995678,174.67139267581342
764355.225461,-905.0243639275218,176.17724917274143
764364.907015,-892.6051244815877,185.97483225117895
764375.213145,-890.9786801652093,187.10660893797385
764384.884413,-856.1580310994171,201.7905451716299
764394.885303,-819.3707328729853,216.7161110561072
764406.352278,-779.6704193387956,230.67446411815035
764415.58274,-754.1135926415922,238.4429116647436
764425.746531,-681.7829203623659,260.59031494790514
764435.066299,-579.699386872454,294.9415374216583
764445.888573,-530.6989641202313,310.18870375700834
764455.605573,-530.6989641202313,310.18870375700834
764466.023534,-530.6989641202313,310.18870375700834
764474.924918,-530.6989641202313,310.18870375700834
764485.968341,-530.6989641202313,310.18870375700834
764495.216026,-530.6989641202313,310.18870375700834
764505.217249,-473.0142356177234,333.6297604007568
764517.145811,-377.48845104660535,368.785448294886
764524.904193,-321.4797415467686,386.3220848631549
764535.814637,-321.4797415467686,386.3220848631549
764545.627987,-321.4797415467686,386.3220848631549
764555.007882,-321.4797415467686,386.3220848631549
764564.895244,-310.9860483841637,387.1842907512299
764574.043678,-296.54845738928327,387.7451331704466
764574.899145,-296.54845738928327,387.7451331704466
764586.970658,-286.9506010739444,386.23076863643007
764587.658452,-286.9506010739444,386.23076863643007
764607.978079,-286.9506010739444,386.23076863643007
764607.979623,-286.9506010739444,386.23076863643007
764609.7084,-286.9506010739444,386.23076863643007
764614.287669,-286.9506010739444,386.23076863643007
764619.682817,-286.9506010739444,386.23076863643007
764631.427653,-286.9506010739444,386.23076863643007
764639.71358,-286.9506010739444,386.23076863643007
764650.020723,-286.9506010739444,386.23076863643007
764659.686061,-286.9506010739444,386.23076863643007
764670.20569,-286.9506010739444,386.23076863643007
764680.377634,-286.9506010739444,386.23076863643007
764689.948069,-286.9506010739444,386.23076863643007
764699.690501,-286.9506010739444,386.23076863643007
764710.643808,-286.9506010739444,386.23076863643007
764720.711579,-286.9506010739444,386.23076863643007
764732.974767,-286.9506010739444,386.23076863643007
764740.910781,-286.9506010739444,386.23076863643007
764750.476431,-286.9506010739444,386.23076863643007
764759.712442,-286.9506010739444,386.23076863643007
764770.18155,-286.9506010739444,386.23076863643007
764780.540633,-286.9506010739444,386.23076863643007
764790.350403,-286.9506010739444,386.23076863643007
764799.869296,-286.9506010739444,386.23076863643007
764811.33659,-286.9506010739444,386.23076863643007
764820.947818,-282.8354280894903,385.9756646893883
764830.341664,-282.8354280894903,385.9756646893883
764841.387375,-282.8354280894903,385.9756646893883
764850.509761,-282.8354280894903,385.9756646893883
764859.740004,-282.8354280894903,385.9756646893883
764869.699988,-277.07621462221965,388.224541787682
764879.809983,-277.0761668753692,388.224559426516
764892.545106,-277.0761668753692,388.224559426516
764899.694682,-277.0761668753692,388.224559426516
764909.923803,-277.0761668753692,388.224559426516
764919.757552,-277.0761668753692,388.224559426516
764933.714287,-277.0761668753692,388.224559426516
764940.601918,-277.0761668753692,388.224559426516
764950.792492,-277.0761668753692,388.224559426516
764959.700242,-277.0761668753692,388.224559426516
764969.701799,-277.0761668753692,388.224559426516
764979.757749,-277.0761668753692,388.224559426516
764992.451472,-277.0761668753692,388.224559426516
764999.707856,-277.0761668753692,388.224559426516
765011.623956,-277.0761668753692,388.224559426516
765021.299551,-277.0761668753692,388.224559426516
765031.097181,-277.004309352788,389.2449654361628
765039.738368,-277.00441407404907,389.2565154749784
765050.696259,-277.00441407404907,389.2565154749784
765063.873047,-277.0041838698479,389.98457751419375
765075.203707,-277.0041838698479,389.98457751419375
765079.748908,-277.0041838698479,389.98457751419375
765091.641277,-276.6932451894684,390.7865336764716
765099.774461,-276.6932451894684,390.7865336764716
765109.709,-276.6932451894684,390.7865336764716
765119.718309,-276.6932451894684,390.7865336764716
765131.512181,-276.6932451894684,390.7865336764716
765143.003688,-276.68096081582826,391.1292895291634
765154.190152,-276.6809606166872,391.1293263822855
765154.190846,-276.6809606166872,391.1293263822855
765155.417578,-276.6809606166872,391.1293263822855
765169.121225,-276.5490029783717,391.5265195226272
765181.588646,-276.35753090826864,392.3622249012002
765185.424555,-276.35753090826864,392.3622249012002
765195.436496,-276.35753090826864,392.3622249012002
765205.424018,-276.35753090826864,392.3622249012002
765216.038312,-276.3949136599923,393.8320716176437
765228.574369,-276.3949136599923,393.8320716176437
765236.36045,-275.97443540340805,393.45712774506
765245.419381,-275.8643859956868,393.6610289306811
765255.426958,-275.44141118322625,394.67490880519273
765265.437274,-269.4299828718484,398.446071142295
765275.844844,-269.394901921132,398.0336409539142
765285.432248,-269.39490166391414,398.03365941546014
765295.456779,-269.39490166391414,398.03365941546014
765306.362021,-269.4657344286334,397.8568260193688
765316.070327,-269.4657344286334,397.8568260193688
765326.10749,-269.41586678097275,398.1007150472297
765340.920071,-269.41586678097275,398.1007150472297
765345.447713,-269.41586678097275,398.1007150472297
765355.768608,-269.44173603850766,398.8320708320037
765365.430092,-265.92454050556364,399.31604280368526
765376.020026,-265.2339581215625,400.2548975017464
765385.745592,-263.3366876377575,404.6216692911322
765395.866958,-263.39424065409366,404.7353559583557
765406.986154,-263.3987199016843,404.8514651802466
765415.76019,-263.04367087688325,405.0816205751495
765425.775385,-255.3930804409753,408.1568903585405
765436.918589,-255.39308044922987,408.1568903585405
765446.176188,-256.361588060446,408.6954841379479
765455.888875,-256.36158861644924,408.6954842167552
765465.43501,-256.36158861644924,408.6954842167552
765477.209568,-256.36158861644924,408.6954842167552
765485.444919,-256.36158861644924,408.6954842167552
765497.047786,-256.36158861644924,408.6954842167552
765510.544089,-256.36158861644924,408.6954842167552
765516.317472,-256.36158861644924,408.6954842167552
765525.427827,-256.35076529486605,408.73598201975256
765537.35461,-256.3507652866114,408.73598201975256
765548.538192,-257.04111069517865,408.3308501500775
765557.312432,-257.0388929367405,406.8071909448465
765565.980394,-257.0388929367405,406.8071909338912
765575.669178,-257.0388929367405,406.8071909338912
765585.45108,-257.0388929367405,406.8071909338912
765596.10162,-257.15446102916934,406.50705261779785
765605.437359,-257.15446102916934,406.50705261779785
765616.683325,-257.15446102916934,406.50705261779785
765625.860468,-257.26709366574124,407.2611048543558
765636.040082,-257.4774336317526,406.4700859189698
765645.859675,-257.4774336317526,406.4700859189698
765655.87959,-257.4387564940635,407.39585418270167
765665.446564,-257.4387564940635,407.39585418270167
765675.441346,-257.4387564940635,407.39585418270167
765687.181141,-257.1036191254532,407.3480625759044
765696.029175,-257.1036190673765,407.3480628420148
765705.437016,-257.1036190673765,407.3480628420148
765715.762323,-257.1036190673765,407.3480628420148
765726.175977,-257.1036190673765,407.3480628420148
765736.382836,-257.1036190673765,407.3480628420148
765746.633648,-257.1036190673765,407.3480628420148
765755.439463,-257.1036190673765,407.3480628420148
765765.442123,-257.19487235726695,408.19761608034986
765777.741371,-257.19487235726695,408.19761608034986
765788.01395,-257.19487235726695,408.19761608034986
765798.189494,-257.19487235726695,408.19761608034986
765807.865804,-257.19487235726695,408.19761608034986
765820.804073,-257.19487235726695,408.19761608034986
765825.629873,-257.19487235726695,408.19761608034986
765835.440843,-257.19487235726695,408.19761608034986
765845.768537,-257.19487235726695,408.19761608034986
765855.447039,-257.19487235726695,408.19761608034986
765866.276745,-257.19487235726695,408.19761608034986
765875.45607,-255.6312070506224,409.416019690828
765887.738325,-247.35773270186093,414.60523573465673
765895.562994,-244.89010007200284,414.3868648126958
765905.468431,-244.89010007200284,414.3868648126958
765916.806524,-245.5683061648186,415.0980327204357
765928.150783,-243.37566608617783,417.1533349385957
765935.454191,-239.52675609200892,447.7048640111808
765946.156566,-244.50865329591932,451.6089238613945
765946.165358,-244.50865329591932,451.6089238613945
765955.560636,-244.50865329591932,451.6089238613945
765965.45604,-244.50865329591932,451.6089238613945
765975.446733,-270.0058366343872,437.8607458149627
765985.78418,-273.56520497788136,432.078370293
765995.782435,-273.56520497788136,432.078370293
766005.800936,-273.56520497788136,432.078370293
766015.647778,-273.56520497788136,432.078370293
766025.770427,-277.4834240923211,425.5178357790146
766036.049956,-292.76191879193897,398.0169741004697
766045.595574,-282.67196058606817,372.57450743680414
766055.785497,-257.39742339502334,351.55126224229576
766066.164858,-209.4814321843191,313.74119260227263
766075.580157,-169.17820269487618,281.4377401165592
766085.455374,-144.86761051066296,266.0677584402059
766095.455471,-143.67561778752247,265.21676390646945
766110.778579,-143.67561778752247,265.21676390646945
766115.44699,-143.67561778752247,265.21676390646945
766132.207507,-143.67561778752247,265.21676390646945
766136.126515,-143.67561778752247,265.21676390646945
766146.402362,-143.67561778752247,265.21676390646945
766155.547348,-117.66510268104729,243.8712531182326
766168.421719,-106.60342497358788,235.1886877674008
766178.067329,-106.60342497358788,235.1886877674008
766185.476616,-106.60342497358788,235.1886877674008
766195.929015,-106.60342497358788,235.1886877674008
766205.796951,-106.60342497358788,235.1886877674008
766215.869698,-106.60342497358788,235.1886877674008
766225.545969,-103.76926359716184,201.7889897843428
766235.779076,-167.47296604148215,144.36008327529763
766245.458032,-219.2150063780756,92.98061312315082
766256.065671,-294.9777171340936,21.58541809306114
766265.458918,-345.00506373495784,-25.411009379390176
766275.778233,-405.6949393701674,-92.5214018381528
766285.920923,-418.55563267305166,-212.34814183763245
839148.945046,11.085022187581648,-16.561810047173733
839159.020105,1.654371805810802,-23.29390662752078
839167.996691,-31.29001770547076,-47.70019266121584
839178.334261,-100.4771360761497,-102.8802491817282
839188.189635,-190.8942583226892,-48.51326565513603
839197.990131,-190.8942583226892,-48.51326565513603
839207.990068,-190.8942583226892,-48.51326565513603
839218.319686,-464.4021152028681,267.8055233801017
839227.991183,-446.9178177338407,327.9472488118541
839238.319737,-383.81138510012113,361.7595766179195
839248.017024,-291.09673460173354,391.8216310840007
839258.311046,-247.8146149981455,406.110676254604
839267.992047,-247.8146149981455,406.110676254604
839278.314583,-247.8146149981455,406.110676254604
839287.999946,-247.8146149981455,406.110676254604
839298.343523,-243.33126777483912,408.0801446547685
839299.17166,-243.33126777483912,408.0801446547685
839308.015965,-243.33126777483912,408.0801446547685
839317.992128,-243.33126777483912,408.0801446547685
839328.000187,-243.33126777483912,408.0801446547685
839338.32096,-243.33126777483912,408.0801446547685
839347.99659,-243.33126777483912,408.0801446547685
839358.028273,-243.33126777483912,408.0801446547685
839367.994142,-243.33126777483912,408.0801446547685
839378.339104,-243.33126777483912,408.0801446547685
839388.326588,-243.33126777483912,408.0801446547685
839398.329469,-243.33126777483912,408.0801446547685
839407.993107,-243.33126777483912,408.0801446547685
839417.997001,-243.33126777483912,408.0801446547685
839428.039315,-243.33126777483912,408.0801446547685
839438.967856,-243.33126777483912,408.0801446547685
839448.322122,-243.33126777483912,408.0801446547685
839458.328903,-243.33126777483912,408.0801446547685
839468.026292,-243.33126777483912,408.0801446547685
839478.327618,-243.33126777483912,408.0801446547685
839488.326644,-243.33126777483912,408.0801446547685
839498.326415,-243.33126777483912,408.0801446547685
839508.331876,-243.33126777483912,408.0801446547685
839518.001171,-243.33126777483912,408.0801446547685
839528.833634,-243.33126777483912,408.0801446547685
839538.334671,-243.33126777483912,408.0801446547685
839547.999998,-243.33126777483912,408.0801446547685
839558.330477,-242.4536039286785,408.16298986743766
839569.034966,-242.4536039286785,408.16298986743766
839578.330457,-242.4536039286785,408.16298986743766
839588.412166,-242.4536039286785,408.16298986743766
839598.32097,-242.4536039286785,408.16298986743766
839608.323771,-242.4536039286785,408.16298986743766
839618.019534,-242.4536039286785,408.16298986743766
839629.201079,-242.4536039286785,408.16298986743766
839638.601187,-242.4536039286785,408.16298986743766
839648.322716,-242.4536039286785,408.16298986743766
839658.007426,-242.4536039286785,408.16298986743766
839668.330355,-242.4536039286785,408.16298986743766
839678.32227,-242.4536039286785,408.16298986743766
839688.007675,-242.4536039286785,408.16298986743766
839698.345422,-242.4536039286785,408.16298986743766
839708.343094,-242.4536039286785,408.16298986743766
839719.066021,-242.4536039286785,408.16298986743766
839728.025254,-242.4536039286785,408.16298986743766
839738.008693,-242.4536039286785,408.16298986743766
839748.721162,-242.4536039286785,408.16298986743766
839758.334886,-242.4536039286785,408.16298986743766
839768.330838,-242.4536039286785,408.16298986743766
839778.216487,-242.4536039286785,408.16298986743766
839788.339173,-242.4536039286785,408.16298986743766
839799.657449,-242.4536039286785,408.16298986743766
839808.015859,-242.4536039286785,408.16298986743766
839818.049045,-242.4536039286785,408.16298986743766
839828.342351,-242.4536039286785,408.16298986743766
839838.029731,-242.4536039286785,408.16298986743766
839848.649339,-242.4536039286785,408.16298986743766
839858.017599,-242.4536039286785,408.16298986743766
839868.101337,-242.4536039286785,408.16298986743766
839878.334542,-242.4536039286785,408.16298986743766
839888.019705,-242.4536039286785,408.16298986743766
839899.042999,-242.4536039286785,408.16298986743766
839908.333419,-242.4536039286785,408.16298986743766
839918.076147,-242.4536039286785,408.16298986743766
839928.022404,-242.4536039286785,408.16298986743766
839938.022104,-242.4536039286785,408.16298986743766
839948.10266,-242.4536039286785,408.16298986743766
839958.013317,-242.4536039286785,408.16298986743766
839968.621221,-242.4536039286785,408.16298986743766
839978.349565,-242.4536039286785,408.16298986743766
839989.097572,-242.4536039286785,408.16298986743766
839998.347003,-242.4536039286785,408.16298986743766
840008.356394,-242.4536039286785,408.16298986743766
840018.357776,-242.4536039286785,408.16298986743766
840028.048363,-242.4536039286785,408.16298986743766
840038.26894,-242.4536039286785,408.16298986743766
840048.016353,-242.4536039286785,408.16298986743766
840058.342427,-242.4536039286785,408.16298986743766
840068.357322,-242.4536039286785,408.16298986743766
840078.645403,-242.4536039286785,408.16298986743766
840090.702149,-242.4536039286785,408.16298986743766
840098.349328,-242.4536039286785,408.16298986743766
840108.024227,-242.4536039286785,408.16298986743766
840118.34376,-242.4536039286785,408.16298986743766
840128.095585,-242.4536039286785,408.16298986743766
840138.357813,-242.4536039286785,408.16298986743766
840148.019377,-242.4536039286785,408.16298986743766
840158.181788,-242.4536039286785,408.16298986743766
840168.344204,-242.4536039286785,408.16298986743766
840179.38984,-242.4536039286785,408.16298986743766
840188.637419,-242.4536039286785,408.16298986743766
840198.349548,-242.4536039286785,408.16298986743766
840208.347874,-242.4536039286785,408.16298986743766
840218.349747,-242.4536039286785,408.16298986743766
840228.022361,-242.4536039286785,408.16298986743766
840238.34921,-242.4536039286785,408.16298986743766
840248.368048,-242.4536039286785,408.16298986743766
840258.346933,-242.4536039286785,408.16298986743766
840268.344005,-242.4536039286785,408.16298986743766
840278.341224,-242.4536039286785,408.16298986743766
840288.677794,-242.4536039286785,408.16298986743766
840298.024477,-242.4536039286785,408.16298986743766
840308.354611,-242.4536039286785,408.16298986743766
840318.352069,-242.4536039286785,408.16298986743766
840328.032065,-242.4536039286785,408.16298986743766
840338.369621,-242.4536039286785,408.16298986743766
840348.357456,-242.4536039286785,408.16298986743766
840358.354994,-242.4536039286785,408.16298986743766
840368.351266,-242.4536039286785,408.16298986743766
840378.36128,-242.4536039286785,408.16298986743766
840388.353337,-242.4536039286785,408.16298986743766
840398.090272,-242.4536039286785,408.16298986743766
840408.03833,-242.4536039286785,408.16298986743766
840418.05767,-242.4536039286785,408.16298986743766
840428.353513,-242.4536039286785,408.16298986743766
840438.359552,-242.4536039286785,408.16298986743766
840448.043584,-242.4536039286785,408.16298986743766
840458.352222,-242.4536039286785,408.16298986743766
840468.352593,-242.4536039286785,408.16298986743766
840478.067676,-242.4536039286785,408.16298986743766
840490.521303,-242.4536039286785,408.16298986743766
840499.085829,-220.9970736593368,420.3095673228668
840508.360405,-220.9163269466629,428.0151120903221
840518.227999,-220.9163269466629,428.0151120903221
840528.03388,-220.9163269466629,428.0151120903221
840538.067743,-220.9163269466629,428.0151120903221
840548.357183,-220.9163269466629,428.0151120903221
840558.355134,-220.9163269466629,428.0151120903221
840568.352346,-220.9163269466629,428.0151120903221
840578.369762,-220.9163269466629,428.0151120903221
840588.351219,-220.9163269466629,428.0151120903221
840598.049469,-220.9163269466629,428.0151120903221
840608.102447,-220.9163269466629,428.0151120903221
840618.041234,-220.9163269466629,428.0151120903221
840628.367307,-220.9163269466629,428.0151120903221
840638.199859,-220.9163269466629,428.0151120903221
840648.365974,-220.9163269466629,428.0151120903221
840658.045471,-220.9163269466629,428.0151120903221
840668.053971,-220.9163269466629,428.0151120903221
840678.376521,-220.9163269466629,428.0151120903221
840688.37354,-220.9163269466629,428.0151120903221
840699.475315,-220.9163269466629,428.0151120903221
840708.363228,-220.9163269466629,428.0151120903221
840718.36316,-220.9163269466629,428.0151120903221
840728.369871,-220.9163269466629,428.0151120903221
840738.730052,-220.9163269466629,428.0151120903221
840748.368703,-220.9163269466629,428.0151120903221
840758.044471,-220.9163269466629,428.0151120903221
840768.365751,-220.9163269466629,428.0151120903221
840778.064083,-220.9163269466629,428.0151120903221
840789.075476,-220.9163269466629,428.0151120903221
840798.041597,-220.9163269466629,428.0151120903221
840808.36448,-220.9163269466629,428.0151120903221
840818.214283,-220.9163269466629,428.0151120903221
840828.060244,-220.9163269466629,428.0151120903221
840838.378011,-220.9163269466629,428.0151120903221
840849.517495,-220.9163269466629,428.0151120903221
840858.375216,-220.9163269466629,428.0151120903221
840868.376658,-220.9163269466629,428.0151120903221
840878.37783,-220.9163269466629,428.0151120903221
840888.92571,-220.9163269466629,428.0151120903221
840898.045455,-220.9163269466629,428.0151120903221
840909.404553,-220.9163269466629,428.0151120903221
840918.375261,-220.9163269466629,428.0151120903221
840928.388571,-220.9163269466629,428.0151120903221
840938.045518,-220.9163269466629,428.0151120903221
840948.060353,-220.9163269466629,428.0151120903221
840958.65159,-220.9163269466629,428.0151120903221
840968.066085,-220.9163269466629,428.0151120903221
840978.372777,-220.9163269466629,428.0151120903221
840988.380446,-220.9163269466629,428.0151120903221
840998.406093,-220.9163269466629,428.0151120903221
841008.047691,-222.12228325932057,425.5667351695781
841018.049449,-223.98835985081857,422.0370839597423
841028.058685,-225.3449481043655,421.7215492946842
841038.375945,-226.1996365176068,422.46634855727945
841048.38055,-227.3025482195304,423.645473176524
841058.63954,-227.2886780908001,423.9396429669261
841069.612158,-226.92335782936087,423.6572968832516
841078.372466,-226.256507194617,423.6279791066515
841088.067621,-226.61476319530712,423.28226150517577
841098.371046,-227.07953333256563,422.7442049889914
841108.050104,-227.35901743745137,423.3983736978261
841118.375055,-227.6782547614684,422.5827117919335
841128.063762,-227.51293434752512,422.1285560356193
841138.375285,-226.76384131208675,422.05948885274114
841148.151951,-226.20647602599368,421.5217156460285
841158.446034,-224.9986296277073,424.1054353364704
841168.376507,-223.706204068056,425.6676732636578
841178.380694,-223.25516554058032,425.7007275174964
841188.060692,-224.2488029461639,425.7424627679082
841198.387645,-224.16371104075247,423.8885311992252
841208.063737,-225.24479969142257,424.60931373663817
841218.386186,-225.53621703858565,426.0561658237512
841228.406126,-224.91001891440405,426.6250200370742
841238.388902,-223.6634008471174,427.494081018006
841248.074268,-223.6674643714534,427.9907734551394
841258.392582,-223.63158007936312,427.7672308779645
841268.054639,-223.4439260193946,427.2896899640509
841278.39402,-222.77453657503293,427.1577802389887
841289.150004,-222.6517770710477,426.7013917535624
841298.473247,-223.36178751833745,426.7240733705093
841308.065921,-223.68287303111325,426.4454652397689
841318.453427,-223.06172536661197,426.3328522402471
841328.524921,-223.6270660795072,428.46730694196646
841338.384394,-223.53876456767276,429.36813205159
841348.387507,-223.53876456767276,429.36813205159
841358.384986,-223.53876456767276,429.36813205159
841368.392367,-223.53876456767276,429.36813205159
841378.065489,-223.53876456767276,429.36813205159
841388.183695,-223.53876456767276,429.36813205159
841398.661701,-223.53876456767276,429.36813205159
841408.383612,-223.53876456767276,429.36813205159
841418.380416,-223.53876456767276,429.36813205159
841428.075702,-223.53876456767276,429.36813205159
841438.061598,-223.53876456767276,429.36813205159
841448.391221,-223.53876456767276,429.36813205159
841458.53282,-223.53876456767276,429.36813205159
841468.38046,-223.53876456767276,429.36813205159
841478.383342,-223.53876456767276,429.36813205159
841488.109687,-223.53876456767276,429.36813205159
841498.065641,-223.53876456767276,429.36813205159
841508.073784,-223.53876456767276,429.36813205159
841518.383468,-223.53876456767276,429.36813205159
841528.380688,-223.53876456767276,429.36813205159
841538.382175,-224.69646082001827,427.6481582543765
841548.060547,-226.3150659498823,426.4980499803192
841558.398107,-226.6476667492643,426.1900042580965
841568.396714,-226.2538865664452,425.9591182731368
841578.084665,-226.5227348024306,425.9602829122799
841588.392554,-227.05880816981025,425.4657271580499
841598.466467,-227.15212153049887,424.9636987421517
841608.422028,-224.72590130393277,424.1698546259543
841618.108846,-223.99421722830547,423.4529896452804
841628.591981,-225.60929516099804,423.7017681239538
841638.398137,-226.4514001724257,423.89429763875086
841648.400816,-226.74145549624484,424.6159106906345
841658.171738,-226.8191300844625,425.0205971839578
841668.393691,-225.56373624467255,425.8069461339317
841678.675625,-221.43634641559592,428.3865053845684
841688.396917,-218.8348928229723,429.8599240195786
841698.084586,-218.72383363527015,429.7752521789766
841708.39191,-220.4755386367644,430.5699136765495
841718.403408,-222.34345396541045,430.8206672957585
841728.68567,-223.3012662606716,430.550579219
841738.198355,-223.0737345443065,430.8360724691922
841748.398247,-223.2419393726581,431.2912407145018
841758.078869,-223.02098776795123,431.1648665883279
841768.391516,-223.25968995444143,431.0754928280039
841778.400662,-223.17739296077448,429.7393976921402
841788.424538,-222.2579338647016,429.09271862193873
841798.078022,-221.6749559461838,431.6429160566613
841808.396516,-223.7086389447201,432.3372753234168
841818.084251,-224.27391447655543,432.43610846998416
841828.411256,-224.20480279135467,431.8123961117654
841838.410215,-226.8993473240536,432.64994028657486
841848.092049,-227.9755905015752,432.3535874058808
841858.421261,-227.28495543328927,430.3326408816707
841868.399479,-224.93140092494895,429.7265590586334
841878.085592,-224.05619360506748,429.6651950656147
841888.406223,-224.34595439826796,430.0438448572211
841898.568384,-225.35141117218652,431.4485637021722
841908.421244,-226.19787008107497,432.28897629519486
841918.098685,-226.3756518410061,432.4429106500452
841928.420953,-227.3937364692817,432.7022115280324
841938.408078,-227.38351804972228,431.7975485074439
841949.06277,-227.3195125372886,431.8531705398509
841958.406332,-225.805895742179,431.9671044125226
841968.418782,-226.41474924947389,433.4030449481128
841978.410271,-227.6382944150701,437.8446430702804
841990.615121,-227.63646014216556,437.8462104867467
841998.079585,-227.63646014216556,437.8462104867467
842008.412878,-227.63646014216556,437.8462104867467
842018.169624,-227.63646014216556,437.8462104867467
842028.418331,-227.63646014216556,437.8462104867467
842038.128484,-227.63646014216556,437.8462104867467
842048.408675,-227.63646014216556,437.8462104867467
842058.543565,-227.63646014216556,437.8462104867467
842068.122012,-227.63646014216556,437.8462104867467
842078.430297,-227.63646014216556,437.8462104867467
842088.411732,-227.63646014216556,437.8462104867467
842098.219976,-227.63646014216556,437.8462104867467
842108.19998,-227.63646014216556,437.8462104867467
842120.218404,-227.63646014216556,437.8462104867467
842128.41577,-227.63646014216556,437.8462104867467
842138.316467,-227.63646014216556,437.8462104867467
842149.271491,-227.63646014216556,437.8462104867467
842158.574038,-227.63646014216556,437.8462104867467
842168.691709,-227.63646014216556,437.8462104867467
842178.444815,-227.63646014216556,437.8462104867467
842188.099885,-227.63646014216556,437.8462104867467
842198.464738,-227.63646014216556,437.8462104867467
842208.104372,-227.63646014216556,437.8462104867467
842218.090438,-227.63646014216556,437.8462104867467
842228.169328,-227.63646014216556,437.8462104867467
842238.424794,-227.63646014216556,437.8462104867467
842249.746009,-227.63646014216556,437.8462104867467
842258.418268,-227.63646014216556,437.8462104867467
842268.095809,-227.63646014216556,437.8462104867467
842278.760473,-227.63646014216556,437.8462104867467
842289.270511,-227.63646014216556,437.8462104867467
842298.464946,-227.63646014216556,437.8462104867467
842308.084495,-227.63646014216556,437.8462104867467
842318.575706,-227.63646014216556,437.8462104867467
842328.216595,-227.63646014216556,437.8462104867467
842338.432802,-227.63646014216556,437.8462104867467
842348.576836,-229.91642080502885,442.5115865824124
842358.693105,-229.91642080502885,442.5115865824124
842368.221671,-229.91642080502885,442.5115865824124
842379.076557,-229.91642080502885,442.5115865824124
842388.430121,-229.91642080502885,442.5115865824124
842398.104025,-231.83748821115265,447.338426890429
842408.134994,-192.20257038450805,474.01620755183416
842412.281944,-173.07782541721764,482.0302479138489
842418.138114,-134.34225322020114,496.1232856853535
842428.101446,-78.2377353153912,524.7267516082073
842438.720488,8.304320538196288,582.3669966660573
856649.36301,-155.14380866797748,-165.78380912283865
856662.349505,-79.41666743328634,-95.35698454353324
856669.039861,-46.80540794570038,-74.63793038470206
856679.549451,-5.604504361295937,-37.16350076182889
857568.24724,-131.3699806793393,772.0298446420566
857580.050733,-121.8317467932298,728.2313737031072
857587.325105,-91.1511612266873,690.1237241629999
857597.29088,-48.45496640007146,650.3740926284246
857607.260512,6.777987605630878,617.959902313302
859610.819139,15.837631619971718,-8.807023187555906
859620.245894,-31.50300005722017,-49.71997085366049
859630.201531,-84.84322427276257,-91.80904315742627
859640.202952,-133.97512475828057,-109.67312478491482
859654.072888,-196.7052392655358,-45.35898943925186
859662.003822,-196.7052392655358,-45.35898943925186
859670.207269,-196.7052392655358,-45.35898943925186
859680.529227,-476.17549996837744,280.2781336824375
859690.886474,-490.7807044353933,295.3892240567945
859700.529482,-490.7807044353933,295.3892240567945
859710.542662,-490.7807044353933,295.3892240567945
859720.553309,-490.7807044353933,295.3892240567945
859730.546148,-490.7807044353933,295.3892240567945
859742.344801,-523.1862899730876,331.81115675901384
859750.200757,-524.2856571260173,334.813633346595
859761.340361,-544.8753590075671,364.86731205222736
859771.184946,-584.4007847779852,410.3682018406121
859780.361205,-591.6451943304569,424.400373008566
859790.536775,-613.3721445754348,433.8681201890033
859800.616759,-644.9749167236757,478.792871637201
859810.42507,-677.738618425164,520.8718222242173
859820.210948,-706.2651580291096,541.4831730838554
859830.558792,-724.0714133285488,543.098701863984
859840.75657,-753.4718126702005,574.1732437551099
859850.543592,-761.8975417466288,591.4685266617703
859860.561204,-787.7268527379508,637.8403121588931
859870.337506,-794.7314166712712,641.9235821471169
859881.35096,-819.9176216532477,628.3709590683869
859891.476904,-843.636221464057,621.1553223029567
859900.824875,-859.4530541817293,614.8903714213408
859910.546863,-892.5456474325729,593.6595178717255
859929.232298,-945.329853646377,570.6166230510802
859930.212941,-975.2765662135018,549.9298414685157
859943.59116,-987.5696365371366,538.7546204609736
860912.530347,-1001.1283401516772,297.630366546517
860912.530991,-1001.1283401516772,297.630366546517
860913.81556,-1001.1283401516772,297.630366546517
860925.686986,-993.1630633693164,262.8051891969626
860933.88838,-980.3882459377004,225.68068602437648
860947.074757,-962.3375899350162,185.05505262331812
860954.625891,-962.3375899350162,185.05505262331812
860964.622584,-962.3375899350162,185.05505262331812
860974.105591,-966.9613389363168,169.65739451300314
860984.106687,-966.9613389363168,169.65739451300314
860994.089575,-966.9613389363168,169.65739451300314
861004.883183,-933.1804428678764,169.15707984167474
861014.088167,-904.9141945139596,183.7079016163553
861024.429844,-884.0322324886629,192.4725972491412
861034.092992,-867.3990850725767,203.47489802272491
861044.194834,-825.4629174721034,210.60020783411875
861054.12117,-796.4202220702641,221.7784501764949
861064.285347,-761.5220338852371,232.8555881901984
861073.84854,-721.0827297953168,249.0173610273393
861084.106675,-679.6138118532326,261.8413644868423
861094.209291,-658.0373305633557,270.3132405605873
861104.273866,-658.0373305633557,270.3132405605873
861114.372097,-629.795367474156,283.0778413927703
861124.551787,-570.3861880461832,302.5967852556534
861135.065801,-520.550607531627,320.35010581978605
861146.289044,-462.4555527733343,337.1665475801704
861155.232313,-388.8031111545221,361.6727906869964
861166.760667,-367.80632943618167,364.43660128914667
861174.109242,-315.69378905533773,384.9246377949186
861184.105271,-259.189149525691,396.5055040184164
861194.106336,-242.6630256836752,404.34715741766905
861204.11746,-242.6630256836752,404.34715741766905
861217.03504,-250.3069415100508,467.7006379748611
861225.565252,-281.5284873366422,516.3925960865635
861234.132861,-308.1405428106324,590.7283487848849
861243.811585,-221.52987889432447,653.0869255316063
861253.781839,-159.74935233229508,676.6266375401909
861265.169079,-149.60222388043715,681.8761197750439
861274.111288,-149.60222388043715,681.8761197750439
861283.787648,-149.60222388043715,681.8761197750439
861293.784947,-139.168831170911,688.3825324666235
861304.102091,-113.98002848189788,762.622619625267
926445.029225,-6.063597918721024,-10.854366954503227
926455.00422,-6.063597918721024,-10.854366954503227
926464.996871,-6.063597918721024,-10.854366954503227
926475.323904,-62.73683839489884,-67.47113416251653
926485.339698,-111.44896957527112,-107.23611783290076
926495.02544,-150.51381122550353,-91.9544149420458
926505.003288,-186.4849490638024,-49.54344625034003
926515.592977,-186.4849490638024,-49.54344625034003
926525.459539,-186.4849490638024,-49.54344625034003
926535.602302,-464.44185039035096,257.57577623471235
926544.996405,-494.9898623969983,296.64098629991514
926555.330203,-538.7197604322947,358.70903257520166
926565.920375,-572.301567594075,404.8945996408754
926575.050436,-616.5107857023179,455.0810864463726
926585.318975,-675.7956707217353,522.4717100168664
926595.290296,-719.7239478740521,551.6648478930105
926605.023065,-752.1442938472009,576.6361522028277
926615.633707,-780.8180563097078,629.6161046622368
926627.12828,-780.8180563097078,629.6161046622368
926635.315003,-794.2297485709394,641.6858263136797
926645.625485,-812.9637452474387,639.3804438915208
926655.315051,-833.3319056468174,633.1888133742294
926665.037589,-865.8332719791391,618.8240284747425
926675.333051,-886.6945679255,605.2709518505409
926685.089756,-926.736428404864,583.2807878520559
926696.026115,-982.7458908507444,553.0517849145922
926744.304247,-1014.8984682513624,349.3458848431809
926754.697869,-995.6673589984042,279.2067804435349
926767.063287,-959.032648035371,165.3962324852634
926774.605862,-936.9559387361304,95.5063072221134
926784.2867,-904.1124652750642,1.42951782664286
926794.607059,-872.4728445338739,-104.53336903118624
926804.363162,-847.3461350695942,-185.79287891750312
932664.422438,-1023.460798538046,345.8512364424494
932664.929332,-1016.3658234321272,302.44796420274935
932664.930006,-1016.3658234321272,302.44796420274935
932666.317872,-1016.3658234321272,302.44796420274935
932676.190218,-995.9407829710474,241.6554358715192
940256.359699,-411.31322495266113,-195.86547856427688
940266.781469,-400.7219908296135,-108.5606161131616
940284.257602,-365.9996442170644,-49.78006519895368
940286.385301,-296.52937279834794,15.229738862838664
940289.736973,-272.83860118509574,38.413145571295125
940289.737671,-272.83860118509574,38.413145571295125
940292.01761,-252.1716338807622,58.59681636052471
940301.908606,-197.78974376197223,121.77929630225223
940312.240801,-116.74285287162152,195.65287534668252
940322.993082,-70.37286456403584,240.03519772045183
940332.236882,-11.288955039599182,298.0286914227397
940381.96723,19.95147231377072,455.4489364336287
940393.884431,-9.78226913886283,489.530070264071
940402.560769,-0.6040125235238181,516.185510278619
940412.53976,3.962648925599024,518.7218185128667
940425.103365,3.962648925599024,518.7218185128667
940433.108998,35.15981842513013,537.433172168223
940532.239315,-21.35854149835116,628.6808004352121
940542.243832,-32.2315731985113,635.2852515888083
940552.240983,-32.2315731985113,635.2852515888083
940561.956795,-32.2315731985113,635.2852515888083
940571.916905,-32.2315731985113,635.2852515888083
940583.206694,-99.52365641054388,687.8371144087897
940592.413166,-124.81072228990412,766.1056735445965
943657.003225,-135.61374981740025,773.388821110366
943657.152102,-129.98464475317522,765.5882233403049
943667.142122,-126.26909513042747,760.4444475141996
943677.426275,-126.26909513042747,760.4444475141996
943687.160101,-114.24021322606596,702.3680162622683
943697.260368,-66.55438344938645,649.8609632744449
943707.54691,20.4226930552686,600.8155945827754
1212021.669608,25.505280468353348,-17.585909759942037
1212029.12971,15.272830238092132,-27.579948539885034
1212035.979254,0.7179020472580238,-37.41471774252047
1212047.132575,-30.587135778786145,-62.59701789383364
1212049.61585,-84.52846518408712,-91.30485140219716
1212056.952873,-106.9902139517475,-106.48959810655096
1212063.672715,-133.53270111242372,-101.84781493485951
1212070.722797,-198.31632822362175,-28.815547820324053
1212077.970497,-198.31632822362175,-28.815547820324053
1212085.217463,-198.31632822362175,-28.815547820324053
1212091.960197,-198.31632822362175,-28.815547820324053
1212099.072898,-442.99765512900126,255.5871071796869
1212107.011774,-463.93078199832206,303.98990451077776
1212112.631011,-450.5515325870007,334.8145777635356
1212119.9891,-431.9034378907824,352.3030172575967
1212126.648391,-356.5171957268317,378.73374735880856
1212134.363006,-323.50590478852257,388.1381233336109
1212142.101216,-318.16905301710347,389.3902386541944
1212149.427373,-318.16905301710347,389.3902386541944
1212155.075791,-318.16905301710347,389.3902386541944
1212162.246508,-318.16905301710347,389.3902386541944
1212168.643444,-318.16905301710347,389.3902386541944
1212175.633249,-318.16905301710347,389.3902386541944
1212182.638737,-318.16905301710347,389.3902386541944
1212189.629663,-295.54238183899963,396.52450695938137
1212197.194657,-257.0365597856712,409.7850573264985
1212203.952054,-231.4511734658982,434.29249622984656
1212210.794465,-240.38639718087325,459.8012010417449
1212217.948693,-240.38639718087325,459.8012010417449
1212224.957445,-240.38639718087325,459.8012010417449
1212231.636734,-240.38639718087325,459.8012010417449
1212239.73067,-240.38639718087325,459.8012010417449
1212254.607046,-247.69985388999933,476.4366348459488
1212254.617757,-285.8082798328344,542.4948370061757
1212260.044696,-305.22276233150075,594.1747720096646
1212266.812532,-279.01014981212955,635.8267829113456
1212275.614955,-195.22549150108287,674.2584302647422
1212281.709045,-155.78991215857198,690.7690520251977
1212289.239766,-136.07661902346166,701.9438832663363
1212294.674334,-136.07661902346166,701.9438832663363
1212302.059997,-136.07661902346166,701.9438832663363
1212308.679573,-136.07661902346166,701.9438832663363
1212316.336617,-136.07661902346166,701.9438832663363
1212326.056886,-121.7944716172159,721.582343061619
1212329.633665,-117.46180287806044,761.4920384863574
1213559.210541,-480.65362594002704,770.3455422316522
1213566.338699,-490.2334286755682,706.9738864845335
1213573.27638,-488.2435602885061,666.7590154981168
1213580.219806,-484.53891996553847,613.4838459937233
1213590.695429,-478.2811604782626,553.9263014099045
1213594.258552,-473.66290623029647,537.4017132714808
1213601.221713,-462.56206503445554,516.6616103847579
1213608.231604,-433.2919480483396,483.0623441536637
1213615.627382,-427.1576519701203,458.3119098881024
1213622.237571,-422.309945997093,419.74107022118994
1213629.550262,-414.8331750432218,385.17908949826585
1213636.874198,-415.1343430078773,370.5147167665968
1213643.263424,-422.0787735914601,359.718659081661
1213650.779899,-475.5356631396997,337.3145551972625
1213657.65518,-507.01219702643374,328.3215051572057
1213664.251079,-542.7556986542893,355.9413860149236
1213672.017638,-582.8735621476529,405.3148393425674
1213682.238568,-612.0613800711758,440.5319510753472
1213685.231509,-655.5447331146221,492.199663451885
1213692.233617,-700.056784392854,540.2771183984169
1213700.580105,-704.6916063838462,543.8961657011604
1213706.258575,-704.6916063838462,543.8961657011604
1213717.277971,-704.6916063838462,543.8961657011604
1213720.825458,-704.6916063838462,543.8961657011604
1213727.962786,-704.6916063838462,543.8961657011604
1213731.17361,-704.6916063838462,543.8961657011604
1213734.226394,-704.6916063838462,543.8961657011604
1213741.575368,-704.6916063838462,543.8961657011604
1213751.159068,-704.6916063838462,543.8961657011604
1213756.870814,-704.6916063838462,543.8961657011604
1213764.878563,-712.6929180523754,548.1451534596612
1213777.298272,-712.6929180523754,548.1451534596612
1213777.582061,-712.6929180523754,548.1451534596612
1213786.033705,-712.6929180523754,548.1451534596612
1213790.984951,-712.6929180523754,548.1451534596612
1213797.244388,-712.6929180523754,548.1451534596612
1213804.238664,-712.6929180523754,548.1451534596612
1213813.316412,-712.6929180523754,548.1451534596612
1213818.463588,-712.6929180523754,548.1451534596612
1213826.136494,-712.6929180523754,548.1451534596612
1213832.240153,-712.6929180523754,548.1451534596612
1213841.085501,-712.6929180523754,548.1451534596612
1213846.338404,-712.6929180523754,548.1451534596612
1213855.00246,-712.6929180523754,548.1451534596612
1213860.243942,-712.6929180523754,548.1451534596612
1213870.416311,-712.6929180523754,548.1451534596612
1213881.295595,-712.6929180523754,548.1451534596612
1213881.299096,-712.6929180523754,548.1451534596612
1213881.891625,-712.6929180523754,548.1451534596612
1213881.892197,-712.6929180523754,548.1451534596612
1213882.944443,-712.6929180523754,548.1451534596612
1213894.866444,-712.6929180523754,548.1451534596612
1213897.933812,-712.6929180523754,548.1451534596612
1213903.932389,-712.6929180523754,548.1451534596612
1213911.829489,-712.6929180523754,548.1451534596612
1213919.163309,-712.6929180523754,548.1451534596612
1213925.62865,-712.6929180523754,548.1451534596612
1213931.935547,-712.6929180523754,548.1451534596612
1213939.150415,-712.6929180523754,548.1451534596612
1213946.871156,-712.6929180523754,548.1451534596612
1213953.271832,-712.6929180523754,548.1451534596612
1213960.450147,-724.1669704205202,540.6970346251956
1213968.986369,-731.5855685379762,539.7379867891121
1213974.974042,-731.5855685379762,539.7379867891121
1213981.264056,-731.5855685379762,539.7379867891121
1213988.256868,-731.5855685379762,539.7379867891121
1213997.05031,-731.5855685379762,539.7379867891121
1214001.938329,-731.5855685379762,539.7379867891121
1214009.259526,-731.5855685379762,539.7379867891121
1214016.257888,-731.5855685379762,539.7379867891121
1214023.266277,-731.5855685379762,539.7379867891121
1214030.260638,-731.5855685379762,539.7379867891121
1214037.257644,-731.5855685379762,539.7379867891121
1214044.25767,-731.5855685379762,539.7379867891121
1214050.98904,-731.5855685379762,539.7379867891121
1214061.424184,-731.5855685379762,539.7379867891121
1214064.942525,-731.5855685379762,539.7379867891121
1214074.110978,-731.5855685379762,539.7379867891121
1214079.69466,-731.5855685379762,539.7379867891121
1214085.952408,-731.5855685379762,539.7379867891121
1214092.938884,-731.5855685379762,539.7379867891121
1214100.265611,-731.5855685379762,539.7379867891121
1214107.266683,-731.5855685379762,539.7379867891121
1214114.57877,-731.5855685379762,539.7379867891121
1214122.5778,-731.9057743503852,539.5668637916423
1214128.271232,-733.7668701752322,538.166102494615
1214135.042458,-734.066838268303,538.079315516852
1214141.961131,-734.322642867995,537.9645645841317
1214149.122468,-734.6738526143812,537.7678586938005
1214155.993258,-735.2482831549714,537.0757667026851
1214163.684328,-735.7074273048341,536.6749747235749
1214173.293093,-735.7010939852072,536.6322013029707
1214176.942615,-735.7010939852072,536.6322013029707
1214183.956756,-735.7010939852072,536.6322013029707
1214191.611888,-735.7010939852072,536.6322013029707
1214199.377957,-735.7010939852072,536.6322013029707
1214205.279202,-735.7010939852072,536.6322013029707
1214212.264952,-735.7010939852072,536.6322013029707
1214219.266759,-735.7010939852072,536.6322013029707
1214226.273953,-735.4000847206845,536.5922647130683
1214233.263951,-734.4033441156632,536.4497011363347
1214240.266152,-734.0957844796174,536.341367790242
1214247.270134,-734.2368144537278,535.8415600595372
1214254.273001,-734.7997007889253,535.0438911167419
1214260.944707,-735.1136484121544,534.4496132541616
1214268.264057,-735.6697415502658,533.8802096517792
1214278.400011,-735.7334668131195,533.4778315867582
1214282.535928,-735.5093931965007,533.1190501588269
1214288.953012,-735.1165851291856,533.2059231818747
1214296.271022,-734.4237465261888,534.8550012348829
1214303.054839,-733.3479101945569,536.0833917637829
1214310.737705,-733.3533573833143,536.2614480038766
1214317.284433,-734.1777123679703,534.6528818450054
1214324.963269,-734.5190619626779,534.184454894072
1214331.322248,-734.7930208021745,533.8193273324644
1214341.673587,-735.2064352538948,533.5593859639274
1214345.374894,-735.1599793860657,533.6090502025897
1214352.301716,-735.015619035947,533.7183610557001
1214359.576116,-734.7935820315599,533.6847093751949
1214366.461047,-734.6547143185975,533.650607112407
1214375.638259,-734.6195215518705,533.5945935546681
1214379.986659,-734.6732192500639,533.5683881831058
1214388.588305,-734.7508011656288,533.92943383485
1214394.280545,-734.7513375342114,533.748842810264
1214401.292723,-735.0739679917577,533.550616108993
1214408.298901,-734.0289016806643,533.7435084384819
1214415.277031,-733.7518317325167,533.6645836985824
1214422.587614,-732.864885569432,533.9121819756406
1214428.953524,-732.864885494846,533.9121820855465
1214436.032856,-732.864885494846,533.9121820855465
1214445.444911,-732.864885494846,533.9121820855465
1214450.277633,-732.864885494846,533.9121820855465
1214457.281693,-732.864885494846,533.9121820855465
1214464.030867,-732.864885494846,533.9121820855465
1214472.043006,-732.864885494846,533.9121820855465
1214478.565998,-732.864885494846,533.9121820855465
1214485.279801,-732.864885494846,533.9121820855465
1214492.287379,-732.864885494846,533.9121820855465
1214498.952336,-732.864885494846,533.9121820855465
1214506.276174,-732.864885494846,533.9121820855465
1214515.925754,-732.864885494846,533.9121820855465
1214520.811501,-732.864885494846,533.9121820855465
1214527.012862,-732.7430903640013,533.2543423633202
1214534.034658,-727.2418848062745,522.175615446811
1214541.273782,-717.2923299425585,500.07438978168926
1214546.378707,-707.4742998243833,467.1016221129202
1214547.962734,-701.1673311097594,447.25685554082025
1214554.953854,-690.1254845058488,424.01880154361663
1214562.287307,-696.7840981161684,414.0690980722597
1214569.280706,-740.6860751488952,391.9606555916493
1214578.527286,-780.0040915305733,376.5745700409639
1214583.692309,-814.7605691257844,362.47114620016026
1214590.103477,-873.6529377607353,337.9523582363467
1214597.471232,-908.2143727098794,314.78516881004725
1214604.096273,-924.2565709610792,310.57533089140844
1214611.291133,-956.9205745565416,292.3902135842602
1214618.909229,-977.2274853499688,286.709907441113
1214624.967843,-977.2274853499688,286.709907441113
1214632.362395,-977.2274853499688,286.709907441113
1214639.082182,-977.2274853499688,286.709907441113
1214648.975698,-977.2274853499688,286.709907441113
1214653.83614,-977.2274853499688,286.709907441113
1214661.112905,-977.2274853499688,286.709907441113
1214690.872415,-983.0683000325256,272.11942842187585
1214690.877491,-967.3721034009652,207.80218703884768
1214692.881546,-943.5478055289726,142.37229330370025
1214692.882161,-943.5478055289726,142.37229330370025
1214694.339071,-943.5478055289726,142.37229330370025
1214702.857112,-940.8877608741376,120.16620488942988
1214708.312049,-929.6593493801485,77.91728382170525
1214720.678795,-913.331289418655,29.014451451613407
1214723.515069,-903.8245544883474,4.433989670318229
1214729.594417,-894.8665370259785,-22.100541723144246
1214736.604963,-894.3860682384492,-23.40391900036893
1214743.597013,-894.3860682384492,-23.40391900036893
1214750.600535,-894.3860682384492,-23.40391900036893
1214759.68508,-884.2944861738272,-45.16998808081589
1214764.287314,-881.3616691074203,-50.47497687391316
1214771.894976,-881.3616691074203,-50.47497687391316
1214780.215215,-881.3616691074203,-50.47497687391316
1214785.874236,-881.3616691074203,-50.47497687391316
1214796.980806,-869.9377038023655,-65.72061192405995
1214799.275321,-859.3110139131336,-101.17240700824028
1214806.426668,-842.8063003550986,-166.6017573293134
1214813.320772,-830.0035874757804,-205.4002705547381
1216152.366325,-203.97723646350477,-210.8663329744172
1216159.376826,-165.8350758233507,-177.50784657075943
1216167.213274,-137.81185523295906,-151.59599877675245
1216180.041646,-134.41909338246364,-148.76213596233416
1216180.803205,-134.41909338246364,-148.76213596233416
1216189.045648,-119.88431392348517,-135.05575601189815
1216194.334958,-59.80928812058696,-81.28291153007248
1216201.471342,-7.205133360648707,-33.63667256936871
1216208.556971,45.27497194875197,15.091167774957627
1225235.241932,-841.5512442807543,-215.49070928804196
1225241.730663,-852.7186265071936,-174.05631325662185
1225252.001733,-871.1585925730344,-111.29346244901068
1225254.862992,-879.1862600740546,-88.1834732822425
1225270.213512,-880.8454834241625,-89.35151611035246
1225270.219665,-880.8454834241625,-89.35151611035246
1225275.950858,-880.8454834241625,-89.35151611035246
1225284.36238,-901.3981996554973,-68.78899643495161
1225291.451573,-905.6537875310304,-39.25022656857509
1225296.893322,-911.770965087613,-10.744790968830898
1225304.355799,-917.0990959104151,20.234906801942945
1225311.181054,-924.1792838748314,29.64607804767319
1225318.580724,-928.6013937858484,49.68679430915817
1225325.024464,-927.5769825030324,56.39635157568309
1225332.188865,-929.4680911010256,76.58341177787328
1225341.848691,-938.9642294525848,82.25471808637147
1225345.908418,-942.9524991671284,84.32019917245469
1225354.273325,-949.078305586634,113.4703723933516
1225360.665974,-950.6807880987564,119.14373262670078
1225366.940837,-955.562665108984,137.27035067608253
1225373.864977,-949.520206231196,154.29940437097702
1225380.866503,-949.520206231196,154.29940437097702
1225388.216169,-949.520206231196,154.29940437097702
1225395.479975,-943.482617670665,164.32128673811354
1225401.868833,-932.8701466389192,162.7278390659037
1225409.997564,-932.8701466389192,162.7278390659037
1225415.966404,-902.1149439009636,174.37884102332202
1225426.611917,-880.3513424077518,182.97725894751295
1225430.652871,-874.8730938976455,184.94451809120648
1225436.879087,-865.0705263078797,182.61783142656972
1225444.200406,-836.2447054982658,193.3261506905244
1225451.322932,-821.3634495593733,200.9351641490286
1225458.361719,-772.1281447359862,225.47411605932425
1225465.191619,-753.2986258991725,230.02314072252503
1225472.489455,-736.4881704581666,235.5890510751596
1225478.888339,-676.0916718714781,260.81819846831644
1225486.193262,-665.0004556092294,271.7079051369739
1225494.578502,-665.0004556092294,271.7079051369739
1225499.974169,-627.6689036764417,288.2258760533265
1225507.267196,-581.2216116858076,299.6572496021189
1225513.908515,-548.5149666614697,307.0474987247466
1225521.105721,-537.4513687542658,310.02694543937145
1225530.051243,-537.4513687542658,310.02694543937145
1225535.193936,-537.4513687542658,310.02694543937145
1225541.878136,-537.4513687542658,310.02694543937145
1225549.51019,-537.4513687542658,310.02694543937145
1225557.088645,-527.0343482378476,311.4897461188965
1225564.226163,-495.00588147699176,315.11246080618406
1225570.12616,-495.00588147699176,315.11246080618406
1225576.879316,-495.00588147699176,315.11246080618406
1225584.318739,-509.6525750702526,321.59553071099833
1225592.658935,-519.4044228824694,332.58095801059534
1225598.484649,-529.4474321464149,346.8044802624676
1225605.197212,-544.9709334008446,376.74578077344165
1225613.144344,-547.8578317350177,380.6803192378475
1225619.197926,-547.8578317350177,380.6803192378475
1225626.495714,-547.8578317350177,380.6803192378475
1225636.61438,-559.8970891144082,389.9029957867062
1225639.873313,-575.1707789092625,407.4379022884263
1225646.885454,-591.2473625396343,434.3394614685783
1225654.199106,-591.2473625396343,434.3394614685783
1225661.273546,-591.2473625396343,434.3394614685783
1225675.008371,-591.2473625396343,434.3394614685783
1225675.817007,-604.0575340795702,433.9068560011266
1225683.040252,-613.9272372775129,441.4068296306359
1225689.208112,-662.0086382964931,515.8474698622528
1225696.061032,-677.6202774439626,541.516568610162
1225702.920991,-684.9425220582242,541.8270334348416
1225711.195679,-722.8567058071192,508.927595746369
1225716.895792,-721.3601624424197,486.149736438306
1225724.20713,-716.3429947994024,468.9351307600651
1225731.220739,-709.2211224408302,431.6606711892844
1225737.881355,-708.2266511167236,427.52605770204144
1225748.904849,-707.4541910731768,423.5394204105655
1225751.921913,-721.7287746012797,414.8587402985885
1225760.434947,-747.4286725101401,398.9994825614744
1225767.100967,-773.9654823486693,381.63827531506143
1225773.931729,-802.1959486498016,359.89171065001915
1225785.150783,-815.3224097503816,350.7257361446695
1225786.992975,-818.8196404810807,349.33681298697525
1225794.201578,-818.8196404810807,349.33681298697525
1225801.810224,-818.8196404810807,349.33681298697525
1225808.216314,-840.8558813234847,343.2808428176222
1225828.294801,-840.8558813234847,343.2808428176222
1225828.302135,-840.8558813234847,343.2808428176222
1225829.862421,-840.8558813234847,343.2808428176222
1225835.877788,-840.8558813234847,343.2808428176222
1225843.026199,-840.8558813234847,343.2808428176222
1225849.952501,-840.8558813234847,343.2808428176222
1225864.614705,-854.2041958156459,333.5641043865655
1225864.61856,-854.2041958156459,333.5641043865655
1225871.209786,-868.38183861243,327.1025411586379
1225878.289272,-921.7394362834402,297.0423314406685
1225885.229341,-941.2786011609662,294.28791724967226
1225892.485996,-959.0713776166708,284.6620301886064
1227077.368513,-1016.0657447762948,268.0598998420835
1227095.540944,-1011.4943854047236,271.8801432851972
1227095.547117,-1011.4943854047236,271.8801432851972
1227096.021694,-1011.4943854047236,271.8801432851972
1227096.022374,-1011.4943854047236,271.8801432851972
1227097.129219,-1011.4943854047236,271.8801432851972
1227104.584619,-1011.4943854047236,271.8801432851972
1227111.135667,-996.32132351746,268.5837033136541
1227135.279795,-985.93050341787,257.3917851721086
1227135.285294,-974.2588804077684,210.78845791512765
1232279.674614,-119.05201896014746,728.3394975023971
1232287.828559,-121.8768156108504,721.6506080079881
1232293.610707,-121.8768156108504,721.6506080079881
1232305.59346,-121.8768156108504,721.6506080079881
1232307.612502,-121.8768156108504,721.6506080079881
1232314.60897,-121.8768156108504,721.6506080079881
1232321.717631,-121.8768156108504,721.6506080079881
1232328.815818,-130.0884414730944,708.8335339496942
1232328.825599,-130.0884414730944,708.8335339496942
1232335.614712,-144.99154520765194,689.7568571774448
1232343.0073,-225.37276977399344,653.0260740904807
1232349.607698,-281.3038066352982,624.0667097483813
1232356.934409,-308.74652647465985,576.702381959543
1232363.961772,-288.3826071645576,518.3687405678544
1232371.187186,-267.5800220408928,479.6955135485568
1232377.606271,-261.61376214018645,470.9202271272764
1232385.15709,-261.61376214018645,470.9202271272764
1232393.136576,-260.99348303971215,467.9730316547897
1232399.215621,-255.9985255209997,442.7836412065543
1232405.952247,-304.0415880757375,390.7296861519734
1232413.231871,-350.55662249727465,373.1690155768541
1232419.936844,-399.7630727963244,358.6304146588312
1232426.717271,-438.8162160319316,345.1943075997771
1232433.61264,-441.618929063482,344.38128357511283
1232440.609684,-449.298919851613,342.89059385858275
1232448.227818,-496.6470264252254,327.1871332251018
1232456.321781,-529.8929541715269,344.75937786967245
1232461.604017,-561.7093360096482,377.0661909176068
1232468.610146,-592.536007703158,417.94585117535007
1232475.937405,-592.536007703158,417.94585117535007
1232482.934485,-592.536007703158,417.94585117535007
1232490.478191,-604.847533669494,429.11659551136376
1232496.938307,-639.7459501939582,463.086554255154
1232504.963331,-675.6553543455959,501.6795216376208
1232510.615538,-714.379164851682,545.5589576043382
1232517.611472,-732.9313283401838,548.0555118666305
1232525.265048,-752.8414726808655,577.2512824900464
1232531.70782,-777.3750930779679,646.4258286495417
1232539.802114,-798.0698486821279,646.8255647863824
1232545.69518,-820.7154235389195,632.8219813422687
1232552.613094,-843.9671131658953,618.1789300799953
1232560.706027,-858.7653665444332,609.6189570050269
1232573.702502,-858.7653665444332,609.6189570050269
1232573.706086,-917.7411448704844,588.8918692576486
1232580.939707,-958.033001367246,568.9092935119704
1232587.82849,-991.9086319389108,550.7588304978863
1232595.668296,-1003.481017576942,539.4476850518912
1235372.793166,-1019.6023774586783,262.2039218556305
1235381.706078,-1010.00447944307,267.036680488434
1235386.792792,-1010.00447944307,267.036680488434
1235393.863845,-1010.00447944307,267.036680488434
1235400.799979,-1010.00447944307,267.036680488434
1235408.160043,-1001.5804178416246,279.0578275111712
1235415.142915,-982.4101471038792,261.4925834807255
1235423.350464,-963.6845389607764,216.0274926045681
1235431.89627,-956.2950293897562,178.8081424989385
1235435.796014,-956.2950293897562,178.8081424989385
1235443.723672,-954.5692291402336,171.1575930436078
1235450.148632,-935.989793312578,168.43714688979853
1235456.811555,-916.1187946484756,179.21066645492607
1235465.6648,-882.2295982831442,194.71151673623123
1235471.125342,-850.4074071230206,207.1760869671077
1235479.356394,-806.278287487592,220.66202041608503
1235487.080617,-758.8366970495867,234.03864701743512
1235492.128603,-671.8299358764219,260.3694255692207
1235498.903865,-603.8890843098203,280.3864155927857
1235506.849933,-559.6844178646081,291.74955195636016
1235514.274144,-548.6373216526948,296.8337355647417
1235520.128015,-548.6373216526948,296.8337355647417
1235527.12987,-541.1742132791662,302.8069801604369
1235534.140088,-471.0913371009876,328.87860314199474
1235540.928406,-413.9079514332367,348.74182280915704
1235549.852204,-365.22486464706856,362.407353959723
1235554.805671,-341.788852656122,373.5497270403605
1235562.189068,-341.788852656122,373.5497270403605
1235570.024558,-325.68906970279687,384.2346255827088
1235575.861842,-286.2867025326048,397.4336485408821
1235582.800118,-252.21651893842844,410.3926159258291
1235589.80662,-231.4665041820724,432.3207322245839
1235597.925849,-239.82360531823784,455.8839598517704
1235603.912612,-239.82360531823784,455.8839598517704
1235610.903808,-239.82360531823784,455.8839598517704
1235618.138031,-239.82360531823784,455.8839598517704
1235625.182837,-239.82360531823784,455.8839598517704
1235632.158978,-239.82360531823784,455.8839598517704
1235639.686312,-261.55188923176485,488.86940588699247
1235645.802993,-294.4547764157356,539.0699962531831
1235652.815707,-310.0145145533235,584.4308336324849
1235659.805271,-243.64003045245883,648.9634268331948
1235667.213454,-187.03823212193976,677.0561498201903
1235674.120579,-153.99797030347895,693.4644641405338
1235681.145847,-147.46105910265246,698.3087542143126
1235688.229567,-147.46105910265246,698.3087542143126
1235694.816488,-147.46105910265246,698.3087542143126
1235701.81961,-147.46105910265246,698.3087542143126
1235708.810359,-147.46105910265246,698.3087542143126
1235716.121438,-140.0548924654374,704.4212202253688
1235722.819382,-123.3047083810261,750.051210036028
1235729.935122,-137.05152785742283,774.4157845664116
1235737.47642,-159.19035624110776,765.3671979121002
1235744.901541,-199.2378281806896,743.7629731277717
1235751.130281,-214.70847731639907,732.3898052482534
1235758.120788,-235.12020274467764,721.3152904440667
1235764.808957,-274.26187530042466,700.4619782410498
1235772.147111,-296.57534123123594,695.7407069378231
1235778.806456,-307.0386599575568,731.0638001882822
1235786.133246,-320.8625252107272,764.3608057749884
1235835.199718,-486.3773704214954,738.0192322003976
1235841.808188,-473.98311893874825,712.1095214832934
1235849.132699,-449.58815896377575,713.6453669713192
1235855.879212,-449.58815896377575,713.6453669713192
1235863.146515,-449.58815896377575,713.6453669713192
1235870.159745,-449.58815896377575,713.6453669713192
1235876.819722,-449.58815896377575,713.6453669713192
1235884.920571,-449.58815896377575,713.6453669713192
1235891.562572,-449.58815896377575,713.6453669713192
1235897.811576,-445.3557037624812,727.6932214617727
1235907.629149,-445.3557037624812,727.6932214617727
1235911.865341,-420.4048902033885,740.9671009291951
1237769.384918,-126.64232178718476,749.9901610336783
1237776.431135,-127.23419946756454,739.0918890572755
1237783.409487,-127.23419936792028,739.091887869149
1237790.408885,-127.23419936792028,739.091887869149
1237797.410601,-127.23419936792028,739.091887869149
1237804.069338,-127.23419936792028,739.091887869149
1237811.494114,-127.23419936792028,739.091887869149
1237818.394046,-125.2063465374805,734.7679938336839
1237825.393014,-138.52876323324412,705.4538161378321
1237832.386149,-234.66976869589132,661.6134816454291
1237839.652395,-290.2522884068866,629.5784103428167
1237846.412207,-305.2230197863454,617.0345133957919
1237853.734288,-305.2230197863454,617.0345133957919
1237860.397247,-305.2230197863454,617.0345133957919
1237867.544824,-305.2230197863454,617.0345133957919
1237876.347923,-307.42415639176573,607.690759730521
1237881.060889,-313.9970370049078,580.5819871484131
1237889.097429,-300.617947990718,539.4608942557935
1237895.390692,-262.82054268864704,484.6564923691821
1237902.425812,-264.24976732676106,439.6552426531721
1237909.075863,-287.9046294305406,413.0038303334794
1237916.079936,-318.633346149826,388.13499260725473
1237923.629065,-360.93832778016207,370.6840172804533
1237930.382182,-408.37430767052007,350.5267617450979
1237937.408636,-473.1233607649775,325.1686588422393
1237946.046,-519.6412600183778,329.7731717019713
1237951.400732,-547.9056994723782,361.0251328807807
1237958.165575,-582.24425989405,416.12865879817326
1237965.542274,-617.9282262959299,451.2618414116927
1237973.020989,-657.6802678291972,491.6625167178037
1237979.076359,-694.6341578256925,536.8871789001761
1237987.030128,-718.4819184654881,552.7761824326349
1237993.082951,-742.97478844644,568.5387329815456
1238000.428712,-767.9893624284175,621.1463835286726
1238007.390586,-776.4989536654299,637.5816076398637
1238014.094103,-777.2274692174427,638.4886105958253
1238021.110009,-796.2009595730001,663.0142023079162
1238029.10786,-831.4185785704772,692.5331091095918
1238035.682084,-855.6645602656813,719.228239351968
1238045.43193,-887.1596377122744,760.3773639420056
1238523.546244,-7.818375252273468,686.6473084455939
1238530.877843,-39.0903491729727,669.0687196427214
1238537.542869,-46.14685403767031,661.5442802169138
1238545.555359,-46.14685403767031,661.5442802169138
1238553.090119,-46.14685403767031,661.5442802169138
1238559.641762,-46.14685403767031,661.5442802169138
1238565.887543,-49.15419436040379,655.591351250354
1238572.589682,-38.27604209038525,632.8915951655198
1238580.118369,43.913141924116616,593.3749902256885
1298415.578921,32.38833993686997,-0.911737527758093
1298422.192967,6.963250411773588,-21.7317546592677
1298434.792781,6.963250411773588,-21.7317546592677
1298436.064122,-1.9796814431368677,-33.63715789590241
1298443.373902,-66.40622276370014,-80.34807539119842
1298450.376454,-111.25086378810606,-113.72090603477623
1298457.091403,-164.0030252116105,-161.91875287776156
1298465.528643,-201.18012439067448,-197.61242143786131
1298471.092391,-201.18012439067448,-197.61242143786131
1298479.315741,-201.18012439067448,-197.61242143786131
1298485.144448,-201.18012439067448,-197.61242143786131
1298492.478226,-201.18012439067448,-197.61242143786131
1298500.238495,-208.6470382739469,-199.3458930229656
1308445.642608,-856.5361375494679,-204.56213772226096
1308449.538004,-860.5732707923124,-187.34595657900772
1308452.33539,-860.5732707923124,-187.34595657900772
1308459.656892,-855.8178259455219,-149.42463117592794
1308468.654272,-865.3466839197516,-125.91693059790084
1308473.676914,-870.7386885330217,-107.05516439860232
1308480.370975,-883.2018740980544,-59.52991480478384
1308487.370992,-894.4134661354022,-24.572888348072876
1308494.678273,-895.7786845118778,-14.732211782773488
1308514.667821,-913.0151104118972,25.957249390112143
1308514.675736,-917.5735898119692,39.11450915621175
1308515.587324,-929.1676310175726,61.95723144145258
1308515.588844,-929.1676310175726,61.95723144145258
1308517.881442,-929.1676310175726,61.95723144145258
1308531.861136,-935.9404275055329,74.01261145388963
1308531.865242,-946.2116664930336,111.52533475091846
1308538.72322,-949.3010614830872,119.37656652739992
1308555.815367,-919.3202251651472,176.16115028835438
1308555.815999,-919.3202251651472,176.16115028835438
1308557.170899,-919.3202251651472,176.16115028835438
1308564.239438,-883.286934213548,189.38685758798343
1308571.519851,-849.4730914869655,202.93314233739815
1308578.581096,-799.7597684246107,225.26925387027512
1308586.775717,-735.0725109310742,250.7468343650124
1308592.52278,-683.79201998183,271.03545988724267
1308599.172491,-622.7980316505984,289.6740090378467
1308606.191764,-536.9965817128898,319.9875140201735
1308613.602779,-534.9952881560556,320.2791071501613
1308624.259581,-534.9952881560556,320.2791071501613
1308627.277216,-534.9952881560556,320.2791071501613
1308634.905278,-534.9952881560556,320.2791071501613
1308643.522573,-534.9952881560556,320.2791071501613
1308648.221532,-534.9952881560556,320.2791071501613
1308656.153354,-524.779260073429,325.0788786085354
1308663.94885,-519.570670967062,336.08161329104263
1308669.246215,-542.0190088291839,361.3205310139858
1308677.662735,-582.2311251456252,396.2071275893385
1308683.17892,-586.2431563799803,402.5806583497805
1308690.596986,-602.5775573567746,415.22958132703405
1308697.190141,-623.323231824739,441.1925233806067
1308704.175198,-655.8465449819633,473.1407669515304
1308711.80827,-694.1606077259183,511.17555725154017
1308720.015654,-711.1677341262524,541.7675650320341
1308725.187016,-734.9785439091147,548.5220838460907
1308732.176133,-760.0960378576191,590.4542630227716
1308740.389591,-768.222611691718,605.2184718014307
1308746.187525,-768.222611691718,605.2184718014307
1308753.724324,-768.222611691718,605.2184718014307
1308760.779231,-768.222611691718,605.2184718014307
1308770.996751,-768.222611691718,605.2184718014307
1308770.997315,-768.222611691718,605.2184718014307
1308777.318503,-768.222611691718,605.2184718014307
1308785.714904,-777.6996830672527,613.3388351196571
1308791.313989,-786.7240609715735,623.5430269624251
1308802.296689,-793.1964209712281,634.3352748023248
1308807.167205,-793.1964209712281,634.3352748023248
1308813.156207,-800.8233310702285,640.3278922000138
1308819.357994,-818.2615140333261,661.1608647235107
1308826.314157,-842.3946928840942,687.2071509314194
1308837.685178,-865.2568848528996,712.1058931002875
1308840.406569,-877.0317962258889,723.000637684608
1308847.356627,-877.0317962258889,723.000637684608
1308855.314417,-889.7906778959591,739.8199465012586
1308863.507013,-917.944423081499,767.337596505485
1309269.971984,-1015.836500229326,526.757490755849
1309269.972624,-1015.836500229326,526.757490755849
1309274.36358,-1010.9031926376132,527.8848358995999
1309283.26232,-1004.6013720670326,529.0272225487481
1309288.399783,-1004.6013720670326,529.0272225487481
1309310.577082,-990.041603102148,482.9823646179967
1309310.578751,-990.041603102148,482.9823646179967
1309321.476451,-981.3610760943108,471.7631685463713
1309321.47705,-981.3610760943108,471.7631685463713
1309322.673095,-979.7780434280756,463.5739651693107
1309329.681571,-983.689196820984,452.3093615665016
1309337.107732,-978.175468194088,433.4282662135454
1309345.652455,-970.6299654119448,407.72607267109385
1309350.681774,-968.9477163269636,389.6960111927432
1309357.998545,-968.9477163269636,389.6960111927432
1309381.300081,-897.8189481493649,408.2399355895653
1309381.30076,-897.8189481493649,408.2399355895653
1309382.400394,-897.8189481493649,408.2399355895653
1309382.401909,-897.8189481493649,408.2399355895653
1309383.844883,-897.8189481493649,408.2399355895653
1309391.107989,-853.4150520695698,424.0047630710845
1309399.396445,-818.2563501146503,443.3716350617304
1309404.520177,-784.7968962612524,464.9717066491798
1309415.487202,-768.4365231910178,472.1669467057221
1309419.129831,-751.0030958051542,479.64385102937774
1309425.840285,-729.9242555501928,491.35746209554816
1309432.509355,-719.3940315482228,476.2168012479852
1309440.355351,-710.1175174884008,451.4123440307772
1309446.522839,-705.6962780627151,431.8494730615883
1309456.727725,-698.1722911381578,428.62952744427145
1309460.514047,-662.9269833552105,433.3753669394882
1309467.837679,-638.5820500973202,445.00351553735936
1309474.627727,-638.5820500973202,445.00351553735936
1309481.512297,-627.9368548030667,434.8329711251168
1309489.058908,-625.3795649880304,423.4790515428526
1309495.861666,-620.9779401060932,423.7727276752022
1309502.517712,-592.8712261349447,429.848221779121
1309509.695854,-538.1624297326692,442.969632153192
1309516.73221,-507.9006058602329,450.1519463799096
1309523.724384,-494.62275789176806,478.8181019905401
1309530.587354,-474.47875332049045,513.7023877972699
1309537.796234,-443.1190184465031,491.5187268789546
1309544.523915,-426.8181017633825,464.89094838331033
1309555.493144,-422.3921221297547,428.16764708887416
1309558.637794,-416.1982721127344,404.0685547615808
1309566.414353,-415.5019832097469,389.3432074328183
1309572.86257,-422.38825189996896,380.9147062110195
1309580.208796,-428.8566396112771,371.71367003456487
1309586.881144,-450.5781054184031,352.79150920037563
1309593.715849,-460.35884885838186,340.85916253492525
1309601.90376,-460.35884885838186,340.85916253492525
1309607.640477,-460.35884885838186,340.85916253492525
1309615.1419,-460.35884885838186,340.85916253492525
1309623.922367,-460.35884885838186,340.85916253492525
1309628.518358,-460.35884885838186,340.85916253492525
1309635.534489,-481.26364595198174,321.42990621913
1309642.934836,-517.3998314032001,325.2360234333663
1309649.533293,-535.6882883804271,343.8141918944204
1309656.849211,-545.4248124212941,354.395704307792
1309663.863289,-545.4248124212941,354.395704307792
1309672.519643,-545.4248124212941,354.395704307792
1309681.59986,-545.4248124212941,354.395704307792
1309685.145275,-545.4248124212941,354.395704307792
1309692.345447,-545.4248124212941,354.395704307792
1309701.961811,-545.4248124212941,354.395704307792
1309705.591287,-545.4248124212941,354.395704307792
1309712.521806,-545.4248124212941,354.395704307792
1309719.523983,-545.4248124212941,354.395704307792
1309727.868743,-545.4248124212941,354.395704307792
1309735.546069,-545.4248124212941,354.395704307792
1309741.07368,-545.4248124212941,354.395704307792
1309748.119165,-545.4248124212941,354.395704307792
1309754.53407,-545.4248124212941,354.395704307792
1309762.594313,-545.4248124212941,354.395704307792
1309768.544818,-545.4248124212941,354.395704307792
1309775.574743,-545.4248124212941,354.395704307792
1309782.897694,-545.4248124212941,354.395704307792
1309789.861856,-545.4248124212941,354.395704307792
1309796.85465,-545.4248124212941,354.395704307792
1309803.524002,-545.4248124212941,354.395704307792
1309810.677835,-545.4248124212941,354.395704307792
1309817.848321,-545.4248124212941,354.395704307792
1309824.84825,-545.4248124212941,354.395704307792
1309831.844501,-545.4248124212941,354.395704307792
1309838.531612,-548.4251124872583,357.13867009637886
1309846.400349,-548.4251124872583,357.13867009637886
1309852.678131,-548.4251124872583,357.13867009637886
1309859.525534,-548.4251124872583,357.13867009637886
1309869.251767,-548.4251124872583,357.13867009637886
1309873.536155,-548.4251124872583,357.13867009637886
1309880.527614,-548.4251124872583,357.13867009637886
1309887.847312,-548.4251124872583,357.13867009637886
1309894.534643,-548.4251124872583,357.13867009637886
1309902.541386,-548.4251124872583,357.13867009637886
1309913.095608,-548.4251124872583,357.13867009637886
1309915.860346,-548.4251124872583,357.13867009637886
1309923.507694,-548.4251124872583,357.13867009637886
1309929.853747,-548.4251124872583,357.13867009637886
1309936.533232,-548.4251124872583,357.13867009637886
1309945.06085,-548.4251124872583,357.13867009637886
1309950.864943,-548.4251124872583,357.13867009637886
1309960.027491,-548.4251124872583,357.13867009637886
1309964.537748,-548.4251124872583,357.13867009637886
1309971.531767,-548.4251124872583,357.13867009637886
1309978.856295,-548.4251124872583,357.13867009637886
1309985.856365,-548.4251124872583,357.13867009637886
1309992.858796,-548.4251124872583,357.13867009637886
1310001.022856,-548.4251124872583,357.13867009637886
1310007.007973,-548.4251124872583,357.13867009637886
1310013.869439,-548.4251124872583,357.13867009637886
1310020.545636,-548.4251124872583,357.13867009637886
1310029.3953,-548.4251124872583,357.13867009637886
1310034.529831,-547.8203368353126,357.8407136125056
1310042.25374,-547.1090432297196,358.1732074940279
1310048.534209,-546.9938488394743,358.81801807112976
1310055.54416,-564.0932616502333,369.4470785377072
1310063.327878,-580.6962438496558,393.5642770135227
1310076.56088,-593.8607243872239,418.2179561930412
1310079.38865,-600.1221585590076,428.82087121828977
1310083.685942,-600.1221585590076,428.82087121828977
1310091.061966,-604.3924118438091,432.5423016307876
1310097.556231,-636.5529168483981,462.0104318360004
1310104.539692,-662.873744082249,488.19300338696206
1310114.300304,-684.2787530913271,506.8687377570183
1310118.880656,-706.0845540486185,527.73731233069
1310125.544261,-718.0772918098821,541.2147107339513
1310132.86976,-717.1708892292679,542.0018450590703
1310139.869572,-717.1709035765683,542.0018544672504
1310146.874897,-717.1709035765683,542.0018544672504
1310153.926206,-717.1709035765683,542.0018544672504
1310156.726153,-717.1709035765683,542.0018544672504
1310160.677758,-717.1709035765683,542.0018544672504
1310167.641833,-717.1709035765683,542.0018544672504
1310176.949038,-717.1709035765683,542.0018544672504
1310181.889685,-717.1709035765683,542.0018544672504
1310188.926845,-722.7434128126358,538.8801983157692
1310195.580868,-731.32338565978,535.522450392875
1310202.863016,-735.0433120361961,535.583385904052
1310212.873314,-737.0052399159161,535.6868916531145
1310216.611263,-737.4063558790137,535.9742491279628
1310223.657743,-735.6093521401699,536.9113175445691
1310230.578445,-734.4186153265028,537.2209310589202
1310237.857683,-735.5281401068478,537.0754320881816
1310248.162888,-734.5816609659812,540.5738016784684
1310251.881475,-735.1972213118001,540.8708235374966
1310258.870968,-735.7237467322428,540.2855698902737
1310265.869036,-736.8974665190026,539.446805988868
1310272.874079,-737.1697940472587,539.122476528719
1310283.755033,-736.9189281077033,539.3515204910148
1310286.927509,-736.8798254465858,538.8454006458709
1310294.885062,-736.9350652354824,538.5304163590317
1310300.605127,-737.0956572446865,538.0171118700381
1310307.585802,-737.2242380460805,537.1907894805901
1310317.210017,-737.8503291247291,536.4258980394244
1310321.871149,-738.4635723930088,535.7665335814919
1310328.584544,-739.2659862786228,535.3241898799931
1310335.868346,-740.3731649794802,535.0058369545466
1310342.856113,-740.8222207153393,535.2230071895551
1310354.677729,-741.1398482278938,535.6422578396239
1310356.551611,-741.607949520497,535.6465587258806
1310363.583295,-741.5532796988749,535.6254033401345
1310370.928225,-740.7685651961535,536.3986177180226
1310377.609218,-739.769125911451,535.9029788526403
1310387.740454,-737.5204227567148,535.8109419856297
1310391.59222,-735.6401956398041,536.6488194105449
1310399.05774,-734.409351115054,539.2038632453097
1310405.543926,-732.997188978512,539.87162325401
1310413.227368,-731.608024040658,540.5075345822279
1310419.87284,-731.2135729786615,540.8586901163493
1310427.15184,-731.0393679967997,541.1253220086302
1310433.868714,-730.8940340462731,541.4817504024468
1310440.869863,-730.6647472951064,541.3535789854764
1310447.569281,-730.4477390509358,540.6936698613496
1310459.713009,-730.8738920696011,540.6434324281765
1310461.942668,-730.790530827939,540.5940847550534
1310470.03395,-730.295904981732,540.6166556263597
1310477.498707,-729.6459562809845,541.09397116136
1310483.021727,-729.1568554094449,541.3216233556899
1310491.45298,-728.456444962952,540.7070877570922
1310496.573571,-728.1287014369889,540.4418335844205
1310505.209034,-729.0433560345872,541.5677817831905
1310511.525785,-729.1072306123139,543.5911337899945
1310517.550998,-729.4804620814436,544.8000333322144
1310527.627743,-729.324974792784,545.1305925022045
1310532.156788,-729.3166107523181,545.5083029322649
1310538.709322,-728.861275260619,545.7232896511279
1310548.635171,-728.0741503188088,545.1580562475599
1310555.65655,-730.1631718754669,543.9618564911686
1310559.939459,-730.9330380934696,544.108908409798
1310569.173908,-731.1036417267615,544.3690005174337
1310573.552661,-730.8933769909413,543.7725106929747
1310580.972485,-730.6767008260326,544.7240320130179
1310587.707418,-730.7878982919857,545.0590341634722
1310594.884797,-730.3651307567361,545.360842292372
1310601.89287,-729.1107396948623,545.4233510985083
1310608.55327,-728.0934157736501,544.6453719997354
1310616.898085,-727.2803339886424,544.1258452714075
1310622.558669,-726.3498634555,543.4501927555897
1310629.553933,-726.072262582346,543.1634156698142
1310638.577837,-725.9730980511222,542.9214810881656
1310643.551867,-724.7261096853857,542.9103373021205
1310651.894342,-725.2783407426032,543.4350953490907
1310657.577332,-728.0898535671461,542.7961912643499
1310665.156214,-729.6195001613426,541.4360788282174
1310672.013905,-730.1719316243979,541.0574028578861
1310679.199563,-730.5549030233645,540.8275259360458
1310687.075674,-731.2139384988935,540.7796206925981
1310692.670185,-731.4789543936242,540.4062576478475
1310701.319281,-731.7608922196914,540.0444679799593
1310706.879801,-732.0276762437244,539.7532952534162
1310713.572512,-732.1769840334346,539.5376810609991
1310721.495632,-732.2124359561813,539.2564097763909
1310727.683465,-732.1737812645871,537.9340833284971
1310734.661198,-730.5216932054202,538.1765975455701
1310744.706959,-728.7637000194967,538.3925082990656
1310749.424643,-727.0760995449422,538.8340224211578
1310759.004349,-726.2641571302217,539.2825826162679
1310762.880483,-725.5130276741687,539.6289123275751
1310771.173459,-725.4378113217665,539.7839701295162
1310780.168679,-725.4378113217665,539.7839701295162
1310783.578109,-725.4378113217665,539.7839701295162
1310796.453659,-725.4378113217665,539.7839701295162
1310797.606955,-725.4378113217665,539.7839701295162
1310805.272774,-725.4378113217665,539.7839701295162
1310811.561246,-725.4378113217665,539.7839701295162
1310818.647418,-725.4378113217665,539.7839701295162
1310825.609732,-725.4378113217665,539.7839701295162
1310832.573589,-725.4378113217665,539.7839701295162
1310839.564098,-725.4378113217665,539.7839701295162
1310847.237557,-725.4378113217665,539.7839701295162
1310856.808418,-725.4378113217665,539.7839701295162
1310862.081209,-725.4378113217665,539.7839701295162
1310867.977523,-725.4378113217665,539.7839701295162
1310879.851416,-725.4378113217665,539.7839701295162
1310881.60274,-725.4378113217665,539.7839701295162
1310888.929634,-725.4378113217665,539.7839701295162
1310895.607874,-725.4378113217665,539.7839701295162
1310904.221622,-725.4378113217665,539.7839701295162
1310910.357296,-725.4378113217665,539.7839701295162
1310916.56941,-729.4277745532494,535.9761358204508
1310924.114067,-729.6185790625575,536.5819624580799
1310931.712905,-729.1498948991699,538.2438782892231
1310938.647459,-729.1284583788135,539.2903744664683
1310944.572134,-728.6706906906771,539.4904311371697
1310952.335222,-726.7925988496833,540.354189401947
1310958.593669,-726.027944695627,540.3109949643051
1310966.322012,-727.6131412346349,536.5082519441852
1310972.563863,-729.6780842587581,534.3815214772305
1310980.14521,-729.8691092635842,534.0782226182566
1310989.163281,-729.8691092635842,534.0782226182566
1310997.479173,-729.8691092635842,534.0782226182566
1311000.571909,-729.8691092635842,534.0782226182566
1311007.565691,-729.8691092635842,534.0782226182566
1311015.668581,-729.8691092635842,534.0782226182566
1311021.917838,-729.8691092635842,534.0782226182566
1311032.2013,-729.8691092635842,534.0782226182566
1311035.94437,-729.8691092635842,534.0782226182566
1311042.899605,-729.8691092635842,534.0782226182566
1311049.909753,-729.8691092635842,534.0782226182566
1311057.969236,-729.8691092635842,534.0782226182566
1311063.579117,-729.8691092635842,534.0782226182566
1311070.89955,-729.8691092635842,534.0782226182566
1311077.567312,-729.8691092635842,534.0782226182566
1311085.556016,-729.8691092635842,534.0782226182566
1311092.187275,-729.8691092635842,534.0782226182566
1311100.637618,-729.8691092635842,534.0782226182566
1311105.71745,-729.8691092635842,534.0782226182566
1311113.757942,-729.8691092635842,534.0782226182566
1311120.412434,-729.8691092635842,534.0782226182566
1311132.587931,-729.8691092635842,534.0782226182566
1311135.017053,-729.8691092635842,534.0782226182566
1311141.236636,-729.8691092635842,534.0782226182566
1311148.122448,-729.8691092635842,534.0782226182566
1311156.606128,-729.8691092635842,534.0782226182566
1311164.744349,-729.8691092635842,534.0782226182566
1311168.677492,-729.8691092635842,534.0782226182566
1311176.048246,-729.5443996163644,530.8876449050958
1311182.74131,-727.9399282540489,527.2093248399855
1311189.595183,-722.7298475289016,522.836653292961
1311196.864132,-722.7298475289016,522.836653292961
1311205.761294,-721.212518409206,521.36915855992
1311210.597506,-715.8058015625497,519.4838707589083
1311218.512534,-712.2098265286185,518.3849023820568
1311224.582105,-710.3769704947222,517.4714338848669
1311232.67728,-708.4560488375726,518.3148648027171
1311238.585141,-709.7268022028742,519.2319059583367
1311247.145291,-709.9564306090455,519.9033596799102
1311253.173822,-711.1325417079829,520.9966706363828
1311259.752206,-713.8173331554982,522.2739783644124
1311268.823446,-716.7364766009932,523.2314216599615
1311273.591042,-717.6007156979954,523.4119768050758
1311281.505751,-718.1225500799429,523.8368081763513
1311288.228539,-721.0898712526536,525.8781756578737
1311294.900004,-726.837657220076,529.6645748737857
1311304.941813,-728.9187470390999,528.1497803105088
1311309.446774,-728.9188085359746,528.1497380040905
1311316.819007,-728.9188085359746,528.1497380040905
1311322.680399,-728.9188085359746,528.1497380040905
1311329.903192,-728.9188085359746,528.1497380040905
1311343.180248,-728.9188085359746,528.1497380040905
1311344.035277,-728.9188085359746,528.1497380040905
1311350.655884,-728.9188085359746,528.1497380040905
1311357.643632,-728.9188085359746,528.1497380040905
1311364.783612,-728.9188085359746,528.1497380040905
1311373.482921,-728.9188085359746,528.1497380040905
1311378.920368,-728.9188085359746,528.1497380040905
1311386.151439,-728.9188085359746,528.1497380040905
1311390.124949,-728.9188085359746,528.1497380040905
1311393.401891,-728.9188085359746,528.1497380040905
1311401.549575,-728.9188085359746,528.1497380040905
1311409.587416,-728.9188085359746,528.1497380040905
1311413.812079,-728.8356061850562,528.1241857201214
1311420.921518,-725.7641070144626,522.59556380546
1311427.622774,-726.4155246836875,520.6981747131979
1311434.811973,-719.2267253726525,499.1372423043079
1311441.587437,-702.7564256355133,449.0515614308033
1311450.542521,-703.1795393899707,437.4055252834259
1311455.613426,-696.6574282201437,414.9227679149362
1311466.028565,-657.9863886187571,426.8924386215998
1311470.514861,-640.1700425775556,433.7179030065009
1311476.75176,-618.6140190104383,431.04310354776334
1311484.001604,-514.9398402549688,441.082246390392
1311491.395644,-500.9459079997332,465.5501090966561
1311497.594177,-491.08627989457534,500.4376902092219
1311507.918731,-489.61692401250616,503.2918825246907
1311512.301075,-481.1265168023186,509.0054391696622
1311518.640416,-454.86663457718737,494.30627339931874
1311529.398006,-403.37226036755294,450.3264090033786
1311532.583409,-371.209461135945,427.7560806515635
1311543.409299,-350.78951857969747,412.7651741302428
1311546.769288,-337.9791397140425,402.3848457252852
1311553.913012,-312.51687577430044,387.4456377677023
1311561.21163,-274.71504402553137,387.581336184933
1311567.594986,-220.2998330376705,414.1202985286248
1311574.630894,-176.4368604071676,435.1710895377886
1311581.886505,-144.20727258260305,453.1969304042056
1311588.628651,-108.06820628101671,478.07399311540223
1311596.169759,-77.93854228348864,493.7122333018952
1311604.078003,-35.56271342174657,522.4155944523441
1311609.667648,46.17959784609843,544.2007975434855
1312908.112236,-130.6888025694033,777.6551278464646
1312912.849123,-119.5143149296932,747.5228486321049
1312916.621871,-119.5143149296932,747.5228486321049
1312921.457799,-119.07832961525938,744.3792841114671
1312928.587908,-119.07832961525938,744.3792841114671
1312936.397296,-119.07832961525938,744.3792841114671
1312943.871145,-119.07832961525938,744.3792841114671
1312949.772339,-128.24722360401358,713.6481005504911
1312956.771293,-194.68049592552617,681.0363150343977
1312964.077297,-247.9612127650948,656.8995553184003
1312971.839244,-302.0049088384044,617.0064553475817
1312977.779612,-289.18518903658355,530.0813952014893
1312988.214785,-275.3405155899597,503.67875765447945
1312991.473193,-261.40453011156524,483.03721555400136
1312999.702088,-259.3499285894845,480.658724463477
1313005.571471,-254.0232094851409,472.05395025914646
1313012.780695,-277.38802962514234,424.7023802213349
1313026.183218,-288.46710856506087,411.9751389346529
1313026.862606,-288.46710856506087,411.9751389346529
1313033.825772,-288.46710856506087,411.9751389346529
1313041.046246,-288.46710856506087,411.9751389346529
1313048.939159,-288.46710856506087,411.9751389346529
1313054.475535,-291.52887590822525,388.12649390096266
1313061.460459,-266.3885536958581,354.0662004369573
1313068.773837,-232.67386859704743,317.9776385515597
1313075.782069,-187.61602917710923,291.7064394298996
1313082.48776,-153.92679869679762,268.8905402477173
1313089.772644,-144.50845326837617,262.81823505204954
1313096.552056,-144.50845326837617,262.81823505204954
1313104.602578,-144.50845326837617,262.81823505204954
1313110.460098,-144.50845326837617,262.81823505204954
1313118.710604,-144.50845326837617,262.81823505204954
1313124.49001,-144.50845326837617,262.81823505204954
1313131.44944,-144.50845326837617,262.81823505204954
1313138.895123,-144.50845326837617,262.81823505204954
1313146.768513,-132.53619075173924,251.4154468316271
1313154.149434,-109.75474058440524,236.06892959850435
1313159.874787,-108.1385305003189,235.17549198666487
1313166.462053,-108.1385305003189,235.17549198666487
1313174.272819,-108.1385305003189,235.17549198666487
1313181.910603,-108.1385305003189,235.17549198666487
1313187.460654,-108.1385305003189,235.17549198666487
1313197.597856,-108.1385305003189,235.17549198666487
1313201.701941,-108.1385305003189,235.17549198666487
1313208.490184,-108.1385305003189,235.17549198666487
1313215.842008,-108.1385305003189,235.17549198666487
1313223.005147,-108.1385305003189,235.17549198666487
1313232.892082,-95.23941247266332,213.3348482026372
1313236.783191,-125.83430822698932,184.65482472036143
1313244.002819,-173.4485592520926,137.85381586981154
1313252.675179,-236.35245959691065,76.22791815396334
1313257.469024,-280.7586992354909,31.419710158449035
1313264.452449,-337.2311371736436,-21.00137853029652
1313272.022699,-400.1931550773229,-94.00085716516432
1313278.797964,-416.7075798186139,-148.82441512513057
1313293.366108,-415.6273892650005,-200.34796005957165
1315349.504147,-835.2895628410292,-219.51141359953155
1315349.507773,-855.2439211025627,-152.9357290962106
1315354.569075,-868.4855632886179,-113.15283801209635
1315364.372791,-868.9808249799559,-107.24360247351656
1315368.54799,-871.8690993495352,-77.48122406351254
1315383.802082,-883.4620555889934,-34.623546318610856
1315383.81103,-903.3801389159838,15.085274907977944
1315389.679684,-923.0791602162382,59.834593020086224
1315397.542456,-924.9507022237084,65.53419468404554
1315403.853981,-924.9507022237084,65.53419468404554
1315411.105612,-932.272804867916,82.22905691398047
1315421.626547,-935.9255825233548,95.60111051436928
1315424.525314,-935.9255825233548,95.60111051436928
1315431.880202,-935.9255825233548,95.60111051436928
1315438.8386,-936.963421533154,101.02221563634772
1315469.787123,-941.7535204198196,165.6988828444265
1315469.787816,-941.7535204198196,165.6988828444265
1315479.736202,-936.3151272541472,169.186931549816
1315479.736745,-936.3151272541472,169.186931549816
1315481.28281,-916.6045259436426,177.62359243049514
1315488.830268,-870.2598500692278,199.5000373374032
1315530.779484,-675.709541055413,255.021650404832
1315530.780227,-675.709541055413,255.021650404832
1315532.469676,-675.709541055413,255.021650404832
1315539.221997,-640.6302004327272,266.19451170783594
1315546.479541,-586.5273349087414,285.0084820304605
1315553.248548,-526.7752627680813,308.5256531619427
1315567.000369,-453.6607089427519,340.6780660119977
1315568.155192,-379.66983321830446,366.4618917720426
1315574.581594,-312.5815970838291,390.6431186048944
1315581.56452,-261.7724045670307,404.8072804954312
1315589.075028,-231.12135579518053,427.87980826700175
1315595.384654,-240.6987042740782,458.4310396288821
1315604.877651,-240.6987042740782,458.4310396288821
1315609.21985,-240.6987042740782,458.4310396288821
1315616.651203,-240.6987042740782,458.4310396288821
1315623.219427,-240.6987042740782,458.4310396288821
1315630.561926,-246.4217965986413,468.6374827585867
1315637.55005,-264.48038892547623,497.1443463130022
1315644.769798,-303.9198708799903,566.1598752122067
1315651.258571,-281.6297548313529,632.786203306151
1315660.091888,-230.3960836050132,660.8251742575204
1315672.617156,-168.92182254279163,688.7821034442176
1315672.620731,-145.11225298856397,701.7511066994767
1315679.268637,-145.11225298856397,701.7511066994767
1315686.212973,-118.3197578887224,736.8046825738268
1315695.943008,-126.02757580162483,778.4733994865519
1315980.248612,-127.25327489742136,745.3636077035569
1315987.562864,-137.68488248321987,708.7741819008852
1315994.234631,-173.6545822801357,685.0550681538468
1316003.846887,-237.88897434606636,658.82555543704
1316008.554021,-280.9460215647914,643.6169818575053
1316015.552753,-304.8711062249876,616.327792553882
1316022.561881,-314.5366708943616,579.1209041691944
1316030.357144,-295.97023934983406,542.1933632717247
1316036.226385,-271.24949109889474,499.0543695779883
1316044.965452,-259.7927105528312,442.1476513027376
1316050.235458,-291.5917762050564,407.3130662616471
1316057.556432,-324.0818667823791,385.0810871849387
1316064.240757,-369.8520500741265,370.3589786498728
1316072.815335,-376.8160846149263,366.8470335943724
1316078.813211,-394.42146825790655,357.521236111215
1316085.281291,-414.76291317531593,353.79258333180525
1316092.244288,-447.4211794476415,339.6323597591682
1316099.914524,-481.2136060704033,331.13131545626976
1316106.998006,-520.7047887673478,334.8944361463928
1316114.549723,-542.1534674627804,356.0572528828773
1316120.341174,-556.7876520600179,378.289533813725
1316127.705304,-578.1458915673954,408.1620508146989
1316134.768134,-595.8238270044889,413.44521329341967
1316142.509336,-595.8238270044889,413.44521329341967
1316148.669839,-648.5516910696928,443.2160537698547
1316155.578792,-648.5516910696928,443.2160537698547
1316162.278069,-702.7003270744297,513.1238339476844
1316169.24119,-713.5656735335594,521.0676000746959
1316176.590595,-713.5656735335594,521.0676000746959
1316183.482136,-712.3528671588201,479.1245939804126
1316190.253094,-705.4093086714746,455.5347303660616
1316197.845517,-696.528876602857,436.521761742834
1316204.554825,-701.1907280747732,411.7222321803196
1316211.651317,-727.4885876867597,406.4045509084089
1316218.240058,-750.7527053099792,394.1579204268931
1316225.554456,-789.520686708864,372.3159557705688
1316232.24602,-809.6012058105061,354.70678525406424
1316239.282734,-841.2167940732513,346.70525978947234
1316247.872712,-877.1111117509013,332.1931009248607
1316253.355087,-894.2781633509696,320.31675168995645
1316261.022383,-915.1341689718436,307.5381953894864
1316267.250289,-939.0578594911138,297.1776769213094
1316274.240993,-951.8364964539276,293.8657261772027
1316283.01179,-979.4043134297827,288.2877127417546
1316288.285061,-985.7452448193416,264.37086080906386
1316304.634613,-956.2628969311162,187.44803162433732
1316304.63521,-956.2628969311162,187.44803162433732
1316307.207087,-952.1654614010338,176.38141152856622
1316330.556841,-887.0366700937948,206.64818342219252
1316330.557461,-887.0366700937948,206.64818342219252
1316331.550988,-887.0366700937948,206.64818342219252
1316331.551543,-887.0366700937948,206.64818342219252
1316333.077991,-887.0366700937948,206.64818342219252
1316339.685787,-869.3932428123413,212.8858947896273
1316346.689346,-869.3932428123413,212.8858947896273
1316353.834362,-869.3932428123413,212.8858947896273
1316360.694501,-869.3932428123413,212.8858947896273
1316368.024432,-869.3932428123413,212.8858947896273
1316375.026792,-869.3932428123413,212.8858947896273
1316382.028327,-869.3932428123413,212.8858947896273
1316389.063177,-869.3932428123413,212.8858947896273
1316395.794913,-867.2574163985381,214.68783351896943
1316403.015522,-867.2574163985381,214.68783351896943
1316409.686756,-866.475385016808,214.5310092504254
1316417.598266,-857.812471228276,212.4814247969045
1316426.687791,-852.8402479267735,210.71539742759543
1316430.780721,-853.1114597919922,209.0756221009069
1316431.797632,-853.1114597919922,209.0756221009069
1316437.730217,-855.0112524032548,208.46998452858847
1316444.761084,-856.0144943544906,209.10579412950145
1316452.397679,-856.4143178150978,212.80543607070084
1316459.083436,-858.3082906059018,218.22324499436223
1316467.95735,-859.8245485061642,229.4740851370286
1316472.805048,-860.5779174446233,234.80949637406357
1316479.68649,-864.5727268607048,237.3069249161516
1316486.806183,-864.5741562807167,237.3073118109839
1316493.75489,-864.5741562807167,237.3073118109839
1316500.700483,-864.5741562807167,237.3073118109839
1316508.020205,-864.5741562807167,237.3073118109839
1316515.011,-864.5741562807167,237.3073118109839
1316521.693052,-864.5741562807167,237.3073118109839
1316529.014089,-864.5741562807167,237.3073118109839
1316536.96562,-864.5741562807167,237.3073118109839
1316542.74147,-864.5741562807167,237.3073118109839
1316550.408194,-864.5741562807167,237.3073118109839
1316558.96395,-864.5741562807167,237.3073118109839
1316563.706865,-864.5741562807167,237.3073118109839
1316570.700703,-865.3633084991711,238.7008747200472
1316580.994429,-865.3702834812981,238.71743812876048
1316585.023132,-866.1644513822475,239.5527491464856
1316591.982893,-866.1644513822475,239.5527491464856
1316599.564434,-866.1644513822475,239.5527491464856
1316605.707019,-866.1644513822475,239.5527491464856
1316613.028434,-864.5327681823853,245.1286431461631
1316620.026607,-864.820798610225,245.2784067242832
1316627.02172,-865.3984495441665,246.60489583016388
1316633.862864,-865.3984464490039,246.60498374373125
1316641.960186,-865.3984464490039,246.60498374373125
1316647.70431,-865.9770701786774,249.34085966945048
1316655.032372,-866.872950738912,252.40946701511615
1316662.020394,-870.3966845554311,254.27307244554947
1316672.49883,-871.9563354678025,253.02078865095015
1316675.730129,-871.9563363141891,253.02078802861385
1316684.324358,-872.5772988981023,253.26036632086
1316689.702425,-872.5772989063569,253.26036632086
1316697.032383,-872.5772989063569,253.26036632086
1316703.752002,-874.3928743582698,251.1848458071385
1316710.742924,-874.3968543378086,251.18588093722988
1316717.745129,-881.2421940998147,250.0823107821529
1316724.970236,-888.9511943276044,248.6248640632149
1316731.706736,-888.9511512939577,248.6248722942224
1316744.775951,-889.1727899425365,249.28401930979788
1316745.7042,-889.1701900346285,249.28678231084527
1316753.18437,-889.1701900346285,249.28678231084527
1316760.494948,-889.6508662731317,249.69333539117736
1316768.912805,-889.5399440365077,249.7827278966693
1316777.490234,-889.5399440365077,249.7827278966693
1316780.710462,-889.2408150826393,248.75306918709427
1316788.027103,-889.1673477740267,248.6600146471612
1316795.388802,-889.1673477740267,248.6600146471612
1316801.842304,-893.6725764835553,247.0900934593955
1316809.026011,-895.8422630403992,246.6733951532672
1316815.71482,-897.6384375386369,247.0899280963922
1316823.031058,-899.2418256241338,245.68206369475317
1316830.028325,-899.2428736828338,245.6786391314376
1316837.023217,-899.2428736828338,245.6786391314376
1316845.494829,-900.6951956247177,245.6146960234257
1316851.044311,-903.9251966178092,244.97704177987424
1316858.02705,-911.6152086854024,244.0851235444064
1316864.834878,-911.6626996503318,239.29671112559123
1316872.79927,-914.4539633519788,231.389073753457
1316880.18315,-916.0567319804884,230.7990239641658
1316885.732599,-916.7758813375278,231.41165242302
1316893.037517,-917.4155694146198,232.2298004371573
1316900.029521,-917.4155694146198,232.2298004371573
1316906.848209,-917.150395152036,230.50322495674524
1316913.751862,-918.3048454253968,232.1928049475436
1316920.782882,-919.8206750801425,235.58673352676416
1316929.521083,-919.4358160355032,234.7069874735474
1316934.752257,-919.4200957098308,234.712364773226
1316943.251015,-918.964595353063,234.16355181927196
1316950.804239,-919.07156302694,234.09457475713617
1316955.715694,-919.4033386274184,233.7711262267425
1316962.758203,-919.4679711394874,233.6952042394369
1316973.316985,-919.65881561219,232.80751495173868
1316976.710529,-919.2334746812184,232.4063751560033
1316984.086581,-920.7178396038662,231.3392192745356
1316991.032087,-921.9503455443086,224.6741370541826
1316997.709743,-919.167253866649,218.9392551490808
1317005.615465,-919.167253866649,218.93925513883175
1317013.278166,-919.167253866649,218.93925513883175
1317024.827221,-919.167253866649,218.93925513883175
1317028.894386,-919.167253866649,218.93925513883175
1317036.110175,-919.167253866649,218.93925513883175
1317039.715892,-919.167253866649,218.93925513883175
1317046.822325,-917.380765560232,218.3642913633866
1317055.72976,-915.5146833878708,216.6766468387285
1317063.309342,-914.7335845149494,216.12175019881187
1317068.782304,-914.0696251253634,214.25614737185367
1317074.726906,-912.9359685979576,211.38894369755485
1317082.518346,-911.9784109466516,208.6008073975248
1317089.867289,-910.7919794047392,205.5482898190424
1317102.563756,-911.9304797623406,203.18852200208104
1317104.652852,-913.8705491319964,203.3939490586486
1317109.716061,-914.6456448061672,203.6052524691912
1317116.757645,-917.753733276007,204.2917465987994
1317124.087176,-917.3084917336188,210.54329049445397
1317138.919824,-918.980327412142,219.56983743026163
1317138.923451,-918.980327412142,219.56983743026163
1317145.059237,-920.3699705814264,230.2555415394121
1317152.08321,-919.8452881805722,230.639352165251
1317159.08555,-918.9901592260746,227.0025959153544
1317174.514525,-919.2379643678644,226.286391854454
1317174.51823,-918.6488615443714,224.3022565963708
1317180.41539,-918.6481306946472,224.29745263760927
1317188.891134,-918.6481306946472,224.29745263760927
1317193.722316,-918.6481306946472,224.29745263760927
1317200.802103,-918.4833237387984,224.00321474215812
1317209.766268,-918.2703290814244,223.53250310319515
1317214.726121,-917.9283342316746,221.56670103104173
1317221.740111,-916.8197041217704,218.9467451477962
1317229.060958,-915.9390688495744,217.8592890398138
1317236.055203,-914.2325273828123,216.1206698407808
1317245.890891,-912.3693743763056,213.88023615224145
1317250.078081,-911.6738548520144,213.7767591572132
1317257.352979,-910.986802902703,213.72423823369212
1317265.171063,-909.5756769017246,211.64794220577164
1317271.046935,-908.9826761412766,210.5913227239684
1317283.476839,-908.9826761412766,210.5913227239684
1317285.041717,-915.4555460605152,208.2076905915449
1317291.856985,-918.3788630182888,206.163965707468
1317299.04305,-920.6128042027336,205.09464463380283
1317306.056311,-921.574296277537,204.4893321955168
1317316.474663,-922.836897591226,205.9493981304385
1317325.975002,-922.8702920238816,207.029767519408
1317326.805937,-923.2224328511916,212.19536644811643
1317334.360523,-919.918944817116,212.10979667908217
1317340.738212,-919.5161855689656,212.4498197258052
1317353.116084,-919.5161855689656,212.4498197258052
1317354.732326,-919.5161855689656,212.4498197258052
1317363.456181,-919.5161855689656,212.4498197258052
1317368.728137,-918.334575851077,207.91493575049373
1317375.72757,-918.0671334442586,207.21852234237855
1317386.215883,-918.0671334442586,207.21852234237855
1317389.738396,-918.0671334442586,207.21852234237855
1317397.296442,-918.0671334442586,207.21852234237855
1317405.006028,-918.0671334442586,207.21852234237855
1317410.868218,-917.866405734694,210.04165753924136
1317418.042852,-917.0529671513126,209.48244203837703
1317425.235911,-915.9275257312844,209.46084260985683
1317432.045996,-914.8003907313372,206.14381380512424
1317439.053689,-914.8003907230826,206.14381380512424
1317446.055032,-914.8003907230826,206.14381380512424
1317452.742223,-914.8003907230826,206.14381380512424
1317460.053829,-914.8003907230826,206.14381380512424
1317466.790226,-914.8003907230826,206.14381380512424
1317474.051039,-914.8003907230826,206.14381380512424
1317481.067168,-912.553774908041,203.5616776116818
1317488.642923,-911.6260196677326,202.1305305360702
1317497.09069,-911.6260196677326,202.1305305360702
1317501.846788,-911.6260196677326,202.1305305360702
1317508.734599,-911.6260196677326,202.1305305360702
1317516.077657,-911.6516397351004,197.76011319898905
1317523.052241,-909.85031040465,194.04070897064636
1317530.068873,-909.850310396395,194.04070897064636
1317536.748299,-909.850310396395,194.04070897064636
1317543.952387,-909.850310396395,194.04070897064636
1317552.025665,-909.850310396395,194.04070897064636
1317557.829022,-909.850310396395,194.04070897064636
1317565.772403,-908.570352475154,193.07522895734624
1317571.725027,-908.5703520519606,193.0752284678891
1317579.064396,-908.5703520519606,193.0752284678891
1317586.061062,-908.5703520519606,193.0752284678891
1317595.84301,-907.7584007590287,192.42903462160223
1317599.732167,-907.7584007590287,192.42903462160223
1317607.070075,-904.4179843569711,187.82136238544348
1317615.12888,-898.0638769090465,186.9097308065075
1317620.730759,-868.1819120784033,197.6842063424802
1317633.46723,-848.676592152579,202.81528295548893
1317635.169476,-818.0395190337855,215.74569297429983
1317641.987869,-783.8326061621879,225.85764565982103
1317642.601757,-783.8326061621879,225.85764565982103
1317648.790143,-769.197049477844,237.01047464842816
1317655.740146,-738.1892566299601,247.22108082147096
1317663.156403,-664.9371734117949,275.00245061377115
1317672.797711,-603.9200676313067,284.21529448819507
1317677.722827,-550.5684324134262,304.6041645230281
1317685.658495,-481.0702974133853,328.3365199444258
1317690.865784,-423.7627207485258,347.4893984664741
1317697.749666,-380.96365427528383,364.85701525642855
1317705.580523,-370.9173204904151,373.0323048890436
1317711.743693,-370.9173204904151,373.0323048890436
1317719.35442,-370.9173204904151,373.0323048890436
1317727.34018,-370.9173204904151,373.0323048890436
1317735.053448,-370.9173204904151,373.0323048890436
1317739.746437,-370.9173204904151,373.0323048890436
1317747.649527,-327.48190084989227,374.19684411842087
1317754.360574,-304.6827871685297,382.78651800669365
1317761.388889,-294.6075567185699,388.64447992983526
1317768.064723,-258.7133282028319,400.605670916936
1317775.071027,-239.7630719536473,411.2678727043192
1317782.366187,-230.39805082091175,417.28943384208816
1317788.752109,-182.79589252036376,436.38938584891486
1317798.714102,-132.67401789084883,453.38004058183327
1317802.851914,-106.96433334257446,463.7517717471511
1317810.410234,-13.135453091367928,521.7673585665316
1317817.147893,2.101049515320626,569.2718428248414
1317823.74384,43.017241936459655,574.0524186744992
1318806.177531,20.965839022924072,-0.0320352854784279
1318813.19633,-18.914438269542423,-31.990499881357888
1318821.847521,-72.85652551004665,-76.91368048666635
1318827.185423,-102.25342718471416,-103.94952767171354
1318835.916239,-110.40489686976083,-111.47769015364528
1318841.518275,-118.87274449944304,-116.13957604178728
1318848.505988,-133.81283468820342,-108.15632841550668
1318855.180862,-164.0251464527607,-78.64307672782951
1318866.592446,-198.1198797620863,-39.564817920207695
1318869.508443,-198.1198797620863,-39.564817920207695
1318876.577124,-198.1198797620863,-39.564817920207695
1318883.181268,-198.1198797620863,-39.564817920207695
1318890.310517,-198.1198797620863,-39.564817920207695
1318897.194598,-460.6379263511627,260.3959680866919
1318905.263867,-460.6379263511627,260.3959680866919
1318911.3198,-460.6379263511627,260.3959680866919
1318918.648505,-460.6379263511627,260.3959680866919
1318925.386617,-460.6379263511627,260.3959680866919
1318932.854286,-460.6379263511627,260.3959680866919
1318941.307227,-480.4228248465528,277.1883678576457
1318946.199759,-501.73768166055,303.0002730332562
1318953.18396,-526.4174923355796,317.49755577294434
1318960.838625,-574.4622860243185,301.20112367811095
1318967.522726,-613.8360256440081,285.7001075364403
1318974.52643,-641.3037119183946,276.390697639448
1318981.827053,-695.9054360169699,257.7272977332158
1318989.733276,-717.826597498569,249.44125446123127
1318995.189057,-772.2578738115171,231.3612241049156
1319003.120782,-782.2702117602954,229.32754844002076
1319009.657207,-791.6187726183874,226.61727103289547
1319016.204489,-795.6265835092129,226.04305586193453
1319023.988046,-807.6473606433012,223.73177940027247
1319030.237048,-807.6473606433012,223.73177940027247
1319037.188904,-807.6473606433012,223.73177940027247
1319045.533231,-831.0705461845166,226.25690728984927
1319051.188719,-831.0705461845166,226.25690728984927
1319058.812738,-831.0705461845166,226.25690728984927
1319066.286651,-841.9092193424002,211.12576671973773
1319072.506228,-848.950795435556,203.85473368835432
1319079.646974,-847.8755489455505,207.44058548248373
1319086.507753,-847.8755489455505,207.44058548248373
1319093.619542,-847.8755489455505,207.44058548248373
1319100.526385,-847.8755489455505,207.44058548248373
1319109.247217,-847.8755489455505,207.44058548248373
1319114.517216,-847.8755489455505,207.44058548248373
1319121.571999,-847.8755489455505,207.44058548248373
1319128.598291,-847.8755489455505,207.44058548248373
1319135.785542,-847.8755489455505,207.44058548248373
1319139.458923,-847.8755489455505,207.44058548248373
1319142.18958,-847.8755489455505,207.44058548248373
1319152.8032,-847.8755489455505,207.44058548248373
1319157.793447,-847.8755489455505,207.44058548248373
1319163.190165,-847.8755489455505,207.44058548248373
1319170.400813,-847.8755489455505,207.44058548248373
1319177.51927,-847.8755489455505,207.44058548248373
1319184.516252,-847.8755489455505,207.44058548248373
1319191.445689,-847.8755489455505,207.44058548248373
1319200.673483,-847.8755489455505,207.44058548248373
1319205.27677,-847.8755489455505,207.44058548248373
1319212.830976,-847.8755489455505,207.44058548248373
1319221.325258,-847.8755489455505,207.44058548248373
1319226.529914,-847.8755489455505,207.44058548248373
1319233.308657,-847.8755489455505,207.44058548248373
1319242.317266,-847.8755489455505,207.44058548248373
1319247.552724,-855.143844517533,218.32076285588852
1319258.469187,-859.0975296466681,226.564618366242
1319263.680594,-859.0975296466681,226.564618366242
1319269.19574,-859.0975296466681,226.564618366242
1319275.548161,-859.0975296466681,226.564618366242
1319282.571936,-859.0975296466681,226.564618366242
1319290.301313,-859.0975296466681,226.564618366242
1319296.219595,-860.4449448154227,230.3668122618657
1319303.813406,-860.4449448154227,230.3668122618657
1319310.609632,-860.7160324175982,232.0745610749161
1319317.212569,-865.0012640381996,245.5702456000021
1319326.748433,-867.7667977987311,245.31433463005317
1319332.274128,-869.5827735063745,245.25117517648908
1319338.334713,-872.810057548161,245.1015320991832
1319347.521234,-884.1708358840676,240.44314910712316
1319352.527673,-893.4073483167847,235.7546380034469
1319361.135399,-903.6192799187191,232.99057274160072
1319366.863924,-903.6217964231964,232.9898899305344
1319373.317945,-903.6217964231964,232.9898899305344
1319382.654846,-903.6217964231964,232.9898899305344
1319387.289664,-903.6217964231964,232.9898899305344
1319398.42676,-903.6217964231964,232.9898899305344
1319401.523077,-904.5105176520404,233.7989440323343
1319408.613009,-904.6744013434742,233.72982126783648
1319415.321298,-904.6744013434742,233.72982126783648
1319422.519952,-905.1936093960624,234.15713629162173
1319430.44687,-905.3733942769484,235.6201490627028
1319436.297101,-905.3733942769484,235.6201490627028
1319443.520384,-905.3733942769484,235.6201490627028
1319450.404101,-906.0828553762288,236.4496724807145
1319457.244637,-907.1755503659458,237.4780116877293
1319471.011054,-907.3957517861288,238.90929875898385
1319471.60429,-907.3957517861288,238.90929875898385
1319478.204025,-907.3957517861288,238.90929875898385
1319485.535091,-907.3957517861288,238.90929875898385
1319492.534227,-907.3957517861288,238.90929875898385
1319501.021336,-907.772032667622,240.04797339575248
1319506.351642,-907.772032667622,240.04797339575248
1319513.862642,-907.772032667622,240.04797339575248
1319520.865014,-907.772032667622,240.04797339575248
1319528.369305,-907.772032667622,240.04797339575248
1319540.178619,-907.772032667622,240.04797339575248
1319541.23514,-907.772032667622,240.04797339575248
1319548.530178,-907.772032667622,240.04797339575248
1319555.530656,-907.772032667622,240.04797339575248
1319562.529238,-907.772032667622,240.04797339575248
1319576.570019,-907.772032667622,240.04797339575248
1319576.573598,-907.772032667622,240.04797339575248
1319583.25197,-907.772032667622,240.04797339575248
1319590.529849,-907.772032667622,240.04797339575248
1319597.288978,-907.772032667622,240.04797339575248
1319604.632842,-907.772032667622,240.04797339575248
1319612.4675,-908.124556980636,242.78739144816703
1319618.908655,-907.369659576952,242.49777168067607
1319627.081829,-905.2041711800194,240.68729934788809
1319632.210159,-905.4093163251558,239.90326974101765
1319639.811106,-905.8264657151038,239.53291331929373
1319646.207452,-906.1697331934498,238.6913210816545
1319653.528259,-906.1697331934498,238.6913210816545
1319660.881008,-906.0036920870308,237.39939668489893
1319669.376452,-906.5388836126806,236.3676930369286
1319675.392541,-906.9524418276492,236.05392792063583
1319682.264214,-914.0347567455628,229.65895803255003
1319688.871544,-916.7781446273484,229.38150294219415
1319696.060831,-916.3083009380264,230.013751402884
1319703.890724,-915.7715939417518,230.1499036807493
1319709.211029,-915.7715988956636,230.14989906006204
1319716.22568,-915.7715988956636,230.14989906006204
1319724.620318,-915.7715988956636,230.14989906006204
1319731.229689,-915.7715988956636,230.14989906006204
1319737.21301,-915.7715988956636,230.14989906006204
1319744.212901,-915.7715988956636,230.14989906006204
1319751.324596,-915.7715988956636,230.14989906006204
1319758.558529,-915.7715988956636,230.14989906006204
1319766.261657,-915.592719803583,230.006506661018
1319773.267344,-915.592719952902,230.00650658326896
1319780.448506,-917.1176534015648,231.7590031248897
1319786.612489,-918.3312940433976,232.98396408336063
1319793.865354,-918.0397333564616,233.41619406969124
1319800.219138,-918.0397333564616,233.41619406969124
1319807.858776,-918.0397333564616,233.41619406969124
1319819.547758,-918.0397333564616,233.41619406969124
1319823.754114,-917.4544861001492,231.3149235324816
1319828.213568,-917.7977217969672,230.45199712441232
1319835.55681,-917.7977217969672,230.45199712441232
1319842.218973,-917.7977217969672,230.45199712441232
1319853.445236,-917.7977217969672,230.45199712441232
1319856.772453,-917.7977217969672,230.45199712441232
1319863.895232,-917.7977217969672,230.45199712441232
1319870.226783,-917.7977217969672,230.45199712441232
1319877.225223,-917.7977217969672,230.45199712441232
1319885.310636,-917.7977217969672,230.45199712441232
1319891.538118,-917.7977217969672,230.45199712441232
1319898.626686,-917.7977217969672,230.45199712441232
1319905.825347,-917.7619302935124,230.7518573236892
1319914.215247,-917.5105333626648,233.6170168385239
1319920.003929,-917.4346121749736,234.23470185865887
1319928.063141,-917.4345015455156,234.23723140913225
1319933.934075,-919.4468788135896,232.49004379602772
1319940.217549,-923.222673220434,226.47694463807312
1319948.149898,-923.2165499572666,223.79384967601783
1319954.549252,-923.2165499572666,223.79384967601783
1319961.340347,-923.2165499572666,223.79384967601783
1319968.540396,-923.2165499572666,223.79384967601783
1319975.536177,-923.2165499572666,223.79384967601783
1319984.050674,-923.2165499572666,223.79384967601783
1319989.322023,-923.2165499572666,223.79384967601783
1319996.263344,-923.2165499572666,223.79384967601783
1320003.541264,-923.2165499572666,223.79384967601783
1320010.554321,-923.2165499572666,223.79384967601783
1320018.359846,-923.2165499572666,223.79384967601783
1320024.261201,-923.2165499572666,223.79384967601783
1320031.321306,-923.7548203619076,221.37245656757747
1320038.72079,-923.4592958600704,217.1496757320924
1320045.54541,-923.124475925286,214.0745794990582
1320052.548146,-923.4613790907836,211.1102835130925
1320059.835652,-923.2669779962314,210.58091114760728
1320068.152633,-922.6014787812531,209.74275702801475
1320073.225413,-922.916411505748,209.5079144608632
1320080.552814,-922.916411505748,209.5079144608632
1320087.548834,-921.739531246196,209.28052403600373
1320094.554914,-921.0173785969488,209.6837627553648
1320101.549736,-920.7774631880231,210.02694353514292
1320108.214325,-920.614931130848,210.19159670210468
1320116.518298,-920.672644622987,210.3171623518161
1320122.958914,-920.2639598290382,210.10921621631783
1320129.659018,-919.9147716674372,209.72060827452188
1320136.858169,-919.2184441549276,209.190602602802
1320145.615051,-919.2271187576778,208.78700013597984
1320150.319494,-919.3401043760384,208.5645956066174
1320157.952287,-919.4703200235862,208.25536547065468
1320164.227646,-919.4977622488208,208.11172403183784
1320171.616218,-918.7752636542748,205.49004469934147
1320178.912554,-919.5641993683952,204.58737652135824
1320185.688335,-921.0613714742492,206.13869209332023
1320192.68424,-924.6704489825228,206.94154873269835
1320200.028444,-928.8256534858956,208.3282209854663
1320206.669614,-929.9268071964376,209.04960882795552
1320213.935512,-930.9856072157572,209.9554160789349
1320222.925487,-930.986749216596,209.95643649136352
1320227.232584,-930.986749216596,209.95643649136352
1320234.278048,-930.986749216596,209.95643649136352
1320241.24553,-930.986749216596,209.95643649136352
1320249.089535,-930.986749216596,209.95643649136352
1320255.867987,-930.986749216596,209.95643649136352
1320263.228355,-930.986749216596,209.95643649136352
1320269.634847,-930.986749216596,209.95643649136352
1320276.392608,-930.986749216596,209.95643649136352
1320285.066557,-930.986749216596,209.95643649136352
1320292.327641,-930.986749216596,209.95643649136352
1320299.649494,-930.986749216596,209.95643649136352
1320307.604232,-930.986749216596,209.95643649136352
1320312.8079,-930.986749216596,209.95643649136352
1320318.941923,-930.986749216596,209.95643649136352
1320326.542523,-930.986749216596,209.95643649136352
1320332.753048,-930.986749216596,209.95643649136352
1320339.239753,-930.986749216596,209.95643649136352
1320348.179997,-930.986749216596,209.95643649136352
1320353.617596,-930.986749216596,209.95643649136352
1320362.328069,-930.986749216596,209.95643649136352
1320367.233643,-927.0427409451968,204.5864313146374
1320374.557438,-926.8232887465946,204.62092661999404
1320381.557741,-926.8232887465946,204.62092661999404
1320388.248221,-926.8232887465946,204.62092661999404
1320395.438223,-926.8232887465946,204.62092661999404
1320403.006743,-926.8232887465946,204.62092661999404
1320409.573249,-926.8232887465946,204.62092661999404
1320416.58418,-925.6759509870442,205.1599625576343
1320427.101952,-925.675843734878,205.16001367180075
1320430.57377,-925.0170463887404,205.49974431806265
1320437.564142,-925.0170463887404,205.49974431806265
1320445.354372,-921.6367410949968,206.28992602544855
1320452.945473,-917.2478274178573,207.96555472088207
1320458.982326,-917.2478274096028,207.9655547325444
1320465.560341,-917.4004826027312,207.85369488067832
1320472.567081,-917.4004826027312,207.85369488067832
1320479.537503,-914.4781737070842,208.57801165135257
1320486.483619,-914.5790571434133,208.3962008355612
1320493.960468,-915.1808997867691,208.1865653045696
1320500.563409,-915.6489647337932,208.00081953947648
1320507.569219,-915.1436325272437,207.68706713152156
1320514.559216,-915.1259546945072,207.26737047809416
1320521.273582,-915.3360849438692,207.06521739376808
1320528.562775,-915.3434169488992,207.1100460800547
1320537.67421,-915.3434169157337,207.11004629068083
1320542.249743,-915.3434169157337,207.11004629068083
1320549.560278,-915.3434169157337,207.11004629068083
1320556.565155,-915.83393919926,206.8944212917959
1320563.733238,-915.9020321592188,206.75445401789844
1320570.907273,-915.7146521340278,206.52870507422452
1320577.569455,-917.1423992955228,205.77422432869176
1320584.600087,-915.7274150057548,204.625251671952
1320591.644225,-914.8427345894664,203.9649367428331
1320599.742708,-914.9137129761892,203.4448759182948
1320605.240999,-913.9423162390628,202.83392419664213
1320612.272597,-913.7049460955384,201.63326334868668
1320619.257524,-913.7648157332328,200.46725191685556
1320626.561927,-913.889195876846,199.56806086866413
1320633.568641,-913.889195876846,199.56806086866413
1320640.724183,-913.889195876846,199.56806086866413
1320648.907099,-913.889195876846,199.56806086866413
1320654.241586,-913.889195876846,199.56806086866413
1320662.033391,-916.0899102492048,197.64177331116647
1320668.688992,-916.0761918583796,195.0199357335161
1320675.259905,-913.6553843635378,188.32968652838431
1320682.573231,-878.7147598057832,193.3586049803548
1320689.245106,-858.0797001930174,196.76513284534437
1320692.726773,-843.847361858573,204.274164744626
1320699.553124,-830.1562362794987,214.0246391199848
1320703.256987,-783.405323515166,231.66568285899143
1320711.314511,-734.7092458120142,243.2899771324348
1320717.577056,-672.4885293653427,263.40823133655897
1320724.316961,-578.520417472493,290.6670474760326
1320732.071273,-549.2152958124968,297.43390008856176
1320738.25934,-547.2571173169132,297.4994446512154
1320745.655505,-547.2571173169132,297.4994446512154
1320752.283112,-519.9255678222154,309.5972685778614
1320759.245467,-480.679740205265,320.4450494734886
1320766.252913,-395.41488419706747,353.97052498408686
1320773.68022,-356.12939793989807,367.5079648506899
1320780.647096,-346.1655753285795,368.830050307342
1320787.258211,-338.1944996776024,369.535046824681
1320794.249095,-338.1944996776024,369.535046824681
1320803.976579,-338.1944996776024,369.535046824681
1320808.290349,-328.8709104582493,371.151358254199
1320815.254883,-293.7776368779115,386.11605964980686
1320823.312814,-259.6326438672804,396.3438841973451
1320829.849419,-232.5045971720348,427.64832325127566
1320837.962979,-218.92655978663348,457.5351130616551
1320845.639503,-168.7172452818757,483.41448501435485
1320852.524655,-102.1725606069067,510.37196313424295
1320857.255014,-62.87864250978564,536.2440798425456
1320864.57064,-9.300264632490263,567.617999762943
1320871.580386,26.548824464357264,580.7799964530027
1320881.509344,26.548824464357264,580.7799964530027
1320885.26111,26.548824464357264,580.7799964530027
1320892.646241,26.548824464357264,580.7799964530027
1320899.267422,52.94637488550511,591.5991829685055
1321858.796566,-493.1497607643697,725.9721272908306
1321868.810121,-470.5972821594488,705.1006065013728
1321872.375466,-430.7740559631132,713.6045693325325
1321879.616008,-357.68432457434085,738.9810791155667
1321886.336048,-314.33960050315847,755.6517662588211
1321893.613221,-278.6189077085704,769.0488699935681
1321901.279297,-269.23345605205213,773.1764091735456
1321942.645257,-125.87936250642268,745.0562515150164
1321949.614385,-125.1368417740634,740.4930170345646
1321956.296965,-125.1368417740634,740.4930170345646
1321964.228518,-125.1368417740634,740.4930170345646
1321970.619159,-125.1368417740634,740.4930170345646
1321977.660107,-125.1368417740634,740.4930170345646
1321985.380758,-125.1368417740634,740.4930170345646
1321992.305273,-126.01844752027532,720.17101251386
1321998.310967,-147.40572578648434,698.7188540297769
1322005.52634,-211.7419345874855,675.7919479923406
1322013.76654,-246.31400775069412,666.1049812803592
1322019.614762,-275.0195120536292,650.9244096395975
1322026.612689,-313.44216646582817,584.7387057935525
1322036.999025,-313.4697986578983,563.7966456372953
1322040.300805,-312.4682004136412,570.5098607599314
1322047.4392,-291.05604640127973,612.6060205977925
1322055.00292,-260.9760683127663,629.4771745801796
1322061.895233,-233.84447955025385,642.9769234493214
1322070.093097,-188.06163672203377,664.7366117274764
1322075.36231,-157.99434234687945,678.0330953212134
1322082.920265,-141.77246644238164,685.8015806138577
1322089.633252,-118.87693403766444,686.6598712390285
1322096.337592,-90.65354592872848,665.65542175181
1322104.64654,-82.22047252926514,658.0649367575483
1322110.613307,-82.22047252926514,658.0649367575483
1322117.538636,-82.22047252926514,658.0649367575483
1322124.624827,-82.22047252926514,658.0649367575483
1322131.617095,-74.9685717345828,648.6151128591601
1322138.964765,-87.40942419971803,630.8715541030858
1322146.906531,-102.0461714914762,617.8041457525126
1322152.900582,-140.2095466478816,574.9782414745617
1322159.890468,-175.0800777554019,546.9184339865973
1322166.439635,-205.1263596145019,512.2781881963061
1322173.440656,-243.21131762143895,476.1650279242772
1322180.640269,-262.15631079844354,486.00074065049614
1322187.621526,-277.1433634149879,508.88949322456887
1322194.397136,-303.43121781161614,566.1631782217928
1322201.407763,-300.36326890340524,605.2006353713113
1322210.551934,-271.79276292291166,628.9053943411817
1322215.312804,-219.07277602629983,647.3808131113553
1322223.145173,-172.64787909935913,668.7689713414333
1322229.364455,-145.05469452038238,682.6569446365482
1322236.757496,-140.7877928925035,685.6651008219327
1322246.376507,-140.7877928925035,685.6651008219327
1322250.298407,-140.7877928925035,685.6651008219327
1322257.292604,-140.7877928925035,685.6651008219327
1322264.629068,-129.07692760457013,687.0756896144952
1322279.435854,-116.87534206554588,680.9901601995134
1322279.439501,-80.18487668338804,655.748030912999
1322285.302214,-80.18487668338804,655.748030912999
1322292.399175,-80.18487668338804,655.748030912999
1322299.625278,-80.18487668338804,655.748030912999
1322306.621996,-80.18487668338804,655.748030912999
1322314.303007,-54.235092641424416,645.1070990160607
1322320.316385,16.562435170270977,606.5319529157093
1324105.708423,8.588712633754692,-19.64751180522437
1324112.691319,-59.68452513843021,-77.86402245467302
1324119.764781,-123.43553912081782,-132.21172041120053
1324126.692301,-212.12345486744445,-211.332806642292
1324938.840701,-1006.304155094278,270.2069834618355
1324938.848176,-979.6253916787624,265.8598731972732
1324939.441273,-962.4058923290796,195.5658943869486
1324939.441912,-962.4058923290796,195.5658943869486
1324941.400519,-962.4058923290796,195.5658943869486
1324959.660449,-933.2308412330416,169.58585787490586
1324959.667935,-894.6857588201259,181.5073860393412
1325015.506653,-344.16524117364224,380.1183955770047
1325015.507373,-344.16524117364224,380.1183955770047
1325016.961647,-344.16524117364224,380.1183955770047
1325023.96496,-324.9810975109378,387.8636679017482
1325034.441742,-324.9810975109378,387.8636679017482
1325038.001559,-324.9810975109378,387.8636679017482
1325045.298003,-324.9810975109378,387.8636679017482
1325052.5699,-324.9810975109378,387.8636679017482
1325058.986498,-310.63637555853705,392.52537933942585
1325066.816947,-269.2215349332109,399.7413798227581
1325073.295336,-237.08622517730564,410.1317730530472
1325081.593581,-190.80057711825515,426.7946826359252
1325087.016456,-104.9321216771,467.2800042962834
1325096.310191,-52.300797656642565,492.2896525882843
1325101.300723,0.8498166933713984,516.9269206055461
1383935.142749,29.97798283655965,7.50276098585801
1383942.127174,7.73341609040958,-14.24803151291102
1383949.221786,-29.392087684782123,-46.624059986069724
1383956.119313,-59.3119704982272,-70.68997576571772
1383970.678229,-94.44081879523556,-101.62502010952524
1383971.420985,-107.84058186716013,-111.41830659273084
1383977.125207,-121.7708422989885,-112.797704864926
1383984.314303,-154.8193789547059,-82.51246832610228
1383991.120121,-200.1757303548314,-30.399606071640584
1383998.120364,-200.1757303548314,-30.399606071640584
1384005.458049,-200.1757303548314,-30.399606071640584
1384012.444629,-200.1757303548314,-30.399606071640584
1384019.210351,-455.23801595754486,263.60905029471
1384026.720018,-455.8867984112531,265.1231113441688
1384039.963754,-455.8867984112531,265.1231113441688
1384040.12043,-455.8867984112531,265.1231113441688
1384047.444671,-455.8867984112531,265.1231113441688
1384054.43325,-464.7597563188327,278.22384085541245
1384061.118186,-459.91473671143456,300.1530604658541
1384079.949276,-449.636649883915,325.472070615997
1384079.953404,-415.3156916627025,349.4469403265326
1384082.253758,-359.05225059443364,369.8704036230823
1384089.118299,-301.5080873972876,388.8406396366873
1384096.627728,-250.37025702410665,406.6724831907175
1384108.359855,-228.16807136421176,426.7851656259967
1384111.636639,-227.85195257558948,431.51378003988106
1384117.123028,-227.85195257558948,431.51378003988106
1384124.107396,-232.87147529037716,448.87905106485175
1384133.152378,-253.3164235807688,482.89293034980034
1384139.940319,-284.93966997589854,531.6171330753581
1384145.601227,-308.860457629772,583.5176671654352
1384152.130406,-283.63579865888323,627.6178088790747
1384159.443641,-183.8559338121204,671.2769819991294
1384166.928392,-132.13336023087615,696.5617065539443
1384173.444691,-110.66362188967602,733.858588564332
1385645.326148,-127.22617117402572,766.7991256340672
1385654.554925,-121.40927743082295,740.2668028673138
1385657.177798,-121.3878537807644,735.2762040453119
1385664.492873,-120.30963173682672,731.9168993288962
1385671.206668,-120.30657578525444,731.9171703419098
1385683.050995,-120.30657578525444,731.9171703419098
1385685.683106,-119.83184777854864,730.4069251289903
1385692.259256,-140.96082824118196,708.160780858112
1385700.165759,-196.1960661949605,676.8057418913712
1385706.210624,-278.07900434030563,638.7462208949946
1385715.861464,-311.00935589621247,596.4574070459586
1385720.178466,-298.69949192759515,544.5554925359711
1385727.615161,-269.85965478187813,492.4898583160921
1385734.189207,-256.5881008109837,474.0356953325618
1385741.959565,-256.5881008109837,474.0356953325618
1385754.589645,-263.4255393924564,419.6771919509586
1385755.475447,-304.07138996424857,386.0913709978119
1385764.965109,-358.123317354739,367.73809843807385
1385769.503197,-436.32438520417287,346.72663919178814
1385776.17486,-473.78943273638544,338.0651588074992
1385783.894508,-500.5868289583517,329.2923521237055
1385791.729276,-529.4583460826619,337.9107354404075
1385797.268026,-547.4202581764623,357.8861928651616
1385804.256348,-563.5775406814602,376.268215172456
1385811.262074,-593.6776003922331,416.872329023613
1385820.958527,-598.5383618651981,422.08428459101776
1385825.174784,-598.5383618651981,422.08428459101776
1385832.458523,-598.5383618651981,422.08428459101776
1385839.185829,-598.5383618651981,422.08428459101776
1385846.791888,-605.3346365811007,427.73546260903225
1385859.787455,-656.9561968553334,481.7624413776538
1385860.18803,-675.8496237588171,500.2661964895286
1385867.911508,-694.4594527211218,514.7317881286207
1385875.073435,-705.6298840595714,522.3151815328312
1385883.608998,-705.6298840595714,522.3151815328312
1385890.610353,-705.6298840595714,522.3151815328312
1385896.202277,-718.3802616103218,521.5192740784421
1385902.179251,-719.737685425037,521.2837149722681
1385909.515828,-722.084427523748,505.6352201811444
1385918.575179,-710.1229012885168,467.2839793092087
1385923.190766,-705.2215352610231,444.5921183184751
1385930.78013,-699.3772450631111,427.2677228580981
1385938.29675,-707.1757795812114,414.4644189621512
1385944.228779,-712.648712222414,413.58879373364806
1385951.973704,-750.2826243792749,399.79361973980434
1385965.943,-809.8033193338684,366.06739345137294
1385965.946618,-857.6506900108059,342.5655378141539
1385972.221233,-868.5442277772571,338.2814567327563
1385979.309542,-871.8243274191442,334.66062283971945
1385986.222327,-871.8243274191442,334.66062283971945
1386001.199263,-871.8243274191442,334.66062283971945
1386001.202926,-871.8243274191442,334.66062283971945
1386008.84933,-871.8243274191442,334.66062283971945
1386014.188957,-871.8243274191442,334.66062283971945
1386021.197791,-871.8243274191442,334.66062283971945
1386028.836537,-871.8243274191442,334.66062283971945
1386039.523455,-871.8243274191442,334.66062283971945
1386042.50867,-871.8243274191442,334.66062283971945
1386049.187106,-871.8243274191442,334.66062283971945
1386056.27877,-871.8243274191442,334.66062283971945
1386067.968103,-871.8243274191442,334.66062283971945
1386072.338589,-871.8243274191442,334.66062283971945
1386077.191851,-871.8243274191442,334.66062283971945
1386085.994059,-871.8243274191442,334.66062283971945
1386091.588833,-871.8243274191442,334.66062283971945
1386100.487368,-871.8243274191442,334.66062283971945
1386105.509461,-871.8243274191442,334.66062283971945
1386120.363788,-871.8243274191442,334.66062283971945
1386120.364511,-871.8243274191442,334.66062283971945
1386122.21843,-871.8243274191442,334.66062283971945
1386129.453399,-871.8243274191442,334.66062283971945
1386136.82952,-871.8243274191442,334.66062283971945
1386143.144647,-871.8243274191442,334.66062283971945
1386150.4619,-871.8243274191442,334.66062283971945
1386157.461079,-871.8243274191442,334.66062283971945
1386168.690127,-871.8243274191442,334.66062283971945
1386171.129337,-871.8243274191442,334.66062283971945
1386179.348234,-871.8243274191442,334.66062283971945
1386185.159446,-871.8243274191442,334.66062283971945
1386198.094253,-871.8243274191442,334.66062283971945
1386205.401702,-871.8243274191442,334.66062283971945
1386207.888929,-871.8243274191442,334.66062283971945
1386213.642264,-878.8462104171358,329.1821533221125
1386222.706941,-878.8462104171358,329.1821533221125
1386227.158122,-878.8462104171358,329.1821533221125
1386234.589628,-878.8462104171358,329.1821533221125
1386247.146619,-878.8462104171358,329.1821533221125
1386249.421976,-878.8462104171358,329.1821533221125
1386255.129789,-878.8462104171358,329.1821533221125
1386262.13458,-878.8462104171358,329.1821533221125
1386269.140132,-878.8462104171358,329.1821533221125
1386283.71839,-878.8462104171358,329.1821533221125
1386283.721994,-878.8462104171358,329.1821533221125
1386290.139263,-881.5768171138574,324.8969021491963
1386297.196785,-884.6178364031447,319.7008063546316
1386304.461781,-887.0084136568214,319.9150001580353
1386311.213944,-887.0167171630943,319.9173457420035
1386320.827292,-887.0167171630943,319.9173457420035
1386325.454079,-887.0167171630943,319.9173457420035
1386332.184493,-891.1391042386417,318.25038654063445
1386340.362672,-893.223161625464,317.0906321585492
1386346.147562,-893.223161625464,317.0906321585492
1386355.737241,-893.223161625464,317.0906321585492
1386361.611736,-893.223161625464,317.0906321585492
1386367.139889,-893.223161625464,317.0906321585492
1386374.156608,-893.223161625464,317.0906321585492
1386381.463625,-893.223161625464,317.0906321585492
1386388.147036,-893.223161625464,317.0906321585492
1386395.466107,-893.223161625464,317.0906321585492
1386402.475416,-893.223161625464,317.0906321585492
1386409.469062,-893.223161625464,317.0906321585492
1386416.3681,-893.223161625464,317.0906321585492
1386423.463815,-893.223161625464,317.0906321585492
1386430.197624,-893.223161625464,317.0906321585492
1386437.469033,-893.223161625464,317.0906321585492
1386444.47317,-893.223161625464,317.0906321585492
1386454.117278,-893.1058974143184,317.017971338867
1386458.152168,-893.105897123935,317.01797140530664
1386465.472272,-893.105897123935,317.01797140530664
1386472.157535,-893.105897123935,317.01797140530664
1386486.579239,-893.105897123935,317.01797140530664
1386487.417554,-893.105897123935,317.01797140530664
1386493.279972,-893.105897123935,317.01797140530664
1386500.462164,-893.105897123935,317.01797140530664
1386507.301058,-893.105897123935,317.01797140530664
1386514.477649,-893.105897123935,317.01797140530664
1386521.47057,-893.105897123935,317.01797140530664
1386528.606748,-893.105897123935,317.01797140530664
1386535.46557,-893.105897123935,317.01797140530664
1386542.145452,-893.105897123935,317.01797140530664
1386549.323296,-894.021683282705,312.927301238886
1386561.578576,-907.17993582911,301.4150583579672
1386563.141267,-929.7857975442696,295.1334100996684
1386577.253439,-953.1135571731762,280.3499571854876
1386580.355417,-982.4783062737469,268.150523254688
1386584.207901,-977.690806449673,237.35403175431875
1386591.154938,-957.529126354288,164.21805887204528
1386601.029811,-952.8184225297224,147.13018775828226
1386605.196818,-948.5526226831128,137.54759838920617
1386612.189565,-934.7124330425124,93.18972449150624
1386629.919056,-926.4605731237978,58.29625761486344
1386629.919685,-926.4605731237978,58.29625761486344
1386631.753715,-919.889549839588,35.520945096108605
1386640.471296,-906.0854486541084,-8.515842782015007
1386648.981314,-889.0054309417615,-67.21259911448055
1386653.084044,-883.9425898481353,-79.1291294910115
1387474.084748,-846.8617901523911,-188.5433968671257
1387480.222181,-863.6434423666577,-141.12092380235669
1387487.221246,-870.506525375087,-109.18683013239672
1387494.256279,-885.4220865610039,-66.25963295909263
1387502.826747,-891.5932674330745,-47.75182013850388
1387508.212039,-897.8623749428699,-31.41709697335796
1387515.225256,-896.5757201980282,-10.775244297449568
1387530.796721,-907.3524144786312,22.747846124092817
1387530.797416,-907.3524144786312,22.747846124092817
1387532.622744,-907.3524144786312,22.747846124092817
1387539.87515,-911.5048152662238,34.596474243216115
1387546.625081,-920.8820594237036,51.03483234896616
1387558.398729,-920.8820594237036,51.03483234896616
1387560.568161,-925.188799233679,73.55627026167957
1387568.265532,-927.2233451743432,78.22753137524973
1387575.052998,-933.4523834832652,85.83192456479625
1387581.570315,-942.9518787063022,103.21090310190642
1387594.39644,-950.0559029826552,124.34137669468647
1387595.565357,-953.9513790344208,138.48185606824143
1387602.64921,-932.7511800271536,184.60035491901607
1387609.659161,-911.2408899329412,193.712561375733
1387617.296921,-885.9899127592405,199.19030030805632
1387625.708521,-864.3082803110525,220.9714811880446
1387635.664085,-872.1476353948873,244.51004143251689
1387638.241065,-885.3707253580352,242.76376897491872
1387644.558161,-909.8370661721024,233.3660087986284
1387651.906687,-915.2778315731914,216.3424117316124
1387658.895568,-911.877445874102,195.7182094636217
1387665.552749,-911.877445874102,195.7182094636217
1387674.156488,-911.877445874102,195.7182094636217
1387679.607267,-892.7906913192724,198.86888339079388
1387687.259249,-882.0181143666724,202.25165967030372
1387696.373338,-863.868723729467,206.06468011369668
1387704.14748,-828.0020952992462,217.77676979135973
1387707.566275,-781.0168640275042,230.5429251340952
1387714.60882,-759.341834493192,228.1520575155682
1387722.780881,-757.4714734280535,221.7069280826664
1387728.565189,-757.6310673243496,220.2990961702419
1387736.992137,-757.6310673243496,220.2990961702419
1387742.905065,-757.6310673243496,220.2990961702419
1387749.895426,-757.6310673243496,220.2990961702419
1387756.632367,-757.6310673243496,220.2990961702419
1387764.173044,-757.6310673243496,220.2990961702419
1387772.130029,-757.6310673243496,220.2990961702419
1387812.759953,-757.6310673243496,220.2990961702419
1387812.760647,-757.6310673243496,220.2990961702419
1387813.958735,-757.6310673243496,220.2990961702419
1387821.36487,-757.6310673243496,220.2990961702419
1387827.911105,-757.6310673243496,220.2990961702419
1387834.942557,-757.6310673243496,220.2990961702419
1387845.095469,-757.6310673243496,220.2990961702419
1387848.944286,-757.6310673243496,220.2990961702419
1387855.922039,-757.6310673243496,220.2990961702419
1387863.256383,-764.4248202876962,222.0637071172085
1387869.910099,-764.4248202876962,222.0637071172085
1387880.602045,-764.4248202876962,222.0637071172085
1387883.913592,-764.4248202876962,222.0637071172085
1387890.905993,-764.4248202876962,222.0637071172085
1387899.424393,-764.4248202876962,222.0637071172085
1387907.509835,-764.4248202876962,222.0637071172085
1387912.049203,-764.4248202876962,222.0637071172085
1387919.424951,-764.4248202876962,222.0637071172085
1387927.605164,-764.4248202876962,222.0637071172085
1387932.926603,-764.4248202876962,222.0637071172085
1387943.204485,-764.4248202876962,222.0637071172085
1387947.264806,-764.4248202876962,222.0637071172085
1387953.933251,-764.4248202876962,222.0637071172085
1387961.350749,-764.4248202876962,222.0637071172085
1387968.509425,-764.4248202876962,222.0637071172085
1387974.919173,-764.4248202876962,222.0637071172085
1387983.686744,-764.4248202876962,222.0637071172085
1387989.885023,-764.4248202876962,222.0637071172085
1387996.236605,-764.4248202876962,222.0637071172085
1388003.373939,-764.7886002253094,221.89809515677825
1388010.241079,-764.7886002253094,221.89809515677825
1388019.660469,-764.7886002253094,221.89809515677825
1388024.012101,-764.7886002253094,221.89809515677825
1388032.612868,-764.7886002253094,221.89809515677825
1388038.242682,-764.7376690514502,221.3125412889268
1388045.248172,-765.6924756384667,221.24378609410903
1388053.406049,-767.1822488329516,220.79690482404067
1388058.90836,-767.4031466744182,220.9324855139208
1388065.92663,-767.4213952130747,220.7692302454582
1388076.767853,-767.0677897319894,220.8249632638793
1388076.768541,-767.0677897319894,220.8249632638793
1388078.005357,-767.0677897319894,220.8249632638793
1388085.005525,-767.03224531932,220.82325215393703
1388092.587621,-766.7662395267795,219.41256249958624
1388099.126962,-766.9338748108272,218.47430984178249
1388108.054274,-766.9218936806515,217.80673487373411
1388113.327841,-766.9222531184555,217.35309431082976
1388124.102047,-766.1638672855636,218.76276420429065
1388127.525188,-766.162738943359,218.7658791567713
1388137.267883,-766.162738943359,218.7658791567713
1388141.497387,-766.162738943359,218.7658791567713
1388148.342931,-766.162738943359,218.7658791567713
1388155.583815,-766.162738943359,218.7658791567713
1388166.177516,-766.162738943359,218.7658791567713
1388169.340139,-766.162738943359,218.7658791567713
1388176.064892,-766.162738943359,218.7658791567713
1388183.158066,-766.162738943359,218.7658791567713
1388190.350508,-766.162738943359,218.7658791567713
1388198.19979,-766.162738943359,218.7658791567713
1388204.007857,-766.162738943359,218.7658791567713
1388211.023103,-766.162738943359,218.7658791567713
1388218.019859,-766.162738943359,218.7658791567713
1388225.341175,-766.162738943359,218.7658791567713
1388232.658388,-766.162738943359,218.7658791567713
1388239.054779,-766.162738943359,218.7658791567713
1388246.338501,-766.162738943359,218.7658791567713
1388253.337612,-766.162738943359,218.7658791567713
1388262.079181,-766.162738943359,218.7658791567713
1388267.035411,-766.162738943359,218.7658791567713
1388274.666241,-766.162738943359,218.7658791567713
1388281.357066,-766.162738943359,218.7658791567713
1388288.022478,-766.162738943359,218.7658791567713
1388300.751784,-766.162738943359,218.7658791567713
1388303.637468,-766.162738943359,218.7658791567713
1388310.615744,-766.162738943359,218.7658791567713
1388311.381928,-766.162738943359,218.7658791567713
1388311.382496,-766.162738943359,218.7658791567713
1388313.10594,-766.162738943359,218.7658791567713
1388319.632601,-766.162738943359,218.7658791567713
1388326.63475,-766.162738943359,218.7658791567713
1388335.143802,-766.162738943359,218.7658791567713
1388344.309511,-766.162738943359,218.7658791567713
1388347.949327,-766.162738943359,218.7658791567713
1388354.949512,-766.162738943359,218.7658791567713
1388361.957675,-766.162738943359,218.7658791567713
1388368.957607,-766.162738943359,218.7658791567713
1388375.957079,-766.162738943359,218.7658791567713
1388382.973812,-766.162738943359,218.7658791567713
1388390.267855,-766.162738943359,218.7658791567713
1388396.678972,-766.162738943359,218.7658791567713
1388404.070561,-766.162738943359,218.7658791567713
1388411.023654,-761.3517490542172,218.25556845396943
1388420.406002,-758.0413634232765,218.99266427733505
1388424.659802,-756.151185589983,219.37511211867007
1388431.892764,-756.1429222046739,219.13485388325591
1388439.696634,-756.309521146926,219.03999087104413
1388445.622538,-757.7627461815745,220.06388710511985
1388452.62946,-759.2160982259527,220.56161499843245
1388459.648161,-759.6520088906004,220.9419646798204
1388467.944472,-760.7531665352142,220.5497380806892
1388473.635,-761.6815958921227,219.8646931361786
1388480.973287,-762.7308973474444,220.02555697219267
1388491.804394,-763.7274769040828,221.2079478806681
1388495.610616,-764.1990604433431,222.71738388425217
1388502.769165,-764.9306361788905,223.867706357422
1388508.981742,-766.6125643967965,224.7811940367498
1388515.732046,-766.537528518452,224.9959216959667
1388523.23831,-765.812936071331,224.96515638995436
1388529.965252,-765.6613602702125,224.92120270097223
1388536.639874,-765.6613602702125,224.92120270097223
1388544.286102,-765.6613602702125,224.92120270097223
1388550.657439,-765.6613602702125,224.92120270097223
1388557.968618,-763.2771100865781,223.092721969355
1388564.661125,-761.5796559495243,222.141305604245
1388571.964434,-761.983760110621,221.184936489783
1388578.734265,-763.643420900883,219.9160235418262
1388585.649353,-764.384005583736,219.59699859233675
1388594.673987,-765.2741571293103,219.43382187284803
1388600.608825,-765.175441663123,219.88254469480003
1388607.975068,-764.8713530216702,220.3695716491936
1388613.968376,-764.5273516231482,220.82399097939356
1388620.642646,-764.4253120791776,220.9084549768327
1388627.96347,-764.7599630163267,220.4594772785876
1388634.668468,-764.7611165680887,220.00024569369063
1388644.044099,-764.9513971725772,219.90592512114125
1388648.997979,-765.0754419760145,219.9629484898709
1388656.402703,-765.3718484433144,220.22728783452365
1388662.966622,-765.5066446326771,220.39662651674337
1388669.791117,-765.7945121702611,220.4463622036017
1388676.961782,-766.177072085964,220.3284432835299
1388683.648132,-766.4030759922923,220.23750013615515
1388696.034236,-766.8659904636182,220.26455592572032
1388697.678342,-767.3825414432945,220.6033497247883
1388704.96293,-767.6590244380292,220.8903116558139
1388713.708902,-767.6589397399596,220.8907490884171
1388718.643777,-767.6589397399596,220.8907490884171
1388726.16942,-766.1774454064548,222.28036328524087
1388734.859642,-766.2109304950744,231.99099204456
1388739.652193,-765.7789998763088,232.59799291801744
1388746.820214,-756.4019260383263,238.39904034560456
1388754.548358,-723.6982865806724,248.03557817292912
1388761.439234,-665.228205663358,270.46519349555183
1388768.125338,-652.450555978407,274.7711294603007
1388775.136732,-652.4505550821983,274.77112973842685
1388782.116376,-652.4505550821983,274.77112973842685
1388789.208364,-643.0648917920449,276.83431879324723
1388802.820419,-596.7914187938339,290.7841103594045
1388803.242733,-532.5820702010718,313.17400583938417
1388809.653926,-529.4456403843211,313.23984092137835
1388817.270156,-529.4456403843211,313.23984092137835
1388823.653528,-529.4456403843211,313.23984092137835
1388833.94051,-529.4456403843211,313.23984092137835
1388837.706707,-529.4456403843211,313.23984092137835
1388844.966064,-529.4456403843211,313.23984092137835
1388852.283821,-506.5634208510869,317.5447662702467
1388859.783534,-464.0917440005306,335.6763289112732
1388867.090487,-374.9491494841197,367.95350836883233
1388872.745148,-331.4898244249715,382.8514722671975
1388879.96874,-320.53724811013706,386.90584380232497
1388886.976383,-320.53724811013706,386.90584380232497
1388893.968384,-320.53724811013706,386.90584380232497
1388901.472718,-320.53724811013706,386.90584380232497
1388907.969599,-320.53724811013706,386.90584380232497
1388914.640951,-291.2249057126238,395.5121311337964
1388921.666151,-256.16301685306325,406.7014420850393
1388928.65607,-238.48046353711945,453.9383702586937
1388943.080328,-267.66342625822017,502.0852075563459
1388943.083952,-287.6638316326999,537.5060973189112
1388949.645041,-302.0295337138552,614.0476721027652
1388957.097148,-257.9005038966511,651.8910359939206
1388963.648094,-196.93798205841972,679.340805478465
1388976.561498,-165.47978586501253,688.4439992125068
1388979.171334,-165.47978586501253,688.4439992125068
1388984.983647,-156.22730728475665,691.7259206245226
1388992.471737,-119.0821162007591,728.8432480890802
1388998.992827,-114.4278785299341,756.1294260335205
1389009.482338,-115.38212748185472,760.497135566913
1389012.966893,-115.38212748185472,760.497135566913
1389019.974315,-120.4861476643457,775.6127388092747
1390305.033943,-117.8012061433988,746.686496404739
1390312.288386,-117.93392760781616,742.1268435794065
1390319.768981,-117.93392760781616,742.1268435794065
1390325.973142,-117.93392760781616,742.1268435794065
1390333.303514,-117.93392760781616,742.1268435794065
1390340.299043,-117.93392760781616,742.1268435794065
1390347.800336,-117.4366211130509,741.2305993788564
1390359.236879,-140.02314770768405,705.7391894980636
1390364.373773,-173.4445032292303,689.7843281713849
1390368.690786,-177.058813047766,688.1517224923606
1390368.691382,-177.058813047766,688.1517224923606
1390369.984821,-177.058813047766,688.1517224923606
1390377.962358,-177.058813047766,688.1517224923606
1390384.391822,-177.058813047766,688.1517224923606
1390391.308416,-177.058813047766,688.1517224923606
1390402.370849,-186.2096944189535,681.9392881921492
1390405.330897,-240.98209721957352,660.2955800514469
1390412.005762,-293.4642764817309,634.0202066649712
1390422.735,-307.61934503694306,563.8927014296746
1390440.741026,-254.8697264304485,475.5138008643469
1390440.741641,-254.8697264304485,475.5138008643469
1390442.036821,-254.8697264304485,475.5138008643469
1390450.3242,-251.99371977556063,467.891462967137
1390456.329587,-282.1038563029821,420.16032102835527
1390463.416338,-300.514267584274,402.7794550409334
1390472.76307,-349.2834199648902,377.1329434011229
1390476.988473,-450.2126405473239,344.4890343528669
1390483.993911,-483.0243764295951,332.8176843412162
1390491.152426,-483.0243764295951,332.8176843412162
1390499.207752,-483.0243764295951,332.8176843412162
1390505.005498,-483.0243764295951,332.8176843412162
1390512.769586,-483.0243764295951,332.8176843412162
1390519.009361,-483.0243764295951,332.8176843412162
1390526.327388,-492.48872400076056,328.6671839867533
1390533.005207,-528.8920879389752,318.6718963189691
1390540.010739,-622.6038891391833,290.36713266853786
1390547.00444,-683.4084740598972,268.17017328213126
1390553.998322,-737.7242825524067,246.66291121373916
1390562.266917,-818.4976981134424,212.52389814815703
1390567.994148,-856.9351542084243,214.7173180717312
1390575.83619,-865.6371927805877,238.35083899681223
1390584.48516,-897.2846262828947,239.5291298842584
1390588.993092,-916.7419221820404,234.18058413741443
1390598.011292,-929.8525471513587,231.19924651937973
1390610.251536,-966.9987793345284,213.42430019223391
1390610.444162,-967.3443740637516,185.76249380691056
1390617.033534,-950.679568743454,145.78350454028325
1390624.039681,-936.9691811430934,111.94382439357888
1390631.03604,-926.891468254966,80.79577947460565
1390638.323073,-922.9119173548622,76.37436514584347
1390645.31362,-910.2720118494076,58.97726718529489
1390652.081266,-905.5112794441252,36.4522699529325
1390659.111094,-899.7279107975513,24.384102997662385
1390666.193619,-899.7279107975513,24.384102997662385
1390674.287473,-897.6037779706197,21.06070589383341
1390680.084017,-894.0689891849433,12.024637377441255
1390699.566275,-893.2325366242333,7.191543814198663
1390699.573989,-893.2325366242333,7.191543814198663
1390705.670595,-893.2325366242333,7.191543814198663
1390708.005514,-883.3256740762035,-12.86539306495128
1390716.730048,-873.9314790007063,-33.36366745605387
1390723.10227,-874.2505928161245,-56.7962897133985
1390729.564793,-873.9658139742834,-81.16014284800231
1390736.599569,-870.0448886275087,-100.03272702973553
1390744.272118,-852.9928764251563,-166.28923215672577
1390750.872668,-838.8579768120636,-197.37257696737973
1390758.247703,-828.6149671220793,-219.86249397452823
1408431.049753,-414.3992051231523,-164.42651074800364
1408436.416519,-411.7400852881421,-118.76197002601346
1408446.338485,-372.1556737614712,-53.94050451528981
1408450.395797,-332.37994760879263,-11.195992973031354
1408457.81535,-282.3624294935869,34.260419248766404
1408465.214521,-238.20981495887509,72.34841925270062
1408471.728672,-203.60400399821745,102.38716934190242
1408478.740121,-156.7482994829777,145.65129904701925
1408495.552988,-34.78388965343397,263.3866342829671
1408495.554799,-34.78388965343397,263.3866342829671
1408496.925213,-34.78388965343397,263.3866342829671
1408504.199676,27.447432832001727,315.2710064067064
1470783.519073,-838.940757290638,-199.8546787474182
1470783.519613,-838.940757290638,-199.8546787474182
1470784.932612,-838.940757290638,-199.8546787474182
1470791.923142,-848.6650910722266,-157.66937249098942
1470807.674975,-848.6650910722266,-157.66937249098942
1470808.369171,-848.6650910722266,-157.66937249098942
1470812.922498,-850.256753217302,-151.97695468349096
1470819.982461,-850.256753217302,-151.97695468349096
1470827.793037,-850.256753217302,-151.97695468349096
1470833.956498,-854.5398702741214,-140.9062090845357
1470852.799976,-854.5398702741214,-140.9062090845357
1470852.803531,-859.5604196551541,-123.33457193578776
1470853.608484,-860.2946931240912,-121.74656332045596
1470853.609153,-860.2946931240912,-121.74656332045596
1470854.968281,-861.9354542528268,-118.23860201668016
1470887.772191,-879.1154805249497,-92.3737320778544
1470887.772958,-879.1154805249497,-92.3737320778544
1470889.017228,-879.1154805249497,-92.3737320778544
1470908.243068,-879.1154805249497,-92.3737320778544
1470908.251666,-870.6362000570302,-83.54652859856876
1470909.993606,-874.4260236916826,-69.74770696124422
1470920.613245,-878.9610043106981,-62.01927838930043
1470924.073232,-881.7753242269276,-55.35538180498306
1470933.449582,-887.8676126329881,-23.280090462642978
1470940.07905,-890.7151605395806,-14.621168712156985
1470950.780033,-890.7151605395806,-14.621168712156985
1470953.516651,-891.2291633908774,-8.7491977928742
1470959.318391,-891.7259478632551,-7.270618408923979
1470966.67073,-894.662954882681,2.1652621479369136
1470979.423016,-900.0921035207747,26.56361668322192
1470980.022379,-903.439518479736,35.23519049432968
1471001.373411,-909.2912187793002,56.68027185382495
1471001.387457,-911.9057682637851,62.9406490679916
1471001.773136,-913.1460980425034,66.77346558815152
1471001.773754,-913.1460980425034,66.77346558815152
1471003.669421,-913.1460980425034,66.77346558815152
1471010.774763,-919.1531936629676,78.07387570626898
1471016.816438,-919.1531936629676,78.07387570626898
1471038.26908,-926.9397945585696,87.70084767035334
1471038.272779,-935.1549343653004,110.37463674869726
1471039.972871,-940.5201058443452,128.35062121824214
1471039.973429,-940.5201058443452,128.35062121824214
1471041.878609,-941.5969821100948,137.9001376382203
1471048.880325,-932.3890665598342,163.76665732569754
1471055.878265,-897.4510270097552,179.8618396845468
1471063.594065,-882.2453641402053,187.06636752304036
1471077.485114,-876.2915869798314,190.14837885092211
1471077.488759,-852.1739567302559,202.96063797938632
1471083.92059,-815.3808929766773,219.7400619842264
1471090.94249,-797.4868904722043,227.48400576267528
1471099.69652,-780.546660717479,231.7680222753586
1471114.88875,-753.4366462082362,242.2353863849993
1471114.892362,-707.3229767981868,261.33616666527126
1471118.941347,-621.1140204002907,288.9416322332484
1471126.275148,-557.2721746967966,301.0947156937022
1471133.178083,-519.8906983801821,306.14074346450826
1471139.93101,-465.5327888861631,267.1939620164424
1471150.220721,-444.2030052529623,244.04056729190668
1471154.011122,-444.2030052529623,244.04056729190668
1471160.885211,-444.2030052529623,244.04056729190668
1471167.876649,-444.2030052529623,244.04056729190668
1471185.251634,-444.2030052529623,244.04056729190668
1471185.2584,-164.19691218503186,-77.6017097308562
1471188.781682,-157.46609438592475,-84.71811458784289
1471188.78225,-157.46609438592475,-84.71811458784289
1471189.854026,-157.46609438592475,-84.71811458784289
1471196.978016,-157.46609438592475,-84.71811458784289
1471203.85191,-155.01917092805837,-87.72617412629826
1471213.945464,-122.77296975916634,-120.10397468828818
1471217.899235,-91.20800534998024,-112.44979670574352
1471227.595371,-83.15886235427408,-105.41945030906376
1471231.928708,-83.15886235427408,-105.41945030906376
1471238.99312,-83.15886235427408,-105.41945030906376
1471255.679266,-83.15886235427408,-105.41945030906376
1471255.682814,-83.15886235427408,-105.41945030906376
1471259.86145,-83.15886235427408,-105.41945030906376
1471267.516458,-83.15886235427408,-105.41945030906376
1471275.585058,-73.65735664556206,-95.11450776455165
1471280.868767,-73.65735664556206,-95.11450776455165
1471291.839199,-73.65735664556206,-95.11450776455165
1471294.861116,-73.65735664556206,-95.11450776455165
1471301.869465,-73.65735664556206,-95.11450776455165
1471311.361823,-73.65735664556206,-95.11450776455165
1471315.904149,-73.65735664556206,-95.11450776455165
1471325.576984,-73.65735664556206,-95.11450776455165
1471329.861113,-73.65735664556206,-95.11450776455165
1471336.8612,-73.65735664556206,-95.11450776455165
1471344.541478,-68.04794004510775,-88.08621143059565
1471350.867566,-64.20457480773703,-84.78890677553979
1471363.118278,-64.20457480773703,-84.78890677553979
1471365.358377,-49.57068448054385,-73.66950162369925
1471371.866247,-40.30706725255128,-65.15489550455756
1471379.56404,-23.52327472833873,-51.14317379327204
1471387.754483,-15.777178721656428,-47.76935772469688
1471398.628475,-15.777178721656428,-47.76935772469688
1471400.833162,-15.777178721656428,-47.76935772469688
1471406.872685,-15.777178721656428,-47.76935772469688
1471414.654592,-15.777178721656428,-47.76935772469688
1471421.544398,-3.2313017419916195,-35.96836105242815
1471432.243221,11.388229917986669,-49.69321145980867
1471435.194127,33.572267514953765,-82.15701958513154
1471442.07761,51.894658699768925,-89.51084644879538
1474144.858348,-15.767501325805956,627.7880788815766
1474144.859103,-15.767501325805956,627.7880788815766
1474145.852401,-15.767501325805956,627.7880788815766
1474156.182433,25.91731465825203,607.4387162782884
1474858.46668,15.007137604841056,-3.5964376322178877
1474858.467315,15.007137604841056,-3.5964376322178877
1474860.099897,15.007137604841056,-3.5964376322178877
1474867.418618,-34.94796103844243,-47.84304021491016
1474874.187626,-115.25124374236728,-118.2901202940256
1474884.697437,-168.5634633560205,-167.2486372646056
1474888.274125,-194.16723530809065,-184.92966452268385
1474897.279281,-194.16723530809065,-184.92966452268385
1474902.420505,-218.87518235246355,-208.5839022897201
1495150.094606,-192.59958727508865,-200.87304680894573
1495158.54103,-156.6422255240698,-165.55068810853828
1495164.425991,-135.1089587414383,-146.7732369096426
1495171.375969,-134.68388374526157,-145.1438706819008
1495178.418601,-134.68388374526157,-145.1438706819008
1495185.728486,-119.60457701060136,-132.9128131486457
1495192.221856,-58.76398499039118,-69.91373531922835
1495199.065553,-13.689576135103904,-32.47398100131305
1495208.291219,38.53379018213521,13.12701483473947
1556606.412579,51.93735765581037,14.705076563478029
1556613.54374,28.165044041372965,-16.98948130741909
1556620.555966,19.216741148778105,-24.23506363039444
1556627.231602,19.216741148778105,-24.23506363039444
1556640.170665,0.7162815565599235,-29.90093207933207
1556642.523051,-35.49726845691139,-58.22084198611888
1556648.228967,-91.80811301584744,-95.457750547819
1556657.234668,-110.44348686161509,-110.1771154762537
1556662.227221,-110.44348686161509,-110.1771154762537
1556672.685146,-145.6513150520969,-98.1027383348444
1556676.480339,-182.9040317446852,-54.42057821734987
1556696.958948,-206.84784674688623,-27.11222319761211
1556696.960418,-206.84784674688623,-27.11222319761211
1556698.094954,-206.84784674688623,-27.11222319761211
1556713.467634,-206.84784674688623,-27.11222319761211
1556713.4714,-464.11772572135294,270.0334840986415
1556719.302172,-464.11772572135294,270.0334840986415
1556726.084833,-454.258899089567,299.8758067164738
1556733.182591,-438.916715468452,334.55174192363177
1556743.301418,-414.7449869240843,349.14730824661285
1556749.792388,-359.983433822031,370.3968007519469
1556754.428503,-287.9120423913922,391.31089713788987
1556761.07862,-250.25296274066892,408.12206687177087
1556768.50225,-240.72639842763945,414.6184351280342
1556786.01416,-238.80538739852256,443.7747851830627
1556786.017896,-260.44936733015413,448.46421567134
1556789.414391,-278.1606362378136,428.8144266879572
1556796.284733,-293.49654446401075,404.72191318538376
1556803.506599,-294.8961114585071,400.636749864324
1556810.430013,-282.26659521385784,393.72485508467406
1556825.989763,-275.3397688080596,394.15198093872766
1556825.993546,-275.3397688080596,394.15198093872766
1556831.151295,-275.3397688080596,394.15198093872766
1556839.132449,-275.3397688080596,394.15198093872766
1556847.033991,-275.3397688080596,394.15198093872766
1556852.86771,-275.3397688080596,394.15198093872766
1556866.280945,-275.3397688080596,394.15198093872766
1556866.413581,-275.3397688080596,394.15198093872766
1556875.172432,-275.3397688080596,394.15198093872766
1556880.125125,-248.7891967813872,411.11106118236
1556887.416597,-231.94849050743017,435.855663249633
1556899.026772,-238.615415057626,456.9288017383356
1556902.736441,-239.13921466450375,458.2297968728873
1556908.482074,-239.13921466450375,458.2297968728873
1556915.109206,-239.13921466450375,458.2297968728873
1556922.407933,-249.9907916868169,474.6420077492021
1556929.085697,-264.53441953257635,494.5018667958592
1556937.018646,-278.1474380510639,515.6117959764318
1556943.091792,-307.5101863904605,593.126807846492
1556950.090976,-273.2871930859638,636.4103623110133
1556957.772959,-227.514040011374,656.2280417285069
1556964.722385,-144.19927509963202,690.9552910331071
1556974.513538,-113.26446610786228,729.6910639545962
1556978.088401,-119.06990255951206,773.5148684557828
1559145.328688,-127.024263591019,745.3233656220908
1559153.264717,-127.5493839137323,719.1133722500988
1559158.642488,-127.30166600041156,716.6645101145848
1559165.958996,-127.30166600041156,716.6645101145848
1559172.965224,-127.30166600041156,716.6645101145848
1559179.667148,-127.30166600041156,716.6645101145848
1559189.358661,-127.04435714856236,706.7080032549118
1559193.675022,-85.72184890734087,670.2787075472017
1559201.211908,-35.42510679465878,632.5752660554762
1559208.893629,44.385673349016464,595.8589637032526
1559291.997953,44.78037024101489,341.8731889943164
1559301.211364,18.33921890009129,319.30046526199715
1559305.783507,-12.09154370779296,293.9031502709797
1559313.057176,-67.84475657237677,241.0558601456517
1559319.730804,-103.12147117379712,209.3806550054384
1559326.643959,-139.7181358343979,175.26218705920243
1559335.158497,-199.9156773003087,114.48594514706534
1559341.0464,-232.5993668052457,81.82795816560204
1559347.645227,-272.4178872808718,43.20588469595732
1559354.979104,-342.937027399401,-27.657020462696007
1559362.298492,-384.1432905321983,-67.75402045529337
1559368.65895,-411.8662232469039,-108.2222938961464
1559376.124301,-417.0834322815098,-149.45777522361155
1559382.688012,-416.71726014364793,-208.50473961526157
1567305.306133,-495.1649430458816,744.6967237675874
1567316.857882,-491.79754935289634,685.1101835571698
1567319.278273,-490.6002591298802,647.5712233058435
1567327.186794,-484.34025871608094,600.2686336610768
1567334.704981,-480.1606053738018,540.6329301682291
1567340.204781,-481.957151809195,519.021032933462
1567354.519687,-471.2453696606991,506.12902629973934
1567354.52333,-440.72650227801824,473.7306083425758
1567361.34709,-433.70221931162047,446.5614752781564
1567368.210298,-428.5308049655502,416.1496894816005
1567375.527608,-426.33861888984734,387.88220895232286
1567382.20924,-434.4820078260885,374.9851951583131
1567393.555668,-439.5358411996056,367.9784405013177
1567397.224158,-463.2601054872563,351.08644796789946
1567404.547502,-463.2601054872563,351.08644796789946
1567410.92878,-463.2601054872563,351.08644796789946
1567417.557305,-489.8720531023772,330.8658913982119
1567429.724003,-515.1260762216955,327.18341306627354
1567431.530993,-534.3562840190906,338.4907522161278
1567438.201518,-560.4899945312253,358.05538043837515
1567445.992856,-584.0051393042867,383.13397136634165
1567452.825473,-608.0127695512089,412.8002399086464
1567459.669099,-645.3632177532393,455.93804838938553
1567466.253664,-679.9552764088937,485.94013519341104
1567473.258883,-702.5466720339336,504.8780719347027
1567482.654315,-714.9744829308333,534.9351825701542
1567487.312043,-733.0310727215918,545.3968254284574
1567495.071198,-749.2288106085732,555.6228869137399
1567501.211527,-763.8807591135785,600.9649306317174
1567509.033411,-772.2662151815841,613.5056535282174
1567517.053686,-772.2662151815841,613.5056535282174
1567522.218065,-772.2662151815841,613.5056535282174
1567533.565087,-772.2662151815841,613.5056535282174
1567536.772599,-772.2662151815841,613.5056535282174
1567543.772585,-772.2662151815841,613.5056535282174
1567550.841541,-772.2662151815841,613.5056535282174
1567557.918134,-772.2662151815841,613.5056535282174
1567570.609015,-772.2662151815841,613.5056535282174
1567573.598634,-772.2662151815841,613.5056535282174
1567579.069553,-772.2662151815841,613.5056535282174
1567586.237496,-787.3055312850646,627.7838257555313
1567592.628148,-788.2978748592891,628.4319942855783
1567605.287115,-796.9185047204902,636.4489146109325
1567608.450507,-806.9696421441894,651.5381424086468
1567613.310573,-811.2432378173125,656.557107868111
1567620.629644,-828.7501179198559,673.6992373466719
1567627.981071,-852.9091842410436,702.6602214723125
1567641.227796,-862.4764544300093,716.096983122583
1567641.234594,-872.1388539049387,724.473200251346
1567648.375581,-886.2281977447731,736.037862591065
1567658.861096,-894.8029697992686,745.7710085783968
1567662.22004,-903.9062358586426,755.0807155685741
1567669.717499,-921.1937816208113,770.9061368454057
1567677.70289,-928.5813848765944,776.8640089402546
1568683.762727,-1023.2368017698416,344.3699911341617
1568709.997741,-998.5473395272912,281.7560473991217
1568709.998368,-998.5473395272912,281.7560473991217
1568711.540742,-998.5473395272912,281.7560473991217
1568721.759839,-958.6199671554054,192.33333310284036
1568725.464887,-936.2594799901112,167.43615907554292
1568732.450555,-914.2475405413734,171.0484976876104
1568741.486001,-885.1992279347838,179.70390884329996
1568747.442583,-877.6963417723979,181.73390886296536
1568757.980336,-855.7222236293998,193.90469274007808
1568760.452125,-821.7744594969068,209.96398200296215
1568771.933033,-757.931461256163,235.20660641395204
1568781.640867,-695.5451219456829,256.54358641754203
1568789.255607,-621.8380981537316,283.73725328386155
1568789.259475,-545.8497286424414,307.10103435878926
1568796.680131,-545.8497286424414,307.10103435878926
1568802.839502,-545.8497286424414,307.10103435878926
1568809.461633,-545.8497286424414,307.10103435878926
1568820.972517,-531.0292803450856,305.0321229297561
1568824.47759,-495.8252287789972,315.0166220310459
1568830.460735,-441.2320670213368,338.7555293871308
1568837.782036,-405.9168650731456,350.249153144916
1568845.028743,-365.8465921700319,362.3980886063726
1568857.48686,-335.8586199072271,369.8618624645045
1568858.79474,-335.8586199072271,369.8618624645045
1568866.249568,-335.8586199072271,369.8618624645045
1568872.623764,-335.8586199072271,369.8618624645045
1568879.607919,-335.8586199072271,369.8618624645045
1568886.586706,-335.8586199072271,369.8618624645045
1568899.544913,-335.8586199072271,369.8618624645045
1568900.475541,-312.3061788598384,376.1292038749559
1568908.135647,-287.9172857140276,382.0007040408785
1568915.102647,-240.59222172813423,401.9357798312084
1568921.461799,-234.2146264234725,404.9010251006724
1568936.173823,-234.2146264234725,404.9010251006724
1568936.177401,-234.2146264234725,404.9010251006724
1568943.10809,-234.2146264234725,404.9010251006724
1568951.300014,-234.2146264234725,404.9010251006724
1568956.464043,-234.2146264234725,404.9010251006724
1568963.472016,-234.2146264234725,404.9010251006724
1568972.481847,-234.2146264234725,404.9010251006724
1568977.791926,-234.2146264234725,404.9010251006724
1568984.795519,-234.2146264234725,404.9010251006724
1568992.292409,-234.2146264234725,404.9010251006724
1568998.465128,-237.5669382350896,439.12604135728645
1569011.661531,-245.52289929341208,446.3986927700169
1569012.832937,-245.52289929341208,446.3986927700169
1569020.994731,-245.52289929341208,446.3986927700169
1569026.476909,-245.52289929341208,446.3986927700169
1569033.873921,-245.52289929341208,446.3986927700169
1569047.479775,-272.37900912310783,428.0646360689504
1569047.483422,-293.2599517466875,410.1934224851853
1569055.666873,-297.5790942269387,406.9451635090738
1569061.473401,-297.5790942269387,406.9451635090738
1569076.08605,-297.5790942269387,406.9451635090738
1569076.284152,-297.7726132156719,392.8502710688502
1569076.713195,-294.33816077064466,380.7180410321585
1569083.459471,-266.5351539023196,352.3381777319302
1569089.462769,-233.669564189903,326.9284864121794
1569097.815203,-212.0109478050492,309.6700652603113
1569103.490445,-213.1610931333192,300.6946051877614
1569112.33735,-235.36331347937872,304.21857735447253
1569117.53957,-244.6009069225739,303.027020102008
1569125.809568,-262.49600964813794,296.17536077820654
1569132.117486,-290.665495474588,292.6926002188448
1569138.804147,-331.2731791200784,287.3373717043823
1569145.785294,-357.016390116393,284.43880366021256
1569156.609595,-357.016390116393,284.43880366021256
1569159.472117,-357.016390116393,284.43880366021256
1569169.604107,-357.016390116393,284.43880366021256
1569173.474672,-364.0855484824933,285.05019433580554
1569181.547512,-364.0855484824933,285.05019433580554
1569187.821215,-364.0855484824933,285.05019433580554
1569194.804672,-364.0855484824933,285.05019433580554
1569201.795316,-364.0855484824933,285.05019433580554
1569208.473066,-364.0855484824933,285.05019433580554
1569221.125446,-364.0855484824933,285.05019433580554
1569222.824708,-364.0855484824933,285.05019433580554
1569225.994814,-297.5790942269387,406.9451635090738
1569229.492554,-364.0855484824933,285.05019433580554
1569237.13688,-364.0855484824933,285.05019433580554
1569243.799965,-364.0855484824933,285.05019433580554
1569252.402498,-364.0855484824933,285.05019433580554
1569258.853283,-364.0855484824933,285.05019433580554
1569264.795651,-364.0855484824933,285.05019433580554
1569271.484086,-364.0855484824933,285.05019433580554
1569278.807644,-364.0855484824933,285.05019433580554
1569285.561581,-364.0855484824933,285.05019433580554
1569292.86615,-364.0855484824933,285.05019433580554
1569299.823524,-364.0855484824933,285.05019433580554
1569306.472018,-364.0855484824933,285.05019433580554
1569313.820591,-364.0855484824933,285.05019433580554
1569329.620916,-364.0855484824933,285.05019433580554
1569329.624483,-364.0855484824933,285.05019433580554
1569334.486359,-364.0855484824933,285.05019433580554
1569341.51818,-364.0855484824933,285.05019433580554
1569349.730026,-364.0855484824933,285.05019433580554
1569355.473588,-364.0855484824933,285.05019433580554
1569363.522551,-364.0855484824933,285.05019433580554
1569370.112063,-364.0855484824933,285.05019433580554
1569376.523966,-364.0855484824933,285.05019433580554
1569385.052731,-379.74347832911207,281.5426074269623
1569390.512975,-414.0209371596841,271.39662352595747
1569403.574678,-435.2823398342632,261.17854226189803
1569405.258847,-447.5980356608436,271.25306998671044
1569405.87901,-447.5980356608436,271.25306998671044
1569405.879682,-447.5980356608436,271.25306998671044
1569407.319618,-458.4310529310836,275.45678118198686
1569414.786207,-463.7470398658032,288.1040968685459
1569421.652607,-446.8241937112503,330.25634550811924
1569432.769,-412.4501464775924,347.180941718905
1569435.530314,-362.72087384941096,364.6325504420705
1569442.357821,-325.02551841778825,376.9885966879324
1569450.45915,-325.02551841778825,376.9885966879324
1569465.488608,-325.02551841778825,376.9885966879324
1569465.492293,-325.02551841778825,376.9885966879324
1569468.8862,-297.5790942269387,406.9451635090738
1569470.713097,-325.02551841778825,376.9885966879324
1569482.303388,-325.02551841778825,376.9885966879324
1569485.311306,-325.02551841778825,376.9885966879324
1569491.866907,-312.8980111331211,378.8279261398726
1569498.320596,-285.26412074118724,389.1312393309422
1569512.950941,-223.80807897919428,415.7051719524685
1569512.954842,-171.32722284326522,438.5533610890803
1569519.89439,-130.06703667629154,463.1686296728506
1569527.578482,-64.00639285284355,500.4956274878832
1569533.430253,-21.36588479710091,525.4671437219587
1569540.656964,41.07613904231011,531.8542422658874
1572871.44642,46.880134116503,21.165752430409047
1572879.136122,-20.425949678456384,-39.164033357786366
1572884.585937,-73.18139418949771,-87.25195448690755
1572891.564091,-135.82931956373844,-141.41908646752896
1575526.504267,-190.88693183566747,-194.1297985283117
1575532.326315,-145.86753616947345,-152.79605874949638
1575543.296731,-144.74852952692868,-151.71362735331553
1575546.656829,-144.74852952692868,-151.71362735331553
1575553.369329,-133.08676083286522,-139.88232313787694
1575560.645815,-107.00080189116672,-120.01530727547552
1575567.646205,-68.8551188227966,-85.5601995654449
1575576.580745,-13.519598829045066,-40.312763713750414
1575581.970248,27.16707920054192,-4.0797182569014
1575590.280278,51.16245012979718,20.61483965648841
1575596.109386,52.99537548771839,22.216499355147786
1575602.337555,52.99537548771839,22.216499355147786
1575610.541792,52.99537548771839,22.216499355147786
1575616.417291,52.99537548771839,22.216499355147786
1575623.327902,52.99537548771839,22.216499355147786
1575631.522753,52.99537548771839,22.216499355147786
1575637.351955,52.99537548771839,22.216499355147786
1575647.308779,52.99537548771839,22.216499355147786
1616584.132919,34.547850473234554,16.091168280695243
1616591.403726,10.33905366197282,-1.5417975217148707
1616598.180999,-32.55156399272126,-40.94920097273697
1616604.789053,-67.40260717671573,-72.58250580609842
1616612.077605,-100.91608439587414,-99.52963909736222
1616618.755627,-144.39969673646334,-93.82603027647876
1616625.74766,-189.31748502876331,-44.47365376395761
1616633.356157,-211.0487253849424,-17.593849927815892
1616640.073324,-211.0487253849424,-17.593849927815892
1616646.759067,-211.0487253849424,-17.593849927815892
1616654.080029,-211.0487253849424,-17.593849927815892
1616660.765282,-469.2137001902093,264.500023427026
1616668.126253,-456.8135171284095,317.1051531328929
1616678.462093,-439.4430000056699,345.8057811385005
1616681.848327,-400.92768943752367,359.4187692766968
1616688.762283,-345.4987734201413,378.5169353278184
1616696.092304,-327.9013083857473,383.1284735307862
1616703.064007,-327.9013083857473,383.1284735307862
1616710.074109,-327.9013083857473,383.1284735307862
1616717.073189,-327.9013083857473,383.1284735307862
1616723.770476,-317.9342956348776,385.76825446002096
1616731.708614,-274.87443724230144,397.7485193639827
1616737.755606,-239.77789877156044,416.6071872733688
1616745.079686,-234.03380253658128,443.9155824024621
1616752.093314,-265.5906461582175,497.7696734801975
1616759.108754,-291.5692895596832,543.4733439312815
1616765.7484,-305.60497301647484,597.599689055987
1616773.077994,-242.63804390132336,653.3359611085335
1616779.756126,-194.36678799914137,673.2063444396528
1616787.854315,-155.74476849263016,687.1809050221436
1616794.085453,-136.88923297449838,696.0644150769075
1616800.753796,-135.91406101805617,696.9440803755244
1616807.77663,-135.91406101805617,696.9440803755244
1616815.090641,-116.01009435758596,724.7017912419375
1616822.100623,-116.39592639774452,769.3293183513335
1624823.636118,-122.90803358526216,749.0822406902762
1624830.039949,-121.45405383379074,737.0393585420492
1624837.344532,-121.45405383379074,737.0393585420492
1624844.342461,-121.45405383379074,737.0393585420492
1624851.337221,-121.45405383379074,737.0393585420492
1624858.335976,-122.31462265170734,727.8685550293159
1624865.021831,-159.42698289736276,685.1367248710031
1624872.039062,-226.87948631073192,658.2926481820834
1624879.34612,-311.5438554909611,604.3486962430702
1624886.618663,-306.76551006028825,547.2692595203379
1624893.085769,-275.7454226781402,489.39788142668
1624900.470283,-271.1072608548794,432.0123849424184
1624907.338322,-289.8073428298399,411.5853384740595
1624914.342957,-319.4572820762448,385.50079225183066
1624921.031599,-375.91280984610427,367.90828285829775
1624928.465428,-429.9349092023288,351.06580865832524
1624935.614304,-482.1022848478013,332.0562533397538
1624942.661656,-545.624062316873,353.69207797332456
1624949.036638,-583.3143502582409,391.57653492412135
1624956.545108,-602.8393184209974,412.2240034785139
1624963.641962,-602.8393184209974,412.2240034785139
1624970.379011,-602.8393184209974,412.2240034785139
1624977.123544,-602.8393184209974,412.2240034785139
1624984.019774,-657.2548105180049,479.8219865374106
1624991.346342,-698.8176055758655,525.8930657828166
1624998.094349,-731.4552286106374,547.0918538660643
1625005.017521,-767.6523102548705,603.3744636765801
1625012.359997,-784.4294486323562,634.5722650728183
1625019.522586,-798.3896064833648,642.9585919277233
1625026.344487,-844.3071023384991,619.9812085605248
1625033.039892,-905.930872083504,589.5758739268587
1625040.710434,-949.8744912465554,568.1109714600298
1627047.495532,-1009.1510997403684,349.8383319145957
1627056.497574,-998.8005202373894,317.4004792383059
1627064.180741,-985.0495482067892,299.26067089942484
1627068.377479,-960.6499401218302,223.9133982358472
1627075.70695,-952.4176152124508,175.7955832667938
1627082.769267,-921.0214835615,170.24593748541847
1627090.772885,-866.6277243949821,196.9657221074268
1627096.391632,-816.7779009621386,220.89925076992176
1627103.701015,-769.5383989811176,239.44939564626543
1627110.704901,-689.008384529611,269.7007194374625
1627117.371887,-619.8044711851144,291.22244516849656
1627125.098633,-576.6295939262775,305.8553921408966
1627131.704988,-549.4091661979651,315.41244979989256
1627139.234334,-497.4808147360908,329.316525434883
1627145.373599,-433.3637635329601,354.0423898156875
1627152.382971,-328.5197554536319,382.4222712738996
1627159.698343,-318.7654064845225,385.44079898523233
1627166.642471,-318.7654064845225,385.44079898523233
1627173.698192,-318.7654064845225,385.44079898523233
1627180.697527,-318.7654064845225,385.44079898523233
1627187.381622,-318.7654064845225,385.44079898523233
1627194.697309,-318.7654064845225,385.44079898523233
1627201.69325,-318.7654064845225,385.44079898523233
1627208.693332,-318.7654064845225,385.44079898523233
1627215.611329,-251.2604350829841,410.16989376190696
1627223.53211,-187.2435919044687,436.1813502937136
1627229.425627,-106.69787192918947,469.9791189738104
1627236.982226,5.428531780990713,525.2782681148453
1631154.225316,-841.970986268285,-210.8162439023662
1631160.520525,-854.3047929780014,-179.08456389274025
1631168.125533,-864.9887739644668,-144.277876039812
1631174.814332,-878.7255071920773,-100.05793049196252
1631181.485612,-893.6208144770002,-58.274923085166336
1631191.34776,-909.9236377336972,-12.784708367435115
1631195.497913,-924.3803524843804,44.36021371019326
1631202.505295,-931.7387989244156,77.49548162015209
1631209.476015,-938.7483818967188,108.2714957993638
1631216.811655,-950.2607642102772,146.3030723716612
1631223.485803,-941.6519830399914,167.3865243553636
1631230.864244,-940.0420967197916,168.2458412142664
1631237.493439,-926.2775664051792,173.60947706257798
1631245.020892,-900.2903817574316,182.82207024583468
1631251.87216,-872.8378494858655,195.97894345351256
1631258.823005,-838.1231011710837,211.7827609890752
1631266.005962,-827.3018481584766,213.7829527529209
1631274.518482,-822.9373482030194,214.67627457557964
1631279.888622,-803.8463340673167,225.719521622089
1631286.523647,-779.9832921253497,230.7348152199691
1631293.889511,-760.0152278892186,242.89039358514307
1631300.498087,-712.87735418291,261.0218263203098
1631307.529048,-674.5034429056578,270.8585347159425
1631314.588905,-626.4962893455562,279.92358587194195
1631321.489265,-570.5660267651149,292.4712539922928
1631328.545975,-551.5442938280697,297.948773545018
1631335.813918,-551.5442938280697,297.948773545018
1631342.485749,-551.5442938280697,297.948773545018
1631350.51938,-551.5442938280697,297.948773545018
1631356.902067,-551.5442938280697,297.948773545018
1631363.813526,-551.5442938280697,297.948773545018
1631373.45819,-524.585222432539,306.660128480624
1631377.497131,-482.7398421556848,325.0632036676878
1631384.540565,-396.6200874540454,356.9013576220152
1631391.622695,-346.0023788888306,372.4373290184723
1631398.885186,-308.0963714672709,385.1366894991376
1631407.125096,-265.7160312775934,395.14312281713
1631410.808709,-260.1420615224869,397.942626974018
1631412.503386,-258.9100951348036,398.6582718398686
1631419.826971,-258.9100951348036,398.6582718398686
1631426.825584,-258.9100951348036,398.6582718398686
1631433.500753,-258.9100951348036,398.6582718398686
1631440.858179,-258.9100951348036,398.6582718398686
1631447.907947,-258.9100951348036,398.6582718398686
1631454.5485,-258.9100951348036,398.6582718398686
1631461.822118,-258.9100951348036,398.6582718398686
1631468.508979,-258.9100951348036,398.6582718398686
1631475.825649,-258.9100951348036,398.6582718398686
1631482.819111,-258.9100951348036,398.6582718398686
1631489.815095,-258.9100951348036,398.6582718398686
1631496.816342,-258.9100951348036,398.6582718398686
1631504.03409,-258.9100951348036,398.6582718398686
1631510.492758,-258.9100951348036,398.6582718398686
1631517.822718,-258.9100951348036,398.6582718398686
1631524.826335,-258.9100951348036,398.6582718398686
1631532.13214,-258.9100951348036,398.6582718398686
1631539.826392,-258.9100951348036,398.6582718398686
1631546.119115,-258.9100951348036,398.6582718398686
1631552.499466,-258.9100951348036,398.6582718398686
1631560.308938,-258.9100951348036,398.6582718398686
1631566.819964,-258.9100951348036,398.6582718398686
1631573.5111,-258.9100951348036,398.6582718398686
1631580.823081,-258.9100951348036,398.6582718398686
1631587.519695,-258.9100951348036,398.6582718398686
1631594.822834,-258.9100951348036,398.6582718398686
1631601.502526,-258.9100951348036,398.6582718398686
1631609.095465,-258.9100951348036,398.6582718398686
1631616.616849,-258.9100951348036,398.6582718398686
1631622.819629,-258.9100951348036,398.6582718398686
1631629.538456,-258.9100951348036,398.6582718398686
1631636.822247,-258.9100951348036,398.6582718398686
1631643.831518,-258.9100951348036,398.6582718398686
1631650.816817,-258.9100951348036,398.6582718398686
1631657.859766,-258.9100951348036,398.6582718398686
1631664.819064,-258.9100951348036,398.6582718398686
1631671.832112,-258.9100951348036,398.6582718398686
1631678.508562,-258.9100951348036,398.6582718398686
1631686.103726,-258.9100951348036,398.6582718398686
1631692.501894,-258.9100951348036,398.6582718398686
1631700.010465,-257.8008075026861,399.3610157967783
1631706.507982,-257.8008075026861,399.3610157967783
1631713.840539,-257.8008075026861,399.3610157967783
1631720.505715,-257.8008075026861,399.3610157967783
1631728.120614,-256.7605419786637,400.4588243918567
1631734.624462,-254.4081275875864,402.52584969534297
1631741.523013,-254.4081275875864,402.52584969534297
1631749.880945,-254.4081275875864,402.52584969534297
1631755.50828,-254.4081275875864,402.52584969534297
1631763.144203,-254.4081275875864,402.52584969534297
1631772.522418,-254.4081275875864,402.52584969534297
1631776.548186,-254.4081275875864,402.52584969534297
1631783.898979,-254.4081275875864,402.52584969534297
1631792.717552,-254.4081275875864,402.52584969534297
1631797.597041,-254.4081275875864,402.52584969534297
1631807.242369,-254.4081275875864,402.52584969534297
1631811.664901,-254.4081275875864,402.52584969534297
1631820.114448,-254.4081275875864,402.52584969534297
1631826.788344,-254.4081275875864,402.52584969534297
1631834.291892,-254.4081275875864,402.52584969534297
1631840.240126,-254.4081275875864,402.52584969534297
1631848.48517,-254.4081275875864,402.52584969534297
1631856.3889,-254.4081275875864,402.52584969534297
1631862.186618,-254.4081275875864,402.52584969534297
1631867.958646,-254.4081275875864,402.52584969534297
1631874.53469,-254.4081275875864,402.52584969534297
1631883.420263,-254.4081275875864,402.52584969534297
1631890.033769,-254.4081275875864,402.52584969534297
1631896.649734,-254.4081275875864,402.52584969534297
1631902.844591,-254.4081275875864,402.52584969534297
1631909.512281,-254.4081275875864,402.52584969534297
1631916.511637,-254.4081275875864,402.52584969534297
1631924.360563,-254.4081275875864,402.52584969534297
1631931.153637,-254.4081275875864,402.52584969534297
1631937.509302,-254.4081275875864,402.52584969534297
1631947.260563,-254.4081275875864,402.52584969534297
1631951.526279,-254.4081275875864,402.52584969534297
1631959.517793,-254.4081275875864,402.52584969534297
1631966.899447,-254.4081275875864,402.52584969534297
1631974.201074,-254.4081275875864,402.52584969534297
1631982.715084,-254.4081275875864,402.52584969534297
1631986.541066,-254.4081275875864,402.52584969534297
1631993.522195,-254.4081275875864,402.52584969534297
1632002.071715,-254.4081275875864,402.52584969534297
1632007.848399,-254.4081275875864,402.52584969534297
1632015.47206,-254.4081275875864,402.52584969534297
1632021.967784,-254.4081275875864,402.52584969534297
1632030.327876,-254.4081275875864,402.52584969534297
1632036.014205,-254.4081275875864,402.52584969534297
1632042.512472,-254.4081275875864,402.52584969534297
1632049.609316,-254.4081275875864,402.52584969534297
1632056.533816,-254.4081275875864,402.52584969534297
1632064.539386,-254.4081275875864,402.52584969534297
1632070.522795,-254.4081275875864,402.52584969534297
1632078.186119,-254.4081275875864,402.52584969534297
1632085.36105,-254.4081275875864,402.52584969534297
1632091.987356,-254.4081275875864,402.52584969534297
1632098.91101,-254.4081275875864,402.52584969534297
1632107.978572,-254.4081275875864,402.52584969534297
1632113.985311,-254.4081275875864,402.52584969534297
1632119.574718,-254.4081275875864,402.52584969534297
1632129.749428,-254.4081275875864,402.52584969534297
1632133.663277,-254.4081275875864,402.52584969534297
1632140.525199,-254.4081275875864,402.52584969534297
1632149.171092,-254.4081275875864,402.52584969534297
1632154.535937,-254.4081275875864,402.52584969534297
1632161.521657,-254.4081275875864,402.52584969534297
1632168.924512,-254.4081275875864,402.52584969534297
1632177.152222,-254.4081275875864,402.52584969534297
1632182.518503,-254.4081275875864,402.52584969534297
1632189.529864,-254.4081275875864,402.52584969534297
1632198.021701,-253.4594403874504,403.03111567108857
1632203.851788,-253.45944035428485,403.031115658366
1632211.837575,-253.45944035428485,403.031115658366
1632217.835657,-253.45944035428485,403.031115658366
1632224.587313,-253.45944035428485,403.031115658366
1632232.302,-253.45944035428485,403.031115658366
1632239.420631,-253.45944035428485,403.031115658366
1632245.691768,-253.45944035428485,403.031115658366
1632252.551899,-253.45944035428485,403.031115658366
1632260.010434,-253.45944035428485,403.031115658366
1632266.841292,-253.45944035428485,403.031115658366
1632273.856403,-253.45944035428485,403.031115658366
1632280.520572,-253.45944035428485,403.031115658366
1632287.857347,-253.45944035428485,403.031115658366
1632294.842521,-253.45944035428485,403.031115658366
1632301.532463,-253.45944035428485,403.031115658366
1632308.852913,-253.45944035428485,403.031115658366
1632315.57363,-253.45944035428485,403.031115658366
1632322.857578,-253.45944035428485,403.031115658366
1632331.68215,-253.45944035428485,403.031115658366
1632336.522363,-253.45944035428485,403.031115658366
1632343.542236,-253.45944035428485,403.031115658366
1632350.853487,-253.45944035428485,403.031115658366
1632357.611175,-253.45944035428485,403.031115658366
1632365.428102,-253.45944035428485,403.031115658366
1632371.856751,-253.45944035428485,403.031115658366
1632379.123234,-253.45944035428485,403.031115658366
1632387.186303,-252.79564601133907,402.4794662951143
1632392.854017,-252.79562457750336,402.479459863965
1632399.930601,-252.79562457750336,402.479459863965
1632407.690646,-252.79562457750336,402.479459863965
1632413.85674,-252.79562457750336,402.479459863965
1632420.78343,-252.79562457750336,402.479459863965
1632428.162564,-252.79562457750336,402.479459863965
1632434.540524,-252.79562457750336,402.479459863965
1632441.856364,-252.79562457750336,402.479459863965
1632448.521085,-250.92573547758155,404.177297505295
1632456.255698,-232.6335848927664,414.9654119404167
1632464.05016,-221.1096433802872,425.3128852916281
1632469.858782,-221.53190651160065,425.9333077197423
1632476.636521,-221.53190651160065,425.9333077197423
1632483.529297,-221.53190651160065,425.9333077197423
1632490.940655,-221.53190651160065,425.9333077197423
1632498.590658,-221.53190651160065,425.9333077197423
1632504.534784,-221.53190651160065,425.9333077197423
1632511.568357,-221.53190651160065,425.9333077197423
1632519.49372,-221.53190651160065,425.9333077197423
1632525.527128,-221.53190651160065,425.9333077197423
1632533.202631,-221.53190651160065,425.9333077197423
1632540.745234,-221.53190651160065,425.9333077197423
1632546.628359,-221.53190651160065,425.9333077197423
1632553.968271,-227.34943239886667,431.23920306607846
1632560.685002,-229.80608744681,433.8765551409658
1632568.122106,-229.80608744681,433.8765551409658
1632576.927139,-229.80608744681,433.8765551409658
1632581.692315,-229.80608744681,433.8765551409658
1632588.982339,-229.80608744681,433.8765551409658
1632595.878052,-229.80608744681,433.8765551409658
1632602.707354,-229.80608744681,433.8765551409658
1632610.679602,-229.80608744681,433.8765551409658
1632617.584942,-229.80608744681,433.8765551409658
1632623.926331,-231.60406085493585,437.24642308518906
1632630.908496,-231.60551199931643,437.2499337088534
1632638.115954,-231.60551199931643,437.2499337088534
1632644.88389,-231.60551199931643,437.2499337088534
1632651.984229,-231.60551199931643,437.2499337088534
1632658.877198,-231.60551199931643,437.2499337088534
1632665.582103,-231.60551199931643,437.2499337088534
1632673.141911,-231.60551199931643,437.2499337088534
1632679.534032,-231.60551199931643,437.2499337088534
1632687.343455,-231.60551199931643,437.2499337088534
1632696.443479,-232.39599933173423,438.6300977658259
1632700.901682,-242.50036632606236,451.3378597018753
1632707.668131,-246.33303128460585,458.9990719209254
1632715.367572,-246.33303128460585,458.9990719209254
1632721.600596,-246.33303128460585,458.9990719209254
1632729.191737,-246.33303128460585,458.9990719209254
1632735.858427,-246.2779522784497,459.3249123119152
1632742.903632,-262.5578467755707,482.023668052836
1632746.621803,-291.0182090996771,524.8383594283149
1632749.546371,-306.6690048677489,553.7150339040297
1632757.253752,-308.4914166029234,608.6827080218603
1632763.556465,-261.85534403612434,641.6213115922907
1632771.207001,-168.96114378265185,684.3470911273319
1632777.867994,-142.4693753500984,695.6886864624712
1632784.533526,-141.3064163576655,696.3480320160568
1632791.861065,-141.3064163576655,696.3480320160568
1632798.535766,-141.3064163576655,696.3480320160568
1632806.099008,-137.71197134473175,699.6071602913223
1632812.861503,-121.66010684267908,757.3423887739309
1634255.984787,-1020.3471714613898,361.1761774637488
1634263.126765,-1020.3471714613898,361.1761774637488
1634269.702753,-1008.2575357687292,332.529719351235
1634276.868518,-1008.2575357687292,332.529719351235
1634284.970157,-1009.5458746745072,323.45064316011684
1634290.785789,-1009.5458746745072,323.45064316011684
1634297.703031,-1009.9159859731042,286.0662282539251
1634321.432011,-1009.9159859731042,286.0662282539251
1634321.440612,-982.583141932756,237.80634171781352
1634321.680676,-945.56390162051,168.4043110383655
1634321.681287,-945.56390162051,168.4043110383655
1634322.872468,-945.56390162051,168.4043110383655
1634331.055975,-932.9799713686482,170.24455823486448
1634336.8831,-918.82396141122,177.1506239354344
1634343.965011,-892.7072569801926,187.995488112597
1634352.063246,-863.4490204854638,198.88145132925865
1634357.976507,-818.3075524767119,217.4197313411132
1634365.584975,-790.2827870420716,230.68215183462075
1634373.668873,-770.4233438563324,235.97005560797768
1634379.137625,-746.5126808746187,244.83551788812213
1634387.866783,-721.8299863496293,257.43562462643814
1634393.55024,-690.1536700195624,267.0593798589066
1634399.878549,-631.7694912297952,282.216610275482
1634407.476567,-578.0549866623736,301.51369875223605
1634414.303579,-549.221805208265,313.9195641022735
1634420.887321,-549.221805208265,313.9195641022735
1634428.199892,-549.221805208265,313.9195641022735
1634434.88554,-549.221805208265,313.9195641022735
1634442.921512,-549.221805208265,313.9195641022735
1634449.575819,-549.221805208265,313.9195641022735
1634455.88393,-532.8499614075159,312.3633774651015
1634462.872331,-492.9256497896816,323.9067605212102
1634469.872524,-450.5967966573954,346.4234766963619
1634477.851166,-398.7045882581947,370.35541665594826
1634483.879839,-349.8496671470419,398.4504176657883
1634491.261881,-342.1515313864402,404.0452234217906
1634498.200666,-342.1515313864402,404.0452234217906
1634505.206102,-342.1515313864402,404.0452234217906
1634512.52584,-342.1515313864402,404.0452234217906
1634518.884361,-342.1515313864402,404.0452234217906
1634525.987526,-342.1515313864402,404.0452234217906
1634533.203849,-342.1515313864402,404.0452234217906
1634534.456637,-342.1515313864402,404.0452234217906
1634539.882372,-330.08111072739854,403.3110480400882
1634546.891989,-291.84343933736125,411.63934251630127
1634554.147776,-260.46086166434264,420.0435238043665
1634563.768762,-216.95702943294725,433.71239919341247
1634567.992156,-106.241471607897,477.9808788061328
1634574.967337,-21.368283701742538,521.2356013269275
1634582.573511,50.666508811749296,553.7078498804632
1634705.272447,-342.1515313864402,404.0452234217906
1634785.639616,-342.1515313864402,404.0452234217906
1635856.560337,-17.752635691673404,-28.045511879535788
1635861.682844,-87.36304407635848,-88.33703061207997
1635869.754962,-152.43695782969505,-150.09738245947244
1636099.691514,-80.26163082007373,-218.59909819382253
1636107.053715,-63.850777989985644,-197.87846900657837
1636113.685685,-74.8800623650912,-175.36047788304924
1636121.033929,-99.1404108689183,-145.1468614212557
1636127.856421,-103.08561714466964,-137.7583961676789
1636135.000301,-103.08561714466964,-137.7583961676789
1636142.018057,-103.08561714466964,-137.7583961676789
1636149.681177,-103.08561714466964,-137.7583961676789
1636156.011925,-103.08561714466964,-137.7583961676789
1636163.307766,-103.08561714466964,-137.7583961676789
1636171.664891,-133.37947432526855,-98.20222223330244
1636177.01916,-183.1412453128945,-42.95538957601677
1636183.692143,-183.1412453128945,-42.95538957601677
1636191.135155,-183.1412453128945,-42.95538957601677
1636198.015188,-183.1412453128945,-42.95538957601677
1636205.927821,-461.0736685162734,272.0418847318358
1636213.155164,-463.2765452361631,288.9730431897576
1636219.008961,-448.386844922486,327.6879466439732
1636226.016227,-430.9258614954207,349.1547300264758
1636232.701087,-382.8997887767354,369.8062012165839
1636240.474059,-320.1302930413103,395.0810604232303
1636246.681963,-291.50309329049713,398.1414346147368
1636255.216712,-256.67188730234244,409.6303798654984
1636261.008251,-227.9886773121248,432.99339002511016
1636267.750614,-230.2078274144888,442.5838610319358
1636274.752584,-230.2078274144888,442.5838610319358
1636282.116677,-231.5232865763248,448.1654219220679
1636288.684983,-232.3598599911495,450.07081791471336
1636296.008598,-244.28997329573775,470.55380689795936
1636303.009359,-293.2587174633151,544.1863470711248
1636309.720419,-303.83529396741204,603.7193298234401
1636317.286591,-252.0847737216405,653.0782950350044
1636323.704785,-154.44632308823057,698.4370231409641
1636332.460381,-144.67546926176618,704.6143956513963
1636337.69124,-144.67546926176618,704.6143956513963
1636345.023969,-144.67546926176618,704.6143956513963
1636352.159519,-144.67546926176618,704.6143956513963
1636359.018525,-144.67546926176618,704.6143956513963
1636366.007783,-144.67546926176618,704.6143956513963
1636372.689755,-128.5228589794506,718.4818263174203
1636380.012908,-119.11132710295684,759.2500023479847
1704484.44868,27.006052390560384,2.881527401750371
1704492.814903,3.2692658624532136,-18.33246090173141
1704497.749123,3.2692658624532136,-18.33246090173141
1704504.773583,3.2692658624532136,-18.33246090173141
1704511.779647,-6.995373850616208,-29.602374493293503
1704519.403241,-37.835018348448166,-54.81672919586319
1704525.757732,-72.49033100056904,-80.23664461469023
1704532.755829,-125.08064552836592,-111.96492299046965
1704539.783307,-164.92059197347078,-77.20431666703944
1704546.762569,-209.027900054912,-24.258727245455297
1704554.566711,-209.027900054912,-24.258727245455297
1704561.005218,-209.027900054912,-24.258727245455297
1704568.64699,-209.027900054912,-24.258727245455297
1704574.75145,-459.93814352621206,271.71036927835473
1704583.380655,-457.1304974191374,306.4547612467248
1704588.831625,-435.2675143773246,345.0640265889357
1704596.074302,-386.1163245575315,363.1295426361733
1704602.791718,-335.3612571104753,385.43609350024633
1704610.708768,-317.5273361847968,391.38981769706936
1704617.220529,-317.5273361847968,391.38981769706936
1704624.099796,-317.5273361847968,391.38981769706936
1704631.160958,-300.9984826048691,392.42580193099394
1704638.369606,-266.15487041160424,400.11089382733536
1704644.854451,-234.9143696504135,421.48360893258575
1704651.755776,-256.3947649600017,481.98544264461214
1704658.76282,-286.8284227147949,531.6832584548685
1704665.756949,-309.3080274778898,579.8533633007922
1704673.168751,-261.06185869722066,640.5746198186293
1704680.090279,-210.4079866090869,668.7224786506036
1704686.761554,-156.6817761549104,693.295441641529
1704694.08311,-140.30661848039057,702.5636752227897
1704700.756814,-140.30661848039057,702.5636752227897
1704708.304899,-140.30661848039057,702.5636752227897
1704715.421012,-140.30661848039057,702.5636752227897
1704724.174922,-140.30661848039057,702.5636752227897
1704728.76026,-137.8879053640239,704.308885245801
1704736.080162,-117.4470287278898,755.9019695822367
1709947.764347,-1021.5461242603452,365.6431830964677
1709957.358031,-1004.9294523269969,312.2863209843477
1709961.667148,-992.0074793853076,266.5947776824101
1709968.989013,-965.7090391056498,203.50682911063495
1709975.697315,-947.5639427679372,169.03746292705978
1709985.670684,-920.531843815764,170.29181884888945
1709989.698554,-868.174843759963,196.3266892835284
1710008.497197,-740.2829877793931,247.3632636234171
1710008.497905,-740.2829877793931,247.3632636234171
1710010.424702,-740.2829877793931,247.3632636234171
1710017.128803,-650.0354570414897,278.002960202192
1710023.857696,-587.9369474405657,295.20653639471857
1710030.875162,-546.5981650786015,309.1412914855852
1710037.873413,-536.3728580306995,313.54361810318426
1710044.856203,-536.3728580306995,313.54361810318426
1710051.859021,-536.3728580306995,313.54361810318426
1710058.867062,-513.7789526858071,321.6629699316648
1710065.535215,-458.4797457175364,341.29868551028983
1710072.860258,-387.25383882794216,363.031571025863
1710079.533263,-284.61485042909146,392.8725592572424
1710088.606425,-237.35543149027,412.9064501703583
1710093.621111,-237.81646134491632,450.8798609427072
1710102.384445,-241.0819297510472,456.0196657476438
1710107.937788,-257.01347027139906,479.4146016384637
1710116.565459,-289.2809614792312,528.6183957790472
1710121.533244,-303.26929832361145,615.9297962150592
1710128.539759,-248.63297995396945,650.570418689973
1710135.877847,-173.95327019385456,679.8008394426955
1710142.690694,-116.437177395957,744.8016259753529
1713156.564579,-1011.7211098707876,368.55616081553393
1713166.382176,-1005.0143831009398,312.5344413107553
1713170.379484,-992.7020341877364,297.1061869736462
1713177.552457,-992.7020341877364,297.1061869736462
1713184.224427,-992.7020341877364,297.1061869736462
1713191.286101,-992.7020341877364,297.1061869736462
1713198.862607,-995.4625821536016,288.2760525438957
1713207.392108,-995.9372377836704,282.3601191222979
1713212.556758,-981.8551399304058,257.3706761444532
1713219.557912,-948.9665481525748,219.8928573952201
1713226.223878,-938.7146625462204,140.22703992847397
1713237.970892,-931.197250587332,93.56533565843728
1713240.256621,-913.9849472091772,44.48347509419967
1713247.279147,-890.0161738128977,-20.162539483325364
1713255.328148,-870.6483555123411,-73.08392885723096
1713261.581199,-854.2842415431442,-124.98605020929048
1713268.302091,-829.9008182106279,-203.0992175045763
1714047.677999,-845.8886323471518,-182.35831901969487
1714052.359767,-856.7252108723441,-143.76370548949444
1714059.301331,-868.180628255765,-108.4026543200913
1714069.52348,-884.3732263046362,-53.41652521574924
1714073.364878,-903.3714751586856,0.9273820832673118
1714080.366635,-919.9793535782014,51.42278488438131
1714087.250344,-935.00420895559,109.4342965217564
1714094.254351,-942.5122440152618,139.3949063928248
1714109.339283,-870.7276810946462,198.29636540333297
1714109.340712,-870.7276810946462,198.29636540333297
1714111.99207,-847.8034081198383,209.17337028952693
1714122.117195,-802.3933408302563,224.97719429494384
1714126.177445,-760.49475289132,237.55945442362656
1714133.829542,-696.8527084837621,257.50209619830554
1714140.410589,-669.4400368027508,268.78606321064103
1714147.010941,-659.4647921826602,267.18128613932373
1714154.314871,-659.4647921826602,267.18128613932373
1714161.377163,-653.3731441807431,266.61901407055547
1714168.322443,-616.4847912523927,276.0906574052714
1714174.997298,-557.997001564036,301.1569356564731
1714182.323552,-541.7442634268574,309.591099494985
1714188.996882,-540.4577428264786,310.2669283983652
1714197.432002,-540.4577428264786,310.2669283983652
1714203.022949,-534.2041763054086,313.2306061347812
1714210.067119,-514.264709149656,322.3996311526178
1714217.09582,-427.6341231703993,354.51428131689335
1714224.951863,-371.4953128978785,369.3970664050364
1714230.99707,-337.2728224828837,380.5553843619423
1714238.476248,-321.0226431946367,387.5548187198602
1714245.342503,-302.1144716076924,395.97673132782296
1714252.327388,-277.008374138302,396.74549262942605
1714259.428335,-235.5907100621943,420.054266820022
1714266.042891,-231.038533975599,439.9761270928252
1714273.966213,-236.4951310725297,449.9057843103445
1714280.335765,-254.404186998776,473.7341349374574
1714287.012867,-280.852835238758,514.6158537453142
1714294.469285,-310.3744511555184,559.8726203406412
1714301.318698,-284.08568050638,633.5205511136091
1714308.36737,-226.61916799300528,662.1270513622219
1714315.329691,-173.2398304165378,685.0845041241805
1714322.191925,-143.79572882338456,696.230021284025
1714329.334064,-143.79572882338456,696.230021284025
1714336.330385,-128.50792788837933,709.6841790572823
1714343.338503,-119.81617424555655,771.1539089539541
1715258.847228,-487.1378867511957,631.1906503322547
1715258.847911,-487.1378867511957,631.1906503322547
1715259.990472,-487.1378867511957,631.1906503322547
1715266.991925,-483.4948775898931,564.3176030255761
1715273.998771,-470.4262423644923,540.7389668919509
1715282.023922,-461.87614980747486,514.3466383766316
1715288.348432,-435.60102698988993,478.2985264338134
1715295.324814,-437.4315030980935,444.1785326917451
1715302.990328,-429.3109060587879,397.1755493035111
1715308.9974,-421.7428673599602,372.9521812421052
1715316.333329,-429.2487597549626,360.3343627096695
1715324.110382,-454.91340398635634,345.3690288033945
1715330.070628,-459.2265967389742,342.1232090972724
1715337.69142,-459.2265967389742,342.1232090972724
1715345.262531,-459.2265967389742,342.1232090972724
1715351.357557,-474.2241871197514,333.8414857040526
1715358.328091,-507.8881802539676,321.9795853934968
1715365.003531,-539.1205971086821,342.8302338036981
1715372.865061,-589.5928223265579,399.8971640975616
1715379.002688,-620.1030624263864,443.6073610244384
1715387.439961,-663.019386703186,494.0368505676869
1715393.321198,-707.5911638710168,549.3776593994918
1715401.158007,-731.9214180021638,549.8886904777429
1715408.13435,-749.1295649890343,571.8602120996958
1715414.183352,-770.4531394134154,619.9124125483384
1715421.32998,-774.132064553769,627.2920770081879
1715428.324071,-774.132064553769,627.2920770081879
1715435.332986,-774.132064553769,627.2920770081879
1715442.024645,-774.132064553769,627.2920770081879
1715449.349133,-774.132064553769,627.2920770081879
1715457.111836,-787.0799202162552,641.1748181100188
1715463.549064,-787.0799202162552,641.1748181100188
1715470.042662,-798.1463817754274,648.8287070767217
1715476.996735,-809.050195776631,659.9422990328375
1715485.636584,-826.8515667611324,680.6246312091691
1715491.040711,-852.0033661581082,705.8477366532309
1715498.332643,-879.1686276149807,729.6607627814408
1715505.035534,-894.9879391034451,748.6394314066885
1715513.593066,-916.9069167897148,776.5357313577524
1727034.560629,-193.77409324434765,-203.68801810496143
1727041.233665,-126.47558581113618,-141.38188048508724
1727048.30899,-86.72070699872735,-105.30399051344722
1727057.615432,-47.204874342555954,-71.42241850824594
1727062.633247,18.48246132220095,-14.15504931738387
1727587.545639,18.710005029366148,-4.737137717592599
1727594.231562,-21.149710132072617,-38.66466417724437
1727601.595614,-50.6993980433211,-63.21543369660009
1727608.237962,-62.70480212695498,-68.83084780087073
1727615.566058,-62.70480212695498,-68.83084780087073
1727622.559729,-62.70480212695498,-68.83084780087073
1727629.235065,-62.70480212695498,-68.83084780087073
1727636.841224,-62.70480212695498,-68.83084780087073
1727644.204015,-62.70480212695498,-68.83084780087073
1727650.714919,-62.70480212695498,-68.83084780087073
1727657.80827,-62.70480212695498,-68.83084780087073
1727664.896068,-62.70480212695498,-68.83084780087073
1727671.780795,-62.70480212695498,-68.83084780087073
1727678.862187,-62.70480212695498,-68.83084780087073
1727685.818223,-62.70480212695498,-68.83084780087073
1727692.744686,-62.70480212695498,-68.83084780087073
1727700.008199,-62.70480212695498,-68.83084780087073
1727708.594191,-62.70480212695498,-68.83084780087073
1727713.995608,-62.70480212695498,-68.83084780087073
1727722.565267,-62.70480212695498,-68.83084780087073
1727727.26972,-62.70480212695498,-68.83084780087073
1727735.08099,-62.70480212695498,-68.83084780087073
1727741.246513,-62.70480212695498,-68.83084780087073
1727748.231731,-62.70480212695498,-68.83084780087073
1727755.233166,-62.70480212695498,-68.83084780087073
1727762.825417,-62.70480212695498,-68.83084780087073
1727769.831562,-62.70480212695498,-68.83084780087073
1727777.086671,-62.70480212695498,-68.83084780087073
1727783.996658,-62.70480212695498,-68.83084780087073
1727791.010953,-62.70480212695498,-68.83084780087073
1727797.950976,-62.70480212695498,-68.83084780087073
1727804.703422,-62.70480212695498,-68.83084780087073
1727811.237269,-62.70480212695498,-68.83084780087073
1727818.995541,-62.70480212695498,-68.83084780087073
1727826.35892,-62.70480212695498,-68.83084780087073
1727833.058599,-62.70480212695498,-68.83084780087073
1727839.768832,-62.70480212695498,-68.83084780087073
1727846.251461,-62.70480212695498,-68.83084780087073
1727854.126335,-62.70480212695498,-68.83084780087073
1727862.460638,-62.70480212695498,-68.83084780087073
1727867.24673,-62.70480212695498,-68.83084780087073
1727874.266385,-62.70480212695498,-68.83084780087073
1727882.822238,-62.70480212695498,-68.83084780087073
1727888.834317,-62.70480212695498,-68.83084780087073
1727895.700535,-62.70480212695498,-68.83084780087073
1727902.285475,-62.50678253974228,-67.93265531972136
1727910.977655,-62.53276245990577,-67.40203250086836
1727916.579717,-62.37138539796627,-67.41249038717685
1727923.243161,-61.971447813883,-67.81426826512515
1727930.665253,-61.62349890549733,-68.00310043315999
1727937.573119,-61.24700482991015,-68.0419351798909
1727944.337323,-61.86893987862018,-68.13682952704805
1727954.280389,-61.983771030659184,-68.41783633682047
1727958.256564,-61.91810378629059,-68.64905965384754
1727965.853234,-61.3954850233195,-69.34506532913065
1727972.250428,-61.13497184264772,-69.53103137860923
1727979.826085,-60.865947580315336,-69.62245161293043
1727986.936848,-59.58664430531095,-69.93083293952283
1727993.656023,-59.10114088157889,-70.50829562560968
1728002.112596,-58.62397340099858,-71.5819521463742
1728007.27439,-61.26848032609042,-73.37378597240874
1728014.57874,-63.11067148889112,-74.34810732320452
1728021.572742,-62.84975687404113,-75.00317937460926
1728028.568871,-59.860872524308334,-77.93576786817076
1728035.587558,-60.40838174153637,-77.51397883152465
1728042.585213,-61.77022123414016,-75.18194951121097
1728049.674648,-65.63663685241951,-71.25045524408917
1728056.620567,-68.7213351100948,-67.86422500727191
1728063.570691,-70.01307761683752,-66.0181789161877
1728070.570158,-70.72592383555373,-63.97457871865393
1728077.576862,-70.64670248483787,-64.95850414426042
1728085.404624,-70.64707603763621,-65.62950102251995
1728091.252977,-70.78038384135591,-66.36342961722428
1728102.570719,-70.55649156138311,-67.04914740058582
1728105.574666,-70.21304628867168,-67.79408331796922
1728112.573561,-69.27342648709957,-68.95899021711199
1728119.258824,-68.78568012853876,-69.94491135338065
1728126.573018,-67.38539082278383,-71.87551353703356
1728133.565165,-66.23550319820697,-73.4088528903474
1728140.575245,-65.52860112119154,-74.2145119292718
1728147.271892,-65.14534166370814,-74.41498492606091
1728154.636399,-66.52715568700737,-76.30211436615656
1728161.819249,-78.92475385814846,-86.64484072612139
1728173.426926,-106.5742749126174,-106.32675851734233
1728175.267176,-128.22635321725383,-110.55691812194355
1728182.589702,-158.21098940252017,-80.93510933880334
1728189.380135,-201.046506431212,-34.889955216542006
1728196.710825,-201.046506431212,-34.889955216542006
1728203.259294,-201.046506431212,-34.889955216542006
1728210.584519,-201.046506431212,-34.889955216542006
1728217.394224,-460.08484856178296,270.1336783883257
1728224.378149,-483.6068649793744,294.243322806665
1728231.588992,-484.4616084580718,295.2710702848408
1728238.874769,-484.4616084580718,295.2710702848408
1728246.139616,-484.4616084580718,295.2710702848408
1728252.578723,-484.4616084580718,295.2710702848408
1728259.57473,-484.4616084580718,295.2710702848408
1728266.588124,-484.4616084580718,295.2710702848408
1728273.273746,-484.4616084580718,295.2710702848408
1728280.679273,-514.1978868018573,326.45211615421687
1728287.582241,-537.0341023448432,348.93324488568334
1728294.7995,-565.3468797589181,381.40655193270106
1728301.624668,-598.0131783700837,419.5480587123649
1728308.603048,-599.3656959206357,420.40147026586834
1728315.860842,-599.3656959206357,420.40147026586834
1728322.995802,-606.0183128229432,426.8268509390773
1728329.832461,-628.5943330939275,450.1058440993821
1728336.256527,-655.713378045897,480.74575822181833
1728343.308529,-692.330206293123,522.5152459089809
1728351.154318,-701.0308680769541,531.1850297193024
1728357.581361,-711.8380348603174,542.2965231558511
1728364.341949,-711.8380348603174,542.2965231558511
1728371.297277,-711.8380348603174,542.2965231558511
1728378.583269,-711.8380348603174,542.2965231558511
1728385.303796,-711.8380348603174,542.2965231558511
1728392.665837,-711.8380348603174,542.2965231558511
1728401.584977,-711.8380348603174,542.2965231558511
1728401.745856,-711.8380348603174,542.2965231558511
1728406.306189,-711.8380348603174,542.2965231558511
1728413.612125,-711.8380348603174,542.2965231558511
1728420.597577,-711.8380348603174,542.2965231558511
1728427.591985,-711.8380348603174,542.2965231558511
1728434.656996,-711.8380348603174,542.2965231558511
1728441.664647,-711.8380348603174,542.2965231558511
1728448.259442,-711.8380348603174,542.2965231558511
1728455.314022,-711.8380348603174,542.2965231558511
1728462.585223,-711.8380348603174,542.2965231558511
1728469.41021,-711.8380348603174,542.2965231558511
1728476.586525,-711.8380348603174,542.2965231558511
1728483.588975,-711.8380348603174,542.2965231558511
1728490.609639,-711.8380348603174,542.2965231558511
1728497.603659,-711.8380348603174,542.2965231558511
1728504.605115,-711.8380348603174,542.2965231558511
1728511.59453,-711.8380348603174,542.2965231558511
1728518.596728,-711.8380348603174,542.2965231558511
1728525.612302,-711.8380348603174,542.2965231558511
1728532.592538,-711.8380348603174,542.2965231558511
1728539.610208,-711.8380348603174,542.2965231558511
1728546.826737,-711.8380348603174,542.2965231558511
1728554.84421,-711.8380348603174,542.2965231558511
1728560.274688,-711.8380348603174,542.2965231558511
1728567.608019,-711.8380348603174,542.2965231558511
1728574.738073,-711.8380348603174,542.2965231558511
1728582.736391,-711.8380348603174,542.2965231558511
1728588.306621,-711.8380348603174,542.2965231558511
1728595.590627,-711.8380348603174,542.2965231558511
1728602.590581,-711.8380348603174,542.2965231558511
1728609.587134,-711.8380348603174,542.2965231558511
1728616.618424,-711.8380348603174,542.2965231558511
1728623.590529,-711.8380348603174,542.2965231558511
1728630.590313,-711.8380348603174,542.2965231558511
1728637.595791,-715.3270429173568,542.890948872002
1728644.602977,-715.3270429173568,542.890948872002
1728651.596809,-715.3270429173568,542.890948872002
1728658.60904,-715.3270429173568,542.890948872002
1728665.596382,-715.3270429173568,542.890948872002
1728672.6052,-715.3270429173568,542.890948872002
1728679.720098,-715.3270429173568,542.890948872002
1728686.588282,-715.3270429173568,542.890948872002
1728694.448896,-715.3270429173568,542.890948872002
1728700.365504,-715.3270429173568,542.890948872002
1728707.602569,-715.3270429173568,542.890948872002
1728714.317022,-715.3270429173568,542.890948872002
1728721.599018,-715.3270429173568,542.890948872002
1728728.272019,-715.3270429173568,542.890948872002
1728735.680041,-715.3270429173568,542.890948872002
1728742.589729,-715.3270429173568,542.890948872002
1728749.606122,-715.3270429173568,542.890948872002
1728756.601748,-715.3270429173568,542.890948872002
1728763.59443,-715.3270429173568,542.890948872002
1728770.599575,-715.3270429173568,542.890948872002
1728778.164084,-715.3270429173568,542.890948872002
1728786.608579,-715.3270429173568,542.890948872002
1728791.295634,-715.3270429173568,542.890948872002
1728798.597478,-715.3270429173568,542.890948872002
1728805.605097,-715.3270429173568,542.890948872002
1728812.598395,-715.3270429173568,542.890948872002
1728819.600412,-715.3270429173568,542.890948872002
1728826.387607,-715.3270429173568,542.890948872002
1728834.201514,-715.699489143245,542.9060263531724
1728841.289742,-718.4076888741987,542.7754967217402
1728847.346391,-720.6274371297079,543.0580471741364
1728854.282553,-720.5703020938683,542.3189561094457
1728857.406932,-720.5703020938683,542.3189561094457
1728861.276267,-720.265311994999,541.293936356768
1728868.281524,-719.4183827957722,540.5623561673384
1728876.077075,-718.9786113444885,540.7321269572034
1728882.602513,-720.2828926163652,541.6619594543198
1728889.603248,-734.1663595402997,534.7241987911733
1728896.601686,-727.406830729596,518.6994025979685
1728903.618733,-717.4673125002399,495.1899653789529
1728910.296452,-704.7688918188094,462.0205137889029
1728918.460508,-694.5995078252661,439.4963323527045
1728924.603312,-687.9440598582948,422.69850392089694
1728931.61986,-685.5255416986364,418.3023554284462
1728938.632288,-660.1206523311797,424.8659653016468
1728945.603676,-618.7888348106939,431.1126480609213
1728952.60494,-613.8259522907383,431.4540159876056
1728959.377209,-613.4807971493904,431.7152248274912
1728966.649235,-612.9295597821935,430.7828246299604
1728973.988932,-548.9794774350288,446.0567484745557
1728980.280616,-501.8502655046928,453.5836395728783
1728988.273551,-486.0285416392428,494.6267399378042
1728996.952103,-453.3332883097941,505.2781635764108
1729002.109164,-407.5680695089468,471.3822329695752
1729008.292181,-375.5432204683431,449.4571335012942
1729017.515706,-348.41633592621776,424.4514303839815
1729022.390559,-337.7364129128668,416.9761866497495
1729029.760024,-322.6799164254508,405.4768224473012
1729036.619501,-272.2320373885735,365.8041868296861
1729043.385611,-227.9993800300945,331.78091626028987
1729050.620514,-208.91004152975972,309.63498669009675
1729057.626737,-251.92491797224235,301.8569726162769
1729064.66347,-281.1034833385434,296.1368900235777
1729071.285366,-317.1685130048516,292.1149915461098
1729078.301171,-359.09760571080625,279.7917923702708
1729086.274703,-361.9150582569969,279.39954177690487
1729092.329724,-361.9150582569969,279.39954177690487
1729099.717739,-368.9103689075714,277.6042025479679
1729106.634566,-720.5703020938683,542.3189561094457
1729106.974434,-368.9103689075714,277.6042025479679
1729113.288128,-368.9103689075714,277.6042025479679
1729120.619812,-368.9103689075714,277.6042025479679
1729127.601974,-368.9103689075714,277.6042025479679
1729134.628554,-368.9103689075714,277.6042025479679
1729141.625411,-368.9103689075714,277.6042025479679
1729148.610772,-368.9103689075714,277.6042025479679
1729155.332581,-368.9103689075714,277.6042025479679
1729162.613476,-368.9103689075714,277.6042025479679
1729169.611686,-368.9103689075714,277.6042025479679
1729176.634725,-368.9103689075714,277.6042025479679
1729183.664268,-382.5729578687237,266.50463896284896
1729190.609333,-396.8352535173554,261.4032969239471
1729197.635985,-418.5279345612922,256.4039554790001
1729204.322527,-442.3868309706555,256.1906994717361
1729211.613696,-459.52255902100006,262.1091862478259
1729213.887319,-720.5703020938683,542.3189561094457
1729218.293597,-471.9435481097415,273.4885248356051
1729225.605691,-471.9435481097415,273.4885248356051
1790269.697129,29.749870771905734,6.644441621668932
1790276.285712,0.5671314295319481,-17.912097636462416
1790284.434382,-24.276919428523208,-40.55663485787039
1790290.594391,-93.5169270198448,-103.28198961601512
1790297.276123,-142.89041665345502,-146.82377731327793
1790304.255096,-195.93479291412888,-193.25355759037703
1801429.542511,-1016.0207445255407,341.93750799880354
1801436.342834,-1006.3404226477636,300.3390193818305
1801442.531883,-1006.3404226477636,300.3390193818305
1801453.057211,-1006.3404226477636,300.3390193818305
1801455.263403,-1006.3404226477636,300.3390193818305
1801467.721403,-1006.3404226477636,300.3390193818305
1801470.862545,-1006.3404226477636,300.3390193818305
1801479.959682,-1006.3404226477636,300.3390193818305
1801483.30915,-1006.3404226477636,300.3390193818305
1801491.092878,-997.9119586300636,287.2411659187333
1801507.098983,-977.1050277455404,227.38175466969585
1801507.103227,-964.3865095620818,188.4453347442921
1801511.384904,-954.0157582074148,173.17088068313268
1801518.977897,-897.197598063704,187.90144771219985
1801525.295962,-885.4757623358039,192.63553226954988
1801532.259347,-853.4886218091114,205.89741628212911
1801540.062782,-802.918421097519,222.7419132764171
1801546.259354,-768.6285953086333,237.7934171298812
1801555.157205,-716.0992517544405,259.67862345005506
1801560.258094,-674.6799837767753,274.44976314285066
1801567.341483,-597.7939545249168,289.5206855103708
1801579.276694,-553.8647090256188,305.6567458615405
1801583.064719,-536.9319315423227,314.15699431833394
1801588.593898,-536.9319315423227,314.15699431833394
1801595.672436,-536.9319315423227,314.15699431833394
1801603.403971,-536.9319315423227,314.15699431833394
1801609.280176,-536.9319315423227,314.15699431833394
1801618.1349,-536.9319315423227,314.15699431833394
1801623.263274,-531.7317428802087,315.845535858278
1801630.595353,-518.7246443863598,330.041586646282
1801637.677318,-519.5387031579936,332.1721140952629
1801644.270616,-530.6152069458523,341.86842216473354
1801653.796323,-547.0383554567356,357.8022818509747
1801658.918668,-563.6040068914248,376.5333944814984
1801667.603002,-579.4319970832225,397.8653043232935
1801672.267787,-580.276842396614,399.5107541979983
1801689.11002,-580.276842396614,399.5107541979983
1801689.11361,-580.276842396614,399.5107541979983
1801693.974615,-580.276842396614,399.5107541979983
1801700.586545,-580.276842396614,399.5107541979983
1801707.262487,-580.276842396614,399.5107541979983
1801717.433715,-580.276842396614,399.5107541979983
1801721.878551,-580.276842396614,399.5107541979983
1801729.633237,-580.276842396614,399.5107541979983
1801735.259136,-580.276842396614,399.5107541979983
1801742.588104,-580.276842396614,399.5107541979983
1801750.042306,-580.276842396614,399.5107541979983
1801757.95706,-580.276842396614,399.5107541979983
1801763.272394,-580.276842396614,399.5107541979983
1801770.73978,-580.276842396614,399.5107541979983
1801777.619119,-580.276842396614,399.5107541979983
1801784.270871,-580.276842396614,399.5107541979983
1801791.913412,-580.276842396614,399.5107541979983
1801798.588454,-580.276842396614,399.5107541979983
1801806.755744,-580.276842396614,399.5107541979983
1801816.820837,-580.276842396614,399.5107541979983
1801819.601092,-580.276842396614,399.5107541979983
1801826.598409,-580.276842396614,399.5107541979983
1801833.601609,-580.276842396614,399.5107541979983
1801840.60117,-580.276842396614,399.5107541979983
1801847.604534,-580.276842396614,399.5107541979983
1801856.278428,-580.276842396614,399.5107541979983
1801862.132555,-580.276842396614,399.5107541979983
1801868.805109,-580.276842396614,399.5107541979983
1801875.274764,-577.3201373670527,402.3062107425199
1801882.954514,-577.3201373670527,402.3062107425199
1801890.592946,-577.3201373670527,402.3062107425199
1801896.330763,-577.3201373670527,402.3062107425199
1801903.273013,-577.3201373670527,402.3062107425199
1801910.611058,-577.3201373670527,402.3062107425199
1801917.605084,-577.3201373670527,402.3062107425199
1801928.581384,-577.3201373670527,402.3062107425199
1801931.272322,-577.3201373670527,402.3062107425199
1801938.290721,-577.3201373670527,402.3062107425199
1801945.612572,-577.3201373670527,402.3062107425199
1801956.462414,-577.3201373670527,402.3062107425199
1801960.034377,-578.8481755285468,402.1223406284449
1801966.697161,-579.7937734846791,402.5877496038461
1801973.601243,-581.3463663201483,403.2877961948668
1801980.278501,-582.0997354832581,403.4873582451472
1801988.186469,-582.7559270555474,404.34987691274006
1801995.573991,-583.410188313483,404.95676848867663
1802001.274471,-583.9061289092858,404.8776387377576
1802008.590894,-583.951821996585,404.7708416873281
1802015.297091,-583.8799018238966,404.4759067221812
1802022.284622,-583.5013253642933,404.18652721788646
1802031.595052,-582.8223524003771,403.8691454543875
1802036.285936,-582.1477896693365,403.5853274742528
1802043.884259,-580.6581807170211,403.1517028036445
1802050.373203,-580.8956447530064,403.0692658574946
1802058.420698,-581.400238360017,403.24268884974975
1802064.759491,-582.0613407443773,403.5287674890217
1802071.598403,-581.4531811691853,404.5990644375935
1802078.619117,-580.776935770307,405.0887527930783
1802085.777146,-580.8098117830666,404.2743502617546
1802098.520961,-580.8098117830666,404.2743502617546
1802099.603955,-580.2170589008734,405.256690724553
1802106.312745,-577.0025112816302,407.0693244001634
1802113.661113,-576.826855794587,407.6383627079266
1802120.738865,-576.8713476578598,407.5790377002034
1802127.602703,-576.8713479482433,407.57903774543854
1802134.60265,-576.8713479482433,407.57903774543854
1802141.286906,-580.52598433599,406.9769697856825
1802150.750673,-586.6897009637802,404.75360258064353
1802155.279528,-590.231800291471,401.24528391737033
1802164.680114,-591.3306618614133,399.9831126888422
1802169.379414,-590.4182932899573,400.4151781026084
1802177.625216,-588.1883103995114,400.9465470795491
1802184.398581,-586.5116842783186,401.9499455009458
1802191.710361,-583.924516464973,403.2476198543807
1802198.244524,-582.2297752541198,403.7000504480534
1802205.199414,-581.3132508592656,404.1412146693312
1802211.609059,-581.8598504532983,403.6886939518222
1802218.603886,-582.4290681833241,403.2788367414447
1802225.618506,-582.745053165685,404.70271362426746
1802234.512448,-582.3353974510419,406.9704004678764
1802239.609117,-582.681794800313,408.1160644393716
1802246.511144,-583.124797449619,409.8721255969254
1802254.446531,-584.7035210633933,412.0609308503637
1802260.916573,-585.5865852719689,413.51135775367993
1802267.3019,-587.6056634237644,413.2590057891255
1802274.520944,-590.0159827742356,415.1294400722704
1802281.610597,-596.7345659990327,418.6017374205961
1802288.601664,-596.0203538574609,416.4823460252184
1802295.59861,-608.2462490604044,435.11033348398126
1802306.38087,-643.3877925167839,469.9089283216458
1802310.23452,-678.5632484569015,506.2477835069231
1802322.559265,-709.9364639617671,544.2825765883449
1802322.566914,-709.9364639617671,544.2825765883449
1802323.287244,-709.9364639617671,544.2825765883449
1802331.233546,-709.9364639617671,544.2825765883449
1802337.284886,-709.9364639617671,544.2825765883449
1802344.312719,-709.9364639617671,544.2825765883449
1802351.413283,-709.9364639617671,544.2825765883449
1802358.980067,-709.9364639617671,544.2825765883449
1802368.362583,-709.9364639617671,544.2825765883449
1802372.611021,-709.9364639617671,544.2825765883449
1802379.381001,-709.9364639617671,544.2825765883449
1802386.43499,-709.9364639617671,544.2825765883449
1802393.621869,-709.9364639617671,544.2825765883449
1802401.322833,-709.9364639617671,544.2825765883449
1802407.296408,-709.9364639617671,544.2825765883449
1802414.384463,-709.9364639617671,544.2825765883449
1802421.688807,-709.9364639617671,544.2825765883449
1802428.39202,-709.9364639617671,544.2825765883449
1802436.999123,-709.9364639617671,544.2825765883449
1802442.294645,-709.9364639617671,544.2825765883449
1802449.290687,-709.9364639617671,544.2825765883449
1802456.302402,-709.9364639617671,544.2825765883449
1802464.595712,-709.9364639617671,544.2825765883449
1802470.75814,-709.9364639617671,544.2825765883449
1802478.43205,-709.9364639617671,544.2825765883449
1802484.611309,-709.9364639617671,544.2825765883449
1802491.910611,-709.9364639617671,544.2825765883449
1802498.905805,-709.9364639617671,544.2825765883449
1802505.942962,-709.9364639617671,544.2825765883449
1802516.462981,-709.9364639617671,544.2825765883449
1802520.398763,-709.9364639617671,544.2825765883449
1802526.61367,-709.9364639617671,544.2825765883449
1802533.445876,-709.9364639617671,544.2825765883449
1802541.347449,-709.9364639617671,544.2825765883449
1802547.548196,-709.9364639617671,544.2825765883449
1802554.620629,-709.9364639617671,544.2825765883449
1802561.61506,-709.9364639617671,544.2825765883449
1802568.29712,-709.9364639617671,544.2825765883449
1802576.432499,-709.9364639617671,544.2825765883449
1802582.322165,-709.9364639617671,544.2825765883449
1802589.616697,-709.9364639617671,544.2825765883449
1802596.293746,-709.9364639617671,544.2825765883449
1802604.268441,-709.9364639617671,544.2825765883449
1802611.472808,-713.8573472897091,544.0411575103046
1802617.618591,-713.8573472897091,544.0411575103046
1802624.627194,-713.8573472897091,544.0411575103046
1802631.444431,-713.8573472897091,544.0411575103046
1802638.628344,-713.8573472897091,544.0411575103046
1802646.401069,-713.8573472897091,544.0411575103046
1802653.793769,-713.8573472897091,544.0411575103046
1802659.300347,-713.8573472897091,544.0411575103046
1802666.629128,-713.8573472897091,544.0411575103046
1802679.066364,-713.8573472897091,544.0411575103046
1802680.649876,-713.8573472897091,544.0411575103046
1802687.624415,-713.8573472897091,544.0411575103046
1802694.72085,-713.8573472897091,544.0411575103046
1802702.11791,-716.0604445615683,543.1824949223626
1802711.339933,-718.7835655503326,542.3867973757548
1802715.306594,-720.0134969756199,542.2939787088513
1802722.314422,-727.2771247806529,541.5016858923327
1802729.863297,-730.171496491885,540.3232476546855
1802736.764425,-729.6983055230812,539.5431269269089
1802749.553759,-729.6678894221787,539.8080777731033
1802750.35279,-729.6905578857393,539.9299434876904
1802758.02142,-729.6905721667089,539.9299382114474
1802764.760844,-729.6905721667089,539.9299382114474
1802772.627581,-729.6905721667089,539.9299382114474
1802778.316733,-729.6905721667089,539.9299382114474
1802791.261744,-729.6905721667089,539.9299382114474
1802793.731175,-729.6905721667089,539.9299382114474
1802799.318454,-729.6905721667089,539.9299382114474
1802807.651001,-729.6905721667089,539.9299382114474
1802813.688293,-730.1052750298709,540.2079866491057
1802820.320013,-730.7332417805361,541.5226526141278
1802827.848257,-729.5309156534074,541.181771344305
1802834.307827,-728.3904001495877,541.072279943598
1802842.180549,-728.3797408303943,541.4141881363216
1802848.777025,-728.5492013924097,541.7192165357592
1802856.308407,-728.584696548092,541.7402571320249
1802863.650876,-728.503166782954,541.730690559459
1802869.322598,-728.5474314708364,541.7318778027619
1802876.883001,-727.9339132387482,541.1229333719408
1802885.041114,-726.3130262250806,540.4077041080394
1802890.330653,-725.1668202921365,539.9801137669615
1802897.877174,-724.4525085163247,539.2205068117477
1802906.057487,-724.452508325438,539.2205065117109
1802911.307592,-724.452508325438,539.2205065117109
1802920.524797,-724.452508325438,539.2205065117109
1802925.721846,-724.452508325438,539.2205065117109
1802932.653668,-724.452508325438,539.2205065117109
1802945.149328,-724.452508325438,539.2205065117109
1802946.665749,-724.452508325438,539.2205065117109
1802953.881089,-724.452508325438,539.2205065117109
1802960.480417,-724.452508325438,539.2205065117109
1802967.75244,-724.452508325438,539.2205065117109
1802975.943393,-727.01138716411,539.1061209154336
1802981.325084,-728.6035381308122,540.0675630631083
1802990.13118,-729.7026653038231,539.7477506680513
1802995.315174,-728.8575675313276,539.3241265540056
1803002.787346,-727.5994196075712,538.7945622614322
1803009.930042,-727.5073961852244,538.1202613689568
1803016.63803,-727.5073961852244,538.1202613689568
1803023.30907,-727.5073961852244,538.1202613689568
1803030.316579,-727.5073961852244,538.1202613689568
1803037.951726,-727.5073961852244,538.1202613689568
1803044.313175,-727.5073961852244,538.1202613689568
1803051.309245,-727.5073961852244,538.1202613689568
1803062.479775,-727.5073961852244,538.1202613689568
1803066.288391,-727.5073961852244,538.1202613689568
1803072.929941,-729.6136591892006,540.284175189209
1803079.353314,-732.8406119169089,545.6799834305228
1803087.011183,-734.3144275451245,548.3546846400181
1803098.884687,-735.20294278408,549.5212687271038
1803103.264811,-735.5389422602025,548.8712565149468
1803108.053359,-735.5389423265337,548.8712559922701
1803114.330747,-735.5389423265337,548.8712559922701
1803122.130959,-735.5389423265337,548.8712559922701
1803129.547134,-735.5389423265337,548.8712559922701
1803142.32392,-735.5389423265337,548.8712559922701
1803142.629861,-735.5389423265337,548.8712559922701
1803150.405435,-735.5389423265337,548.8712559922701
1803156.403324,-735.5389423265337,548.8712559922701
1803165.028468,-735.5389423265337,548.8712559922701
1803181.560531,-735.5389423265337,548.8712559922701
1803181.564201,-735.5389423265337,548.8712559922701
1803185.194203,-735.5389423265337,548.8712559922701
1803194.653585,-735.5389423265337,548.8712559922701
1803199.73961,-735.5389423265337,548.8712559922701
1803217.218505,-735.5389423265337,548.8712559922701
1803217.222235,-735.5389423265337,548.8712559922701
1803220.18369,-735.9469766957828,547.2022976158529
1803228.546645,-735.9469766957828,547.2022976158529
1803233.35748,-735.9469766957828,547.2022976158529
1803242.690729,-735.9469766957828,547.2022976158529
1803252.197874,-735.9469766957828,547.2022976158529
1803254.390622,-735.9469766957828,547.2022976158529
1803262.028069,-735.9469766957828,547.2022976158529
1803268.318434,-735.9469766957828,547.2022976158529
1803275.329029,-735.9469766957828,547.2022976158529
1803294.107515,-735.9469766957828,547.2022976158529
1803294.111155,-735.9469766957828,547.2022976158529
1803295.395446,-735.9469766957828,547.2022976158529
1803295.39603,-735.9469766957828,547.2022976158529
1803296.638082,-735.9469766957828,547.2022976158529
1803304.336035,-735.9469766957828,547.2022976158529
1803311.09037,-735.9469766957828,547.2022976158529
1803317.59601,-735.9469766957828,547.2022976158529
1803332.01238,-735.9469766957828,547.2022976158529
1803333.126338,-735.9469766957828,547.2022976158529
1803339.365321,-735.9469766957828,547.2022976158529
1803346.015946,-735.9469766957828,547.2022976158529
1803353.877171,-735.9469766957828,547.2022976158529
1803365.665883,-735.9469766957828,547.2022976158529
1803366.608853,-735.9469766957828,547.2022976158529
1803374.724259,-735.9469766957828,547.2022976158529
1803380.606311,-735.9469766957828,547.2022976158529
1803387.629972,-735.9469766957828,547.2022976158529
1803402.773695,-735.9469766957828,547.2022976158529
1803405.214575,-735.9469766957828,547.2022976158529
1803408.622505,-735.9469766957828,547.2022976158529
1803418.428368,-735.9469766957828,547.2022976158529
1803422.608229,-735.9469766957828,547.2022976158529
1803431.434466,-735.9469766957828,547.2022976158529
1803438.215623,-735.9469766957828,547.2022976158529
1803443.639901,-735.9469766957828,547.2022976158529
1803450.60593,-735.9469766957828,547.2022976158529
1803459.593257,-735.9469766957828,547.2022976158529
1803465.962196,-735.9469766957828,547.2022976158529
1803474.811975,-735.9469766957828,547.2022976158529
1803478.615244,-735.9469766957828,547.2022976158529
1803487.936163,-735.9469766957828,547.2022976158529
1803492.692649,-735.9469766957828,547.2022976158529
1803500.08428,-735.9469766957828,547.2022976158529
1803506.742205,-735.9469766957828,547.2022976158529
1803514.643775,-735.9469766957828,547.2022976158529
1803520.625388,-735.9469766957828,547.2022976158529
1803532.404018,-735.9469766957828,547.2022976158529
1803535.400429,-735.9469766957828,547.2022976158529
1803541.96925,-735.9469766957828,547.2022976158529
1803549.310344,-735.9469766957828,547.2022976158529
1803555.610058,-735.9469766957828,547.2022976158529
1803563.826223,-735.9469766957828,547.2022976158529
1803574.655393,-735.9469766957828,547.2022976158529
1803576.622092,-735.9469766957828,547.2022976158529
1803584.001276,-735.9469766957828,547.2022976158529
1803591.024603,-735.9469766957828,547.2022976158529
1803597.692772,-735.9469766957828,547.2022976158529
1803610.159814,-735.9469766957828,547.2022976158529
1803611.615637,-735.9469766957828,547.2022976158529
1803619.035745,-735.9469766957828,547.2022976158529
1803625.614775,-735.9469766957828,547.2022976158529
1803633.273336,-735.9469766957828,547.2022976158529
1803643.45897,-735.9469766957828,547.2022976158529
1803651.371582,-735.9469766957828,547.2022976158529
1803653.949525,-735.9469766957828,547.2022976158529
1803661.195615,-735.9469766957828,547.2022976158529
1803667.626494,-735.9469766957828,547.2022976158529
1803676.934284,-735.9469766957828,547.2022976158529
1803681.608619,-735.9469766957828,547.2022976158529
1803688.611007,-735.9469766957828,547.2022976158529
1803697.677842,-735.9469766957828,547.2022976158529
1803704.690345,-735.9469766957828,547.2022976158529
1803717.951966,-735.9469766957828,547.2022976158529
1803717.95562,-735.9469766957828,547.2022976158529
1803723.627695,-735.9469766957828,547.2022976158529
1803730.612671,-735.9469766957828,547.2022976158529
1803737.657914,-735.9469766957828,547.2022976158529
1803744.939515,-735.9469766957828,547.2022976158529
1803751.658752,-735.9469766957828,547.2022976158529
1803758.614161,-735.9469766957828,547.2022976158529
1803767.386362,-735.9469766957828,547.2022976158529
1803772.7544,-735.9469766957828,547.2022976158529
1803781.019566,-735.9469766957828,547.2022976158529
1803786.936166,-735.9469766957828,547.2022976158529
1803794.463456,-735.9469766957828,547.2022976158529
1803800.938512,-735.9469766957828,547.2022976158529
1803807.625145,-735.9469766957828,547.2022976158529
1803818.112905,-735.9469766957828,547.2022976158529
1803824.012553,-735.9469766957828,547.2022976158529
1803828.652587,-735.9469766957828,547.2022976158529
1803837.392408,-735.9469766957828,547.2022976158529
1803842.65455,-735.9469766957828,547.2022976158529
1803852.871691,-735.9469766957828,547.2022976158529
1803856.619895,-735.9469766957828,547.2022976158529
1803864.094851,-735.9469766957828,547.2022976158529
1803870.688161,-735.9469766957828,547.2022976158529
1803877.931955,-735.9469766957828,547.2022976158529
1803884.712009,-735.9469766957828,547.2022976158529
1803899.76587,-735.9469766957828,547.2022976158529
1803899.769453,-735.9469766957828,547.2022976158529
1803905.627349,-735.9469766957828,547.2022976158529
1803913.240592,-735.9469766957828,547.2022976158529
1803919.660876,-735.9469766957828,547.2022976158529
1803926.646723,-735.9469766957828,547.2022976158529
1803935.311874,-735.9469766957828,547.2022976158529
1803940.62809,-735.9469766957828,547.2022976158529
1803947.950893,-735.1751722138645,545.7461168743854
1803954.957314,-729.004282632327,535.7547531226327
1803961.777695,-722.8542012518453,523.9336783488833
1803968.955425,-720.9897418006864,515.1377102505721
1803975.660232,-705.398168530807,477.6298740992357
1803980.117807,-698.5865424388988,460.4403993943121
1803982.643257,-689.6069296826093,443.7549802605493
1803989.620074,-681.4250690905238,427.6890966572381
1803996.954072,-708.4719942226601,410.56772494039694
1804003.999804,-724.2118207425272,400.0270033670465
1804011.031866,-753.090572847779,386.8948215202696
1804017.627907,-778.9807157926489,377.5924674402417
1804024.622768,-797.4382254925971,368.8275023845513
1804034.265176,-805.0081469660953,365.198770152822
1804038.629691,-855.2221453088167,330.6420310243887
1804045.957169,-894.349671824713,307.84728925602667
1804052.765199,-919.5411698239498,304.54301254397103
1804061.574921,-937.5035706466992,299.214670104568
1804068.686135,-970.8539605207462,281.8973139137603
1804076.586191,-979.3428587508934,277.68803235887043
1804081.706588,-979.3428588254792,277.6880323917364
1804089.391797,-979.8421090099392,278.5395895301066
1811155.988143,54.03303410044117,21.624449808328997
1811162.937873,28.29716659480832,-0.668251752680947
1811170.298792,-1.7599137691392306,-26.437136253862924
1811178.570773,-39.57156759795052,-58.49705649544829
1811184.224103,-84.10796763447367,-91.47290316206156
1811191.670259,-118.68455139890462,-115.42229070983072
1811198.057783,-138.19437043943387,-106.1515346299419
1811204.919002,-179.723230691241,-61.45692487330428
1811211.604367,-203.851177153511,-33.34834287754259
1811218.604284,-203.851177153511,-33.34834287754259
1811226.035246,-203.851177153511,-33.34834287754259
1811232.753305,-448.4857415846453,254.04383974212035
1811240.247028,-489.04059337853306,291.41618149041415
1811249.483531,-489.04059337853306,291.41618149041415
1811254.132811,-489.04059337853306,291.41618149041415
1811260.656964,-489.04059337853306,291.41618149041415
1811267.932877,-489.04059337853306,291.41618149041415
1811274.924391,-489.04059337853306,291.41618149041415
1811286.178422,-489.04059337853306,291.41618149041415
1811288.947491,-498.9410775535189,308.70283027610395
1811295.652908,-518.0874553703785,326.36972022476743
1811302.96849,-539.0821965030194,348.12336929697045
1811313.675656,-564.5206871234735,378.0623607849773
1811320.329706,-591.680546867644,408.4551065949631
1811323.943556,-602.4571003593596,419.4893606572039
1811331.14715,-602.4571003593596,419.4893606572039
1811337.642177,-602.4571003593596,419.4893606572039
1811350.875146,-628.2114762658381,444.8934378637796
1811351.680398,-666.97864317096,488.5806192531817
1811358.651539,-696.5943597719047,519.167633974162
1811365.60921,-723.096605790096,550.4099814012377
1811374.751655,-740.2688178922741,549.2209683794712
1811379.65475,-749.3795623896387,572.0007913807244
1811388.814742,-765.4028977011345,606.7042567516921
1811393.808035,-765.4028977011345,606.7042567516921
1811400.616152,-765.4028977011345,606.7042567516921
1811409.849326,-765.4028977011345,606.7042567516921
1811414.611357,-765.4028977011345,606.7042567516921
1811421.622127,-765.4028977011345,606.7042567516921
1811429.134595,-773.0967822432899,615.49732448695
1811438.091524,-783.3296167487769,630.9977691469599
1811443.5182,-786.2648746426452,635.0353185617885
1811452.539627,-802.0081260984316,650.928159555244
1811465.406265,-827.7334326077934,680.3364780406611
1811465.409974,-852.5635298238421,706.3929290522075
1811470.658229,-889.7141482796247,748.5816242141196
1811478.301972,-917.8573663252894,777.3873270378141
1815419.229724,-126.08800589717274,762.71113499389
1815419.239023,-124.09878171893992,753.5685661683898
1815424.755492,-124.09878171893992,753.5685661683898
1815431.342618,-124.09878171893992,753.5685661683898
1815438.669456,-124.09878171893992,753.5685661683898
1815445.329039,-124.09878171893992,753.5685661683898
1815454.925793,-123.39824700026674,745.9756649737665
1815461.811211,-124.8642726232862,714.8038379145326
1815466.971371,-77.39623782804257,662.0085055064815
1815473.362615,-35.404186096976865,630.8575543332214
1815481.992696,16.774606048585596,607.9078989473902
1877553.307318,24.335024322434457,10.75081628123371
1877559.979744,-3.140351554618633,-11.610077547131375
1877567.242454,-4.984807575479882,-13.314504395393987
1877573.985045,-4.984807575479882,-13.314504395393987
1877581.302075,-8.530857328244842,-17.095842510835087
1877589.745214,-27.627081949262315,-34.95047074557504
1877594.717719,-84.93445769719591,-91.25291076263368
1877601.70295,-131.30251369013342,-133.84816919140934
1877608.87369,-179.63177431527032,-175.16409916132164
1882328.372529,-133.05568606680575,775.2962611826205
1882335.378064,-129.89654776310917,771.2526886376886
1882343.040173,-129.89654776310917,771.2526886376886
1882350.45168,-129.89654776310917,771.2526886376886
1882356.716772,-119.93644871113828,754.0282363161701
1882366.323844,-107.66619936527248,693.7714849129193
1882370.383962,-74.72095687450697,656.3415817591164
1882377.374382,-44.62081361940942,635.3787413511086
1882385.538098,25.561486928916963,603.7738161445876
1885434.496006,26.89331393735946,-0.8880091673097695
1885443.072567,-19.15761250096426,-42.20545479754689
1885448.014336,-84.3863183353727,-99.33389252655924
1885457.492979,-127.12275586509342,-137.10255130309767
1885462.039238,-159.18660622505428,-165.16421731939653
1885469.317447,-176.38867509553478,-180.56007602083133
1885482.001846,-181.80191863756824,-184.821963128476
1885484.270013,-210.53909361540195,-212.37055346103773
1885533.38375,-411.3332739913197,-200.2565558492701
1885538.833192,-408.47703352038536,-169.0416910504476
1885550.071792,-406.3917333829325,-138.55340332905354
1885552.821258,-422.5945815404242,-114.35246210268814
1885562.480428,-462.9944119911013,-111.73879247455038
1885566.837613,-487.34001047312233,-94.48969706247088
1885574.358585,-486.3052305166692,-24.815518220498895
1885582.494065,-503.7848596740368,-11.600459113305922
1885588.42556,-504.5488566241084,-11.4936154706638
1885595.237408,-504.5488566241084,-11.4936154706638
1885601.837686,-504.5488566241084,-11.4936154706638
1885611.157028,-504.5488566241084,-11.4936154706638
1885615.837982,-504.5488566241084,-11.4936154706638
1885624.549116,-504.5488566241084,-11.4936154706638
1885629.843431,-504.5488566241084,-11.4936154706638
1885637.654833,-504.5488566241084,-11.4936154706638
1885644.162885,-504.5488566241084,-11.4936154706638
1885652.219445,-504.5488566241084,-11.4936154706638
1885657.853911,-504.5488566241084,-11.4936154706638
1885664.831957,-504.5488566241084,-11.4936154706638
1885673.277933,-504.5488566241084,-11.4936154706638
1885678.827464,-504.5488566241084,-11.4936154706638
1885687.971819,-504.5488566241084,-11.4936154706638
1885692.843847,-504.5488566241084,-11.4936154706638
1885700.187849,-509.5908129987141,-12.162253527810186
1885707.149906,-543.872984457418,-6.313659305702306
1885714.293244,-588.3140992928511,1.114878994152171
1885720.847326,-634.1665425153054,5.923100304029547
1885727.835798,-661.5930176866821,2.450154710848987
1885735.158327,-685.2985862894265,-9.188907370084088
1885742.161788,-731.8565327982266,-26.208814113703863
1885748.862912,-743.175583768469,-16.10740149405888
1885756.442556,-752.553054825814,13.501704295081709
1885770.153965,-766.6322183242455,21.762590595007897
1885770.157619,-802.2144611573223,15.301153294475515
1885776.851664,-814.0425329253508,22.28725133640876
1885783.829357,-819.7993166439835,64.12591263454489
1885795.365663,-832.8249998749153,85.7053479135006
1885798.341188,-862.1843742857908,86.19792021360985
1885805.217101,-904.7229571042456,75.43310449914968
1885811.871235,-911.7458419151054,73.41314777880297
1885821.476694,-911.7458419151054,73.41314777880297
1885825.874561,-927.5064376306384,82.833874747727
1885833.564296,-933.1594990104646,109.67322118151874
1885841.017807,-939.8515062916396,131.91178396508542
1885847.309578,-931.0051792167376,170.54472723915524
1885854.716524,-906.457273663594,184.2634402324836
1885860.948851,-889.6035366384583,188.84439476803828
1885868.054771,-888.022953328323,189.3459733581954
1885875.295142,-880.8686703574693,191.12158725027183
1885881.87985,-880.8686703574693,191.12158725027183
1885889.181759,-868.4900811636845,190.96170843626447
1885895.841209,-862.0875317117726,196.26436091388496
1885904.273352,-856.6979285835213,199.65355290780585
1885909.834926,-821.220814736406,207.8331591933989
1885916.849263,-800.3097910252351,213.86878846935303
1885924.621706,-776.9870808699993,221.25723655006703
1885930.890224,-775.0971988867149,223.77341715199057
1885938.952428,-775.0971988867149,223.77341715199057
1885944.971253,-753.6191391290091,240.0109525252479
1885954.022622,-684.5164586914724,255.08408878411623
1885959.165686,-635.5220143413582,274.6729787723053
1885966.276565,-594.435193173642,289.3164703477183
1885973.458536,-576.4732651501034,296.51507056950726
1885979.851387,-546.7443327498522,309.9322023728002
1885990.533112,-507.19324279448665,319.3777626810588
1885993.886082,-439.7136094917269,346.93875953443006
1886001.198602,-402.9306996597829,360.0034355886115
1886011.352065,-378.23430281024537,368.1525889693814
1886014.880512,-303.9621818448288,393.7822054302001
1886021.901179,-268.586740199456,398.1489908258828
1886028.889747,-247.34320536847932,408.29358772296007
1886039.756016,-221.11703534700615,420.2131942883589
1886043.202121,-172.55082348955835,436.210904342976
1886050.806398,-113.96619495577802,462.39159508092223
1886057.20477,-31.66473585149579,506.11304416555714
1886063.954974,6.289696198816541,535.4241929234444
1886609.891958,45.6658168169731,17.038278457435112
1886618.264219,7.91834593773779,-12.527334524672764
1886623.904664,-45.63634158919224,-59.59497602562351
1886630.962314,-85.35366473591579,-98.02613524191597
1886640.001577,-92.24024038165624,-104.88980524916953
1886646.518646,-92.24024038165624,-104.88980524916953
1886651.896335,-92.24024038165624,-104.88980524916953
1886659.34714,-92.24024038165624,-104.88980524916953
1886666.204142,-92.24024038165624,-104.88980524916953
1886675.439526,-92.24024038165624,-104.88980524916953
1886680.188041,-96.89956414388674,-108.98715800404948
1886686.967157,-158.93436836226522,-164.35678524312232
1886699.702614,-214.4984858429372,-211.38363986745503
1887273.514032,-410.12703482372666,-212.47435909253755
1887279.563179,-410.9409623454884,-167.0923538972971
1887290.131065,-402.5074876810832,-115.0182238718307
1887294.655022,-384.5569967352182,-74.1182829514396
1887300.596259,-350.12592173016424,-32.14118947443953
1887308.189735,-271.260301409236,35.69408860039684
1887314.89781,-233.6956675930428,81.67345387881532
1887322.103586,-191.225965962754,126.38705419590124
1887329.612567,-141.5943195938001,173.65869031051952
1887336.461668,-138.34348720007063,174.906057830752
1887343.019959,-138.34348720007063,174.906057830752
1887349.56736,-129.62284737395703,181.89996921948503
1887360.84131,-112.60230249530636,194.264666394824
1887363.564872,-94.19517360723276,216.1918759355797
1887372.643807,-54.2187113272391,251.81716878747784
1887378.175666,-13.79941512938158,292.97556771066303
1887384.570543,28.6997920959858,331.13963003876944
1888827.579886,-125.59665814877732,773.7335552980737
1888833.617677,-125.59665814877732,773.7335552980737
1888840.685458,-125.59665814877732,773.7335552980737
1888847.954367,-116.68326207281184,751.6926849983657
1888854.680898,-115.57186249886958,708.6954550688371
1888862.216655,-81.23728855193082,667.9512138713199
1888869.028373,-52.54600209417401,639.6248004127248
1888875.660559,-27.492639604606545,629.2603850424547
1888885.885783,41.75869058532647,601.5743662876512
1902635.517589,-183.08852254284585,-188.4936125742545
1902642.214975,-125.71177289444212,-135.1090927025901
1902649.198049,-47.93200053012458,-67.53838315360561
1902656.292959,-3.003161123800638,-28.54320703313232
1902663.200431,21.35467593194508,-6.557125305992366
1902671.217577,42.337703195215454,12.852267936026117
1964496.936546,18.02616737336288,0.0403917488538853
1964503.8987,-1.549124464344113,-15.741251426475651
1964510.562804,-2.562400014818348,-16.885794634498453
1964519.162724,-2.562400014818348,-16.885794634498453
1964526.396233,-18.473333472446303,-31.373903074680047
1964533.248703,-80.10529177083336,-87.10492626267327
1964538.941427,-128.16974609416752,-128.85932948709203
1964545.57707,-177.6585080688512,-172.1404669289033
1964552.59952,-224.1023297245218,-213.95455367404992
1969706.517223,-133.9503548330529,166.0693842712762
1969706.517891,-133.9503548330529,166.0693842712762
1969712.06048,-121.97910752323423,179.14540552564765
1969721.962159,-107.1651398091097,192.2925633999433
1969726.016487,-107.1651398091097,192.2925633999433
1969733.028072,-107.1651398091097,192.2925633999433
1969740.270594,-107.1651398091097,192.2925633999433
1969747.013843,-107.1651398091097,192.2925633999433
1969754.414075,-104.23540442922013,194.6051696703325
1969761.645954,-53.773930598868056,240.3367754648345
1969768.063505,-6.385467654180266,280.8600788057231
1969775.465435,35.83402473110386,324.26139329279823
1980906.534192,-834.0479366927758,-208.1683396192016
1980908.753134,-837.7206593724749,-197.0072856957752
1980908.753706,-837.7206593724749,-197.0072856957752
1980910.156352,-837.7206593724749,-197.0072856957752
1980917.799542,-840.5611353600384,-189.7994172613441
1980924.142025,-856.6831173245837,-153.65996402963614
1980932.775781,-864.0939639340342,-130.7835327296731
1980938.521464,-869.9752281184602,-117.18722019438738
1980945.340774,-872.9182959006453,-94.32632858227932
1980960.774288,-876.5169409588307,-85.34972045599717
1980960.865784,-888.0920315308601,-52.65466923143292
1980966.149882,-898.7774118386385,-14.020379595625233
1980976.749079,-898.7774118386385,-14.020379595625233
1980980.190212,-898.7774118386385,-14.020379595625233
1980987.160878,-903.5271535593404,4.188687056108844
1980994.151174,-914.18192873635,38.38572401146281
1981011.791829,-933.9789769638504,104.94523438309038
1981011.792469,-933.9789769638504,104.94523438309038
1981013.027436,-936.4641729916904,116.81604655068688
1981022.317068,-936.4641729916904,116.81604655068688
1981027.633901,-936.4641729916904,116.81604655068688
1981046.729454,-940.4923047539688,133.362921573981
1981060.980272,-928.6413503066228,175.6856910619822
1981060.980875,-928.6413503066228,175.6856910619822
1981062.501958,-912.975528182258,181.4676698137769
1981070.595489,-892.7663258405926,189.0443871976424
1981076.970101,-892.7663258405926,189.0443871976424
1981083.500249,-884.1353075944774,195.82536969349255
1981091.086103,-872.4976138365738,199.03924003800265
1981097.942251,-800.8348553105053,223.4821994866104
1981106.178325,-751.1765509347047,237.8529055738149
1981111.542224,-697.2393173109714,257.77762313491456
1981119.279278,-651.9885837158205,269.5372679691536
1981125.49075,-651.9885837158205,269.5372679691536
1981132.490755,-651.9885837158205,269.5372679691536
1981140.671083,-651.9885837158205,269.5372679691536
1981147.544458,-626.9876068140193,278.8998221722496
1981154.517999,-588.7366074234608,294.3565508409105
1981161.114109,-544.223142825953,310.54634665458894
1981167.9585,-520.1743366155193,320.5957098169597
1981175.111606,-513.3693667990174,333.87280177306286
1981181.636888,-513.2234544834358,336.5187874462901
1981189.368275,-514.7207820552268,366.2156760880676
1981195.491726,-512.9454853596735,414.6412690550724
1981202.539665,-496.9723223372415,481.1821466129721
1981209.982654,-484.1167160158892,514.9704101055112
1981218.370194,-441.9459276997318,492.59330354641423
1981224.737659,-380.05769713245945,453.3633356742781
1981231.167306,-362.979135905032,446.0388395419802
1981239.905665,-336.7112401754101,468.2477441408357
1981244.491242,-340.9554868313784,497.0018795903221
1981251.491457,-365.1416114208895,526.4882289763856
1981258.493491,-386.9820306736451,552.3117823306519
1981273.293615,-407.80519309314633,579.8832244254222
1981274.111439,-418.7038936985375,592.3090940888022
1981274.112159,-418.7038936985375,592.3090940888022
1981275.715999,-417.5169098623461,596.7257502950515
1981284.481074,-387.2028774657948,613.1661551699912
1981290.625362,-322.06409915506833,650.2226414781171
1981297.037259,-292.74589899851003,672.618965173911
1981303.696615,-297.0793531959532,695.3545938861198
1981311.158271,-313.06684980718853,750.4742223085285
1981318.1243,-322.0823895904762,771.4370658339109
1981432.115654,-481.015312249747,714.1843629886833
1981432.116311,-481.015312249747,714.1843629886833
1981433.685611,-481.015312249747,714.1843629886833
1981444.584131,-436.6899705297053,717.9169774017056
1981447.230207,-412.56071067071696,728.0013610416021
1981455.992514,-382.1423308546102,741.6733017084171
1981461.22549,-362.0267470997513,752.125615498912
1981468.204598,-344.3529527224253,759.1015788363792
1981478.546908,-327.0504715151299,763.3923435485536
1981482.206175,-320.1628259716529,767.6503945748113
1984036.110526,-487.0898288891748,756.4290725570886
1984043.352596,-496.1290445148087,725.6203618507943
1984050.996909,-490.91896006025536,680.0605844303952
1984059.017674,-488.7042614246152,645.3176049142752
1984064.07198,-484.818261219628,603.0122211905343
1984071.070073,-477.4896058108851,547.232490132527
1984079.115145,-471.59475560653937,521.9585795670286
1984085.475447,-441.4299778044343,494.0067386596446
1984093.75062,-430.3417021688649,460.18380991338336
1984099.363119,-428.1801459597969,430.9084741721834
1984106.036064,-427.3894914801191,393.8378554838721
1984114.558304,-422.6278048842228,366.6795212530523
1984120.472755,-422.0516459033338,364.27102318060633
1984127.615584,-421.8097332642576,358.02197476962505
1984134.344023,-456.0596194960805,342.2464683976286
1984142.697306,-469.636708866831,338.08426773142577
1984148.585701,-469.636708866831,338.08426773142577
1984155.354422,-469.636708866831,338.08426773142577
1984162.369824,-494.21576551514886,329.05023421026726
1984169.147938,-528.445647138734,337.96009637016954
1984176.341118,-565.4718182776215,375.24060134842574
1984183.351715,-589.0520629745957,395.5077118812166
1984190.028802,-591.409993799953,395.84503307838185
1984197.909216,-595.5878321610353,403.9142421035551
1984204.024239,-616.5758680179706,429.2298546577858
1984211.505206,-648.5473282767744,468.8808901199839
1984218.363584,-693.9110364212517,522.5621983141399
1984225.023096,-709.7684900845472,542.0747208062131
1984233.562723,-722.5253250270348,548.8303531471382
1984239.034466,-743.5816955901541,560.3567871980246
1984246.527136,-761.4621212885919,596.9124214100095
1984253.173606,-774.381781522068,625.3930270854987
1984260.912447,-799.7420487946324,643.9925928149202
1984268.495095,-806.5141139223329,639.145030390099
1984275.321698,-822.9426457451,625.8236762026572
1984281.351711,-837.7717261860471,617.3203424659284
1984288.149228,-850.4629930479242,608.8799501220377
1984296.091131,-867.9595805020939,604.1852557195743
1984306.158734,-915.905072170208,585.5255361481377
1984309.025785,-934.2995729082114,573.0705988748184
1984316.045867,-951.7159798850266,557.6841559769762
1984323.03589,-980.2612542688174,545.15493457466
1984330.034508,-1006.1686668156271,535.8363695143067
1984337.070732,-1023.5335197782906,526.8231266539501
1985436.922219,-1017.2170633530158,390.9421715671422
1985440.247954,-1003.1308152791672,343.1240269927194
1985446.456811,-1003.1308152791672,343.1240269927194
1985453.463187,-1000.9085532352344,337.9362920130963
1985461.144926,-998.0269089000578,331.7500977663871
1985468.049869,-992.7546907642396,316.0002396436287
1985474.994352,-989.9519941517456,289.45943282520216
1985481.735102,-969.2163923200212,234.01686260882747
1985490.832999,-954.8914710087196,193.94908568199665
1985495.481409,-935.0424000690012,178.94034405659937
1985504.302546,-935.0424000690012,178.94034405659937
1985509.41719,-921.5472459686838,182.05245695326232
1985516.753588,-864.2422258223537,198.8827621268704
1985524.440343,-823.5414585924188,210.6070115446538
1985530.811157,-790.9531055503551,218.1952704892154
1985537.744108,-719.2176761631678,242.9446306748052
1985544.452765,-679.6649522952517,258.97239008678406
1985551.428882,-636.7441405331932,272.9506827905499
1985558.420486,-573.0147029492283,294.8633703852755
1985565.605767,-571.4559444808015,295.5734230791412
1985573.299941,-548.4189567207409,301.6026219789274
1985579.7462,-512.0088712740766,314.3479718101626
1985586.426659,-504.497231601524,309.641169369635
1985594.146855,-504.497231601524,309.641169369635
1985601.626483,-504.497231601524,309.641169369635
1985607.426383,-504.497231601524,309.641169369635
1985614.750041,-494.7489323701311,304.28707469498414
1985621.748538,-467.54509354940376,273.2932948086205
1985628.75667,-457.75046645503295,262.0448364166346
1985635.768337,-442.7733128298252,246.92686684011107
1985644.305151,-442.7733128298252,246.92686684011107
1985649.748458,-442.7733128298252,246.92686684011107
1985656.418353,-442.7733128298252,246.92686684011107
1985664.014101,-146.64402801483774,-83.77310972964067
1985670.421758,-98.9590729848883,-112.79444725340296
1985678.022878,-88.23594652507143,-102.8602597085344
1985684.855476,-52.6268233398848,-72.5870502112211
1985691.523484,-15.7751310231121,-39.89316466682807
1985698.482145,-6.812386358236849,-32.13793950502373
1985707.247229,8.66366706702225,-37.70701526736338
1985714.051968,45.852181137870936,-75.04806602044583
1989766.451519,-126.20818775682083,772.6902035231849
1989774.152956,-117.82180398112364,715.338988093792
1989780.472902,-86.35823581891958,680.2804584265374
1989787.728167,-47.71565736516665,643.9346245793537
1989794.213148,20.316996632270214,610.4670467026937
1989802.760281,50.92783020457088,603.1601076016511
2063762.272756,-214.9468568998581,-202.0229643013334
2063768.080432,-186.22370062726176,-179.65699790412654
2063774.565354,-163.91329080296796,-158.4571067011136
2063781.563714,-141.33949582178764,-138.90282902858766
2063790.773157,-141.33949582178764,-138.90282902858766
2063795.678928,-141.33949582178764,-138.90282902858766
2063802.874664,-125.19384726107602,-124.97455569358546
2063809.866799,-100.77774267047432,-103.37000339948244
2063817.160924,-78.00717915506478,-87.07310023974156
2063823.816942,-40.89218001566867,-63.00790312308363
2063832.562756,-15.58751708408925,-39.38406358463071
2063838.155517,-1.23135490565547,-24.50677910941893
2063844.663499,26.940562458596105,-59.36578877426521
2063855.859187,26.940562458596105,-59.36578877426521
2063859.070095,54.33977772433804,-63.828188203217685
2064462.285625,21.974302781930056,-30.13332100536548
2064467.673303,-28.479351194067,-60.04095318972626
2064474.910812,-92.82992089931216,-103.6464612910824
2064481.597456,-97.5208457387472,-107.0793176460224
2064488.89983,-97.5208457387472,-107.0793176460224
2064495.896436,-97.5208457387472,-107.0793176460224
2064502.92806,-97.5208457387472,-107.0793176460224
2064509.985579,-97.5208457387472,-107.0793176460224
2064516.979348,-103.64758107892192,-111.06527781329132
2064524.073313,-139.81871143868543,-139.32975761735435
2064534.18469,-200.24127855554383,-190.58912311379484
2142864.6069,-411.10716245096535,-179.72857389984327
2142873.124342,-410.8664455425051,-133.02016413340178
2142878.614965,-393.0973847715367,-75.45513945060895
2142895.377196,-360.0800873089641,-29.847263609450483
2142895.383949,-313.2890587720285,15.40642773678588
2142895.717972,-288.40240327894713,36.99605962339246
2142895.718639,-288.40240327894713,36.99605962339246
2142897.013999,-263.5061945195149,58.98277064883941
2142904.405582,-224.6823644368912,92.67170860422938
2142911.801463,-182.4199686029649,132.03226667430906
2142917.958972,-131.78425908188586,178.1925868717932
2142925.442889,-99.80532056768008,207.0448890779928
2142933.755884,-69.9936622910968,236.04163710618565
2142938.88651,-15.83816434579088,286.25547039222613
2142946.169023,24.234790489430857,321.052036602115
2143562.183394,16.57433478054535,-11.38933097812128
2143569.247234,-47.02780286979076,-65.48139953287783
2143578.805055,-88.6542361659932,-99.72508253238249
2143583.174432,-98.0920660181659,-107.3324664627618
2143590.159331,-98.0920660181659,-107.3324664627618
2143597.35816,-98.0920660181659,-107.3324664627618
2143604.166491,-98.0920660181659,-107.3324664627618
2143611.14883,-98.0920660181659,-107.3324664627618
2143617.826406,-98.0920660181659,-107.3324664627618
2143625.531346,-98.0920660181659,-107.3324664627618
2143631.836418,-127.89764600654637,-134.6165054463803
2143638.83648,-183.78144099876468,-180.6760577483904
2146867.116268,-855.3226035536486,-168.86546329560122
2146867.116941,-855.3226035536486,-168.86546329560122
2146869.164279,-863.0648788476159,-142.73858151316313
2146878.769619,-875.0625920965881,-98.28139574998222
2146882.9892,-887.4121068325725,-48.96841886262132
2146889.98575,-895.0875836593627,-25.558053046231965
2146898.143291,-903.0530662202232,0.4006915540963038
2146904.312099,-904.5251984658684,4.917854492264111
2146915.380478,-907.8093245226266,23.113559148254595
2146918.314625,-920.5895704352984,58.35722691209171
2146925.596171,-931.1867699746876,90.45300185240048
2146962.31234,-895.9574885730199,190.10737449809244
2146962.312987,-895.9574885730199,190.10737449809244
2146963.62777,-891.4515547046396,191.8033140612744
2146971.582451,-874.9285608702828,197.97471130555093
2146977.939654,-839.3812088654356,211.5508937880366
2146985.048758,-778.2122580422305,233.1740617873849
2146998.017534,-761.2433950851474,237.88805088096572
2146998.9474,-732.4288809792586,249.44488084309933
2147005.860403,-670.0582372856338,270.87196715634354
2147012.924048,-666.1875621229398,269.21439044008537
2147019.927869,-666.1875621229398,269.21439044008537
2147027.109501,-666.1875621229398,269.21439044008537
2147034.345351,-666.1875621229398,269.21439044008537
2147042.317603,-666.1875621229398,269.21439044008537
2147047.619142,-666.1875621229398,269.21439044008537
2147054.621039,-666.1875621229398,269.21439044008537
2147061.608691,-666.1875621229398,269.21439044008537
2147069.317483,-666.1875621229398,269.21439044008537
2147076.31382,-649.7082867024313,259.057420421762
2147082.94037,-591.581690857582,287.6597257411222
2147090.138911,-560.7192124418883,306.5842871327717
2147097.055178,-560.7192124418883,306.5842871327717
2147103.933326,-548.68625138952,313.48619049196674
2147110.650667,-493.9035021196353,327.70751981277687
2147119.034727,-458.44296461496486,339.1685306536538
2147125.321837,-421.96946385422,352.09548678275735
2147132.811987,-375.2501742661768,365.94040175871146
2147138.753084,-352.64120909487247,373.810065167098
2147145.613021,-348.24007810938434,375.3236828384608
2147153.395622,-348.24007810938434,375.3236828384608
2147162.006229,-348.24007810938434,375.3236828384608
2147166.617143,-348.24007810938434,375.3236828384608
2147174.365986,-345.7763705511666,376.3826802670958
2147180.618493,-325.4973892688789,384.64056163801246
2147187.957241,-298.6949121575116,392.09807217455335
2147195.842972,-258.75803993931765,405.37634532507377
2147202.061945,-241.4812876924327,416.44802162522967
2147209.128988,-229.7688358288566,430.4049891270824
2147215.945347,-243.15469963624903,459.79295886476166
2147223.537296,-257.1584589740162,479.13161813778686
2147229.618594,-279.2019549903654,515.7201104812808
2147238.081611,-309.6217784627883,597.5786921321032
2147243.630302,-280.8054846599848,644.5942221899007
2147250.609802,-252.67323851016727,656.920109602922
2147259.929867,-194.18233991093305,679.9168093104939
2147264.617558,-135.33531636843034,711.6243284975806
2147272.644655,-119.9586867971327,759.6922717433225
2154298.557707,-1016.8452378707102,348.0956288377016
2154313.854884,-1009.2778168438776,331.41407289512136
2154313.855477,-1009.2778168438776,331.41407289512136
2154314.861887,-1009.2778168438776,331.41407289512136
2154321.875793,-1009.2778168438776,331.41407289512136
2154329.285711,-1009.2778168438776,331.41407289512136
2154335.852922,-1009.2778168438776,331.41407289512136
2154342.869864,-1003.977097827792,326.4595087665842
2154349.853973,-1000.3484902666032,279.13413503385226
2154386.223314,-896.6050767472173,178.81727975250624
2154386.224018,-896.6050767472173,178.81727975250624
2154387.333227,-896.6050767472173,178.81727975250624
2154395.850323,-886.5505245023162,183.43558613035265
2154401.341539,-886.5505245023162,183.43558613035265
2154408.64634,-878.8361498345564,188.87879299450117
2154418.164062,-857.0794875982137,200.8026676260072
2154422.342459,-829.6032415374881,210.5003852639522
2154435.816745,-804.3235978623168,218.9251330229699
2154436.404322,-766.7083530620308,230.88654320396304
2154444.29864,-747.8825147201388,239.1720020755202
2154450.328582,-707.7857489332297,256.2421769710198
2154459.714635,-658.4941137724304,269.61026049934475
2154464.435735,-649.955894990006,271.47928511902154
2154471.463574,-649.955894990006,271.47928511902154
2154478.437448,-649.955894990006,271.47928511902154
2154485.658329,-649.955894990006,271.47928511902154
2154493.546277,-622.2917268138764,268.0142428030991
2154501.737324,-561.4403541256692,292.9753504655518
2154506.686701,-544.061427793326,299.9223270158558
2154513.657343,-517.5602985436541,311.9694042786504
2154520.377487,-454.2009068663772,338.07533780159383
2154527.615013,-385.72921780612046,360.1984516622084
2154534.759959,-327.34456773441514,380.9560000170711
2154541.955858,-316.45387983705456,384.4981477439384
2154554.870114,-316.45387983705456,384.4981477439384
2154555.34659,-316.45387983705456,384.4981477439384
2154567.203231,-316.45387983705456,384.4981477439384
2154569.488196,-316.45387983705456,384.4981477439384
2154576.401852,-316.45387983705456,384.4981477439384
2154590.309945,-316.45387983705456,384.4981477439384
2154590.476582,-316.45387983705456,384.4981477439384
2154601.772076,-306.05277691910345,388.2274468272847
2154604.433083,-253.87935310784687,406.2755689748424
2154611.375052,-223.59738614732225,418.4561077001885
2154619.773236,-180.82214636519416,434.45615563250834
2154625.333636,-92.99202164955918,468.7304656673937
2154632.375787,-41.840031180350685,494.5757638951797
2154642.478611,1.1586379634867292,514.9724952716355
2155705.436457,10.789169580575996,-16.43712297198508
2155712.864123,-21.63610483147779,-44.362367897157824
2155719.826385,-57.42130345977719,-72.97876220212258
2155726.739823,-108.34326639491732,-111.6244427049692
2155733.436,-141.07553118848423,-102.50090359020726
2155742.083102,-188.0551262142548,-54.28880711998831
2155747.426644,-188.0551262142548,-54.28880711998831
2155754.456305,-188.0551262142548,-54.28880711998831
2155762.044861,-188.0551262142548,-54.28880711998831
2155768.423733,-454.54461683801975,262.4893471318926
2155775.589552,-483.09557758562966,291.2772457060025
2155782.425434,-484.7533798658028,292.9364026266865
2155789.749243,-501.2931493176023,307.281735523975
2155797.662025,-527.3740757488035,314.9505538765643
2155803.903678,-565.2227578583008,301.1241045294356
2155811.916228,-580.0610361729301,294.9378869721923
2155817.463256,-608.8982396098339,286.684000594156
2155825.07185,-646.4638194214542,274.7293047175139
2155836.284188,-686.8681330944505,267.6546731742542
2155839.246619,-715.0579071879182,252.5277106472939
2155846.08154,-740.4756716864458,242.8637282668352
2155852.796943,-791.7882245338642,229.15957506672524
2155859.751292,-825.0521714785326,218.72158934376867
2155867.953686,-838.4202464956767,214.69437352451277
2155873.791971,-849.5432540190228,206.94384032498775
2155882.754785,-865.2311150225511,221.45054097100723
2155887.473248,-891.2681181726555,241.17681879227408
2155894.43982,-932.5666375574827,233.39693897938128
2155903.322939,-958.5278042764252,217.7014614302005
2155908.431989,-960.6221608884856,196.57595508794216
2155915.484243,-945.8251462974312,163.8979168950665
2155922.63207,-945.8251462974312,163.8979168950665
2155954.224997,-938.8976299818452,157.87345216522075
2155954.225724,-938.8976299818452,157.87345216522075
2155955.62446,-938.8976299818452,157.87345216522075
2155964.981734,-938.8976299818452,157.87345216522075
2155969.644699,-938.8976299818452,157.87345216522075
2155977.238751,-938.8976299818452,157.87345216522075
2155983.943978,-938.8976299818452,157.87345216522075
2155990.950983,-938.8976299818452,157.87345216522075
2155997.937638,-938.8976299818452,157.87345216522075
2156004.942322,-934.6839081308703,162.01437901744185
2156012.113293,-917.8911578770548,170.23591077382434
2156018.714554,-888.0853121616334,184.20881482972928
2156025.718168,-859.8217315463612,196.13340063062853
2156033.308423,-834.3214360448851,205.0637904374004
2156040.319763,-824.8670120580507,209.55655244884412
2156047.030892,-794.0916426842754,220.80450548177632
2156053.975448,-786.4705153549394,223.1805437781133
2156060.940979,-786.4705153549394,223.1805437781133
2156068.012466,-786.4705153549394,223.1805437781133
2156074.614473,-767.475041081649,218.31408346708275
2156083.357183,-767.475041081649,218.31408346708275
2156088.632355,-767.475041081649,218.31408346708275
2156096.345743,-767.475041081649,218.31408346708275
2156105.929928,-767.475041081649,218.31408346708275
2156110.298217,-767.475041081649,218.31408346708275
2156118.742551,-767.475041081649,218.31408346708275
2156123.938709,-767.475041081649,218.31408346708275
2156131.073668,-767.475041081649,218.31408346708275
2156139.848553,-767.475041081649,218.31408346708275
2156145.225789,-767.475041081649,218.31408346708275
2156151.956664,-767.475041081649,218.31408346708275
2156159.618421,-767.475041081649,218.31408346708275
2156165.949981,-767.475041081649,218.31408346708275
2156175.07689,-767.475041081649,218.31408346708275
2156179.636728,-767.475041081649,218.31408346708275
2156187.24252,-767.475041081649,218.31408346708275
2156196.108647,-767.475041081649,218.31408346708275
2156200.802583,-760.3262106399861,215.52016912504976
2156207.616557,-757.3754721587995,215.52745106454137
2156215.004791,-758.8605364326374,216.12552544802807
2156222.068215,-760.0299161629614,216.39605287695775
2156232.286845,-761.0752817925097,216.67511816306464
2156236.913598,-761.7478870824159,217.30091459854796
2156244.407545,-761.2690076510573,217.35149726030463
2156250.0608,-760.6082088426367,216.96899100894385
2156256.658779,-760.54540819693,216.64503856788824
2156265.689523,-761.4662888204596,216.9462989925942
2156270.619037,-762.1805677275692,217.24842841683983
2156278.013144,-761.9181449116082,217.93971850355587
2156286.119201,-762.2994641048034,218.50919264158483
2156291.694568,-762.7422665803044,219.06149450001536
2156299.524522,-761.1541393737317,218.06619291698323
2156305.988513,-758.9103507238264,217.7313469395677
2156313.428393,-755.7622031090475,216.77425794476093
2156319.670587,-753.6412551010708,216.32721705618613
2156327.020185,-752.4884677205321,214.7315086504203
2156334.25178,-754.5010928605443,213.8418031016261
2156341.885634,-757.1990181847578,221.3856153293548
2156347.73222,-754.4456079060702,225.4573062594252
2156354.662409,-742.9318052992567,230.13927939222103
2156362.877804,-718.6632797745386,238.5760711358776
2156369.577493,-707.7124116052037,241.89178129304213
2156375.664142,-684.7722598310762,250.6898319759233
2156382.622663,-625.5218520154582,274.4693423301862
2156389.948701,-573.642404063186,293.26382253307787
2156396.676879,-540.7538833584795,303.9620707973212
2156408.439002,-532.3878832038943,305.83007453894106
2156410.947352,-532.3878832038943,305.83007453894106
2156417.758868,-532.3878832038943,305.83007453894106
2156424.947471,-532.3878832038943,305.83007453894106
2156432.534727,-532.3878832038943,305.83007453894106
2156438.678947,-532.3878832038943,305.83007453894106
2156445.95241,-526.2660343747461,306.48915368277807
2156452.966682,-491.7882966839615,318.60027981383456
2156459.960466,-439.7292717892313,337.9845030549834
2156469.799187,-374.35640063442975,362.8324646694558
2156474.222311,-353.67575227545683,369.20501944370704
2156480.799474,-352.69812960992584,369.6107382114089
2156487.990135,-319.6776288617397,383.5835317603135
2156495.260722,-300.3039697723694,388.8305045591721
2156501.629206,-282.8716507673201,392.0398367781391
2156509.17102,-247.07001983951884,406.0531570678857
2156515.692079,-216.96590273228023,420.5388045506701
2156526.220684,-173.1623724817812,440.74540307409103
2156531.588636,-125.44214699963425,461.4175212983666
2156536.640672,-94.1998410461424,474.0193796401172
2156544.874668,-44.17834249215734,496.9753100267218
2156550.899158,17.442876643707393,527.7772631037051
2156560.006918,50.05995136302055,537.7335215921962
