time,x,y
0.0,0.0,0.0
15.030238,-54.424888989392144,152.54559270960348
30.303774,-104.39737107924635,313.1987947538565
45.473391,-15.70140641682466,374.751282111666
59.901603,75.73832912695818,401.6943972308752
75.112999,159.50953766459943,426.7832034043943
90.003051,196.5342618211001,435.31579555149136
106.257755,337.45465776802973,492.7046619484119
119.935522,497.8348496639911,544.1408767720967
135.381871,555.7317541109494,567.7064719727293
150.243579,608.2996679053412,601.2747012916145
164.90284,597.2477391789173,635.2363917106496
181.112709,536.2943698411789,757.9882972579796
195.144851,664.7272188529826,851.4416044179251
209.934617,697.365520758403,867.1262744549338
225.284365,697.365520758403,867.1262744549338
240.577593,697.365520758403,867.1262744549338
255.925453,713.0565465201411,953.9333723978882
3770.86028,693.4510870375593,942.1839622954054
3784.692349,589.2871027398068,881.9085273214183
3799.694646,527.8559169051576,904.0557122758888
3845.780022,362.8159881989764,882.9798362738329
3860.143256,394.5624887012838,888.1767070113528
3875.066948,394.5624887012838,888.1767070113528
3890.985374,394.5624887012838,888.1767070113528
3905.130799,394.5624887012838,888.1767070113528
3919.746053,430.9525032241489,897.139585800577
3936.178044,565.7087839292765,939.8258130040566
3965.119078,715.3147810311531,911.3864099781138
3980.758755,714.8827809385735,909.0275195769018
3995.301616,714.3910791113973,897.0393928606074
4010.852258,575.8659287405424,830.6162233747153
4024.673002,556.2620145565481,669.175703440932
4039.700772,540.4246131283248,578.337261364887
4055.480759,499.1969768150514,551.7580432764686
4069.709125,390.83069621146944,515.9579975574319
4084.702637,301.17865406281254,526.529149215243
4100.154985,217.2637780820608,633.7993613377472
4114.889707,142.01436827189255,712.7584321357973
4129.702209,83.94936584440202,755.3137645985931
4144.699426,56.94079230446186,813.2764060909082
4160.034114,-9.036739247669534,887.5696529325147
5369.891797,-169.92757589836225,483.646736762073
5384.920705,-168.5980881967251,474.0161229657471
5399.888935,-146.94894999403445,425.8315814037566
5414.501117,-86.13046338654866,340.0418528398554
5429.915871,53.05875450037003,392.8498914871159
5445.005303,227.22630553524456,454.9722563667534
5459.951139,304.88046260701253,474.4538377356324
5475.721794,304.88046260701253,474.4538377356324
5489.841895,404.594645654172,514.9838165656967
5504.88556,555.4972399359657,559.1584096223754
5513.18604,562.0614238119435,560.0614546215821
5519.828203,562.0614238119435,560.0614546215821
5534.854329,562.0614238119435,560.0614546215821
5549.506591,562.0614238119435,560.0614546215821
5564.502925,562.0614238119435,560.0614546215821
5579.859076,562.0614238119435,560.0614546215821
5595.77475,562.0614238119435,560.0614546215821
5609.927157,574.1189285407279,560.2747091044988
5624.896432,574.1189285407279,560.2747091044988
5640.639715,573.2034963081826,573.0884583228727
5654.833495,573.2034963081826,573.0884583228727
5669.818941,573.2034963081826,573.0884583228727
5685.442007,573.2034963081826,573.0884583228727
5699.872995,573.2034963081826,573.0884583228727
5714.510852,573.2034963081826,573.0884583228727
5729.520076,573.2034963081826,573.0884583228727
5744.479394,573.2034963081826,573.0884583228727
5759.861531,573.2034963081826,573.0884583228727
5774.977015,573.2034963081826,573.0884583228727
5789.5023,573.2034963081826,573.0884583228727
5806.32791,573.97892817105,577.6515526377959
5819.838607,572.8744721366047,578.1781283309433
5834.83582,572.2865927395123,578.4466674939429
5849.529007,570.114102616853,576.4584190537325
5864.843446,570.1141026001958,576.4584187872687
5879.844707,570.1141026001958,576.4584187872687
5895.594294,570.1141026001958,576.4584187872687
5909.512597,568.5896259145928,575.2006579269789
5924.840649,568.1608671234795,573.8536421706825
5939.92767,568.504142222699,569.5770628731976
5954.869024,564.9439117950935,564.3802972149344
5969.523701,567.8557870060827,559.0325004067562
5984.856544,566.5884859402651,558.0988622564911
5999.821548,564.8501362093905,555.8202020211133
6015.628794,565.6659702371611,556.7481114384639
6029.51854,566.7056595308782,556.9036849401621
6044.886066,567.5208980020499,557.504110838823
6060.567811,568.0184758643477,559.9091913460031
6074.862272,568.0184758643477,559.9091913460031
6089.524496,579.0612923503977,566.610319409358
6104.535063,579.0612923503977,566.610319409358
6119.85662,579.9661298937052,565.2644720426753
6134.837097,579.7911969794459,564.7369976935748
6149.570074,579.7911969794459,564.7369976935748
6164.947832,579.7911969794459,564.7369976935748
6180.522539,579.7911969794459,564.7369976935748
6194.817313,579.7911969794459,564.7369976935748
6209.822636,579.7911969794459,564.7369976935748
6224.897033,579.7911969794459,564.7369976935748
6239.843819,579.7911969794459,564.7369976935748
6254.876924,579.7911969794459,564.7369976935748
6269.53099,579.7911969794459,564.7369976935748
6284.871244,579.7911969794459,564.7369976935748
6300.439254,579.7911969794459,564.7369976935748
6314.829336,579.7911969794459,564.7369976935748
6329.829927,579.7911969794459,564.7369976935748
6346.384922,579.2625079626057,563.4393610432248
6359.880595,579.2624914657672,563.4393409288342
6374.867433,579.2624914657672,563.4393409288342
6389.867559,579.2624914657672,563.4393409288342
6404.513264,579.2624914657672,563.4393409288342
6420.960787,579.2624914657672,563.4393409288342
6434.686643,579.2624914657672,563.4393409288342
6449.849804,579.2624914657672,563.4393409288342
6464.524011,579.2624914657672,563.4393409288342
6479.516508,579.2624914657672,563.4393409288342
6494.837689,579.2624914657672,563.4393409288342
6510.447213,579.2624914657672,563.4393409288342
6524.48949,579.2624914657672,563.4393409288342
6539.525801,579.2624914657672,563.4393409288342
6554.948418,579.2624914657672,563.4393409288342
6569.854244,579.2624914657672,563.4393409288342
6584.528232,579.2624914657672,563.4393409288342
6599.846942,579.2624914657672,563.4393409288342
6614.833321,579.2624914657672,563.4393409288342
6629.813694,579.2624914657672,563.4393409288342
6645.12258,579.2624914657672,563.4393409288342
6659.921978,579.6294568176426,563.6113289193084
6675.672979,588.4820715210021,570.6429112171883
6690.013275,588.4820715210021,570.6429112171883
6704.521903,588.4820715210021,570.6429112171883
6719.916759,588.4820715210021,570.6429112171883
6734.937311,588.4820715210021,570.6429112171883
6750.556737,588.4820715210021,570.6429112171883
6764.492053,588.4820715210021,570.6429112171883
6779.926044,588.4820715210021,570.6429112171883
6794.523286,588.784155549893,571.5635938937754
6809.940559,588.784155549893,571.5635938937754
6824.94472,588.784155549893,571.5635938937754
6839.941132,588.784155549893,571.5635938937754
6854.918199,588.784155549893,571.5635938937754
6869.949346,588.784155549893,571.5635938937754
6884.924745,588.784155549893,571.5635938937754
6899.943397,588.784155549893,571.5635938937754
6915.681002,588.784155549893,571.5635938937754
6929.93814,588.784155549893,571.5635938937754
6944.91292,588.784155549893,571.5635938937754
6959.928464,588.784155549893,571.5635938937754
6974.924798,588.784155549893,571.5635938937754
6989.929091,588.784155549893,571.5635938937754
7004.918204,588.784155549893,571.5635938937754
7019.960923,588.784155549893,571.5635938937754
7034.916623,598.9807484432704,577.4805962075765
7050.479911,598.9807484432704,577.4805962075765
7064.896223,598.9807484432704,577.4805962075765
7081.317802,598.9807484432704,577.4805962075765
7094.528259,598.9807484432704,577.4805962075765
7109.894012,598.9807484432704,577.4805962075765
7125.584881,598.9807484432704,577.4805962075765
7139.539294,598.9807484432704,577.4805962075765
7154.876275,598.9807484432704,577.4805962075765
7170.547394,598.9807484432704,577.4805962075765
7184.897247,598.9807484432704,577.4805962075765
7199.538326,598.9807484432704,577.4805962075765
7215.041189,598.9807484432704,577.4805962075765
7229.887716,604.3559270832724,588.70418657302
7246.004951,618.2522142002624,605.7273236004024
7259.498293,615.6371543983772,617.6567493301476
7274.903953,617.977732016036,621.7207643990204
7290.636754,617.977732016036,621.7207643990204
7304.498701,617.977732016036,621.7207643990204
7320.029678,617.132374835332,619.8379824906964
7334.904514,617.132374835332,619.8379824906964
7349.904183,617.132374835332,619.8379824906964
7364.949433,613.3888747730155,617.5340854979256
7380.033217,613.3888747646132,617.5340854738936
7394.954049,610.669028630742,615.9333706685779
7409.998628,610.669028630742,615.9333706685779
7419.469914,610.669028630742,615.9333706685779
7424.856749,610.669028630742,615.9333706685779
7439.495732,610.669028630742,615.9333706685779
7454.524063,569.8553995810616,679.6941166992691
7469.874002,583.4950388644129,828.6837096797512
7484.52751,717.7294672674078,953.1229769691616
9195.564897,752.5500077059679,847.1362551779553
12494.975732,711.6279320799146,906.3037537647218
12509.60199,585.9509793882585,820.1019896468435
12526.211374,548.9472392892982,685.139258003693
12540.167464,536.9955152367063,573.740969620318
12554.978806,421.1544213786493,527.0417499831128
12570.606782,261.90416786900767,563.8808481374264
12585.029266,220.7042924812039,614.4642362996199
12599.594578,90.24795898376402,742.6966613503771
12615.07302,43.92034471984319,819.7111791353541
12629.931333,-63.624175610452205,767.9878032978128
12645.255276,-182.7451555319577,704.0350471965045
12735.016344,-185.79555155471468,556.850158572818
12749.655696,-130.22056089186563,395.9839475582533
12765.620976,15.870883029681853,384.7156312084696
12780.598146,169.89907263224077,437.4437499417322
12794.942209,306.7634565954841,479.6211974837586
12809.960041,421.2732861592549,521.649531370412
12824.573151,557.8537186607826,554.7584788613582
12840.003317,557.8537186607826,554.7584788613582
12855.570953,557.8537186607826,554.7584788613582
12870.253666,557.8537186607826,554.7584788613582
12885.034701,557.8537186607826,554.7584788613582
12900.795798,557.8537186607826,554.7584788613582
12915.018625,557.8537186607826,554.7584788613582
12929.931842,566.710712562742,560.5098697705495
12945.349089,563.6037608286368,608.953868623384
12959.95097,547.3318880251302,592.752516141183
12974.574205,470.95150077550136,543.3090953428825
12990.234995,327.84082486480355,500.03537431210674
13004.966191,161.58476950578026,441.1635143851372
13019.84125,11.605807838575048,391.39532048081753
13035.066084,-55.79403610531119,421.6495481526657
13050.899913,-132.8741484126368,407.79708416705785
13905.009944,-159.0218089356008,466.021496114371
13920.013898,-159.0218089356008,466.021496114371
13934.614786,-159.0218089356008,466.021496114371
13949.986219,-159.0218089356008,466.021496114371
13964.684476,-143.6645193513183,393.10638360465896
13980.6567,-29.254878269251176,360.4518954500724
13994.948049,140.7126087224116,427.7096534334617
14010.644633,304.23384009595514,487.8552459320312
14025.063919,318.56000876610415,488.2270053844665
14039.99638,400.1372949384431,519.1039328551124
14054.628565,524.760412470865,560.7177650145401
14069.618667,533.2976591552542,559.2127130678846
14084.941035,593.2961876779926,578.5484658092522
14100.1309,613.9784881458696,615.7817966469618
14114.953425,613.9784881458696,615.7817966469618
14129.966524,613.9784881458696,615.7817966469618
14145.582853,613.9784881458696,615.7817966469618
14159.998383,555.3363689318891,596.3275476874402
14174.587643,578.6294482563362,529.6264019245095
14189.587666,677.2651099391583,459.929976370046
14204.626493,749.7365298379309,407.24631864582295
14219.597379,751.3708833777347,405.0923176848214
14235.020489,751.3708833777347,405.0923176848214
14250.861245,755.7495803814655,393.6938255059344
14264.614936,862.8575369353744,319.0639395829482
398604.194069,705.2292703993251,945.1026757625328
398612.353222,705.2292703993251,945.1026757625328
398627.490641,715.1114223730809,931.1209703406798
398632.972588,712.6959091670694,885.5435355520046
398642.348127,635.0267313965725,862.9646543579839
398652.358438,539.846425571458,814.9097036389954
398663.828255,529.9696614998173,728.0759375943289
398672.346862,569.8072069187116,617.5815222789578
398682.353674,509.05125222857697,559.5773946354999
398692.323797,439.7403692967404,529.3826291827396
398703.54433,332.70808203648136,487.5895849442176
398712.417352,261.62799216279603,461.5955963392083
398724.271561,194.48214964538724,436.8748227899294
398733.367312,156.42780556332292,431.4641171423648
398742.423917,112.25840603433004,406.3169830018397
398752.423817,76.50605432180535,403.8575163073699
398762.423967,-6.722319511932561,377.41214901283337
398772.42645,-22.802131610538023,402.94272776444734
398783.689222,-34.54521567203422,420.2867207446547
398792.373112,-38.76159283783917,420.3591342667208
398803.065421,-46.77430329953751,418.3998516610104
398812.430082,-60.85304312765733,415.74703886245806
398822.422309,-84.60407331604732,404.7092818723969
398832.730976,-89.63190772693892,400.5217881788319
398842.481108,-89.63190772693892,400.5217881788319
398852.422284,-89.63190772693892,400.5217881788319
398862.442306,-89.63190772693892,400.5217881788319
398872.422247,-89.63190772693892,400.5217881788319
398875.270986,-89.63190772693892,400.5217881788319
398882.422887,-89.63190772693892,400.5217881788319
398892.422254,-89.63190772693892,400.5217881788319
398903.055867,-89.63190772693892,400.5217881788319
398912.878613,-89.63190772693892,400.5217881788319
398922.42848,-89.63190772693892,400.5217881788319
398932.421958,-89.63190772693892,400.5217881788319
398942.52961,-89.63190772693892,400.5217881788319
398953.797662,-89.63190772693892,400.5217881788319
398962.895652,-89.63190772693892,400.5217881788319
398973.104349,-89.63190772693892,400.5217881788319
398982.773202,-89.63190772693892,400.5217881788319
398992.763723,-89.63190772693892,400.5217881788319
399007.246411,-89.63190772693892,400.5217881788319
399012.383608,-89.63190772693892,400.5217881788319
399022.849286,-89.63190772693892,400.5217881788319
399032.742544,-89.63190772693892,400.5217881788319
399045.981917,-89.63190772693892,400.5217881788319
399052.796967,-89.63190772693892,400.5217881788319
399062.426195,-89.0457513762124,393.8389000108166
399074.020073,-89.0457513762124,393.8389000108166
399083.401734,-89.85552431072061,392.62216605813103
399092.784837,-89.85555366979828,392.6221306596028
399102.789283,-89.85555366979828,392.6221306596028
399114.284995,-89.85555366979828,392.6221306596028
399122.814812,-89.85555366979828,392.6221306596028
399132.896233,-89.85555366979828,392.6221306596028
399142.662214,-89.85555366979828,392.6221306596028
399152.869517,-89.85555366979828,392.6221306596028
399162.829528,-90.09803734389958,392.2021097174165
399172.847146,-90.09803734389958,392.2021097174165
399183.90785,-91.09191117334656,389.8928397042494
399192.378401,-91.09191117334656,389.8928397042494
399202.417546,-91.82718676537156,389.5816592958034
399212.376245,-92.41256048399164,387.51053150568976
399222.360186,-92.41256048399164,387.51053150568976
399232.886571,-91.49461612408442,382.52001963048576
399242.751895,-89.22174445754983,374.7673912374127
399253.551354,-88.15601892279288,374.182940529021
399262.330696,-86.31762855693056,375.2777934264959
399272.791787,-85.3295135911055,374.29192579708814
399283.471751,-84.210058624444,372.9806530572821
399293.003609,-80.60160463737473,368.4960225856058
399302.7476,-80.63848669632611,368.6952170259046
399312.440951,-80.96681755843424,373.11697377939953
399325.104689,-80.96678202538737,373.1170620028959
399332.434052,-78.6639529503718,371.89567290029095
399342.427231,-78.66190888589041,371.8959699382101
399353.677311,-78.66190888589041,371.8959699382101
399363.554694,-78.66190888589041,371.8959699382101
399372.368459,-78.66190888589041,371.8959699382101
399382.369792,-78.66190888589041,371.8959699382101
399395.218788,-77.30706515912101,369.172892616016
399402.380189,-76.19549848477979,366.6621309808805
399412.371805,-75.66508631277793,365.2775421880516
399422.431594,-75.66508631277793,365.2775421880516
399432.488245,-75.04367468205737,362.3447382135273
399442.369464,-73.22373264397264,358.1866041642215
399455.38829,-69.39953572709005,349.9509387746712
399465.130291,-69.39953572709005,349.9509387746712
399472.668971,-69.39953572709005,349.9509387746712
399483.386821,-65.37459536776085,342.91096855363315
399496.649472,-38.21658599179337,346.80817696875334
399502.37376,-8.424750453247494,376.5991183731562
399511.719779,65.01523522160632,409.1139191216825
399512.339141,65.01523522160632,409.1139191216825
399522.808543,117.7399405155006,421.1142040262965
399532.365548,165.54404349494774,439.3022902678883
399542.36427,242.9705498811552,466.2602139500663
399552.752885,272.3453419734937,479.6509734816086
399562.422724,272.3453419734937,479.6509734816086
399573.091153,334.8826878717994,496.5773311238068
399582.36266,435.74108502872457,535.5676880991067
399593.448228,536.4923816848008,566.8339377803188
399603.609491,601.238854324029,590.2820848096496
399612.769375,567.5519327962684,614.7022073699369
399622.720609,536.7882733083253,609.85387545606
399637.786491,501.0367531024935,654.5109141439799
399642.369799,464.9212018910757,697.9556058322488
399652.338151,440.1230467889348,727.158630551674
399662.736719,413.0485380857965,763.8555085003932
399672.679522,433.6568957175741,775.1106966070539
399682.381391,437.4418193688913,776.8341938683321
399692.430242,479.3431470061822,785.8575650513255
399703.38835,526.0257910665548,827.7262466288522
399713.573543,545.7579279768617,859.582544365919
399722.668502,530.9997614199615,885.8691966246312
399733.931101,513.0058848096078,943.283432888774
399774.117251,351.5661246880828,939.798732200344
399783.572206,362.54963077342734,875.9185317613994
399793.265421,362.54963077342734,875.9185317613994
399803.069311,362.54963077342734,875.9185317613994
399813.428319,400.520718542252,891.3706186395681
399825.530379,473.97853004296735,928.1370318912038
399832.75487,488.0707973251668,935.8664101339724
399842.774582,488.0707973251668,935.8664101339724
399852.733566,498.3458038774775,923.2144631567832
399862.724472,498.3458038774775,923.2144631567832
399872.378783,507.0158438507293,928.695521763044
399882.377599,507.0158438507293,928.695521763044
399892.393216,514.1252018421027,941.276517368614
399952.762987,344.6150987932135,922.5307034406144
399962.885787,342.46816440817736,832.3826694973661
399972.771416,345.268383804829,814.0994330325179
399982.714678,353.0679923995042,742.7789753513239
399992.710669,371.2836215737921,693.708139310546
400002.834417,407.7733047467512,627.8210455531162
400012.344987,415.6502111154238,547.7534109718879
400022.375061,413.3919072374967,522.7648082737937
400032.770845,341.61635963392627,491.9299609683932
400042.374742,284.94375799964087,473.6699057778149
400069.106206,236.7518299433792,457.6080928885144
400069.106746,236.7518299433792,457.6080928885144
400070.794775,225.6558706206085,457.4166823268756
400084.080668,207.96743129937903,451.5637755550212
400090.843662,160.43879806322,436.2511725432452
400100.864563,120.02089814673396,428.3867350834353
400113.982336,102.92374125574706,421.4871554677761
400121.091654,56.20008455870027,392.098231276058
400130.807945,15.24768667124689,381.5375997130733
400140.982039,-18.974239860074896,381.3566533993901
400151.912106,-60.63704491077876,421.0015920930361
400161.898764,-87.05972530379103,407.12516039475696
400171.522141,-87.05972530379103,407.12516039475696
400180.856713,-87.05972530379103,407.12516039475696
400190.878871,-87.05972530379103,407.12516039475696
400201.244458,-95.34429161435584,399.463872428015
400205.700646,-95.34429161435584,399.463872428015
400211.392399,-95.34429161435584,399.463872428015
400225.031305,-95.34429161435584,399.463872428015
400231.240833,-95.34429161435584,399.463872428015
400241.186624,-91.31206780520444,388.4103842252085
400250.799141,-91.31206780520444,388.4103842252085
400262.373044,-91.31206780520444,388.4103842252085
400270.808474,-91.31206780520444,388.4103842252085
400283.547583,-91.31206780520444,388.4103842252085
400290.808578,-91.31206780520444,388.4103842252085
400300.847516,-91.31206780520444,388.4103842252085
400311.839701,-91.31206780520444,388.4103842252085
400321.243951,-91.31206780520444,388.4103842252085
400332.681138,-88.25457889303068,388.0277111682421
400341.266873,-89.90229253830682,387.4250297686007
400351.20876,-90.346057472066,387.8050431868338
400361.252866,-90.77379238508004,388.3265209003793
400370.772327,-90.76945413047235,388.0996406604925
400381.235166,-90.76945413047235,388.0996406604925
400390.823414,-90.76945413047235,388.0996406604925
400401.175491,-91.419478895926,382.75958432270704
400410.778992,-91.419478895926,382.7595843106921
400421.921045,-91.419478895926,382.7595843106921
400431.76251,-91.419478895926,382.7595843106921
400431.763198,-91.419478895926,382.7595843106921
400433.434594,-91.419478895926,382.7595843106921
400443.51401,-87.10537513582193,377.9559454450626
400456.038223,-86.22788010807193,375.9010378791218
400463.869195,-86.22788010807193,375.9010378791218
400473.879498,-86.22788010807193,375.9010378791218
400483.924037,-86.22788010807193,375.9010378791218
400494.585834,-86.22788010807193,375.9010378791218
400503.536498,-79.4635481490665,359.2669110919639
400513.432084,-77.78411125449175,357.25959163808983
400523.907477,-78.73162483110086,356.69176133280564
400533.94643,-78.73162483110086,356.69176133280564
400544.615436,-78.73162483110086,356.69176133280564
400554.486601,-78.73162483110086,356.69176133280564
400563.89171,-78.73162483110086,356.69176133280564
400574.226521,-78.73162483110086,356.69176133280564
400583.49597,-78.73162483110086,356.69176133280564
400593.515614,-78.73162483110086,356.69176133280564
400603.964302,-78.73162483110086,356.69176133280564
400613.495646,-79.06046320529542,358.91532956330605
400623.495511,-85.91261950799773,366.4802208826934
400633.50421,-86.5355686037037,367.08322564630606
400643.445634,-86.49469559654639,364.83474586637993
400653.952711,-86.49469558829166,364.83474586637993
400663.397082,-86.49469558829166,364.83474586637993
400674.260932,-86.49469558829166,364.83474586637993
400683.942304,-86.49469558829166,364.83474586637993
400693.914337,-86.49469558829166,364.83474586637993
400705.213628,-86.49469558829166,364.83474586637993
400713.922251,-75.99239882286757,360.8751854260914
400723.88239,-62.84049606622047,353.1364020647427
400735.842154,-62.834390485378144,353.13173525656947
400743.451512,-62.834390485378144,353.13173525656947
400753.841313,-62.834390485378144,353.13173525656947
400763.428934,-62.94225567253434,352.0515592358111
400774.760365,-62.94225567253434,352.0515592358111
400783.785079,-62.94225567253434,352.0515592358111
400793.442643,-61.29984072040463,342.65171585538576
400803.794124,-65.21003416875901,341.25199261765624
400813.820804,-65.10064407991388,341.68532835229666
400824.478765,-64.90259068686363,341.3335209472507
400833.76887,-64.90259051262926,341.33352109179
400843.8128,-64.90259051262926,341.33352109179
400854.234111,-64.90259051262926,341.33352109179
400863.793014,-64.90259051262926,341.33352109179
400873.885306,-64.90259051262926,341.33352109179
400883.491912,-64.90259051262926,341.33352109179
400894.703581,-64.90259051262926,341.33352109179
400904.071862,-64.90259051262926,341.33352109179
400914.980929,-64.90259051262926,341.33352109179
400923.500166,-57.49598929204391,342.9715730707261
400933.53602,-34.67238968989889,355.3137522510982
400943.518669,1.6800451392000642,374.4094875179589
400953.499989,28.110218064961348,390.4945297727178
400957.761748,45.76394600826586,399.0528906127165
400963.532906,58.96630141198969,404.0399599595119
400973.921514,133.94249290560643,429.046256558234
400985.094221,162.22426077331463,438.33594702332914
400993.444049,168.40059102650844,442.2205560293938
401004.025987,217.45846330988175,458.2616654882317
401013.993479,309.23419480309,488.4702321821129
401023.500784,309.23419480309,488.4702321821129
401034.49536,309.23419480309,488.4702321821129
401043.425612,309.23419480309,488.4702321821129
401053.457449,309.23419480309,488.4702321821129
401063.515106,394.7790211173575,522.0681313740929
401073.453085,513.7556281121645,561.8829119507209
401086.042322,575.8859104754982,578.699385557171
401093.432356,599.3602806858534,626.0721221155562
401106.298727,598.0620248459344,628.9054971029841
401115.237009,598.0620248459344,628.9054971029841
401123.787393,579.0704672268943,650.7879778851044
401134.415456,546.0700465718191,702.9422282846606
401143.4312,537.8996431892101,803.0617539480338
401153.438981,675.2067644167075,877.2757834373224
401163.438761,692.2621019413758,882.6315268208925
401174.924167,692.2621019413758,882.6315268208925
401184.079892,712.9077923766407,952.6691746649108
479484.369135,417.75005413893,-33.0574657767568
479495.151094,428.0733664850613,45.9156495390806
479504.340608,459.8834451006175,123.88593128528277
479514.105778,532.377966041021,191.10755628201463
479524.875087,579.935091979484,233.45067041553384
479534.634394,627.5098456270445,278.63168155627227
479551.017262,689.9301955805093,340.2686304663973
479554.001059,733.6306599121823,380.7348103161661
479566.88886,780.1914589492417,423.5797968864384
479574.552115,859.2037306230351,501.1338654459002
481532.500039,691.5799138301735,884.8806716073409
481532.516029,691.5799138301735,884.8806716073409
481540.574426,629.2704713323507,838.9847196714417
481551.457553,548.4194893180226,790.2996921124259
481568.550624,543.2317587758207,689.7070694040169
481570.962992,560.5472618576325,658.7047937504494
481581.798933,560.5472618576325,658.7047937504494
481592.525222,559.4269786277059,592.9009115829067
481600.677759,537.484289709938,576.4717492451974
481611.195243,537.484289709938,576.4717492451974
481620.66644,533.3416665908828,572.728421497939
481631.766234,455.3833524482034,542.5199611381943
481640.609391,356.83671692060904,505.3492654338707
481651.784909,348.55747352796664,502.6615632037693
481660.918724,348.55747352796664,502.6615632037693
481670.903978,348.55747352796664,502.6615632037693
481684.611462,348.55747352796664,502.6615632037693
481690.978231,323.3135081690185,496.5351978434349
481700.96969,292.69243897327186,485.123666463175
481711.018199,168.8799880053604,442.4976069921064
481720.640678,95.23766167843334,420.24700479405055
481730.620598,45.50051323990351,407.1205588948717
481740.671219,12.917141459842505,393.190252459684
481753.091177,-12.812256453520536,382.84677268711806
481760.589864,-29.996410495059138,390.9002404987009
481771.029885,-37.37331114619441,404.8056808893739
481780.624779,-93.69110772657774,396.8742265683609
481790.625884,-113.45146722821072,385.8822392094583
481800.62641,-113.45146722821072,385.8822392094583
481813.136459,-124.01821146777792,349.4247807002012
481820.969712,-113.30614555282632,318.78031694817264
481830.987327,-110.07967378985184,305.98230619490727
481840.698565,-97.87233882540944,259.6901544845797
481850.677378,-79.27279852835703,212.26928125505057
481860.677284,-66.5021834329445,177.34864399290288
481870.908065,-55.30774483090432,140.87732290358215
481880.681324,-55.30774483090432,140.87732290358215
481891.062182,-65.92964692876876,128.33442414892892
481900.971366,-61.112434104401295,114.26602054030096
481911.765491,-61.112434104401295,114.26602054030096
481921.045517,-50.01055146211225,87.09881983155233
481930.98445,-28.262996648469308,37.10140539645396
481940.989553,-17.64262479613587,-0.7352140977923479
484333.221527,-163.17827185673897,488.9495802871001
484345.159643,-163.17827185673897,488.9495802871001
484354.789991,-163.17827185673897,488.9495802871001
484363.211763,-163.17827185673897,488.9495802871001
484373.976272,-156.55356304632932,487.23627892717263
484383.191927,-160.0244372856611,451.03570853415954
484393.792517,-139.23961646105317,374.21890470820665
484403.740271,-84.15816804978927,366.7322471860139
484418.056107,-15.512605331083368,387.8588302910874
484424.299057,28.76270201443948,402.6698939231836
484434.246772,77.4358843615487,418.6215272634216
484443.189014,122.64012594207004,434.97687025469577
484453.835454,226.04784533040305,465.0750528690617
484463.210334,307.2047491095181,489.59175701545263
484474.18638,393.237949440901,425.21411122425394
484483.388761,393.237949440901,425.21411122425394
484493.227897,393.237949440901,425.21411122425394
484503.795372,699.2306958223575,69.69879895108333
484513.966032,699.2306958223575,69.69879895108333
484523.157306,699.2306958223575,69.69879895108333
484534.452772,699.2306958223575,69.69879895108333
484543.199317,735.7645635905009,63.672396334330735
484553.60903,795.9570692463675,107.86810607217886
484566.009825,826.9995735021472,134.665854253544
484574.993284,834.4110325923606,136.68451449850738
484583.933982,849.0560427638833,147.58958641487996
484593.289266,849.0560427638833,147.58958641487996
484603.260326,849.0560427638833,147.58958641487996
484614.4346,850.184197763094,147.70823858103645
484623.607385,869.685430236551,169.5563154401943
484633.206511,887.8322448999468,193.89116308216327
484643.20661,887.8322448999468,193.89116308216327
484653.623484,887.8322448999468,193.89116308216327
484663.216933,887.8322448999468,193.89116308216327
484674.92773,887.8322448999468,193.89116308216327
484683.191533,887.8322448999468,193.89116308216327
484693.158339,886.3312458842433,199.7494228974435
487463.252213,709.3083448576742,937.064626968547
487473.619385,713.5240264844332,900.5200167250051
487483.550471,713.5240264844332,900.5200167250051
487491.243013,713.023757768137,882.4933626482851
487493.256238,713.023757768137,882.4933626482851
487503.287804,790.063536489514,806.4298933606361
487513.297702,884.7817424577921,770.2505141680992
488123.272302,780.3376514835152,-17.900329462691975
488133.315044,741.8353264152793,19.614131746348505
488143.336813,696.1661347289848,71.66935148868166
488157.592845,643.0574256757143,130.86638682473424
488163.256416,643.0574256757143,130.86638682473424
488173.642301,372.67237762580334,443.3188851778466
488183.320597,348.3941003633245,473.3812407547394
488195.304282,312.77777582267083,513.1496638209339
488204.732274,294.0584422667929,536.858301524754
488213.964907,279.9398771786724,551.723385253949
488223.22834,241.28288453300664,587.2726732762408
488233.230406,205.6754540346137,628.2366344927959
488243.288914,160.48893376718283,683.0863130748348
488253.960949,131.25339791300715,715.9475451959294
488263.275476,102.060764666111,727.5421171104315
488275.114841,79.35953196867344,771.0607311386556
488283.237708,68.12047800157707,796.4242465400615
488293.260547,68.12047800157707,796.4242465400615
488303.412431,68.12047800157707,796.4242465400615
488313.359716,68.97007129462821,800.8647743246689
488326.949163,62.13745672099923,824.4138561761799
488333.41074,14.681581030615744,822.9631477577983
488343.310044,-23.20108663549354,798.0539984439354
488353.520574,-28.78393595414769,793.805264917101
488363.280689,-32.260060068062785,791.3631463710324
488373.678321,-63.17985622126923,771.1511638558114
488384.485444,-110.56483341641612,746.1521651621897
488407.015235,-152.3280548106307,722.9155986047958
857244.836314,707.503479067642,903.4026496004308
857255.797144,618.56496849036,844.7217814572435
857266.463419,548.5918136716654,808.3039727960189
857275.902651,523.8075646605656,780.5151345078526
857285.20352,523.8075646605656,780.5151345078526
857295.884061,523.8075646605656,780.5151345078526
857304.829928,516.7584891065982,746.1666931952157
857314.831019,575.1521013825984,647.5871680422067
857325.03689,582.1034963796805,616.2281038551416
857335.855434,575.927226525788,610.6260674333738
857344.793896,537.861473450433,582.2296342294861
857357.183257,511.02409547218497,562.0462227426194
857365.655173,466.5134651644216,541.2456481177791
857374.837728,401.8372293946272,523.2159014950303
857384.826328,388.4921289578016,518.7262231796699
857395.145525,388.4921289578016,518.7262231796699
857405.14569,388.4921289578016,518.7262231796699
857415.202911,388.4921289578016,518.7262231796699
857425.244672,344.5006821772328,495.8803868132477
857435.272774,256.5263488240877,472.687405735539
857445.20316,207.8207166063696,453.28638277879327
857454.826438,166.0944783953141,444.8863533180136
857464.826172,73.49641145442996,410.8588935082288
857474.951951,38.62734572226971,401.571785798574
857485.136047,38.62734572226971,401.571785798574
857496.447422,24.01506728477001,399.2518836222199
857504.916369,12.886394565015689,391.5505412570854
857514.897285,-19.13436174029253,382.3132703799058
857524.897323,-32.87220823031004,408.2809578143346
857535.301193,-32.74384926496951,415.1665143680983
857546.304251,-32.74384926496951,415.1665143680983
857555.896536,-74.2166896919262,414.1678017942617
857566.187721,-95.23805529726876,402.5580384093848
857577.341825,-110.72154999709788,395.2983121917083
857585.560165,-129.55328285332862,381.2521559590009
857595.932643,-106.43961691925294,315.9527790339034
857604.82963,-100.70988598870127,285.1907752164737
857615.273304,-98.73522279843446,268.9372017806048
857625.496175,-98.73522279843446,268.9372017806048
857638.048765,-91.03903470953942,241.9922103517344
857644.898892,-73.9864122422783,218.03743845054487
857654.900202,-68.73961716707367,194.93529326034985
857665.39662,-58.45393282108099,162.6562659835909
857675.867657,-48.61453622375151,132.6664048467328
857685.955686,-48.61453622375151,132.6664048467328
857695.423633,-43.03421415977787,110.34090530193026
857706.832993,-21.263310192687943,36.76455744524041
857714.885976,-14.160855072835105,2.151260834882432
857725.003199,-11.030874976309946,-4.873034427523384
857734.914634,-9.564864556976584,-13.60763015110768
857744.891835,-9.639053055365482,-30.676509980563683
857754.893035,-2.401882707662819,-42.45595755495891
859996.03038,697.952113421764,22.18033580062974
860005.917045,802.639259586562,105.40485195675252
860736.346058,824.0153657803188,140.60430475168292
860744.882995,765.035739068337,91.96214402024611
860756.195562,748.7584349839236,71.89888009024509
860765.841164,748.7584349839236,71.89888009024509
860776.220964,748.7584349839236,71.89888009024509
860785.932092,732.7649307387419,55.24912716021182
860795.288884,645.4552835677205,-25.051751623745705
933306.47385,-186.64999218280093,556.6235515511005
933316.486085,-173.54857041248496,498.49231787411367
933326.485905,-166.6910125106757,470.5487535089365
933336.476105,-166.6910125106757,470.5487535089365
933346.416202,-166.6910125106757,470.5487535089365
933356.475542,-166.6910125106757,470.5487535089365
933366.726101,-163.873951482961,461.19931229679287
933376.425115,-163.873951482961,461.19931229679287
933386.495588,-147.11820919307388,425.4096670374423
933396.475177,-117.86777845084806,347.023338776644
933406.476131,-98.69234522654877,265.9427027208328
933416.415151,-98.21417286899032,264.71189648333456
933426.476215,-80.32586920260431,247.9644728489838
933441.154822,-53.29447845980218,161.12729263449032
933446.424834,-45.87889666597737,132.71178148579787
933458.724344,-34.79416187582509,90.2120272843964
933466.415587,-10.153326184127744,-5.188139625020167
933477.007063,0.9544014660143294,-40.66804208765052
942603.10156,-10.193265912947163,-1.945089307262672
942609.294799,-34.369383302866794,58.97379199959409
942620.156126,-45.39379742560718,90.6720037711676
942629.296832,-57.54659898316611,122.47562314101238
942639.467302,-62.70585413694015,133.96976293582733
942649.858209,-64.27891170267407,137.63559434973888
942659.748234,-72.2720987578155,145.10792915614596
942670.516777,-83.14511864294286,217.82513600804128
942680.432758,-94.7557341341501,251.10824865961635
942689.292131,-107.3035831241782,293.67706210979406
942701.804123,-108.41328727471804,339.5603964236416
942709.905986,-44.81025666428523,362.65926784349335
942719.297292,-22.440719201302933,375.1285834040912
942729.310345,77.77968668990624,412.5618635451731
942739.293968,184.9583177546245,437.9917999039565
942749.293895,253.89432967909232,465.3495557082108
942759.29779,382.0535351355683,516.6973001684446
942769.651034,456.4363855474535,541.8266706607983
942779.873702,456.4363855474535,541.8266706607983
942789.872113,479.9724541231971,548.9921991371756
942802.937706,479.9724541231971,548.9921991371756
942809.443161,486.30974762046645,545.5549096858656
942822.853175,530.2306810395518,562.3868457996691
942829.296492,555.4580391655696,566.6118904474192
942839.296405,585.5065316754057,576.0692721099638
942849.294951,612.2717060145546,608.2859671337101
942859.30043,574.7935940802698,685.6023129435432
942869.326779,573.2155738101472,802.0312661764285
942879.266464,719.1673076928383,891.5205824465445
942889.588862,715.8580021529316,947.3527110860892
942900.695366,712.7651797372071,952.9786900889434
942910.395286,712.7651797372071,952.9786900889434
943649.487995,683.6392782723472,937.7045553091774
943659.752444,593.2198984381695,882.1611419641756
943669.279706,543.7710258521407,859.9280622581553
943679.309971,514.6685345756144,925.7514582285636
943719.316365,351.1766072621539,946.281271404498
943729.281762,367.30837237462185,875.6880466444627
943739.305559,390.3358641792879,880.6499665198692
943749.305547,390.3358641792879,880.6499665198692
943759.278569,395.2369184964401,887.8778509495901
943771.320809,395.2369184964401,887.8778509495901
943779.314207,395.2369184964401,887.8778509495901
943789.313419,395.2369184964401,887.8778509495901
943800.33019,395.2369184964401,887.8778509495901
943811.231721,401.12320282048194,896.8467063005829
943819.733805,436.7627970695541,910.2828405026104
943829.676618,477.3277508425161,922.8926004888636
943919.348659,719.627113551005,921.1818648321176
943929.377529,718.9651887008206,914.8965242730208
943939.396484,718.9651887008206,914.8965242730208
943952.815017,718.8099743843796,893.0136703628465
943959.380819,676.3000428601242,851.1751730972583
943969.380237,541.6368602135328,801.3049386783939
943979.861325,536.132835243312,691.5695107310175
943992.012878,562.5642254175983,657.3432668674401
943999.384474,585.6128722016458,625.7752308071589
944009.314956,552.4326230271143,581.2762984199242
944019.323341,476.8975046661592,548.0047560237284
944029.315064,389.07062475297465,519.409487127105
944039.816381,372.4411223279494,514.9900488706479
944050.571125,351.56387096027345,510.2947708748946
944059.822914,292.1452485030587,489.80953798116144
944070.039728,256.8660354817283,476.5837845550943
944080.631115,241.5898204610592,471.54810107772136
944089.333656,202.2077333182095,455.08443240708135
944099.414552,134.24810575375105,438.29720015965313
944111.65409,34.7054432303969,402.44302059580417
944120.615977,-14.816837187575082,389.900252353538
944131.302284,-35.05210703337686,409.50327403325593
944140.213736,-34.07747526674985,417.5044021251033
944149.702599,-34.07747526674985,417.5044021251033
944159.328401,-44.28988604537742,419.4599022253228
944169.5288,-71.71459223672623,415.7298092923047
944179.540822,-81.03494078057129,414.730406186748
944189.32094,-88.12043558841196,411.7922549517108
944199.709334,-88.12043558841196,411.7922549517108
944209.495062,-113.38533189973046,400.9010751654854
944220.013397,-120.79579495611776,395.4249550914412
944229.311472,-133.30352356427886,375.82137674352896
944239.312056,-117.6993719791863,314.1763986900022
944250.745473,-88.945348076122,243.02118828835407
944259.311475,-74.90708304769475,201.9784989736515
944269.313536,-74.90708304769475,201.9784989736515
944279.287373,-67.36872384383852,187.1285442329658
944289.317864,-63.17527238865112,172.75372023859765
944300.417105,-63.17527238865112,172.75372023859765
944309.878029,-63.17527238865112,172.75372023859765
944320.234768,-64.65304501814649,162.1720352509711
944330.401174,-42.93357055897162,136.32180504441288
944339.685088,-26.79545014991765,70.11285423990623
944349.380872,-14.309766658925913,16.385105761283857
1028475.455502,710.1417830077593,928.642300790328
1028485.818947,711.9630892413683,915.6394170560244
1028495.463372,711.9630892413683,915.6394170560244
1028505.456682,711.9630892413683,915.6394170560244
1028515.456685,711.9630892413683,915.6394170560244
1028525.73373,711.1694770843852,900.5186582881619
1028526.897763,705.474048171865,885.417619396321
1028535.430803,645.9857649464835,849.6723042050833
1028545.476105,537.9839352368168,807.6850966806022
1028555.46477,528.8027550955776,714.3341832478419
1028567.527594,556.5822941320693,668.6627912022365
1028575.933914,569.0821499898623,651.8050027991145
1028585.4568,579.7121173894701,616.9924350711418
1028597.112239,504.91340744456494,549.5773189225242
1028605.458259,356.0660549034177,509.335525886014
1028616.398816,290.2218133727363,489.1268508693041
1028625.958374,262.9845370456013,478.31399144154847
1028635.459351,250.34980536476863,469.3888197757484
1028645.45802,209.00140087277123,450.8763716721651
1028656.657247,192.27415731043172,449.0438849718054
1028665.909664,192.27415731043172,449.0438849718054
1028675.461095,192.27415731043172,449.0438849718054
1028690.976792,192.27415731043172,449.0438849718054
1028695.467313,192.27415731043172,449.0438849718054
1028706.843804,180.8250935538005,450.0693712033094
1028715.858509,158.35130609239346,446.8519029631469
1028726.753304,143.6934589472766,447.4991054405588
1028735.628841,143.6934589472766,447.4991054405588
1028745.529479,143.6934589472766,447.4991054405588
1028756.55297,131.980908391956,432.0341733955584
1028765.538256,131.980908391956,432.0341733955584
1028775.518077,127.0032519646837,425.70782562086646
1028785.761536,116.4079374424672,424.634887388424
1028795.467819,93.7693669689658,416.2262852162561
1028805.468322,92.41827047930242,415.23141714241353
1028815.957949,83.08826032575635,410.9940337596973
1028829.071354,70.92591514277164,412.41324305942055
1028835.858701,70.92591514277164,412.41324305942055
1028845.813085,70.92591514277164,412.41324305942055
1028855.754782,70.92591514277164,412.41324305942055
1028865.458219,70.92591514277164,412.41324305942055
1028875.798295,70.92591514277164,412.41324305942055
1028885.847012,68.9347252069958,407.47594984417134
1028895.786529,69.15844337780779,397.1786549512775
1028905.621928,69.15844337780779,397.1786549512775
1028915.439368,80.62462030919615,413.9268710139871
1028925.624167,141.97966050153337,431.9770878681054
1028936.454591,258.38059148726387,470.2525534706844
1028947.784533,317.6351647417516,484.2139350849185
1028955.531636,339.3647868083677,477.17498230038353
1028965.572377,339.3647868083677,477.17498230038353
1028975.539093,339.3647868083677,477.17498230038353
1028985.535956,367.8662428398418,446.63427709109743
1028995.805844,411.45548106881614,398.9176622736112
1029005.85749,443.8266452711604,361.10254953927614
1029015.821763,443.8266452711604,361.10254953927614
1029027.223148,443.8266452711604,361.10254953927614
1029036.023819,711.9604617525779,63.80241696894826
1029046.457667,710.0232038112064,36.16811087834532
1029055.452429,647.7789654418531,-12.5786566381233
1104572.08355,796.8672796433492,-36.27104014456572
1104578.596158,785.5043073666711,-1.42375252919705
1104584.903332,808.1552015492207,21.545855308976584
1104592.260447,823.1317243789125,33.21682544525882
1104600.566385,845.94899477322,53.25069126260649
1104606.695632,857.627274730877,67.5313607147046
1104613.975659,861.7606012417862,68.75349197716419
1104619.905459,861.7606012417862,68.75349197716419
1104626.906653,861.7606012417862,68.75349197716419
1104633.906351,861.7606012417862,68.75349197716419
1104640.906652,861.7606012417862,68.75349197716419
1104648.268791,861.7606012417862,68.75349197716419
1104655.249873,861.7606012417862,68.75349197716419
1104663.435094,861.7606012417862,68.75349197716419
1104668.916795,861.7606012417862,68.75349197716419
1104675.916957,879.941665770683,78.31953972635559
1107958.201278,856.8107596090433,160.2015464205028
1107958.401077,811.0853911270615,131.0293035930446
1107965.286242,741.578622625346,75.82804901645027
1107972.347053,733.0602542229301,68.40292320300787
1107984.653152,733.0602542229301,68.40292320300787
1107986.284946,733.0602542229301,68.40292320300787
1107993.335148,733.0602542229301,68.40292320300787
1108000.324936,733.0602542229301,68.40292320300787
1108007.432566,731.514749087665,66.83869402104408
1108016.091442,696.712343325741,34.01947720894882
1108023.483387,641.7551212814981,-16.908592334581634
1111934.342175,775.4032866097662,-14.825101014631644
1111943.973543,737.4270362294837,32.463087213523735
1111948.631233,693.8930020604342,81.7882618454043
1111956.44631,645.6542315607975,135.98963787640676
1111962.386248,645.6542315607975,135.98963787640676
1111969.346224,645.6542315607975,135.98963787640676
1111976.38615,645.6542315607975,135.98963787640676
1111983.406845,645.6542315607975,135.98963787640676
1111990.346164,368.884791508032,434.1215440226064
1112001.037121,368.884791508032,434.1215440226064
1112004.399394,368.884791508032,434.1215440226064
1112011.377702,368.2386755300557,450.0379279922913
1112018.348794,368.2386755300557,450.0379279922913
1112025.349085,371.0787609835908,468.19418837557936
1112036.1477,398.83087527103686,524.6829419792482
1112039.768097,457.5803623991736,545.2468106557047
1112046.753229,510.24569516204576,557.5887673346514
1112053.345682,512.3933166739821,558.2009235300457
1112060.325004,522.5630807891506,554.898072962586
1112071.384316,541.0393304838287,557.9959414449173
1112075.584777,569.5727220945612,571.1512174784626
1112081.301918,591.201008715425,583.2716489800449
1112088.300666,607.2984315943986,597.2071748636209
1112095.332507,586.260848636879,653.9266351500678
1112102.333784,543.5641318441127,712.2010286779747
1112110.859526,530.6000321194957,775.375883628426
1112117.12339,637.4406124552669,843.9003021035005
1112124.033147,684.4034476116562,863.2769833883144
1112130.329669,685.753295156269,863.816073915484
1112137.331328,685.753295156269,863.816073915484
1112149.389977,687.4283200396754,865.5002747117302
1112153.194479,717.7043816738446,890.2448160125857
1151487.257701,704.7473623813669,941.013483008956
1151494.859384,709.4467258335405,888.4699610405302
1151501.271799,698.390290833471,876.9520564235091
1151508.234716,615.9798805772399,840.0536017849483
1151515.903312,541.5374466199006,807.8558349515376
1151537.345004,552.4706588735721,582.6804677521126
1151537.345684,552.4706588735721,582.6804677521126
1151538.532974,553.7207733344384,553.793935697674
1151538.533602,553.7207733344384,553.793935697674
1151540.463862,553.7207733344384,553.793935697674
1151547.453984,619.8963135946038,495.627676658318
1151554.452417,669.6257985646245,461.0880853375243
1151566.543654,722.6037413197564,420.7498857417728
1151568.445243,749.9039828080505,402.6525719521263
1151575.460012,747.6915958100988,391.0832549664885
1151582.459431,707.3981139166864,353.8928027788218
1151589.44335,621.0982070046172,274.71844916061826
1151596.41378,553.7452261871265,209.53194173358835
1151607.180934,485.4419143192493,142.93295036385797
1151610.821629,418.0180899004168,44.15254268427047
1151617.441988,416.2888294574298,-25.10915535194161
1169947.787869,-25.91725971276555,49.65013390585539
1169954.68759,-41.96262814929351,104.84361532509736
1169964.147685,-53.73411252883911,170.976660217593
1169969.156904,-58.042024705074255,181.6448943521305
1169975.678505,-58.042024705074255,181.6448943521305
1169982.672783,-67.50793119202558,214.2406793888392
1169989.672341,-83.21021151300656,263.99388481201095
1169996.644794,-98.9949931377486,326.40989474369445
1170003.676366,-98.16474542824994,344.1481568923176
1170010.68434,-81.9210394588357,351.7784449387932
1170017.682063,-32.834162060659686,371.3231354443745
1170024.678444,-3.0129991078911877,384.3146657645997
1170032.444451,30.688176670406072,396.829459982289
1170038.668409,79.34511784770797,416.9738099585959
1170045.646489,123.81751788113029,433.1390583152015
1170052.668883,166.97956984111462,450.1758736166478
1170062.49885,239.2709337986796,477.7953247694232
1170067.256955,277.9767871233872,495.5693401605537
1170073.680932,277.9767871233872,495.5693401605537
1170080.741665,292.1241546458563,503.924612828875
1170087.740247,307.32347722644244,512.7260782171699
1170097.014676,291.7062033603662,539.1597570655035
1170102.075025,245.6249017112901,592.9394277295834
1170109.058392,234.9233032745577,609.601780880346
1170115.641792,232.5865271874873,611.0876172239185
1170122.711176,232.5865271874873,611.0876172239185
1170129.638115,227.7191491927584,614.5657974952226
1170136.678423,207.7110883912122,635.9268592547751
1170143.663131,181.05879758829911,671.067982835715
1170150.645544,149.7082459309633,710.3208926764469
1170159.80561,145.13628855135858,714.2001537350602
1170165.056128,114.36320474379416,733.2906779492015
1170172.066211,78.43887475574896,767.3911124887649
1170178.642417,67.58614325891627,788.2455695881794
1170186.35095,46.98515762708405,819.8620244567204
1170192.667385,42.76137037179405,828.9198835713128
1170199.668326,24.85964879646021,851.5220394033903
1170206.667111,-17.375439255712394,895.1769754243848
1170214.825799,-28.47592122134654,905.316157150934
1170221.13995,-39.65303156753004,916.0225004378505
1170227.675937,-45.19957529763298,922.688743762526
1170236.730879,-45.19957529763298,922.688743762526
1170241.64304,-50.09117993553473,939.5865232499774
1172789.696638,709.8185145964469,940.7797209030912
1172796.710536,711.1998375217833,892.8015064783714
1172803.710033,709.9035662733465,891.266284701062
1172810.703765,709.9035662733465,891.266284701062
1172816.664585,709.9035662733465,891.266284701062
1172817.674559,709.9035662733465,891.266284701062
1172824.712118,709.9035662733465,891.266284701062
1172831.71225,615.2229851032563,823.3919330902448
1172839.556802,555.7573336574345,783.5076330397438
1172846.203859,525.8874921020705,735.381360405551
1172854.405703,581.9686803781605,638.4792465668248
1172860.406361,563.4294924956268,598.8417455000292
1172867.04566,541.2519231185946,577.2586252891538
1172873.678553,541.2519231185946,577.2586252891538
1172880.725385,541.2519231185946,577.2586252891538
1172887.709334,541.2519231185946,577.2586252891538
1172894.708587,541.2519231185946,577.2586252891538
1172901.677386,541.2519231185946,577.2586252891538
1172908.865993,540.754303059705,562.1157636086208
1172915.713037,588.1619829377553,528.2085699260118
1172922.74749,633.9609878890028,501.4381110439942
1172929.673961,670.4623242002813,468.7423810237655
1172936.71313,709.6633283363011,434.08002883682775
1172944.902749,716.6038538118522,425.6643758165615
1172950.7106,721.6461064034307,421.7855181538443
1172958.676471,740.0426252423788,410.3856182122233
1172964.708638,736.821324723931,397.111929085508
1172971.710512,700.4352863265892,353.21387584663773
1172978.732766,611.90083856386,263.0348662908614
1172985.708994,557.7224610697973,206.39555535042663
1172992.676787,500.84177459811576,151.7009796455904
1172999.678636,428.2319277232186,79.82275480249393
1173006.677364,415.943490493976,18.028069918345192
1342479.560505,-16.728873612419168,15.61339099149625
1342486.550391,-16.728873612419168,15.61339099149625
1342493.570395,-16.728873612419168,15.61339099149625
1342500.560805,-62.565799604589245,166.10199722919958
1342508.654029,-71.07972595277602,197.9206223913602
1342514.508845,-78.52601995487836,229.8039549168927
1342521.553131,-94.5638307590741,281.76520553182985
1342528.511692,-103.03109716326522,304.45009795853395
1342535.523547,-105.18333479762175,311.7990031056156
1342542.491026,-105.11164387081884,319.6677985633148
1342549.462303,-97.03875899008932,330.98858770673814
1342558.077333,-88.40259754694034,340.7973424208901
1342563.816669,-68.87199512851696,351.2345424111661
1342572.147873,-53.47749957096503,357.34512661518454
1342577.87266,-48.194677097539504,359.01461715308216
1342584.875538,-48.194677097539504,359.01461715308216
1342592.310399,-23.29555373853933,371.6349311564017
1342598.819602,4.168417692375685,386.9587845751797
1342606.098233,16.787490169416692,392.20177971340905
1342614.407576,16.787490169416692,392.20177971340905
1342619.561353,16.787490169416692,392.20177971340905
1342626.561315,16.787490169416692,392.20177971340905
1342637.659103,16.787490169416692,392.20177971340905
1342640.957872,288.7308486714928,480.1867428054065
1342647.473022,311.59141896121207,485.5011124016926
1342654.495289,316.6333138706537,488.38175576158665
1342661.578983,319.6922340711812,497.1294655102298
1342670.251742,299.5144559189104,530.7225516798773
1342675.511575,284.6061132573088,546.4187009310552
1342682.466962,275.96939506996625,551.2874550146997
1342691.153543,275.96939506996625,551.2874550146997
1342696.889454,275.96939506996625,551.2874550146997
1342705.553121,275.96939506996625,551.2874550146997
1342710.477459,259.23239528254584,568.0921092548753
1342717.495681,253.04482150126665,577.403517646499
1342724.511227,253.04482150126665,577.403517646499
1342737.284825,253.04482150126665,577.403517646499
1342738.511497,252.88869333241212,582.3232871234932
1342745.512077,236.52972165642532,603.3805793148263
1342752.509881,198.8159105545145,644.8878409629646
1342759.570289,169.61099751261415,672.594026115141
1342773.25831,144.26005823374155,702.3119533552823
1342774.060887,139.8878497687969,713.3042174890734
1342780.569644,139.8878497687969,713.3042174890734
1342787.518811,112.67333958138586,706.5778426097438
1342794.559843,109.10368964231289,684.5024153479096
1342801.559732,111.83000003428192,667.775455227179
1342811.33345,113.94376577429544,656.7068681825867
1342815.497397,121.64511161880284,635.8649910843453
1342822.667131,125.71159111008,625.9402911140779
1342833.873045,126.76985253368376,622.5581454744249
1342836.813806,129.6220308583236,612.3585925335711
1342843.921978,129.6220308583236,612.3585925335711
1342856.554338,129.6220308583236,612.3585925335711
1342857.514514,129.6220308583236,612.3585925335711
1342864.514802,135.2900531159925,600.6652547625357
1342871.564605,138.68797765187406,591.3406646098662
1342878.563092,136.64307093910395,576.1320407643824
1342885.571232,136.64307093910395,576.1320407643824
1342900.793427,136.64307093910395,576.1320407643824
1342900.797098,21.18862301981544,538.2751801061704
1342906.570861,-5.359725409773477,535.1800341573729
1342913.562594,-47.158440701534246,514.6035217943283
1342920.543698,-77.68675690252714,491.6748125742038
1342927.469388,-98.51007752919008,484.47818027734354
1342937.689977,-125.32382009877055,476.9126996077344
1342943.833173,-129.0667050240154,475.3186760966946
1342948.490908,-129.0667050240154,475.3186760966946
1342955.652963,-129.0667050240154,475.3186760966946
1342962.492865,-142.6255715214285,473.1351923368715
1342969.813067,-142.6255715214285,473.1351923368715
1342976.468812,-142.6255715214285,473.1351923368715
1342983.500419,-142.6255715214285,473.1351923368715
1342990.845571,-142.6255715214285,473.1351923368715
1342999.185868,-142.6255715214285,473.1351923368715
1343004.975153,-142.6255715214285,473.1351923368715
1343011.853419,-142.6255715214285,473.1351923368715
1343018.568817,-142.6255715214285,473.1351923368715
1343030.069702,-138.89401691614202,462.5910397350608
1343032.757938,-140.27932550534516,452.6869913412796
1343039.567872,-172.98135824284884,445.28183938033055
1351469.093856,698.0218674556705,951.8804706856448
1351474.168908,725.685040199149,886.2637832277608
1351477.071868,725.685040199149,886.2637832277608
1351483.188051,736.876376439115,855.2254257067013
1351491.268871,755.3892858038733,843.6441733513836
1351496.754617,792.9885734817046,813.9069255441049
1351503.750399,844.8098004320817,791.7105027369413
1351514.927753,887.767227626932,773.3428769892668
1422649.622858,-10.16720164957517,-7.912041280162273
1422654.414569,-22.848530267757408,43.98726847288098
1422661.342777,-36.94151333104489,84.81175941702067
1422669.636155,-54.13969057144555,126.44887916925312
1422675.794213,-72.150867559083,188.9830632902492
1422688.810395,-83.05530920203786,219.63054282354432
1422689.327674,-92.68489339061688,261.9236988942172
1422696.351578,-97.30956337722996,282.1605331827292
1422705.353552,-102.76361796470684,310.56607383861297
1422710.733399,-81.44993119539633,347.8296798277742
1422717.724242,-38.0445059299137,367.6867528905653
1422724.722232,4.295367508367652,384.1236236158275
1422731.919553,80.91920290184706,410.5883150227599
1422738.346864,138.1902884516851,430.232938750541
1422748.429805,218.71663372138116,454.2178203627412
1422756.053453,304.9154435054823,484.21373297975856
1422759.36043,342.48484833898493,495.5643826558248
1422769.140836,402.2326121091951,516.7509775326947
1422773.340092,467.5014914795353,538.7086628554804
1422780.631957,492.98561748693015,548.6427699788647
1422793.319539,492.98561748693015,548.6427699788647
1422793.320124,492.98561748693015,548.6427699788647
1422794.780682,492.98561748693015,548.6427699788647
1422801.615637,492.98561748693015,548.6427699788647
1422809.165768,492.98561748693015,548.6427699788647
1422815.616683,524.0629467482504,557.4198623873565
1422829.68894,568.7434142778739,568.8742741728469
1422829.692574,604.5974038400449,591.9827000582852
1422836.604088,607.0182201961595,628.7288877785882
1422844.52459,607.0182201961595,628.7288877785882
1422850.787815,607.0182201961595,628.7288877785882
1422858.50963,607.0182201961595,628.7288877785882
1422865.259685,598.8999371512098,636.5641448363251
1422872.892287,572.1694918579863,668.9573738564194
1422879.000718,528.9045879088469,759.246534666151
1422890.867562,558.5971745097547,819.7915042467054
1422897.005605,638.0216414710059,851.5018196557181
1422899.625935,726.4851226946216,906.27143219987
1422906.622755,726.9260366505956,925.4410436065348
1422915.952816,721.9559243107128,935.1826852366293
1425294.002387,701.5756923777537,951.3182110287288
1425301.026042,714.7081118502789,905.467577542151
1425305.089461,709.7140511739979,888.2127111939506
1425310.794666,709.7140511739979,888.2127111939506
1425314.622844,709.7140511739979,888.2127111939506
1425321.619232,709.7140511739979,888.2127111939506
1425328.653771,709.7140511739979,888.2127111939506
1425335.646107,706.5129611893326,884.3749160736363
1425343.054002,678.6587092754622,861.426984715501
1425349.984841,622.0644128101067,838.3193113939833
1425358.140039,523.9691542590039,785.0645772863088
1425364.025282,526.4953736480674,714.4449242033006
1425371.089753,567.138589873092,650.2297175750118
1425382.800215,574.0629619857997,640.4606458153536
1425390.008985,574.0629619857997,640.4606458153536
1425391.622174,574.0629619857997,640.4606458153536
1425398.656093,574.0629619857997,640.4606458153536
1425406.049983,574.0629619857997,640.4606458153536
1425415.560833,568.5237317745587,610.5841689393152
1425419.719554,549.360126688581,586.5183234514099
1425426.71898,543.5719342080884,580.6780214959622
1425433.718782,543.5719342080884,580.6780214959622
1425440.983753,543.5719342080884,580.6780214959622
1425447.983146,543.5719342080884,580.6780214959622
1425461.862182,545.8667198453999,559.0692677862397
1425462.254398,592.5933946916066,518.5843380820547
1425469.000261,635.6487137713922,486.73809158205313
1425476.088964,672.7450243684631,452.1114268619094
1425483.64937,706.4505142054876,427.5810544272494
1425489.991149,710.8530467728533,423.9102761764217
1425501.125013,710.8530467728533,423.9102761764217
1425505.055164,710.8530467728533,423.9102761764217
1425510.8338,738.5921568762088,408.7393505654452
1425517.723797,736.9667911371625,402.5382766790352
1425531.936674,736.9667911371625,402.5382766790352
1425531.940218,736.9667911371625,402.5382766790352
1425535.924055,736.9667911371625,402.5382766790352
1425535.924711,736.9667911371625,402.5382766790352
1425537.378901,736.9667911371625,402.5382766790352
1425544.479499,736.9667911371625,402.5382766790352
1425551.297471,736.9667911371625,402.5382766790352
1425560.016718,736.9667911371625,402.5382766790352
1425570.879383,736.9667911371625,402.5382766790352
1425577.286851,739.2520869200708,396.88059655702864
1425580.745802,737.0829737350568,376.0721558749695
1425586.316588,695.1987405573094,340.6718401680648
1425593.235869,631.2043015941478,280.3896082488968
1425609.412745,584.5462158707221,237.53352956056943
1425609.416432,522.9938173416998,179.01181351098785
1425614.306656,440.7075467438378,99.16280614926774
1425625.972277,418.2245297622496,36.04250161333438
1425630.147473,417.6543730115072,-42.9651296477923
1515026.092206,430.1541750924942,-42.91860955440564
1515032.793846,428.8982952783639,-12.72723727194871
1515039.79652,428.97818052815313,16.766891944363092
1515047.242724,441.9035785170007,86.65971027198887
1515054.426053,463.5986782406296,127.07626713951898
1515060.745244,474.4676186213041,142.88784895879604
1515067.759347,537.1588270690214,194.76399024676695
1515083.073298,585.6383443273451,240.29830326034872
1515083.076841,638.4266317405552,289.1260502656389
1515088.792786,697.8861862214517,352.3613571874404
1515096.380492,735.5487902314452,384.2374175204336
1515103.077152,771.8912338683609,416.5041730782477
1515110.394931,806.3633021445863,444.6172876869696
1515117.038022,865.5207278573895,492.1765235523437
1515144.711719,883.2094722738118,638.6402309210341
1515151.905764,833.7744953339713,681.4701587636291
1515160.475416,838.4069297535881,697.3673411000326
1515165.728687,861.1208098528803,712.7355110226698
1515175.044953,878.066601411018,717.8729106128889
1515180.13338,889.6790456550242,721.7493840221938
1515186.702497,891.3441778379411,722.6215415617954
1515293.992049,856.5820349683253,801.188544083118
1515298.880963,808.8361287424982,818.0097732825968
1515306.598143,808.8361287424982,818.0097732825968
1515318.058104,808.8361287424982,818.0097732825968
1515320.759854,778.8187583207788,839.0722615185955
1515326.756241,761.8457713507207,851.7565497528741
1515334.808753,761.8457713507207,851.7565497528741
1515340.727551,761.8457713507207,851.7565497528741
1515356.392702,761.8457713507207,851.7565497528741
1515356.396281,761.8457713507207,851.7565497528741
1515362.109476,761.8457713507207,851.7565497528741
1515370.487479,761.8457713507207,851.7565497528741
1515382.470024,761.8457713507207,851.7565497528741
1515383.433453,761.8457713507207,851.7565497528741
1515390.111841,761.8457713507207,851.7565497528741
1515396.745512,756.4490154838617,857.380667084407
1515403.706126,725.302013218517,913.3941832313368
1516941.189636,711.0142548181663,925.7943105247426
1516947.79023,711.0222122014759,925.7952893424372
1516954.980218,711.0222122014759,925.7952893424372
1516960.906129,715.7298480298604,885.6251543091823
1516961.440928,715.7298480298604,885.6251543091823
1516968.808425,747.9257641890083,854.1819700343848
1516975.672568,787.4437877176426,822.1924672945675
1516984.343713,887.4797456164612,776.1987410245191
1519166.977744,713.4628911870444,909.9056144990632
1519169.167684,713.4495639200742,891.2329280955317
1519175.320539,726.3699832520771,874.4073136574758
1519186.204751,755.8752679183494,843.9227108586605
1519187.487453,827.8868182490007,790.8576931045397
1519195.225618,857.4351847866812,775.6111888990207
1519264.551172,887.4447321057146,519.6712126796597
1519272.941526,837.8149917450326,477.79629129072737
1519278.601275,803.877340533434,447.3031796202023
1519289.261925,785.9064687984973,430.1693636781819
1519292.991247,772.384050887846,419.3485097447394
1519299.925694,772.384050887846,419.3485097447394
1519306.856852,772.384050887846,419.3485097447394
1519314.092438,764.9910022255457,412.8759096405731
1519320.896041,742.700406176731,395.5908539363807
1519335.476457,701.8495046199207,358.0637329012459
1519335.480029,641.3956852482428,290.3798064816761
1519347.162867,600.6375924434928,247.0773422645826
1519348.56986,556.3203035569021,208.6704484358333
1519356.247668,495.9602773545798,144.0746327239606
1519369.380509,454.168683877618,102.2129909554722
1519369.999348,420.5212936181399,40.33509902626311
1519379.41644,419.55016007541553,-43.87795030858364
1522037.111279,9.694364231809551,-33.56565274073113
1522040.257486,3.724164597884645,-15.92639325448945
1522047.638142,-10.36197033301912,23.399970825387395
1522056.781936,-20.195395457395456,50.632169903493136
1522064.457111,-23.513528530181063,61.78064428200838
1522068.366214,-26.478086866700785,69.874378955129
1522075.643968,-27.95752955884373,72.86004848546952
1522083.03499,-27.95752955884373,72.86004848546952
1522091.305895,-34.58513379225631,83.7407575887707
1522097.901887,-39.49757108355086,98.45797102382411
1522097.902599,-39.49757108355086,98.45797102382411
1522100.570671,-39.89963326903569,103.12406105146384
1522109.270647,-39.977921240045696,104.0863873591918
1522114.512183,-44.211172615162646,115.47032687680392
1522128.376964,-46.38536348910914,134.93400841255158
1522129.019381,-46.57321506515135,140.19626276208746
1522135.864012,-52.73755388615741,148.29670104528012
1522144.631071,-55.378203103481965,158.16935635608712
1522150.718422,-55.378203103481965,158.16935635608712
1522162.87777,-55.378203103481965,158.16935635608712
1522165.76152,-56.17265606439116,166.7432041454125
1522170.517889,-56.17265606439116,166.7432041454125
1522177.871628,-56.17265606439116,166.7432041454125
1522184.907891,-56.17265606439116,166.7432041454125
1522193.94687,-56.17265606439116,166.7432041454125
1522199.76292,-60.82590253246968,182.5012962471881
1522206.471558,-63.36541877702112,203.97062171106296
1522212.958372,-65.16957036438755,212.9794049139833
1522219.508532,-65.16957036438755,212.9794049139833
1522236.734678,-65.06054836904552,222.79341201459653
1522236.78143,-65.06054836904552,222.79341201459653
1522241.693726,-65.06054836904552,222.79341201459653
1522247.528158,-74.77688030424015,240.58571189284885
1522255.650275,-87.15262269478349,254.8103495571764
1522274.176822,-92.80744303880978,275.086067636178
1522274.180522,-101.56083863337948,317.8944171372406
1522276.164469,-95.8115746453218,339.24639451641985
1522283.583909,-56.4201828870598,361.2066646135855
1522290.541098,-33.38304629347301,368.8103976750263
1522296.941978,-33.38304629347301,368.8103976750263
1522305.651323,-9.0383635621429,379.9316425109399
1522310.561796,61.665678822765685,400.81644058395136
1522320.785292,105.8282589655202,415.9443708937255
1522324.586001,146.2350949029499,433.6195606211678
1522331.936131,229.80968760566452,459.7016573404727
1522341.331811,259.11356722142926,470.6712342670693
1522346.560854,267.03035676013303,475.5864362743319
1522355.086332,268.8244907841982,481.9791180055229
1522359.605053,286.1020514185431,493.33137806540384
1522366.949779,296.04716749970333,499.3947861039682
1522381.09934,306.755734102182,504.3909591719301
1522381.103026,301.16017058361746,522.2285737696853
1522387.872074,274.07607688998024,552.5181256674448
1522394.954394,259.7998198206606,577.6879744979934
1522404.528858,259.7998198206606,577.6879744979934
1522411.771281,259.7998198206606,577.6879744979934
1522418.653026,259.7998198206606,577.6879744979934
1522422.911376,255.5623920572341,588.3085828401736
1522430.280035,235.75598720663015,603.9748934205655
1522436.971714,191.87214646633169,644.0868999492449
1522444.57735,158.9972754903696,680.0411149088314
1522453.011908,152.3618524380837,689.9331043107219
1522457.974138,152.3618524380837,689.9331043107219
1522464.933148,152.3618524380837,689.9331043107219
1522472.609279,152.3618524380837,689.9331043107219
1522483.664428,152.3618524380837,689.9331043107219
1522488.796739,152.3618524380837,689.9331043107219
1522492.967541,133.06793016947378,702.0233315802
1522499.875931,117.08610765372512,663.5061969581254
1522506.906684,127.95406835768858,642.4312653768093
1522517.203084,134.0153309730934,583.7807387706448
1522521.545978,81.06109721258764,560.2656379036575
1522527.935685,62.90265916740222,551.7947257758078
1522534.848638,62.90265916740222,551.7947257758078
1522541.825126,59.10070315700684,550.5299587674541
1522550.418227,59.10070315700684,550.5299587674541
1522555.522541,59.10070315700684,550.5299587674541
1522563.782386,43.768107853779405,549.2512909107608
1522569.943412,42.2234256449206,548.0045462992863
1522582.488101,38.45378249077604,544.3162679076655
1522584.713116,38.45378249077604,544.3162679076655
1522590.822453,32.4228354274734,535.9674438250262
1522597.822203,27.821615293241354,534.7463566250817
1522604.49054,10.970587369201525,531.7995573708323
1522611.995981,-2.329455643970036,526.0785304001727
1522620.362632,-36.8006674533958,512.8698722078416
1522625.869515,-41.49391627709826,510.769969924706
1522632.571562,-41.49391627709826,510.769969924706
1522640.801086,-41.49391627709826,510.769969924706
1522649.597981,-41.49391627709826,510.769969924706
1522653.877327,-41.49391627709826,510.769969924706
1522660.861853,-41.49391627709826,510.769969924706
1522667.852053,-41.49391627709826,510.769969924706
1522674.523001,-41.49391627709826,510.769969924706
1522684.148449,-46.31215476412952,508.9961174985221
1522688.886952,-46.31215476412952,508.9961174985221
1522695.843851,-55.60723102898053,504.7517428341065
1522703.903565,-55.60723102898053,504.7517428341065
1522710.052625,-55.60723102898053,504.7517428341065
1522716.857055,-55.60723102898053,504.7517428341065
1522726.637796,-55.60723102898053,504.7517428341065
1522730.842522,-55.60723102898053,504.7517428341065
1522738.961224,-55.60723102898053,504.7517428341065
1522744.961089,-55.60723102898053,504.7517428341065
1522751.869479,-55.60723102898053,504.7517428341065
1522764.112807,-55.60723102898053,504.7517428341065
1522765.934474,-55.60723102898053,504.7517428341065
1522772.921536,-62.80314128132125,502.9016285815381
1522779.909072,-62.80314128132125,502.9016285815381
1522786.930043,-62.80314128132125,502.9016285815381
1522795.117892,-62.80314128132125,502.9016285815381
1522801.395906,-62.80314128132125,502.9016285815381
1522807.910359,-62.80314128132125,502.9016285815381
1522814.996404,-62.80314128132125,502.9016285815381
1522821.861369,-62.80314128132125,502.9016285815381
1522828.875915,-62.80314128132125,502.9016285815381
1522836.939925,-62.80314128132125,502.9016285815381
1522843.799999,-62.80314128132125,502.9016285815381
1522849.548418,-62.80314128132125,502.9016285815381
1522857.009179,-62.80314128132125,502.9016285815381
1522865.605846,-62.80314128132125,502.9016285815381
1522870.999963,-62.80314128132125,502.9016285815381
1522877.533057,-62.80314128132125,502.9016285815381
1522885.605386,-62.80314128132125,502.9016285815381
1522896.388827,-62.80314128132125,502.9016285815381
1522898.929705,-62.80314128132125,502.9016285815381
1522905.929075,-62.80314128132125,502.9016285815381
1522914.354684,-62.80314128132125,502.9016285815381
1522919.57481,-64.13204661238701,502.7418686018472
1522927.113386,-64.13204661238701,502.7418686018472
1522933.926644,-64.13204661238701,502.7418686018472
1522940.925463,-64.13204661238701,502.7418686018472
1522949.374223,-64.13204661238701,502.7418686018472
1522954.98811,-64.13204661238701,502.7418686018472
1522961.8892,-64.13204661238701,502.7418686018472
1522968.596923,-64.13204661238701,502.7418686018472
1522975.943735,-64.13204661238701,502.7418686018472
1522982.965364,-64.13204661238701,502.7418686018472
1522990.045958,-64.13204661238701,502.7418686018472
1522997.217164,-64.13204661238701,502.7418686018472
1523008.003329,-64.13204661238701,502.7418686018472
1523010.926452,-64.13204661238701,502.7418686018472
1523018.025542,-64.13204661238701,502.7418686018472
1523024.609253,-64.13204661238701,502.7418686018472
1523031.932012,-64.13204661238701,502.7418686018472
1523045.748498,-64.13204661238701,502.7418686018472
1523045.756513,-64.13204661238701,502.7418686018472
1523052.928949,-64.13204661238701,502.7418686018472
1523059.957051,-64.13204661238701,502.7418686018472
1523066.91576,-64.13204661238701,502.7418686018472
1523083.3767,-64.13204661238701,502.7418686018472
1523083.388107,-64.13204661238701,502.7418686018472
1523087.504254,-64.13204661238701,502.7418686018472
1523094.923956,-64.13204661238701,502.7418686018472
1523101.930757,-64.13204661238701,502.7418686018472
1523108.952104,-63.79347364518588,500.3289394832068
1523125.126811,-62.64025919821285,498.49696606808095
1523125.130417,-61.38751076661197,497.304431629645
1523130.282275,-62.24310145630584,498.87001267690977
1523136.9171,-63.10558625903556,501.82996509674126
1523143.893253,-65.62774138650016,504.0169061766013
1523154.985938,-66.4944660845658,502.9216770030232
1523163.841075,-65.57434212500611,501.2845041097875
1523165.609379,-64.54484710455453,499.82569271391054
1523171.533401,-62.86033170244684,498.0812620007069
1523180.643361,-63.35438176676847,499.3547268043822
1523187.675711,-64.14524455960239,500.4460550546741
1523196.352524,-66.15482088492067,502.73380360821386
1523199.935475,-67.39742979433464,503.1227849880901
1523207.000288,-67.72558790367542,503.0866525398884
1523213.543663,-68.61792915845082,505.36063789128127
1523221.70258,-70.26911201646948,507.7365588254036
1523229.828354,-71.48782900946424,508.8926502254203
1523234.977032,-71.48784818674051,508.8926135942344
1523241.611527,-71.10140185692951,507.74793274872656
1523248.54335,-69.04774622472863,505.9068289872893
1523255.957168,-67.82911311864453,504.8128383021123
1523269.543555,-67.71207055718317,505.0721377167058
1523269.934385,-68.37745350958846,506.07824881129005
1523276.932097,-67.92061830539011,505.6085168767887
1523284.014344,-67.43739974544316,504.70709116645287
1523290.898312,-67.43739974544316,504.70709116645287
1523305.910889,-65.4840214875916,503.9479208399241
1523305.914513,-64.03565886469154,501.8268058045594
1523311.871686,-64.25332730178276,500.8871926742409
1523318.929095,-63.61244602057253,501.7481646665021
1523325.913141,-63.91127471569769,502.8722155870027
1523337.15646,-64.18320259349905,502.2401057338112
1523339.958425,-67.28357050492313,501.5956524394106
1523346.953274,-68.02009098252141,501.126891228208
1523353.944983,-67.85393726784714,500.43697568955423
1523360.894244,-67.85393728450407,500.43697572312783
1523375.037376,-67.85393728450407,500.43697572312783
1523376.643247,-67.85393728450407,500.43697572312783
1523381.903663,-67.85393728450407,500.43697572312783
1523388.885092,-67.85393728450407,500.43697572312783
1523396.007855,-67.85393728450407,500.43697572312783
1523410.766583,-67.85393728450407,500.43697572312783
1523410.770228,-67.85393728450407,500.43697572312783
1523416.936179,-67.85393728450407,500.43697572312783
1523424.019799,-67.85393728450407,500.43697572312783
1523430.94223,-67.85393728450407,500.43697572312783
1523437.937484,-67.85393728450407,500.43697572312783
1523450.852519,-67.85393728450407,500.43697572312783
1523451.508963,-67.85393728450407,500.43697572312783
1523458.541492,-67.85393728450407,500.43697572312783
1523465.998912,-67.85393728450407,500.43697572312783
1523473.077504,-67.85393728450407,500.43697572312783
1523479.941247,-67.85393728450407,500.43697572312783
1523498.024553,-67.85393728450407,500.43697572312783
1523498.028246,-67.85393728450407,500.43697572312783
1523502.192026,-67.85393728450407,500.43697572312783
1523502.19259,-67.85393728450407,500.43697572312783
1523504.734514,-67.85393728450407,500.43697572312783
1523513.178613,-67.85393728450407,500.43697572312783
1523519.141111,-67.85393728450407,500.43697572312783
1523533.301474,-67.85393728450407,500.43697572312783
1523533.305077,-67.85393728450407,500.43697572312783
1523540.365209,-67.85393728450407,500.43697572312783
1523547.156952,-67.85393728450407,500.43697572312783
1523554.553107,-67.85393728450407,500.43697572312783
1523569.954991,-67.85393728450407,500.43697572312783
1523569.958696,-67.85393728450407,500.43697572312783
1523574.709866,-67.85393728450407,500.43697572312783
1523581.736795,-67.85393728450407,500.43697572312783
1523589.365193,-66.22840703054216,500.6973661123629
1523596.134786,-64.88736805999132,500.4706251141556
1523607.077396,-63.65008086286818,500.5874376699546
1523609.840675,-67.71080077674151,500.7284227181117
1523617.377312,-76.37153260081357,495.053239847051
1523624.148875,-86.07459712422909,492.5009413676669
1523631.043877,-89.72494169879401,490.4304439376156
1523646.628118,-96.33241077904746,485.0958924941002
1523646.631756,-102.60388570345631,483.2210583264796
1523651.830282,-104.0902540336664,481.52374412187874
1523660.368891,-109.88505019291976,479.4731808113886
1523666.040186,-131.70936060684136,469.9935004497728
1523675.930931,-145.27849561437472,465.6310672177974
1523680.992369,-152.71883965225612,450.3961447868893
1523686.729608,-130.84414590667433,385.2603025677405
1523694.354446,-107.770250898567,348.8650779499458
1523700.747335,-88.74762700266777,345.7973145820325
1523711.185794,-51.23355014045697,365.0309934793684
1523715.136336,2.045085614543989,388.3632949352362
1523721.805689,41.39408247701648,392.4451630856073
1523731.836946,106.9643207224188,411.1114640570955
1523736.146764,135.42399947019584,418.121073194207
1523751.389923,226.34312805398324,454.10920719264976
1523751.393595,256.2961595764126,466.5041542864245
1523758.561446,283.1350286044943,476.2683547006248
1523764.170597,289.0226474446296,471.7064070146861
1523771.105485,330.558406924728,492.4869134607626
1523781.442829,375.4501629161574,513.1296677132962
1523788.01645,439.2005179827319,534.8825727618396
1523792.066486,516.4300059388179,549.140598456425
1523803.844647,572.1300875898306,569.3814941087182
1523806.10952,608.0934094018146,589.8597096332124
1523817.252754,709.691204072612,640.3895125103537
1523819.721598,784.8850618933585,674.3628598906007
1523826.762971,837.6495140053822,693.1711184989473
1613964.127286,0.5292016162113798,-42.08233217106063
1613970.286386,0.7663994595411703,-39.70744292374977
1613977.629278,0.7663994595411703,-39.70744292374977
1613981.75072,0.7663994595411703,-39.70744292374977
1613990.582095,7.162130516102882,-26.36566621309485
1613996.149662,-2.616042432420884,-1.6159151375563685
1614002.845095,-7.414684646015486,9.191030986537374
1614010.15652,-9.249519273400916,15.830192387952131
1614022.179181,-15.754439899980897,40.68740907273568
1614023.790094,-16.174536870381925,41.87437573693894
1614030.786156,-16.174536870381925,41.87437573693894
1614038.362954,-14.812476411629786,48.91772792440428
1614050.055366,-15.765689818271516,49.23342321494975
1614052.47949,-18.397582573320246,56.21006367019319
1614059.133878,-27.579309865445875,83.45688601472477
1614068.348433,-30.3336114475313,89.21193413753883
1614073.382995,-30.3336114475313,89.21193413753883
1614080.104481,-30.3336114475313,89.21193413753883
1614093.291214,-30.3336114475313,89.21193413753883
1614096.733532,-33.94915608329791,93.89955205428026
1614103.556496,-36.80199942090736,99.46185657215008
1614108.173421,-36.80199942090736,99.46185657215008
1614116.439877,-39.87048963595459,110.63481845783303
1614121.807395,-48.04067368531585,131.67307464485424
1614132.136241,-50.8673685738407,140.14583310990315
1614135.766743,-50.8673685738407,140.14583310990315
1614144.050348,-54.31530282145388,150.66406843018154
1614150.16814,-56.57844049259735,157.79565362831346
1614158.538567,-56.57844049259735,157.79565362831346
1614168.390463,-56.57844049259735,157.79565362831346
1614172.753934,-56.57844049259735,157.79565362831346
1614179.229544,-62.64602870030328,181.04304270840305
1614184.781711,-62.64602870030328,181.04304270840305
1614193.604159,-65.89043200983612,191.74951130137376
1614201.483425,-74.34574218279916,214.27536918059613
1614208.847657,-76.20271056975665,225.41932796910783
1614213.24221,-76.20271056975665,225.41932796910783
1614220.17598,-77.4668044158383,235.3874695433795
1614227.182942,-89.99386093261593,264.5272317432424
1614240.820826,-93.17543790402246,267.2965933300262
1614242.047788,-93.17543790402246,267.2965933300262
1614248.237707,-97.92049228683716,276.8434019318607
1614254.790155,-102.4731290110723,292.53411474373604
1614262.207525,-107.38729895850314,325.78033915289075
1614268.762013,-85.5362948841008,340.0373205172109
1614282.296588,-81.4702975042005,333.29054207795286
1614283.145623,-81.47228499116203,332.7804894097783
1614291.640208,-81.47228499116203,332.7804894097783
1614297.201793,-81.47228499116203,332.7804894097783
1614303.941691,-80.9485159436354,333.179214722905
1614311.136953,-47.37768854309044,348.1928182046736
1614324.233263,-36.387587501267134,355.53040719394426
1614325.703742,-25.110075423242204,373.09908187909394
1614327.241481,-19.63671953975556,384.8986938113753
1614327.242102,-19.63671953975556,384.8986938113753
1614329.387374,-19.63671953975556,384.8986938113753
1614338.173678,-28.70668010188145,421.2606955314876
1614343.164762,-55.20431253959509,427.64302740666926
1614350.504654,-86.66515349313534,410.4645573763474
1614365.831431,-102.74795027829738,400.5144496831402
1614365.835021,-103.39497015892822,399.83769219038993
1614371.553801,-107.71585540839509,393.19409510733146
1614378.163826,-110.75830740817533,389.0198054352399
1614385.452303,-114.62584761084516,388.5766440054575
1614400.585335,-131.1692902937308,396.3782145057627
1614400.589116,-143.39984859321982,429.845143101947
1614406.84474,-144.92438525136856,442.837496159297
1614413.490215,-139.19898693269317,447.8455962170999
1614420.540409,-139.19898693269317,447.8455962170999
1614427.127323,-139.12718064373627,448.59104183026415
1614438.718258,-139.863404699886,449.34675389234815
1614441.670846,-151.7357290407677,452.7201432970411
1690427.500201,652.3858501835683,-9.77493529471145
1690431.691244,694.6267364357112,24.97208092137718
1690437.600318,712.4045272813191,40.73356634833324
1690444.218326,712.4045272813191,40.73356634833324
1690451.5723,712.4045272813191,40.73356634833324
1690464.836505,712.4045272813191,40.73356634833324
1690465.617819,712.4045272813191,40.73356634833324
1690472.545402,712.4045272813191,40.73356634833324
1690479.177644,712.4045272813191,40.73356634833324
1690486.637223,712.4045272813191,40.73356634833324
1690503.664328,712.4045272813191,40.73356634833324
1690503.668141,712.4045272813191,40.73356634833324
1690507.823051,712.4045272813191,40.73356634833324
1690515.089606,712.4045272813191,40.73356634833324
1690521.19754,721.4458269824021,48.68312569281885
1690528.569874,723.164099298485,51.17656707500955
1690539.658782,706.3433145954501,73.92224249564373
1690542.653262,652.5328123963812,130.35412656632047
1690549.60777,652.5328123963812,130.35412656632047
1690556.823707,652.5328123963812,130.35412656632047
1690563.185228,652.5328123963812,130.35412656632047
1690575.211279,374.77818139293504,474.6709742590925
1690577.727289,384.2638409368335,494.52689630805895
1690584.18382,437.15659447968966,536.8008030251233
1690592.487226,479.6748775664919,554.1998530882009
1690598.953761,484.1042404606972,555.683779374304
1690611.432133,503.5853691062098,558.9479477955833
1690612.609606,531.6343435881342,562.0473039446657
1690619.557752,555.5078981313985,561.2491819837978
1690626.545868,605.9891965748889,592.6585088937918
1690633.540044,609.0213257582246,613.3528173667044
1690644.028963,596.308906875329,635.330684661486
1690648.437967,551.070882151142,710.1889719905065
1690654.562385,536.7326406166248,783.5727790317077
1690661.869303,607.5008965485453,842.6897723191544
1690668.908056,716.5018884755829,897.9737083347959
1692957.068596,707.5991552658655,893.4667985424186
1692957.66093,707.5991552658655,893.4667985424186
1692964.290776,657.8043698431529,850.482226504049
1692971.620789,583.8905077561171,823.2276885413744
1692981.28033,515.0609483535558,753.6263591605162
1692985.71038,539.9750801532902,695.8513116736009
1692995.490952,569.3993853553316,649.7220367384714
1693002.716401,573.6494789801292,642.4676329389226
1693006.626816,573.6494789801292,642.4676329389226
1693013.809097,573.6494789801292,642.4676329389226
1693020.669694,573.6494789801292,642.4676329389226
1693036.582086,572.7285380510295,616.5258402227298
1693037.152779,543.165731947037,580.3392329832357
1693041.596903,535.2160155530537,574.1777917565183
1693048.242797,502.733156921771,557.470449782839
1693056.527316,438.6191948271135,529.3427498398239
1693073.63764,349.94203910062583,502.4364760573605
1693073.641451,311.4596722636748,491.80762101102073
1693076.735514,270.41848389299975,478.413363417956
1693083.765842,209.61916508581507,449.1881627755215
1693091.068734,204.6349402683945,448.23877709525055
1693097.600417,204.6349402683945,448.23877709525055
1693110.739197,204.6349402683945,448.23877709525055
1693112.126803,187.8711914951511,446.88341151646256
1693121.01226,165.25711695985095,439.7559012844955
1693125.293671,110.12462941592064,416.0198803079425
1693133.039532,67.43338627575216,396.8369321534787
1693143.765948,27.7551117801589,387.2264870570188
1693146.249809,27.7551117801589,387.2264870570188
1693153.24673,-24.481480095796197,393.501425705339
1693160.308439,-30.05272761750581,417.7467308515883
1693167.326396,-51.03686823103236,413.7602578625231
1693183.739826,-66.60616209708569,406.5144448167041
1693183.743522,-68.23052805785984,405.770639312696
1693195.034928,-98.90540082851732,400.8428634313559
1693196.273318,-107.29433428533989,397.6507621889723
1693202.665819,-109.98885956465509,396.5422067113805
1693209.282707,-118.20698438298705,392.4315627059376
1693221.485459,-126.1961395876919,388.2741520223306
1693223.847143,-134.30965069400824,384.37582485385065
1693230.637785,-123.50494209443116,350.3098704020473
1693237.896918,-112.00459325198656,324.4754989343191
1693244.688343,-108.93446659041128,311.2217862450473
1693251.695557,-109.04844927473997,308.1861166848823
1693261.518651,-109.04844927473997,308.1861166848823
1693265.63401,-107.63450701249428,290.4827497292255
1693272.661745,-107.67923154912656,284.26225496951406
1693279.26167,-107.06260730701986,275.3066896544877
1693288.099225,-105.96047832284717,265.67211168975365
1693294.553424,-106.37894094613736,263.15482993185174
1693300.760654,-106.37894094613736,263.15482993185174
1693307.677638,-106.37894094613736,263.15482993185174
1693314.281349,-106.37894094613736,263.15482993185174
1693323.943019,-100.97562253154804,248.0017059670996
1693333.131408,-87.4001484801506,222.10621030616548
1693337.722162,-73.52917959360741,197.80038084998083
1693342.628467,-73.52917959360741,197.80038084998083
1693349.680931,-65.13380818640545,178.8942640444048
1693356.32211,-46.43634958037934,127.41663318975829
1693370.440321,-41.550893690687005,112.93177123404011
1693370.701917,-41.26962963531843,103.58691565164108
1693379.126909,-40.03681729842254,61.13530234066236
1693384.634435,-21.23097215970128,19.282186270831165
1693391.351108,-4.217090582370588,-27.7045688458399
2148378.058413,669.2251529725103,-4.480259406042014
2148388.593153,694.7014086718058,21.660896057184512
2148393.583658,700.1752191097916,24.857526254334104
2148398.960137,700.1752191097916,24.857526254334104
2148405.961308,700.1752191097916,24.857526254334104
2148412.991455,717.9212610475109,40.93903736903012
2148419.991443,770.689346541547,94.336170022237
2148429.250563,809.7391506878392,127.83089343231892
2148434.017361,836.3793027058709,147.76540925267045
2148441.001783,874.6792467090658,182.51505893177688
2148448.002632,886.0845469278701,192.38451865312356
2151723.99492,869.255731661778,192.6893798939684
2151727.209309,841.8988682278115,171.07898691270844
2151734.185414,824.7710679167803,155.40290544779637
2151741.209192,797.848859426813,129.90639651866587
2151748.209864,797.848859426813,129.90639651866587
2151755.211212,797.848859426813,129.90639651866587
2151763.657222,797.848859426813,129.90639651866587
2151769.568093,797.848859426813,129.90639651866587
2151776.562851,776.1499669142689,108.30695069655172
2151784.505465,733.7850257167631,69.56993294627793
2151790.661416,730.9329526258107,66.33386448447587
2151797.582788,730.9329526258107,66.33386448447587
2151804.28141,730.9329526258107,66.33386448447587
2151811.279918,730.9329526258107,66.33386448447587
2151819.849802,730.9329526258107,66.33386448447587
2151825.600459,714.7069776300596,48.36147066008824
2151832.186654,665.611572418352,10.111769841266456
2151841.653477,606.9584763894013,-41.75673338642038
2233036.283565,-22.968772880244096,-2.1165511447799705
2233043.042953,-31.77856053045221,45.35757084098599
2233050.816581,-39.70951459675064,96.70595316332384
2233057.348371,-36.833636849905375,115.66510035313996
2233063.986553,-48.87243134287748,155.20508220672522
2233072.217445,-59.55073751219204,192.1893441413433
2233078.332463,-67.29358721311753,211.10791266368315
2233085.370649,-73.87607973044483,228.5728227553247
2233092.319657,-81.8462485494559,249.30355104436376
2233099.282148,-93.0938739697636,268.63343737709874
2233106.353304,-99.92996362296016,294.7975187501319
2233113.62524,-99.92996362296016,294.7975187501319
2233120.274975,-100.00224206519248,303.4440652438014
2233126.978945,-106.4072074633026,314.29155812691243
2233135.460443,-90.67277698998754,349.3359775501298
2233141.403846,-66.43346348439489,358.53202282973155
2233149.917539,-43.38936381109647,366.8542382773794
2233155.389084,-2.6103587672812245,388.87099843179374
2233167.12583,6.023294432832452,387.9615425156272
2233169.13373,10.31129387417312,388.55616689674207
2233176.035369,15.367875693699116,389.6069215925049
2233183.135822,57.59538278747574,408.4338047772402
2233190.035319,79.99628636822021,415.4298708171165
2233198.045165,89.49700185546695,421.9611799261395
2233205.989385,92.90628980453714,426.481047628318
2233211.034248,118.57616249445348,451.14829602676457
2233217.985002,177.55019979019988,456.0373145902802
2233225.034964,177.55019979019988,456.0373145902802
2233232.033724,193.967060177148,452.8937206898667
2233239.038194,235.71647789945703,459.3423237276446
2233248.332225,311.7960302391772,485.06507002688807
2233253.349438,392.84763039651136,513.4779819066327
2233260.32031,495.3238176757582,578.3132485921816
2233267.217339,538.7097261951495,586.241191599044
2233274.035608,581.0242663616973,586.6586361025389
2233281.026866,608.698973704954,602.5555699002305
2233290.836201,584.6755098153621,656.5221670979987
2233295.341617,547.208855991979,731.3193518036737
2233303.715072,547.208855991979,731.3193518036737
2233308.988442,620.5643641655341,856.1822384313538
2233315.9685,658.5173111310969,857.1666227496132
2233325.304194,695.9329771754801,870.8958130251921
2233330.315726,721.656594360547,900.3835888181466
2233337.828134,721.9325904012069,945.8682657816126
2235173.455004,709.5496951408632,934.8527198524746
2235180.458095,709.550493025107,934.8549076172542
2235188.826433,710.0845929351726,934.3718490219668
2235194.591547,710.9335984875424,933.8247525685244
2235202.963199,711.9345534960522,909.2296357418704
2235207.108864,734.5241904947642,863.5630308224065
2235208.881478,734.5241904947642,863.5630308224065
2235215.429263,766.7919345158392,830.987641459518
2235224.163852,829.2991265353238,799.7518941210179
2235229.075279,871.218673399065,776.3374731167668
2238336.375603,884.9226970504761,215.1661703051608
2238343.398311,843.6656682884205,183.27537889542288
2238350.499316,796.5733123575515,140.09078392349545
2238357.014749,737.4044714425826,79.85829422807306
2238364.016056,729.6926034952355,67.93109957410967
2238371.481671,729.6926034952355,67.93109957410967
2238378.015106,729.6926034952355,67.93109957410967
2238385.017243,729.6926034952355,67.93109957410967
2238391.990622,729.6926034952355,67.93109957410967
2238401.54135,729.6926034952355,67.93109957410967
2238406.353217,705.2313260646869,39.40881459321224
2238413.62128,648.7125324693108,-10.82171285488219
2322427.260569,677.0844266254093,932.1787467053244
2322436.015571,607.5450490375038,892.2161897028594
2322440.901431,562.1185659124744,862.0975049150932
2322447.933324,542.2396831096881,862.3314127507745
2322454.933528,523.0965775500249,904.1523917248868
2322461.93609,516.291157373446,930.076752548958
2322468.905359,511.5430808236077,951.3340417569108
2322503.937384,352.8031954002839,941.1303741408336
2322511.126999,346.3317820226786,891.2790529445134
2322517.936426,395.7139365267856,890.2455114641969
2322529.663363,395.7139365267856,890.2455114641969
2322529.66405,395.7139365267856,890.2455114641969
2322531.252817,395.7139365267856,890.2455114641969
2322538.836437,395.7139365267856,890.2455114641969
2322545.288013,395.7139365267856,890.2455114641969
2322552.255805,407.80911321238847,892.7651222630484
2322559.287824,442.2337110019402,905.442978565018
2322566.510412,506.13975189853977,929.2819203419646
2322575.886088,545.4392611977611,943.0258090753448
2322580.286942,574.5915358728046,950.3265302584266
2326970.711916,710.2690878969846,907.5584440873798
2326977.762576,709.9245008374356,902.2134209883968
2326984.569939,709.9245008374356,902.2134209883968
2326991.345422,709.9245008374356,902.2134209883968
2326996.695144,701.9393930102526,887.7000914312907
2326998.389858,701.9393930102526,887.7000914312907
2327006.524951,644.2328698252599,850.3670433784198
2327012.379143,539.589880833736,790.6850961035157
2327019.369708,525.9372379214135,736.1303055716861
2327026.369025,570.5628404377178,684.5466090162353
2327033.375158,569.4747191190415,607.1463863651154
2327040.344998,537.1439630754153,579.0246932868104
2327047.379562,532.5497896622476,574.8811733738626
2327054.703511,532.5497896622476,574.8811733738626
2327061.482349,529.2439187460097,572.7782912732931
2327068.386455,500.73812139112704,560.8058602252347
2327075.396819,414.9562864846973,527.3801507826893
2327082.376514,397.3818548553429,523.8476853517841
2327089.386537,388.39010971610384,521.1100249257578
2327096.386458,344.1611364486923,504.8848060828937
2327103.396494,314.5886007148145,493.07617354707406
2327110.376524,291.2939512574844,481.45819946939264
2327117.342479,258.3964151227017,469.8139975384081
2327127.519914,226.84633941876965,458.4613573223166
2327131.376055,191.58290573408877,448.8119289681656
2327138.376602,136.8594072677554,429.22409061193343
2327145.364186,128.59958362607853,426.3652899526929
2327152.381686,128.59958362607853,426.3652899526929
2327159.367502,115.75732477155528,424.2899401296745
2327166.36526,61.47055343930234,406.83423711937314
2327173.373731,22.06104720769437,391.766094096169
2327183.876162,-23.622441743884607,387.8059775527038
2327187.405389,-27.052631138898555,396.72113182129056
2327194.578528,-51.40646819187897,424.3868682289095
2327201.648565,-87.30192750141494,409.0322808344508
2327208.370659,-104.01286480382744,398.69414896912406
2327215.372087,-111.62067099006484,392.5343549476036
2327222.406597,-111.62067099006484,392.5343549476036
2327229.381992,-126.08498583212628,371.91412641004297
2327239.204042,-113.31803085087402,320.9961576892587
2327243.413311,-92.07702821664854,245.8684985802581
2327250.844798,-73.39616453468032,189.6762596603273
2327257.444932,-57.23694311535056,143.16516051877852
2327264.399105,-48.59249089029807,94.9840503976964
2327271.405831,-43.5753013228568,63.70872670875238
2327278.443458,-42.12323912803307,43.00441492286603
2327285.543314,-30.50202054966537,-3.4757312959595947
2327292.443924,-23.062080337088727,-30.43165930708087
2357574.627467,-169.41765917232826,497.9941569559622
2357581.643501,-151.13285540885062,435.4457274372987
2357588.347566,-143.2224375415933,407.3918420047923
2357598.083762,-99.65043172591072,333.81543203769013
2357602.341524,-41.722600323394445,351.17906712479606
2357609.35205,6.98522310964198,376.84278818069765
2357616.486232,100.08147958746758,412.03857251626846
2357623.834203,164.64487879498762,436.5854372290885
2357630.336023,230.4435105348921,460.6984088538755
2357637.335569,342.0776984184512,496.8948740201768
2357644.504203,412.4008695151591,519.5459117425107
2357654.116207,444.5900591390933,530.9548181805948
2357658.735388,501.6978504108531,554.6093511682596
2357665.740149,505.1091955086551,555.5209140140778
2357672.335252,505.1091955086551,555.5209140140778
2357679.667805,505.1091955086551,555.5209140140778
2357687.502837,505.1091955086551,555.5209140140778
2357693.721444,527.6098051320915,562.8297571743947
2357700.683569,565.2344828929272,569.5851575250447
2357707.344428,600.6289728190001,586.4705222800259
2357714.346026,597.451449923268,624.7311108282449
2357721.307818,539.5095208167365,585.4797579747608
2357729.672342,483.1344983010078,547.1140066155646
2357735.564982,411.4928910121386,517.1047960046104
2357742.344569,343.61873798079944,490.6562643286092
2357749.344397,331.19000008313435,491.945009575448
2357756.367094,308.1281572226125,518.6870168624827
2357763.345299,321.09246021869063,592.5005793931714
2357770.72013,338.87721618579883,643.0893577627013
2357777.692229,352.4855926299847,683.4950346363867
2357785.696415,313.0783965646023,735.7240986451592
2357791.339792,268.9629136332072,769.7877900355423
2357798.311138,228.71942870052965,800.497787186347
2357809.196281,195.5421932493099,828.3281910529302
2357812.72115,164.36329933168238,850.8007599572965
2357820.723757,134.952500550508,873.3795125437797
2357868.838456,84.46627752361931,941.6755470537852
2357875.509853,44.906858431905455,928.41722176782
2357882.337949,3.2833997772436385,910.1094402542273
2357889.334543,-13.1036442313216,901.0748484004172
2357896.333691,-16.52337675441547,899.285397463563
2357903.661191,-39.63705151858203,896.7837972217924
2358599.326238,-172.62144062079332,522.1895919404465
2358603.735459,-158.11050806518307,477.9515232504039
2358610.646202,-157.8192703361945,476.1733625794639
2358617.651322,-157.8192703361945,476.1733625794639
2358624.339888,-149.00878180860818,440.3777470569146
2358634.817019,-140.17917370826785,396.7882116359332
2358638.709051,-131.292147084799,354.90019368773744
2358645.31526,-64.57019310538944,345.2596098751768
2358652.365094,-19.511948053795773,366.1664744262322
2358659.355195,29.913427594479227,386.2887273453717
2358668.888016,117.69337483136752,414.53226715566
2358674.17255,179.42398285480974,435.31444065745904
2358680.723141,242.73943197721255,457.055175748845
2358687.748486,345.5145894643621,492.2640529784287
2358694.711869,445.8904981306344,527.7541481909809
2358701.674114,523.5466341276048,555.3948415126144
2358708.345072,599.2555246674364,581.7930974307876
2358715.344928,618.8609080111611,602.9242091122494
2358722.317633,618.0667753633072,610.5303538832767
2358730.820206,618.0667753633072,610.5303538832767
2358736.73631,618.0667753633072,610.5303538832767
2358743.70041,618.0667753633072,610.5303538832767
2358750.698832,618.0667753633072,610.5303538832767
2358757.315245,618.0667753633072,610.5303538832767
2358764.344014,618.0667753633072,610.5303538832767
2358771.353062,618.0667753633072,610.5303538832767
2358778.345639,618.0667753633072,610.5303538832767
2358785.353847,618.0667753633072,610.5303538832767
2358792.733541,618.0667753633072,610.5303538832767
2358799.922052,618.0667753633072,610.5303538832767
2358806.72337,618.0667753633072,610.5303538832767
2358813.828315,618.0667753633072,610.5303538832767
2358820.853821,618.0667753633072,610.5303538832767
2358827.352367,618.0667753633072,610.5303538832767
2358834.353707,618.0667753633072,610.5303538832767
2358841.353666,618.0667753633072,610.5303538832767
2358848.789816,618.0667753633072,610.5303538832767
2358855.776934,618.0667753633072,610.5303538832767
2358862.790852,618.0667753633072,610.5303538832767
2358869.792151,618.0667753633072,610.5303538832767
2358876.768314,618.0667753633072,610.5303538832767
2358883.345833,608.903489652564,614.4272294359431
2358890.343328,608.903489652564,614.4272294359431
2358897.344481,608.903489652564,614.4272294359431
2358904.804444,608.903489652564,614.4272294359431
2358911.799057,608.903489652564,614.4272294359431
2358919.845812,608.903489652564,614.4272294359431
2358925.70143,608.903489652564,614.4272294359431
2358932.697545,608.903489652564,614.4272294359431
2358940.968285,608.903489652564,614.4272294359431
2358946.505051,608.903489652564,614.4272294359431
2358953.320328,608.903489652564,614.4272294359431
2358960.344445,608.903489652564,614.4272294359431
2358967.792236,608.903489652564,614.4272294359431
2358976.160614,608.903489652564,614.4272294359431
2358981.791675,608.903489652564,614.4272294359431
2358988.641514,608.903489652564,614.4272294359431
2358996.92166,608.903489652564,614.4272294359431
2359002.36519,608.903489652564,614.4272294359431
2359009.365227,608.903489652564,614.4272294359431
2359016.354161,609.5436342401423,614.7250870048568
2359023.649626,609.5436342401423,614.7250870048568
2359030.638818,609.5436342401423,614.7250870048568
2359038.995046,609.5436342401423,614.7250870048568
2359044.644605,609.5436342401423,614.7250870048568
2359053.095122,609.5436342401423,614.7250870048568
2359058.685615,609.5436342401423,614.7250870048568
2359065.698933,609.5436342401423,614.7250870048568
2359072.353859,609.5436342401423,614.7250870048568
2359079.353772,609.5436342401423,614.7250870048568
2359086.353852,609.5436342401423,614.7250870048568
2359093.352471,609.5436342401423,614.7250870048568
2359100.353838,609.5436342401423,614.7250870048568
2359107.319641,609.5436342401423,614.7250870048568
2359118.631385,609.5436342401423,614.7250870048568
2359121.339605,609.5436342401423,614.7250870048568
2359130.407196,609.5436342401423,614.7250870048568
2359135.355304,609.5436342401423,614.7250870048568
2359142.369217,609.5436342401423,614.7250870048568
2359149.345342,609.5436342401423,614.7250870048568
2359156.700469,609.5436342401423,614.7250870048568
2359163.716771,609.5436342401423,614.7250870048568
2359170.690847,609.5436342401423,614.7250870048568
2359177.694079,609.5436342401423,614.7250870048568
2359184.476671,609.5436342401423,614.7250870048568
2359192.536337,609.5436342401423,614.7250870048568
2359203.252324,609.5436342401423,614.7250870048568
2359205.749761,609.5436342401423,614.7250870048568
2359212.758914,609.5436342401423,614.7250870048568
2359219.749448,609.5436342401423,614.7250870048568
2359226.760274,609.5436342401423,614.7250870048568
2359233.746939,609.5436342401423,614.7250870048568
2359240.741272,609.5436342401423,614.7250870048568
2359247.504577,609.5436342401423,614.7250870048568
2359254.868614,609.5436342401423,614.7250870048568
2359263.575969,609.5436342401423,614.7250870048568
2359273.753867,609.5436342401423,614.7250870048568
2359277.226438,609.5436342401423,614.7250870048568
2359282.355176,609.5436342401423,614.7250870048568
2359291.5858,609.5436342401423,614.7250870048568
2359296.735255,609.5436342401423,614.7250870048568
2359303.992584,610.3249090194379,615.6121049525603
2359310.724158,610.3249090194379,615.6121049525603
2359317.355784,610.3249090194379,615.6121049525603
2359325.853792,610.3249090194379,615.6121049525603
2359331.714927,610.3249090194379,615.6121049525603
2359338.715063,610.3249090194379,615.6121049525603
2359345.706231,610.3249090194379,615.6121049525603
2359352.703517,610.3249090194379,615.6121049525603
2359359.722126,610.3249090194379,615.6121049525603
2359366.354615,610.3249090194379,615.6121049525603
2359373.51432,610.8854663554889,615.638310588276
2359382.069627,610.8903216900324,615.6385380406196
2359387.660878,610.8903216900324,615.6385380406196
2359394.663243,610.8903216900324,615.6385380406196
2359401.656246,610.8903216900324,615.6385380406196
2359408.658992,610.8903216900324,615.6385380406196
2359415.653667,610.8903216900324,615.6385380406196
2359422.657695,610.8903216900324,615.6385380406196
2359429.653031,610.8903216900324,615.6385380406196
2359436.354642,610.8903216900324,615.6385380406196
2359445.118204,610.8903216900324,615.6385380406196
2359450.717628,610.8903216900324,615.6385380406196
2359457.679025,610.8903216900324,615.6385380406196
2359464.66556,610.8903216900324,615.6385380406196
2359471.652269,610.8903216900324,615.6385380406196
2359479.533211,612.5293222129931,615.7663513548887
2359486.385967,612.5293222129931,615.7663513548887
2359492.32451,612.5293222129931,615.7663513548887
2359499.354196,612.5293222129931,615.7663513548887
2359506.352809,612.5293222129931,615.7663513548887
2359513.354295,612.5293222129931,615.7663513548887
2359521.594828,612.9082343860213,614.8456986136149
2359527.683178,612.9082343860213,614.8456986136149
2359535.640265,612.9082343860213,614.8456986136149
2359541.654925,612.9082343860213,614.8456986136149
2359548.696774,612.9082343860213,614.8456986136149
2359555.8498,613.2419830620066,614.7443048706637
2359562.367895,613.2419830620066,614.7443048706637
2359569.327822,613.2419830620066,614.7443048706637
2359576.356184,613.2419830620066,614.7443048706637
2359583.660274,613.2419830620066,614.7443048706637
2359590.688248,613.2419830620066,614.7443048706637
2359597.668585,613.2419830620066,614.7443048706637
2359604.678886,613.2419830620066,614.7443048706637
2359611.359668,613.2419830620066,614.7443048706637
2359618.355711,613.2419830620066,614.7443048706637
2359625.503815,613.2419830620066,614.7443048706637
2359632.355787,613.2419830620066,614.7443048706637
2359639.355851,613.2419830620066,614.7443048706637
2359646.328143,613.2419830620066,614.7443048706637
2359653.355821,613.2419830620066,614.7443048706637
2359660.707638,613.2419830620066,614.7443048706637
2359668.86752,613.2419830620066,614.7443048706637
2359674.723144,613.2419830620066,614.7443048706637
2359681.354835,613.2419830620066,614.7443048706637
2359688.354686,613.2419830620066,614.7443048706637
2359695.714434,613.2419830620066,614.7443048706637
2359702.741629,613.2419830620066,614.7443048706637
2359710.929677,613.2419830620066,614.7443048706637
2359716.708307,613.2419830620066,614.7443048706637
2359723.700267,613.2419830620066,614.7443048706637
2359730.325553,613.2419830620066,614.7443048706637
2359737.353472,613.2419830620066,614.7443048706637
2359744.362797,613.2419830620066,614.7443048706637
2359751.716587,613.2419830620066,614.7443048706637
2359758.700072,613.2419830620066,614.7443048706637
2359767.041995,613.2419830620066,614.7443048706637
2359772.721701,613.2419830620066,614.7443048706637
2359779.704817,613.2419830620066,614.7443048706637
2359788.128252,613.2419830620066,614.7443048706637
2359793.696376,613.2419830620066,614.7443048706637
2359800.365541,613.2419830620066,614.7443048706637
2359807.364956,609.8739892671615,617.2187430652161
2359814.328435,597.0932098408837,633.2127350663802
2359821.358774,548.9585277195629,713.5454009709372
2359828.3589,530.6524436577715,777.1261961036407
2359835.694478,589.7577466662428,823.3307883988198
2359842.730316,699.9962117836895,867.988155962315
2359849.794458,708.4772186557581,873.5054514462067
2359856.357079,708.4772186557581,873.5054514462067
2359863.357498,708.4772186557581,873.5054514462067
2359870.720406,708.4772186557581,873.5054514462067
2359877.652687,708.4772186557581,873.5054514462067
2359886.254312,708.4772186557581,873.5054514462067
2359891.990688,708.4772186557581,873.5054514462067
2359898.68589,716.0713116229285,892.2007741158709
2369909.543755,853.7068091779854,176.50009438320467
2369916.50113,784.9347307548803,112.60327707245386
2369923.473108,731.5497346416327,67.04941029341433
2369931.001399,675.896295144516,14.862659725285583
2370133.509195,1.1809253636781192,-24.005345086865205
2370140.861524,-19.634156063365023,39.60380445688807
2370148.19288,-55.67761728115556,135.4673967641781
2370155.421874,-74.09462930808711,202.9704653956176
2370161.499794,-91.10936508142596,270.67245545998776
2370168.49875,-100.52768051998132,342.42944058370824
2370175.500435,-57.26795627608448,362.43824617159953
2370182.475608,-6.973014694580492,386.2303615019693
2370193.01268,63.51729892640608,413.1972591230236
2370196.858594,116.69234404208204,429.04183506260455
2370203.905073,156.42124188632258,441.82772963927744
2370210.514281,164.0580361382773,444.50287013961935
2370217.513895,178.87394857700463,445.9463508670556
2370227.677661,209.401178212032,452.5952918673375
2370231.513727,250.3717885362079,470.3242676155599
2370238.514305,288.5143344950049,486.78423488389
2370245.480979,328.0218449629483,496.0148594552045
2370252.53139,402.74755812565576,522.8868721249399
2370259.482208,466.5489024746261,545.4236765307555
2370266.508024,490.2962260079042,557.2358084439488
2370273.508863,548.9710641144179,570.1559475182157
2370278.106655,559.5007161830692,565.5216706218819
2370280.509852,559.5007161830692,565.5216706218819
2370287.53771,559.5007161830692,565.5216706218819
2370294.511485,559.5007161830692,565.5216706218819
2370301.510366,559.5007161830692,565.5216706218819
2370308.514996,559.5007161830692,565.5216706218819
2370315.532281,559.5007161830692,565.5216706218819
2370322.516322,559.5007161830692,565.5216706218819
2370329.479792,559.5007161830692,565.5216706218819
2370336.681451,559.5007161830692,565.5216706218819
2370343.516398,559.5007161830692,565.5216706218819
2370350.856756,559.5007161830692,565.5216706218819
2370359.017873,559.5007161830692,565.5216706218819
2370364.845945,559.5007161830692,565.5216706218819
2370371.519949,559.5007161830692,565.5216706218819
2370378.5091,559.5007161830692,565.5216706218819
2370385.850175,559.5007161830692,565.5216706218819
2370392.650085,559.5007161830692,565.5216706218819
2370399.50702,569.6276873836409,566.2756325612219
2370406.479955,569.6276873836409,566.2756325612219
2370413.479981,569.6276873836409,566.2756325612219
2370420.505028,569.6276873836409,566.2756325612219
2370427.526283,569.6276873836409,566.2756325612219
2370434.506059,569.6276873836409,566.2756325612219
2370441.874245,569.6276873836409,566.2756325612219
2370448.856792,569.6276873836409,566.2756325612219
2370457.146442,569.6276873836409,566.2756325612219
2370462.852982,569.6276873836409,566.2756325612219
2370470.49196,569.6276873836409,566.2756325612219
2370476.855618,569.6276873836409,566.2756325612219
2370483.871644,569.6276873836409,566.2756325612219
2370491.188204,569.6276873836409,566.2756325612219
2370497.905352,569.6276873836409,566.2756325612219
2370504.920288,569.6276873836409,566.2756325612219
2370511.514432,569.6276873836409,566.2756325612219
2370518.496607,569.6276873836409,566.2756325612219
2370525.503441,569.6276873836409,566.2756325612219
2370532.514298,569.6276873836409,566.2756325612219
2370539.514548,569.6276873836409,566.2756325612219
2370546.504632,569.6276873836409,566.2756325612219
2370553.514284,569.6276873836409,566.2756325612219
2370560.862536,569.6276873836409,566.2756325612219
2370567.472458,569.6276873836409,566.2756325612219
2370574.507346,571.104658824934,567.0552727890895
2370581.826614,571.104658824934,567.0552727890895
2370588.598979,570.5808280304632,567.7601188196503
2370595.581619,570.5808280304632,567.7601188196503
2370602.974249,570.3906404000004,567.9358529167289
2370609.93168,570.3862824620736,567.9425485137408
2370616.964616,570.3862824620736,567.9425485137408
2370623.968504,570.3862824620736,567.9425485137408
2370630.915908,569.7908251021687,568.3050896628412
2370637.494772,569.7868153998934,568.3135234692726
2370644.482277,569.7868153998934,568.3135234692726
2370651.516174,569.7868153998934,568.3135234692726
2370658.514915,569.7868153998934,568.3135234692726
2370665.516308,569.7868153998934,568.3135234692726
2370672.943988,569.7868153998934,568.3135234692726
2370679.926762,570.2334396752461,569.3870275987113
2370686.923977,570.233439608913,569.3870279195968
2370693.924463,570.233439608913,569.3870279195968
2370700.982603,570.233439608913,569.3870279195968
2370707.93305,570.2891687842802,570.6310549110001
2370714.91843,570.2891686100457,570.6310555103626
2370721.940761,570.2891686100457,570.6310555103626
2370728.944883,570.2891686100457,570.6310555103626
2370735.901082,570.2891686100457,570.6310555103626
2370742.914018,570.2891686100457,570.6310555103626
2370749.912092,570.2891686100457,570.6310555103626
2370756.539694,570.2891686100457,570.6310555103626
2370763.514314,570.2891686100457,570.6310555103626
2370770.514725,570.2891686100457,570.6310555103626
2370777.514092,570.2891686100457,570.6310555103626
2370785.897269,570.2891686100457,570.6310555103626
2370791.956903,570.2891686100457,570.6310555103626
2370798.940874,570.2891686100457,570.6310555103626
2370805.937212,570.2891686100457,570.6310555103626
2370812.937213,570.2891686100457,570.6310555103626
2370819.952202,570.2891686100457,570.6310555103626
2370826.881416,570.2891686100457,570.6310555103626
2370833.940029,570.2891686100457,570.6310555103626
2370840.976852,570.2891686100457,570.6310555103626
2370847.921238,570.2891686100457,570.6310555103626
2370854.917417,570.2891686100457,570.6310555103626
2370862.011967,570.2891686100457,570.6310555103626
2370868.8971,570.2891686100457,570.6310555103626
2370875.497031,570.2891686100457,570.6310555103626
2370882.515709,570.2891686100457,570.6310555103626
2370889.479488,570.2891686100457,570.6310555103626
2370899.799864,570.2891686100457,570.6310555103626
2370903.508868,570.2891686100457,570.6310555103626
2370910.502293,570.2891686100457,570.6310555103626
2370920.048511,570.2891686100457,570.6310555103626
2370924.897783,570.2891686100457,570.6310555103626
2370931.888326,570.2891686100457,570.6310555103626
2370938.856302,570.2891686100457,570.6310555103626
2370945.892607,570.2891686100457,570.6310555103626
2370952.886127,570.2891686100457,570.6310555103626
2370959.907409,570.2891686100457,570.6310555103626
2370966.891178,570.2891686100457,570.6310555103626
2370974.13235,570.2891686100457,570.6310555103626
2370981.007838,570.2891686100457,570.6310555103626
2370987.891298,570.2891686100457,570.6310555103626
2370994.872387,570.2891686100457,570.6310555103626
2371001.516066,570.2891686100457,570.6310555103626
2371008.515534,570.2891686100457,570.6310555103626
2371015.524415,570.2891686100457,570.6310555103626
2371022.526723,570.2891686100457,570.6310555103626
2371027.921103,570.2891686100457,570.6310555103626
2371029.519662,570.2891686100457,570.6310555103626
2371036.512392,570.2891686100457,570.6310555103626
2371043.686418,570.2891686100457,570.6310555103626
2371052.159772,602.1658254526212,595.4148597380062
2371057.51725,593.032309825409,624.6591965155754
2371064.514441,561.0965188055991,603.6589261410015
2371073.825924,538.3958764292018,575.6661257137006
2371078.809803,538.3958764292018,575.6661257137006
2371085.825617,538.3958764292018,575.6661257137006
2371093.740651,538.3958764292018,575.6661257137006
2371099.823385,538.3958764292018,575.6661257137006
2371106.934903,538.3958764292018,575.6661257137006
2371114.069678,538.3958764292018,575.6661257137006
2371120.999202,546.7685119256535,551.3414948987818
2371127.862222,578.5646560399315,526.5344078121859
2371134.520745,628.4889517881844,486.8850350970556
2371141.518286,592.6907817881959,471.0862629029188
2371148.525504,544.691233283006,460.207908824372
2371155.516363,482.1336382651657,448.926065028804
2371162.524552,475.2688743476643,449.67795913522326
2371163.005135,570.2891686100457,570.6310555103626
2371164.022389,570.2891686100457,570.6310555103626
2371169.524165,475.2688743476643,449.67795913522326
2371176.524223,475.2688743476643,449.67795913522326
2371183.487675,475.2688743476643,449.67795913522326
2371190.488037,475.2688743476643,449.67795913522326
2371197.529436,475.2688743476643,449.67795913522326
2371204.527092,475.2688743476643,449.67795913522326
2371211.876203,463.79904406317945,447.58080475717776
2371218.892241,463.79904406317945,447.58080475717776
2371225.51624,397.8344243565664,425.4505960219568
2371232.514281,392.7847388673765,415.4736943194045
2371239.52645,392.7847388673765,415.4736943194045
2371246.525519,392.7847388673765,415.4736943194045
2371254.054304,392.7847388673765,415.4736943194045
2371260.485771,392.7847388673765,415.4736943194045
2371267.495363,667.2758172634171,97.77505581543134
2371274.515595,687.9483084575376,71.88289768168033
2371281.514213,701.100842918941,62.02433120817233
2371288.484339,706.1657150495887,58.94048844029578
2371295.514212,706.484353639416,38.87948042418925
2371302.519326,672.4975703216339,5.176095270161343
2443710.493999,713.6285444179101,938.3297173406178
2443720.361731,687.1830125821657,865.3705508419074
2443724.500916,614.8118780004273,834.5729929835079
2443731.489006,547.2093623258459,809.4709224310742
2443738.487833,526.2048669445345,712.1379695577186
2443745.498545,561.2125464588078,655.931972682509
2443752.486974,571.4699347791828,612.3176302046077
2443762.226476,549.1089397107961,568.4319859152353
2443766.822715,574.590807245683,570.0351897689352
2443774.018556,609.6956071968939,590.4347587331016
2443780.494929,597.6913440808446,636.1129505370732
2443787.488056,568.890557392265,674.4256147696881
2443797.619107,535.2348547114714,724.199581792003
2443801.512213,552.6721391832995,804.7017689037457
2443808.499069,621.6703280983324,839.2950986081592
2443818.69798,690.8804781549418,870.2936195269046
2443822.843663,719.275722090852,942.8622947358024
2456277.977654,707.7589635554522,952.8991247239333
2456281.776821,724.6680257276013,886.8214081161873
2456288.729349,780.7929268498841,818.3264158830478
2456324.030981,886.2789627944851,521.7403623083217
2456331.059523,815.7040973175198,453.861684399545
2456337.69787,700.8096949772872,347.97472126760306
2456345.835627,631.6111133112253,280.41170817245154
2456351.734977,584.8827506316808,237.5109438904156
2456358.735054,501.874754605662,157.10513306841565
2456365.728554,443.93779637129785,92.81925034092204
2456377.213291,417.8383063650082,15.920114446915028
2463324.648754,667.756198023163,-1.3933923180949024
2463331.648214,789.9979755820102,107.49554068711365
2463338.642342,870.691550169835,177.0817851422616
2464221.008688,886.3901666296861,185.6723022849484
2464227.969832,819.8513304211972,126.44970987117004
2464235.549647,699.20831222768,29.17144866207328
