time,x,y
0.0,0.0,0.0
15.007769,44.117572795940085,30.359503338279367
29.999555,45.63886840668077,99.96422379198476
45.015977,156.83174779443962,161.4237173313988
59.999429,214.77928071157797,181.23144693381516
74.999793,416.8349980610802,246.7635661068348
89.997976,461.36746963148033,272.8653442697527
105.337432,461.36746963148033,272.8653442697527
120.000013,359.3023639640828,387.82425233959714
134.998827,359.3023639640828,387.82425233959714
139.172413,261.109647115132,480.7540128724094
150.001154,259.3117522967244,479.8284175847274
165.28695,259.3117522967244,479.8284175847274
180.302731,259.3117522967244,479.8284175847274
195.281296,259.3117522967244,479.8284175847274
210.289891,259.3117522967244,479.8284175847274
225.287552,259.3117522967244,479.8284175847274
240.00761,259.3117522967244,479.8284175847274
255.279069,259.3117522967244,479.8284175847274
270.288499,259.3117522967244,479.8284175847274
285.2902,259.3117522967244,479.8284175847274
300.020014,259.3117522967244,479.8284175847274
314.998238,259.3117522967244,479.8284175847274
330.806033,259.3117522967244,479.8284175847274
345.023576,259.3117522967244,479.8284175847274
360.008961,259.3117522967244,479.8284175847274
377.229918,259.3117522967244,479.8284175847274
390.28703,259.3117522967244,479.8284175847274
405.305082,259.3117522967244,479.8284175847274
420.604097,259.3117522967244,479.8284175847274
435.297574,259.3117522967244,479.8284175847274
450.311982,252.94997064650127,471.4980600236864
465.296421,252.94997064650127,471.4980600236864
480.169829,252.94997064650127,471.4980600236864
494.999842,252.94997064650127,471.4980600236864
510.297732,252.94997064650127,471.4980600236864
525.224138,242.85409975538536,469.276631357839
540.230953,242.85409975538536,469.276631357839
555.037147,242.85409975538536,469.276631357839
570.234899,242.85409975538536,469.276631357839
585.237658,242.85409975538536,469.276631357839
600.222428,242.85409975538536,469.276631357839
615.015725,242.85409975538536,469.276631357839
630.226676,242.85409975538536,469.276631357839
645.237239,242.85409975538536,469.276631357839
660.657245,234.55612368261373,480.7540128724094
675.218599,234.55612368261373,480.7540128724094
690.233185,234.55612368261373,480.7540128724094
705.274928,234.55612368261373,480.7540128724094
720.225418,234.55612368261373,480.7540128724094
735.001256,234.55612368261373,480.7540128724094
750.001327,234.55612368261373,480.7540128724094
765.230955,234.55612368261373,480.7540128724094
780.233744,234.55612368261373,480.7540128724094
795.234512,234.55612368261373,480.7540128724094
810.238575,234.55612368261373,480.7540128724094
825.237455,234.55612368261373,480.7540128724094
840.221304,234.55612368261373,480.7540128724094
855.018224,234.55612368261373,480.7540128724094
870.22525,233.7263260752141,474.8302030346604
885.311984,233.03482807192165,473.9046077449726
900.300222,233.03482807192165,473.9046077449726
915.314814,233.03482807192165,473.9046077449726
930.334616,237.1838161083249,467.7956789124672
942.554866,237.1838161083249,467.7956789124672
945.102732,233.17312766762743,467.6105598652249
960.00094,235.93911969745017,472.23853624009655
975.341778,189.88535249214067,566.6492617773632
990.481182,189.88535249214067,566.6492617773632
1005.018119,189.88535249214067,566.6492617773632
1294.322067,237.1838161083249,467.7956789124672
1641.552511,237.1838161083249,467.7956789124672
61316.88796,-16.87255134755759,498.52544272901264
61331.887015,-16.87255134755759,498.52544272901264
61346.650506,48.26656083288305,522.0355642438898
61361.662816,119.62915506748736,565.9087854509461
61376.957977,122.53344669330258,568.3153335314361
61391.964002,122.53344669330258,568.3153335314361
61406.642993,168.58721390133402,588.4933140007378
61421.631124,161.67223384289028,603.487960451704
61437.058954,163.8850274568796,619.2230836533538
61451.972011,163.8850274568796,619.2230836533538
61466.640235,163.8850274568796,619.2230836533538
61481.626269,163.8850274568796,619.2230836533538
61498.072,163.8850274568796,619.2230836533538
61512.124209,163.8850274568796,619.2230836533538
61526.632436,163.8850274568796,619.2230836533538
61541.639437,151.4380633467435,616.631416268749
61556.639344,104.96939733451188,658.8385720118697
61572.224244,81.73506432794926,684.3850097444002
65801.624753,1026.0447406557569,-30.17438298430942
65816.640946,979.5760747569116,-89.78266908351125
65831.955191,979.5760747569116,-89.78266908351125
65846.628292,870.1810904158536,-173.08616513227074
65862.284962,793.9780102696651,-125.69573316044756
65876.626461,767.7010860722249,-95.7064736043386
65891.916283,767.7010860722249,-95.7064736043386
65906.625803,767.7010860722249,-95.7064736043386
65921.625098,558.4537896336377,292.4879583500244
65936.937194,558.4537896336377,292.4879583500244
65951.919704,696.75339073389,326.5498559253574
65951.920317,696.75339073389,326.5498559253574
65959.284106,696.75339073389,326.5498559253574
65964.254416,696.75339073389,326.5498559253574
65974.288097,696.75339073389,326.5498559253574
65989.87767,700.9023787658573,331.1778312711197
66004.555471,709.4769540289724,338.39747289178814
66019.581118,711.9663468481087,343.7659244135918
66034.557084,711.9663468481087,343.7659244135918
66049.575554,711.9663468481087,343.7659244135918
66064.570171,711.9663468481087,343.7659244135918
66079.279026,711.9663468481087,343.7659244135918
66094.272081,711.9663468481087,343.7659244135918
66109.886235,711.9663468481087,343.7659244135918
66124.272882,711.9663468481087,343.7659244135918
66139.271912,711.9663468481087,343.7659244135918
66154.559911,711.9663468481087,343.7659244135918
66169.557072,711.9663468481087,343.7659244135918
66184.975488,711.9663468481087,343.7659244135918
66199.656341,711.9663468481087,343.7659244135918
66214.271938,711.9663468481087,343.7659244135918
66229.621551,711.9663468481087,343.7659244135918
66244.571591,711.9663468481087,343.7659244135918
66259.615588,711.9663468481087,343.7659244135918
66274.654174,711.9663468481087,343.7659244135918
66289.578155,711.9663468481087,343.7659244135918
66304.591132,711.9663468481087,343.7659244135918
66319.273361,711.8280472525574,354.13258953125865
66334.903956,711.8280472525574,354.13258953125865
66349.562748,711.8280472525574,354.13258953125865
66364.551735,711.8280472525574,354.13258953125865
66379.559717,711.8280472525574,354.13258953125865
66394.590135,711.8280472525574,354.13258953125865
66409.567945,711.8280472525574,354.13258953125865
66424.569517,711.8280472525574,354.13258953125865
66439.272937,711.8280472525574,354.13258953125865
66454.272754,711.8280472525574,354.13258953125865
66469.637958,715.7004360766987,357.0944938869645
66484.599815,715.7004360766987,356.3540177928294
66499.621175,715.7004360766987,356.3540177928294
66514.591604,715.7004360766987,356.3540177928294
66529.608974,715.7004360766987,356.3540177928294
66544.628881,715.7004360766987,356.3540177928294
66559.290217,715.7004360766987,356.3540177928294
66574.272358,715.7004360766987,356.3540177928294
66589.274114,715.7004360766987,356.3540177928294
66604.80363,715.5621364811495,346.17247165215025
66619.68526,715.5621364811495,346.17247165215025
66634.703387,715.5621364811495,346.17247165215025
66649.273213,715.5621364811495,346.17247165215025
66664.702845,715.5621364811495,346.17247165215025
66679.280937,725.2431085494561,345.8022336167425
66694.27303,725.2431085494561,345.8022336167425
66709.288246,723.5835133368771,356.9093748602233
66724.572925,723.5835133368771,356.9093748602233
66739.625676,726.211205759688,347.283185768703
66754.287098,726.0729061558891,348.023661850423
66769.76219,726.0729061558891,348.023661850423
66784.560864,726.0729061558891,348.023661850423
66799.550145,726.0729061558891,348.023661850423
66814.288205,726.0729061558891,348.023661850423
66829.27322,726.0729061558891,348.023661850423
66844.787347,726.0729061558891,348.023661850423
66859.678004,726.0729061558891,348.023661850423
66874.554559,726.0729061558891,348.023661850423
66889.278271,724.6899101509146,358.0200889955043
66904.998043,724.6899101509146,358.0200889955043
66919.576029,724.6899101509146,358.0200889955043
66934.288633,724.6899101509146,358.0200889955043
66949.579238,724.6899101509146,358.0200889955043
66964.578063,724.6899101509146,358.0200889955043
66979.575551,724.6899101509146,358.0200889955043
66994.597108,722.477116531237,344.6915195031855
67009.576764,722.477116531237,344.6915195031855
67024.598256,722.477116531237,344.6915195031855
67039.575104,722.477116531237,344.6915195031855
67054.369087,722.477116531237,344.6915195031855
67069.2715,722.477116531237,344.6915195031855
67084.565064,722.477116531237,344.6915195031855
67099.635845,722.477116531237,344.6915195031855
67114.273718,725.9346065603446,355.2433036613617
67130.78899,725.9346065603446,355.2433036613617
67144.607794,725.9346065603446,355.2433036613617
67159.644913,724.6899101509146,345.0617575369592
67174.289099,724.8282097463123,343.58080539240734
67189.272338,725.7963069565455,350.6153281276127
67204.908784,726.0729061558891,354.50282757043004
67219.619546,725.6580073527465,362.8331836002799
67234.273618,725.6580073527465,362.8331836002799
67249.579441,725.6580073527465,362.8331836002799
67265.052943,725.6580073527465,362.8331836002799
67279.607457,725.6580073527465,362.8331836002799
67294.609458,725.6580073527465,362.8331836002799
67309.27472,725.6580073527465,362.8331836002799
67324.272488,725.6580073527465,362.8331836002799
67339.687763,728.9771977778697,352.6516373639957
67354.273098,728.9771977778697,352.6516373639957
67369.6901,728.9771977778697,352.6516373639957
67384.814296,728.9771977778697,352.6516373639957
67399.290252,730.6367929905639,360.7968743415325
67414.642228,734.2325826233649,365.0546118926554
67429.273205,734.2325826233649,365.0546118926554
67444.67832,734.2325826233649,365.0546118926554
67459.746222,734.2325826233649,365.0546118926554
67474.271774,734.2325826233649,365.0546118926554
67489.742255,734.2325826233649,365.0546118926554
67504.654453,734.2325826233649,365.0546118926554
67519.648935,734.2325826233649,365.0546118926554
67534.658353,734.2325826233649,365.0546118926554
67549.287119,734.2325826233649,365.0546118926554
67564.495389,756.9137171916667,370.9784207174708
67579.556732,751.5200327510769,372.8296109773403
67594.273306,751.1051339479726,372.4593729271293
67611.565499,750.5519355410815,362.8331836002799
67624.289624,750.6902351448681,369.6825875302513
67639.28873,751.6583323548626,374.6808012535312
67654.500046,751.6583323548626,374.6808012535312
67669.290227,751.6583323548626,374.6808012535312
67684.290544,751.6583323548626,374.6808012535312
67699.513672,751.6583323548626,374.6808012535312
67714.281298,751.6583323548626,374.6808012535312
67729.273901,750.4136359455491,384.30699076175335
67744.562155,750.4136359455491,384.30699076175335
67759.55891,750.4136359455491,384.30699076175335
67774.561827,750.4136359455491,384.30699076175335
67789.29148,747.7859435229695,400.7825846702516
67804.322769,747.7859435229695,400.7825846702516
67821.79438,747.7859435229695,400.7825846702516
67834.29023,747.7859435229695,400.7825846702516
67850.914312,747.7859435229695,400.7825846702516
67859.097606,747.7859435229695,400.7825846702516
67864.582466,747.7859435229695,400.7825846702516
67879.578106,747.7859435229695,400.7825846702516
67895.079663,711.6897476487517,385.602823967214
67909.596575,619.3056141292452,313.4064060952374
67924.277303,619.3056141292452,313.4064060952374
67939.290006,433.01605139825136,246.02309015404512
67954.287473,433.01605139825136,246.02309015404512
67969.271038,433.01605139825136,246.02309015404512
67984.272058,111.60777819352369,190.8576335104813
67999.271146,102.48000451248716,195.6707268488303
68014.279558,102.48000451248716,195.6707268488303
68029.273639,102.48000451248716,195.6707268488303
68044.299991,26.5535234366468,169.19871392493886
68059.291538,20.744940184963266,163.46002594981354
68074.573209,18.39384696670647,160.4981225074673
68089.57417,16.31935294815199,143.83741586328324
68104.88361,16.31935294815199,143.83741586328324
68119.623076,21.98963659600704,144.76301066210635
68134.58362,21.159838988644548,139.02432290877894
68149.497743,43.287775188433145,124.77016323705745
68164.272069,58.77733052912573,137.54337124130262
68179.273088,115.61846663463731,153.2784829086299
68194.27309,115.61846663463731,153.2784829086299
68209.779026,115.61846663463731,153.2784829086299
68224.595109,391.5261710457352,245.28261419094477
68239.597427,426.79256934554616,258.7963005953984
68254.576147,426.79256934554616,258.7963005953984
68269.987143,443.3885214857135,262.4986804781775
68284.292905,604.3692572100518,318.7748574052911
68298.183329,682.5085318208527,348.7641379331419
68299.272772,682.5085318208527,348.7641379331419
68314.274134,699.9342815556868,358.2052080212945
68329.62568,699.9342815556868,358.2052080212945
68344.567471,699.9342815556868,358.2052080212945
68359.594256,699.9342815556868,358.2052080212945
68374.579635,699.9342815556868,358.2052080212945
68389.271873,699.9342815556868,358.2052080212945
68404.272819,699.9342815556868,358.2052080212945
68419.273944,699.9342815556868,358.2052080212945
68434.555589,699.9342815556868,358.2052080212945
68449.289333,699.9342815556868,358.2052080212945
68464.271787,699.9342815556868,358.2052080212945
68479.577044,699.9342815556868,358.2052080212945
68494.602175,699.9342815556868,358.2052080212945
68509.630441,699.9342815556868,358.2052080212945
68524.2715,698.4129859467726,361.9075884833569
68539.288435,698.4129859467726,361.9075884833569
68554.273627,698.4129859467726,361.9075884833569
68569.277113,698.4129859467726,361.9075884833569
68584.27226,699.7959819601292,372.4593729271293
68599.272271,699.7959819601292,372.4593729271293
68614.57697,701.0406783696683,372.0891348780496
68629.494726,698.6895851461427,381.9004433675136
68644.499632,698.6895851461427,381.9004433675136
68659.278944,698.6895851461427,381.9004433675136
68674.273151,699.2427835531362,375.6063963880708
68689.290063,699.2427835531362,375.6063963880708
68704.945263,699.2427835531362,375.6063963880708
68719.522533,699.2427835531362,375.6063963880708
68734.504978,699.2427835531362,375.6063963880708
68749.290351,699.2427835531362,375.6063963880708
68764.273821,698.2746863429601,384.6772288181952
68784.583157,698.2746863429601,384.6772288181952
68784.583849,698.2746863429601,384.6772288181952
68785.972199,698.2746863429601,384.6772288181952
68802.193852,698.2746863429601,384.6772288181952
68815.963976,698.1363867474022,386.7135381527239
68831.265102,694.9554959173317,394.3034184781624
68846.334067,705.7428648003009,405.7807986376928
68861.357283,707.5407596169398,407.4468699695018
68876.419943,707.5407596169398,407.4468699695018
68890.966236,710.9982496462296,397.8206801108309
68905.977183,717.9132296964295,389.4903236246756
68920.964101,717.9132296964295,389.4903236246756
68935.964015,718.6047276989343,380.97484822456295
68951.294502,718.6047276989343,380.97484822456295
68966.326601,723.0303149381849,375.6063963880708
68981.695962,729.3920965811548,370.7933016879423
68995.964229,729.3920965811548,370.7933016879423
69011.329785,729.3920965811548,370.7933016879423
69025.982371,729.3920965811548,370.7933016879423
69042.637271,729.3920965811548,370.7933016879423
69055.964442,729.3920965811548,370.7933016879423
69071.335116,729.3920965811548,370.7933016879423
69086.355787,729.3920965811548,370.7933016879423
69101.354298,729.3920965811548,370.7933016879423
69116.354244,729.3920965811548,370.7933016879423
69131.342203,729.3920965811548,370.7933016879423
69145.964195,730.9133921981571,370.4230636388393
69161.457416,730.9133921981571,373.5700870900007
69175.965887,730.9133921981571,373.5700870900007
69190.973023,730.9133921981571,373.5700870900007
69206.690521,730.9133921981571,373.5700870900007
69221.308833,730.0835945918859,380.0492530711144
69236.33462,729.530396184952,380.97484822456295
69251.330572,729.530396184952,380.97484822456295
69265.963816,729.530396184952,380.97484822456295
69280.965209,730.6367929905639,383.5665146370747
69295.965357,739.7645666596878,377.64270570390335
69310.965208,739.7645666596878,377.64270570390335
69326.255498,738.104971447196,371.1635397374732
69341.265229,739.211368261028,364.869492873609
69356.254064,739.211368261028,364.869492873609
69371.241183,739.211368261028,364.869492873609
69385.964214,738.6581698541123,366.1653260412436
69400.96416,737.4134734447396,363.7587787275549
69415.98814,749.8604375386567,367.0909211744048
69430.962376,755.2541219791323,377.8278247245648
69445.981726,755.2541219791323,377.8278247245648
69461.293678,755.2541219791323,377.8278247245648
69476.279126,755.2541219791323,377.8278247245648
69491.196454,755.5307211784459,383.01115754623135
69505.98758,755.3924215829167,381.5302053126824
69520.973791,755.3924215829167,381.5302053126824
69536.339808,755.3924215829167,381.5302053126824
69550.965643,755.3924215829167,381.5302053126824
69567.01692,755.3924215829167,381.5302053126824
69581.34218,755.3924215829167,381.5302053126824
69596.40898,755.3924215829167,381.5302053126824
69611.331955,755.3924215829167,381.5302053126824
69626.358444,755.3924215829167,381.5302053126824
69641.343786,755.3924215829167,381.5302053126824
69655.981055,755.3924215829167,381.5302053126824
69670.982229,755.2541219791323,376.34687250253614
69685.981035,756.0839195853271,386.898657187356
69695.274588,756.0839195853271,386.898657187356
69701.004763,756.0839195853271,386.898657187356
69716.258885,738.7964694579053,395.2290136407766
69731.274899,719.2962257096916,394.6736565397608
69746.264237,719.4345253052395,398.7462752914416
69761.281584,620.2737113315629,332.65878339917265
69775.963118,516.5490104908833,288.04510227991386
69790.964531,437.71823783244014,265.83082239381457
69805.964586,349.4830922824246,237.1373786941357
69821.453746,349.4830922824246,237.1373786941357
69835.979658,349.4830922824246,237.1373786941357
69850.966166,96.25652245711696,186.5998971273332
69866.069741,96.25652245711696,186.5998971273332
69880.971644,96.25652245711696,186.5998971273332
69895.969641,28.766317059177403,95.52136906689807
69910.9827,36.78769393338247,65.3469815470736
69925.98859,79.24567150589843,-93.11480913579916
69940.979787,79.24567150589843,-93.11480913579916
69956.301161,79.24567150589843,-93.11480913579916
69970.996412,79.24567150589843,-93.11480913579916
70000.937014,79.24567150589843,-93.11480913579916
71276.746956,766.0414908599049,-271.93963294358656
71291.739704,857.872425931603,-196.5962609227751
71307.042965,857.7341263278753,-197.70697408774916
71321.774005,857.7341263278753,-197.70697408774916
71336.741565,936.1500000709746,-124.2147821081414
73408.597208,23.37263261102921,125.1404011435482
73415.456597,120.45895267482156,154.20407772090292
73430.435773,219.4814671474057,188.45108685032147
73445.435434,219.4814671474057,188.45108685032147
73460.751008,219.4814671474057,188.45108685032147
73475.763555,219.4814671474057,188.45108685032147
73490.450818,466.6228544809964,265.6457033944407
73505.652818,546.0068255329581,291.37724433018684
73520.452671,546.0068255329581,291.37724433018684
73535.693972,546.8366231398626,294.7093863969648
73552.190587,546.6983235442393,295.8201004237169
73565.457893,546.6983235442393,295.8201004237169
73580.769133,546.6983235442393,295.8201004237169
73595.454319,546.6983235442393,295.8201004237169
73610.452004,546.6983235442393,295.8201004237169
73625.757476,546.6983235442393,295.8201004237169
73640.457879,549.4643155639985,297.3010524581693
73655.709077,549.4643155639985,297.3010524581693
73670.682187,549.4643155639985,297.3010524581693
73685.456334,549.4643155639985,297.3010524581693
73700.706074,549.4643155639985,297.3010524581693
73715.680858,549.4643155639985,297.3010524581693
73730.45181,549.4643155639985,297.3010524581693
73745.440615,549.4643155639985,297.3010524581693
73760.451798,549.4643155639985,297.3010524581693
73776.027202,549.4643155639985,297.3010524581693
73790.729695,549.4643155639985,297.3010524581693
73805.442052,549.4643155639985,297.3010524581693
73820.435878,549.4643155639985,297.3010524581693
73835.450552,552.2303075838847,298.9671235045484
73850.43611,552.2303075838847,298.9671235045484
73865.454801,552.2303075838847,298.9671235045484
73880.457145,555.5494980109931,289.1558162946032
73895.944567,555.5494980109931,288.78557829375586
73910.75228,555.5494980109931,288.78557829375586
73925.766116,555.5494980109931,288.78557829375586
73940.435987,555.5494980109931,288.78557829375586
73955.662909,551.1239107776425,290.2665303106544
73970.453926,551.4005099771401,289.7111733021941
73985.437458,551.4005099771401,289.7111733021941
74000.451355,580.8583250152534,308.22307385283506
74015.868193,627.6035901953666,327.1052129659081
74030.752959,627.6035901953666,327.1052129659081
74045.799169,743.3603562923694,378.5683008437952
74060.458482,702.5619739787162,459.28020246299616
74075.50116,676.5616489802101,578.3117641409857
74090.434644,790.2439210421609,640.3266612613434
74105.460362,851.2340450843571,681.4231038748092
74765.784134,925.0860319987378,-127.3618030938997
74780.762742,807.6696707700947,-235.1009828747028
77746.591064,918.4476511534468,-125.32549539942332
77761.589632,959.5226326302228,-90.89338243645123
77776.593756,959.5226326302228,-90.89338243645123
77791.585079,959.5226326302228,-90.89338243645123
77808.97076,959.5226326302228,-90.89338243645123
77821.94312,959.5226326302228,-90.89338243645123
81524.509363,851.6489438872967,680.3123891754665
81539.738109,850.6808466776846,674.5736965848478
81554.507592,975.150487530671,567.0194999519927
81614.514044,965.4695154640508,219.5510751212694
81629.568624,828.6912101199108,97.92791536442772
81644.509365,723.7218129406773,-13.328561983977815
81659.508915,596.0712811433489,-128.10227862216163
81674.518381,556.3792956166712,-256.759887945414
85329.570408,58.63903092514816,138.8392039557585
85344.573675,251.56697463169277,208.99929321567333
85359.569639,251.56697463169277,208.99929321567333
85374.584764,329.5679497105865,232.50940401963325
85389.955368,446.4311127058828,269.1629643266572
85404.57003,449.75030313385247,310.6296209564312
85419.86064,449.75030313385247,310.6296209564312
85434.585279,249.90737941707388,498.1552046054781
85449.590014,207.17280264186232,556.0974741087168
85464.591116,132.35271837758944,645.6951153213192
85479.569741,132.35271837758944,645.6951153213192
87174.918373,852.6170410886511,710.4868058803295
87189.84525,851.9255430865052,711.0421632552494
87204.586269,851.9255430865052,711.0421632552494
87219.569453,851.9255430865052,711.0421632552494
87234.568617,941.6819841109356,587.0123612883632
87399.58671,559.8367856475951,-218.6254050227822
89514.863892,795.7759050774621,-236.02657711951488
89529.583524,932.4159108457312,-117.55050231231004
90414.592007,949.8416605628844,-102.37075362702222
90429.570221,781.9459449808787,-247.5039457015356
90957.138801,680.4340378048206,345.9873526395604
90971.663861,828.6912101199108,406.33615574801286
90986.912266,828.6912101199108,406.33615574801286
200271.163396,1002.9487073113052,-43.87318214321501
200271.164034,1002.9487073113052,-43.87318214321501
200273.798675,983.1718643859292,-61.27435903734863
200288.779643,966.5759122769724,-67.38328272533604
200304.497453,874.3300784450331,-156.4254667963497
200318.800669,765.9031912561267,-64.9767370325475
200333.778094,765.9031912561267,-64.9767370325475
200348.777714,765.9031912561267,-64.9767370325475
200364.135136,765.9031912561267,-64.9767370325475
200378.79611,613.3587312791465,316.9236672913413
200396.472482,648.7634291626143,333.9546165003819
200409.072904,648.7634291626143,333.9546165003819
200424.085825,648.7634291626143,333.9546165003819
200439.629912,695.2320951249594,335.8058066646927
200445.458433,695.6469939281462,335.4355686348649
200453.779703,695.6469939281462,335.4355686348649
200469.076137,695.6469939281462,335.4355686348649
200484.174423,695.6469939281462,335.4355686348649
200489.585429,695.6469939281462,335.4355686348649
200498.785487,695.6469939281462,335.4355686348649
200514.133198,697.721487944219,336.17604469211983
200529.118077,722.6154161350378,440.5831784623114
200544.125628,686.1043214544059,583.8653367698321
200559.053454,826.3401169057704,660.1344057887493
200573.817674,826.7550157087527,659.5790484577586
204534.891472,865.6172035836871,680.1272700554401
204548.776823,864.9257055815791,662.7260733388698
204563.869812,930.4797164352968,591.8254576262817
204698.779076,835.4678905715199,108.8499333334394
204713.796773,755.5307211784459,34.802357606439145
204728.781342,677.3914465866354,-55.535673090302005
204743.786765,561.2197816616946,-207.5182736429838
204758.780599,560.8048828581876,-238.80335985870943
293121.752557,941.543684507259,-115.69931346609133
293136.738123,872.2555844303794,-175.3075915438618
293152.803281,872.532183629563,-175.3075915438618
293166.741361,872.532183629563,-175.3075915438618
293183.104231,820.3932340598963,-217.1444541763613
305712.334437,855.6596323130746,683.4594141604391
305727.33216,855.6596323130746,674.3885774664567
305742.554859,855.6596323130746,674.3885774664567
305757.338204,855.6596323130746,674.3885774664567
305772.349094,855.9362315122777,671.9820289856056
305787.664965,665.9125796916014,508.7069913121491
305802.347871,710.583350843065,406.33615574801286
305817.347641,710.583350843065,406.33615574801286
305832.400422,710.583350843065,406.33615574801286
305847.608042,700.6257795664893,369.8677065596688
305862.337868,634.9334690506016,320.99628554443825
305878.123544,634.9334690506016,320.99628554443825
305892.418557,406.7391271726364,243.4314242917109
305907.657595,312.8336979629765,207.1481034340293
305922.356051,312.8336979629765,207.1481034340293
305937.330628,312.8336979629765,207.1481034340293
305953.32874,312.8336979629765,207.1481034340293
305967.419485,127.65053194141332,172.16061741836776
305989.680585,127.65053194141332,172.16061741836776
305999.225078,127.65053194141332,172.16061741836776
305999.225782,127.65053194141332,172.16061741836776
306001.103139,127.65053194141332,172.16061741836776
306018.310373,114.37377022363248,193.4492991490145
306031.663908,114.37377022363248,193.4492991490145
306048.503836,22.819434203369465,153.09336394149588
306061.092262,22.12793619998562,145.1332485806319
306096.620989,22.12793619998562,145.1332485806319
306096.621676,22.12793619998562,145.1332485806319
306098.254953,22.12793619998562,145.1332485806319
306113.247622,22.12793619998562,145.1332485806319
306142.189787,22.12793619998562,145.1332485806319
306142.781168,22.12793619998562,145.1332485806319
306142.78178,22.12793619998562,145.1332485806319
306144.196472,22.12793619998562,145.1332485806319
306159.153742,22.12793619998562,145.1332485806319
306174.151876,22.12793619998562,145.1332485806319
372118.801094,73.16048905444306,-58.312456616028335
372128.820088,62.373120158397576,-25.91664805323585
372138.810985,36.23449552572383,114.03326394990096
372148.826881,109.53328417502976,159.20228974991738
372158.809232,184.7682672442736,193.63441812646207
372168.801617,248.66268300621803,214.55286261814595
372178.816125,372.7174252820664,244.72725722154988
372188.807186,415.0371032431361,259.9070145592557
372199.479918,455.5588863826305,282.3064132311999
372208.911179,428.4521645595304,331.73318831692694
372219.363865,428.4521645595304,331.73318831692694
372229.123383,428.4521645595304,331.73318831692694
372238.809487,428.4521645595304,331.73318831692694
372248.806471,280.8864900850558,508.1516341119985
372258.801329,250.59887742049992,504.44925278908784
372268.810422,223.49215558816465,535.5492565215519
372278.802608,208.0026002491382,568.5004526176691
372288.816414,198.87482656862304,585.9016467534433
372300.045041,123.50154390460892,649.9528547814995
372309.090518,89.75644120203107,685.1254862192555
372319.178155,79.10737191017627,704.9332321438496
372328.80252,79.10737191017627,704.9332321438496
372340.168953,79.10737191017627,704.9332321438496
385288.855493,846.6701582518233,705.4885895156865
385298.855646,801.4461887245095,631.2558251817795
385308.918803,766.1797904636837,614.2248680068376
385318.884323,654.2954132005564,502.9683002712417
385329.482915,654.2954132005564,502.9683002712417
385344.135422,654.2954132005564,502.9683002712417
385348.828888,654.2954132005564,502.9683002712417
385359.10226,654.2954132005564,502.9683002712417
385368.83943,716.2536344836599,410.2236555305252
385378.826052,680.4340378048206,356.72425583455873
385388.806694,588.6031026833933,308.0379548404538
385398.833085,545.0387283305756,292.30283934272506
385408.82623,545.0387283305756,292.30283934272506
385418.823404,545.0387283305756,292.30283934272506
385428.85718,511.9851236531916,292.8581963540732
385438.854398,465.2398584667074,277.1230812423796
385448.85184,419.7392896857557,312.8510490668647
385458.852149,393.8772642629593,348.3938998859145
385469.163809,351.00438789271595,387.63913331547343
385478.851929,315.1847911887752,422.0712740678453
385488.849566,280.7481904895059,454.6522261729198
385499.340313,262.3543435261158,477.2367507701412
385508.843691,256.5457602752341,473.5343696362231
385521.563605,256.26916107557565,473.9046077449726
385529.122217,256.26916107557565,473.9046077449726
385539.133141,256.26916107557565,473.9046077449726
385549.259987,256.26916107557565,473.9046077449726
385558.802053,256.26916107557565,473.9046077449726
385568.818646,253.08827024220372,472.23853624009655
385578.802048,254.19466705749787,433.9188928163044
385590.17294,261.2479467190876,412.8153220626968
385598.808373,300.2484342592538,368.9421114223082
385610.445556,300.2484342592538,368.9421114223082
385618.823474,360.27046117526567,378.01294375832055
385628.822288,428.8670633631728,393.5629423410498
385638.808449,463.0270648453397,408.9278222638419
385649.28592,474.9208305504234,434.8444880487081
385659.156827,496.6338679259365,459.46532150834906
385669.674493,543.5174327126762,428.3653214968912
385678.818022,584.039215846469,403.1891321350576
385688.836191,584.039215846469,403.1891321350576
385698.857849,584.039215846469,403.1891321350576
385708.821551,584.039215846469,403.1891321350576
385718.809048,627.3269909875302,377.8278247245648
385730.478387,627.3269909875302,377.8278247245648
385738.858759,627.3269909875302,377.8278247245648
385748.91426,638.2526594768855,374.49568222222496
385758.86754,638.2526594768855,374.49568222222496
385768.849129,638.2526594768855,374.49568222222496
385778.848814,638.2526594768855,374.49568222222496
385788.889148,639.4973558868251,369.3123494820744
385798.859618,639.4973558868251,369.3123494820744
385808.858948,711.413148449394,350.800447152673
385819.150756,746.5412471136381,382.8260385123364
385829.027472,739.4879674603582,393.5629423410498
385839.565352,710.583350843065,434.2891309133088
385848.809412,667.8487741123092,513.7052061290758
385858.825797,688.3171150659615,595.1576012687648
385869.431576,804.3504803458119,636.9945173814332
385878.817883,837.9572833894591,655.6915471486826
385888.816619,837.9572833894591,655.6915471486826
385899.206735,837.9572833894591,655.6915471486826
385909.14296,837.9572833894591,655.6915471486826
385918.802375,840.3083766034878,660.6897631206125
392748.672225,950.3948589693132,-98.48325695550744
392758.923684,889.4047349532283,-163.27486504624355
392768.70919,880.2769612894142,-169.93914436069142
392784.283006,880.2769612894142,-169.93914436069142
392788.671334,880.2769612894142,-169.93914436069142
392798.657359,880.2769612894142,-169.93914436069142
392809.111849,874.6066776442145,-177.89925567804733
392819.030925,797.4355002895918,-248.2444210789478
457398.039208,33.330203899812965,122.9189736890824
457408.01935,52.69214806952303,130.87908877213
457418.368852,52.69214806952303,130.87908877213
457428.332989,52.69214806952303,130.87908877213
457438.021821,52.69214806952303,130.87908877213
457448.03813,52.69214806952303,130.87908877213
457458.023563,52.69214806952303,130.87908877213
457468.201874,783.605540193245,378.3831818110429
457478.03893,872.3938840340983,419.1093694103996
457488.020446,905.7240878607024,436.1403213577384
457498.046384,905.7240878607024,436.1403213577384
457508.022651,905.7240878607024,436.1403213577384
461028.284199,1023.9702466425772,-44.61365776844012
461039.195605,960.6290294347738,-99.96420806762865
461048.02131,889.5430345486825,-157.72129889675583
461058.104686,798.6801966986817,-117.55050231231004
461069.297362,779.5948517579004,-94.41064136556092
461078.02181,779.5948517579004,-94.41064136556092
461092.656096,779.5948517579004,-94.41064136556092
461098.337097,779.5948517579004,-94.41064136556092
461108.397203,779.5948517579004,-94.41064136556092
461118.050451,779.5948517579004,-94.41064136556092
461128.030912,779.5948517579004,-94.41064136556092
461138.019923,779.5948517579004,-94.41064136556092
461148.042772,779.5948517579004,-94.41064136556092
461159.325105,779.5948517579004,-94.41064136556092
461168.037407,779.5948517579004,-94.41064136556092
461178.030415,779.5948517579004,-94.41064136556092
461188.587049,229.0241396312053,515.5563968039378
461198.377444,205.7898066268353,551.469497124295
461208.02228,187.39595967026725,584.7909322202482
461218.038013,180.48097960368017,588.3081949086223
461228.354437,180.48097960368017,588.3081949086223
461238.68252,180.48097960368017,588.3081949086223
461248.044318,105.79919494185282,551.6546161961277
461258.725391,10.372470092484363,500.19151430367737
461268.02026,10.372470092484363,500.19151430367737
461888.02752,-27.659920243711227,722.33443001444
461898.045269,-27.659920243711227,722.33443001444
461908.037725,-27.659920243711227,722.33443001444
461918.021611,-27.659920243711227,722.33443001444
461928.019911,-27.659920243711227,722.33443001444
461938.035502,-27.659920243711227,722.33443001444
461948.037303,-27.659920243711227,722.33443001444
461958.025515,-27.659920243711227,722.33443001444
461968.021705,-27.659920243711227,722.33443001444
461978.106069,-27.659920243711227,722.33443001444
461988.027367,-27.659920243711227,722.33443001444
461998.030538,-27.659920243711227,722.33443001444
462008.267664,-27.659920243711227,722.33443001444
468457.361377,168.58721390133402,611.4480815535269
468467.353252,167.3425174902274,614.2248680068376
468477.562407,167.3425174902274,614.2248680068376
468487.612506,167.3425174902274,614.2248680068376
468497.99822,167.3425174902274,614.2248680068376
468509.657246,167.3425174902274,614.2248680068376
468517.348656,167.3425174902274,614.2248680068376
468537.605276,167.3425174902274,614.2248680068376
468537.605823,167.3425174902274,614.2248680068376
468544.20432,167.3425174902274,614.2248680068376
468554.221281,163.6084282571948,614.0397489064983
468564.211098,120.18235347512832,654.9510707085902
468575.253268,106.62899254934078,671.9820289856056
468584.214593,93.21393123554012,685.1254862192555
468594.478495,93.21393123554012,685.1254862192555
468604.439086,93.21393123554012,685.1254862192555
468614.202209,93.21393123554012,685.1254862192555
468624.219685,93.21393123554012,685.1254862192555
470480.678192,494.28277470909046,670.6861951848728
470490.676997,528.3044765905381,659.5790484577586
470500.682792,619.3056141292452,704.0076365305026
470510.688258,644.0612427228349,717.5213326887975
472740.680281,856.3511303152097,691.0492980185314
472750.707711,816.7974444365349,640.5117803590083
472763.99712,701.870475976172,575.7200969337074
472772.582034,675.8701509693509,503.15341933895553
472780.682024,722.7537157305836,402.44865598877504
472790.693827,671.4445637376368,352.0962803017511
472800.701173,596.762779146274,316.18319124592006
472810.689823,514.612816077566,278.2337952386046
472820.679348,506.8680384163903,282.67665123925
472830.684932,506.8680384163903,282.67665123925
472841.186469,506.8680384163903,282.67665123925
472850.985265,486.1230982439399,275.8272482467876
472860.679567,429.8351605658238,296.0052194313613
472874.585207,429.8351605658238,296.0052194313613
472880.754633,429.8351605658238,296.0052194313613
472890.679711,429.8351605658238,296.0052194313613
472900.680022,429.8351605658238,296.0052194313613
472911.573283,377.834510528609,350.4302091149385
472920.68877,373.5472228891471,360.0563982438135
472930.68647,373.5472228891471,360.0563982438135
472940.671105,279.22689487064764,478.7177032375001
472950.672502,255.8542622719604,498.71056179557854
472961.088099,230.6837348457176,514.2605633330022
472970.91906,226.67304641339248,529.2552080320551
472980.697901,205.09830862352212,567.3897381150333
472990.673516,179.09798359687284,598.674864024858
473000.990301,141.34219246289297,634.4028499238974
473011.439974,117.55466104900272,655.6915471486826
473020.673394,96.9480204687404,673.8332201216434
473030.688217,82.01166353590219,699.7498967090072
473041.392155,82.01166353590219,699.7498967090072
473050.778872,82.01166353590219,699.7498967090072
473060.673154,82.01166353590219,699.7498967090072
473070.997784,82.01166353590219,699.7498967090072
473080.999146,82.01166353590219,699.7498967090072
473090.985546,82.01166353590219,699.7498967090072
473101.617473,82.01166353590219,699.7498967090072
473111.740191,82.01166353590219,699.7498967090072
473120.680188,82.01166353590219,699.7498967090072
473131.3855,82.01166353590219,699.7498967090072
473141.313421,82.01166353590219,699.7498967090072
473151.428117,82.01166353590219,699.7498967090072
473160.736732,82.01166353590219,699.7498967090072
475171.034512,969.4802038960318,-100.88980252100188
475181.070695,912.6390679137644,-140.3201246562266
475191.000633,868.1065964011632,-170.12426323390687
475200.690691,792.0418158499841,-106.25825027545368
475210.690302,792.0418158499841,-106.25825027545368
475220.694582,792.0418158499841,-106.25825027545368
475230.691902,792.0418158499841,-106.25825027545368
475241.219929,792.0418158499841,-106.25825027545368
475251.654627,792.0418158499841,-106.25825027545368
475260.678667,792.0418158499841,-106.25825027545368
475271.196962,792.0418158499841,-106.25825027545368
475280.693246,792.0418158499841,-106.25825027545368
475291.445586,713.9025412685132,354.13258953125865
475300.734433,733.4027850171035,359.68616020142696
475310.73265,733.6793842164396,359.871279227735
475322.334869,734.6474814264947,360.426636298645
475331.316242,743.6369554916956,375.97663445092127
475341.076134,689.9767102787443,362.8331836002799
475351.011089,596.3478803428092,310.2593829428757
475361.297397,528.581075790052,282.3064132311999
475370.673539,528.581075790052,282.3064132311999
475380.67396,528.581075790052,282.3064132311999
475390.674857,528.581075790052,282.3064132311999
475400.687368,528.581075790052,282.3064132311999
475414.209417,459.2929756140006,261.9433234934596
475420.716305,452.3779955586127,263.05403746306104
475431.118942,452.3779955586127,263.05403746306104
475441.058766,452.3779955586127,263.05403746306104
475450.742702,452.3779955586127,263.05403746306104
475461.000299,452.3779955586127,263.05403746306104
475471.040084,452.3779955586127,263.05403746306104
475480.689013,452.3779955586127,263.05403746306104
475490.874881,245.89669098483876,500.561752427971
475501.511868,230.130536446531,505.1897290539288
475511.073507,195.1407373356949,569.9814052877116
475521.606879,185.7363644555344,577.015930542194
475532.932018,174.25749754863878,580.5331931857951
475540.895927,133.32081558903715,637.3647555863627
475550.954547,133.32081558903715,637.3647555863627
475560.953333,133.32081558903715,637.3647555863627
475570.94291,133.32081558903715,637.3647555863627
475580.956922,133.32081558903715,637.3647555863627
475597.42849,133.32081558903715,637.3647555863627
475600.742312,133.32081558903715,637.3647555863627
475610.677556,133.32081558903715,637.3647555863627
475620.677316,133.32081558903715,637.3647555863627
475631.061924,133.32081558903715,637.3647555863627
475640.930997,133.32081558903715,637.3647555863627
475650.967867,133.32081558903715,637.3647555863627
475661.283789,133.32081558903715,637.3647555863627
475671.826293,133.32081558903715,637.3647555863627
475680.971449,133.32081558903715,637.3647555863627
475693.261031,133.32081558903715,637.3647555863627
478743.022163,854.829834707208,687.9022729948308
478753.01617,854.829834707208,687.9022729948308
478763.246667,854.829834707208,687.9022729948308
478773.355756,854.829834707208,687.9022729948308
478783.317902,793.5631114666288,631.2558251817795
478793.316186,688.8703134729751,578.1266450615491
478803.022089,673.1041589505138,485.7522274694534
478813.023909,722.477116531237,384.1218717270221
478823.036248,672.6892601472955,331.9183073348243
478833.039595,609.3480428498576,305.44628873653056
478843.037989,609.3480428498576,305.44628873653056
478853.031932,609.3480428498576,305.44628873653056
478863.209027,499.8147587578806,272.680225279581
478873.025175,466.7611540766466,263.42427544859606
478883.931467,398.85604990552,240.65463945863573
478894.983184,316.982685998934,213.4421487340116
478904.129797,306.7485155128644,203.6308428443636
478913.160073,306.7485155128644,203.6308428443636
478923.61177,306.7485155128644,203.6308428443636
478933.343336,160.9807358312952,150.87193639099246
478943.036354,160.9807358312952,150.87193639099246
478953.022185,114.09717101568376,155.31479150061082
478963.03399,114.09717101568376,155.31479150061082
478973.75416,111.60777819352369,157.72133803732564
478983.047836,110.91628019015988,163.46002594981354
478993.037586,93.21393123554012,197.52191660862465
479003.021436,82.97976073912115,196.2260837758725
479013.023351,30.14931307419837,166.60704838573287
479023.039685,18.11724776700372,163.64514491866993
479033.049956,10.372470092484363,175.12252091431378
479043.069774,-6.5000812550760045,222.5129788487761
548692.64526,859.393721539585,670.3159569612562
548703.083036,858.9788227366586,669.0201231631052
548712.99531,858.9788227366586,669.0201231631052
548722.648414,858.9788227366586,669.0201231631052
548732.643341,865.7555031874098,654.9510707085902
548742.66716,908.9049786881208,590.8998621769487
548752.652967,869.0746936108519,550.7290208056925
548762.650985,790.6588198452031,463.5379406726253
548772.666495,790.6588198452031,463.5379406726253
548782.655139,762.9988996343933,449.8391308732246
548793.039666,742.6688582816722,437.6212737302913
548803.0837,708.6471564226379,378.1980627896211
548812.869856,695.5086943243326,316.9236672913413
548823.339146,758.0201139971675,266.5712983812482
548832.911084,814.1697520146282,228.06654837017447
548842.709368,820.3932340598963,225.28976360354545
548854.40241,820.3932340598963,225.28976360354545
548862.644976,820.3932340598963,225.28976360354545
548872.644897,820.3932340598963,225.28976360354545
548882.945986,820.3932340598963,225.28976360354545
548892.96721,820.3932340598963,225.28976360354545
548902.970197,820.3932340598963,225.28976360354545
548912.993969,820.3932340598963,225.28976360354545
548923.562481,891.0643301647114,176.23323473139172
548932.887998,802.1376867267982,74.41780954884257
548942.971171,718.7430273027366,-14.069037646140352
548952.885761,637.0079630670883,-96.26183027581313
548963.078207,568.9645593217164,-219.1807615869818
563431.910666,856.9043287218689,715.114784034396
563441.901467,856.9043287218689,715.114784034396
563453.064267,857.7341263278753,694.7516804299848
563462.235928,869.4895924137597,653.0998796267954
563471.894949,887.1919413350003,636.4391600697575
563481.894913,887.1919413350003,636.4391600697575
563491.932209,992.8528364433188,569.4260480342763
563562.346666,950.9480573674856,211.2207209705321
563571.879352,950.9480573674856,211.2207209705321
563582.547559,950.9480573674856,211.2207209705321
563592.279604,950.9480573674856,211.2207209705321
563602.36248,950.9480573674856,211.2207209705321
563611.87876,811.9569583958489,85.52494605122004
563621.897114,739.90286626348,19.807724572372905
563631.880101,712.5195452550772,-21.103556345664423
563642.272045,599.3904715700249,-123.2891876886486
563651.889261,568.6879601222339,-215.10814677030436
835541.994682,857.0426283257447,697.8987054858554
835552.8109,923.9796351857495,589.6040285418022
835561.672024,1019.4063598136804,539.9921143228514
838901.943946,1003.3636061139572,-46.835084630025385
838911.909959,974.7355887279612,-81.08208108151327
838921.958686,974.7355887279612,-81.08208108151327
838932.013061,927.575424815707,-121.06776109354192
838941.663877,860.2235191454349,-180.30580094182343
838952.02252,794.8078078758846,-120.14216668207162
838961.680421,765.3499928575204,-89.59755018734626
838971.652034,765.3499928575204,-89.59755018734626
838981.654076,765.3499928575204,-89.59755018734626
838992.264289,765.3499928575204,-89.59755018734626
839001.669987,456.6652831975353,265.0903464077335
839011.654398,453.069493561798,267.4968933586165
839022.007453,437.856537436354,263.7945134472821
839031.971029,437.856537436354,263.7945134472821
839042.19307,437.856537436354,263.7945134472821
839052.034779,437.856537436354,263.7945134472821
839063.365251,437.856537436354,263.7945134472821
839071.992891,437.856537436354,263.7945134472821
839081.706881,437.856537436354,263.7945134472821
839091.661337,437.856537436354,263.7945134472821
839101.695444,437.856537436354,263.7945134472821
839112.786353,437.856537436354,263.7945134472821
839122.061227,437.856537436354,263.7945134472821
839132.628561,437.856537436354,263.7945134472821
839143.006048,124.33134151194112,155.49991046831877
839152.113982,123.63984350032798,156.2403863170608
839162.433818,120.45895267482156,157.90645699395984
839171.892461,119.21425626382012,159.9427656128301
839181.891458,119.21425626382012,159.9427656128301
839191.661634,119.21425626382012,159.9427656128301
839201.662487,82.28826273560061,194.37489402971607
839211.654228,82.28826273560061,194.37489402971607
839221.654693,82.28826273560061,194.37489402971607
839233.978549,82.28826273560061,194.37489402971607
839243.085675,82.28826273560061,194.37489402971607
839251.664265,82.28826273560061,194.37489402971607
839261.66195,82.28826273560061,194.37489402971607
839271.670367,82.28826273560061,194.37489402971607
839281.654397,82.28826273560061,194.37489402971607
839691.652981,-30.287612669922297,214.55286261814595
839701.66387,-30.287612669922297,214.55286261814595
839711.654852,46.46866601403988,127.176709656511
839721.970308,68.18170341017584,135.50706270589058
839733.04461,68.18170341017584,135.50706270589058
839742.002717,68.18170341017584,135.50706270589058
839751.650825,68.18170341017584,135.50706270589058
839761.65706,492.6231794953528,262.8689184636056
839771.890244,492.6231794953528,262.8689184636056
839781.646057,492.6231794953528,262.8689184636056
839791.909336,492.6231794953528,262.8689184636056
839806.917279,714.594039271028,330.80759324644714
839811.656439,748.754040733122,374.6808012535312
839821.654771,749.3072391317626,377.64270570390335
839831.924695,740.8709634736605,392.2671091071065
839841.663732,718.3281284995834,433.7337737791388
839851.646107,671.8594625408571,512.4093726498876
839861.663621,727.5942017729095,605.5242704868964
839871.646522,847.9148546606651,675.3141730487032
841171.65328,503.8254471883943,704.19275565681
841181.65578,495.25087192,675.6844112747335
841192.367706,494.6976735125239,647.7314254926782
841201.655147,491.7933818884816,565.9087854509461
841211.671089,489.3039890677103,536.2897328231521
841221.654776,489.3039890677103,536.2897328231521
841231.654902,489.3039890677103,536.2897328231521
841243.684395,274.24810922725294,649.9528547814995
841301.959548,207.44940184138872,719.3725239570791
841311.995673,180.3426800079669,692.715370097978
841321.670392,180.3426800079669,692.715370097978
841331.655048,180.3426800079669,692.715370097978
841341.669798,180.3426800079669,692.715370097978
841351.668579,180.3426800079669,692.715370097978
841364.994842,168.58721390133402,666.4284555861358
841371.667666,168.58721390133402,666.4284555861358
841381.666596,168.58721390133402,666.4284555861358
841391.652295,168.58721390133402,666.4284555861358
841401.670252,168.58721390133402,666.4284555861358
841411.667657,141.20389285892105,656.0617853644231
841421.65222,109.25668497533488,667.1689320297655
841431.664637,109.25668497533488,667.1689320297655
841441.895882,109.25668497533488,667.1689320297655
841451.665702,109.25668497533488,667.1689320297655
841461.691592,109.25668497533488,667.1689320297655
841472.724576,109.25668497533488,667.1689320297655
841483.31649,109.25668497533488,667.1689320297655
841491.697456,109.25668497533488,667.1689320297655
841501.686886,109.25668497533488,667.1689320297655
922047.535638,836.9891861796445,640.6968994665879
922057.370154,717.7749300926263,587.0123612883632
922067.366375,676.4233493763875,482.9754415784323
922077.355302,717.221731693923,398.7462752914416
922089.673391,701.317277569036,366.1653260412436
922097.725464,701.317277569036,365.79508799411553
922107.819935,701.317277569036,365.79508799411553
922117.988303,692.0512042948573,355.9837797529381
922127.639328,697.4448887364458,314.3320011518404
922137.74679,728.5622989747316,283.7873652454686
922147.398724,818.7336388479187,219.73619410693
922157.409366,845.2871622390934,200.11358227290884
922167.363844,845.2871622390934,200.11358227290884
922180.458438,845.2871622390934,200.11358227290884
922187.349255,847.9148546606651,204.371318758251
922199.216978,847.9148546606651,204.371318758251
922207.676983,859.9469199462372,191.9683473558893
922217.351099,859.9469199462372,191.9683473558893
922227.351032,884.0110505155308,161.60883629899652
922237.351084,836.4359877729391,115.51421557179664
922247.35762,790.2439210421609,74.41780954884257
922257.41942,680.1574386054331,-31.470215353901867
922267.356439,563.7091744818425,-159.20224988292432
922277.34754,504.2403459918178,-169.75402549947125
922287.357794,467.4526520879167,-62.940429138513565
922297.358527,349.0681934788668,-50.5374627111452
922307.350283,312.6953983672855,-56.64638650270168
922317.642081,294.9930494079603,-67.38328272533604
922327.712836,294.9930494079603,-67.38328272533604
922337.722423,246.17329018450067,-98.11301918003764
922347.372106,246.17329018450067,-104.03682362315182
922357.393929,246.17329018450067,-104.03682362315182
922367.394403,246.17329018450067,-104.03682362315182
922377.394292,246.17329018450067,-104.03682362315182
922387.402983,242.30090134765717,-227.88134768764084
922398.0844,240.22640732954412,-227.88134768764084
922407.444542,240.22640732954412,-227.88134768764084
922417.626192,240.22640732954412,-227.88134768764084
922427.62797,240.22640732954412,-227.88134768764084
922437.658272,240.22640732954412,-227.88134768764084
922448.091303,240.22640732954412,-227.88134768764084
922457.567906,235.3859212898649,-233.2497943699608
922468.077191,234.14122487884023,-235.6563394235511
922477.422513,233.31142727158783,-235.2861017282238
922487.379152,233.5880264712539,-237.87776561770343
922497.366912,233.17312766762743,-235.2861017282238
922507.584734,231.7901316610412,-234.54562632498647
922524.378679,231.7901316610412,-234.54562632498647
922527.500158,228.6092408275768,-236.95217137483928
922538.332852,227.36454441668997,-237.13729021722745
924596.294398,820.1166348606521,-235.2861017282238
924606.920357,836.1593885737132,-217.32957303514087
924616.625232,836.1593885737132,-217.32957303514087
924626.526947,858.1490251308037,-195.48554775574436
924636.514696,928.6818216204229,-126.62132756429124
924646.301113,986.4910548075896,-74.41780083524566
928919.317799,1002.1189097059988,-57.75709991268956
928931.421854,1002.1189097059988,-57.75709991268956
928939.411083,949.5650613637964,-105.70289361394585
928949.397669,885.9472449263677,-153.83380256287805
928959.094879,814.1697520146282,-127.54692197828932
928969.10305,762.7223004350874,-65.34697483881158
928979.101863,762.7223004350874,-65.34697483881158
928989.109322,762.7223004350874,-65.34697483881158
928999.102683,762.7223004350874,-65.34697483881158
929009.155605,762.7223004350874,-65.34697483881158
929019.176529,590.539297096163,307.8528358302108
929029.136303,655.4018100148544,331.36295029108254
929039.153165,660.7954944571029,332.843902408326
929050.294004,660.7954944571029,332.843902408326
929059.498285,660.7954944571029,332.843902408326
929069.420361,660.7954944571029,332.843902408326
929078.797953,663.5614864760522,333.7694974925332
929079.338634,663.5614864760522,333.7694974925332
929089.11184,685.9660218504403,326.36473690834424
929099.094291,695.7852935237055,333.9546165003819
929109.096345,695.5086943243326,336.73140174117185
929119.10246,695.5086943243326,336.73140174117185
929129.42061,695.5086943243326,336.73140174117185
929139.110485,695.5086943243326,336.73140174117185
929149.09459,695.5086943243326,336.73140174117185
929159.40005,695.5086943243326,336.73140174117185
929169.345613,695.5086943243326,336.73140174117185
929179.424359,695.5086943243326,336.73140174117185
929189.412362,695.5086943243326,336.73140174117185
929199.38684,695.5086943243326,336.73140174117185
929209.404148,695.5086943243326,336.73140174117185
929221.08527,695.5086943243326,336.73140174117185
929229.465513,695.5086943243326,336.73140174117185
929239.442572,695.5086943243326,336.73140174117185
929249.099581,695.5086943243326,336.73140174117185
929259.110591,695.5086943243326,336.73140174117185
929269.116847,695.5086943243326,336.73140174117185
929279.116629,717.4983308932748,349.689733030503
929289.111086,717.4983308932748,349.689733030503
929299.821834,717.4983308932748,349.689733030503
929309.423895,717.4983308932748,349.689733030503
929319.423012,717.4983308932748,349.689733030503
929330.513107,717.4983308932748,349.689733030503
929339.458882,717.4983308932748,349.689733030503
929350.15303,717.4983308932748,349.689733030503
929359.4547,717.4983308932748,349.689733030503
929369.928435,717.4983308932748,349.689733030503
929379.442201,717.4983308932748,349.689733030503
929389.832388,717.4983308932748,349.689733030503
929399.5425,717.4983308932748,349.689733030503
929409.417661,717.4983308932748,349.689733030503
929419.760527,726.0729061558891,342.65521030406774
929430.580866,726.0729061558891,342.65521030406774
929440.160124,726.0729061558891,342.65521030406774
929449.394466,724.5516105469678,352.6516373639957
929461.599542,724.5516105469678,352.6516373639957
929469.994826,724.5516105469678,352.6516373639957
929479.520174,729.3920965811548,358.2052080212945
929489.111147,730.7750925943607,358.3903270365025
929499.372628,730.7750925943607,358.3903270365025
929509.11708,734.2325826233649,360.0563982438135
929519.103237,734.2325826233649,360.0563982438135
929531.755003,734.2325826233649,360.0563982438135
929539.394326,734.2325826233649,360.0563982438135
929549.118948,734.2325826233649,360.0563982438135
929559.117271,734.2325826233649,360.0563982438135
929570.035215,734.2325826233649,360.0563982438135
929581.203717,734.2325826233649,360.0563982438135
929589.566796,734.2325826233649,360.0563982438135
929599.453127,734.2325826233649,360.0563982438135
929609.451176,734.2325826233649,360.0563982438135
929620.820491,734.2325826233649,360.0563982438135
929629.45505,734.2325826233649,360.0563982438135
929639.1185,734.2325826233649,360.0563982438135
929649.120786,734.2325826233649,360.0563982438135
929659.46017,734.2325826233649,360.0563982438135
929669.812859,734.2325826233649,360.0563982438135
929683.435647,734.2325826233649,360.0563982438135
929690.624241,734.2325826233649,360.0563982438135
929699.438821,734.2325826233649,360.0563982438135
929710.128541,734.2325826233649,360.0563982438135
929720.51206,734.2325826233649,360.0563982438135
929729.673713,734.2325826233649,360.0563982438135
929739.102882,734.2325826233649,360.0563982438135
929750.06253,734.2325826233649,360.0563982438135
929759.12111,734.2325826233649,360.0563982438135
929769.097057,734.2325826233649,360.0563982438135
929779.09537,734.2325826233649,360.0563982438135
929791.878447,734.2325826233649,360.0563982438135
929799.442156,734.2325826233649,360.0563982438135
929809.624657,734.2325826233649,360.0563982438135
929819.403873,735.8921778358801,359.1308031321497
929831.323287,753.73282637052,366.9058021449092
929839.48703,753.4562271629501,368.57187337569127
929849.45765,753.4562271629501,368.57187337569127
929859.153445,753.4562271629501,368.57187337569127
929869.302378,753.4562271629501,368.57187337569127
929879.114071,753.4562271629501,368.57187337569127
929889.100433,750.5519355410815,368.57187337569127
929899.123129,752.3498303574306,375.0510393052409
929909.102332,752.3498303574306,375.0510393052409
929919.413446,758.7116120078258,391.71175200979656
929929.342198,759.4031100102279,397.6355610843053
929939.569505,758.8499116033537,395.96948977819466
929949.492104,758.8499116033537,395.96948977819466
929959.373429,758.8499116033537,395.96948977819466
929969.824176,758.8499116033537,395.96948977819466
929979.12312,758.8499116033537,395.96948977819466
929989.102762,758.8499116033537,395.96948977819466
929999.103203,758.8499116033537,395.96948977819466
930009.102093,757.328615994762,402.2635369487168
930019.19297,755.6690207822301,405.2254415278909
930029.83227,755.6690207822301,405.2254415278909
930039.368251,755.6690207822301,405.2254415278909
930049.36299,755.6690207822301,405.2254415278909
930059.344126,755.6690207822301,405.2254415278909
930069.939927,755.6690207822301,405.2254415278909
930079.478732,748.754040733122,397.45044204649
930089.453066,748.754040733122,397.45044204649
930099.323314,741.977360279227,403.0040130949255
930109.102663,709.3386544335672,444.6557975072979
930113.386759,679.189341395194,485.0117512264726
930119.095437,674.0722561609201,514.630801465394
930129.111544,723.3069141375311,592.9361721714608
930139.105374,806.7015735601606,639.2159466336866
930149.447582,810.0207639844122,636.6242791659722
930162.026414,841.967971815466,671.6117907490058
932288.723571,850.8191462814167,677.535602434625
932298.244782,762.4457012357809,616.2611780764443
932308.541994,661.0720936565076,512.4093726498876
932318.109322,661.0720936565076,512.4093726498876
932328.099587,661.0720936565076,512.4093726498876
932338.109147,724.2750113476222,412.2599649469182
932348.091661,667.4338753090838,349.3194949936958
932358.279704,576.0178389788985,294.1540293840125
932368.113575,576.0178389788985,294.1540293840125
932378.476554,576.0178389788985,294.1540293840125
932388.695598,515.4426136845381,270.0885593084797
932398.098619,465.2398584667074,253.98320676806532
932408.112998,447.122610717184,274.53141525314686
932419.776825,447.122610717184,274.53141525314686
932428.098566,447.122610717184,274.53141525314686
932438.098272,447.122610717184,274.53141525314686
932448.44094,447.122610717184,274.53141525314686
932458.114995,367.876939243342,402.0784179203372
932468.101732,367.876939243342,402.0784179203372
932478.114351,367.876939243342,402.0784179203372
932488.42463,367.876939243342,402.0784179203372
932498.110505,277.01410125693377,504.8194909255355
932508.091896,247.83288539897976,500.00639523449007
932518.419278,218.5133699444318,532.5873513456664
932528.48816,183.9384696369791,595.3427203643912
932538.096143,171.07660672324857,588.6784330946382
932548.09494,165.5446226716437,583.4950985960841
932558.110145,165.5446226716437,583.4950985960841
932568.095836,165.5446226716437,583.4950985960841
932578.105831,165.5446226716437,583.4950985960841
932588.108022,165.5446226716437,583.4950985960841
932598.096247,165.5446226716437,583.4950985960841
932608.15448,-22.2662357955623,491.3057992904118
932619.068568,-22.2662357955623,491.3057992904118
932628.095635,-22.2662357955623,491.3057992904118
932639.505846,-26.00032502883987,487.0480608933472
932648.355014,-26.00032502883987,487.0480608933472
932868.098475,42.45797758107344,114.9588587161462
932878.108481,103.44810172380424,138.28384708019618
932888.09755,133.32081558903715,161.4237173313988
932898.097381,133.32081558903715,161.4237173313988
932908.237338,133.32081558903715,161.4237173313988
932918.11315,133.32081558903715,161.4237173313988
932928.097751,310.2060055456388,224.1790497007241
932938.369843,310.2060055456388,224.1790497007241
932948.334077,349.8979910859821,236.5820217320861
932958.316054,349.8979910859821,236.5820217320861
932968.347291,349.8979910859821,236.5820217320861
932978.336655,422.5052817064957,255.46415871659104
932988.322583,422.5052817064957,255.46415871659104
932998.491464,422.5052817064957,255.46415871659104
933008.392498,448.5056067232744,265.6457033944407
933018.417191,448.5056067232744,265.6457033944407
933028.753068,448.5056067232744,265.6457033944407
933038.114268,603.9543584067437,318.0343813577251
933050.66586,635.2100682500294,328.7712840910178
933058.109928,668.9551709181568,332.843902408326
933068.098691,713.4876424653527,341.91473422729416
933078.110317,748.2008423260786,372.8296109773403
933088.113849,747.9242431267576,377.0873486190583
933098.546087,747.9242431267576,377.0873486190583
933108.393945,740.0411658672721,393.93318040285385
933119.290588,680.0191390016123,469.46175040736506
933128.638604,664.2529844786851,541.8433050857124
933138.110072,735.7538782320861,593.8617676246369
933148.113818,813.6165536078721,624.9617757326731
933158.110294,827.4465137109706,637.7349937903086
933168.106843,837.9572833894591,657.1725000212742
933178.30999,849.7127494679211,705.6737086435547
934688.108892,856.0745311160064,676.0546495022519
934698.11267,901.713399435795,612.3736770332612
934709.378172,952.3310533795684,575.1647396757281
934718.113195,952.3310533795684,575.1647396757281
1009082.160162,817.6272420425314,-217.32957303514087
1009092.17012,839.6168786013064,-195.85578548593364
1009102.323536,838.5104817879069,-197.70697408774916
1009112.160233,838.5104817879069,-197.70697408774916
1009122.171859,838.5104817879069,-197.70697408774916
1009132.170175,864.2342075710674,-176.04806700522198
1009142.228127,919.0008495517012,-130.13858630732912
1009152.156501,957.4481386163676,-98.48325695550744
1009162.173929,961.1822278411746,-94.78087915446876
1009172.169539,961.1822278411746,-94.78087915446876
1009182.154365,961.1822278411746,-94.78087915446876
1009192.580027,1010.0019869565672,-57.01662431340635
1009202.160249,1010.0019869565672,-57.01662431340635
1009212.167846,1010.0019869565672,-57.01662431340635
1009222.171441,1010.0019869565672,-57.01662431340635
1009232.172985,1010.0019869565672,-57.01662431340635
1009242.155472,1010.0019869565672,-57.01662431340635
1009252.163684,1010.0019869565672,-57.01662431340635
1009262.239262,1010.0019869565672,-57.01662431340635
1009272.535669,1010.0019869565672,-57.01662431340635
1009282.157845,1010.0019869565672,-57.01662431340635
1009292.155306,1010.0019869565672,-57.01662431340635
1009303.321966,1010.0019869565672,-57.01662431340635
1009312.156081,1010.0019869565672,-57.01662431340635
1009322.43489,1010.0019869565672,-57.01662431340635
1009332.414474,1010.0019869565672,-57.01662431340635
1009342.827326,1010.0019869565672,-57.01662431340635
1009352.155114,1010.0019869565672,-57.01662431340635
1009362.155038,1010.0019869565672,-57.01662431340635
1009372.393843,1010.0019869565672,-57.01662431340635
1009382.424165,1010.0019869565672,-57.01662431340635
1025631.138826,902.2665978423454,-233.0646755264936
1025641.154739,861.6065151580787,-185.1188914324233
1025651.139824,801.7227879237741,-119.77192891856076
1025661.140294,750.6902351448681,-57.75709991268956
1025671.139364,750.6902351448681,-57.75709991268956
1025681.138211,750.6902351448681,-57.75709991268956
1025691.152692,750.6902351448681,-57.75709991268956
1025701.154532,750.6902351448681,-57.75709991268956
1025711.441383,750.6902351448681,-57.75709991268956
1025721.4143,750.6902351448681,-57.75709991268956
1025731.184035,667.0189765058578,363.2034216546001
1025738.556066,667.0189765058578,363.2034216546001
1025741.155125,682.6468314248199,363.7587787275549
1025751.136946,682.6468314248199,363.7587787275549
1025761.152958,682.6468314248199,363.7587787275549
1025771.153404,682.6468314248199,363.7587787275549
1025781.920141,682.6468314248199,363.7587787275549
1025791.425638,682.6468314248199,363.7587787275549
1025801.508285,681.4021350150555,365.9802070242085
1025811.13902,680.4340378048206,368.7569924046457
1025821.139265,680.4340378048206,368.7569924046457
1025831.525625,680.4340378048206,368.7569924046457
1025841.490997,680.4340378048206,368.7569924046457
1025851.567189,680.4340378048206,368.7569924046457
1025861.455038,680.4340378048206,368.7569924046457
1025871.324245,685.136224244039,359.68616020142696
1025881.137894,685.136224244039,359.68616020142696
1025891.153597,685.136224244039,359.68616020142696
1025901.154005,685.136224244039,359.68616020142696
1025911.401886,685.136224244039,359.68616020142696
1025921.655087,696.2001923268915,356.72425583455873
1025931.144049,697.3065891408877,355.42842268758505
1025941.137545,697.3065891408877,355.42842268758505
1025951.48344,702.1470751755388,346.54270969752537
1025961.422298,702.7002735825263,344.13616244683107
1025971.434862,702.7002735825263,344.13616244683107
1025981.824469,702.7002735825263,344.13616244683107
1025991.417571,702.7002735825263,344.13616244683107
1026001.136396,702.7002735825263,344.13616244683107
1026011.974353,704.3598687952272,344.3212814698396
1026021.159577,712.5195452550772,352.4665183394599
1026031.139336,709.615253632927,353.577232466808
1026041.154036,713.2110432575951,355.798660727012
1026051.135591,714.4557396672236,355.6135417003986
1026061.953075,714.4557396672236,355.6135417003986
1026072.408087,714.4557396672236,355.6135417003986
1026081.659192,714.4557396672236,355.6135417003986
1026091.805465,714.4557396672236,355.6135417003986
1026101.583198,714.4557396672236,355.6135417003986
1026111.898409,714.4557396672236,355.6135417003986
1026121.137838,714.4557396672236,355.6135417003986
1026131.154069,714.4557396672236,355.6135417003986
1026141.159626,714.4557396672236,355.6135417003986
1026151.138367,714.4557396672236,355.6135417003986
1026161.157949,714.4557396672236,355.6135417003986
1026171.136403,714.4557396672236,355.6135417003986
1026181.711625,714.4557396672236,355.6135417003986
1026192.196641,714.4557396672236,355.6135417003986
1026201.138525,714.4557396672236,355.6135417003986
1026211.138887,714.4557396672236,355.6135417003986
1026222.082228,714.4557396672236,355.6135417003986
1026231.596921,714.4557396672236,355.6135417003986
1026241.156395,714.4557396672236,355.6135417003986
1026251.139358,714.4557396672236,355.6135417003986
1026261.137608,722.3388169274365,362.27782652689126
1026271.139501,722.477116531237,362.27782652689126
1026281.154886,722.477116531237,362.27782652689126
1026291.138155,722.477116531237,362.27782652689126
1026301.138202,722.477116531237,362.27782652689126
1026311.720847,722.477116531237,362.27782652689126
1026321.574879,722.477116531237,362.27782652689126
1026331.577858,722.477116531237,362.27782652689126
1026341.562024,722.477116531237,362.27782652689126
1026351.584401,722.477116531237,362.27782652689126
1026361.538701,722.477116531237,362.27782652689126
1026371.138337,722.477116531237,362.27782652689126
1026381.556065,722.477116531237,362.27782652689126
1026391.15342,722.477116531237,362.27782652689126
1026401.13854,722.477116531237,362.27782652689126
1026411.541921,722.477116531237,362.27782652689126
1026421.138197,722.477116531237,362.27782652689126
1026431.709885,722.477116531237,362.27782652689126
1026441.534035,722.477116531237,362.27782652689126
1026451.544879,722.477116531237,362.27782652689126
1026465.292858,722.477116531237,362.27782652689126
1026471.13827,722.477116531237,362.27782652689126
1026481.135717,738.3815706547817,359.871279227735
1026491.154704,738.3815706547817,359.871279227735
1026501.135637,738.3815706547817,359.871279227735
1026511.158061,738.3815706547817,359.871279227735
1026521.154757,743.3603562923694,373.0147300088364
1026531.373808,743.3603562923694,373.0147300088364
1026541.138481,743.3603562923694,373.0147300088364
1026551.331753,757.6052151940731,383.5665146370747
1026561.160126,757.6052151940731,383.5665146370747
1026571.136982,757.6052151940731,383.5665146370747
1026581.151912,757.6052151940731,383.5665146370747
1026591.137212,757.6052151940731,383.5665146370747
1026601.558775,757.6052151940731,383.5665146370747
1026611.146565,757.6052151940731,383.5665146370747
1026621.796599,757.6052151940731,383.5665146370747
1026631.138443,757.6052151940731,383.5665146370747
1026641.161364,749.8604375386567,389.3052045996797
1026653.67715,749.8604375386567,389.3052045996797
1026661.153784,749.8604375386567,389.3052045996797
1026671.139427,749.8604375386567,389.3052045996797
1026681.164635,750.1370367379757,398.37603721313405
1026691.138147,750.8285347486544,398.190918186553
1026701.412995,750.8285347486544,398.190918186553
1026711.438907,750.8285347486544,398.190918186553
1026721.429635,750.8285347486544,398.190918186553
1026731.160787,750.8285347486544,398.190918186553
1026741.162413,750.8285347486544,398.190918186553
1026751.411475,750.8285347486544,398.190918186553
1026761.159215,750.8285347486544,398.190918186553
1026771.144771,750.8285347486544,398.190918186553
1026781.161972,750.8285347486544,398.190918186553
1026791.596511,750.8285347486544,398.190918186553
1026801.145244,750.8285347486544,398.190918186553
1026811.157148,750.8285347486544,398.190918186553
1026821.154035,750.8285347486544,398.190918186553
1026831.440528,750.8285347486544,398.190918186553
1026841.75713,750.8285347486544,398.190918186553
1026851.145614,750.8285347486544,398.190918186553
1026861.139349,750.8285347486544,398.190918186553
1026871.136463,750.8285347486544,398.190918186553
1026881.909848,750.8285347486544,398.190918186553
1026891.153841,750.8285347486544,398.190918186553
1026901.158572,750.8285347486544,398.190918186553
1026911.164076,750.8285347486544,398.190918186553
1026921.158602,747.7859435229695,408.74270323374327
1026931.139986,711.9663468481087,404.11472731054806
1026940.222188,689.146912672354,373.9403251400796
1026941.162012,689.146912672354,373.9403251400796
1026951.146311,687.0724186563682,370.0528255792068
1026961.138303,685.9660218504403,363.2034216546001
1026971.530895,722.8920153343845,287.85998327411374
1026981.153767,722.8920153343845,287.85998327411374
1026991.138666,722.8920153343845,287.85998327411374
1027001.141128,722.8920153343845,287.85998327411374
1027011.138113,722.8920153343845,287.85998327411374
1027021.167882,722.8920153343845,287.85998327411374
1091728.303785,36.78769393338247,113.47790709503712
1091738.262213,89.0649431986599,143.2820589830755
1091749.531587,126.12923632247066,156.42550528450428
1091758.259778,126.12923632247066,156.42550528450428
1091769.139608,147.84227371763652,167.3475242465959
1091778.288469,181.0341780112964,183.08263665119168
1091788.300155,228.47094123187017,189.00644376993844
1091798.300044,228.47094123187017,189.00644376993844
1091808.288619,356.6746715470926,244.72725722154988
1091818.290071,356.6746715470926,244.72725722154988
1091828.300258,432.6011525947599,266.94153636959675
1091838.301397,521.9426949353332,307.29747880524866
1091848.302088,521.9426949353332,307.29747880524866
1091858.300098,623.178002954566,358.76056509029786
1091868.310184,623.178002954566,358.76056509029786
1091878.260421,623.178002954566,358.76056509029786
1091889.311332,623.178002954566,358.76056509029786
1091898.580804,634.2419710479038,359.871279227735
1091908.258966,678.6361429964167,360.2415172712198
1091918.260848,747.0944455205378,363.573659700156
1091928.464348,747.6476439191816,363.3885406720669
1091938.259411,747.6476439191816,363.3885406720669
1091949.849966,747.6476439191816,363.3885406720669
1091958.265979,747.6476439191816,363.3885406720669
1091968.298116,742.5305586861357,391.71175200979656
1091978.297843,699.3810831569481,460.5760358222022
1091988.319169,668.5402721149327,572.3879533932701
1091998.298845,803.1057839367501,662.9111924546805
1092008.243751,808.9143671791337,660.6897631206125
1092018.265278,808.9143671791337,660.6897631206125
1092028.577302,808.9143671791337,660.6897631206125
1092038.96387,808.9143671791337,660.6897631206125
1092048.310968,840.0317774042662,684.9403670983929
1093798.251602,856.2128307197355,696.4177525177191
1093808.837364,856.4894299189377,697.3433481208993
1093819.018402,856.4894299189377,697.3433481208993
1093828.969694,856.4894299189377,697.3433481208993
1093838.567855,906.6921850700836,613.6695107154187
1093848.262136,966.2993130695044,575.9052160235062
1093928.250796,966.437612673312,240.0992824930781
1093938.250093,915.9582583365216,187.34037301157647
1093948.245685,915.9582583365216,187.34037301157647
1093958.252552,830.0742061327359,115.88445347188518
1093968.243129,778.9033537555509,67.75352774240719
1093978.385288,779.0416533593227,66.82793304511858
1093989.318233,746.5412471136381,35.17259545934675
1093998.246186,679.189341395194,-33.13628553441419
1094008.244237,619.3056141292452,-89.78266908351125
1094018.24766,567.4432637121796,-168.82843114610682
1097537.70544,764.6584948468793,-271.5693952583996
1097547.686317,802.1376867267982,-252.87239221791512
1097557.704226,821.9145296681143,-223.2533763664233
1097567.364733,821.9145296681143,-223.6236140810251
1097577.706085,821.9145296681143,-223.6236140810251
1097594.635601,821.9145296681143,-223.6236140810251
1097597.279555,821.9145296681143,-223.6236140810251
1097608.158078,849.0212514657667,-196.22602320403615
1097617.356845,896.5963141975449,-151.79749495515026
1097627.262291,948.4586645509332,-108.8499146912268
1097637.58248,984.6931599930444,-69.41959060403735
1097647.270786,991.1932412326208,-67.38328272533604
1097657.260219,991.1932412326208,-67.38328272533604
1097667.518893,991.1932412326208,-67.38328272533604
1097677.52995,991.1932412326208,-67.38328272533604
1097687.54855,1001.7040109033442,-47.57556025198341
1097697.261406,1001.7040109033442,-47.57556025198341
1097707.371635,996.5869256674893,-42.94758761914243
1097717.26313,996.5869256674893,-42.94758761914243
1097727.279624,996.5869256674893,-42.94758761914243
1097737.564466,996.5869256674893,-42.94758761914243
1097747.274839,996.5869256674893,-42.94758761914243
1097757.581338,996.5869256674893,-42.94758761914243
1097767.275415,996.5869256674893,-42.94758761914243
1097777.278483,996.5869256674893,-42.94758761914243
1097787.262528,996.5869256674893,-42.94758761914243
1177609.602816,24.75562862619855,119.4017135761622
1177616.602483,48.40486043686099,120.88266519942228
1177623.610604,91.13943721717465,139.39456083289593
1177630.642721,91.13943721717465,139.39456083289593
1177640.804787,91.13943721717465,139.39456083289593
1177644.72804,199.28972537226448,185.11894534028215
1177652.04028,199.28972537226448,185.11894534028215
1177658.571793,330.12114811809954,231.02845213791
1177665.851608,373.1323240856069,248.2445180387317
1177675.391389,408.8136211902007,261.2028475110272
1177679.808541,459.0163764144402,283.6022462404417
1177686.807605,459.0163764144402,283.6022462404417
1177694.053614,459.0163764144402,283.6022462404417
1177700.883732,576.4327377822407,318.4046193756405
1177708.502849,593.7201879190349,326.36473690834424
1177715.896178,594.9648843289955,325.2540228289055
1177721.853892,594.9648843289955,325.2540228289055
1177728.824854,594.9648843289955,325.2540228289055
1177735.570597,594.9648843289955,325.2540228289055
1177742.566774,594.6882851295337,327.6605700066213
1177749.568978,612.5289336725522,335.9909256836988
1177756.591761,612.5289336725522,335.9909256836988
1177763.607113,667.9870737078816,358.94568410520714
1177770.633588,722.477116531237,351.911161275854
1177777.564565,734.9240806258293,361.5373504395442
1177784.563611,761.2010048265176,378.01294375832055
1177791.662042,761.6159036296061,391.71175200979656
1177798.623589,763.690397645186,395.2290136407766
1177805.60298,763.690397645186,395.2290136407766
1177812.604776,763.690397645186,395.2290136407766
1177819.607951,763.690397645186,395.2290136407766
1177828.484039,763.690397645186,395.2290136407766
1177834.046052,763.690397645186,395.2290136407766
1177840.568177,763.690397645186,395.2290136407766
1177847.603623,763.690397645186,395.2290136407766
1177854.56835,763.690397645186,395.2290136407766
1177861.555984,741.4241618723173,400.5974656307101
1177868.592609,725.3814081534027,419.4796074882165
1177875.600836,717.6366304970778,434.65936900049286
1177885.598928,717.6366304970778,434.65936900049286
1177889.591503,717.6366304970778,434.65936900049286
1177896.590415,717.6366304970778,434.65936900049286
1177903.640579,692.3278035024879,578.86712140132
1177910.620629,774.8926653285358,630.5153487694873
1177917.592847,806.5632739564038,643.4736860482134
1177924.602454,817.7655416380276,649.027259246935
1177931.593029,832.2869997430982,651.8040458647386
1177938.610896,832.2869997430982,651.8040458647386
1177945.569363,832.2869997430982,651.8040458647386
1177952.593751,833.6699957557554,653.2849987275046
1177959.601607,858.8405231329317,699.0094202169786
1282574.288612,856.4894299189377,-164.20045940723122
1282581.290283,827.3082141072256,-143.65226444186194
1282588.273872,784.5736373948648,-94.59576025949256
1282598.367854,784.5736373948648,-94.59576025949256
1282602.288498,784.5736373948648,-94.59576025949256
1282609.279704,784.5736373948648,-94.59576025949256
1282616.281658,784.5736373948648,-94.59576025949256
1282623.278799,784.5736373948648,-94.59576025949256
1282630.29567,784.5736373948648,-94.59576025949256
1282637.27805,784.5736373948648,-94.59576025949256
1282645.134997,784.5736373948648,-94.59576025949256
1282651.277417,784.5736373948648,-94.59576025949256
1282658.273416,784.5736373948648,-94.59576025949256
1282665.287561,784.5736373948648,-94.59576025949256
1282675.804911,784.5736373948648,-94.59576025949256
1282679.283728,457.0801820010049,271.9397492851509
1282686.289918,443.1119222778888,300.8183135658258
1282693.288578,440.622529456841,318.0343813577251
1282700.273043,440.622529456841,318.0343813577251
1282707.277998,440.622529456841,318.0343813577251
1282714.274226,440.622529456841,318.0343813577251
1282721.693574,440.622529456841,318.0343813577251
1282728.291573,440.622529456841,318.0343813577251
1282735.294409,440.622529456841,318.0343813577251
1282742.289287,440.622529456841,318.0343813577251
1282749.272876,440.622529456841,318.0343813577251
1282756.292287,440.622529456841,318.0343813577251
1282763.276831,440.622529456841,318.0343813577251
1282770.283116,264.15223834451643,661.9855969023221
1282777.28758,251.8435738313528,706.7844233878394
1284532.016953,996.863524874769,-41.83687418111161
1284538.93789,962.8418230522608,-67.75352051876506
1284546.112713,891.0643301647114,-134.21120166906084
1284552.93834,830.9040037386878,-186.78496121078808
1284559.939746,805.041978348092,-210.29505650666104
1284566.952986,805.041978348092,-210.29505650666104
1284573.956205,783.4672405894754,-232.1390812647076
1284580.940694,779.3182525586119,-235.6563394235511
1284587.942369,767.1478876653681,-241.5801425854242
1288784.884557,35.12809871851344,131.43444564198592
1288791.880084,89.75644120203107,144.5778916986315
1288798.876011,89.75644120203107,144.5778916986315
1288805.860244,89.75644120203107,144.5778916986315
1288812.860349,89.75644120203107,144.5778916986315
1288819.869806,89.75644120203107,144.5778916986315
1288826.858554,515.8575124879497,294.339148392905
1288833.860672,543.3791331170519,304.3355746938438
1288840.860177,543.3791331170519,304.3355746938438
1288847.882838,543.3791331170519,304.3355746938438
1288854.859993,543.3791331170519,304.3355746938438
1288861.86005,543.3791331170519,304.3355746938438
1288869.15179,543.3791331170519,304.3355746938438
1288875.861104,543.3791331170519,304.3355746938438
1288882.868071,543.3791331170519,304.3355746938438
1288889.862279,543.3791331170519,304.3355746938438
1288899.885624,543.3791331170519,304.3355746938438
1288904.534581,661.2103932603375,343.3956863691196
1288910.884507,682.78513102864,340.2486630682562
1288917.868871,727.5942017729095,364.869492873609
1288924.875326,746.8178463129611,379.4938959844958
1288931.868768,742.945457489253,395.2290136407766
1288938.866335,743.2220566885792,395.4141326773123
1288945.882129,743.2220566885792,395.4141326773123
1288952.880747,743.2220566885792,395.4141326773123
1288959.882226,743.2220566885792,395.4141326773123
1288966.866833,735.3389794289578,404.48496538009454
1288973.875505,684.1681270338161,483.3456796925906
1288980.86175,672.8275597511199,553.5058069928673
1288987.860319,690.2533094865241,595.7129585447436
1288994.858827,841.5530730123618,676.7951259674078
1289001.877864,851.2340450843571,699.7498967090072
1289022.862276,801.3078891207507,702.5266835482757
1289029.860222,760.2329076165572,675.129053929178
1289036.861099,746.4029475098496,700.3052540757503
1349917.378113,841.6913726162463,708.4504955076388
1349924.357863,828.4146109206764,641.9927332067294
1349931.352633,734.5091818226999,594.2320058142361
1349938.837521,645.1676395287675,463.9081787765644
1349945.371419,645.1676395287675,463.9081787765644
1349952.362935,703.8066703882432,407.6319890100728
1349959.347089,703.8066703882432,407.6319890100728
1349966.637525,709.0620552258054,396.3397278422431
1349973.972627,627.8801893948005,316.9236672913413
1349980.656642,557.9005912346568,282.67665123925
1349987.770134,513.2298200634364,274.53141525314686
1349994.6872,504.37864559571045,270.27367830829184
1350001.659721,504.37864559571045,270.27367830829184
1350008.719626,504.37864559571045,270.27367830829184
1350015.688616,504.37864559571045,270.27367830829184
1350022.658232,504.37864559571045,270.27367830829184
1350029.687325,504.37864559571045,270.27367830829184
1350036.36143,465.10155886280194,261.01772852518303
1350043.347521,392.35596865278666,241.765353389892
1350050.345854,323.3444676566894,222.6980978364956
1350059.010954,299.69523585156765,213.4421487340116
1350064.357454,299.69523585156765,213.4421487340116
1350071.358952,155.58705138346878,162.16419319553518
1350078.353444,123.22494469666178,151.05705535543672
1350085.363258,94.87352645037848,143.6522968998995
1350092.357779,58.77733052912573,139.57967978455744
1350099.351893,44.25587239991818,168.08800011976624
1350106.362333,44.25587239991818,168.08800011976624
1350113.362154,44.25587239991818,168.08800011976624
1350120.927317,14.659757733426078,169.75407082936135
1350127.919183,6.223482055520449,180.12073310743708
1350134.364367,-9.95757128865534,214.3677436443033
1350141.436499,-11.340567295571775,215.29333854585957
1350148.366968,-11.75546609925336,215.29333854585957
1350155.353806,-19.77684297347465,230.10285720283608
1350162.371305,-19.77684297347465,230.10285720283608
1351009.36463,856.7660291181404,703.2671600335876
1351016.774815,856.2128307197355,661.2451204540562
1351023.34595,884.8408481214409,624.0361802360482
1351030.354241,884.8408481214409,624.0361802360482
1351037.362715,1001.9806101023628,554.9867596276309
1351079.36418,945.9692717342044,222.14274088753103
1351086.347743,903.6495938463344,176.04811576872507
1351093.35553,903.6495938463344,176.04811576872507
1351100.346339,778.4884549524902,60.53388919593923
1351107.348869,712.5195452550772,-3.517259443088078
1351114.346961,632.4440762309769,-82.56303224490588
1351121.358342,571.4539521419579,-141.80107566995014
1351128.361566,557.7622916307841,-212.14624506702853
1351135.351595,565.7836684987668,-273.2354648097269
1352284.778289,961.7354262393192,-79.97136771263442
1352290.346822,911.2560719014292,-124.39990098223386
1352297.407804,840.0317774042662,-167.16236132214462
1352304.364004,791.0737186483929,-111.44157910773596
1352311.346964,761.0627052227363,-75.71363311512408
1352318.347961,761.0627052227363,-75.71363311512408
1352325.346887,761.0627052227363,-75.71363311512408
1352332.365566,761.0627052227363,-75.71363311512408
1352339.36501,761.0627052227363,-75.71363311512408
1352346.738531,761.0627052227363,-75.71363311512408
1352353.366913,761.0627052227363,-75.71363311512408
1352361.667621,761.0627052227363,-75.71363311512408
1352369.576237,761.0627052227363,-75.71363311512408
1352375.807698,761.0627052227363,-75.71363311512408
1352381.615943,761.0627052227363,-75.71363311512408
1352389.382264,742.2539594785541,380.97484822456295
1352395.349972,706.9875612099619,445.7665117964376
1352402.346481,662.8699884734177,524.8123503062312
1352409.366029,656.6465064245782,561.0956892982573
1352416.367925,656.6465064245782,561.0956892982573
1352423.36696,842.9360690251139,710.3016867611642
1352876.325766,850.9574458768941,711.0421632552494
1352883.320488,843.7658666310215,642.3629714144275
1352890.314694,727.455902169111,583.1248604245322
1352897.313131,675.3169525705678,546.4712820108265
1352904.320914,672.2743613440767,490.5653230406296
1352911.313391,716.6685332868163,390.601037816023
1352918.312577,705.8811644042574,371.9040158466464
1352925.325008,670.8913653305908,339.6933060156898
1352932.312377,609.4863424454552,301.55878959388485
1352939.321099,528.581075790052,272.49510627776664
1352946.338425,462.4738664462235,262.12844249247064
1352953.312498,442.00552547135294,269.9034403182272
1352960.317856,400.9305439231165,308.9635498778024
1352967.323663,337.3127273747472,383.936752693369
1352974.312945,337.3127273747472,383.936752693369
1352981.312666,271.2055180061633,444.285559415306
1352988.548086,259.86495070429345,470.2022266310954
1352995.561239,246.5881889881209,484.8266321743425
1353003.122236,224.32195319542615,499.08079992028496
1353009.718551,211.87498908598204,520.1843735381975
1353016.641133,207.0345030377508,530.5510415332227
1353023.605035,196.6620329464476,546.1010438477139
1353030.646337,187.94915806947816,559.6147366504974
1353037.663563,178.68308479322357,568.870690782773
1353044.659573,178.82138438893702,578.3117641409857
1353051.590957,176.74689037068887,582.3843840675103
1353058.623352,171.6298051308693,585.5314085676279
1353065.589081,171.07660672324857,585.1611703935489
1353073.132677,171.76810472658352,585.7165276605263
1353079.654544,171.76810472658352,585.7165276605263
1353086.836317,171.76810472658352,585.7165276605263
1353093.655165,171.76810472658352,585.7165276605263
1353100.648328,171.76810472658352,585.7165276605263
1353113.729311,171.76810472658352,585.7165276605263
1353114.728625,115.61846663463731,548.322472781909
1353121.727483,115.61846663463731,548.322472781909
1353128.729698,168.8638131010177,438.9171070451351
1353135.728391,167.48081709419668,435.9552023189384
1353142.430866,159.45944022049525,433.9188928163044
1353150.110409,159.45944022049525,433.9188928163044
1353163.135815,159.45944022049525,433.9188928163044
1353163.136484,159.45944022049525,433.9188928163044
1353249.964608,159.45944022049525,433.9188928163044
1353249.965197,159.45944022049525,433.9188928163044
1353258.274392,159.45944022049525,433.9188928163044
1353263.069685,159.45944022049525,433.9188928163044
1353270.08465,159.45944022049525,433.9188928163044
1353277.08421,159.45944022049525,433.9188928163044
1353284.08421,159.45944022049525,433.9188928163044
1353291.081908,159.45944022049525,433.9188928163044
1353298.070154,159.45944022049525,433.9188928163044
1353305.085742,159.45944022049525,433.9188928163044
1353312.366426,159.45944022049525,433.9188928163044
1353319.335871,159.45944022049525,433.9188928163044
1353326.450014,159.45944022049525,433.9188928163044
1353335.060045,159.45944022049525,433.9188928163044
1371237.936306,855.5213327093454,713.263592766147
1371244.938517,837.6806841818334,647.7314254926782
1371252.376144,837.6806841818334,647.7314254926782
1371261.078143,675.4552521661363,525.7379456586734
1371266.243592,675.4552521661363,525.7379456586734
1371273.182468,712.3812456512716,401.8932988806691
1371280.274016,700.072581159498,359.871279227735
1371287.201911,623.0397033589744,329.6968791583742
1371294.17731,623.0397033589744,329.6968791583742
1371301.17875,623.0397033589744,329.6968791583742
1371308.163032,623.0397033589744,329.6968791583742
1371315.159492,623.0397033589744,329.6968791583742
1371322.228458,623.0397033589744,329.6968791583742
1371329.448117,623.0397033589744,329.6968791583742
1371335.946016,623.0397033589744,329.6968791583742
1371342.936284,623.0397033589744,329.6968791583742
1371349.927539,253.22656984616063,518.7034209848676
1371356.94802,253.22656984616063,518.7034209848676
1371363.95849,253.22656984616063,518.7034209848676
1371370.937587,253.22656984616063,518.7034209848676
1371377.931338,253.22656984616063,518.7034209848676
1371384.930621,253.22656984616063,518.7034209848676
1371391.950449,253.22656984616063,518.7034209848676
1371398.936077,253.22656984616063,518.7034209848676
1371405.928318,253.22656984616063,518.7034209848676
1371412.944637,253.22656984616063,518.7034209848676
1371420.625571,253.22656984616063,518.7034209848676
1371427.501906,253.22656984616063,518.7034209848676
1371434.243054,253.22656984616063,518.7034209848676
1371441.256522,253.22656984616063,518.7034209848676
1371448.251978,253.22656984616063,518.7034209848676
1371455.231629,253.22656984616063,518.7034209848676
1371462.260275,253.22656984616063,518.7034209848676
1371469.25717,253.22656984616063,518.7034209848676
1371476.238845,253.22656984616063,518.7034209848676
1371482.953717,253.22656984616063,518.7034209848676
1371489.948035,253.22656984616063,518.7034209848676
1371496.947886,253.22656984616063,518.7034209848676
1371504.47856,253.22656984616063,518.7034209848676
1371511.237488,253.22656984616063,518.7034209848676
1371518.310618,253.22656984616063,518.7034209848676
1371524.946389,253.22656984616063,518.7034209848676
1371533.855211,253.22656984616063,518.7034209848676
1371538.928691,253.22656984616063,518.7034209848676
1371545.945055,253.22656984616063,518.7034209848676
1371552.962719,253.22656984616063,518.7034209848676
1371559.93054,253.22656984616063,518.7034209848676
1371566.930678,253.22656984616063,518.7034209848676
1371574.53445,253.22656984616063,518.7034209848676
1371581.233245,253.22656984616063,518.7034209848676
1371588.571071,253.22656984616063,518.7034209848676
1371595.239535,253.22656984616063,518.7034209848676
1371602.355112,253.22656984616063,518.7034209848676
1371609.233541,253.22656984616063,518.7034209848676
1371616.274649,253.22656984616063,518.7034209848676
1371623.59319,253.22656984616063,518.7034209848676
1371630.40075,253.22656984616063,518.7034209848676
1371636.945264,253.22656984616063,518.7034209848676
1371643.928559,253.22656984616063,518.7034209848676
1371650.939695,253.22656984616063,518.7034209848676
1371670.240497,253.22656984616063,518.7034209848676
1371670.241108,253.22656984616063,518.7034209848676
1371675.624059,253.22656984616063,518.7034209848676
1371681.930373,253.22656984616063,518.7034209848676
1371688.92951,253.22656984616063,518.7034209848676
1371695.928769,253.22656984616063,518.7034209848676
1371702.926576,253.22656984616063,518.7034209848676
1371709.929906,667.9870737078816,345.9873526395604
1371716.535821,696.3384919307049,331.36295029108254
1371716.927768,696.3384919307049,331.36295029108254
1371723.927665,697.4448887364458,333.7694974925332
1371730.928514,698.6895851461427,334.69509256765394
1371738.291942,698.5512855505848,334.13973552097167
1371745.546629,698.5512855505848,334.13973552097167
1371751.933337,698.5512855505848,334.13973552097167
1371758.946271,698.5512855505848,334.13973552097167
1371766.227172,698.5512855505848,334.13973552097167
1371773.246346,698.5512855505848,334.13973552097167
1371780.236612,698.5512855505848,334.13973552097167
1371787.237329,698.5512855505848,334.13973552097167
1371794.279663,698.5512855505848,334.13973552097167
1371800.93213,698.5512855505848,334.13973552097167
1371807.927894,698.5512855505848,334.13973552097167
1371814.928859,698.5512855505848,334.13973552097167
1371821.9281,698.5512855505848,334.13973552097167
1371828.928916,698.5512855505848,334.13973552097167
1371836.236779,698.5512855505848,334.13973552097167
1371845.512249,698.6895851461427,344.50640048014105
1371850.357448,698.8278847499547,344.8766385255405
1371857.22702,698.8278847499547,344.8766385255405
1371864.240841,698.8278847499547,344.8766385255405
1371871.305592,698.8278847499547,344.8766385255405
1371878.25828,698.8278847499547,344.8766385255405
1371885.207047,698.8278847499547,344.8766385255405
1371892.211596,698.8278847499547,344.8766385255405
1371899.219437,698.8278847499547,344.8766385255405
1371906.213989,698.8278847499547,344.8766385255405
1371913.206284,698.8278847499547,344.8766385255405
1371919.942233,698.8278847499547,344.8766385255405
1371926.927575,698.8278847499547,344.8766385255405
1371933.931262,698.8278847499547,344.8766385255405
1371940.92817,698.8278847499547,344.8766385255405
1371947.926967,698.8278847499547,344.8766385255405
1371954.927653,698.8278847499547,344.8766385255405
1371961.927598,698.8278847499547,344.8766385255405
1371968.926351,698.8278847499547,344.8766385255405
1371975.926914,698.8278847499547,344.8766385255405
1371983.313638,698.8278847499547,344.8766385255405
1371990.266447,698.8278847499547,344.8766385255405
1371997.323482,698.8278847499547,344.8766385255405
1372004.346979,698.8278847499547,344.8766385255405
1372011.355872,698.8278847499547,344.8766385255405
1372018.333754,698.8278847499547,344.8766385255405
1372025.350843,698.8278847499547,344.8766385255405
1372032.302725,698.8278847499547,344.8766385255405
1372039.364142,698.8278847499547,344.8766385255405
1372045.927523,698.8278847499547,344.8766385255405
1372052.928051,698.8278847499547,344.8766385255405
1372060.293521,698.8278847499547,344.8766385255405
1372067.416401,698.8278847499547,344.8766385255405
1372074.266254,702.838573178082,335.2504496155607
1372081.388059,702.7002735825263,334.5099735480699
1372088.64655,702.7002735825263,334.5099735480699
1372095.268213,702.7002735825263,334.5099735480699
1372102.253783,702.7002735825263,334.5099735480699
1372108.949072,702.7002735825263,334.5099735480699
1372115.930097,702.7002735825263,334.5099735480699
1372122.928988,702.7002735825263,334.5099735480699
1372129.929008,702.7002735825263,334.5099735480699
1372136.942825,702.7002735825263,334.5099735480699
1372144.157737,701.0406783696683,324.6986657889022
1372151.152049,700.9023787658573,324.5135467724233
1372158.182699,700.9023787658573,324.5135467724233
1372164.926278,702.7002735825263,329.14152211599617
1372171.928512,702.7002735825263,329.14152211599617
1372178.94499,702.7002735825263,329.14152211599617
1372185.927585,702.7002735825263,329.14152211599617
1372192.928676,702.7002735825263,329.14152211599617
1372200.253209,702.7002735825263,329.14152211599617
1372207.261124,702.7002735825263,329.14152211599617
1372214.387113,702.7002735825263,329.14152211599617
1372221.265159,702.7002735825263,329.14152211599617
1372228.268954,700.6257795664893,335.0653305959227
1372235.267009,700.6257795664893,335.0653305959227
1372242.190594,700.9023787658573,335.9909256836988
1372249.195171,700.9023787658573,335.9909256836988
1372256.251196,700.9023787658573,335.9909256836988
1372263.28163,703.5300711888777,346.17247165215025
1372270.856674,704.9130671939556,347.283185768703
1372277.276408,704.9130671939556,347.283185768703
1372284.392846,704.9130671939556,347.283185768703
1372290.926549,704.9130671939556,347.283185768703
1372297.92938,704.9130671939556,347.283185768703
1372305.266276,704.9130671939556,347.283185768703
1372312.267965,704.9130671939556,347.283185768703
1372319.262857,704.9130671939556,347.283185768703
1372326.270298,704.9130671939556,347.283185768703
1372333.452987,704.9130671939556,347.283185768703
1372340.289243,704.9130671939556,347.283185768703
1372347.37198,704.9130671939556,347.283185768703
1372354.281159,704.9130671939556,347.283185768703
1372361.316161,704.9130671939556,347.283185768703
1372368.28659,704.9130671939556,347.283185768703
1372375.282413,704.9130671939556,347.283185768703
1372382.286905,704.9130671939556,347.283185768703
1372389.33569,704.9130671939556,347.283185768703
1372396.380997,704.9130671939556,347.283185768703
1372403.371496,704.9130671939556,347.283185768703
1372410.278496,704.9130671939556,347.283185768703
1372417.357189,704.9130671939556,347.283185768703
1372423.944886,704.9130671939556,347.283185768703
1372430.92846,704.9130671939556,347.283185768703
1372437.926834,704.9130671939556,347.283185768703
1372444.926467,704.9130671939556,347.283185768703
1372451.929205,704.9130671939556,347.283185768703
1372459.297583,704.9130671939556,347.283185768703
1372466.623717,704.9130671939556,347.283185768703
1372473.292932,704.9130671939556,347.283185768703
1372480.284563,704.9130671939556,347.283185768703
1372487.458184,704.9130671939556,347.283185768703
1372494.320967,704.9130671939556,347.283185768703
1372501.238734,704.9130671939556,347.283185768703
1372507.958944,702.9768727818923,379.30877696225673
1372516.847786,702.9768727818923,379.30877696225673
1372521.927163,702.9768727818923,379.30877696225673
1372528.927487,702.9768727818923,379.30877696225673
1372536.149344,702.9768727818923,379.30877696225673
1372543.161229,702.9768727818923,379.30877696225673
1372550.153292,702.9768727818923,379.30877696225673
1372557.925097,702.9768727818923,379.30877696225673
1372564.156158,702.9768727818923,379.30877696225673
1372571.563362,702.9768727818923,379.30877696225673
1372577.930893,702.9768727818923,379.30877696225673
1372584.937178,702.9768727818923,379.30877696225673
1372592.168917,702.9768727818923,379.30877696225673
1372599.149348,702.9768727818923,379.30877696225673
1372605.942801,702.9768727818923,379.30877696225673
1372612.946499,702.9768727818923,379.30877696225673
1372619.926813,702.9768727818923,379.30877696225673
1372629.807014,709.615253632927,368.2016353273807
1372633.926299,709.615253632927,368.2016353273807
1372640.92897,709.615253632927,368.2016353273807
1372647.927219,709.615253632927,368.2016353273807
1372654.928102,709.615253632927,368.2016353273807
1372661.928911,709.615253632927,368.2016353273807
1372669.21793,709.615253632927,368.2016353273807
1372676.241147,709.615253632927,368.2016353273807
1372683.146286,712.3812456512716,366.9058021449092
1372690.211569,711.9663468481087,363.7587787275549
1372697.4708,711.9663468481087,363.7587787275549
1372705.09348,711.9663468481087,363.7587787275549
1372710.959631,711.9663468481087,363.7587787275549
1372717.943147,711.9663468481087,363.7587787275549
1372724.925905,711.9663468481087,363.7587787275549
1372731.929341,711.9663468481087,363.7587787275549
1372738.92846,711.9663468481087,363.7587787275549
1372746.790678,711.9663468481087,363.7587787275549
1372753.21073,711.9663468481087,363.7587787275549
1372760.2691,711.9663468481087,363.7587787275549
1372767.213045,711.9663468481087,363.7587787275549
1372774.214533,711.9663468481087,363.7587787275549
1372781.33701,711.9663468481087,363.7587787275549
1372787.927103,711.9663468481087,363.7587787275549
1372794.927357,711.9663468481087,363.7587787275549
1372802.083611,711.9663468481087,363.7587787275549
1372808.930942,711.9663468481087,363.7587787275549
1372815.928023,711.9663468481087,363.7587787275549
1372823.381296,711.9663468481087,363.7587787275549
1372829.926477,711.9663468481087,363.7587787275549
1372836.972663,711.9663468481087,363.7587787275549
1372844.15623,711.9663468481087,363.7587787275549
1372850.94235,711.9663468481087,363.7587787275549
1372857.943564,711.9663468481087,363.7587787275549
1372864.926234,711.9663468481087,363.7587787275549
1372871.935117,711.9663468481087,363.7587787275549
1372878.928017,711.9663468481087,363.7587787275549
1372885.949299,711.9663468481087,363.7587787275549
1372892.927689,711.9663468481087,363.7587787275549
1372899.92606,711.9663468481087,363.7587787275549
1372906.928399,711.9663468481087,363.7587787275549
1372913.92763,711.9663468481087,363.7587787275549
1372921.278877,711.9663468481087,363.7587787275549
1372928.873426,711.9663468481087,363.7587787275549
1372935.214857,711.9663468481087,363.7587787275549
1372942.232079,711.9663468481087,363.7587787275549
1372949.230179,711.9663468481087,363.7587787275549
1372956.213358,711.9663468481087,363.7587787275549
1372963.220066,711.9663468481087,363.7587787275549
1372970.230423,711.9663468481087,363.7587787275549
1372977.213281,711.9663468481087,363.7587787275549
1372984.239861,711.9663468481087,363.7587787275549
1372991.283103,711.9663468481087,363.7587787275549
1372997.93013,711.9663468481087,363.7587787275549
1373004.927111,711.9663468481087,363.7587787275549
1373011.929001,711.9663468481087,363.7587787275549
1373018.928091,711.9663468481087,363.7587787275549
1373025.927876,711.9663468481087,363.7587787275549
1373032.929579,711.9663468481087,363.7587787275549
1373040.320852,711.9663468481087,363.7587787275549
1373046.928089,711.9663468481087,363.7587787275549
1373053.945355,711.9663468481087,363.7587787275549
1373060.927227,711.9663468481087,363.7587787275549
1373067.942009,711.9663468481087,363.7587787275549
1373075.643577,711.9663468481087,363.7587787275549
1373082.285298,715.7004360766987,406.5212747877687
1373089.320639,715.7004360766987,406.5212747877687
1373096.206704,713.4876424653527,417.9986551696156
1373103.316845,713.4876424653527,417.9986551696156
1373110.22237,713.4876424653527,417.9986551696156
1373116.932325,713.4876424653527,417.9986551696156
1373123.944442,713.4876424653527,417.9986551696156
1373130.926499,713.4876424653527,417.9986551696156
1373137.928439,713.4876424653527,417.9986551696156
1373144.927129,713.4876424653527,417.9986551696156
1373152.213025,713.4876424653527,417.9986551696156
1373159.341083,713.4876424653527,417.9986551696156
1373166.167839,713.4876424653527,417.9986551696156
1373172.943221,713.4876424653527,417.9986551696156
1373179.942463,713.4876424653527,417.9986551696156
1373186.944767,713.4876424653527,417.9986551696156
1373193.945165,713.4876424653527,417.9986551696156
1373201.518134,713.4876424653527,417.9986551696156
1373207.954911,713.4876424653527,417.9986551696156
1373215.234469,713.4876424653527,417.9986551696156
1373221.930923,713.4876424653527,417.9986551696156
1373228.927811,713.4876424653527,417.9986551696156
1373235.928789,713.4876424653527,417.9986551696156
1373242.947998,713.4876424653527,417.9986551696156
1373249.943464,713.4876424653527,417.9986551696156
1373256.927716,713.4876424653527,417.9986551696156
1373263.943233,713.4876424653527,417.9986551696156
1373270.927373,713.4876424653527,417.9986551696156
1373277.945372,713.4876424653527,417.9986551696156
1373285.246693,713.4876424653527,417.9986551696156
1373292.235626,713.4876424653527,417.9986551696156
1373299.27969,713.4876424653527,417.9986551696156
1373306.227022,713.4876424653527,417.9986551696156
1373313.3666,713.4876424653527,417.9986551696156
1373320.216113,713.4876424653527,417.9986551696156
1373327.218164,713.4876424653527,417.9986551696156
1373334.332003,713.4876424653527,417.9986551696156
1373341.224624,713.4876424653527,417.9986551696156
1373348.301522,713.4876424653527,417.9986551696156
1373355.350112,713.4876424653527,417.9986551696156
1373362.208013,713.4876424653527,417.9986551696156
1373369.341257,713.4876424653527,417.9986551696156
1373376.324041,713.4876424653527,417.9986551696156
1373383.237495,713.4876424653527,417.9986551696156
1373390.221326,713.4876424653527,417.9986551696156
1373397.231598,713.4876424653527,417.9986551696156
1373403.94706,715.5621364811495,432.0677023776109
1373410.943286,715.8387356805031,430.7718690675182
1373417.931458,715.8387356805031,430.7718690675182
1373424.94501,715.8387356805031,430.7718690675182
1373431.94434,715.8387356805031,430.7718690675182
1373439.190976,715.8387356805031,430.7718690675182
1373446.279617,715.8387356805031,430.7718690675182
1373453.378415,715.8387356805031,430.7718690675182
1373461.557625,715.8387356805031,430.7718690675182
1373467.242258,710.4450512392584,426.14389298307583
1373474.323757,709.0620552258054,428.1802024620417
1373481.328661,709.7535532367339,432.0677023776109
1373488.290704,709.7535532367339,432.0677023776109
1373495.314935,710.8599500424235,435.5849642212495
1373502.303884,711.8280472525574,430.5867500186474
1373509.301227,711.8280472525574,430.5867500186474
1373516.318271,711.8280472525574,430.5867500186474
1373523.307734,711.8280472525574,430.5867500186474
1373530.41695,711.8280472525574,430.5867500186474
1373537.322601,711.8280472525574,430.5867500186474
1373544.305283,711.8280472525574,430.5867500186474
1373550.92783,711.8280472525574,432.2528214163803
1373557.949409,711.8280472525574,432.2528214163803
1373564.949973,711.8280472525574,432.2528214163803
1373571.931312,711.8280472525574,432.2528214163803
1373579.493933,711.8280472525574,432.2528214163803
1373585.951379,711.8280472525574,432.2528214163803
1373593.170448,711.8280472525574,432.2528214163803
1373599.926533,711.8280472525574,432.2528214163803
1373606.931066,714.1791404678686,427.0694882035008
1373613.932186,714.1791404678686,427.0694882035008
1373620.92762,714.1791404678686,427.0694882035008
1373627.938809,714.1791404678686,427.0694882035008
1373634.936275,714.1791404678686,427.0694882035008
1373641.948822,714.1791404678686,427.0694882035008
1373648.943644,714.1791404678686,427.0694882035008
1373655.942076,714.1791404678686,427.0694882035008
1373662.943908,714.1791404678686,427.0694882035008
1373669.943571,714.1791404678686,427.0694882035008
1373677.167622,714.1791404678686,427.0694882035008
1373683.935046,714.1791404678686,427.0694882035008
1373690.945546,714.1791404678686,427.0694882035008
1373697.926996,714.1791404678686,427.0694882035008
1373705.159817,714.1791404678686,427.0694882035008
1373712.142696,714.1791404678686,427.0694882035008
1373719.152147,714.1791404678686,427.0694882035008
1373726.159828,714.1791404678686,427.0694882035008
1373733.149955,714.1791404678686,427.0694882035008
1373740.156014,714.1791404678686,427.0694882035008
1373747.178788,714.1791404678686,427.0694882035008
1373754.162297,714.1791404678686,427.0694882035008
1373761.151948,714.1791404678686,427.0694882035008
1373768.168942,714.1791404678686,427.0694882035008
1373775.150333,714.1791404678686,427.0694882035008
1373782.151128,714.1791404678686,427.0694882035008
1373788.935038,714.1791404678686,427.0694882035008
1373795.943176,714.1791404678686,427.0694882035008
1373802.943787,714.1791404678686,427.0694882035008
1373809.929822,714.1791404678686,427.0694882035008
1373816.928006,714.1791404678686,427.0694882035008
1373824.46449,714.1791404678686,427.0694882035008
1373831.225562,714.1791404678686,427.0694882035008
1373838.274273,714.1791404678686,427.0694882035008
1373845.2183,714.1791404678686,427.0694882035008
1373852.351841,714.1791404678686,427.0694882035008
1373859.653118,714.1791404678686,427.0694882035008
1373866.227752,714.1791404678686,427.0694882035008
1373873.375952,714.1791404678686,427.0694882035008
1373880.17975,714.1791404678686,427.0694882035008
1373886.945704,714.1791404678686,427.0694882035008
1373893.945339,714.1791404678686,427.0694882035008
1373900.92694,709.7535532367339,419.8498455763528
1373908.313056,709.8918528322862,426.32901202973903
1373915.318902,706.8492616144079,428.73555959173706
1373922.313082,706.9875612099619,432.8081785486983
1373929.333188,707.8173588163014,433.9188928163044
1373936.318262,708.2322576194698,437.0659165930079
1373943.304973,707.679059220748,437.0659165930079
1373950.311628,707.679059220748,437.0659165930079
1373957.292269,707.679059220748,437.0659165930079
1373964.642889,707.679059220748,437.0659165930079
1373971.311004,707.679059220748,437.0659165930079
1373978.2677,707.679059220748,437.0659165930079
1373985.42546,707.679059220748,437.0659165930079
1373992.312124,707.679059220748,437.0659165930079
1373999.666516,707.679059220748,437.0659165930079
1374006.375707,707.679059220748,437.0659165930079
1374013.302294,707.679059220748,437.0659165930079
1374020.309584,707.679059220748,437.0659165930079
1374027.277808,707.679059220748,437.0659165930079
1374033.926793,706.2960632074288,435.9552023189384
1374040.927291,706.2960632074288,435.9552023189384
1374047.92796,706.2960632074288,435.9552023189384
1374054.926736,706.2960632074288,435.9552023189384
1374061.928896,706.2960632074288,435.9552023189384
1374068.930611,706.2960632074288,435.9552023189384
1374076.204881,706.2960632074288,435.9552023189384
1374083.213058,706.2960632074288,435.9552023189384
1374090.214828,706.2960632074288,435.9552023189384
1374097.232664,706.2960632074288,435.9552023189384
1374104.608902,706.2960632074288,435.9552023189384
1374111.222171,706.2960632074288,435.9552023189384
1374118.47235,706.2960632074288,435.9552023189384
1374125.264691,706.2960632074288,435.9552023189384
1374132.558158,706.2960632074288,435.9552023189384
1374139.218993,718.1898288957807,455.94805953350857
1374146.22502,718.1898288957807,455.94805953350857
1374153.228359,718.1898288957807,455.94805953350857
1374160.227624,718.1898288957807,455.94805953350857
1374168.598974,718.1898288957807,455.94805953350857
1374174.699001,718.1898288957807,455.94805953350857
1374180.928964,718.1898288957807,455.94805953350857
1374187.929102,718.1898288957807,455.94805953350857
1374194.928638,718.1898288957807,455.94805953350857
1374201.932465,718.1898288957807,455.94805953350857
1374210.504538,718.1898288957807,455.94805953350857
1374216.567711,718.1898288957807,455.94805953350857
1374223.29129,718.1898288957807,455.94805953350857
1374230.270992,718.1898288957807,455.94805953350857
1374237.337094,718.1898288957807,455.94805953350857
1374246.132843,718.1898288957807,455.94805953350857
1374251.282463,718.1898288957807,455.94805953350857
1374258.405509,718.1898288957807,455.94805953350857
1374265.300228,718.1898288957807,455.94805953350857
1374272.398934,720.2643229115422,439.84270228390426
1374279.293086,720.2643229115422,439.84270228390426
1374286.65795,720.2643229115422,439.84270228390426
1374293.349371,720.2643229115422,439.84270228390426
1374299.933746,720.2643229115422,439.84270228390426
1374306.928522,717.0834320899723,439.6575832344874
1374313.926659,717.4983308932748,440.2129403739549
1374320.94587,717.4983308932748,440.2129403739549
1374327.940146,717.4983308932748,440.2129403739549
1374334.926571,717.4983308932748,440.2129403739549
1374341.928323,717.4983308932748,440.2129403739549
1374349.365083,717.4983308932748,440.2129403739549
1374356.293439,717.4983308932748,440.2129403739549
1374363.30665,717.4983308932748,440.2129403739549
1374370.301485,717.4983308932748,440.2129403739549
1374377.459196,717.4983308932748,440.2129403739549
1374384.306837,717.4983308932748,440.2129403739549
1374391.428291,717.4983308932748,440.2129403739549
1374398.319633,717.4983308932748,440.2129403739549
1374405.308225,717.4983308932748,440.2129403739549
1374411.997361,717.4983308932748,440.2129403739549
1374418.928213,717.4983308932748,440.2129403739549
1374425.980483,717.4983308932748,440.2129403739549
1374432.927742,717.4983308932748,440.2129403739549
1374439.934415,717.4983308932748,440.2129403739549
1374447.310781,717.4983308932748,440.2129403739549
1374454.36714,717.4983308932748,440.2129403739549
1374461.310387,717.4983308932748,440.2129403739549
1374468.289358,717.4983308932748,440.2129403739549
1374475.305218,717.4983308932748,440.2129403739549
1374482.274207,717.4983308932748,440.2129403739549
1374489.403809,717.4983308932748,440.2129403739549
1374496.361833,717.4983308932748,440.2129403739549
1374503.245297,717.4983308932748,440.2129403739549
1374510.315549,741.1475626729889,394.8587755765943
1374517.156921,754.8392231760338,389.67544265958185
1374524.270006,754.8392231760338,387.82425233959714
1374531.290394,754.8392231760338,387.82425233959714
1374538.715624,754.8392231760338,387.82425233959714
1374545.239782,754.8392231760338,387.82425233959714
1374551.926932,754.8392231760338,387.82425233959714
1374558.92857,753.73282637052,386.5284191297701
1374565.92586,752.488129961216,385.4177049440178
1374572.9435,752.488129961216,385.4177049440178
1374579.938393,752.488129961216,385.4177049440178
1374586.94155,752.488129961216,385.4177049440178
1374593.941798,752.488129961216,385.4177049440178
1374604.848564,752.488129961216,385.4177049440178
1374608.236754,752.488129961216,385.4177049440178
1374615.241703,752.488129961216,385.4177049440178
1374622.354682,752.488129961216,385.4177049440178
1374629.706751,752.488129961216,385.4177049440178
1374636.23712,752.488129961216,385.4177049440178
1374643.242583,752.488129961216,385.4177049440178
1374650.245366,752.488129961216,385.4177049440178
1374657.243418,752.488129961216,385.4177049440178
1374664.312325,752.488129961216,385.4177049440178
1374670.929308,752.488129961216,385.4177049440178
1374677.927236,752.488129961216,385.4177049440178
1374684.944669,752.488129961216,385.4177049440178
1374691.927423,752.488129961216,385.4177049440178
1374699.222622,752.488129961216,385.4177049440178
1374706.242262,752.488129961216,385.4177049440178
1374713.236947,752.488129961216,385.4177049440178
1374720.314226,752.488129961216,385.4177049440178
1374727.217055,752.488129961216,385.4177049440178
1374734.238373,752.488129961216,385.4177049440178
1374741.676005,752.488129961216,385.4177049440178
1374748.209887,752.488129961216,385.4177049440178
1374755.223737,752.488129961216,385.4177049440178
1374762.266254,752.488129961216,385.4177049440178
1374769.209476,752.488129961216,385.4177049440178
1374776.257655,752.488129961216,385.4177049440178
1374783.152943,762.7223004350874,389.67544265958185
1374790.34579,762.9988996343933,390.41591879091806
1374796.93049,762.9988996343933,390.41591879091806
1374803.929155,762.9988996343933,390.41591879091806
1374810.936948,762.9988996343933,390.41591879091806
1374817.959134,762.9988996343933,390.41591879091806
1374827.489849,762.9988996343933,390.41591879091806
1374832.268219,762.9988996343933,390.41591879091806
1374839.30229,762.9988996343933,390.41591879091806
1374846.27188,762.9988996343933,390.41591879091806
1374853.256252,762.9988996343933,390.41591879091806
1374860.266026,762.9988996343933,390.41591879091806
1374867.281986,762.9988996343933,390.41591879091806
1374874.258903,762.9988996343933,390.41591879091806
1374881.27605,762.9988996343933,390.41591879091806
1374888.35038,762.9988996343933,390.41591879091806
1374895.256469,762.9988996343933,390.41591879091806
1374902.262984,762.9988996343933,390.41591879091806
1374909.382067,762.9988996343933,390.41591879091806
1374915.93682,762.9988996343933,390.41591879091806
1374922.950509,762.9988996343933,390.41591879091806
1374929.936872,762.9988996343933,390.41591879091806
1374937.267562,762.9988996343933,390.41591879091806
1374944.642281,762.9988996343933,390.41591879091806
1374951.199717,757.1903163909785,381.9004433675136
1374958.191424,757.1903163909785,381.9004433675136
1374965.596132,757.1903163909785,381.9004433675136
1374972.193652,757.1903163909785,381.9004433675136
1374979.19105,757.1903163909785,381.9004433675136
1374989.569743,757.1903163909785,381.9004433675136
1374992.945805,757.1903163909785,381.9004433675136
1374999.945433,757.1903163909785,381.9004433675136
1375006.934159,757.1903163909785,381.9004433675136
1375013.938909,757.1903163909785,381.9004433675136
1375024.759594,757.1903163909785,381.9004433675136
1375027.926912,757.1903163909785,381.9004433675136
1375034.94495,757.1903163909785,381.9004433675136
1375041.926271,757.1903163909785,381.9004433675136
1375048.928948,757.1903163909785,381.9004433675136
1375056.158226,757.1903163909785,381.9004433675136
1375063.159641,757.1903163909785,381.9004433675136
1375070.199843,757.1903163909785,381.9004433675136
1375077.218381,757.1903163909785,381.9004433675136
1375084.353337,752.6264295565998,380.604610157546
1375092.139351,751.5200327510769,382.2706814238338
1375098.238241,751.5200327510769,382.2706814238338
1375105.301449,751.5200327510769,382.2706814238338
1375112.243982,751.5200327510769,382.2706814238338
1375119.214908,751.5200327510769,382.2706814238338
1375126.305391,751.5200327510769,382.2706814238338
1375133.217484,751.5200327510769,382.2706814238338
1375140.237587,751.5200327510769,382.2706814238338
1375147.332118,751.5200327510769,382.2706814238338
1375154.234943,751.5200327510769,382.2706814238338
1375160.949871,751.5200327510769,382.2706814238338
1375167.949666,751.5200327510769,382.2706814238338
1375175.218946,751.5200327510769,382.2706814238338
1375182.254149,751.5200327510769,382.2706814238338
1375189.233344,751.5200327510769,382.2706814238338
1375196.24303,751.5200327510769,382.2706814238338
1375203.327356,751.5200327510769,382.2706814238338
1375210.239931,751.5200327510769,382.2706814238338
1375217.330731,751.5200327510769,382.2706814238338
1375224.287929,751.5200327510769,382.2706814238338
1375233.505108,751.5200327510769,382.2706814238338
1375238.514319,751.5200327510769,382.2706814238338
1375245.238712,751.5200327510769,382.2706814238338
1375252.212019,751.5200327510769,382.2706814238338
1375259.207193,751.5200327510769,382.2706814238338
1375266.246541,745.4348503080904,387.82425233959714
1375273.263018,743.3603562923694,388.5647284694919
1375280.399292,743.3603562923694,388.5647284694919
1375286.944611,743.3603562923694,388.5647284694919
1375293.944682,743.3603562923694,388.5647284694919
1375300.926706,743.3603562923694,388.5647284694919
1375308.254352,743.3603562923694,388.5647284694919
1375315.346667,743.3603562923694,388.5647284694919
1375322.275548,743.3603562923694,388.5647284694919
1375329.265848,743.3603562923694,388.5647284694919
1375338.336576,743.3603562923694,388.5647284694919
1375343.256672,743.3603562923694,388.5647284694919
1375350.224412,743.3603562923694,388.5647284694919
1375357.429878,743.3603562923694,388.5647284694919
1375364.26652,743.3603562923694,388.5647284694919
1375371.370494,743.3603562923694,388.5647284694919
1375378.330532,743.3603562923694,388.5647284694919
1375384.214806,743.3603562923694,388.5647284694919
1375385.381888,743.3603562923694,388.5647284694919
1375392.293537,743.3603562923694,388.5647284694919
1375399.270629,743.3603562923694,388.5647284694919
1375405.932602,742.3922590823449,396.89508494410745
1375412.926153,737.5517730485329,402.44865598877504
1375419.943451,737.4134734447396,402.44865598877504
1375426.925632,737.4134734447396,402.44865598877504
1375433.939096,737.4134734447396,402.44865598877504
1375441.222615,723.3069141375311,422.8117502264924
1375448.302827,691.9129046992962,474.645083975061
1375455.252516,676.699948575778,550.9141398877011
1375462.255901,689.700111079366,591.4552194488251
1375469.410554,846.2552594488753,672.1671480924464
1419675.005655,1007.2359949415666,-45.90949010950788
1419685.71799,988.012350414681,-75.1582764249656
1419689.001052,994.2358324551232,-80.89696219440161
1419696.006965,991.4698404399072,-83.67374561157519
1419702.991035,936.9797976765432,-121.62311774459128
1419710.34147,897.9793102099694,-156.79570453759447
1419722.544451,864.2342075710674,-176.41830474727945
1419723.99022,793.5631114666288,-108.66479581245436
1419730.984819,763.8286972405639,-75.71363311512408
1419738.00271,763.8286972405639,-75.71363311512408
1419744.98995,763.8286972405639,-75.71363311512408
1419753.166439,763.8286972405639,-75.71363311512408
1419758.990436,763.8286972405639,-75.71363311512408
1419765.989073,763.8286972405639,-75.71363311512408
1419772.991879,763.8286972405639,-75.71363311512408
1419788.089562,613.6353304785927,314.3320011518404
1419788.093194,644.476141526092,332.4736643812031
1419793.990666,667.9870737078816,339.6933060156898
1419798.837716,693.7107995076193,338.39747289178814
1419800.982783,693.7107995076193,338.39747289178814
1419807.983525,694.6788967179579,339.50818699419824
1419816.228385,694.6788967179579,339.50818699419824
1419821.984922,694.6788967179579,339.50818699419824
1419828.985058,694.6788967179579,339.50818699419824
1419835.99022,694.6788967179579,339.50818699419824
1419842.992888,694.6788967179579,339.50818699419824
1419849.983969,694.6788967179579,339.50818699419824
1419856.982868,694.6788967179579,339.50818699419824
1419864.97292,694.6788967179579,339.50818699419824
1419872.292803,694.6788967179579,339.50818699419824
1419878.415303,694.6788967179579,339.50818699419824
1419885.695986,694.6788967179579,339.50818699419824
1419893.168736,694.6788967179579,339.50818699419824
1419898.983026,694.6788967179579,339.50818699419824
1419905.984481,694.6788967179579,339.50818699419824
1419912.982468,694.6788967179579,339.50818699419824
1419919.990473,694.6788967179579,339.50818699419824
1419926.981323,694.6788967179579,339.50818699419824
1419933.999133,694.6788967179579,339.50818699419824
1419940.990912,702.2853747793495,340.43378208875885
1419950.507309,703.253471981258,340.0635440467091
1419955.598022,703.253471981258,340.0635440467091
1419962.625598,703.253471981258,340.0635440467091
1419968.991531,703.253471981258,340.0635440467091
1419976.005704,703.253471981258,340.0635440467091
1419982.990564,703.253471981258,340.0635440467091
1419996.324936,703.253471981258,340.0635440467091
1419997.452429,703.253471981258,340.0635440467091
1420003.990259,714.7323388748321,338.39747289178814
1420011.007906,714.4557396672236,338.95282994255695
1420018.414438,714.4557396672236,338.95282994255695
1420031.585654,718.7430273027366,341.35937717388185
1420032.301011,720.1260233159952,343.58080539240734
1420039.323774,720.5409221191456,342.65521030406774
1420046.442251,720.5409221191456,342.65521030406774
1420053.351988,720.5409221191456,342.65521030406774
1420066.345856,720.5409221191456,342.65521030406774
1420067.694901,724.5516105469678,341.5444961952011
1420078.80774,725.2431085494561,342.2849722598137
1420081.807204,725.2431085494561,342.2849722598137
1420088.043699,725.2431085494561,342.2849722598137
1420095.033209,725.2431085494561,342.2849722598137
1420105.73387,725.2431085494561,342.2849722598137
1420109.033398,725.2431085494561,342.2849722598137
1420116.031981,725.2431085494561,342.2849722598137
1420123.033409,725.2431085494561,342.2849722598137
1420130.033768,725.2431085494561,342.2849722598137
1420137.053512,725.2431085494561,342.2849722598137
1420148.524671,725.2431085494561,342.2849722598137
1420150.991235,729.530396184952,343.2105673582164
1420157.992119,731.4665905968336,342.65521030406774
1420164.99164,731.4665905968336,342.65521030406774
1420172.00119,737.6900726440714,348.5790189093442
1420183.891263,750.5519355410815,359.871279227735
1420186.286333,756.0839195853271,370.2379446083094
1420193.498018,756.498818388571,370.2379446083094
1420200.223494,756.498818388571,370.2379446083094
1420220.288858,756.498818388571,370.2379446083094
1420220.292469,756.498818388571,370.2379446083094
1420221.74943,756.498818388571,370.2379446083094
1420228.382083,756.498818388571,370.2379446083094
1420235.118592,756.498818388571,370.2379446083094
1420242.590033,756.498818388571,370.2379446083094
1420255.708103,756.498818388571,370.2379446083094
1420256.321655,756.498818388571,370.2379446083094
1420263.47635,761.7542032251322,375.0510393052409
1420272.578915,754.9775227798183,380.604610157546
1420277.257462,754.9775227798183,380.604610157546
1420284.077801,754.9775227798183,380.604610157546
1420292.159136,754.9775227798183,380.604610157546
1420298.785189,754.9775227798183,380.604610157546
1420306.202094,754.9775227798183,380.604610157546
1420316.229948,754.9775227798183,380.604610157546
1420319.101798,754.9775227798183,380.604610157546
1420326.019529,754.9775227798183,380.604610157546
1420338.394147,754.9775227798183,380.604610157546
1420339.989836,754.9775227798183,380.604610157546
1420346.990698,754.9775227798183,380.604610157546
1420357.782126,754.9775227798183,380.604610157546
1420361.310757,754.9775227798183,380.604610157546
1420368.762103,754.9775227798183,380.604610157546
1420375.276683,754.9775227798183,380.604610157546
1420382.269176,754.9775227798183,380.604610157546
1420390.65053,754.9775227798183,380.604610157546
1420396.004367,754.9775227798183,380.604610157546
1420403.003979,754.9775227798183,380.604610157546
1420410.646831,754.9775227798183,380.604610157546
1420417.275064,754.9775227798183,380.604610157546
1420424.292431,754.9775227798183,380.604610157546
1420431.626138,754.9775227798183,380.604610157546
1420438.276027,754.9775227798183,380.604610157546
1420445.635462,748.3391419300137,380.0492530711144
1420455.600162,748.3391419300137,380.0492530711144
1420460.165888,748.3391419300137,380.0492530711144
1420465.990033,748.3391419300137,380.0492530711144
1420473.002682,748.3391419300137,380.0492530711144
1420480.266752,748.3391419300137,380.0492530711144
1420492.495615,748.3391419300137,380.0492530711144
1420493.990963,748.3391419300137,380.0492530711144
1420500.998622,747.6476439191816,392.2671091071065
1420508.05711,747.7859435229695,393.3778233032832
1420514.990484,747.7859435229695,393.3778233032832
1420521.990283,747.7859435229695,393.3778233032832
1420529.003015,747.7859435229695,393.3778233032832
1420536.003173,747.7859435229695,393.3778233032832
1420543.214598,747.7859435229695,393.3778233032832
1420550.031084,747.7859435229695,393.3778233032832
1420561.776453,747.7859435229695,393.3778233032832
1420564.073381,747.7859435229695,393.3778233032832
1420571.064985,747.7859435229695,393.3778233032832
1420583.135424,747.7859435229695,393.3778233032832
1420585.006527,747.7859435229695,393.3778233032832
1420592.38624,747.7859435229695,393.3778233032832
1420592.421799,747.7859435229695,393.3778233032832
1420598.990214,747.7859435229695,393.3778233032832
1420606.004388,747.7859435229695,393.3778233032832
1420612.982637,738.5198702503201,395.2290136407766
1420623.651037,724.2750113476222,410.0385364893432
1420637.173164,676.2850497725645,489.6397277388886
1420640.391014,665.3593812928,563.6873564561474
1420640.993365,678.7744425919841,601.6367695093464
1420647.991673,678.7744425919841,601.6367695093464
1420656.257772,678.7744425919841,601.6367695093464
1420661.990336,797.0206014865599,686.2362009285606
1420669.375776,797.0206014865599,686.2362009285606
1420676.004239,797.0206014865599,686.2362009285606
1420688.977447,806.7015735601606,695.4921569058152
1425762.007673,853.5851382984026,708.2653763798444
1425768.863027,873.7768800384155,648.2867828137512
1425781.355172,903.096395448041,620.1486791440402
1425782.885093,929.0967204232218,595.1576012687648
1425793.539197,983.4484635849716,573.6837869934251
1425796.861064,1020.0978578235464,551.0992589591244
1425852.874665,984.139961586706,260.27725254346745
1425859.853331,984.139961586706,260.27725254346745
1425866.852945,984.139961586706,260.27725254346745
1425873.901062,984.139961586706,260.27725254346745
1425880.854204,984.139961586706,260.27725254346745
1425887.858198,984.139961586706,260.27725254346745
1425894.867306,984.139961586706,260.27725254346745
1425901.861062,984.139961586706,260.27725254346745
1425908.928767,892.170726969608,177.8993054608844
1425918.399754,803.520682739771,88.67196809022343
1425922.859264,739.0730686572358,31.285097969762017
1425929.851834,651.6677207855054,-51.8332950390093
1425936.851876,597.869175952367,-104.2219425147406
1425946.785535,566.613466105474,-151.2421383308553
1425950.874382,566.0602676982512,-234.9158640208092
1429440.980317,103.58640132777931,-166.4218858499404
1429447.980762,103.58640132777931,-166.4218858499404
1429454.979771,81.3201655242743,-106.44336916788848
1429464.812848,82.14996313162418,-105.51777472214442
1429468.97896,82.14996313162418,-105.51777472214442
1429475.983601,82.14996313162418,-105.51777472214442
1429482.969086,76.89457828767449,-97.37254361686524
1429489.980938,75.64988187664703,-97.92790028609068
1429496.980323,75.64988187664703,-97.92790028609068
1429504.050343,75.64988187664703,-97.92790028609068
1429511.757387,75.64988187664703,-97.92790028609068
1429517.950118,75.64988187664703,-97.92790028609068
1429525.020449,79.93716951752687,-85.5249345399839
1429531.980307,80.7669671248772,-85.33981565471382
1429538.97878,79.93716951752687,-75.1582764249656
1429545.970106,80.2137687172255,-72.01125518134565
1429552.968697,80.2137687172255,-72.01125518134565
1429559.976755,73.85198705781863,-60.1636456315262
1429567.004033,69.97959822886051,-53.4993651664236
1429581.125111,69.70299902090632,-29.063669526126468
1429581.129926,69.84129862488342,-26.286885870249133
1429587.986428,69.84129862488342,-26.286885870249133
1429594.987049,69.84129862488342,-26.286885870249133
1429604.678765,69.84129862488342,-26.286885870249133
1429608.984351,66.38380859134277,-18.697010488917623
1429615.97997,66.38380859134277,-18.697010488917623
1429622.98881,66.38380859134277,-18.697010488917623
1429630.02019,66.38380859134277,-18.697010488917623
1429636.977854,54.766642087917,-8.515470192355236
1429644.09981,54.766642087917,-7.404756695416261
1429650.969128,49.51125724392094,15.364870408460789
1429658.051718,49.51125724392094,15.364870408460789
1429667.503157,32.08550748877105,72.38150120451483
1429671.989307,44.94737040329953,112.18207444279956
1429678.968658,81.1818659285523,129.2130181663623
1429685.968561,87.6819471836624,132.91539729337913
1429692.979078,93.62883003921296,134.581467909824
1429701.952459,100.8204092976548,139.39456083289593
1429707.220519,107.32049056096058,143.83741586328324
1429714.279746,147.9805733216078,161.97907422717697
1429721.381868,176.470291171007,170.67966566453595
1429728.200107,176.470291171007,170.67966566453595
1429734.926795,176.470291171007,170.67966566453595
1429746.108828,176.470291171007,170.67966566453595
1429748.930636,176.470291171007,170.67966566453595
1429755.925365,176.470291171007,170.67966566453595
1429762.930743,176.470291171007,170.67966566453595
1429769.931402,176.470291171007,170.67966566453595
1429782.093996,176.470291171007,170.67966566453595
1429783.948958,176.470291171007,170.67966566453595
1429790.930886,176.470291171007,170.67966566453595
1429797.936349,452.2396959547033,292.8581963540732
1429804.932841,440.622529456841,307.8528358302108
1429817.478544,440.622529456841,307.8528358302108
1429819.161417,377.00471292153503,369.8677065596688
1429825.932088,376.3132149101359,369.8677065596688
1429832.940285,376.3132149101359,369.8677065596688
1429839.951422,374.6536196958343,370.4230636388393
1429853.684769,374.6536196958343,370.4230636388393
1429854.924482,374.6536196958343,370.4230636388393
1429860.938953,261.93944472250394,497.97008553931926
1429867.955837,241.05620493679,495.5635377148744
1429874.94267,230.4071356460505,509.44746757196936
1429882.172489,214.64098110746733,542.0284241647151
1429891.444655,208.97069746037744,553.3206879102487
1429896.190945,204.8217094238475,569.6111671234477
1429903.575001,207.0345030377508,570.3516434644189
1429910.232436,207.0345030377508,570.3516434644189
1429917.275141,207.0345030377508,570.3516434644189
1429931.984496,207.0345030377508,570.3516434644189
1429931.988092,207.0345030377508,570.3516434644189
1429937.932391,207.0345030377508,570.3516434644189
1429944.932419,208.69409825244932,571.0921197950802
1429951.934147,209.1089970560869,571.2772388833594
1429959.000975,209.1089970560869,571.2772388833594
1429965.973748,179.09798359687284,586.827242194981
1429972.986844,179.09798359687284,586.827242194981
1429980.223409,179.09798359687284,586.827242194981
1429997.043586,179.09798359687284,586.827242194981
1429997.047182,179.09798359687284,586.827242194981
1430001.004588,179.09798359687284,586.827242194981
1430013.398177,179.09798359687284,586.827242194981
1430014.930377,179.09798359687284,586.827242194981
1430021.942048,179.09798359687284,586.827242194981
1430030.627778,179.09798359687284,586.827242194981
1430035.930397,179.09798359687284,586.827242194981
1430042.931257,179.09798359687284,586.827242194981
1430050.201429,179.09798359687284,586.827242194981
1513908.226183,935.1819028615754,-268.60749382913343
1513915.630449,935.1819028615754,-268.60749382913343
1513920.10993,849.0212514657667,-166.23676697601337
1513927.094476,803.9355815427916,-121.25287998136662
1513934.098901,775.0309649240553,-88.3017179366599
1513941.114592,775.0309649240553,-88.3017179366599
1513948.098905,775.0309649240553,-88.3017179366599
1513956.046251,775.0309649240553,-88.3017179366599
1513962.106534,775.0309649240553,-88.3017179366599
1513971.996987,775.0309649240553,-88.3017179366599
1513976.112937,577.8157337962757,300.8183135658258
1513983.611523,605.3373544122662,307.8528358302108
1513991.303716,605.3373544122662,309.3337879031202
1513997.102711,605.3373544122662,309.3337879031202
1514004.894905,605.3373544122662,309.3337879031202
1514011.104264,604.6458564095057,308.40819285427847
1514018.396913,607.2735488331952,308.40819285427847
1514025.386542,624.9758977716921,315.6278342146062
1514032.107535,627.6035901953666,316.36831026051584
1514041.473002,627.6035901953666,316.36831026051584
1514049.833799,694.402297518584,344.50640048014105
1514053.214725,720.9558209224435,352.2813993156478
1514060.144119,748.062542722291,380.7897291912231
1514067.144024,710.030152436093,455.94805953350857
1514074.966994,679.8808394060455,512.7796107808509
1514081.161975,697.5831883402586,584.4206940350077
1514088.155362,753.1796279636344,629.5897532640802
1514095.143621,829.1061089228895,662.9111924546805
1514102.145626,858.7022235374588,692.5302509841312
1515859.095265,856.0745311160064,691.4195362650319
1515866.096853,864.7874059777077,660.6897631206125
1515873.095813,889.2664353495192,621.2593937394088
1515880.098867,940.4372877026084,583.6802176884262
1515887.114814,1021.7574530341536,548.6927109454621
1515971.096533,996.7252252711288,258.61118159883523
1515997.902035,951.6395553777292,214.3677436443033
1515997.905833,882.0748560965699,145.87372442567414
1516009.834131,659.2741988397349,-63.310666934924335
1516009.834729,659.2741988397349,-63.310666934924335
1516012.426474,659.2741988397349,-63.310666934924335
1516020.756426,595.6563823400302,-122.17847439300708
1516025.83577,559.8367856475951,-219.550999292116
1516032.83847,560.2516844509558,-256.01941256667504
1516039.854439,560.2516844509558,-256.01941256667504
1516046.853061,560.2516844509558,-256.01941256667504
1516053.860751,560.2516844509558,-256.01941256667504
1516065.528438,560.2516844509558,-256.01941256667504
1516067.853793,560.2516844509558,-256.01941256667504
1516074.838474,560.2516844509558,-256.01941256667504
1518097.28303,564.8155712880404,-198.8176872527892
1518099.135878,594.2733863262138,-111.8118168746235
1518106.103468,634.6568698511737,-65.34697483881158
1518114.321428,634.6568698511737,-65.34697483881158
1518120.094831,634.6568698511737,-65.34697483881158
1518127.095241,634.6568698511737,-65.34697483881158
1518134.095898,634.6568698511737,-65.34697483881158
1518141.095035,634.6568698511737,-65.34697483881158
1518148.526451,634.6568698511737,-65.34697483881158
1518155.496142,634.6568698511737,-65.34697483881158
1518162.439325,634.6568698511737,-65.34697483881158
1518169.088396,634.6568698511737,-65.34697483881158
1518197.701818,1020.927655428926,391.34151394772255
1518204.088744,1020.927655428926,391.34151394772255
1518213.966802,972.3844955151984,474.4599649144187
1518218.103256,972.3844955151984,474.4599649144187
1518267.796926,1004.7466021255424,564.2427137039791
1518278.131231,966.7142118722306,582.1992649763586
1518281.278211,888.4366377436255,629.5897532640802
1518288.528127,859.5320211433118,668.279646707072
1518295.102728,853.170239495319,713.4487118955026
1519090.409541,844.4573646331908,711.4124015145962
1519099.833312,844.4573646331908,711.4124015145962
1519104.413713,931.7244128438276,589.2337903640838
1519167.408083,1000.7359136942488,263.60939444810674
1519174.391756,1000.7359136942488,263.60939444810674
1519181.414512,1000.7359136942488,263.60939444810674
1519188.392277,1000.7359136942488,263.60939444810674
1519196.192497,1000.7359136942488,263.60939444810674
1519205.278775,1000.7359136942488,263.60939444810674
1519209.390469,895.2133181935127,172.90109328564634
1519216.413277,845.7020610421914,128.28742339068444
1519226.722676,824.6805216936851,109.22017123046074
1519230.634589,824.6805216936851,109.22017123046074
1519237.759736,702.0087755715809,-14.25415656305
1519245.448364,702.0087755715809,-14.25415656305
1519253.347545,702.0087755715809,-14.25415656305
1519261.59161,560.1133848470841,-183.8230593759319
1519265.991254,560.5282836504446,-215.10814677030436
1519273.140287,561.9112796645417,-272.3098706180995
1590159.624298,1027.8426354697865,-42.76246870854999
1590166.628423,975.7036859370332,-90.52314464537622
1590173.614763,914.7135619279017,-138.09869812147832
1590180.87167,853.170239495319,-188.26591211767015
1590187.610546,762.4457012357809,-269.162850348548
1592497.969987,-41.07498156590803,497.414728348734
1592504.963135,-41.07498156590803,497.414728348734
1592511.961916,-41.07498156590803,497.414728348734
1592527.214026,-41.07498156590803,497.414728348734
1592527.220951,-41.07498156590803,497.414728348734
1592533.771494,13.276761718402833,336.91652076203496
1592539.931247,18.94704537436647,335.2504496155607
1592546.929861,18.94704537436647,335.2504496155607
1592553.930531,18.94704537436647,335.2504496155607
1592561.196929,18.94704537436647,335.2504496155607
1592567.923131,18.94704537436647,335.2504496155607
1592574.905951,18.94704537436647,335.2504496155607
1592581.917397,138.99109923649252,393.5629423410498
1592588.957324,138.99109923649252,393.5629423410498
1592595.957287,184.21506883665907,415.406988616128
1592602.927044,184.21506883665907,415.406988616128
1592610.160076,184.21506883665907,415.406988616128
1592616.957595,184.21506883665907,415.406988616128
1592631.511299,184.21506883665907,415.406988616128
1592631.548865,299.0037378483348,388.9349665285424
1592637.922781,299.0037378483348,388.9349665285424
1592644.914251,351.5575863003565,396.7099659067188
1592653.397519,351.5575863003565,396.7099659067188
1592658.930108,461.0908704319216,409.6682984165763
1592665.959157,478.93151898117617,417.258179004394
1592672.961671,486.26139783958433,439.2873451438378
1592679.961906,507.2829372198108,456.1331785771176
1592688.475559,547.2515219432403,422.8117502264924
1592696.228748,559.8367856475951,420.7754407777581
1592700.913703,561.2197816616946,421.1456788559044
1592707.924781,561.2197816616946,421.1456788559044
1592719.208472,561.2197816616946,421.1456788559044
1592721.947198,561.2197816616946,421.1456788559044
1592728.92205,589.2946006861862,391.5266329856431
1592735.914928,589.2946006861862,389.8605616952176
1592743.410887,589.2946006861862,389.8605616952176
1592750.279796,589.2946006861862,389.8605616952176
1592756.956356,589.5711998856522,390.2307997552304
1592764.484426,592.6137911129284,392.0819900814843
1592770.926214,592.6137911129284,392.0819900814843
1592777.919701,592.6137911129284,392.0819900814843
1592787.567135,591.3690947028117,390.0456807206198
1592791.929447,591.3690947028117,390.0456807206198
1592798.933684,618.1992173149687,375.6063963880708
1592806.280334,623.8695009656896,375.97663445092127
1592812.957564,623.8695009656896,375.97663445092127
1592825.039173,623.8695009656896,375.97663445092127
1592828.826393,623.8695009656896,375.97663445092127
1592835.933329,623.8695009656896,375.97663445092127
1592840.966121,630.0929830150287,367.4611592214366
1592848.461812,630.0929830150287,367.4611592214366
1592854.921286,630.6461814138925,364.1290167732218
1592861.957422,630.6461814138925,364.1290167732218
1592868.946144,632.8589750342493,368.9421114223082
1592875.957326,636.4547646599812,368.57187337569127
1592882.956164,660.9337940526782,350.4302091149385
1592892.00757,710.1684520399002,342.65521030406774
1592896.926365,786.6481314101155,379.1236579294313
1592903.955976,850.127648271011,412.4450839886719
1592912.091135,965.8844142667784,467.4254408066959
1592917.964858,1007.2359949415666,489.0843705560844
1592927.91517,1011.3849829681068,490.3802039872417
1592931.923394,1030.0554290865434,487.9736561930951
1594059.995738,962.4269242495272,-75.89875201439801
1594064.615027,923.2881371836723,-108.8499146912268
1594071.633517,839.6168786013064,-186.2296046181597
1685589.910331,920.2455459602976,-232.1390812647076
1685604.391722,870.8725884179461,-174.3819971998852
1685604.395599,870.8725884179461,-174.3819971998852
1685610.924879,856.2128307197355,-169.93914436069142
1685617.921528,794.6695082719738,-103.85170473154452
1685624.916774,781.1161473747653,-89.96778796905787
1685641.838834,781.1161473747653,-89.96778796905787
1685641.842487,781.1161473747653,-89.96778796905787
1685647.342689,781.1161473747653,-89.96778796905787
1685657.318558,781.1161473747653,-89.96778796905787
1685660.288541,781.1161473747653,-89.96778796905787
1685667.639309,781.1161473747653,-89.96778796905787
1685676.36403,781.1161473747653,-89.96778796905787
1685681.232074,781.1161473747653,-89.96778796905787
1685688.548431,781.1161473747653,-89.96778796905787
1685695.216146,781.1161473747653,-89.96778796905787
1685702.284819,781.1161473747653,-89.96778796905787
1685709.223436,781.1161473747653,-89.96778796905787
1685715.907988,261.801145118401,497.78496647141446
1685722.956832,261.801145118401,497.78496647141446
1685729.983003,216.30057632215315,520.9248498220203
1685736.910678,177.43838838227506,584.4206940350077
1685743.951748,172.3213031343513,589.2337903640838
1685750.949675,161.9488330425756,586.0867658347183
1685757.948023,161.9488330425756,586.0867658347183
1685765.94808,161.9488330425756,586.0867658347183
1685772.139437,115.89506583433122,562.7617610370995
1685778.954589,115.89506583433122,562.7617610370995
1685786.212902,115.89506583433122,562.7617610370995
1685792.952222,115.89506583433122,562.7617610370995
1685803.293028,115.89506583433122,562.7617610370995
1685806.982112,115.89506583433122,562.7617610370995
1685814.225857,115.89506583433122,562.7617610370995
1685821.208408,115.89506583433122,562.7617610370995
1685828.234614,115.89506583433122,562.7617610370995
1685839.476146,115.89506583433122,562.7617610370995
1685842.237753,115.89506583433122,562.7617610370995
1685849.270284,115.89506583433122,562.7617610370995
1685856.342964,115.89506583433122,562.7617610370995
1685863.202955,115.89506583433122,562.7617610370995
1685874.877033,115.89506583433122,562.7617610370995
1685877.235517,115.89506583433122,562.7617610370995
1685884.223811,115.89506583433122,562.7617610370995
1685891.2401,115.89506583433122,562.7617610370995
1685898.276938,115.89506583433122,562.7617610370995
1685905.248047,115.89506583433122,562.7617610370995
1685921.680323,115.89506583433122,562.7617610370995
1685921.684075,115.89506583433122,562.7617610370995
1685924.336521,115.89506583433122,562.7617610370995
1685924.337092,115.89506583433122,562.7617610370995
1692819.575167,847.3616562539846,692.3451318596992
1692826.292285,850.127648271011,687.7171538726295
1692833.534713,850.4042474784754,687.7171538726295
1692841.170505,850.4042474784754,687.7171538726295
1692856.789822,840.3083766034878,656.6171426929423
1692856.793485,820.6698332591398,639.4010657294725
1692861.511669,820.6698332591398,639.4010657294725
1692870.917112,669.2317701175543,487.23317994640456
1692875.112084,686.6575198531692,447.802821326122
1692885.205795,719.1579261058897,394.8587755765943
1692889.101923,695.5086943243326,354.13258953125865
1692896.102753,655.4018100148544,335.4355686348649
1692903.104901,543.6557323165549,300.4480755577363
1692910.104747,498.2934631396583,288.41534028096703
1692919.329155,496.6338679259365,292.8581963540732
1692924.111357,496.6338679259365,292.8581963540732
1692931.133065,496.6338679259365,292.8581963540732
1692938.150989,495.8040703190735,292.4879583500244
1692945.171125,468.6973484984416,278.2337952386046
1692960.701863,409.78171840129306,263.7945134472821
1692960.705518,305.0889202985175,224.1790497007241
1692966.180027,281.99288690030966,217.51476632332043
1692973.168627,281.99288690030966,217.51476632332043
1692980.200195,281.99288690030966,217.51476632332043
1692987.150229,117.83126024869637,155.12967253398276
1692998.924056,117.83126024869637,155.12967253398276
1693001.170096,117.83126024869637,155.12967253398276
1693008.530734,117.83126024869637,155.12967253398276
1693015.11091,117.83126024869637,155.12967253398276
1693022.18933,117.83126024869637,155.12967253398276
1693033.090895,117.83126024869637,155.12967253398276
1693036.111513,117.83126024869637,155.12967253398276
1693043.271163,117.83126024869637,155.12967253398276
1693050.151218,117.83126024869637,155.12967253398276
1693057.120941,79.79886991355033,188.0808489077689
1693067.695099,52.83044767350083,182.71239871216636
1693071.139471,-11.893765703232054,182.34216076155107
1773398.262183,560.5282836504446,-242.8759745238971
1773405.283013,562.7410772712578,-239.1735975629037
1773412.63374,562.7410772712578,-239.1735975629037
1773425.936929,562.3261784679003,-231.21348701449415
1773426.857763,563.8474740774585,-198.8176872527892
1773433.594841,571.3156525380905,-160.86831972898648
1773440.475301,587.2201066694007,-119.03145338107367
1773448.500585,617.5077193122349,-87.0058856946364
1773463.069281,670.7530657350204,-37.02378260625834
1773463.072954,688.3171150659615,-21.47379417704031
1773468.278066,721.5090193211395,10.736897349707847
1773475.274008,732.2963882031007,13.88391903174449
1773482.27245,733.8176838202345,13.143443337810936
1773489.257238,758.0201139971675,37.949379395386295
1773502.084772,801.7227879237741,84.04399449796165
1773503.454432,831.3189025416629,119.03147566301796
1773510.259184,859.6703207387843,142.5415831386939
1773517.25784,873.0853820363315,151.42729327801908
1773524.26031,911.9475699033968,181.60168488244508
1773531.280356,940.0223888998316,206.59274649812315
1773542.492449,952.3310533795684,221.7725029139913
1773545.263592,984.5548603893964,253.98320676806532
1774757.424628,851.0957454806257,720.6683578584223
1774764.417038,858.0107255270759,684.9403670983929
1774771.426452,797.8503990926223,629.5897532640802
1774779.11222,729.6686957887492,599.9706976684599
1774785.437131,676.4233493763875,575.1647396757281
1774792.438414,661.9018912629755,492.6016327255872
1774799.434339,661.9018912629755,492.6016327255872
1774806.430194,690.9448074890955,360.9819933686583
1774819.972123,638.6675582801503,321.92188060054053
1774820.418462,566.1985673021206,298.78200450686194
1774828.400156,475.335729353876,267.68201235746585
1774834.883326,453.3460927696162,262.8689184636056
1774841.43891,427.3457677447053,247.68916106669587
1774848.425359,428.4521645595304,243.80166227657165
1774864.416726,428.5904641551925,242.13559137548415
1774864.420402,383.91969297798994,228.06654837017447
1774869.497941,365.1109472140561,228.80702431308737
1774881.809536,344.0894078360026,226.0302395435997
1774883.472201,318.9188804211391,216.404052433556
1774890.549317,318.9188804211391,216.404052433556
1774897.478474,262.4926431300712,190.3022765896113
1774904.44507,245.0668933774504,186.04454020912863
1774911.440189,227.22624482098328,179.1951382573938
1774918.424793,212.8430862889628,180.12073310743708
1774926.935938,212.8430862889628,180.12073310743708
1774932.439014,142.8634880735659,157.5362190686966
1774939.440844,120.73555187451466,165.8665725152629
1774946.424287,110.77798058618532,184.56358842357255
1774953.426529,68.32000301415303,178.26954340921617
1774960.884609,43.14947558445504,169.01359495377176
1774967.440367,29.319515466836712,167.1624052879803
1774974.47376,20.606640589239166,163.64514491866993
1774981.474079,8.989474085715269,169.38383289577052
1774994.232745,-12.308664506913626,204.18619977798397
1774995.46316,-12.308664506913626,204.18619977798397
1775002.867067,-12.308664506913626,204.18619977798397
1775009.422348,-12.308664506913626,204.18619977798397
1775016.430285,-12.308664506913626,204.18619977798397
1775024.029506,-12.308664506913626,204.18619977798397
1775030.473587,-13.000162510298066,210.48024505961288
1775037.49024,-13.000162510298066,210.48024505961288
1775044.500258,-13.000162510298066,210.48024505961288
1775051.498798,-13.000162510298066,210.48024505961288
1775058.508635,-13.000162510298066,210.48024505961288
2125641.007746,848.3297534636105,711.7826397627066
2125646.611824,860.6384179483593,658.4683337952204
2125653.62791,912.5007683100694,601.4516504226345
2125660.616451,974.1823903214492,568.1302144540558
2125667.629574,990.5017432309104,562.2064037900647
2125678.041833,990.5017432309104,562.2064037900647
2125681.677402,1011.523282563482,555.9123550360873
2126566.258948,850.6808466776846,702.5266835482757
2126570.747793,895.4899173926693,615.8909398849194
2126577.633477,961.1822278411746,574.7945015076036
2126584.630618,1015.1190721919344,555.7272359528744
2126912.042678,992.4379376406456,-53.86960296748791
2126919.742886,944.3096765231344,-102.74099140167026
2126927.982079,880.2769612894142,-153.4635648196492
2126932.363673,781.6693457733386,-246.5783514622314
2131879.487784,561.6346804650539,-252.31703568320933
2131881.689778,561.6346804650539,-252.31703568320933
2131888.749794,602.9862611961238,-107.55408249066964
2131896.061892,690.2533094865241,-23.139864383946996
2131902.781668,741.1475626729889,20.918438119035056
2131910.217011,785.541734604735,62.57019749294125
2131919.03403,838.5104817879069,110.1457659777453
2131924.24337,866.4470011895152,140.87551250181974
2131934.84036,920.9370439704912,191.5981094122944
2131940.34691,955.2353449989714,226.21535852106047
2131940.34747,955.2353449989714,226.21535852106047
2131942.744578,955.2353449989714,226.21535852106047
2131950.06512,1026.8745382609643,293.59867237263654
2132006.025805,975.150487530671,482.6052034629335
2132013.046026,977.0866819405506,481.49448911122585
2132022.491941,977.0866819405506,481.49448911122585
2132026.665553,977.0866819405506,481.49448911122585
2132034.598186,978.0547791496108,483.3456796925906
2132043.707827,978.0547791496108,483.3456796925906
2132047.672115,978.0547791496108,483.3456796925906
2132054.670142,978.0547791496108,483.3456796925906
2132061.657262,977.7781799507076,481.1242509864801
2132068.658443,1027.8426354697865,486.6778227664387
2132075.655214,1027.8426354697865,486.6778227664387
2132082.670047,1027.8426354697865,486.6778227664387
2132089.988622,1027.8426354697865,486.6778227664387
2132103.657035,1008.2040921422296,566.464142700149
2132110.712567,958.8311346200056,575.9052160235062
2132120.776879,912.6390679137644,594.4171248981079
2132126.345461,847.4999558577185,675.4992921565844
2134477.068913,853.723437902133,722.5195491478868
2134483.71453,856.0745311160064,711.2272823847372
2134494.590953,856.3511303152097,705.1183512716651
2134497.668884,857.7341263278753,665.8730982490158
2134504.890067,905.5857882652576,598.674864024858
2134511.673587,952.4693529832374,567.7599762795588
2134518.649558,1014.0126753794224,542.2135432334874
2136604.657699,833.5316961520138,-196.7813797877699
2136611.667103,750.6902351448681,-272.680108292541
2142714.737121,844.8722634361427,723.4451447881918
2142721.738254,850.6808466776846,710.8570441381498
2142728.736553,855.5213327093454,688.0873921177558
2142738.570286,855.5213327093454,688.0873921177558
2142743.085817,855.5213327093454,688.0873921177558
2142750.08436,855.5213327093454,688.0873921177558
2142756.71955,858.2873247345315,688.0873921177558
2142763.736047,824.1273232869521,634.4028499238974
2142770.738636,739.90286626348,596.4534349159197
2142777.73731,673.2424585543381,549.6183063334687
2142784.739522,675.4552521661363,484.8266321743425
2142791.743462,718.7430273027366,404.11472731054806
2142798.729403,704.7747675984008,368.9421114223082
2142805.744962,675.8701509693509,340.9891391422517
2142812.72911,657.4763040310584,325.43914184475034
2142819.735718,657.4763040310584,325.43914184475034
2142826.727466,657.4763040310584,325.43914184475034
2142834.042939,657.4763040310584,325.43914184475034
2142841.03338,657.4763040310584,325.43914184475034
2142849.500387,657.4763040310584,325.43914184475034
2142854.994546,579.8902278129701,313.5915251084995
2142861.741952,580.0285274085797,313.2212870929473
2142868.73627,580.0285274085797,313.2212870929473
2142875.736091,580.0285274085797,313.2212870929473
2142882.774654,579.1987298019037,308.9635498778024
2142890.317137,579.1987298019037,308.9635498778024
2142897.078955,512.1234232570816,288.41534028096703
2142903.999098,501.4743539715892,287.67486427751965
2142911.029853,501.4743539715892,287.67486427751965
2142918.373006,501.4743539715892,287.67486427751965
2142925.086388,501.4743539715892,287.67486427751965
2142932.010955,501.4743539715892,287.67486427751965
2142939.019079,501.4743539715892,287.67486427751965
2142946.1024,501.4743539715892,287.67486427751965
2142953.099073,486.1230982439399,272.8653442697527
2142960.024851,467.4526520879167,273.235582272767
2142967.371826,458.1865788075042,282.3064132311999
2142973.740991,458.1865788075042,282.3064132311999
2142980.73909,458.1865788075042,282.3064132311999
2142987.72664,458.1865788075042,282.3064132311999
2142994.730942,458.1865788075042,282.3064132311999
2143001.733925,458.1865788075042,282.3064132311999
2143008.721404,458.1865788075042,282.3064132311999
2143015.727688,458.1865788075042,282.3064132311999
2143022.745678,410.8881152079037,376.34687250253614
2143029.745214,410.8881152079037,376.34687250253614
2143036.744432,410.7498156039819,378.753419875856
2143043.720495,410.7498156039819,378.753419875856
2143050.815324,410.7498156039819,378.753419875856
2143057.728577,409.78171840129306,380.604610157546
2143064.735141,409.78171840129306,381.5302053126824
2143071.911517,409.78171840129306,381.5302053126824
2143078.727616,409.78171840129306,381.5302053126824
2143085.726668,409.78171840129306,381.5302053126824
2143093.431645,457.3567812005665,398.190918186553
2143099.737176,469.527146105358,408.00222708102274
2143106.736248,474.9208305504234,443.17484513058
2143113.720126,474.5059317469708,459.0950834081193
2143120.72778,474.5059317469708,459.0950834081193
2143128.031622,474.5059317469708,459.0950834081193
2143134.726372,474.5059317469708,459.0950834081193
2143143.109623,474.5059317469708,459.0950834081193
2143148.736098,474.5059317469708,459.0950834081193
2143155.719959,474.5059317469708,459.0950834081193
2143162.742926,474.5059317469708,459.0950834081193
2143169.736271,474.5059317469708,459.0950834081193
2143176.724427,474.5059317469708,459.0950834081193
2143183.77164,474.5059317469708,459.0950834081193
2143190.726074,474.5059317469708,459.0950834081193
2143198.188441,474.5059317469708,459.0950834081193
2143204.728684,474.5059317469708,459.0950834081193
2143211.721485,474.5059317469708,459.0950834081193
2143218.719739,474.5059317469708,459.0950834081193
2143225.743502,474.5059317469708,459.0950834081193
2143232.723005,474.5059317469708,459.0950834081193
2143239.721573,474.5059317469708,459.0950834081193
2143246.745694,474.5059317469708,459.0950834081193
2143253.728416,474.5059317469708,459.0950834081193
2143260.719747,474.5059317469708,459.0950834081193
2143267.721766,474.5059317469708,459.0950834081193
2143275.05277,474.5059317469708,459.0950834081193
2143282.036557,474.5059317469708,459.0950834081193
2143289.095378,474.5059317469708,459.0950834081193
2143296.030076,474.5059317469708,459.0950834081193
2143303.198903,474.5059317469708,459.0950834081193
2143310.114299,474.5059317469708,459.0950834081193
2143317.035259,474.5059317469708,459.0950834081193
2143324.351141,474.5059317469708,459.0950834081193
2143331.028526,474.5059317469708,459.0950834081193
2143339.035597,514.612816077566,192.33858530132397
2143346.044219,514.612816077566,192.33858530132397
2143352.027617,514.612816077566,192.33858530132397
2143359.127991,514.612816077566,192.33858530132397
2143366.048646,514.612816077566,192.33858530132397
2143373.031244,514.612816077566,192.33858530132397
2143380.034181,514.612816077566,192.33858530132397
2143386.931081,514.612816077566,192.33858530132397
2143393.739283,514.612816077566,192.33858530132397
2143401.621837,514.612816077566,192.33858530132397
2143407.724928,514.612816077566,192.33858530132397
2143414.727829,514.612816077566,192.33858530132397
2143422.234856,514.612816077566,192.33858530132397
2143428.807364,514.612816077566,192.33858530132397
2143437.700375,514.612816077566,192.33858530132397
2143442.734212,514.612816077566,192.33858530132397
2143450.968666,514.612816077566,192.33858530132397
2299293.370507,820.2549344561469,704.9332321438496
2299293.374881,798.4035974994133,689.7534641881679
2299296.505307,776.9671593440111,674.2034583590413
2299303.503823,728.9771977778697,644.2141624755843
2299310.504062,687.2107182601858,625.7022521388583
2299318.689743,664.3912840825134,667.5391702626453
2299324.503183,651.1145223784235,712.5231162697569
2299331.523427,648.2102307555274,722.1493108824235
2299401.516636,505.7616416016161,693.0856083441066
2299408.512414,493.3146774983262,658.4683337952204
2299417.004495,494.28277470909046,611.6332006422988
2299422.545538,493.3146774983262,590.1593858118782
2299429.85808,492.76147909924936,548.8778300166664
2299437.850205,492.76147909924936,548.8778300166664
2299444.722473,477.4102233712794,469.276631357839
2299450.850653,477.4102233712794,469.276631357839
2299458.278226,477.4102233712794,469.276631357839
2299470.466814,477.4102233712794,469.276631357839
2299471.586439,477.4102233712794,469.276631357839
2299478.726641,268.30122638076125,624.4064184320284
2299486.281091,253.08827024220372,680.6826274053253
2299527.948118,221.41766156985983,711.2272823847372
2299536.895807,221.41766156985983,711.2272823847372
2299544.374544,157.52324580618435,684.9403670983929
2299548.954775,140.92729365923145,680.3123891754665
2299555.733288,142.0336904662437,681.2379847550253
2299562.882441,140.51239485542246,680.6826274053253
2299569.883587,136.50170641437043,679.5719127060752
2299576.643248,134.42721239605507,678.4611980092592
2299583.884492,130.83142276690572,674.9439348114375
2299590.883751,125.29943871499192,672.5373863284482
2299600.441748,117.41636144502868,671.2415525259117
2299606.525763,117.41636144502868,671.2415525259117
2299611.55545,100.54381009795874,677.3504833138178
2299618.515517,72.0540922473909,703.8225174035068
2299625.517052,70.39449703253722,703.8225174035068
2299632.58661,68.4583026098757,703.2671600335876
2299640.066966,58.22413212146988,712.1528780098336
2299646.953815,52.000650066142974,714.5594266536546
2386611.232135,856.0745311160064,704.3778747732431
2386618.249303,857.872425931603,656.8022618063735
2386625.226502,879.0322648807447,626.6278476391417
2386632.22567,882.9046537023396,621.2593937394088
2386639.242782,906.0006870680998,597.3790303733238
2386646.234821,946.2458709415516,573.4986679049072
2386657.022615,1007.5125941405772,546.4712820108265
2386716.242932,989.2570468227254,254.5385637458425
2386725.946559,945.5543729314384,213.07191077631364
2386731.56932,910.149675096626,189.00644376993844
2386738.022583,907.798581874904,184.93382637497643
2386744.251234,907.798581874904,184.93382637497643
2386751.226789,907.798581874904,184.93382637497643
2386758.229769,907.798581874904,184.93382637497643
2386767.635652,864.0959079755976,145.68860546209018
2386772.517832,822.7443272742407,102.92612695029464
2386779.620907,771.9883737070486,57.75710516155768
2386786.506825,700.9023787658573,-13.513680902727229
2386794.124724,655.1252108070425,-60.53388342988568
2386801.022032,583.9009162426066,-134.3963205407733
2386807.25314,550.7090119742694,-173.08616513227074
2386814.226191,500.6445563647357,-170.6796198407269
2386821.229112,485.708199440498,-116.81002677149333
2386828.280124,464.2717612557297,-67.01304493042093
2386836.798396,411.164714407492,-59.97852672683988
2386842.240031,381.4303001566448,-59.60828892907857
2386849.278442,371.4727288714431,-57.20174320742304
2386856.244037,325.972160082228,-54.61007858177288
2386863.291167,325.972160082228,-54.61007858177288
2386870.239231,325.972160082228,-54.61007858177288
2386877.240457,325.972160082228,-54.61007858177288
2386885.264296,325.972160082228,-54.61007858177288
2386891.267999,325.972160082228,-54.61007858177288
2386898.271014,325.972160082228,-54.61007858177288
2386905.310162,325.972160082228,-54.61007858177288
2386912.268485,325.972160082228,-54.61007858177288
2386919.278448,233.03482807192165,-217.69981074098655
2386926.29021,229.57733803879464,-225.84504031590149
2386933.642676,232.758228864001,-242.5057368320749
2386940.269978,244.513694969871,-261.5729778584131
2387178.280264,75.0966834688469,-81.82255666405955
2387191.904632,66.10720939164274,-59.97852672683988
2387192.280359,66.66040779944466,-60.1636456315262
2387199.30165,66.66040779944466,-60.1636456315262
2387207.705908,47.16016402582277,9.070827059536745
2387213.27221,42.87287638475331,25.176173392125907
2387220.283691,32.36210668847333,72.7517390912437
2387231.939343,31.532309080964577,101.074937477355
2387234.320282,31.532309080964577,101.074937477355
2387241.282875,114.51206981935222,150.5016984692241
2387248.243194,154.7572537761543,165.31121561516406
2387255.245657,174.53409675657582,174.19692607201657
2387265.243685,174.53409675657582,174.19692607201657
2387269.648638,174.53409675657582,174.19692607201657
2387276.245502,174.53409675657582,174.19692607201657
2387283.312363,207.5877014455004,185.4891832917954
2387290.23357,256.82235947489244,205.1117946628876
2387297.248952,256.82235947489244,205.1117946628876
2387304.23501,310.3443051413304,228.25166735737767
2387311.231758,310.8975035488601,227.3260724279082
2387318.508043,310.8975035488601,227.3260724279082
2387325.61068,311.58900155208084,225.28976360354545
2387333.222841,364.6960484105097,241.765353389892
2387339.471436,391.3878714418085,251.94689785872063
2387346.606551,450.3035015412387,270.64391630019577
2387354.186492,446.2928131102257,288.2302212860864
2387360.859432,419.32439088225294,315.4427152120982
2387367.538552,412.68601002586274,327.6605700066213
2387374.534265,412.68601002586274,327.6605700066213
2387381.66154,412.68601002586274,327.6605700066213
2387388.503673,358.887465160532,374.8659202855619
2387395.648729,350.174590285602,385.602823967214
2387402.679807,350.174590285602,385.602823967214
2387409.815643,350.174590285602,385.602823967214
2387416.538764,350.174590285602,385.602823967214
2387423.251163,350.174590285602,385.602823967214
2387430.23407,264.4288375441721,498.340323662465
2387437.243392,225.84324880598567,499.08079992028496
2387444.234492,217.4069731290922,512.7796107808509
2387451.24936,217.4069731290922,512.7796107808509
2387458.367338,182.1405748182735,573.4986679049072
2387465.800941,177.5766879779886,581.4587886320767
2387472.250111,163.74672786116452,579.42247866182
2387480.996342,163.74672786116452,579.42247866182
2387486.234201,163.74672786116452,579.42247866182
2387493.268911,163.74672786116452,579.42247866182
2387500.236839,163.74672786116452,579.42247866182
2387507.292311,110.91628019015988,551.0992589591244
2387514.232321,109.53328417502976,545.3605675468017
2387521.233912,109.53328417502976,545.3605675468017
2387528.253503,109.53328417502976,545.3605675468017
2387535.24834,109.53328417502976,545.3605675468017
2387542.230264,159.874339024151,430.0313928873423
2387551.014033,159.874339024151,430.0313928873423
2387556.844209,159.874339024151,430.0313928873423
2387563.230242,159.874339024151,430.0313928873423
2387573.036465,55.59643969527425,474.8302030346604
2387577.272275,55.59643969527425,474.8302030346604
2387586.611849,55.59643969527425,474.8302030346604
2387591.249223,55.59643969527425,474.8302030346604
2387599.668743,55.59643969527425,474.8302030346604
2387606.067873,55.59643969527425,474.8302030346604
2387612.234114,55.59643969527425,474.8302030346604
2387619.788542,55.59643969527425,474.8302030346604
2387626.572335,55.59643969527425,474.8302030346604
2387633.949849,55.59643969527425,474.8302030346604
2387640.664152,55.59643969527425,474.8302030346604
2387647.680288,55.59643969527425,474.8302030346604
2387654.504352,49.09635844024167,470.0171075716012
2387661.530799,49.09635844024167,470.0171075716012
2387668.457149,49.09635844024167,470.0171075716012
2387675.497666,49.09635844024167,470.0171075716012
2387682.646892,49.09635844024167,470.0171075716012
2387689.257203,49.09635844024167,470.0171075716012
2387696.237604,49.09635844024167,470.0171075716012
2387703.243671,49.09635844024167,470.0171075716012
2387710.272105,49.09635844024167,470.0171075716012
2387717.233738,49.09635844024167,470.0171075716012
2387724.24233,49.09635844024167,470.0171075716012
2387731.314579,49.09635844024167,470.0171075716012
2387738.270297,49.09635844024167,470.0171075716012
2387745.46364,49.09635844024167,470.0171075716012
2387752.488361,49.09635844024167,470.0171075716012
2387759.596254,23.92583101883631,522.7760405181983
2387766.54704,23.92583101883631,522.7760405181983
2387774.973005,23.92583101883631,522.7760405181983
2388410.296098,24.617329022220023,126.06599592440354
2388417.242091,91.13943721717465,137.17313332885576
2388424.242224,114.51206981935222,150.5016984692241
2388431.24364,130.27822435926836,157.90645699395984
2388438.378988,130.27822435926836,157.90645699395984
2388445.302431,130.27822435926836,157.90645699395984
2388452.29243,130.27822435926836,157.90645699395984
2388459.322516,130.27822435926836,157.90645699395984
2388466.283826,130.27822435926836,157.90645699395984
2388473.30663,130.27822435926836,157.90645699395984
2388480.525853,436.7501406298055,255.8343966985155
2388487.302456,469.9420449088158,267.12665536945195
2388494.284009,513.2298200634364,283.97248423850084
2388501.282402,558.4537896336377,297.6712904751807
2388509.312752,614.326828489589,322.2921186220497
2388515.545626,616.1247232983616,321.55164258051826
2388522.554662,632.9972746380912,323.4028326958481
2388529.718293,659.5507980473955,333.7694974925332
2388537.916199,690.8065078852794,337.1016397825636
2388543.77626,708.0939580239165,340.43378208875885
2388552.568042,748.3391419300137,379.1236579294313
2388557.560207,705.0513667977647,452.8010356638473
2388564.7381,670.3381669317986,509.2623485114042
2388571.922802,687.7639166672012,579.42247866182
2388578.549997,756.222219189258,620.1486791440402
2388585.502101,756.222219189258,620.1486791440402
2388593.295087,756.222219189258,620.1486791440402
2388599.574566,756.222219189258,620.1486791440402
2388606.228353,851.7872434827735,660.1344057887493
2388613.226521,858.2873247345315,707.154661632902
2394686.988425,34.021701903195755,122.7338547411685
2394693.988366,86.0223519688188,136.24753853055967
2394700.978281,99.29911368694395,141.6159883437835
2394708.017377,126.54413512613615,153.2784829086299
2394715.019021,126.54413512613615,153.2784829086299
2394722.059316,126.54413512613615,153.2784829086299
2394729.059337,126.54413512613615,153.2784829086299
2394736.039124,126.54413512613615,153.2784829086299
2394745.484307,126.54413512613615,153.2784829086299
2394750.01545,471.4633405187387,251.20642188905225
2394757.21436,469.8037453049117,250.83618390980533
2394764.270836,469.388846501454,251.7617788638913
2394770.985129,470.2186441083691,251.3915408845347
2394779.322531,496.6338679259365,221.21714596423985
2394785.017957,547.2515219432403,173.27133123087938
2394791.977108,547.2515219432403,173.27133123087938
2394798.969655,547.2515219432403,173.27133123087938
2394805.985796,547.2515219432403,173.27133123087938
2394820.740185,547.2515219432403,173.27133123087938
2394820.74379,547.2515219432403,173.27133123087938
2394826.979701,547.2515219432403,173.27133123087938
2394833.999512,547.2515219432403,173.27133123087938
2394840.980203,547.2515219432403,173.27133123087938
2394847.984736,547.2515219432403,173.27133123087938
2398952.065933,928.8201212241077,-266.9414242667461
2398959.066024,901.713399435795,-231.5837247123712
2398966.05604,863.8193087681493,-182.34210845997472
2398975.961911,823.1592260772296,-133.84096390225722
2398980.320541,780.9778477709947,-87.37612347614294
2398987.296463,780.9778477709947,-87.37612347614294
2398994.283429,780.9778477709947,-87.37612347614294
2399001.326782,780.9778477709947,-87.37612347614294
2399008.052311,780.9778477709947,-87.37612347614294
2399015.069647,780.9778477709947,-87.37612347614294
2399022.050842,780.9778477709947,-87.37612347614294
2399029.052763,780.9778477709947,-87.37612347614294
2399036.069446,780.9778477709947,-87.37612347614294
2399044.040514,780.9778477709947,-87.37612347614294
2399050.045118,780.9778477709947,-87.37612347614294
2399057.061821,568.8262597178481,291.37724433018684
2399064.047343,611.9757352652556,307.8528358302108
2399075.551789,644.1995423266723,315.9980722430025
2399078.38978,644.1995423266723,315.9980722430025
2399085.642124,644.1995423266723,315.9980722430025
2399092.045146,644.1995423266723,315.9980722430025
2399099.046361,644.1995423266723,315.9980722430025
2399108.145822,644.1995423266723,315.9980722430025
2399113.046332,695.5086943243326,325.994498884266
2399117.098203,697.1682895370747,325.8093798680115
2399120.062488,697.1682895370747,325.8093798680115
2399127.062213,696.2001923268915,327.8456890135158
2399134.232291,696.476791534518,329.14152211599617
2399141.047069,696.476791534518,329.14152211599617
2399148.143763,698.4129859467726,328.5861650737844
2399155.38468,699.5193827525059,326.92009394777693
2399162.346904,699.6576823563177,327.6605700066213
2399169.374472,699.6576823563177,327.6605700066213
2399176.803741,708.2322576194698,333.39925945321227
2399183.174166,709.0620552258054,333.2141404457701
2399190.046714,709.0620552258054,333.2141404457701
2399197.047945,709.0620552258054,333.2141404457701
2399205.593664,709.0620552258054,333.2141404457701
2399211.046054,709.0620552258054,333.2141404457701
2399218.068401,709.0620552258054,333.2141404457701
2399225.045556,721.3707197255928,325.2540228289055
2399232.048966,721.3707197255928,325.2540228289055
2399242.772346,721.3707197255928,325.2540228289055
2399247.856816,721.3707197255928,325.2540228289055
2399253.34394,721.3707197255928,325.2540228289055
2399260.404076,714.7323388748321,326.1796178906416
2399267.279678,714.7323388748321,326.36473690834424
2399275.178918,714.7323388748321,326.36473690834424
2399281.29515,714.7323388748321,326.36473690834424
2399288.273755,714.7323388748321,326.36473690834424
2399295.292021,714.7323388748321,326.36473690834424
2399302.06268,714.7323388748321,326.36473690834424
2399317.983415,714.7323388748321,326.36473690834424
2399317.987073,713.3493428615477,332.4736643812031
2399323.41655,713.7642416647084,332.843902408326
2399330.331916,713.7642416647084,332.843902408326
2399337.351797,713.7642416647084,332.843902408326
2399344.373973,713.7642416647084,332.843902408326
2399353.715552,713.7642416647084,332.843902408326
2399358.345761,713.7642416647084,332.843902408326
2399365.555718,713.7642416647084,332.843902408326
2399372.35852,713.7642416647084,332.843902408326
2399379.476183,713.7642416647084,332.843902408326
2399386.080161,722.7537157305836,328.7712840910178
2399395.827762,724.5516105469678,329.14152211599617
2399400.046333,727.8708009722515,328.2159270482077
2399407.057222,728.7005985785291,326.1796178906416
2399414.329575,728.7005985785291,326.1796178906416
2399423.799285,728.7005985785291,326.1796178906416
2399429.001795,728.7005985785291,326.1796178906416
2399435.054156,728.7005985785291,326.1796178906416
2399442.047065,731.4665905968336,330.252236202328
2399449.047007,731.4665905968336,330.252236202328
2399463.27458,731.3282910012917,328.5861650737844
2399463.595792,731.3282910012917,328.5861650737844
2399470.045832,731.3282910012917,328.5861650737844
2399477.047815,728.838898182474,337.1016397825636
2399484.791242,728.838898182474,337.1016397825636
2399496.97459,728.838898182474,337.1016397825636
2399498.412165,728.838898182474,337.1016397825636
2399505.414539,728.838898182474,337.1016397825636
2399513.650996,728.838898182474,337.1016397825636
2399519.409513,728.838898182474,337.1016397825636
2399528.170857,733.5410846126443,336.17604469211983
2399533.317307,733.5410846126443,336.36116371328256
2399540.338816,733.5410846126443,336.36116371328256
2399547.323976,730.9133921981571,346.91294773237075
2399554.134387,729.945294988089,348.5790189093442
2399565.515157,729.945294988089,348.5790189093442
2399569.583603,730.2218941874282,345.8022336167425
2399575.385271,730.2218941874282,345.8022336167425
2399582.37342,730.2218941874282,345.8022336167425
2399589.54366,730.2218941874282,345.8022336167425
2399596.417258,730.2218941874282,345.8022336167425
2399603.442458,732.8495866101763,347.4683047902544
2399610.047136,732.7112870062333,347.83854282740447
2399617.061237,732.7112870062333,347.83854282740447
2399624.379018,740.0411658672721,332.10342635485864
2399631.051593,740.0411658672721,333.02902142633195
2399639.154506,738.9347690534435,337.6569968318892
2399645.069305,738.9347690534435,337.6569968318892
2399652.04745,738.9347690534435,337.6569968318892
2399659.052997,745.0199515049769,327.8456890135158
2399666.053332,745.0199515049769,327.8456890135158
2399674.021651,745.0199515049769,327.8456890135158
2399684.257312,745.0199515049769,327.8456890135158
2399689.909861,745.0199515049769,327.8456890135158
2399699.327827,742.945457489253,325.2540228289055
2399706.217435,742.945457489253,325.2540228289055
2399708.594804,742.945457489253,325.2540228289055
2399715.405901,742.945457489253,325.2540228289055
2399722.394582,742.945457489253,325.2540228289055
2399729.38586,742.945457489253,325.2540228289055
2399736.340315,742.945457489253,325.2540228289055
2399743.548358,742.945457489253,325.2540228289055
2399750.38032,742.945457489253,325.2540228289055
2399757.423707,740.3177650666009,331.73318831692694
2399764.376679,740.3177650666009,331.73318831692694
2399774.191468,740.3177650666009,331.73318831692694
2399778.438722,740.3177650666009,331.73318831692694
2399785.392116,740.3177650666009,331.73318831692694
2399792.515543,740.3177650666009,331.73318831692694
2399801.814864,740.3177650666009,331.73318831692694
2399806.069116,740.3177650666009,331.73318831692694
2399813.047079,740.3177650666009,331.73318831692694
2399820.045984,740.3177650666009,331.73318831692694
2399827.045948,740.3177650666009,331.73318831692694
2399834.0627,740.3177650666009,331.73318831692694
2399841.594559,740.3177650666009,331.73318831692694
2399848.397236,740.3177650666009,331.73318831692694
2399855.453736,740.3177650666009,331.73318831692694
2399862.426023,740.3177650666009,331.73318831692694
2399869.327956,749.0306399324427,322.477237637955
2399876.29828,749.0306399324427,322.477237637955
2399883.383738,747.3710447198594,331.73318831692694
2399890.366957,747.3710447198594,331.73318831692694
2399897.524055,747.3710447198594,331.73318831692694
2399904.398943,747.3710447198594,331.73318831692694
2399911.814311,747.3710447198594,331.73318831692694
2399918.372106,747.3710447198594,331.73318831692694
2399925.321766,747.5093443236483,331.9183073348243
2399932.061245,747.5093443236483,331.9183073348243
2399942.406254,747.5093443236483,331.9183073348243
2399946.045354,748.2008423260786,332.4736643812031
2399953.045871,747.5093443236483,333.9546165003819
2399960.045431,747.5093443236483,333.9546165003819
2399967.361177,747.5093443236483,333.9546165003819
2399974.434503,747.5093443236483,333.9546165003819
2399981.405258,747.5093443236483,333.9546165003819
2399988.34893,747.5093443236483,333.9546165003819
2399995.548234,747.5093443236483,333.9546165003819
2400002.331215,747.5093443236483,333.9546165003819
2400009.398053,747.5093443236483,333.9546165003819
2400016.476688,747.5093443236483,333.9546165003819
2400023.389996,751.2434335517588,354.31770855702047
2400030.398088,751.2434335517588,354.31770855702047
2400037.430782,751.2434335517588,354.31770855702047
2400044.39616,751.2434335517588,354.31770855702047
2400051.37493,751.2434335517588,354.31770855702047
2400058.318487,735.3389794289578,374.6808012535312
2400065.045584,735.3389794289578,374.6808012535312
2400072.063362,735.3389794289578,374.6808012535312
2400079.069183,735.3389794289578,374.6808012535312
2400086.336111,741.0092630691977,365.9802070242085
2400095.3853,741.977360279227,364.499254817195
2400100.262456,741.977360279227,364.499254817195
2400108.835024,742.945457489253,359.1308031321497
2400114.962934,743.3603562923694,358.0200889955043
2400129.571525,743.3603562923694,358.0200889955043
2400129.57512,743.3603562923694,358.0200889955043
2400137.79785,743.3603562923694,358.0200889955043
2400142.297788,743.3603562923694,358.0200889955043
2400149.356566,743.3603562923694,358.0200889955043
2400156.402789,748.2008423260786,353.0218754032279
2400163.312102,759.8180088133192,360.0563982438135
2400170.060188,760.0946080126281,369.6825875302513
2400177.044874,761.7542032251322,375.79151542019343
2400184.099907,760.7861060234283,380.0492530711144
2400191.108507,760.7861060234283,380.0492530711144
2400198.140962,760.7861060234283,380.0492530711144
2400205.257086,760.7861060234283,380.0492530711144
2400212.100012,760.7861060234283,380.0492530711144
2400219.105567,760.7861060234283,380.0492530711144
2400226.100074,760.7861060234283,380.0492530711144
2400233.09841,760.7861060234283,380.0492530711144
2400240.109979,760.7861060234283,380.0492530711144
2400247.376867,760.7861060234283,380.0492530711144
2400254.058542,760.7861060234283,380.0492530711144
2400261.060221,760.7861060234283,380.0492530711144
2400268.058996,760.7861060234283,380.0492530711144
2400275.058578,760.7861060234283,380.0492530711144
2400282.525195,760.7861060234283,380.0492530711144
2400289.120093,760.7861060234283,380.0492530711144
2400297.020099,760.7861060234283,380.0492530711144
2400303.090884,763.9669968444908,390.0456807206198
2400310.089806,763.9669968444908,390.0456807206198
2400319.361695,767.7010860722249,381.5302053126824
2400324.697971,767.5627864684471,381.7153243351414
2400331.36761,763.8286972405639,382.8260385123364
2400338.323119,760.5095068158657,384.30699076175335
2400345.672568,760.5095068158657,384.30699076175335
2400352.426968,760.5095068158657,384.30699076175335
2400359.364454,760.5095068158657,384.30699076175335
2400366.668321,760.5095068158657,384.30699076175335
2400374.179079,760.5095068158657,384.30699076175335
2400377.942382,760.5095068158657,384.30699076175335
2400381.333888,760.5095068158657,384.30699076175335
2400387.368909,760.5095068158657,384.30699076175335
2400394.35134,731.0516917936991,390.7861568517488
2400401.29616,716.1153348798563,384.6772288181952
2400408.419099,684.8596250446557,356.72425583455873
2400421.715111,644.3378419222553,323.773070729311
2400423.535242,619.8588125281274,313.5915251084995
2400429.062992,568.1347617150144,297.85640947346565
2400436.046293,568.1347617150144,297.85640947346565
2400443.062307,568.1347617150144,297.85640947346565
2400453.100737,568.1347617150144,297.85640947346565
2400457.513229,568.1347617150144,297.85640947346565
2400465.056227,439.1012338468132,255.2790397200013
2400471.368892,371.4727288714431,232.13916605289344
2400479.027451,371.4727288714431,232.13916605289344
2400487.732999,371.4727288714431,232.13916605289344
2400492.351939,371.4727288714431,232.13916605289344
2400499.385808,371.4727288714431,232.13916605289344
2400506.700838,114.37377022363248,187.15525404640692
2400513.910512,103.44810172380424,182.5272797357885
2400520.48716,88.65004439498617,175.30763988749118
2400529.518989,88.65004439498617,175.30763988749118
2400534.36848,88.65004439498617,175.30763988749118
2400541.39044,88.65004439498617,175.30763988749118
2400548.493215,88.65004439498617,175.30763988749118
2400555.71871,88.65004439498617,175.30763988749118
2400562.046403,88.65004439498617,175.30763988749118
2400569.046543,-0.4148988036817227,211.7760779113345
2400576.364183,-2.4893928220903243,212.14631587938052
2400583.287006,-33.88340229906999,210.29512607556651
2459784.711392,852.3404418894437,704.5629939006451
2459791.682488,850.9574458768941,688.4576303505871
2459798.680555,827.0316149079896,648.1016637135409
2459805.688695,767.8393856761502,609.4117714881478
2459812.680947,673.1041589505138,550.7290208056925
2459820.679462,677.1148473789909,491.3057992904118
2459826.698959,683.614928635048,476.4962745478576
2459833.688679,686.9341190608048,473.1641315275463
2459841.218799,716.3919340874634,405.4105605682423
2459848.336446,687.7639166672012,363.7587787275549
2459854.698447,676.0084505731737,350.800447152673
2459861.698533,676.4233493763875,350.800447152673
2459868.721177,669.5083693252059,344.6915195031855
2459875.697865,669.5083693252059,344.6915195031855
2459882.700291,669.5083693252059,344.6915195031855
2459889.687146,533.6981610348248,291.5623633359808
2459896.695487,544.6238295271954,300.2629565485946
2459903.990343,544.6238295271954,300.2629565485946
2459910.98466,544.6238295271954,300.2629565485946
2459917.978826,544.6238295271954,300.2629565485946
2459925.100019,544.6238295271954,300.2629565485946
2459932.335838,544.6238295271954,300.2629565485946
2459938.965194,544.6238295271954,300.2629565485946
2459945.997169,544.6238295271954,300.2629565485946
2459952.973169,544.6238295271954,300.2629565485946
2459959.954358,544.6238295271954,300.2629565485946
2459967.010124,544.6238295271954,300.2629565485946
2459973.997638,544.6238295271954,300.2629565485946
2459981.080598,544.6238295271954,300.2629565485946
2459988.046358,544.6238295271954,300.2629565485946
2459994.987574,544.6238295271954,300.2629565485946
2460001.986107,544.6238295271954,300.2629565485946
2460008.695512,541.3046390999897,309.7040259168478
2460015.698242,541.3046390999897,309.7040259168478
2460022.694932,541.3046390999897,309.7040259168478
2460029.686666,541.3046390999897,309.7040259168478
2460036.684002,541.3046390999897,309.7040259168478
2460043.703395,541.3046390999897,309.7040259168478
2460050.978628,541.3046390999897,309.7040259168478
2460058.079827,541.3046390999897,309.7040259168478
2460065.099749,541.3046390999897,309.7040259168478
2460071.949232,541.3046390999897,309.7040259168478
2460079.002494,541.3046390999897,309.7040259168478
2460085.696141,541.3046390999897,309.7040259168478
2460092.682449,541.3046390999897,309.7040259168478
2460099.688418,541.7195379035211,307.11235980567966
2460106.681641,586.5286086666035,318.7748574052911
2460114.004862,619.8588125281274,331.5480693100038
2460120.914157,639.2207566874006,339.6933060156898
2460128.026621,672.136061740252,344.8766385255405
2460134.931455,675.0403533629211,353.0218754032279
2460141.960928,675.7318513737823,353.0218754032279
2460149.003957,702.0087755715809,334.324854539813
2460155.96606,724.5516105469678,308.0379548404538
2460163.013326,762.5840008313071,282.3064132311999
2460169.952052,827.8614125139517,236.39690274194623
2460180.58006,827.8614125139517,236.39690274194623
2460184.036772,827.8614125139517,236.39690274194623
2460190.816781,888.5749373474827,198.8177494457992
2460198.042392,888.5749373474827,198.8177494457992
2460205.036387,888.5749373474827,198.8177494457992
2460212.055565,888.8515365466465,198.8177494457992
2460219.057574,888.8515365466465,198.8177494457992
2460225.70033,888.8515365466465,198.8177494457992
2460232.682182,888.8515365466465,198.8177494457992
2460239.680261,888.8515365466465,198.8177494457992
2460246.696792,882.6280545031681,167.9028811494153
2460253.696157,823.2975256809775,109.22017123046074
2460260.680246,767.9776852715256,59.05293770244438
2460267.698367,723.5835133368771,10.736897349707847
2460274.680804,638.2526594768855,-71.45589848869942
2460281.68589,585.8371106555503,-122.36359327931018
2460289.222532,562.602777667387,-172.34568965634094
2460295.700276,558.868688437,-237.87776561770343
2460302.698143,561.6346804650539,-267.1265430984828
2461478.701786,844.0424658302388,-225.10456490126325
2461485.697121,835.882789374487,-217.1444541763613
2461492.698796,769.3606812846816,-259.72178943985745
2531829.29174,980.682471569611,-79.60112992510254
2531836.249287,912.6390679137644,-137.35822260484883
2531843.259866,831.8721009401248,-202.33494559545403
2531850.138495,777.5203577425928,-248.6146587781503
2540893.818689,71.2242946400379,-51.8332950390093
2540900.780792,71.2242946400379,-51.8332950390093
2540908.020586,71.2242946400379,-51.8332950390093
2540914.731115,49.64955684789883,23.88034092236914
2540921.732079,27.38332104400875,94.78089327933483
2540928.781097,33.46850350379134,131.61956460276488
2540935.770975,93.76712963493426,156.2403863170608
2540942.733317,118.79935746015278,168.27311909048936
2540949.732099,118.79935746015278,168.27311909048936
2540959.213765,118.79935746015278,168.27311909048936
2540964.043135,118.79935746015278,168.27311909048936
2540971.094248,445.3247158993547,281.0105802352185
2540977.733866,449.75030313385247,275.0867722489997
2540984.73413,449.75030313385247,275.0867722489997
2540991.735825,469.2505468975498,273.7909392678844
2540998.738622,529.9640718041273,296.0052194313613
2541005.719047,529.9640718041273,296.0052194313613
2541012.724994,684.9979246402204,335.9909256836988
2541019.725175,742.5305586861357,363.7587787275549
2541026.719865,746.6795467174269,377.8278247245648
2541033.726763,747.3710447198594,380.0492530711144
2541040.733395,723.7218129406773,421.515916945432
2541047.7189,715.1472376779909,432.6230595116412
2541054.718443,699.7959819601292,462.7974644564869
2541081.179838,688.4554146697785,585.1611703935489
2541081.180536,688.4554146697785,585.1611703935489
2541083.757753,837.4040849826088,667.1689320297655
2541090.754472,840.3083766034878,662.3558351203822
2541097.75455,840.3083766034878,662.3558351203822
2541104.73851,840.3083766034878,662.3558351203822
2541111.737539,840.3083766034878,662.3558351203822
2541118.739182,840.3083766034878,662.3558351203822
2541125.754153,840.3083766034878,662.3558351203822
2541132.740653,857.3192275247991,677.535602434625
2541427.072247,848.7446522665552,699.5647775834991
2541434.145824,851.9255430865052,661.6153586723218
2541441.061408,850.8191462814167,658.0980955779377
2541448.022501,883.5961517126482,627.1832049418667
2541455.076229,1019.9595582199224,554.6165214720102
2541637.098576,1009.4487885501504,-39.98568511358248
2541644.13373,916.511456734782,-118.6612156169945
2541651.029839,824.1273232869521,-195.85578548593364
2541657.766299,769.2223816809047,-244.3569252996592
2542707.814059,35.12809871851344,79.41602094984103
2542714.775002,30.97911068155992,100.5195806347648
2542721.803875,30.97911068155992,100.5195806347648
2542729.096035,94.18202843860703,143.83741586328324
2542735.987744,111.74607779749816,165.8665725152629
2542742.759651,100.68210970193408,191.5981094122944
2542749.737704,62.09652095869722,178.63978134595948
2542756.738799,45.36226920697918,176.04811576872507
2542763.956975,45.36226920697918,176.04811576872507
2542770.711439,45.36226920697918,176.04811576872507
2542771.158637,45.36226920697918,176.04811576872507
2542777.754604,45.36226920697918,176.04811576872507
2542784.752183,45.36226920697918,176.04811576872507
2542792.031779,45.36226920697918,176.04811576872507
2542798.863297,45.36226920697918,176.04811576872507
2542805.753716,45.36226920697918,176.04811576872507
2542812.755097,45.36226920697918,176.04811576872507
2542819.987976,45.36226920697918,176.04811576872507
2542826.985297,45.36226920697918,176.04811576872507
2542833.983643,45.36226920697918,176.04811576872507
2542840.958089,45.36226920697918,176.04811576872507
2542847.958663,45.36226920697918,176.04811576872507
2542854.966511,45.36226920697918,176.04811576872507
2542861.964091,45.36226920697918,176.04811576872507
2542868.96017,45.36226920697918,176.04811576872507
2542875.972062,45.36226920697918,176.04811576872507
2542883.751631,45.36226920697918,176.04811576872507
2542889.753574,45.36226920697918,176.04811576872507
2542896.75264,45.36226920697918,176.04811576872507
2542903.75355,45.36226920697918,176.04811576872507
2542910.96999,45.36226920697918,176.04811576872507
2542917.968006,45.36226920697918,176.04811576872507
2542924.970124,45.36226920697918,176.04811576872507
2542931.959923,45.36226920697918,176.04811576872507
2542938.965222,45.36226920697918,176.04811576872507
2542945.753129,45.36226920697918,176.04811576872507
2542952.737824,45.36226920697918,176.04811576872507
2542959.754589,45.36226920697918,176.04811576872507
2542966.962773,45.36226920697918,176.04811576872507
2542973.960081,45.36226920697918,176.04811576872507
2542980.962175,45.36226920697918,176.04811576872507
2542987.978128,45.36226920697918,176.04811576872507
2542994.961611,45.36226920697918,176.04811576872507
2543001.969156,45.36226920697918,176.04811576872507
2543008.969966,45.36226920697918,176.04811576872507
2543015.961752,45.36226920697918,176.04811576872507
2543022.745759,64.86251298061065,190.4873955671051
2543029.735829,65.55401098398819,190.8576335104813
2543036.737659,65.55401098398819,190.8576335104813
2543044.029182,65.55401098398819,190.8576335104813
2543051.020858,61.26672335134151,179.3802572316784
2543058.017952,60.713524943686096,179.0100192831273
2543065.038596,60.713524943686096,179.0100192831273
2543071.738779,60.713524943686096,179.0100192831273
2543078.754701,60.713524943686096,179.0100192831273
2543085.7572,59.33052892852699,172.71597432401228
2543092.743257,59.05392972882638,172.90109328564634
2543100.110525,59.05392972882638,172.90109328564634
2543107.11596,59.05392972882638,172.90109328564634
2543114.113162,59.05392972882638,172.90109328564634
2543121.083524,60.851824547663554,177.8993054608844
2543128.212939,60.29862614000809,178.08442443433466
2543135.039464,60.29862614000809,178.08442443433466
2543142.085272,60.29862614000809,178.08442443433466
2543149.039849,60.29862614000809,178.08442443433466
2543155.752978,60.29862614000809,178.08442443433466
2543162.739148,60.29862614000809,178.08442443433466
2543169.755092,60.29862614000809,178.08442443433466
2543176.738954,60.29862614000809,178.08442443433466
2543183.737434,60.29862614000809,178.08442443433466
2543190.755137,60.29862614000809,178.08442443433466
2543197.960063,60.29862614000809,178.08442443433466
2543204.957996,60.29862614000809,178.08442443433466
2543211.974541,60.29862614000809,178.08442443433466
2543218.76233,60.29862614000809,178.08442443433466
2543225.759015,60.29862614000809,178.08442443433466
2543232.758837,60.29862614000809,178.08442443433466
2543239.976255,60.29862614000809,178.08442443433466
2543246.965213,60.29862614000809,178.08442443433466
2543253.966654,60.29862614000809,178.08442443433466
2543261.025895,60.29862614000809,178.08442443433466
2543269.040905,60.29862614000809,178.08442443433466
2543274.965007,60.29862614000809,178.08442443433466
2543281.98499,60.29862614000809,178.08442443433466
2543289.08947,60.29862614000809,178.08442443433466
2543295.977629,60.29862614000809,178.08442443433466
2543302.969026,60.29862614000809,178.08442443433466
2543309.758582,60.29862614000809,178.08442443433466
2543316.735616,60.29862614000809,178.08442443433466
2543323.744195,60.29862614000809,178.08442443433466
2543330.958238,60.29862614000809,178.08442443433466
2543337.971708,60.29862614000809,178.08442443433466
2543344.967862,60.29862614000809,178.08442443433466
2543351.973036,60.29862614000809,178.08442443433466
2543358.958493,60.29862614000809,178.08442443433466
2543365.763233,60.29862614000809,178.08442443433466
2543374.078675,60.29862614000809,178.08442443433466
2543379.737761,60.29862614000809,178.08442443433466
2543386.755024,60.29862614000809,178.08442443433466
2543393.75189,60.29862614000809,178.08442443433466
2543400.973019,60.29862614000809,178.08442443433466
2543407.970242,60.29862614000809,178.08442443433466
2543415.018698,60.29862614000809,178.08442443433466
2543421.962746,60.29862614000809,178.08442443433466
2543428.736967,60.29862614000809,178.08442443433466
2543435.738768,60.29862614000809,178.08442443433466
2543442.736763,60.29862614000809,178.08442443433466
2543449.736681,60.29862614000809,178.08442443433466
2543456.738239,60.29862614000809,178.08442443433466
2543463.737585,60.29862614000809,178.08442443433466
2543470.73673,60.29862614000809,178.08442443433466
2543477.73762,60.29862614000809,178.08442443433466
2543484.75848,60.29862614000809,178.08442443433466
2543491.738039,60.29862614000809,178.08442443433466
2543498.753564,60.29862614000809,178.08442443433466
2543506.09018,60.29862614000809,178.08442443433466
2543513.493943,60.29862614000809,178.08442443433466
2543519.737128,60.29862614000809,178.08442443433466
2543526.739586,60.29862614000809,178.08442443433466
2543533.751858,60.29862614000809,178.08442443433466
2543540.743468,60.29862614000809,178.08442443433466
2543547.739611,60.29862614000809,178.08442443433466
2543554.75447,60.29862614000809,178.08442443433466
2543561.971559,60.29862614000809,178.08442443433466
2543569.035985,60.29862614000809,178.08442443433466
2543575.753103,60.29862614000809,178.08442443433466
2543582.736059,60.29862614000809,178.08442443433466
2543589.751781,60.29862614000809,178.08442443433466
2543596.753773,60.29862614000809,178.08442443433466
2543603.755421,60.29862614000809,178.08442443433466
2543610.752952,60.29862614000809,178.08442443433466
2543617.958007,60.29862614000809,178.08442443433466
2543624.959357,60.29862614000809,178.08442443433466
2543631.957992,60.29862614000809,178.08442443433466
2543638.963801,60.29862614000809,178.08442443433466
2543646.028631,60.29862614000809,178.08442443433466
2543652.961165,60.29862614000809,178.08442443433466
2543659.73568,60.29862614000809,178.08442443433466
2543666.751772,60.29862614000809,178.08442443433466
2543673.739164,60.29862614000809,178.08442443433466
2543680.761042,60.29862614000809,178.08442443433466
2543687.755259,60.29862614000809,178.08442443433466
2543694.754538,60.29862614000809,178.08442443433466
2543701.985357,60.29862614000809,178.08442443433466
2543708.959319,60.29862614000809,178.08442443433466
2543715.981587,60.29862614000809,178.08442443433466
2543722.977258,60.29862614000809,178.08442443433466
2543732.38636,60.29862614000809,178.08442443433466
2543736.961237,60.29862614000809,178.08442443433466
2543743.982215,60.29862614000809,178.08442443433466
2543750.966473,60.29862614000809,178.08442443433466
2543757.965218,60.29862614000809,178.08442443433466
2543764.962017,60.29862614000809,178.08442443433466
2543771.962511,60.29862614000809,178.08442443433466
2543778.754005,60.29862614000809,178.08442443433466
2543785.737806,60.29862614000809,178.08442443433466
2543792.966128,60.29862614000809,178.08442443433466
2543799.735536,60.29862614000809,178.08442443433466
2543806.736783,60.29862614000809,178.08442443433466
2543813.753004,60.29862614000809,178.08442443433466
2543820.73711,60.29862614000809,178.08442443433466
2543827.751909,60.29862614000809,178.08442443433466
2543834.755517,60.29862614000809,178.08442443433466
2543841.753022,60.29862614000809,178.08442443433466
2543848.968807,60.29862614000809,178.08442443433466
2543855.973768,60.29862614000809,178.08442443433466
2543862.969026,60.29862614000809,178.08442443433466
2543869.959394,60.29862614000809,178.08442443433466
2543876.961988,60.29862614000809,178.08442443433466
2543883.981309,60.29862614000809,178.08442443433466
2543890.957963,60.29862614000809,178.08442443433466
2543897.976686,60.29862614000809,178.08442443433466
2543904.970754,60.29862614000809,178.08442443433466
2543911.75429,60.29862614000809,178.08442443433466
2543918.760376,60.29862614000809,178.08442443433466
2543925.754432,60.29862614000809,178.08442443433466
2543932.752307,60.29862614000809,178.08442443433466
2543939.970017,60.29862614000809,178.08442443433466
2543946.964673,60.29862614000809,178.08442443433466
2543954.387914,60.29862614000809,178.08442443433466
2543961.094609,60.29862614000809,178.08442443433466
2543967.738067,60.29862614000809,178.08442443433466
2543974.745244,60.29862614000809,178.08442443433466
2543981.755128,60.29862614000809,178.08442443433466
2543988.746162,60.29862614000809,178.08442443433466
2543995.741962,60.29862614000809,178.08442443433466
2544002.738889,60.29862614000809,178.08442443433466
2544009.737586,60.29862614000809,178.08442443433466
2544016.752972,60.29862614000809,178.08442443433466
2544023.865407,60.29862614000809,178.08442443433466
2544030.753776,60.29862614000809,178.08442443433466
2544037.738189,60.29862614000809,178.08442443433466
2544044.758287,60.29862614000809,178.08442443433466
2544051.754804,60.29862614000809,178.08442443433466
2544058.738328,60.29862614000809,178.08442443433466
2544065.738458,60.29862614000809,178.08442443433466
2544072.738334,60.29862614000809,178.08442443433466
2544079.757212,60.29862614000809,178.08442443433466
2544086.75426,60.29862614000809,178.08442443433466
2544093.737009,60.29862614000809,178.08442443433466
2544100.741942,60.29862614000809,178.08442443433466
2544107.754358,60.29862614000809,178.08442443433466
2544114.742387,60.29862614000809,178.08442443433466
2544121.735468,60.29862614000809,178.08442443433466
2544128.738577,60.29862614000809,178.08442443433466
2544135.736664,60.29862614000809,178.08442443433466
2544142.73724,60.29862614000809,178.08442443433466
2544150.040949,60.29862614000809,178.08442443433466
2544157.028879,60.29862614000809,178.08442443433466
2544164.11534,60.29862614000809,178.08442443433466
2544171.14547,60.29862614000809,178.08442443433466
2544178.039384,60.29862614000809,178.08442443433466
2544185.143593,60.29862614000809,178.08442443433466
2544192.040922,60.29862614000809,178.08442443433466
2544199.034188,60.29862614000809,178.08442443433466
2544206.025021,60.29862614000809,178.08442443433466
2544213.038539,60.29862614000809,178.08442443433466
2544220.054962,60.29862614000809,178.08442443433466
2544227.122564,60.29862614000809,178.08442443433466
2544234.040935,60.29862614000809,178.08442443433466
2544240.753673,60.29862614000809,178.08442443433466
2544247.736511,60.29862614000809,178.08442443433466
2544254.759143,60.29862614000809,178.08442443433466
2544261.96874,60.29862614000809,178.08442443433466
2544268.99212,60.29862614000809,178.08442443433466
2544275.974819,60.29862614000809,178.08442443433466
2544283.33044,60.29862614000809,178.08442443433466
2544289.967689,60.29862614000809,178.08442443433466
2544296.979767,60.29862614000809,178.08442443433466
2544303.978339,60.29862614000809,178.08442443433466
2544311.000664,60.29862614000809,178.08442443433466
2544317.967229,60.29862614000809,178.08442443433466
2544325.010843,60.29862614000809,178.08442443433466
2544331.96324,60.29862614000809,178.08442443433466
2544338.995816,60.29862614000809,178.08442443433466
2544346.461595,60.29862614000809,178.08442443433466
2544352.99543,60.29862614000809,178.08442443433466
2544360.001206,60.29862614000809,178.08442443433466
2544366.99549,60.29862614000809,178.08442443433466
2544374.002386,60.29862614000809,178.08442443433466
2544381.538436,119.49085546351344,164.01538284724964
2544388.098787,96.9480204687404,181.23144693381516
2544395.126556,96.9480204687404,181.23144693381516
2544402.038126,96.9480204687404,181.23144693381516
2544408.761639,23.649231810731827,175.12252091431378
2544416.541027,23.51093221500776,174.38204504369102
2544422.751533,44.80907079932147,79.23090200546599
2544427.303514,59.88372733632998,0.0
2544429.791548,59.88372733632998,0.0
2544436.791517,85.60745316514452,-95.52135471015936
2544443.780204,103.03320292013332,-144.94809656997072
2544450.950168,120.87385147848846,-208.99922450034092
2544457.779617,120.87385147848846,-208.99922450034092
2544464.750762,120.87385147848846,-208.99922450034092
2544472.052122,120.87385147848846,-208.99922450034092
2544478.750329,120.87385147848846,-208.99922450034092
